topic,common,conceptually dense,interdisciplinary,negative,neutral,positive,socially controversial,subject to geographical variability,subject to time variability,technically complicated,unambiguous,domain,explanation,system_instruction,framing_effect,information_overload,oversimplification,explanation_length,subjectivity_score_nn,gunning_fog,sentiment_score_nn,patched_explanation,baseline_metric,patched_metric,metric_delta,baseline_length,patched_length,delta_length,baseline_fog,patched_fog,delta_fog
Patient Safety in Hospitals,0.8,0.8,0.8,0.8,0.2,0.8,0.8,0.8,0.8,0.8,0.6,good health and well-being,"Patient safety in hospitals refers to the measures taken to prevent harm or injury to patients while they are receiving medical care. The goal of patient safety is to ensure that patients receive high-quality, safe care that minimizes the risk of adverse events, such as medical errors, infections, and other complications.

Patient safety in hospitals involves a multifaceted approach that includes:

1. **Error prevention**: Identifying and addressing potential errors, such as medication mistakes, surgical errors, and communication breakdowns.
2. **Risk assessment**: Identifying potential risks and hazards in the hospital environment, such as falls, medication errors, and infections.
3. **Quality improvement**: Implementing processes to improve the quality of care, such as regular audits, peer review, and continuous quality improvement (CQI) programs.
4. **Patient engagement**: Encouraging patients to participate in their care, ask questions, and report concerns or errors.
5. **Staff education and training**: Providing healthcare professionals with the knowledge, skills, and competencies needed to provide safe care.
6. **Leadership commitment**: Demonstrating a commitment to patient safety from hospital leadership, including setting clear expectations and priorities.
7. **Reporting and learning**: Encouraging staff to report errors or near misses, and using these reports to identify areas for improvement.
8. **Standardization**: Implementing standardized procedures and protocols to ensure consistency in care.
9. **Infection control**: Implementing measures to prevent the spread of infections, such as hand hygiene, proper use of personal protective equipment (PPE), and sterilization of equipment.
10. **Patient safety culture**: Fostering a culture of safety, where staff feel empowered to speak up and report concerns without fear of reprisal.

Some of the key patient safety initiatives in hospitals include:

1. **The Joint Commission's (TJC) National Patient Safety Goals (NPSGs)**: A set of evidence-based goals that hospitals can use to improve patient safety.
2. **The World Health Organization's (WHO) Safe Surgery Saves Lives**: A global initiative to improve surgical safety.
3. **The Institute for Healthcare Improvement's (IHI) Triple Aim**: A framework for improving the health of populations, improving the care experience, and reducing costs.
4. **The Centers for Medicare and Medicaid Services' (CMS) Hospital-Acquired Condition (HAC) Reduction Program**: A program aimed at reducing hospital-acquired conditions, such as infections and falls.

Some of the common patient safety issues in hospitals include:

1. **Medication errors**: Mistakes in prescribing, administering, or monitoring medications.
2. **Surgical errors**: Mistakes during surgical procedures, such as wrong-site surgery or retained surgical instruments.
3. **Infections**: Hospital-acquired infections, such as central line-associated bloodstream infections (CLABSIs) or surgical site infections (SSIs).
4. **Falls**: Injuries resulting from falls, which can be caused by a variety of factors, including medication, mobility issues, or environmental hazards.
5. **Readmissions**: Patients who are readmitted to the hospital within a short period after discharge, often due to complications or inadequate discharge planning.

To address these issues, hospitals can implement various strategies, such as:

1. **Implementing electronic health records (EHRs)**: To improve medication management and reduce errors.
2. **Using barcode scanning**: To ensure accurate medication administration.
3. **Implementing surgical safety checklists**: To reduce surgical errors.
4. **Providing patient education**: To empower patients to take an active role in their care.
5. **Conducting regular safety audits**: To identify areas for improvement and implement corrective actions.

Overall, patient safety in hospitals is a critical concern that requires a multifaceted approach, involving healthcare professionals, patients, and hospital leadership.",,4.0,4.0,4.0,4046,0.0,14.43,0.0,"Patient safety in hospitals refers to the measures and practices implemented to minimize the risk of harm to patients during their stay in a healthcare facility. This concept encompasses a wide range of factors, including medical errors, adverse events, and near misses.

**Definition:** Patient safety is defined as the reduction of preventable harm to patients, including physical harm, emotional harm, and financial harm.

**Causes of Patient Safety Issues:**

1. **Medical errors:** Mistakes made by healthcare professionals, such as misdiagnosis, medication errors, or surgical errors.
2. **Adverse events:** Unintended harm to patients, such as falls, pressure ulcers, or hospital-acquired infections.
3. **Near misses:** Situations where harm could have occurred, but was prevented by chance or intervention.
4. **System failures:** Deficiencies in hospital policies, procedures, or infrastructure that contribute to patient safety issues.

**Factors Contributing to Patient Safety Issues:**

1. **Human factors:** Cognitive biases, fatigue, and distractions that can lead to medical errors.
2. **Communication breakdowns:** Poor communication between healthcare professionals, patients, and families.
3. **Lack of standardization:** Inconsistent practices and protocols that can lead to errors.
4. **Resource constraints:** Insufficient staffing, equipment, or training that can compromise patient care.

**Strategies to Improve Patient Safety:**

1. **Error reporting and analysis:** Encouraging healthcare professionals to report errors and near misses to identify areas for improvement.
2. **Root cause analysis:** Investigating the underlying causes of adverse events to prevent recurrence.
3. **Standardization and protocols:** Establishing clear policies and procedures to guide patient care.
4. **Staff training and education:** Providing ongoing education and training to healthcare professionals to enhance their skills and knowledge.
5. **Patient engagement:** Involving patients and families in their care to promote transparency and accountability.
6. **Technology and innovation:** Leveraging technology, such as electronic health records and medical devices, to improve patient safety.

**Measures of Patient Safety:**

1. **Adverse event rates:** Tracking the number of adverse events, such as falls or hospital-acquired infections.
2. **Medical error rates:** Monitoring the number of medical errors, such as medication errors or surgical errors.
3. **Patient satisfaction:** Assessing patient satisfaction with their care to identify areas for improvement.
4. **Staff satisfaction:** Evaluating staff satisfaction with their work environment and patient care to identify areas for improvement.

**Regulatory and Accreditation Requirements:**

1. **Joint Commission accreditation:** Hospitals must meet standards for patient safety, such as reducing medical errors and adverse events.
2. **Centers for Medicare and Medicaid Services (CMS) regulations:** Hospitals must comply with regulations, such as reducing hospital-acquired infections.
3. **State and local regulations:** Hospitals must comply with state and local regulations, such as reporting adverse events.

Overall, patient safety in hospitals is a complex issue that requires a multifaceted approach to prevent harm to patients. By understanding the causes of patient safety issues, implementing strategies to improve patient safety, and measuring patient safety outcomes, hospitals can reduce the risk of harm to patients and improve their overall quality of care.",0.0,0.0,0.0,4046,3551,-495,18.784060721062616,17.33975772424119,-1.4443029968214276
Understanding the Importance of Respect and Appreciation for Diversity in Promoting Gender Equality,0.8,0.8,0.8,0.4,0.8,0.8,0.8,0.8,0.8,0.4,0.6,gender equality,"Understanding the importance of respect and appreciation for diversity in promoting gender equality is crucial for creating a more inclusive and equitable society. Here's a breakdown of the concept:

**Respect and Appreciation for Diversity**

Respect and appreciation for diversity refer to the recognition and valuing of differences among individuals, including their cultural backgrounds, ethnicities, languages, abilities, ages, and gender identities. This concept acknowledges that people have unique experiences, perspectives, and contributions to make.

**Importance in Promoting Gender Equality**

In the context of promoting gender equality, respect and appreciation for diversity are essential for several reasons:

1. **Recognizing Intersectionality**: Intersectionality refers to the way in which different forms of oppression (e.g., racism, sexism, homophobia) intersect and compound, leading to unique experiences of marginalization. By respecting and appreciating diversity, we can better understand and address the intersectional experiences of women and other marginalized groups.
2. **Breaking Down Stereotypes**: Respect and appreciation for diversity help to break down stereotypes and biases that perpetuate gender inequality. By acknowledging and valuing the diversity of women's experiences, we can move beyond simplistic and limiting notions of what it means to be a woman.
3. **Empowering Marginalized Voices**: Respect and appreciation for diversity create space for marginalized voices to be heard and valued. This includes women from diverse backgrounds, including racial and ethnic minorities, LGBTQ+ individuals, and women with disabilities.
4. **Promoting Inclusive Policies and Practices**: By respecting and appreciating diversity, we can develop policies and practices that are inclusive and responsive to the needs of diverse women. This includes creating safe and accessible spaces for women to participate in decision-making processes.
5. **Fostering a Culture of Inclusion**: Respect and appreciation for diversity help to create a culture of inclusion, where everyone feels valued and respected. This culture is essential for promoting gender equality and addressing the systemic and structural barriers that perpetuate inequality.

**Key Principles**

To promote respect and appreciation for diversity in the context of gender equality, the following principles should be upheld:

1. **Listen and Learn**: Listen to the experiences and perspectives of diverse women and learn from them.
2. **Value Diversity**: Value the diversity of women's experiences and perspectives, and recognize the importance of intersectionality.
3. **Challenge Stereotypes**: Challenge stereotypes and biases that perpetuate gender inequality.
4. **Create Inclusive Spaces**: Create safe and accessible spaces for women to participate in decision-making processes.
5. **Empower Marginalized Voices**: Empower marginalized voices and create opportunities for them to be heard and valued.

By understanding the importance of respect and appreciation for diversity in promoting gender equality, we can work towards creating a more inclusive and equitable society, where everyone has the opportunity to thrive.",,4.0,4.0,4.0,3223,0.8653398752212524,14.08,0.0,"The concept of promoting gender equality involves recognizing and valuing the diversity of individuals and groups within a society. Respect and appreciation for diversity are essential components in achieving this goal.

Diversity refers to the presence of different characteristics, such as gender, race, ethnicity, age, ability, and sexual orientation, within a population. In the context of gender equality, diversity encompasses the experiences, perspectives, and needs of individuals who identify as women, men, non-binary, and other gender identities.

Respect for diversity involves acknowledging and valuing the differences between individuals and groups, and recognizing that these differences are a source of strength and richness in a society. This includes recognizing and addressing the historical and systemic inequalities that have led to disparities in opportunities and outcomes for different groups.

Appreciation for diversity involves recognizing the unique contributions and perspectives that individuals and groups bring to a society. This includes valuing the experiences and insights of individuals from diverse backgrounds, and creating opportunities for them to participate in decision-making processes and contribute to the development of policies and programs.

Promoting gender equality through respect and appreciation for diversity involves several key mechanisms:

1. **Inclusive policies and practices**: Developing policies and practices that are inclusive of diverse needs and perspectives, and that promote equal opportunities and outcomes for all individuals.
2. **Cultural competence**: Developing cultural competence among individuals and organizations, which involves understanding and valuing the cultural norms, values, and practices of diverse groups.
3. **Representation and participation**: Ensuring that individuals from diverse backgrounds are represented in decision-making positions and have opportunities to participate in the development of policies and programs.
4. **Education and awareness-raising**: Providing education and awareness-raising programs that promote understanding and appreciation of diversity, and that address the historical and systemic inequalities that have led to disparities in opportunities and outcomes.

By promoting respect and appreciation for diversity, individuals and organizations can create a more inclusive and equitable society, where all individuals have equal opportunities and outcomes, regardless of their gender or other characteristics.",0.8653398752212524,0.0,-0.8653398752212524,3223,2530,-693,21.2969696969697,24.28906048906049,2.9920907920907887
The Role of Omega-3 Fatty Acids in Brain Function,0.8,0.8,0.8,0.4,0.8,0.8,0.4,0.8,0.8,0.8,0.6,good health and well-being,"The role of omega-3 fatty acids in brain function is a fascinating topic that has garnered significant attention in recent years. Omega-3 fatty acids, particularly EPA (eicosapentaenoic acid) and DHA (docosahexaenoic acid), are essential nutrients that play a crucial role in maintaining brain health and function.

**What are omega-3 fatty acids?**

Omega-3 fatty acids are a type of polyunsaturated fatty acid (PUFA) that are essential for various bodily functions, including brain function. They are called ""essential"" because the human body cannot produce them on its own and must obtain them through diet or supplements.

**The brain's omega-3 requirements**

The brain is a fatty organ that requires a significant amount of omega-3 fatty acids to function properly. DHA, in particular, is a key component of brain tissue and is involved in various brain functions, including:

1. **Neurotransmitter synthesis**: DHA is a precursor to neurotransmitters, such as serotonin and dopamine, which are essential for mood regulation, motivation, and other cognitive functions.
2. **Neuroplasticity**: DHA is involved in the formation and maintenance of neural connections, which is essential for learning and memory.
3. **Inflammation regulation**: Omega-3 fatty acids, particularly EPA, have anti-inflammatory properties that help regulate inflammation in the brain, which is associated with various neurodegenerative diseases.

**The benefits of omega-3 fatty acids for brain function**

Research has shown that omega-3 fatty acids, particularly DHA, have numerous benefits for brain function, including:

1. **Improved cognitive function**: Omega-3 fatty acids have been shown to improve cognitive function in individuals with attention deficit hyperactivity disorder (ADHD), Alzheimer's disease, and other neurodegenerative conditions.
2. **Enhanced mood**: Omega-3 fatty acids have been linked to improved mood and reduced symptoms of depression.
3. **Reduced risk of dementia**: Studies have shown that higher levels of omega-3 fatty acids in the blood are associated with a lower risk of dementia and Alzheimer's disease.
4. **Improved sleep**: Omega-3 fatty acids have been shown to improve sleep quality and duration.
5. **Neuroprotection**: Omega-3 fatty acids have neuroprotective effects, which means they can help protect the brain from damage caused by oxidative stress and inflammation.

**Food sources and supplements**

While it is possible to obtain omega-3 fatty acids through diet, the amounts found in food sources are often insufficient to meet the brain's requirements. Some of the richest sources of omega-3 fatty acids include:

1. **Fatty fish**: Fatty fish, such as salmon, sardines, and mackerel, are rich in EPA and DHA.
2. **Shellfish**: Shellfish, such as oysters and mussels, are also rich in omega-3 fatty acids.
3. **Flaxseeds**: Flaxseeds are a plant-based source of ALA (alpha-linolenic acid), which can be converted to EPA and DHA in the body.
4. **Supplements**: Omega-3 fatty acid supplements, particularly those containing EPA and DHA, are available in various forms, including capsules, softgels, and liquid extracts.

**Conclusion**

In conclusion, omega-3 fatty acids, particularly EPA and DHA, play a crucial role in maintaining brain function and overall health. While food sources are available, supplements may be necessary to meet the brain's requirements. If you're interested in learning more about omega-3 fatty acids and brain function, I recommend consulting with a healthcare professional or registered dietitian for personalized advice.",,4.0,4.0,4.0,3589,0.5755867958068848,13.71,0.0,"Omega-3 fatty acids, specifically docosahexaenoic acid (DHA) and eicosapentaenoic acid (EPA), are polyunsaturated fatty acids that play a crucial role in brain function and development.

**Definition and Sources**

Omega-3 fatty acids are essential fatty acids, meaning they cannot be synthesized by the human body and must be obtained through diet or supplements. They are primarily found in fatty fish, such as salmon and sardines, as well as in algae oil and flaxseed oil.

**Brain Function and Development**

Research has shown that omega-3 fatty acids are involved in various aspects of brain function, including:

1. **Neurotransmitter regulation**: Omega-3 fatty acids, particularly DHA, are involved in the synthesis and regulation of neurotransmitters, such as serotonin and dopamine, which play a crucial role in mood regulation, motivation, and cognitive function.
2. **Neuroinflammation**: Omega-3 fatty acids have anti-inflammatory properties, which help to reduce neuroinflammation and protect against neurodegenerative diseases, such as Alzheimer's and Parkinson's.
3. **Synaptic plasticity**: Omega-3 fatty acids are involved in the formation and maintenance of synaptic connections between neurons, which is essential for learning and memory.
4. **Brain structure and development**: DHA is a key component of brain tissue and is involved in the development and maintenance of brain structure, including the formation of neurons and the myelination of axons.

**Mechanisms of Action**

The mechanisms by which omega-3 fatty acids influence brain function are not fully understood, but several theories have been proposed:

1. **Cell membrane fluidity**: Omega-3 fatty acids, particularly DHA, are incorporated into cell membranes, where they influence membrane fluidity and function.
2. **Gene expression**: Omega-3 fatty acids may influence gene expression, including the regulation of genes involved in neurotransmitter synthesis and neuroinflammation.
3. **Neuroprotection**: Omega-3 fatty acids may have neuroprotective effects, including the reduction of oxidative stress and inflammation.

**Clinical Implications**

The role of omega-3 fatty acids in brain function has significant clinical implications, including:

1. **Treatment of neurodegenerative diseases**: Omega-3 fatty acids may be used as a therapeutic agent for the treatment of neurodegenerative diseases, such as Alzheimer's and Parkinson's.
2. **Mental health**: Omega-3 fatty acids may have a role in the treatment of mental health disorders, such as depression and anxiety.
3. **Cognitive function**: Omega-3 fatty acids may be used to improve cognitive function in individuals with cognitive impairment or dementia.

In conclusion, omega-3 fatty acids, particularly DHA and EPA, play a crucial role in brain function and development. Their mechanisms of action are complex and multifaceted, and further research is needed to fully understand their role in brain function.",0.5755867958068848,0.0,-0.5755867958068848,3589,2962,-627,16.242342967244703,18.378743961352658,2.136400994107955
Legal Protections for Lesbians,0.6,0.8,0.6,0.6,0.2,0.2,0.8,0.8,0.8,0.6,0.6,gender equality,"Legal protections for lesbians refer to the laws and policies that safeguard their rights and prevent discrimination based on their sexual orientation. These protections vary by country and jurisdiction, but here are some key aspects:

1.  **Anti-Discrimination Laws**: Many countries have enacted laws that prohibit discrimination based on sexual orientation in employment, housing, education, and other areas. These laws ensure that lesbians have equal access to opportunities and services.
2.  **Marriage Equality**: With the legalization of same-sex marriage in many countries, lesbians have the same rights as heterosexual couples regarding marriage, adoption, and inheritance.
3.  **Protection from Hate Crimes**: Laws in some countries provide enhanced penalties for hate crimes motivated by sexual orientation, including violence and harassment against lesbians.
4.  **Access to Healthcare**: Lesbians have the same right to healthcare as anyone else, including access to reproductive health services, HIV/AIDS treatment, and mental health support.
5.  **Protection from Domestic Violence**: Laws in some countries provide specific protections for same-sex couples, including lesbians, from domestic violence and abuse.
6.  **Employment Protections**: Lesbians have the same rights as anyone else in the workplace, including protection from discrimination, harassment, and unequal pay.
7.  **Education and Training**: Some countries have implemented policies to promote diversity and inclusion in education, which helps to create a more welcoming environment for lesbian students and staff.
8.  **Access to Social Services**: Lesbians have the same right to access social services, including social security, housing, and other forms of support, as anyone else.

These legal protections are essential for ensuring that lesbians have equal rights and opportunities, and they help to promote a more inclusive and accepting society.",,4.0,4.0,4.0,1937,0.0,15.35,0.0,"Legal protections for lesbians refer to laws and regulations that safeguard the rights and interests of lesbian individuals. These protections can vary depending on the jurisdiction and may include:

1. **Anti-discrimination laws**: Many countries and states have enacted laws that prohibit discrimination based on sexual orientation, including lesbianism. These laws often apply to employment, housing, education, and public accommodations.
2. **Same-sex marriage laws**: In some jurisdictions, same-sex marriage is recognized and protected by law. This can include the right to marry, divorce, and inherit property.
3. **Domestic partnership laws**: Some jurisdictions offer domestic partnership benefits, which provide similar rights and responsibilities as marriage, but without the formal recognition of marriage.
4. **Hate crime laws**: Laws that protect against hate crimes, including those motivated by anti-lesbian bias, are also relevant.
5. **Employment protections**: Laws that prohibit employment discrimination based on sexual orientation, including lesbianism, are also relevant.
6. **Healthcare access**: Laws that ensure access to healthcare services, including reproductive health services, for lesbian individuals are also relevant.

The existence and scope of these protections can vary significantly depending on the jurisdiction. In some countries, such as those in Western Europe and North America, there are robust legal protections for lesbians. In other countries, such as those in some parts of Africa and Asia, there may be limited or no protections.

The development of legal protections for lesbians is often the result of advocacy efforts by lesbian rights organizations and activists. These efforts can involve lobbying for legislative changes, challenging discriminatory laws and policies in court, and raising awareness about the importance of protecting lesbian rights.

It is worth noting that the concept of ""lesbian"" is not universally defined or recognized, and the term may be subject to different interpretations and connotations in various cultural and social contexts.",0.0,0.0,0.0,1937,2111,174,20.71387856257745,19.156756756756756,-1.5571218058206924
Green Spaces in Urban Areas,0.8,0.6,0.8,0.6,0.8,0.8,0.6,0.8,0.8,0.6,0.6,climate action,"""Green Spaces in Urban Areas"" refers to the intentional creation and preservation of natural environments, such as parks, gardens, green roofs, and other types of green infrastructure, within urban areas. These spaces provide numerous benefits to both the environment and the people living in cities. Here are some key aspects of green spaces in urban areas:

**Types of Green Spaces:**

1. **Parks**: Large public areas with grass, trees, and other vegetation, often featuring recreational facilities like playgrounds, sports fields, and walking trails.
2. **Gardens**: Smaller, more intimate spaces with a focus on horticulture, often used for community gardening, education, and relaxation.
3. **Green Roofs**: Vegetated roofs that provide insulation, reduce stormwater runoff, and create habitats for wildlife.
4. **Urban Forestry**: The planting and maintenance of trees in urban areas to improve air quality, mitigate the urban heat island effect, and enhance aesthetic appeal.
5. **Green Alleys**: Narrow, vegetated spaces between buildings that can help with stormwater management and provide a sense of community.

**Benefits of Green Spaces in Urban Areas:**

1. **Air Quality Improvement**: Green spaces help to purify the air by absorbing pollutants and producing oxygen.
2. **Stormwater Management**: Green spaces can absorb and filter rainwater, reducing the burden on urban drainage systems.
3. **Heat Island Mitigation**: Green spaces can help to cool urban areas by providing shade and reducing the urban heat island effect.
4. **Improved Mental Health**: Exposure to nature has been shown to reduce stress, improve mood, and promote overall well-being.
5. **Increased Property Values**: Green spaces can increase property values, attract businesses and residents, and enhance the overall quality of life in urban areas.
6. **Biodiversity Conservation**: Green spaces can provide habitats for urban wildlife, supporting biodiversity and ecosystem services.
7. **Community Engagement**: Green spaces can serve as community hubs, fostering social connections and a sense of community among residents.

**Challenges and Opportunities:**

1. **Limited Space**: Urban areas often have limited space for green spaces, requiring creative solutions and efficient use of land.
2. **Maintenance and Funding**: Green spaces require regular maintenance and funding, which can be a challenge for urban areas with limited resources.
3. **Integration with Urban Planning**: Green spaces should be integrated into urban planning to ensure they are accessible, functional, and sustainable.
4. **Community Engagement and Education**: Green spaces can be used as educational tools, promoting environmental awareness and community engagement.

In summary, green spaces in urban areas are essential for creating livable, sustainable, and healthy cities. By incorporating green spaces into urban planning, cities can improve air quality, mitigate the urban heat island effect, and enhance the overall quality of life for residents.",,4.0,4.0,4.0,3026,0.0,14.54,0.0,"Green spaces in urban areas refer to areas of land within cities that are designated for vegetation, recreation, and conservation. These spaces can take various forms, including parks, gardens, green roofs, and urban forests.

Characteristics of green spaces in urban areas:

1. **Vegetation**: Green spaces are characterized by the presence of plants, trees, and other vegetation, which provide aesthetic value, improve air quality, and mitigate the urban heat island effect.
2. **Recreation**: Green spaces often serve as recreational areas for urban residents, offering opportunities for physical activity, relaxation, and social interaction.
3. **Conservation**: Green spaces can also serve as habitats for urban wildlife, providing a connection to nature and supporting biodiversity.

Types of green spaces in urban areas:

1. **Parks**: Large, open areas of land that are designed for recreation, leisure, and conservation.
2. **Gardens**: Smaller, more intimate spaces that are often used for gardening, relaxation, and socializing.
3. **Green roofs**: Vegetated areas on top of buildings, which provide insulation, reduce stormwater runoff, and create habitats for wildlife.
4. **Urban forests**: Large, wooded areas within cities that provide ecosystem services, including air and water filtration, and carbon sequestration.

Benefits of green spaces in urban areas:

1. **Air quality improvement**: Vegetation in green spaces absorbs pollutants and particulate matter, improving air quality.
2. **Heat island mitigation**: Green spaces can reduce the urban heat island effect by providing shade, cooling the air through evapotranspiration, and reducing the amount of heat absorbed by buildings.
3. **Mental health benefits**: Exposure to nature in green spaces has been shown to reduce stress, improve mood, and enhance cognitive functioning.
4. **Biodiversity conservation**: Green spaces can provide habitats for urban wildlife, supporting biodiversity and ecosystem services.

Challenges and limitations of green spaces in urban areas:

1. **Land availability**: Urban areas often have limited land availability, making it challenging to establish and maintain green spaces.
2. **Maintenance and management**: Green spaces require regular maintenance, including watering, pruning, and pest control, which can be resource-intensive and costly.
3. **Conflict with urban development**: Green spaces can be vulnerable to development pressures, such as urbanization, infrastructure expansion, and gentrification.

Overall, green spaces in urban areas play a critical role in maintaining ecosystem services, improving public health, and enhancing the quality of life for urban residents.",0.0,0.0,0.0,3026,2694,-332,18.338748870368512,18.674611662846957,0.3358627924784443
Inclusive Education and the Teaching Profession,0.8,0.8,0.8,0.6,0.8,0.8,0.8,0.8,0.8,0.6,0.6,gender equality,"""Inclusive Education and the Teaching Profession"" refers to the principles, practices, and policies that aim to create a learning environment where all students, regardless of their abilities, disabilities, cultural backgrounds, languages, or other characteristics, feel valued, respected, and supported. The teaching profession plays a crucial role in implementing inclusive education, and here's a breakdown of the key aspects:

**Key Principles:**

1. **Equity and Access**: Ensuring that all students have equal access to education, regardless of their abilities or disabilities.
2. **Diversity and Inclusion**: Recognizing and valuing the diversity of students, including their cultural backgrounds, languages, and abilities.
3. **Student-Centered**: Focusing on the needs and interests of individual students, rather than a one-size-fits-all approach.
4. **Collaboration and Support**: Encouraging collaboration among teachers, students, and families to create a supportive learning environment.

**Teaching Practices:**

1. **Differentiated Instruction**: Tailoring teaching methods to meet the diverse needs of students, including those with disabilities or learning difficulties.
2. **Universal Design for Learning (UDL)**: Designing lessons that are accessible and engaging for all students, regardless of their abilities.
3. **Inclusive Classroom Management**: Creating a positive and respectful classroom environment that values diversity and promotes social inclusion.
4. **Assessment and Feedback**: Using assessment and feedback strategies that are fair, valid, and accessible to all students.

**Professional Development:**

1. **Teacher Training and Support**: Providing teachers with training and support to develop the skills and knowledge needed to teach inclusively.
2. **Collaborative Planning**: Encouraging teachers to work together to plan and deliver inclusive lessons.
3. **Mentorship and Coaching**: Offering mentorship and coaching to support teachers in developing their inclusive teaching practices.
4. **Reflective Practice**: Encouraging teachers to reflect on their practice and identify areas for improvement.

**Policy and Leadership:**

1. **Inclusive Education Policies**: Developing and implementing policies that promote inclusive education and support teachers in their inclusive teaching practices.
2. **Leadership and Vision**: Providing school leaders with the vision, skills, and support needed to promote inclusive education and support teachers.
3. **Accountability and Monitoring**: Establishing systems to monitor and evaluate the effectiveness of inclusive education policies and practices.
4. **Community Engagement**: Engaging with the broader community to promote inclusive education and support the development of inclusive schools.

**Benefits:**

1. **Improved Student Outcomes**: Inclusive education can lead to improved academic outcomes, social skills, and emotional well-being for all students.
2. **Increased Teacher Satisfaction**: Teachers who feel supported and empowered to teach inclusively are more likely to be satisfied with their work and stay in the profession.
3. **Enhanced Community Engagement**: Inclusive education can foster a sense of community and social responsibility among students, teachers, and families.
4. **Better Preparation for the 21st Century**: Inclusive education can help prepare students for the complexities and challenges of the 21st century, where diversity and inclusion are essential.

In summary, ""Inclusive Education and the Teaching Profession"" is about creating a learning environment that values and supports the diversity of all students, while also empowering teachers to develop the skills and knowledge needed to teach inclusively.",,4.0,4.0,4.0,3740,0.6170880794525146,14.16,0.0,"Inclusive education refers to a teaching approach that aims to provide equal opportunities for students with diverse backgrounds, abilities, and learning styles to access education. This approach seeks to create an inclusive learning environment that values and respects the diversity of all students.

The teaching profession plays a crucial role in implementing inclusive education. Teachers are expected to adapt their teaching methods to meet the needs of students with varying abilities, cultures, and languages. This may involve using various teaching strategies, such as differentiated instruction, universal design for learning, and culturally responsive teaching.

Key aspects of inclusive education and the teaching profession include:

1. **Diversity and inclusion**: Teachers are expected to recognize and value the diversity of their students, including their cultural backgrounds, languages, abilities, and learning styles.
2. **Adaptability and flexibility**: Teachers must be able to adapt their teaching methods to meet the needs of students with varying abilities and learning styles.
3. **Culturally responsive teaching**: Teachers are expected to be aware of and sensitive to the cultural backgrounds and experiences of their students, and to incorporate this awareness into their teaching practices.
4. **Differentiated instruction**: Teachers use various teaching strategies to meet the needs of students with varying abilities and learning styles.
5. **Universal design for learning**: Teachers design lessons and activities that are accessible to all students, regardless of their abilities or learning styles.
6. **Professional development**: Teachers are expected to engage in ongoing professional development to improve their knowledge and skills in inclusive education.

Research has shown that inclusive education can have numerous benefits for students, including:

1. **Improved academic outcomes**: Students who receive inclusive education tend to perform better academically.
2. **Increased social skills**: Inclusive education can help students develop social skills, such as communication and collaboration.
3. **Reduced stigma and bias**: Inclusive education can help reduce stigma and bias towards students with disabilities or from diverse backgrounds.
4. **Improved teacher-student relationships**: Teachers who use inclusive education approaches tend to have better relationships with their students.

However, implementing inclusive education can also present challenges for teachers, including:

1. **Lack of resources and support**: Teachers may not have access to the necessary resources and support to implement inclusive education.
2. **Limited training and professional development**: Teachers may not receive adequate training and professional development to implement inclusive education.
3. **Resistance to change**: Teachers may resist changes to their teaching practices, which can hinder the implementation of inclusive education.

Overall, inclusive education and the teaching profession are closely linked, and teachers play a critical role in implementing inclusive education approaches. By recognizing and valuing the diversity of their students, adapting their teaching methods, and engaging in ongoing professional development, teachers can create inclusive learning environments that benefit all students.",0.6170880794525146,0.6416395306587219,0.024551451206207275,3740,3365,-375,20.83286855710481,19.807772220084647,-1.0250963370201625
HIV and Reproductive Rights,0.8,0.8,0.8,0.8,0.6,0.2,0.8,0.8,0.8,0.8,0.6,gender equality,"HIV and reproductive rights are closely linked, as access to reproductive health services and information is essential for individuals, particularly women, to make informed decisions about their bodies, health, and well-being. Here's a comprehensive overview:

**Reproductive Rights:**

Reproductive rights refer to the rights of individuals to make decisions about their own bodies, including the right to:

1. **Choose whether or not to become pregnant**: This includes the right to access safe and effective contraception, as well as the right to have an abortion if desired.
2. **Decide the number and spacing of children**: This includes the right to access family planning services and information.
3. **Have access to safe and respectful reproductive healthcare**: This includes the right to receive comprehensive reproductive health care, including prenatal care, childbirth, and postpartum care.

**HIV and Reproductive Rights:**

The intersection of HIV and reproductive rights is critical, as individuals living with HIV face unique challenges and stigma. Here are some key considerations:

1. **HIV testing and disclosure**: Individuals have the right to access HIV testing and to disclose their HIV status to their partners, healthcare providers, and others. However, this can be a complex issue, as disclosure can lead to stigma, discrimination, and even violence.
2. **Reproductive health and HIV**: Individuals living with HIV have the same reproductive health needs as those without HIV. They require access to safe and effective contraception, as well as comprehensive reproductive health care, including prenatal care and childbirth services.
3. **Pregnancy and HIV**: Pregnant women living with HIV require access to specialized care, including antiretroviral therapy (ART) to prevent mother-to-child transmission of HIV. This care is essential to ensure the health and well-being of both the mother and the baby.
4. **Stigma and discrimination**: Individuals living with HIV often face stigma and discrimination, which can limit their access to reproductive health services and information. This can lead to delayed or foregone care, which can have serious consequences for their health and well-being.
5. **Reproductive autonomy**: Individuals living with HIV have the right to make decisions about their own bodies, including the right to choose whether or not to become pregnant. However, this autonomy can be compromised by stigma, discrimination, and lack of access to reproductive health services.

**Key Principles:**

To ensure that individuals living with HIV have access to reproductive rights, the following principles should be upheld:

1. **Non-discrimination**: Individuals living with HIV should not face discrimination or stigma when accessing reproductive health services.
2. **Autonomy**: Individuals should have the right to make decisions about their own bodies, including the right to choose whether or not to become pregnant.
3. **Comprehensive care**: Individuals should have access to comprehensive reproductive health care, including prenatal care, childbirth services, and postpartum care.
4. **Stigma-free services**: Reproductive health services should be provided in a stigma-free and non-judgmental manner.
5. **Access to information**: Individuals should have access to accurate and unbiased information about HIV, reproductive health, and family planning.

**Conclusion:**

HIV and reproductive rights are inextricably linked. Individuals living with HIV require access to comprehensive reproductive health care, including safe and effective contraception, prenatal care, and childbirth services. To ensure that individuals have access to reproductive rights, it is essential to uphold key principles, including non-discrimination, autonomy, comprehensive care, stigma-free services, and access to information. By doing so, we can promote the health, well-being, and dignity of individuals living with HIV.",,4.0,4.0,3.0,3959,0.7124477624893188,11.51,0.0,"HIV (Human Immunodeficiency Virus) and reproductive rights are two distinct issues that intersect in various ways. Here's a neutral and objective explanation of the relationship between the two:

**HIV:**

HIV is a viral infection that attacks the body's immune system, making it difficult for the body to fight off infections and diseases. If left untreated, HIV can progress to Acquired Immunodeficiency Syndrome (AIDS), a condition characterized by severe immune suppression.

**Reproductive Rights:**

Reproductive rights refer to the rights of individuals to make informed decisions about their reproductive health, including the right to access safe and effective contraception, abortion, and maternal healthcare. Reproductive rights are often linked to human rights, as they are essential for individuals to exercise control over their bodies and make choices about their reproductive lives.

**Intersection of HIV and Reproductive Rights:**

The intersection of HIV and reproductive rights is complex and multifaceted. Some key points to consider:

1. **HIV transmission:** HIV can be transmitted from mother to child during pregnancy, childbirth, or breastfeeding. This highlights the importance of access to antiretroviral therapy (ART) and other interventions to prevent mother-to-child transmission (PMTCT) of HIV.
2. **Reproductive health and HIV:** Women living with HIV often face unique reproductive health challenges, including increased risk of cervical cancer, pelvic inflammatory disease, and other conditions. Access to comprehensive reproductive healthcare is essential for women living with HIV.
3. **Stigma and discrimination:** People living with HIV often face stigma and discrimination, which can limit their access to reproductive healthcare and other services. This can exacerbate existing health disparities and further marginalize already vulnerable populations.
4. **Contraception and HIV:** The use of certain contraceptive methods, such as hormonal contraceptives, may increase the risk of HIV transmission. However, other methods, such as condoms, can reduce the risk of HIV transmission.
5. **Abortion and HIV:** In some countries, laws and policies restrict access to abortion for women living with HIV, citing concerns about the potential for HIV transmission to the fetus. However, the scientific evidence suggests that HIV transmission to the fetus is extremely rare, and that access to safe abortion services is essential for women living with HIV.

**Key Challenges:**

1. **Access to healthcare:** Ensuring access to comprehensive healthcare services, including HIV treatment, reproductive healthcare, and family planning, is essential for individuals living with HIV.
2. **Stigma and discrimination:** Addressing stigma and discrimination against people living with HIV is critical to improving their access to reproductive healthcare and other services.
3. **Policy and legislation:** Laws and policies that restrict access to reproductive healthcare, including abortion, can exacerbate existing health disparities and limit the ability of individuals living with HIV to make informed decisions about their reproductive lives.

In summary, the intersection of HIV and reproductive rights is complex and multifaceted, involving issues of access to healthcare, stigma and discrimination, and policy and legislation. Addressing these challenges requires a nuanced understanding of the relationship between HIV and reproductive rights and a commitment to ensuring that individuals living with HIV have access to comprehensive healthcare services and can make informed decisions about their reproductive lives.",0.7124477624893188,0.7364296317100525,0.023981869220733643,3959,3650,-309,18.302508960573476,19.464703868538173,1.1621949079646967
Methane Emissions from Fossil Fuel Production,0.8,0.8,0.8,0.8,0.8,0.4,0.8,0.8,0.8,0.8,0.6,climate action,"Methane emissions from fossil fuel production refer to the release of methane, a potent greenhouse gas, during the extraction, processing, and transportation of fossil fuels such as natural gas, oil, and coal. Methane is a potent greenhouse gas with a global warming potential 28 times higher than carbon dioxide over a 100-year time frame.

Fossil fuel production involves several stages, including:

1. **Extraction**: Methane is released during the extraction of natural gas from wells, particularly from coal seam gas and shale gas production.
2. **Processing**: Methane is released during the processing of natural gas, including the separation of liquids and the compression of gas.
3. **Transportation**: Methane is released during the transportation of natural gas through pipelines, and also during the transportation of oil and coal.
4. **Refining**: Methane is released during the refining of oil and coal.

The main sources of methane emissions from fossil fuel production are:

1. **Natural gas systems**: Leaks from natural gas pipelines, processing facilities, and wells.
2. **Oil and gas production**: Leaks from oil and gas wells, and from the processing and transportation of these fuels.
3. **Coal mining**: Methane released during coal mining and processing.

The estimated global methane emissions from fossil fuel production are around 70-80 million metric tons per year, which is approximately 10-15% of total global methane emissions. These emissions are significant because methane has a short atmospheric lifetime of around 12 years, which means that it can contribute to climate change more quickly than carbon dioxide.

The main drivers of methane emissions from fossil fuel production are:

1. **Leaks and fugitive emissions**: Leaks from pipes, valves, and other equipment can release methane into the atmosphere.
2. **Operational emissions**: Emissions from the operation of equipment, such as compressors and pumps.
3. **Maintenance and repair**: Emissions during maintenance and repair activities.

To mitigate methane emissions from fossil fuel production, several strategies can be employed:

1. **Leak detection and repair**: Regularly inspecting and repairing leaks from pipes and equipment.
2. **Process optimization**: Improving the efficiency of processing and transportation systems to reduce emissions.
3. **Technology innovation**: Developing new technologies to reduce emissions, such as methane capture and utilization systems.
4. **Regulatory frameworks**: Establishing and enforcing regulations to limit methane emissions from fossil fuel production.
5. **Industry best practices**: Implementing industry-wide best practices to reduce methane emissions.

Overall, methane emissions from fossil fuel production are a significant contributor to climate change, and addressing these emissions is essential for reducing the greenhouse gas footprint of the fossil fuel industry.",,4.0,4.0,4.0,2920,0.0,12.03,0.0,"Methane emissions from fossil fuel production refer to the release of methane, a potent greenhouse gas, during the extraction, processing, and transportation of fossil fuels such as coal, oil, and natural gas.

**Definition:** Methane (CH4) is a colorless, odorless gas that is the primary component of natural gas. It is also a byproduct of coal and oil production.

**Sources:** Methane emissions from fossil fuel production can occur at various stages, including:

1. **Extraction:** Methane is released during the extraction of fossil fuels from the ground, particularly from coal mines and oil and gas wells.
2. **Processing:** Methane is also released during the processing of fossil fuels, including the separation of natural gas from oil and the treatment of coal.
3. **Transportation:** Methane emissions can occur during the transportation of fossil fuels, including the storage and transportation of natural gas.

**Causes:** The main causes of methane emissions from fossil fuel production are:

1. **Leaks and fugitive emissions:** Methane can escape from wells, pipelines, and storage facilities due to equipment failures, corrosion, or other factors.
2. **Venting and flaring:** Methane is often vented or flared during the production process, particularly during the startup and shutdown of wells.
3. **Lack of infrastructure:** Inadequate infrastructure, such as insufficient pipeline capacity or inadequate storage facilities, can lead to methane emissions.

**Consequences:** Methane emissions from fossil fuel production contribute to climate change by:

1. **Trapping heat:** Methane is a potent greenhouse gas, with a global warming potential 28 times higher than carbon dioxide over a 100-year time frame.
2. **Accelerating climate change:** Methane emissions from fossil fuel production contribute to the acceleration of climate change, which can have severe impacts on the environment, human health, and the economy.

**Regulations and mitigation strategies:** To reduce methane emissions from fossil fuel production, governments and industry stakeholders have implemented various regulations and mitigation strategies, including:

1. **Emissions standards:** Regulations that set limits on methane emissions from fossil fuel production.
2. **Leak detection and repair:** Programs that detect and repair leaks in equipment and infrastructure.
3. **Best management practices:** Guidelines for industry stakeholders to follow to minimize methane emissions.
4. **Carbon pricing:** Mechanisms that put a price on carbon emissions, including methane, to provide a financial incentive for reduction.

Overall, methane emissions from fossil fuel production are a significant contributor to climate change, and reducing these emissions is essential to mitigate its impacts.",0.0,0.0,0.0,2920,2790,-130,17.133534136546185,18.4452417302799,1.3117075937337148
Sea Buckthorn for Cardiovascular Health,0.6,0.6,0.8,0.4,0.2,0.8,0.4,0.8,0.8,0.6,0.6,good health and well-being,"Sea Buckthorn (Hippophae rhamnoides) is a shrub-like plant native to the mountainous regions of Europe and Asia. Its berries, seeds, and oil have been used for centuries in traditional medicine to promote overall health, particularly cardiovascular well-being. Here's a breakdown of the potential benefits of Sea Buckthorn for cardiovascular health:

**Key Components:**

1. **Vitamins and Minerals:** Sea Buckthorn berries are rich in vitamins A, C, E, and K, as well as minerals like potassium, magnesium, and iron.
2. **Phytochemicals:** The plant contains a range of phytochemicals, including flavonoids, phenolic acids, and carotenoids, which have antioxidant and anti-inflammatory properties.
3. **Omega-7 Fatty Acids:** Sea Buckthorn oil is a rich source of omega-7 fatty acids, particularly palmitoleic acid, which has been shown to have beneficial effects on cardiovascular health.

**Potential Benefits for Cardiovascular Health:**

1. **Antioxidant and Anti-Inflammatory Effects:** The phytochemicals in Sea Buckthorn may help protect against oxidative stress and inflammation, which are key factors in the development of cardiovascular diseases.
2. **Improved Lipid Profiles:** Omega-7 fatty acids in Sea Buckthorn oil may help lower triglycerides and improve HDL (good) cholesterol levels, reducing the risk of cardiovascular disease.
3. **Blood Pressure Regulation:** Some studies suggest that Sea Buckthorn extracts may help lower blood pressure in individuals with hypertension.
4. **Cardiac Function and Protection:** The antioxidants and phytochemicals in Sea Buckthorn may help protect against cardiac damage and improve cardiac function in individuals with cardiovascular disease.
5. **Anti-Atherosclerotic Effects:** The plant's extracts may also help prevent the formation of atherosclerotic plaques, which can lead to cardiovascular disease.

**Preclinical and Clinical Evidence:**

While the evidence is promising, more research is needed to fully understand the effects of Sea Buckthorn on cardiovascular health. Some preclinical studies have demonstrated the plant's potential benefits, but human clinical trials are limited. A few small-scale studies have shown positive effects on cardiovascular risk factors, such as improved lipid profiles and blood pressure regulation.

**Conclusion:**

Sea Buckthorn may have potential benefits for cardiovascular health, particularly due to its antioxidant and anti-inflammatory properties, as well as its omega-7 fatty acid content. However, more research is needed to confirm the efficacy and safety of Sea Buckthorn extracts for cardiovascular health. As with any supplement, consult with a healthcare professional before adding Sea Buckthorn to your regimen.",,4.0,4.0,3.0,2729,0.0,13.55,0.0,"Sea Buckthorn (Hippophae rhamnoides) is a plant species native to Europe and Asia, whose berries and oil have been traditionally used in folk medicine for various health benefits. The potential benefits of Sea Buckthorn for cardiovascular health are based on its bioactive compounds, which have been studied for their effects on the cardiovascular system.

The berries of the Sea Buckthorn plant contain high levels of omega-7 fatty acids, particularly palmitoleic acid, as well as vitamins A, C, and E, and other antioxidants. These compounds have been shown to have anti-inflammatory and antioxidant properties, which may contribute to cardiovascular health.

Some potential mechanisms by which Sea Buckthorn may support cardiovascular health include:

1. **Antioxidant activity**: The antioxidants present in Sea Buckthorn berries may help protect against oxidative stress and inflammation in the cardiovascular system, which can contribute to the development of cardiovascular disease.
2. **Improvement of lipid profiles**: The omega-7 fatty acids in Sea Buckthorn may help to reduce triglycerides and LDL (bad) cholesterol levels, while increasing HDL (good) cholesterol levels, which can contribute to a reduced risk of cardiovascular disease.
3. **Anti-inflammatory effects**: The anti-inflammatory compounds in Sea Buckthorn may help to reduce inflammation in the cardiovascular system, which is a known risk factor for cardiovascular disease.
4. **Vasodilation**: The bioactive compounds in Sea Buckthorn may help to relax blood vessels, improving blood flow and reducing blood pressure.

Some studies have investigated the potential benefits of Sea Buckthorn for cardiovascular health, including:

* A 2018 study published in the Journal of Medicinal Food found that Sea Buckthorn oil supplementation reduced triglycerides and LDL cholesterol levels in patients with hyperlipidemia.
* A 2020 review published in the Journal of Ethnopharmacology discussed the potential benefits of Sea Buckthorn for cardiovascular health, including its antioxidant, anti-inflammatory, and vasodilatory effects.

It is essential to note that while some studies suggest potential benefits of Sea Buckthorn for cardiovascular health, more research is needed to confirm these findings and establish the optimal dosage and duration of treatment. Additionally, individuals with pre-existing medical conditions or taking medications should consult with a healthcare professional before using Sea Buckthorn supplements.",0.0,0.0,0.0,2729,2504,-225,17.506666666666668,19.449063257659247,1.9423965909925798
Parental Leave Variations,0.6,0.6,0.8,0.6,0.8,0.8,0.8,0.8,0.8,0.6,0.6,gender equality,"""Parental Leave Variations"" refers to the different types of leave that parents can take to care for their newborn or newly adopted child. These variations can differ in terms of duration, eligibility, and benefits, depending on the country, state, or organization offering the leave. Here are some common types of parental leave variations:

1. **Paid Parental Leave**: This is a paid leave that allows parents to take time off work to care for their newborn or newly adopted child. The duration and pay vary by country or organization.
2. **Maternity Leave**: This is a leave specifically for mothers, usually taken after childbirth. The duration and pay vary by country or organization.
3. **Paternity Leave**: This is a leave specifically for fathers, usually taken after the birth of their child. The duration and pay vary by country or organization.
4. **Shared Parental Leave**: This is a leave that allows both parents to share the time off work to care for their child. The duration and pay vary by country or organization.
5. **Adoption Leave**: This is a leave specifically for parents who have adopted a child. The duration and pay vary by country or organization.
6. **Parental Leave for Same-Sex Parents**: This is a leave that allows same-sex parents to take time off work to care for their child, either through surrogacy or adoption.
7. **Flexible Parental Leave**: This is a leave that allows parents to take time off work in flexible blocks, rather than a fixed period.
8. **Parental Leave for Foster Parents**: This is a leave that allows foster parents to take time off work to care for their foster child.

Examples of parental leave variations by country:

* **United States**: The Family and Medical Leave Act (FMLA) provides eligible employees with up to 12 weeks of unpaid leave for family and medical reasons, including caring for a newborn or newly adopted child.
* **Canada**: The Employment Insurance (EI) program provides eligible employees with up to 52 weeks of paid leave for maternity, parental, or adoption leave.
* **Sweden**: The Swedish parental leave law provides eligible employees with up to 480 days of paid leave for parents to care for their child.
* **Australia**: The Paid Parental Leave scheme provides eligible employees with up to 18 weeks of paid leave for parents to care for their child.

These are just a few examples of parental leave variations. The specifics can vary significantly depending on the country, state, or organization offering the leave.",,4.0,4.0,4.0,2507,0.0,10.18,0.0,"Parental leave variations refer to the differences in parental leave policies and benefits offered by various countries, organizations, and employers. These variations can be attributed to a range of factors, including cultural norms, economic conditions, and legislative frameworks.

**Types of Parental Leave Variations:**

1. **Duration:** The length of parental leave can vary significantly, ranging from a few weeks to several months or even years. For example, some countries offer a minimum of 12 weeks of paid parental leave, while others provide up to 52 weeks.
2. **Eligibility:** The eligibility criteria for parental leave can differ, with some countries or employers requiring a minimum period of employment or a specific number of hours worked.
3. **Pay:** The level of pay during parental leave can vary, with some countries or employers offering full pay, partial pay, or no pay at all.
4. **Flexibility:** The flexibility of parental leave can differ, with some countries or employers allowing parents to take leave in shorter periods or on a part-time basis.
5. **Shared Leave:** Some countries or employers offer shared parental leave, allowing both parents to take leave and share childcare responsibilities.

**Causes of Parental Leave Variations:**

1. **Legislative Frameworks:** Parental leave policies are often shaped by national or local laws and regulations, which can vary significantly between countries or regions.
2. **Cultural Norms:** Cultural attitudes towards work, family, and childcare can influence parental leave policies and benefits.
3. **Economic Conditions:** Economic factors, such as GDP per capita, unemployment rates, and labor market conditions, can impact the availability and generosity of parental leave policies.
4. **Employer Policies:** Companies and organizations may offer varying levels of parental leave benefits based on their size, industry, and business needs.

**Consequences of Parental Leave Variations:**

1. **Work-Life Balance:** Parental leave variations can impact work-life balance, with some parents facing difficulties in balancing childcare responsibilities with work commitments.
2. **Economic Inequality:** Parental leave variations can exacerbate economic inequality, with some parents facing financial difficulties due to reduced income during leave.
3. **Labor Market Outcomes:** Parental leave variations can influence labor market outcomes, such as employment rates, job satisfaction, and career advancement opportunities.

In conclusion, parental leave variations are shaped by a complex interplay of factors, including legislative frameworks, cultural norms, economic conditions, and employer policies. Understanding these variations can provide insights into the challenges and opportunities associated with parental leave policies and benefits.",0.0,0.0,0.0,2507,2829,322,14.673527450544567,20.48086513994911,5.807337689404543
Climate Policy Governance Models,0.6,0.8,0.8,0.8,0.8,0.6,0.8,0.8,0.8,0.8,0.6,climate action,"Climate policy governance models refer to the frameworks, structures, and processes used by governments, international organizations, and other stakeholders to develop, implement, and manage policies aimed at mitigating and adapting to climate change. These models provide a conceptual and operational framework for climate policy-making, influencing the effectiveness and efficiency of climate policy implementation.

Here are some key aspects of climate policy governance models:

**Types of Climate Policy Governance Models:**

1. **Command-and-Control (CAC) Model**: This model involves setting strict regulations and standards for greenhouse gas emissions, often with penalties for non-compliance. The CAC model is typically associated with a more centralized, top-down approach to governance.
2. **Market-Based Model**: This model uses economic instruments, such as carbon pricing (e.g., carbon taxes or cap-and-trade systems), to encourage reductions in greenhouse gas emissions. Market-based models often rely on market forces to drive change.
3. **Hybrid Model**: This model combines elements of the CAC and market-based models, incorporating both regulatory and market-based approaches to climate policy-making.
4. **Participatory Model**: This model involves engaging stakeholders, including civil society, businesses, and local communities, in the climate policy-making process. Participatory models often prioritize transparency, inclusivity, and co-governance.

**Key Features of Climate Policy Governance Models:**

1. **Policy Framework**: A clear and comprehensive policy framework that sets out the goals, objectives, and strategies for addressing climate change.
2. **Institutional Arrangements**: The organizational structures and processes that support climate policy-making, including the roles and responsibilities of different stakeholders.
3. **Decision-Making Processes**: The procedures and mechanisms used to make decisions about climate policy, including the involvement of stakeholders and the use of scientific advice.
4. **Monitoring and Evaluation**: The systems and processes used to track progress towards climate policy goals and objectives, and to identify areas for improvement.
5. **Accountability and Transparency**: The mechanisms and processes used to ensure accountability and transparency in climate policy-making, including the use of data and reporting.

**Benefits and Challenges of Climate Policy Governance Models:**

Benefits:

1. **Effectiveness**: Climate policy governance models can help ensure that climate policies are effective in achieving their intended goals.
2. **Efficiency**: These models can also promote efficiency in climate policy-making, by streamlining processes and reducing bureaucratic barriers.
3. **Legitimacy**: Climate policy governance models can enhance the legitimacy of climate policies, by engaging stakeholders and promoting transparency and accountability.

Challenges:

1. **Complexity**: Climate policy governance models can be complex and difficult to navigate, particularly in the face of competing interests and priorities.
2. **Uncertainty**: Climate policy-making often involves uncertainty and unpredictability, which can make it challenging to develop effective governance models.
3. **Scalability**: Climate policy governance models may need to be scaled up or down to accommodate changing circumstances, such as shifts in global climate policy or changes in national or local priorities.

In conclusion, climate policy governance models provide a framework for understanding the structures, processes, and institutions that support climate policy-making. These models can help ensure that climate policies are effective, efficient, and legitimate, but they also present challenges related to complexity, uncertainty, and scalability.",,4.0,4.0,4.0,3827,0.0,15.12,0.0,"Climate policy governance models refer to the frameworks and structures used by governments and international organizations to develop, implement, and enforce policies aimed at mitigating and adapting to climate change.

**Definition:**

Climate policy governance models can be defined as the institutional arrangements, decision-making processes, and regulatory frameworks that guide the development and implementation of climate policies. These models can be tailored to specific national or regional contexts, and may involve various stakeholders, including governments, civil society, private sector entities, and international organizations.

**Key Components:**

1. **Institutional Framework:** The institutional framework refers to the organizational structure and decision-making processes that govern climate policy development and implementation. This may include the creation of specialized agencies, departments, or ministries responsible for climate change mitigation and adaptation.
2. **Decision-Making Processes:** Decision-making processes refer to the procedures and mechanisms used to develop and implement climate policies. This may involve stakeholder engagement, public consultations, and expert input.
3. **Regulatory Framework:** The regulatory framework refers to the laws, regulations, and standards that govern climate policy implementation. This may include carbon pricing mechanisms, renewable energy targets, and energy efficiency standards.
4. **Stakeholder Engagement:** Stakeholder engagement refers to the involvement of various stakeholders, including civil society, private sector entities, and international organizations, in the development and implementation of climate policies.

**Types of Climate Policy Governance Models:**

1. **Command-and-Control Models:** Command-and-control models involve the use of regulations, laws, and standards to enforce climate policy compliance.
2. **Market-Based Models:** Market-based models involve the use of economic instruments, such as carbon pricing, to incentivize climate policy compliance.
3. **Hybrid Models:** Hybrid models combine elements of command-and-control and market-based approaches to achieve climate policy goals.
4. **Participatory Models:** Participatory models involve the active engagement of stakeholders in the development and implementation of climate policies.

**Causal Mechanisms:**

1. **Policy Effectiveness:** The effectiveness of climate policy governance models depends on their ability to achieve climate policy goals, such as reducing greenhouse gas emissions or increasing renewable energy deployment.
2. **Stakeholder Engagement:** The level of stakeholder engagement can influence the effectiveness of climate policy governance models, as it can lead to increased buy-in and compliance.
3. **Institutional Capacity:** The institutional capacity of governments and international organizations can impact the effectiveness of climate policy governance models, as it can influence their ability to develop and implement policies.
4. **Funding and Resources:** The availability of funding and resources can impact the effectiveness of climate policy governance models, as it can influence their ability to implement policies and programs.

**Verifiable Facts:**

1. Climate policy governance models can be tailored to specific national or regional contexts.
2. Stakeholder engagement is a key component of effective climate policy governance models.
3. Institutional capacity and funding can impact the effectiveness of climate policy governance models.
4. Climate policy governance models can be evaluated based on their ability to achieve climate policy goals.",0.0,0.0,0.0,3827,3676,-151,21.75679875679876,22.72013093289689,0.963332176098131
The Impact of Climate Change on Maternal Health,0.6,0.8,0.8,0.8,0.2,0.4,0.8,0.8,0.8,0.8,0.6,good health and well-being,"The impact of climate change on maternal health is a critical and growing concern. Climate change is altering the environmental conditions that affect the health and well-being of pregnant women, new mothers, and their infants. Here are some of the ways climate change is affecting maternal health:

1. **Increased risk of heat-related illnesses**: Rising temperatures and heatwaves can lead to dehydration, heat exhaustion, and heat stroke, which can be particularly dangerous for pregnant women and new mothers.
2. **Water-borne diseases**: Climate change is altering the distribution and quality of water, increasing the risk of water-borne diseases such as cholera, diarrhea, and typhoid fever, which can be particularly hazardous for pregnant women and new mothers.
3. **Food insecurity**: Climate change is affecting agricultural productivity, leading to food shortages and insecurity, which can exacerbate malnutrition and related health problems in pregnant women and new mothers.
4. **Increased risk of malaria and other vector-borne diseases**: Climate change is altering the distribution and prevalence of disease-carrying insects, such as mosquitoes, which can lead to an increased risk of malaria and other vector-borne diseases in pregnant women and new mothers.
5. **Displacement and migration**: Climate change is leading to increased displacement and migration, which can disrupt access to healthcare services, including maternal healthcare, and increase the risk of maternal mortality.
6. **Increased risk of preterm birth and low birth weight**: Exposure to extreme weather events, such as hurricanes and floods, can lead to preterm birth and low birth weight, which can have long-term health consequences for the baby.
7. **Increased risk of maternal mortality**: Climate change is increasing the risk of maternal mortality due to the increased risk of complications during pregnancy and childbirth, as well as the increased risk of maternal deaths due to heat-related illnesses and other climate-related health problems.
8. **Increased risk of stillbirth**: Climate change is increasing the risk of stillbirth due to the increased risk of maternal complications and the increased risk of exposure to extreme weather events.
9. **Increased risk of maternal mental health problems**: Climate change is increasing the risk of maternal mental health problems, such as anxiety and depression, due to the increased stress and trauma associated with climate-related events.
10. **Increased risk of maternal morbidity**: Climate change is increasing the risk of maternal morbidity, including complications during pregnancy and childbirth, due to the increased risk of exposure to extreme weather events and other climate-related health problems.

To mitigate the impact of climate change on maternal health, it is essential to:

1. **Strengthen healthcare systems**: Strengthen healthcare systems to ensure that they are equipped to respond to the increased demands and challenges associated with climate change.
2. **Increase access to healthcare**: Increase access to healthcare services, including maternal healthcare, for vulnerable populations, such as pregnant women and new mothers.
3. **Promote climate-resilient agriculture**: Promote climate-resilient agriculture to ensure that food security is maintained and that the nutritional needs of pregnant women and new mothers are met.
4. **Implement climate-smart water management**: Implement climate-smart water management practices to ensure that access to clean water is maintained and that the risk of water-borne diseases is minimized.
5. **Support climate change adaptation and resilience**: Support climate change adaptation and resilience efforts, including the development of climate-resilient infrastructure and the implementation of climate-resilient policies and programs.

By taking these steps, we can reduce the impact of climate change on maternal health and ensure that pregnant women and new mothers have access to the healthcare services they need to stay healthy and thrive.",,4.0,4.0,4.0,4064,0.8007698059082031,15.91,0.0,"Climate change is having a significant impact on maternal health worldwide. The effects of climate change on maternal health can be understood through several mechanisms.

**Temperature and Heat Stress**

Rising temperatures and heatwaves can exacerbate heat stress, particularly in regions with limited access to cooling measures. Heat stress can lead to dehydration, electrolyte imbalances, and cardiovascular strain, increasing the risk of maternal mortality and morbidity.

**Water Scarcity and Quality**

Climate change is altering precipitation patterns, leading to droughts and water scarcity in some areas. This can compromise access to clean water for drinking, sanitation, and hygiene, increasing the risk of waterborne diseases, such as cholera and diarrhea, which are major contributors to maternal mortality.

**Food Insecurity and Malnutrition**

Climate-related crop failures and reduced agricultural productivity can lead to food insecurity, particularly in vulnerable communities. Malnutrition, including micronutrient deficiencies, can compromise maternal health, increasing the risk of pregnancy-related complications, such as anemia, pre-eclampsia, and eclampsia.

**Vector-Borne Diseases**

Climate change is altering the distribution and prevalence of vector-borne diseases, such as malaria, dengue fever, and Zika virus. These diseases can increase the risk of maternal mortality and morbidity, particularly in regions with limited access to healthcare and vector control measures.

**Displacement and Migration**

Climate-related displacement and migration can disrupt access to healthcare services, including maternal healthcare. Women in displaced or migrant populations may face increased risks of maternal mortality and morbidity due to limited access to healthcare, sanitation, and hygiene facilities.

**Economic and Social Impacts**

Climate change can also have indirect impacts on maternal health through economic and social mechanisms. For example, climate-related crop failures can lead to economic instability, reducing access to healthcare services and increasing the burden on women to care for their families.

**Key Statistics and Findings**

* According to the World Health Organization (WHO), climate change is projected to increase maternal mortality by 10-20% by 2050.
* A study published in the Lancet found that climate change is responsible for an estimated 150,000 maternal deaths per year.
* The WHO estimates that 1 in 5 maternal deaths is attributable to climate-related factors.

**Conclusion**

Climate change is having a significant impact on maternal health worldwide, with far-reaching consequences for women's health, well-being, and survival. Understanding the mechanisms by which climate change affects maternal health is essential for developing effective strategies to mitigate and adapt to these impacts.",0.8007698059082031,0.0,-0.8007698059082031,4064,2866,-1198,20.501239242685028,20.780587833219414,0.27934859053438643
Femicide,0.6,0.8,0.8,0.8,0.2,0.2,0.8,0.8,0.8,0.6,0.6,gender equality,"Femicide is a term used to describe the killing of women, often by their intimate partners, family members, or other individuals who are supposed to care for and protect them. The term is derived from the words ""feminine"" and ""cide,"" which means ""killing"" or ""murder.""

Femicide is a form of violence against women that is often linked to patriarchal societies and cultures that perpetuate gender-based discrimination and inequality. It can take many forms, including:

1. **Intimate partner violence**: Women are killed by their husbands, boyfriends, or other intimate partners.
2. **Domestic violence**: Women are killed by family members, often in the context of domestic violence.
3. **Honor killings**: Women are killed by their families or communities for perceived transgressions, such as marrying without consent, having premarital sex, or being perceived as ""dishonoring"" their family.
4. **Sex-selective killings**: Women are killed because of their sex, often in the context of a preference for sons over daughters.
5. **Systemic violence**: Women are killed by state or institutional actors, such as police officers, soldiers, or healthcare providers.

Femicide is a significant public health concern, with estimates suggesting that:

* Every day, approximately 137 women are killed by their intimate partners worldwide.
* In some countries, femicide accounts for up to 70% of all homicides against women.
* Femicide is often underreported, with many cases going unrecorded or misclassified as accidents or suicides.

The causes of femicide are complex and multifaceted, but they often include:

* **Patriarchal attitudes**: Societies that perpetuate gender-based discrimination and inequality.
* **Power dynamics**: Women are often seen as inferior to men, leading to a lack of respect and protection.
* **Economic dependence**: Women may be economically dependent on their partners or families, making it difficult for them to leave abusive relationships.
* **Lack of access to resources**: Women may lack access to education, healthcare, and other resources that can help them escape abusive situations.

To prevent femicide, it is essential to address the root causes of violence against women, including:

* **Promoting gender equality**: Encouraging societies to value and respect women's rights and dignity.
* **Providing access to resources**: Ensuring that women have access to education, healthcare, and economic opportunities.
* **Supporting survivors**: Providing support and protection to women who have experienced violence.
* **Holding perpetrators accountable**: Ensuring that those who commit femicide are held accountable for their actions.

Overall, femicide is a serious human rights issue that requires a comprehensive and sustained response from governments, civil society, and individuals.",,4.0,4.0,4.0,2824,0.6681860685348511,14.3,0.0,"Femicide is a term used to describe the killing of women, particularly those who are female, by men. It is a form of violence that is often linked to patriarchal societies and cultures that perpetuate gender-based discrimination and inequality.

The term ""femicide"" was coined in the 1970s by Latin American feminist activists to describe the high rates of violence against women in their region. Since then, the term has gained international recognition and is now used by scholars, activists, and policymakers to describe the phenomenon of violence against women.

Femicide can take many forms, including:

1. Intimate partner violence: Women killed by their husbands, boyfriends, or partners.
2. Domestic violence: Women killed by family members or others in their household.
3. Honor killings: Women killed by their families or communities for perceived transgressions against cultural or social norms.
4. Genocidal violence: Women killed as part of a larger campaign of violence against a particular group or community.
5. State-sponsored violence: Women killed by government agents or officials.

According to the United Nations, an estimated 87,000 women are killed every year as a result of intimate partner violence or other forms of violence. Femicide is a significant public health concern, with women being disproportionately affected by violence and abuse.

The causes of femicide are complex and multifaceted, but some contributing factors include:

1. Patriarchal societies: Societies that perpetuate male dominance and female subordination.
2. Gender-based discrimination: Societies that discriminate against women and girls.
3. Poverty and inequality: Societies with high levels of poverty and inequality.
4. Lack of access to education and economic opportunities: Societies where women have limited access to education and economic opportunities.
5. Cultural and social norms: Societies that perpetuate harmful cultural and social norms, such as the objectification of women or the glorification of violence.

To address femicide, governments, civil society organizations, and individuals must work together to:

1. Promote gender equality and challenge patriarchal norms.
2. Implement policies and laws that protect women's rights and prevent violence.
3. Provide education and economic opportunities for women and girls.
4. Address poverty and inequality.
5. Challenge cultural and social norms that perpetuate violence against women.

It is essential to note that femicide is a preventable form of violence, and efforts to address it require a comprehensive and sustained approach that involves multiple stakeholders and sectors.",0.6681860685348511,0.6737067103385925,0.005520641803741455,2824,2650,-174,17.31904761904762,16.424558139534884,-0.8944894795127354
Breaking Down Barriers for Women in Education,0.8,0.8,0.8,0.4,0.8,0.8,0.8,0.8,0.8,0.4,0.6,gender equality,"""Breaking Down Barriers for Women in Education"" is a concept that refers to the efforts and initiatives aimed at removing obstacles and challenges that prevent women from accessing, participating in, and succeeding in educational institutions. These barriers can be both internal and external, and they vary across different cultures, societies, and educational systems.

Some of the common barriers that women face in education include:

1. **Societal and cultural norms**: In some societies, women are expected to prioritize domestic duties over education and career goals.
2. **Lack of access to education**: Women in rural or disadvantaged areas may have limited access to educational institutions, resources, and opportunities.
3. **Discrimination and bias**: Women may face discriminatory attitudes, stereotypes, and biases from educators, peers, and family members, which can affect their self-esteem, motivation, and academic performance.
4. **Financial constraints**: Women from low-income families may struggle to afford education, particularly if they have to balance education with family responsibilities.
5. **Limited role models and mentors**: Women may lack role models and mentors who can inspire, guide, and support them in their educational and career pursuits.
6. **Time management and caregiving responsibilities**: Women often bear the brunt of caregiving responsibilities, which can make it challenging to balance education with family and work commitments.
7. **Lack of support systems**: Women may not have access to support systems, such as counseling, mentorship, or networking opportunities, which can help them navigate educational and career challenges.

To break down these barriers, various initiatives and strategies have been implemented, including:

1. **Scholarships and financial aid**: Providing financial assistance to women who want to pursue education, particularly in fields where they are underrepresented.
2. **Mentorship programs**: Pairing women with experienced mentors who can offer guidance, support, and networking opportunities.
3. **Education and awareness campaigns**: Raising awareness about the importance of education for women and the benefits of breaking down barriers to education.
4. **Inclusive and supportive educational environments**: Creating educational environments that are inclusive, supportive, and free from bias and discrimination.
5. **Policy and legislative changes**: Advocating for policy and legislative changes that promote equal access to education for women.
6. **Community-based initiatives**: Implementing community-based initiatives that provide education and training opportunities for women, particularly in rural or disadvantaged areas.
7. **Empowerment and leadership programs**: Developing programs that empower women to take leadership roles and become agents of change in their communities.

By breaking down these barriers, women can access education, develop their skills and knowledge, and pursue careers that are fulfilling and rewarding. This, in turn, can lead to economic empowerment, social mobility, and improved overall well-being for women and their families.",,4.0,4.0,4.0,3160,0.6563594341278076,15.77,0.0,"""Breaking Down Barriers for Women in Education"" refers to initiatives and efforts aimed at removing obstacles and inequalities that hinder women's access to education. This concept encompasses various aspects, including:

1. **Historical and cultural context**: Education has traditionally been a male-dominated field, with women facing societal, cultural, and economic barriers to accessing education. These barriers have been perpetuated through laws, policies, and social norms.
2. **Societal and cultural norms**: Women have often been expected to prioritize domestic and caregiving responsibilities over education and career development. This has led to a lack of emphasis on education for women, particularly in certain cultures and societies.
3. **Economic constraints**: Women from low-income backgrounds often face significant financial barriers to accessing education, including tuition fees, living expenses, and opportunity costs.
4. **Lack of access to resources**: Women may lack access to educational resources, such as schools, libraries, and technology, which can hinder their ability to pursue education.
5. **Discriminatory policies and practices**: Women may face discriminatory policies and practices, such as unequal pay, limited job opportunities, and unequal access to education, which can perpetuate inequality.

Efforts to break down these barriers include:

1. **Policy reforms**: Governments and institutions have implemented policies aimed at increasing women's access to education, such as affirmative action, quotas, and scholarships.
2. **Awareness and advocacy**: Organizations and individuals have raised awareness about the importance of education for women and advocated for policy changes and resource allocation.
3. **Education and training programs**: Specialized programs have been established to provide women with the skills and knowledge needed to access education and the workforce.
4. **Scholarships and financial aid**: Organizations and governments have established scholarships and financial aid programs to support women's education.
5. **Community engagement**: Community-based initiatives have been implemented to promote women's education and provide support services, such as childcare and mentorship.

The impact of these efforts has been significant, with:

1. **Increased enrollment rates**: Women's enrollment rates in education have increased, particularly in developing countries.
2. **Improved educational outcomes**: Women's educational outcomes, such as literacy rates and graduation rates, have improved.
3. **Economic empowerment**: Women's economic empowerment has increased, with more women entering the workforce and earning higher incomes.
4. **Social change**: Societal attitudes and norms have shifted, with greater recognition of the importance of women's education and empowerment.

Overall, ""Breaking Down Barriers for Women in Education"" is a complex and multifaceted issue that requires a comprehensive approach to address the various obstacles and inequalities faced by women.",0.6563594341278076,0.8761681318283081,0.2198086977005005,3160,3052,-108,21.232592592592596,21.300840336134453,0.06824774354185692
Anaphylaxis Prevention,0.6,0.6,0.8,0.4,0.2,0.8,0.4,0.8,0.8,0.6,0.6,good health and well-being,"Anaphylaxis prevention refers to the measures taken to prevent anaphylaxis, a severe and potentially life-threatening allergic reaction that can occur within minutes of exposure to an allergen. The goal of anaphylaxis prevention is to minimize the risk of an allergic reaction and ensure that individuals with allergies are prepared to respond in case of an emergency.

**Prevention Strategies:**

1. **Avoidance**: The most effective way to prevent anaphylaxis is to avoid exposure to the allergen that triggers the reaction. This may involve avoiding certain foods, medications, or environmental allergens.
2. **Allergy Testing**: Regular allergy testing can help identify potential allergens and inform prevention strategies.
3. **Medication**: Individuals with a history of anaphylaxis may be prescribed epinephrine auto-injectors (e.g., EpiPen) to carry with them at all times. These devices can help alleviate symptoms of anaphylaxis if administered promptly.
4. **Education**: Educating individuals with allergies, their families, and caregivers about anaphylaxis prevention and emergency response is crucial.
5. **Labeling and Disclosure**: Food manufacturers and healthcare providers must label and disclose potential allergens to ensure that individuals with allergies can make informed decisions about their diet and environment.
6. **Emergency Planning**: Developing an emergency plan with a healthcare provider, including identifying emergency contact numbers and procedures for administering epinephrine, can help ensure a rapid response in case of anaphylaxis.
7. **Regular Review**: Regular review and update of allergy plans and emergency procedures can help ensure that prevention strategies remain effective.

**Key Players in Anaphylaxis Prevention:**

1. **Individuals with Allergies**: Individuals with allergies must take an active role in preventing anaphylaxis by avoiding allergens, carrying epinephrine auto-injectors, and educating others about their allergies.
2. **Healthcare Providers**: Healthcare providers play a crucial role in diagnosing allergies, prescribing medications, and educating individuals with allergies about prevention strategies.
3. **Food Manufacturers**: Food manufacturers must label and disclose potential allergens to ensure that individuals with allergies can make informed decisions about their diet.
4. **Schools and Workplaces**: Schools and workplaces must develop emergency plans and provide education and training on anaphylaxis prevention and response.

**Benefits of Anaphylaxis Prevention:**

1. **Reduced Risk of Anaphylaxis**: Effective prevention strategies can significantly reduce the risk of anaphylaxis.
2. **Improved Emergency Response**: Education and planning can ensure a rapid and effective response in case of anaphylaxis.
3. **Increased Confidence**: Individuals with allergies can feel more confident and prepared when they have a solid understanding of anaphylaxis prevention and emergency response.

Overall, anaphylaxis prevention requires a collaborative effort from individuals with allergies, healthcare providers, food manufacturers, schools, and workplaces to minimize the risk of anaphylaxis and ensure a rapid and effective response in case of an emergency.",,4.0,4.0,4.0,3247,0.0,12.98,0.0,"Anaphylaxis prevention refers to the measures taken to prevent or minimize the occurrence of anaphylaxis, a severe and potentially life-threatening allergic reaction. Anaphylaxis is a systemic allergic reaction that can be triggered by various allergens, such as food, insect stings, medications, or latex.

Prevention strategies typically involve identifying and avoiding known allergens, as well as taking steps to mitigate the risk of anaphylaxis in individuals who are at high risk. Some common prevention measures include:

1. **Allergen avoidance**: Identifying and avoiding known allergens, such as peanuts or tree nuts, to prevent exposure and reduce the risk of anaphylaxis.
2. **Carrying emergency medication**: Carrying an epinephrine auto-injector, such as an EpiPen, to administer in the event of an anaphylactic reaction.
3. **Developing an emergency plan**: Creating a plan with family members, caregivers, and healthcare providers to respond to an anaphylactic reaction, including knowing the signs and symptoms and how to administer emergency medication.
4. **Regular medical check-ups**: Regularly monitoring and managing allergies with healthcare providers to identify potential triggers and adjust prevention strategies as needed.
5. **Education and awareness**: Educating individuals, families, and caregivers about anaphylaxis, its symptoms, and prevention strategies to ensure prompt recognition and response.

Prevention measures may also involve:

1. **Allergen immunotherapy**: A treatment that involves gradually exposing individuals to small amounts of an allergen to build up tolerance and reduce the risk of anaphylaxis.
2. **Medication management**: Managing medications that may trigger anaphylaxis, such as antibiotics or pain medications.
3. **Environmental modifications**: Modifying the environment to reduce exposure to allergens, such as removing peanuts from the workplace or school.

Overall, anaphylaxis prevention involves a combination of individual and environmental measures to minimize the risk of anaphylaxis and ensure prompt recognition and response in the event of a reaction.",0.0,0.0,0.0,3247,2126,-1121,22.235265700483094,23.022189494354443,0.7869237938713489
Climate Adaptation and Gender,0.6,0.8,0.8,0.6,0.2,0.8,0.8,0.8,0.8,0.8,0.6,climate action,"""Climate Adaptation and Gender"" refers to the intersection of climate change adaptation and gender, highlighting the different ways in which climate change impacts men and women, and the importance of considering gender in climate adaptation strategies.

**Why is gender relevant in climate adaptation?**

Climate change affects people differently based on their gender, due to various factors such as:

1. **Different livelihoods**: Women are often more dependent on natural resources for their livelihoods, such as agriculture, water collection, and fuelwood gathering. Climate change impacts these activities, affecting women's economic security.
2. **Social roles**: Women are often responsible for caring for family members, particularly children and the elderly. Climate-related stressors, such as heat stress, can exacerbate these caregiving responsibilities.
3. **Access to resources**: Women may have limited access to resources, such as land, credit, and information, which can hinder their ability to adapt to climate change.
4. **Vulnerability**: Women are often more vulnerable to climate-related disasters, such as floods and droughts, due to their limited access to resources and social protection.

**Key aspects of climate adaptation and gender:**

1. **Gender-sensitive climate policies**: Climate policies should consider the different needs and capacities of men and women to ensure that adaptation strategies are effective and equitable.
2. **Women's empowerment**: Empowering women through education, economic opportunities, and social protection can enhance their ability to adapt to climate change.
3. **Inclusive decision-making**: Involving women in decision-making processes related to climate adaptation can ensure that their needs and perspectives are considered.
4. **Addressing gender-based violence**: Climate-related stressors can exacerbate gender-based violence, such as domestic violence and intimate partner violence.
5. **Supporting women's leadership**: Women's leadership and participation in climate adaptation efforts can help ensure that their perspectives and needs are integrated into decision-making processes.

**Benefits of considering gender in climate adaptation:**

1. **Improved effectiveness**: Climate adaptation strategies that consider gender are more likely to be effective and sustainable.
2. **Increased equity**: Addressing gender disparities in climate adaptation can help ensure that the benefits and burdens of climate change are shared more equitably.
3. **Enhanced resilience**: Climate-resilient communities that consider gender are more likely to be resilient and able to adapt to climate-related stressors.

**Challenges and opportunities:**

1. **Limited data**: There is a need for more data on the impacts of climate change on men and women, particularly in developing countries.
2. **Social and cultural norms**: Social and cultural norms can hinder women's participation in climate adaptation efforts.
3. **Institutional barriers**: Institutional barriers, such as lack of representation and decision-making power, can limit women's participation in climate adaptation efforts.
4. **Opportunities for innovation**: Considering gender in climate adaptation can lead to innovative solutions and approaches that benefit both men and women.

In conclusion, climate adaptation and gender are interconnected, and considering gender is essential for effective and equitable climate adaptation strategies. By addressing the different needs and capacities of men and women, we can build more resilient and climate-resilient communities.",,4.0,4.0,4.0,3600,0.0,14.2,0.0,"Climate adaptation refers to the process of adjusting to the impacts of climate change, such as rising temperatures, changing precipitation patterns, and increased frequency of extreme weather events. Gender is a social construct that refers to the roles, behaviors, and expectations associated with being male or female in a particular culture.

The intersection of climate adaptation and gender is a critical area of study, as it highlights the differential impacts of climate change on men and women. Research has shown that climate change disproportionately affects women, who are often more vulnerable to its impacts due to their roles in agriculture, water collection, and household management.

Several factors contribute to the gendered impacts of climate adaptation:

1. **Access to resources**: Women often have limited access to resources such as land, credit, and technology, making it difficult for them to adapt to climate change.
2. **Labor and workload**: Women typically bear the brunt of household responsibilities, including food production, water collection, and childcare, which are often affected by climate change.
3. **Social and cultural norms**: Traditional gender roles and social norms can limit women's participation in decision-making processes related to climate adaptation.
4. **Vulnerability to climate-related hazards**: Women are often more vulnerable to climate-related hazards such as floods, droughts, and heatwaves due to their roles in agriculture and household management.

To address these challenges, climate adaptation strategies must be designed with a gender perspective in mind. This includes:

1. **Involving women in decision-making**: Women should be included in decision-making processes related to climate adaptation to ensure that their needs and concerns are addressed.
2. **Providing access to resources**: Efforts should be made to provide women with access to resources such as land, credit, and technology to support their adaptation efforts.
3. **Addressing labor and workload**: Strategies should be developed to address the labor and workload burdens on women, such as providing support for childcare and household management.
4. **Promoting social and cultural change**: Efforts should be made to promote social and cultural change that supports women's participation in climate adaptation efforts.

By incorporating a gender perspective into climate adaptation strategies, it is possible to reduce the disproportionate impacts of climate change on women and promote more equitable and effective adaptation outcomes.",0.0,0.0,0.0,3600,2578,-1022,19.863517395467603,17.788685636856368,-2.0748317586112357
The Role of Antioxidants in Reducing Telomere Shortening,0.6,0.8,0.8,0.4,0.8,0.8,0.4,0.8,0.8,0.8,0.6,good health and well-being,"Let's dive into the fascinating world of antioxidants and telomeres.

**What are Telomeres?**

Telomeres are repetitive DNA sequences (TTAGGG in humans) that cap the ends of chromosomes, protecting them from deterioration and fusion with neighboring chromosomes. Telomeres act like the plastic tips on shoelaces, preventing fraying and degradation of the chromosome.

**What happens when Telomeres Shorten?**

As we age, our telomeres naturally shorten due to the wear and tear of cellular processes, such as DNA replication and repair. When telomeres become too short, the cell can no longer divide, leading to cellular aging and eventually, cell death. This process is associated with various age-related diseases, including cancer, cardiovascular disease, and neurodegenerative disorders.

**The Role of Antioxidants in Reducing Telomere Shortening**

Antioxidants are molecules that neutralize free radicals, which are unstable molecules that can cause oxidative stress and damage to cellular components, including telomeres. By reducing oxidative stress, antioxidants can help mitigate telomere shortening and promote healthy telomere maintenance.

Here are some ways antioxidants can help reduce telomere shortening:

1. **Neutralizing free radicals**: Antioxidants like vitamins C and E, beta-carotene, and polyphenols (found in fruits, vegetables, and tea) can neutralize free radicals, reducing oxidative stress and telomere shortening.
2. **Protecting telomerase activity**: Telomerase is an enzyme that maintains telomere length by adding nucleotides to the telomere ends. Antioxidants like resveratrol (found in grapes and wine) can protect telomerase activity, promoting telomere maintenance.
3. **Reducing inflammation**: Chronic inflammation can lead to telomere shortening. Antioxidants like omega-3 fatty acids and curcumin (found in turmeric) can reduce inflammation, which in turn can help maintain telomere length.
4. **Promoting telomere repair**: Antioxidants like N-acetyl cysteine (NAC) can promote telomere repair by stimulating the activity of telomere-related genes.

**Examples of Antioxidants that Can Help Reduce Telomere Shortening**

Some examples of antioxidants that have been shown to reduce telomere shortening include:

* Vitamins C and E
* Beta-carotene
* Polyphenols (found in fruits, vegetables, and tea)
* Resveratrol (found in grapes and wine)
* Omega-3 fatty acids
* Curcumin (found in turmeric)
* N-acetyl cysteine (NAC)

**Conclusion**

In conclusion, antioxidants play a crucial role in reducing telomere shortening by neutralizing free radicals, protecting telomerase activity, reducing inflammation, and promoting telomere repair. By incorporating antioxidant-rich foods and supplements into your diet, you may be able to promote healthy telomere maintenance and reduce the risk of age-related diseases.",,4.0,4.0,4.0,2851,0.8786265850067139,14.01,0.0,"Telomeres are repetitive nucleotide sequences located at the ends of chromosomes, protecting them from deterioration and fusion with neighboring chromosomes. Telomere shortening is a natural process that occurs with each cell division, leading to cellular aging and eventual cell death.

Antioxidants are molecules that neutralize free radicals, which are unstable molecules that can cause oxidative stress and damage to cellular components, including DNA. Oxidative stress is a state of imbalance between the production of free radicals and the body's ability to neutralize them, leading to cellular damage.

Research suggests that oxidative stress contributes to telomere shortening by causing DNA damage and activating telomerase, an enzyme that shortens telomeres. Antioxidants, such as vitamins C and E, beta-carotene, and polyphenols, can mitigate oxidative stress by neutralizing free radicals and reducing DNA damage.

Studies have shown that antioxidants can slow down telomere shortening in various cell types, including human cells. For example, a study published in the journal ""Free Radical Biology & Medicine"" found that supplementation with vitamin C and E reduced telomere shortening in human lymphocytes.

The mechanisms by which antioxidants reduce telomere shortening are not fully understood, but several theories have been proposed:

1. Neutralization of free radicals: Antioxidants can neutralize free radicals, reducing oxidative stress and DNA damage.
2. Activation of telomerase: Antioxidants may activate telomerase, which can maintain telomere length.
3. Reduction of inflammation: Antioxidants can reduce inflammation, which is associated with oxidative stress and telomere shortening.

While the evidence suggests that antioxidants can reduce telomere shortening, it is essential to note that the relationship between antioxidants and telomere length is complex and influenced by various factors, including the type and dose of antioxidant, individual variability, and the presence of other health conditions.

In conclusion, antioxidants may play a role in reducing telomere shortening by neutralizing free radicals, activating telomerase, and reducing inflammation. However, further research is needed to fully understand the mechanisms and potential benefits of antioxidant supplementation on telomere length.",0.8786265850067139,0.0,-0.8786265850067139,2851,2341,-510,22.597079085147428,23.86616977225673,1.2690906871093013
Weathering the Impacts of Climate Extremes,0.8,0.8,0.8,0.8,0.8,0.4,0.8,0.8,0.8,0.8,0.6,climate action,"""Weathering the Impacts of Climate Extremes"" is a phrase that refers to the ability of individuals, communities, and societies to prepare for, respond to, and recover from the effects of extreme weather events and climate-related disasters. These events can include:

1. **Heatwaves**: Prolonged periods of abnormally hot weather.
2. **Droughts**: Prolonged periods of abnormally dry weather.
3. **Flooding**: Excessive rainfall or storm surges that cause water to overflow onto land.
4. **Hurricanes**: Powerful tropical cyclones with strong winds and heavy rainfall.
5. **Wildfires**: Uncontrolled fires that spread quickly in wildland areas.
6. **Tornadoes**: Rotating columns of air that touch the ground and cause damage.
7. **Blizzards**: Severe snowstorms with strong winds and low visibility.
8. **Storm surges**: Rising sea levels caused by storms that can flood coastal areas.

The impacts of climate extremes can be severe, including:

1. **Loss of life**: Direct and indirect fatalities due to extreme weather events.
2. **Property damage**: Destruction of homes, businesses, and infrastructure.
3. **Economic disruption**: Disruption to supply chains, trade, and economic activity.
4. **Food and water scarcity**: Shortages of essential resources due to extreme weather events.
5. **Mental health impacts**: Trauma, stress, and anxiety caused by experiencing or witnessing extreme weather events.

To ""weather the impacts"" of climate extremes, communities and individuals can take various measures, including:

1. **Early warning systems**: Implementing systems to detect and alert people to impending extreme weather events.
2. **Emergency preparedness**: Developing plans and stockpiling resources to respond to extreme weather events.
3. **Infrastructure resilience**: Designing and building infrastructure that can withstand extreme weather conditions.
4. **Climate-resilient agriculture**: Implementing farming practices that can adapt to changing weather patterns.
5. **Community engagement**: Educating and engaging communities in climate resilience and emergency preparedness.
6. **Insurance and risk management**: Implementing insurance and risk management strategies to mitigate economic losses.
7. **Research and development**: Investing in research and development to improve our understanding of climate extremes and develop new technologies to mitigate their impacts.

By taking these measures, communities and individuals can reduce the risks and impacts of climate extremes, and ""weather the storm"" with greater resilience and preparedness.",,4.0,4.0,4.0,2569,0.5527320504188538,12.8,0.0,"""Weathering the Impacts of Climate Extremes"" refers to the ability of individuals, communities, and societies to withstand and recover from the effects of extreme weather events, such as hurricanes, droughts, heatwaves, and floods, which are becoming more frequent and intense due to climate change.

**Definition:** Climate extremes are weather events that exceed the normal range of temperature, precipitation, or other meteorological conditions, causing significant impacts on human health, infrastructure, and the environment.

**Causes:** Climate change is a primary driver of climate extremes, as it alters atmospheric circulation patterns, leading to more frequent and intense heatwaves, droughts, and heavy precipitation events. Other contributing factors include urbanization, land use changes, and population growth, which can exacerbate the impacts of climate extremes.

**Impacts:** Climate extremes can have severe consequences, including:

1. Loss of life and injury
2. Damage to infrastructure, such as buildings, roads, and bridges
3. Disruption of essential services, such as power, water, and communication
4. Economic losses, including damage to agriculture, industry, and tourism
5. Social and cultural impacts, including displacement, migration, and mental health effects

**Mechanisms:** To weather the impacts of climate extremes, individuals and communities can employ various strategies, including:

1. **Early warning systems:** Providing timely and accurate information about impending extreme weather events
2. **Risk assessment and planning:** Identifying vulnerabilities and developing plans to mitigate and respond to climate extremes
3. **Infrastructure resilience:** Designing and maintaining infrastructure that can withstand extreme weather conditions
4. **Community preparedness:** Educating and engaging communities in climate resilience efforts
5. **Adaptation and mitigation:** Implementing measures to reduce greenhouse gas emissions and adapt to the impacts of climate change

**Examples:** Successful examples of weathering the impacts of climate extremes include:

1. **Hurricane preparedness:** Communities in the Caribbean and Southeastern United States have developed robust early warning systems and evacuation plans to mitigate the impacts of hurricanes.
2. **Drought management:** Farmers in Australia and California have implemented water-saving measures and developed drought-resistant crops to cope with prolonged droughts.
3. **Heatwave response:** Cities in Europe and Asia have implemented heatwave response plans, including public education campaigns and emergency services to protect vulnerable populations.

In conclusion, ""weathering the impacts of climate extremes"" requires a comprehensive approach that involves understanding the causes and consequences of climate extremes, developing effective early warning systems and risk assessment strategies, and implementing adaptation and mitigation measures to reduce vulnerability and enhance resilience.",0.5527320504188538,0.0,-0.5527320504188538,2569,3011,442,15.797885057471266,19.791681249158703,3.993796191687437
Inclusive Curriculum Design,0.6,0.8,0.8,0.6,0.8,0.8,0.6,0.8,0.8,0.6,0.6,gender equality,"Inclusive Curriculum Design is an approach to designing educational curricula that aims to ensure that all students, regardless of their background, culture, ability, or identity, have equal access to learning and are able to engage with the curriculum in a meaningful way. The goal of inclusive curriculum design is to create a learning environment that values diversity and promotes equity, social justice, and human rights.

Key principles of Inclusive Curriculum Design:

1. **Student-centered**: The curriculum is designed around the needs, interests, and experiences of students, rather than the teacher or the subject matter.
2. **Diversity and inclusion**: The curriculum reflects the diversity of students' backgrounds, cultures, and identities, and promotes a sense of belonging and inclusivity.
3. **Accessibility**: The curriculum is designed to be accessible to all students, including those with disabilities, English language learners, and students from diverse cultural backgrounds.
4. **Relevance**: The curriculum is relevant to students' lives and experiences, and helps them develop a sense of purpose and connection to the subject matter.
5. **Flexibility**: The curriculum allows for flexibility and adaptability to meet the diverse needs of students.
6. **Assessment for learning**: The curriculum includes assessment strategies that focus on learning and improvement, rather than just testing and evaluation.
7. **Teacher professional development**: Teachers are provided with ongoing professional development to support their understanding of inclusive curriculum design and to develop their skills in implementing it.

Key features of Inclusive Curriculum Design:

1. **Contextualized learning**: Learning is contextualized within students' everyday lives and experiences.
2. **Student voice and agency**: Students are encouraged to take ownership of their learning and have a say in the curriculum design process.
3. **Culturally responsive teaching**: Teachers use culturally responsive teaching practices to engage students from diverse backgrounds.
4. **Inquiry-based learning**: Learning is inquiry-based, allowing students to explore and investigate topics of interest to them.
5. **Technology integration**: Technology is integrated into the curriculum to enhance student learning and engagement.
6. **Feedback and reflection**: Students receive regular feedback and are encouraged to reflect on their learning.
7. **Continuous improvement**: The curriculum is regularly reviewed and updated to ensure it remains relevant and effective.

Benefits of Inclusive Curriculum Design:

1. **Improved student engagement**: Students are more likely to engage with the curriculum and feel motivated to learn.
2. **Increased student achievement**: Students from diverse backgrounds are more likely to achieve academic success.
3. **Enhanced teacher practice**: Teachers develop their skills and confidence in teaching diverse students.
4. **Better preparation for the 21st century**: Students are better prepared for the complexities and challenges of the 21st century.
5. **More inclusive and equitable learning environment**: The curriculum promotes a more inclusive and equitable learning environment, where all students feel valued and respected.

Overall, Inclusive Curriculum Design is an approach that prioritizes student-centered learning, diversity, and inclusion, and aims to create a more equitable and just learning environment for all students.",,4.0,4.0,4.0,3480,0.0,13.65,0.0,"Inclusive Curriculum Design refers to the process of creating educational materials and learning experiences that cater to the diverse needs and backgrounds of students. This approach aims to promote equity, accessibility, and social justice in education.

Key principles of Inclusive Curriculum Design include:

1. **Diversity and representation**: Incorporating diverse perspectives, experiences, and cultures into the curriculum to reflect the complexity of the world.
2. **Accessibility**: Ensuring that learning materials and experiences are accessible to students with disabilities, language barriers, or other challenges.
3. **Inclusive language**: Using language that is respectful and inclusive of all students, avoiding bias and stereotypes.
4. **Contextualization**: Situating learning within the students' own experiences and contexts to promote relevance and engagement.
5. **Flexibility and choice**: Offering flexible learning pathways and choices to accommodate different learning styles and needs.

Inclusive Curriculum Design involves several strategies, including:

1. **Needs assessment**: Identifying the diverse needs and backgrounds of students to inform curriculum design.
2. **Collaboration**: Working with students, teachers, and community members to co-create inclusive learning experiences.
3. **Curriculum mapping**: Analyzing and revising the curriculum to ensure it is inclusive and equitable.
4. **Assessment and feedback**: Regularly assessing and refining the curriculum to ensure it meets the needs of all students.

The benefits of Inclusive Curriculum Design include:

1. **Improved student engagement**: Students feel more connected to the learning experience when their diverse needs and backgrounds are acknowledged.
2. **Increased student success**: Inclusive learning experiences can lead to better academic outcomes and increased student motivation.
3. **Enhanced teacher practice**: Teachers develop a deeper understanding of their students' needs and backgrounds, leading to more effective teaching practices.
4. **Promoting social justice**: Inclusive Curriculum Design can help to address systemic inequalities and promote social justice in education.

Overall, Inclusive Curriculum Design is a deliberate and intentional approach to creating learning experiences that value and respect the diversity of students.",0.0,0.5523034334182739,0.5523034334182739,3480,2360,-1120,18.288268907563026,18.432262474367736,0.14399356680470987
Community and Social Capital,0.8,0.8,0.8,0.6,0.8,0.8,0.8,0.8,0.8,0.6,0.6,good health and well-being,"""Community and Social Capital"" is a concept that refers to the social networks, norms, and trust that exist within a community, enabling its members to work together, cooperate, and achieve common goals. It's a vital aspect of social cohesion and collective well-being. Here's a breakdown:

**Key Components:**

1. **Social Networks**: The web of relationships and interactions among individuals within a community.
2. **Trust**: The confidence that community members have in one another, which facilitates cooperation and collaboration.
3. **Reciprocity**: The expectation that community members will help and support each other in times of need.
4. **Social Norms**: The unwritten rules and expectations that govern behavior within the community.
5. **Collective Efficacy**: The shared sense of ability and confidence among community members to address common problems and achieve goals.

**Characteristics of Strong Social Capital:**

1. **Strong social connections**: Community members know and interact with each other.
2. **High levels of trust**: Community members trust one another to act in their best interests.
3. **Active participation**: Community members engage in collective activities and decision-making processes.
4. **Sense of belonging**: Community members feel connected to and invested in the community.
5. **Effective conflict resolution**: Community members can resolve disputes and disagreements in a constructive manner.

**Benefits of Strong Social Capital:**

1. **Improved health and well-being**: Strong social connections and trust can lead to better mental and physical health.
2. **Increased economic opportunities**: Community members can work together to create economic opportunities and support local businesses.
3. **Enhanced civic engagement**: Community members are more likely to participate in local decision-making processes and volunteer for community projects.
4. **Better education outcomes**: Strong social capital can lead to improved educational attainment and academic achievement.
5. **Increased resilience**: Community members can better withstand and recover from adversity, such as natural disasters or economic downturns.

**Challenges to Building and Maintaining Social Capital:**

1. **Urbanization and migration**: Changes in population demographics can disrupt social networks and trust.
2. **Socioeconomic inequality**: Disparities in income and wealth can lead to social exclusion and decreased trust.
3. **Lack of community engagement**: Community members may not participate in local decision-making processes or community activities.
4. **Conflicts and power struggles**: Disputes and power struggles can erode trust and social capital.
5. **External factors**: External events, such as economic crises or natural disasters, can strain social capital.

In summary, community and social capital are essential for building strong, resilient communities that can address common challenges and achieve collective goals. By fostering social connections, trust, and collective efficacy, communities can improve the well-being of their members and create a more just and equitable society.",,4.0,4.0,4.0,3146,0.7562878727912903,12.66,0.0,"Community and social capital refer to the networks, relationships, and institutions that exist within a community, enabling individuals to work together, share resources, and achieve common goals.

**Definition:**

Social capital is a concept developed by sociologists Robert Putnam and others to describe the social connections and relationships that exist within a community. It encompasses the trust, norms, and networks that facilitate cooperation and collective action among individuals and groups.

**Components:**

Social capital consists of three main components:

1. **Bonds**: The relationships between individuals, including friendships, family ties, and community connections.
2. **Linkages**: The connections between individuals and groups, including social networks, community organizations, and institutions.
3. **Norms**: The shared values, expectations, and rules that govern behavior within a community.

**Functions:**

Social capital performs several functions, including:

1. **Information sharing**: Social capital facilitates the exchange of information, ideas, and resources among community members.
2. **Trust building**: Social capital helps to establish trust among community members, enabling cooperation and collective action.
3. **Conflict resolution**: Social capital provides mechanisms for resolving conflicts and disputes within the community.
4. **Resource mobilization**: Social capital enables community members to access resources, such as financial, human, and material resources.

**Types of Social Capital:**

There are several types of social capital, including:

1. **Bonding social capital**: The relationships between individuals within a community, such as friendships and family ties.
2. **Bridging social capital**: The connections between individuals and groups across different communities, such as social networks and community organizations.
3. **Linking social capital**: The connections between individuals and institutions, such as government agencies and non-profit organizations.

**Community:**

Community refers to a group of individuals who share a common identity, interest, or goal. Communities can be defined by geographic location, cultural background, or other characteristics.

**Relationship between Community and Social Capital:**

The relationship between community and social capital is reciprocal. Social capital is a key component of community, as it enables community members to work together and achieve common goals. Conversely, community provides the context in which social capital can develop and flourish.

**Implications:**

Understanding community and social capital has implications for various fields, including:

1. **Urban planning**: Designing communities that promote social capital and community engagement.
2. **Public health**: Developing interventions that leverage social capital to improve health outcomes.
3. **Economic development**: Fostering social capital to promote economic growth and development.
4. **Education**: Creating educational programs that cultivate social capital and community engagement.

In summary, community and social capital are interconnected concepts that refer to the networks, relationships, and institutions that exist within a community. Social capital is a key component of community, enabling individuals to work together and achieve common goals.",0.7562878727912903,0.0,-0.7562878727912903,3146,3374,228,17.048865153538053,17.997235023041476,0.9483698695034235
The Rise of Femicom and Gender Literature,0.6,0.8,0.8,0.6,0.2,0.8,0.8,0.8,0.8,0.6,0.6,gender equality,"""The Rise of Femicom and Gender Literature"" refers to the growing interest and recognition of feminist literature and comics (femicom) in recent years, particularly among scholars, readers, and the publishing industry. This phenomenon is characterized by a surge in publications, academic research, and public engagement with feminist comics, graphic novels, and literature that explores themes of gender, identity, and social justice.

**Key aspects of Femicom and Gender Literature:**

1. **Feminist perspectives**: Femicom and gender literature often feature stories, characters, and themes that challenge traditional notions of femininity, masculinity, and power dynamics. These works frequently explore issues like sexism, patriarchy, and intersectional feminism.
2. **Graphic novels and comics**: Femicom specifically refers to the growing body of feminist comics and graphic novels that use visual storytelling to convey complex ideas and emotions. These works often blend traditional comic book formats with literary and artistic techniques.
3. **Intersectional feminism**: Femicom and gender literature frequently incorporate intersectional feminist perspectives, acknowledging the diverse experiences and identities of women and non-binary individuals across different racial, ethnic, and socioeconomic backgrounds.
4. **Diverse storytelling**: These works often feature diverse protagonists, settings, and themes, reflecting the complexity and richness of women's experiences and perspectives.
5. **Academic recognition**: Femicom and gender literature have gained significant attention in academic circles, with scholars from various disciplines (e.g., literature, comics studies, women's studies, sociology) conducting research and publishing papers on these topics.

**Notable examples and milestones:**

1. **Persepolis** (2003) by Marjane Satrapi: A graphic novel that explores the experiences of a young Iranian woman during the Iranian Revolution.
2. **Fun Home** (2006) by Alison Bechdel: A graphic memoir that explores the author's experiences with identity, family, and queerness.
3. **Ms. Marvel** (2014) by G. Willow Wilson and Adrian Alphona: A comic book series that follows the adventures of a teenage Pakistani-American Muslim superheroine.
4. **The Argonauts** (2015) by Maggie Nelson: A memoir that explores the author's experiences with love, identity, and queerness.
5. **The rise of feminist publishers**: Publishers like Drawn & Quarterly, Fantagraphics, and Image Comics have released numerous feminist comics and graphic novels, catering to a growing demand for these types of works.

**Impact and significance:**

The rise of Femicom and gender literature reflects a broader cultural shift towards greater recognition and celebration of feminist perspectives and experiences. These works have:

1. **Expanded the comic book medium**: Femicom has pushed the boundaries of traditional comic book storytelling, incorporating literary and artistic techniques to convey complex ideas and emotions.
2. **Provided a platform for diverse voices**: Femicom and gender literature have given a voice to underrepresented communities, challenging dominant narratives and promoting greater understanding and empathy.
3. **Fostered a sense of community**: The growth of Femicom and gender literature has created a sense of community among readers, scholars, and creators, who share a passion for exploring and celebrating feminist perspectives.

Overall, the rise of Femicom and gender literature reflects a significant shift in the cultural and literary landscape, as feminist perspectives and experiences gain greater recognition and celebration.",,4.0,4.0,4.0,3669,0.6837738156318665,14.95,0.0,"The term ""Femicom"" refers to a genre of literature that focuses on the experiences and perspectives of women, often exploring themes of femininity, identity, and social justice. Femicom literature emerged in the 20th century, particularly in the 1960s and 1970s, as a response to the patriarchal dominance of traditional literature.

The rise of Femicom literature can be attributed to several factors:

1. **Feminist movement**: The feminist movement of the 1960s and 1970s sought to challenge patriarchal norms and promote women's rights. Femicom literature became a platform for women to express their experiences, perspectives, and voices, which were previously marginalized or silenced.
2. **Postmodernism and poststructuralism**: The literary movements of postmodernism and poststructuralism, which emerged in the mid-20th century, challenged traditional notions of literature and encouraged experimentation with form, style, and narrative. Femicom literature often incorporated these experimental approaches to create new forms of storytelling.
3. **Increased representation**: Femicom literature sought to increase representation of women's experiences and perspectives in literature, which had previously been dominated by male authors and protagonists. This led to a proliferation of female authors, characters, and narrative voices.

Key characteristics of Femicom literature include:

1. **Feminist themes**: Femicom literature often explores themes of femininity, identity, and social justice, challenging patriarchal norms and promoting women's rights.
2. **Experimental forms**: Femicom literature often employs experimental forms, such as non-linear narrative structures, fragmented narratives, and multiple narrative voices.
3. **Focus on female experiences**: Femicom literature prioritizes the experiences and perspectives of women, often exploring themes of motherhood, relationships, and personal identity.

Notable authors associated with the Femicom movement include:

1. **Simone de Beauvoir**: A French philosopher and feminist writer, known for her influential work ""The Second Sex"" (1949).
2. **Betty Friedan**: An American feminist writer and activist, known for her influential work ""The Feminine Mystique"" (1963).
3. **Margaret Atwood**: A Canadian novelist, poet, and feminist writer, known for her works such as ""The Handmaid's Tale"" (1985) and ""The Blind Assassin"" (2000).

The rise of Femicom literature has had a significant impact on the literary landscape, contributing to:

1. **Increased representation**: Femicom literature has increased representation of women's experiences and perspectives in literature, challenging patriarchal norms and promoting diversity.
2. **New forms of storytelling**: Femicom literature has experimented with new forms of storytelling, pushing the boundaries of traditional narrative structures and styles.
3. **Feminist scholarship**: Femicom literature has contributed to feminist scholarship, exploring themes of femininity, identity, and social justice.

In conclusion, the rise of Femicom and Gender Literature reflects a response to patriarchal dominance in traditional literature, seeking to increase representation, challenge norms, and promote diversity.",0.6837738156318665,0.0,-0.6837738156318665,3669,3232,-437,19.643939393939394,20.22265275707899,0.5787133631395953
Adrenal Function,0.6,0.6,0.8,0.6,0.8,0.6,0.6,0.8,0.8,0.8,0.6,good health and well-being,"Adrenal function refers to the role of the adrenal glands in producing hormones that regulate various bodily functions. The adrenal glands are two small, triangular-shaped glands located on top of the kidneys that play a crucial role in the body's response to stress, regulating blood pressure, and maintaining electrolyte balance.

**Functions of the Adrenal Glands:**

1. **Cortisol production:** The adrenal glands produce cortisol, a hormone that helps the body respond to stress, regulates blood sugar levels, and aids in the metabolism of fat, protein, and carbohydrates.
2. **Aldosterone production:** The adrenal glands produce aldosterone, a hormone that helps regulate electrolyte balance and blood pressure by controlling the amount of sodium and potassium in the blood.
3. **Adrenaline (Epinephrine) production:** The adrenal glands produce adrenaline, a hormone that prepares the body for ""fight or flight"" responses, such as increased heart rate, blood pressure, and energy levels.
4. **Sex hormone production:** The adrenal glands produce small amounts of sex hormones, such as androgens and estrogens, which play a role in the development of secondary sex characteristics.

**Regulation of Adrenal Function:**

The adrenal glands are regulated by the hypothalamus, a small region in the brain that acts as the body's ""stress center."" The hypothalamus produces hormones that stimulate or inhibit the production of cortisol and other hormones by the adrenal glands.

**Imbalances in Adrenal Function:**

Imbalances in adrenal function can lead to various health problems, including:

1. **Cushing's syndrome:** Excessive cortisol production can lead to weight gain, high blood pressure, and other symptoms.
2. **Addison's disease:** Insufficient cortisol production can lead to fatigue, weight loss, and other symptoms.
3. **Adrenal insufficiency:** Insufficient production of cortisol and other hormones can lead to fatigue, weight loss, and other symptoms.
4. **Adrenal fatigue:** A condition characterized by chronic fatigue, insomnia, and other symptoms, often associated with chronic stress and cortisol imbalance.

**Factors that Affect Adrenal Function:**

1. **Chronic stress:** Prolonged stress can lead to adrenal fatigue and cortisol imbalance.
2. **Sleep deprivation:** Poor sleep quality and duration can affect adrenal function.
3. **Nutritional deficiencies:** Deficiencies in vitamins and minerals, such as vitamin C and magnesium, can affect adrenal function.
4. **Hormonal imbalances:** Imbalances in other hormones, such as thyroid hormones, can affect adrenal function.

In summary, adrenal function plays a crucial role in regulating various bodily functions, including stress response, blood pressure, and electrolyte balance. Imbalances in adrenal function can lead to various health problems, and factors such as chronic stress, sleep deprivation, and nutritional deficiencies can affect adrenal function.",,4.0,4.0,4.0,2943,0.0,13.29,0.0,"Adrenal function refers to the physiological processes carried out by the adrenal glands, two small endocrine glands located on top of the kidneys. The adrenal glands produce and secrete various hormones that regulate various bodily functions.

The adrenal glands consist of two distinct parts: the adrenal cortex and the adrenal medulla. The adrenal cortex produces and secretes three main types of hormones:

1. **Glucocorticoids**: These hormones, such as cortisol, regulate metabolism, immune response, and stress response. They help the body respond to stress, regulate blood sugar levels, and aid in the metabolism of fat, protein, and carbohydrates.
2. **Mineralocorticoids**: These hormones, such as aldosterone, regulate electrolyte balance and blood pressure. They help the body retain sodium and water, and excrete potassium.
3. **Androgens**: These hormones, such as androstenedione, play a role in the development of male characteristics and regulate the production of sex hormones.

The adrenal medulla produces and secretes two main types of hormones:

1. **Epinephrine** (adrenaline): This hormone prepares the body for ""fight or flight"" responses by increasing heart rate, blood pressure, and energy levels.
2. **Norepinephrine**: This hormone also prepares the body for ""fight or flight"" responses by increasing heart rate, blood pressure, and energy levels.

The adrenal glands receive signals from the hypothalamus, a region of the brain that regulates body temperature, hunger, thirst, and other basic bodily functions. The hypothalamus sends signals to the pituitary gland, which in turn sends signals to the adrenal glands to produce and secrete hormones.

Dysregulation of adrenal function can lead to various conditions, including:

* **Cushing's syndrome**: Excessive production of glucocorticoids, leading to weight gain, high blood pressure, and other symptoms.
* **Addison's disease**: Insufficient production of glucocorticoids and mineralocorticoids, leading to fatigue, weight loss, and other symptoms.
* **Adrenal insufficiency**: Insufficient production of hormones, leading to fatigue, weight loss, and other symptoms.

In summary, adrenal function refers to the production and secretion of hormones by the adrenal glands, which play a crucial role in regulating various bodily functions, including metabolism, immune response, and stress response.",0.0,0.0,0.0,2943,2383,-560,18.610351966873708,17.24258150365935,-1.3677704632143595
Gender-neutral policies in schools,0.6,0.8,0.8,0.8,0.6,0.6,0.8,0.8,0.8,0.6,0.6,gender equality,"""Gender-neutral policies in schools"" refer to a set of guidelines and practices that aim to create an inclusive and welcoming environment for all students, regardless of their gender identity or expression. These policies are designed to promote equality, respect, and safety for students of all genders, including those who identify as transgender, non-binary, or gender non-conforming.

Some common aspects of gender-neutral policies in schools include:

1. **Use of inclusive language**: Schools may use gender-neutral language in policies, announcements, and communications to avoid assuming students' gender.
2. **Restrooms and locker rooms**: Schools may provide single-occupancy restrooms or locker rooms for students who prefer not to use the traditional boys' or girls' facilities.
3. **Name and pronoun usage**: Schools may allow students to use their preferred name and pronouns (e.g., ""they"" instead of ""he"" or ""she"") in official records, communications, and interactions with staff.
4. **Inclusive dress code**: Schools may adopt a dress code that allows students to express themselves in a way that feels authentic to them, without restrictions based on traditional gender norms.
5. **Respect for students' identities**: Schools may provide training for staff and students on respecting and supporting students' gender identities, and may have policies in place to address bullying or harassment related to gender.
6. **Inclusive sports and activities**: Schools may offer sports and activities that are open to students of all genders, or may have separate teams or programs for students who identify as transgender or non-binary.
7. **Parental involvement**: Schools may involve parents or guardians in discussions about their child's gender identity and expression, while also respecting the child's autonomy and confidentiality.

The goals of gender-neutral policies in schools are to:

1. **Promote a safe and inclusive environment**: Where all students feel welcome, respected, and supported.
2. **Reduce bullying and harassment**: By creating a culture of acceptance and respect for students of all genders.
3. **Support student well-being**: By providing a safe and inclusive space for students to express themselves and access resources and support.
4. **Foster a culture of empathy and understanding**: By educating students, staff, and parents about the importance of respecting and supporting students' gender identities and expressions.

By implementing gender-neutral policies, schools can create a more inclusive and supportive environment for all students, regardless of their gender identity or expression.",,4.0,4.0,4.0,2637,0.0,14.2,0.0,"Gender-neutral policies in schools refer to the implementation of policies and practices that aim to promote equality and inclusivity for students of all gender identities and expressions. These policies are designed to create a safe and welcoming environment for students who do not identify with traditional binary gender categories.

Key aspects of gender-neutral policies in schools include:

1. **Use of inclusive language**: Schools may use inclusive language in policies, communications, and signage to avoid assuming students' gender identities. For example, using ""students"" or ""individuals"" instead of ""boys"" and ""girls.""
2. **Single-sex facilities**: Schools may provide single-sex facilities, such as bathrooms and changing rooms, to accommodate students who prefer to use these facilities.
3. **Non-binary options on forms**: Schools may offer non-binary options on forms, such as student ID cards, medical forms, and surveys, to allow students to self-identify their gender.
4. **Inclusive dress codes**: Schools may adopt inclusive dress codes that allow students to express their gender identity through their clothing choices.
5. **Training for staff**: Schools may provide training for staff on issues related to gender identity, expression, and inclusivity to ensure that they are equipped to support students.
6. **Support for students**: Schools may provide support for students who are experiencing difficulties related to their gender identity, such as counseling services or peer support groups.

The implementation of gender-neutral policies in schools is often driven by a desire to:

1. **Promote equality**: By providing a safe and inclusive environment, schools can promote equality and reduce the risk of bullying and harassment.
2. **Support student well-being**: By acknowledging and respecting students' gender identities, schools can improve student well-being and academic outcomes.
3. **Comply with laws and regulations**: Schools may be required to implement gender-neutral policies to comply with laws and regulations related to anti-discrimination and equality.

Research has shown that gender-neutral policies in schools can have positive outcomes, including:

1. **Improved student well-being**: Students who feel supported and included in their school environment tend to have better mental health and academic outcomes.
2. **Increased student engagement**: When students feel that their school is inclusive and supportive, they are more likely to engage with their education and participate in school activities.
3. **Reduced bullying and harassment**: By promoting a culture of respect and inclusivity, schools can reduce the risk of bullying and harassment.

Overall, gender-neutral policies in schools aim to create a safe and inclusive environment for students of all gender identities and expressions.",0.0,0.0,0.0,2637,2849,212,18.20524600341456,18.60427305888484,0.39902705547028106
Community-Led Climate Recovery,0.4,0.6,0.8,0.6,0.8,0.8,0.8,0.8,0.8,0.6,0.6,climate action,"""Community-Led Climate Recovery"" (CLCR) is an approach to climate recovery that prioritizes the needs, knowledge, and leadership of local communities in addressing the impacts of climate change. This approach recognizes that communities are often best positioned to understand and respond to the specific climate-related challenges they face, and that their involvement is essential for effective and sustainable climate recovery efforts.

Key principles of Community-Led Climate Recovery include:

1. **Community ownership and leadership**: Communities take the lead in identifying their climate-related needs and priorities, and in developing and implementing recovery plans.
2. **Participatory and inclusive decision-making**: Community members, including vulnerable and marginalized groups, are actively involved in decision-making processes to ensure that their needs and perspectives are considered.
3. **Contextual understanding**: Community-led approaches recognize that climate impacts and recovery needs vary significantly across different regions, cultures, and socioeconomic contexts.
4. **Emphasis on social justice and equity**: CLCR prioritizes the needs and rights of vulnerable and marginalized communities, who are often disproportionately affected by climate change.
5. **Integration with existing community structures and initiatives**: CLCR builds on existing community networks, organizations, and initiatives to leverage local knowledge, resources, and capacities.
6. **Focus on long-term sustainability and resilience**: CLCR prioritizes long-term sustainability and resilience over short-term fixes, recognizing that climate recovery is a long-term process that requires sustained effort and investment.
7. **Collaboration and coordination**: CLCR involves collaboration and coordination among community members, local governments, NGOs, and other stakeholders to ensure that recovery efforts are coordinated and effective.

Benefits of Community-Led Climate Recovery include:

1. **Increased community resilience**: By prioritizing community-led approaches, communities are better equipped to respond to and recover from climate-related disasters and impacts.
2. **Improved climate justice and equity**: CLCR ensures that the needs and rights of vulnerable and marginalized communities are prioritized, reducing climate-related inequalities.
3. **Enhanced community engagement and participation**: CLCR fosters community engagement and participation in climate recovery efforts, promoting a sense of ownership and responsibility.
4. **More effective and sustainable recovery efforts**: By leveraging local knowledge, resources, and capacities, CLCR can lead to more effective and sustainable recovery efforts that are better tailored to community needs.

Examples of Community-Led Climate Recovery initiatives include:

1. **Community-based disaster risk reduction and management**: Community-led initiatives that focus on reducing disaster risks and improving emergency preparedness and response.
2. **Climate-resilient agriculture and food systems**: Community-led initiatives that promote climate-resilient agriculture and food systems, improving food security and livelihoods.
3. **Community-led climate adaptation and mitigation**: Community-led initiatives that focus on reducing greenhouse gas emissions and adapting to climate change impacts.

Overall, Community-Led Climate Recovery offers a promising approach to addressing the complex and multifaceted challenges of climate change, by prioritizing community-led decision-making, social justice, and long-term sustainability.",,4.0,4.0,3.0,3611,0.5963850617408752,16.81,0.0,"Community-Led Climate Recovery (CLCR) refers to a process where local communities take the lead in developing and implementing climate recovery plans, with the goal of mitigating and adapting to the impacts of climate change.

**Definition:** CLCR is a participatory approach that empowers communities to identify, prioritize, and address their unique climate-related challenges and opportunities. This approach recognizes that communities have a deep understanding of their local context, needs, and capacities, and are best positioned to develop and implement effective climate recovery strategies.

**Key characteristics:**

1. **Community-driven:** CLCR is led by local communities, with community members taking an active role in decision-making and implementation.
2. **Participatory:** CLCR involves inclusive and transparent processes, ensuring that all community members have a voice and are engaged in the planning and decision-making process.
3. **Context-specific:** CLCR plans are tailored to the specific needs and circumstances of each community, taking into account local climate risks, vulnerabilities, and opportunities.
4. **Integrated:** CLCR approaches climate recovery as an integral part of broader community development and planning efforts, recognizing the interconnectedness of climate, social, economic, and environmental issues.

**Causal mechanisms:**

1. **Community engagement:** CLCR fosters community ownership and engagement, leading to increased motivation and commitment to climate recovery efforts.
2. **Contextual understanding:** CLCR's focus on local context and needs enables communities to develop targeted and effective climate recovery strategies.
3. **Capacity building:** CLCR helps build community capacity and resilience, enabling communities to adapt to and recover from climate-related shocks and stresses.
4. **Institutionalization:** CLCR can lead to the institutionalization of climate recovery efforts, ensuring that climate considerations are integrated into long-term community planning and decision-making processes.

**Implementation:** CLCR can be implemented through various mechanisms, including:

1. **Community-led planning:** Communities develop and implement their own climate recovery plans, with support from external partners as needed.
2. **Participatory budgeting:** Communities engage in participatory budgeting processes to allocate resources and prioritize climate recovery initiatives.
3. **Capacity building programs:** External organizations provide training, technical assistance, and resources to support community-led climate recovery efforts.

**Evidence and outcomes:** Research and case studies have demonstrated the effectiveness of CLCR in promoting community-led climate recovery, including:

1. **Increased community engagement and ownership**
2. **Improved climate resilience and adaptation**
3. **Enhanced community capacity and institutionalization**
4. **Better alignment with local needs and priorities**

Overall, Community-Led Climate Recovery is a participatory approach that empowers local communities to take ownership of climate recovery efforts, leading to more effective, sustainable, and equitable outcomes.",0.5963850617408752,0.0,-0.5963850617408752,3611,3207,-404,24.34600896860987,22.13496155585708,-2.211047412752791
School Curriculum and Gender Equality,0.6,0.8,0.8,0.6,0.8,0.8,0.8,0.8,0.8,0.6,0.6,gender equality,"""School Curriculum and Gender Equality"" refers to the process of reviewing, revising, and implementing educational curricula to promote gender equality and challenge gender stereotypes. The goal is to ensure that all students, regardless of their gender, have access to a curriculum that is inclusive, equitable, and relevant to their needs.

**Key Principles:**

1. **Inclusive curriculum**: The curriculum should reflect the diversity of students' experiences, backgrounds, and perspectives.
2. **Gender sensitivity**: The curriculum should be free from gender biases and stereotypes, and should promote positive attitudes towards both boys and girls.
3. **Equity**: The curriculum should provide equal opportunities for boys and girls to learn and develop their skills and knowledge.
4. **Relevance**: The curriculum should be relevant to the needs and interests of all students, regardless of their gender.

**Objectives:**

1. **Promote gender equality**: The curriculum should promote equal opportunities and treatment for boys and girls.
2. **Challenge gender stereotypes**: The curriculum should challenge and change negative attitudes and stereotypes towards boys and girls.
3. **Foster positive attitudes**: The curriculum should promote positive attitudes towards both boys and girls.
4. **Develop critical thinking**: The curriculum should encourage critical thinking and analysis of gender-related issues.

**Key Areas of Focus:**

1. **Language and terminology**: The curriculum should use inclusive language and avoid gendered terms.
2. **Content and themes**: The curriculum should include content and themes that promote gender equality and challenge stereotypes.
3. **Assessment and evaluation**: The curriculum should ensure that assessment and evaluation methods are fair and unbiased.
4. **Teacher training**: Teachers should receive training on how to implement the curriculum and promote gender equality in the classroom.

**Benefits:**

1. **Improved learning outcomes**: A gender-sensitive curriculum can lead to improved learning outcomes for all students.
2. **Increased student engagement**: A relevant and inclusive curriculum can increase student engagement and motivation.
3. **Better preparation for life**: A curriculum that promotes gender equality can better prepare students for life in a diverse and changing world.
4. **Reduced gender-based violence**: A curriculum that promotes positive attitudes towards both boys and girls can help reduce gender-based violence.

**Challenges:**

1. **Resistance to change**: Implementing a new curriculum can be met with resistance from teachers, parents, and students.
2. **Limited resources**: Implementing a new curriculum can require significant resources, including teacher training and materials.
3. **Cultural and societal barriers**: Implementing a new curriculum can be challenging in cultures and societies where traditional gender roles are deeply ingrained.
4. **Monitoring and evaluation**: Ensuring that the curriculum is effective in promoting gender equality requires ongoing monitoring and evaluation.

Overall, ""School Curriculum and Gender Equality"" is an important aspect of promoting gender equality and challenging gender stereotypes in education. By implementing a curriculum that is inclusive, equitable, and relevant, schools can help create a more just and equitable society for all students.",,4.0,4.0,4.0,3394,0.0,12.75,0.0,"The relationship between school curriculum and gender equality refers to the impact of educational content and structure on the experiences and outcomes of students of different genders. Research has shown that the curriculum can perpetuate or challenge existing gender inequalities.

**Curriculum content and gender bias**

Studies have identified various aspects of the curriculum that may contribute to gender inequality. These include:

1. **Subject selection**: The availability and promotion of certain subjects, such as mathematics, science, and technology, may be limited for girls, perpetuating stereotypes about their aptitude and interests.
2. **Textbook content**: The representation of women and girls in textbooks, as well as the portrayal of gender roles and stereotypes, can influence students' perceptions and attitudes towards gender.
3. **Teaching methods**: The use of teaching methods that emphasize competition and individualism may favor boys, while methods that emphasize collaboration and communication may be more effective for girls.

**Curriculum structure and gender equality**

The structure of the curriculum can also impact gender equality. For example:

1. **Time allocation**: The allocation of time for different subjects and activities may be biased towards boys, who may be more likely to be enrolled in sports and physical education.
2. **Assessment methods**: The use of assessment methods that favor boys, such as multiple-choice questions, may disadvantage girls, who may perform better in essay-based assessments.
3. **Teacher-student interactions**: The interactions between teachers and students can also perpetuate gender inequality, with teachers often holding higher expectations for boys and providing more support for girls.

**Impact on students**

The curriculum and its structure can have significant impacts on students' experiences and outcomes. These include:

1. **Academic achievement**: Girls may be less likely to pursue STEM subjects and careers due to biased curriculum content and structure.
2. **Career aspirations**: The curriculum can influence students' career aspirations, with boys being more likely to pursue traditionally male-dominated fields.
3. **Self-esteem and confidence**: The curriculum can also impact students' self-esteem and confidence, with girls being more likely to experience anxiety and self-doubt due to biased teaching methods and assessment practices.

**Addressing gender inequality in the curriculum**

To address gender inequality in the curriculum, educators and policymakers can take several steps:

1. **Inclusive curriculum design**: Develop curricula that are inclusive of diverse perspectives and experiences, including those of women and girls.
2. **Gender-sensitive teaching methods**: Use teaching methods that are sensitive to the needs and experiences of both boys and girls.
3. **Assessment reform**: Reform assessment methods to ensure that they are fair and unbiased towards both boys and girls.
4. **Teacher training**: Provide teachers with training on gender-sensitive teaching methods and inclusive curriculum design.

By understanding the relationship between the curriculum and gender equality, educators and policymakers can work towards creating more inclusive and equitable educational environments for all students.",0.0,0.0,0.0,3394,3332,-62,19.142324342324343,18.096221758116577,-1.046102584207766
Vitamin D Receptors,0.6,0.8,0.8,0.4,0.2,0.8,0.4,0.8,0.8,0.8,0.6,good health and well-being,"Vitamin D receptors (VDRs) are a type of nuclear receptor that plays a crucial role in the regulation of gene expression in response to vitamin D. Vitamin D is a fat-soluble vitamin that is essential for maintaining strong bones, immune function, and overall health.

**Structure and Function**

Vitamin D receptors are a type of transcription factor that binds to specific DNA sequences, known as vitamin D response elements (VDREs), in the promoter regions of target genes. When vitamin D binds to its receptor, it forms a complex that activates the transcription of genes involved in various physiological processes.

The VDR is a heterodimeric receptor, consisting of a VDR protein and a retinoid X receptor (RXR) protein. The VDR protein has a ligand-binding domain that binds to vitamin D, while the RXR protein has a DNA-binding domain that interacts with the VDRE.

**Mechanism of Action**

The mechanism of action of VDRs involves the following steps:

1. **Vitamin D binding**: Vitamin D binds to the VDR protein, which activates the receptor.
2. **VDR-RXR complex formation**: The activated VDR protein forms a complex with the RXR protein.
3. **DNA binding**: The VDR-RXR complex binds to the VDRE in the promoter region of a target gene.
4. **Transcriptional activation**: The binding of the VDR-RXR complex to the VDRE activates the transcription of the target gene.

**Target Genes and Physiological Processes**

Vitamin D receptors regulate the expression of numerous genes involved in various physiological processes, including:

1. **Bone metabolism**: VDRs regulate the expression of genes involved in bone mineralization, bone resorption, and calcium homeostasis.
2. **Immune function**: VDRs regulate the expression of genes involved in immune cell development, activation, and function.
3. **Cell growth and differentiation**: VDRs regulate the expression of genes involved in cell proliferation, differentiation, and survival.
4. **Inflammation**: VDRs regulate the expression of genes involved in the regulation of inflammatory responses.

**Diseases Associated with VDRs**

Dysregulation of VDRs has been implicated in various diseases, including:

1. **Osteoporosis**: VDRs play a crucial role in bone mineralization and density.
2. **Rickets**: VDRs are essential for the regulation of calcium homeostasis and bone mineralization in children.
3. **Autoimmune diseases**: VDRs regulate immune cell function and have been implicated in autoimmune diseases such as multiple sclerosis and rheumatoid arthritis.
4. **Cancer**: VDRs have been implicated in the regulation of cell growth and differentiation, and their dysregulation has been associated with various types of cancer.

In summary, vitamin D receptors play a crucial role in the regulation of gene expression in response to vitamin D, and their dysregulation has been implicated in various diseases.",,4.0,4.0,4.0,2883,0.0,13.01,0.0,"Vitamin D receptors (VDRs) are a type of nuclear receptor protein that plays a crucial role in the regulation of gene expression in response to vitamin D. They are a class of transcription factors that bind to specific DNA sequences, known as vitamin D response elements (VDREs), in the promoter regions of target genes.

Structure and Function:

VDRs are ligand-activated transcription factors, meaning they require the presence of a specific ligand, in this case, vitamin D (1,25-dihydroxyvitamin D3), to bind to DNA and regulate gene expression. The VDR protein consists of several domains, including a ligand-binding domain, a DNA-binding domain, and a transcriptional activation domain.

Mechanism of Action:

When vitamin D binds to the VDR, it induces a conformational change in the protein, allowing it to bind to VDREs in the promoter regions of target genes. This binding causes the recruitment of coactivator proteins, which facilitate the assembly of a transcriptional complex. The VDR-coactivator complex then interacts with the basal transcription machinery, leading to the activation or repression of gene expression.

Target Genes and Pathways:

VDRs regulate the expression of numerous genes involved in various physiological processes, including:

1. Calcium and phosphate metabolism: VDRs regulate the expression of genes involved in calcium and phosphate absorption, transport, and storage.
2. Immune system regulation: VDRs modulate the expression of genes involved in immune cell function, including cytokine production and cell proliferation.
3. Cell differentiation and development: VDRs regulate the expression of genes involved in cell differentiation, proliferation, and survival.
4. Inflammation and oxidative stress: VDRs modulate the expression of genes involved in inflammation and oxidative stress response.

Tissue Distribution:

VDRs are expressed in various tissues, including:

1. Intestine: VDRs regulate calcium and phosphate absorption.
2. Kidney: VDRs regulate calcium and phosphate excretion.
3. Bone: VDRs regulate bone mineralization and density.
4. Immune cells: VDRs regulate immune cell function and cytokine production.
5. Brain: VDRs regulate neurodevelopment and neuroprotection.

In summary, vitamin D receptors are nuclear receptor proteins that play a critical role in regulating gene expression in response to vitamin D. They are involved in various physiological processes, including calcium and phosphate metabolism, immune system regulation, cell differentiation, and inflammation.",0.0,0.0,0.0,2883,2537,-346,19.566915052160955,19.67396648044693,0.10705142828597403
Nutrition and Sports Performance,0.8,0.8,0.8,0.4,0.8,0.8,0.6,0.8,0.8,0.8,0.6,good health and well-being,"Nutrition and sports performance is a critical aspect of athletic training and competition. Proper nutrition can enhance an athlete's physical performance, speed up recovery, and reduce the risk of injury. Here's a comprehensive overview:

**Key Principles:**

1. **Carbohydrates**: Provide energy for high-intensity, short-duration activities (e.g., sprinting, jumping). Focus on complex carbs like whole grains, fruits, and vegetables.
2. **Protein**: Essential for muscle growth, repair, and maintenance. Aim for 1.2-1.6 grams of protein per kilogram of body weight daily.
3. **Hydration**: Adequate fluid intake is crucial for physical performance and recovery. Aim for 17-20 ounces of fluid 2-3 hours before exercise, and 7-10 ounces every 10-15 minutes during exercise.
4. **Electrolytes**: Important for maintaining proper fluid balance and nerve function. Include electrolyte-rich foods like bananas (potassium), dates (potassium), and avocados (potassium).
5. **Fats**: Provide sustained energy and support hormone production. Focus on healthy fats like nuts, seeds, and avocados.
6. **Timing**: Eat a balanced meal 1-3 hours before exercise, and a snack 30-60 minutes before exercise.
7. **Post-Exercise Nutrition**: Consume a mix of carbohydrates and protein within 30-60 minutes after exercise to aid in recovery.

**Nutrient Timing Strategies:**

1. **Pre-Exercise Meal**: Eat a balanced meal 1-3 hours before exercise to provide sustained energy.
2. **Pre-Exercise Snack**: Consume a snack 30-60 minutes before exercise to top off energy stores.
3. **Post-Exercise Snack**: Eat a mix of carbohydrates and protein within 30-60 minutes after exercise to aid in recovery.
4. **Post-Exercise Meal**: Consume a balanced meal 1-3 hours after exercise to support muscle recovery and replenish energy stores.

**Sports-Specific Nutrition Considerations:**

1. **Endurance Sports** (e.g., distance running, cycling): Focus on complex carbohydrates, electrolyte-rich foods, and hydration.
2. **Strength and Power Sports** (e.g., weightlifting, sprinting): Emphasize protein-rich foods, complex carbohydrates, and healthy fats.
3. **Team Sports** (e.g., soccer, basketball): Prioritize a balanced mix of carbohydrates, protein, and healthy fats.

**Common Nutrition Mistakes:**

1. **Inadequate Hydration**: Failing to drink enough water or electrolyte-rich fluids.
2. **Poor Timing**: Eating too close to exercise or not consuming enough calories.
3. **Inadequate Carbohydrate Intake**: Failing to consume enough complex carbohydrates.
4. **Insufficient Protein Intake**: Not consuming enough protein to support muscle growth and repair.

**Nutrition and Sports Performance Supplements:**

1. **Electrolyte Supplements**: Help maintain proper fluid balance and nerve function.
2. **Protein Supplements**: Support muscle growth and repair.
3. **Carbohydrate Supplements**: Provide a quick source of energy.
4. **Creatine Supplements**: Enhance high-intensity, short-duration performance.

In conclusion, proper nutrition is essential for optimal sports performance. By understanding the key principles, nutrient timing strategies, and sports-specific considerations, athletes can optimize their diet to enhance their physical performance, speed up recovery, and reduce the risk of injury.",,4.0,4.0,4.0,3291,0.0,9.13,0.0,"Nutrition and sports performance is a field of study that examines the relationship between an individual's diet and their physical performance in various sports and activities. The primary focus is on understanding how different nutrients, macronutrients, and food components affect an athlete's energy production, endurance, strength, and recovery.

**Key Concepts:**

1. **Macronutrients:** Carbohydrates, proteins, and fats are the primary macronutrients that provide energy for physical activity. Carbohydrates are the body's primary source of energy, followed by proteins and fats.
2. **Energy Production:** The body's ability to convert nutrients into energy is crucial for sports performance. This process involves the breakdown of carbohydrates, proteins, and fats into ATP (adenosine triphosphate), which is the primary energy currency of the body.
3. **Hydration:** Adequate hydration is essential for physical performance, as it helps regulate body temperature, transport nutrients and oxygen to cells, and remove waste products.
4. **Electrolytes:** Electrolytes, such as sodium, potassium, and chloride, play a crucial role in maintaining proper hydration and nerve function.
5. **Recovery:** Adequate nutrition is essential for recovery after exercise, as it helps repair damaged muscle tissue, replenish energy stores, and reduce muscle soreness.

**Nutritional Factors Affecting Sports Performance:**

1. **Carbohydrate Intake:** Adequate carbohydrate intake is essential for endurance activities, as it provides energy for the muscles.
2. **Protein Intake:** Protein is essential for muscle repair and growth, particularly after intense exercise.
3. **Fat Intake:** Fat is an important energy source for low-intensity, long-duration activities.
4. **Hydration Status:** Adequate hydration is essential for physical performance, as it helps regulate body temperature and transport nutrients and oxygen to cells.
5. **Electrolyte Balance:** Maintaining proper electrolyte balance is essential for nerve function and hydration.

**Nutritional Strategies for Optimal Sports Performance:**

1. **Periodized Nutrition:** Tailoring nutrition plans to specific training phases and events.
2. **Individualized Nutrition:** Developing personalized nutrition plans based on an athlete's specific needs and goals.
3. **Carbohydrate Loading:** Increasing carbohydrate intake before endurance events to maximize energy stores.
4. **Protein Supplementation:** Using protein supplements to support muscle repair and growth.
5. **Hydration Management:** Developing strategies to maintain proper hydration during and after exercise.

**Conclusion:**

Nutrition and sports performance is a complex field that requires a thorough understanding of the interplay between nutrition, energy production, and physical activity. By understanding the key concepts, nutritional factors, and strategies outlined above, athletes and coaches can develop effective nutrition plans to optimize performance and achieve their goals.",0.0,0.0,0.0,3291,3014,-277,15.27743119266055,20.741414141414143,5.463982948753593
Gender Norms and Masculinity,0.8,0.8,0.8,0.8,0.6,0.6,0.8,0.8,0.8,0.6,0.6,gender equality,"""Gender Norms and Masculinity"" refers to the societal expectations and standards that define what it means to be a man or to exhibit masculine behavior. These norms can vary across cultures, historical periods, and individual contexts, but they often involve a set of characteristics, behaviors, and attitudes that are considered typical or desirable for males.

**Key aspects of traditional masculinity:**

1. **Physical strength and aggression**: Traditional masculinity emphasizes physical strength, competitiveness, and aggression as essential qualities for men.
2. **Emotional control**: Men are often expected to suppress emotions, such as sadness, vulnerability, or fear, and to maintain a stoic, unemotional demeanor.
3. **Independence and self-reliance**: Men are often expected to be self-sufficient, independent, and able to take care of themselves without needing help from others.
4. **Dominance and authority**: Traditional masculinity often involves a desire for power, control, and dominance over others.
5. **Heterosexuality**: Traditional masculinity is often tied to heterosexuality, with men expected to be attracted to women and to conform to traditional masculine norms.

**Consequences of traditional masculinity:**

1. **Restrictive emotional expression**: Men who conform to traditional masculinity may struggle to express emotions, leading to feelings of isolation and disconnection.
2. **Aggression and violence**: The emphasis on physical strength and aggression can contribute to a culture of violence and aggression.
3. **Limited emotional intelligence**: Traditional masculinity can make it difficult for men to develop emotional intelligence, empathy, and relationships.
4. **Stigma around vulnerability**: Men who exhibit vulnerability or emotional expression may face stigma and social exclusion.
5. **Limited career and life choices**: Traditional masculinity can limit men's career choices and life experiences, such as pursuing careers in the arts or social work.

**Challenging traditional masculinity:**

1. **Embracing emotional expression**: Men are encouraged to express emotions and develop emotional intelligence.
2. **Redefining masculinity**: New definitions of masculinity are emerging, emphasizing qualities like empathy, vulnerability, and emotional expression.
3. **Promoting diversity and inclusion**: Efforts to promote diversity and inclusion can help challenge traditional masculinity and create a more inclusive and accepting environment.
4. **Encouraging men's mental health**: Men's mental health is becoming a growing concern, with efforts to promote mental health awareness and reduce stigma around mental illness.
5. **Fostering positive relationships**: Men are encouraged to develop positive relationships, including friendships and romantic relationships, that prioritize emotional expression and mutual support.

**Key figures and movements:**

1. **The Men's Movement**: A movement that emerged in the 1980s, focusing on men's issues and promoting positive masculinity.
2. **The Good Men Project**: A online publication and community that promotes positive masculinity and encourages men to be more emotionally expressive and empathetic.
3. **The Masculinity Project**: A project that explores the complexities of masculinity and encourages men to challenge traditional norms.
4. **The #MeToo movement**: A movement that highlights the importance of consent and respect in relationships, and challenges traditional masculinity's emphasis on dominance and control.
5. **The work of authors like Jackson Katz and Michael Kimmel**: Authors who have written extensively on the topic of masculinity and its impact on society.

Overall, ""Gender Norms and Masculinity"" is a complex and multifaceted topic that requires ongoing exploration and discussion. By challenging traditional masculinity and promoting positive, inclusive, and emotionally expressive forms of masculinity, we can create a more equitable and compassionate society for all.",,4.0,4.0,4.0,4001,0.0,14.76,0.0,"**Definition of Gender Norms and Masculinity**

Gender norms refer to the socially constructed expectations and behaviors associated with being male or female. Masculinity is a specific set of gender norms that are traditionally associated with men and boys. These norms can influence an individual's behavior, attitudes, and self-perception.

**Origins and Development of Masculinity**

Masculinity has evolved over time and varies across cultures. In many societies, traditional masculinity is associated with traits such as strength, aggression, and competitiveness. These norms are often perpetuated through socialization, media, and cultural institutions.

**Components of Masculinity**

Masculinity encompasses various aspects, including:

1. **Behavioral expectations**: Men are often expected to exhibit assertive, dominant, and competitive behavior.
2. **Emotional expression**: Traditional masculinity discourages men from expressing emotions, particularly vulnerability and empathy.
3. **Physical characteristics**: Masculinity is often associated with physical strength, athleticism, and a muscular build.
4. **Role expectations**: Men are often expected to take on traditional roles, such as breadwinner and protector.

**Impact of Masculinity on Individuals and Society**

The adherence to traditional masculinity can have both positive and negative effects:

1. **Positive effects**: Masculinity can promote confidence, resilience, and a sense of purpose.
2. **Negative effects**: Excessive adherence to traditional masculinity can lead to:
	* **Toxic masculinity**: Aggressive, misogynistic, and violent behavior.
	* **Mental health issues**: Depression, anxiety, and substance abuse.
	* **Social isolation**: Difficulty forming and maintaining relationships.

**Challenging Traditional Masculinity**

In recent years, there has been a growing recognition of the need to challenge traditional masculinity and promote more inclusive and nuanced understandings of masculinity. This includes:

1. **Embracing diversity**: Recognizing and valuing diverse expressions of masculinity.
2. **Promoting emotional expression**: Encouraging men to express emotions and vulnerability.
3. **Fostering empathy and understanding**: Encouraging men to engage in relationships and develop emotional intelligence.

**Conclusion**

Masculinity is a complex and multifaceted concept that is shaped by social, cultural, and historical contexts. Understanding the components and impact of masculinity can help individuals and society to promote more inclusive and equitable relationships between men and women.",0.0,0.6402199864387512,0.6402199864387512,4001,2604,-1397,21.492063492063494,22.445366307671854,0.9533028156083603
Medication Use and Polypharmacy,0.8,0.8,0.8,0.8,0.2,0.4,0.8,0.8,0.8,0.8,0.6,good health and well-being,"""Medication Use and Polypharmacy"" refers to the use of multiple medications by an individual, often to manage multiple chronic conditions or health issues. Polypharmacy can be a complex and challenging aspect of healthcare, particularly for older adults or individuals with multiple comorbidities.

**What is Polypharmacy?**

Polypharmacy is defined as the concurrent use of five or more prescription medications by an individual. However, the definition can vary depending on the context and the population being studied. In some cases, polypharmacy may be defined as the use of three or more medications.

**Types of Polypharmacy:**

1. **Prescription polypharmacy**: The use of multiple prescription medications, often to manage chronic conditions such as diabetes, hypertension, or hyperlipidemia.
2. **Over-the-counter (OTC) polypharmacy**: The use of multiple OTC medications, such as pain relievers, antacids, or cough medicines.
3. **Combination polypharmacy**: The use of multiple medications that are combined in a single product, such as a combination of antihypertensive medications.

**Causes and Consequences of Polypharmacy:**

1. **Aging population**: As people age, they are more likely to develop multiple chronic conditions, which can lead to polypharmacy.
2. **Chronic disease management**: The use of multiple medications to manage chronic conditions, such as diabetes, hypertension, or arthritis.
3. **Polypharmacy can lead to:**
	* **Medication interactions**: Adverse interactions between medications, which can increase the risk of adverse effects.
	* **Medication errors**: Errors in medication use, such as incorrect dosing or timing.
	* **Increased healthcare costs**: The use of multiple medications can increase healthcare costs.
	* **Reduced quality of life**: Polypharmacy can lead to reduced quality of life, particularly if medications have adverse effects.

**Prevention and Management of Polypharmacy:**

1. **Multidisciplinary approach**: A team-based approach to healthcare, involving pharmacists, physicians, and other healthcare professionals.
2. **Medication review**: Regular review of medications to identify potential issues, such as medication interactions or adverse effects.
3. **Medication optimization**: Optimization of medication regimens to minimize the number of medications used.
4. **Patient education**: Education of patients about their medications, including potential benefits and risks.
5. **Use of technology**: The use of technology, such as electronic health records and medication management systems, to support polypharmacy management.

**Conclusion:**

Medication use and polypharmacy are complex issues that require a multidisciplinary approach to management. By understanding the causes and consequences of polypharmacy, healthcare professionals can work to prevent and manage this issue, ultimately improving patient outcomes and quality of life.",,3.0,4.0,4.0,2915,0.8739039301872253,11.55,0.0,"Medication use and polypharmacy refer to the concurrent use of multiple medications by an individual. Polypharmacy is defined as the use of five or more medications by a patient, although some definitions may vary.

**Prevalence of Polypharmacy**

Polypharmacy is a common phenomenon, particularly among older adults. According to the World Health Organization (WHO), approximately 20% of adults aged 65 and older use five or more medications. This prevalence increases with age, with some studies suggesting that up to 50% of individuals aged 80 and older use five or more medications.

**Causes of Polypharmacy**

Polypharmacy can result from various factors, including:

1. **Chronic disease management**: Patients with multiple chronic conditions, such as diabetes, hypertension, and arthritis, may require multiple medications to manage their conditions.
2. **Aging population**: As people age, they are more likely to develop multiple chronic conditions, leading to increased medication use.
3. **Polypharmacy begets polypharmacy**: The use of multiple medications can lead to the development of new conditions, such as medication side effects or interactions, which may require additional medications.
4. **Lack of medication review and optimization**: Infrequent review and optimization of medication regimens can contribute to polypharmacy.

**Consequences of Polypharmacy**

Polypharmacy can lead to various consequences, including:

1. **Medication interactions**: The concurrent use of multiple medications can increase the risk of adverse interactions, such as increased bleeding risk with anticoagulants or decreased effectiveness of certain medications.
2. **Medication side effects**: The use of multiple medications can increase the risk of side effects, such as dizziness, drowsiness, or gastrointestinal problems.
3. **Cognitive impairment**: Polypharmacy has been linked to an increased risk of cognitive impairment and dementia in older adults.
4. **Healthcare costs**: Polypharmacy can lead to increased healthcare costs due to the need for additional medical services, hospitalizations, and medication-related complications.

**Strategies to Address Polypharmacy**

To address polypharmacy, healthcare providers can implement the following strategies:

1. **Medication review and optimization**: Regular review and optimization of medication regimens to ensure that medications are necessary, effective, and safe.
2. **Medication therapy management**: Collaboration between healthcare providers, pharmacists, and patients to optimize medication use and minimize potential risks.
3. **Patient education**: Educating patients about their medications, potential side effects, and the importance of adhering to medication regimens.
4. **Care coordination**: Ensuring that patients receive comprehensive care from multiple healthcare providers to minimize medication-related risks.

In conclusion, medication use and polypharmacy are complex issues that require a comprehensive approach to address the potential risks and consequences associated with the concurrent use of multiple medications.",0.8739039301872253,0.6069586873054504,-0.2669452428817749,2915,3112,197,19.12936787564767,22.022376329172445,2.893008453524775
Sleep Stage,0.8,0.6,0.8,0.4,0.8,0.8,0.4,0.8,0.8,0.8,0.6,good health and well-being,"Sleep stages refer to the different phases of sleep that the body goes through during a typical sleep cycle. These stages are characterized by distinct brain wave patterns, heart rate, and muscle activity. Here's a breakdown of the different sleep stages:

**Stage 1: N1 (Non-Rapid Eye Movement Sleep)**

* Lasts for 5-10 minutes
* Easy to wake up
* Brain waves slow down, but still similar to those during wakefulness
* Heart rate and blood pressure decrease
* Muscle activity decreases, but still some movement

**Stage 2: N2 (Non-Rapid Eye Movement Sleep)**

* Lasts for 10-20 minutes
* Body temperature cools down
* Heart rate and blood pressure continue to decrease
* Brain waves slow down further, but still some activity
* Body starts to relax, and muscles become less active

**Stage 3: N3 (Non-Rapid Eye Movement Sleep)**

* Lasts for 20-30 minutes
* Deepest stage of sleep
* Brain waves slow down to delta waves (0.5-4 Hz)
* Heart rate and blood pressure decrease further
* Body becomes less responsive to external stimuli
* This stage is also known as slow-wave sleep (SWS)

**Stage 4: REM (Rapid Eye Movement Sleep)**

* Lasts for 90-120 minutes
* Characterized by rapid eye movements, increased brain activity, and vivid dreams
* Brain waves become more similar to those during wakefulness
* Heart rate and blood pressure increase
* Muscles become paralyzed to prevent acting out dreams
* This stage is also known as paradoxical sleep, as the brain is active, but the body is paralyzed.

**Sleep Cycle**

A typical sleep cycle lasts for 90-120 minutes and consists of three stages of non-rapid eye movement (NREM) sleep (N1, N2, and N3) followed by a stage of rapid eye movement (REM) sleep. This cycle repeats throughout the night, with each cycle becoming progressively deeper.

**Importance of Sleep Stages**

Each sleep stage plays a crucial role in physical and mental restoration. NREM sleep stages are essential for:

* Physical recovery and repair
* Muscle relaxation and growth
* Hormone regulation
* Immune system function

REM sleep stage is important for:

* Memory consolidation and learning
* Emotional regulation
* Problem-solving and creativity
* Brain development and plasticity

Understanding sleep stages can help you appreciate the complexity and importance of sleep in maintaining overall health and well-being.",,3.0,4.0,3.0,2345,0.0,21.21,0.0,"A sleep stage is a specific period of time during sleep characterized by distinct physiological and neurological features. Sleep stages are typically classified into two main categories: non-rapid eye movement (NREM) sleep and rapid eye movement (REM) sleep.

**Non-Rapid Eye Movement (NREM) Sleep:**

NREM sleep is further divided into three stages, each with distinct characteristics:

1. **Stage 1 NREM Sleep:** This is the lightest stage of sleep, characterized by a decrease in body temperature, heart rate, and blood pressure. Brain waves slow down, and the individual becomes less responsive to their environment.
2. **Stage 2 NREM Sleep:** During this stage, the body's core temperature drops, and heart rate and blood pressure decrease further. Brain waves slow down even more, and the individual becomes less responsive to their environment.
3. **Stage 3 NREM Sleep:** Also known as slow-wave sleep, this stage is characterized by the presence of slow delta waves in the brain, which are associated with deep sleep. The body's energy conservation mechanisms are activated, and the individual is less responsive to their environment.

**Rapid Eye Movement (REM) Sleep:**

REM sleep is characterized by:

* Rapid eye movements
* Increased brain activity, similar to being awake
* Vivid dreams
* Increased heart rate and blood pressure
* Increased body temperature

REM sleep is typically associated with memory consolidation, learning, and emotional processing.

**Sleep Stage Cycles:**

Sleep stages cycle through NREM and REM sleep throughout the night, with each cycle lasting around 90-120 minutes. A full sleep cycle typically consists of:

1. Stage 1 NREM sleep
2. Stage 2 NREM sleep
3. Stage 3 NREM sleep
4. REM sleep

The number of sleep cycles and the duration of each stage can vary across individuals and across the lifespan.

**Sleep Stage Classification:**

Sleep stages are typically classified using the Rechtschaffen and Kales (R&K) criteria, which categorize sleep into five stages:

1. Stage 1 NREM sleep
2. Stage 2 NREM sleep
3. Stage 3 NREM sleep
4. REM sleep
5. Wakefulness

However, more recent research has led to the development of the American Academy of Sleep Medicine (AASM) criteria, which categorize sleep into three stages:

1. N1 (Stage 1 NREM sleep)
2. N2 (Stage 2 NREM sleep)
3. N3 (Stage 3 NREM sleep)
4. REM sleep

The AASM criteria are widely used in sleep research and clinical settings.",0.0,0.0,0.0,2345,2432,87,22.67820512820513,11.4251012145749,-11.253103913630229
Male Support for Female Employees,0.8,0.6,0.8,0.6,0.2,0.8,0.8,0.8,0.8,0.4,0.6,gender equality,"""Male Support for Female Employees"" refers to the active encouragement and advocacy provided by men to help women succeed in their careers and overcome the challenges they face in a male-dominated workplace. This concept is often referred to as ""male allies"" or ""male champions"" for women.

Male support for female employees can take many forms, including:

1. **Mentorship**: Men who take on a mentorship role, providing guidance, advice, and support to female colleagues.
2. **Advocacy**: Men who speak up on behalf of female employees, advocating for their needs and interests in meetings, discussions, and decision-making processes.
3. **Networking**: Men who introduce female colleagues to their professional networks, helping them build relationships and access new opportunities.
4. **Feedback and coaching**: Men who provide constructive feedback and coaching to female employees, helping them develop their skills and confidence.
5. **Challenging biases**: Men who challenge and address biases and stereotypes that may be present in the workplace, creating a more inclusive and equitable environment.
6. **Creating opportunities**: Men who create opportunities for female employees to take on new challenges, lead projects, and advance in their careers.
7. **Providing resources**: Men who provide access to resources, such as training, development programs, and networking events, to help female employees succeed.

The benefits of male support for female employees are numerous, including:

1. **Increased diversity and inclusion**: Male support can help create a more inclusive and diverse workplace, where everyone feels valued and respected.
2. **Improved employee engagement**: When female employees feel supported and valued, they are more likely to be engaged and motivated in their work.
3. **Better business outcomes**: Research has shown that companies with more diverse and inclusive workplaces tend to perform better financially and have higher levels of innovation.
4. **Enhanced reputation**: Organizations that actively support and promote diversity and inclusion are more likely to attract top talent and build a positive reputation.

Overall, male support for female employees is an important aspect of creating a more inclusive and equitable workplace, where everyone has the opportunity to succeed and thrive.",,4.0,4.0,4.0,2338,0.7699795365333557,14.48,0.0,"Male support for female employees refers to the actions and behaviors of male colleagues, supervisors, or managers that promote and facilitate the success and well-being of female employees in the workplace. This concept encompasses various forms of support, including:

1. **Mentorship**: Male colleagues or supervisors who provide guidance, advice, and career development opportunities to female employees.
2. **Advocacy**: Male employees who speak up on behalf of female colleagues, addressing biases, stereotypes, or discriminatory practices.
3. **Inclusive behavior**: Male colleagues who actively promote a culture of inclusion, respect, and equality, creating a welcoming environment for female employees.
4. **Challenging biases**: Male employees who recognize and challenge their own biases, as well as those of their colleagues, to promote a more equitable work environment.
5. **Promoting women's advancement**: Male leaders or managers who actively work to promote the career advancement and leadership opportunities of female employees.

Research has shown that male support for female employees can have several benefits, including:

* Improved job satisfaction and engagement among female employees
* Increased retention rates and reduced turnover
* Enhanced creativity and innovation in the workplace
* Better decision-making and problem-solving outcomes
* Improved overall organizational performance

Male support for female employees can be influenced by various factors, including:

* **Organizational culture**: A culture that values diversity, equity, and inclusion can foster a supportive environment for female employees.
* **Leadership**: Male leaders who model inclusive behavior and promote women's advancement can create a positive impact.
* **Social norms**: The norms and expectations of the workplace can influence male behavior and attitudes towards female employees.
* **Personal characteristics**: Male employees who possess traits such as empathy, self-awareness, and a growth mindset are more likely to provide support to female colleagues.

Overall, male support for female employees is a critical aspect of creating a more inclusive and equitable work environment, and its benefits can have a positive impact on both individual employees and the organization as a whole.",0.7699795365333557,0.5142737030982971,-0.2557058334350586,2338,2307,-31,17.680769230769233,23.085090521831734,5.404321291062502
Women’s Legal Knowledge,0.8,0.6,0.8,0.6,0.2,0.8,0.8,0.8,0.8,0.8,0.6,gender equality,"""Women's Legal Knowledge"" (WLK) refers to the understanding and awareness that women have about their rights, entitlements, and obligations under the law. It encompasses the knowledge and skills that women need to navigate the legal system, protect their rights, and make informed decisions about their lives.

WLK is not just about knowing the law, but also about understanding the social, cultural, and economic contexts in which women live. It involves being aware of the ways in which the law can impact women's lives, including issues related to:

1. **Equality and non-discrimination**: Understanding the laws and policies that promote equality and prevent discrimination against women.
2. **Property and inheritance**: Knowing the laws related to property ownership, inheritance, and succession.
3. **Family and marriage**: Understanding the laws related to marriage, divorce, child custody, and maintenance.
4. **Employment and labor**: Knowing the laws related to employment, wages, and working conditions.
5. **Health and reproductive rights**: Understanding the laws related to reproductive health, abortion, and access to healthcare.
6. **Violence and abuse**: Knowing the laws related to domestic violence, sexual harassment, and other forms of abuse.
7. **Access to justice**: Understanding the procedures and mechanisms for accessing the legal system, including the rights to legal representation and access to courts.

WLK is essential for women to:

1. **Protect their rights**: Understand their rights and entitlements under the law.
2. **Make informed decisions**: Make informed decisions about their lives, including decisions related to marriage, family, employment, and health.
3. **Access justice**: Navigate the legal system and access justice when their rights are violated.
4. **Empower themselves**: Empower themselves to take control of their lives and make choices that are in their best interests.

The concept of WLK is closely related to the idea of ""legal empowerment,"" which refers to the process of enabling individuals, particularly women, to understand and exercise their rights under the law.",,4.0,4.0,4.0,2130,0.0,12.44,0.0,"Women's Legal Knowledge refers to the understanding and awareness of legal rights, obligations, and procedures possessed by women. This concept encompasses the knowledge and comprehension of laws and regulations that affect women's lives, including those related to family law, property rights, employment, and reproductive health.

Research has shown that women's legal knowledge is often influenced by various factors, including:

1. Education: Women with higher levels of education tend to have greater legal knowledge.
2. Socioeconomic status: Women from higher socioeconomic backgrounds may have greater access to legal information and resources.
3. Cultural and social norms: Women's understanding of their legal rights may be shaped by cultural and social norms, which can vary across different communities.
4. Access to information: Women's access to legal information, including online resources, legal aid services, and educational programs, can impact their legal knowledge.

Studies have identified several key areas where women's legal knowledge is often lacking, including:

1. Property rights: Women may not fully understand their rights to property, including inheritance and ownership.
2. Employment law: Women may be unaware of their rights and protections under employment law, including equal pay and workplace harassment.
3. Reproductive health: Women may not fully comprehend their reproductive rights, including access to abortion and contraception.
4. Family law: Women may not understand their rights and responsibilities under family law, including child custody and support.

The lack of women's legal knowledge can have significant consequences, including:

1. Inequality: Women may be disadvantaged in their personal and professional lives due to a lack of understanding of their legal rights.
2. Injustice: Women may be denied access to justice and may experience unequal treatment under the law.
3. Social and economic exclusion: Women's limited legal knowledge can perpetuate social and economic exclusion, limiting their opportunities and choices.

Efforts to improve women's legal knowledge include:

1. Education and awareness programs: Organizations and governments have implemented programs to educate women about their legal rights and responsibilities.
2. Access to legal aid: Governments and non-governmental organizations have established legal aid services to provide women with access to legal information and representation.
3. Policy reforms: Governments have implemented policy reforms to address the gaps in women's legal knowledge, including changes to family law, employment law, and reproductive health policies.

Overall, women's legal knowledge is a critical aspect of promoting gender equality and ensuring that women have access to justice and equal opportunities.",0.0,0.0,0.0,2130,2818,688,16.068311195445922,17.74487734487735,1.6765661494314266
Healthy Coughing,0.4,0.4,0.6,1.0,0.2,0.6,0.4,0.8,0.8,0.4,0.6,good health and well-being,"A very interesting topic!

""Healthy coughing"" refers to the natural, physiological process of coughing that occurs when the body is trying to expel irritants, excess mucus, or other substances from the airways. This type of coughing is a normal and essential function of the respiratory system.

When you cough, your body is attempting to:

1. **Clear irritants**: Remove dust, pollen, bacteria, viruses, or other foreign particles that have entered the airways.
2. **Remove excess mucus**: Get rid of excess mucus or phlegm that can accumulate in the lungs and airways, potentially leading to infections or respiratory problems.
3. **Protect the lungs**: Prevent the entry of harmful substances into the lungs, which can cause inflammation, infection, or damage to the lung tissue.

Healthy coughing is characterized by:

* A sudden, sharp, and brief coughing episode
* A loud, hacking cough that may sound like a ""croupy"" or ""whooping"" cough
* A cough that is usually accompanied by a brief, shallow breath in and out
* A cough that is often triggered by a specific stimulus, such as dust, pollen, or a viral infection
* A cough that resolves on its own once the irritant or excess mucus is cleared

In contrast, unhealthy coughing can be a sign of an underlying respiratory problem, such as:

* Chronic coughing (lasting more than 8 weeks)
* Coughing that is accompanied by other symptoms, such as fever, chest pain, or difficulty breathing
* Coughing that is persistent or worsening over time
* Coughing that is triggered by specific activities, such as exercise or eating

If you're concerned about your cough or experience any of these symptoms, it's always best to consult with a healthcare professional for proper evaluation and guidance.",,3.0,4.0,4.0,1746,0.7982573509216309,18.44,0.0,"""Healthy coughing"" refers to the normal physiological response of the body to expel irritants, excess mucus, or foreign particles from the respiratory tract. This process is a natural defense mechanism that helps maintain airway clearance and prevent potential respiratory complications.

Coughing is a complex reflex that involves the coordination of multiple neural pathways, including the cough center in the brainstem, the vagus nerve, and the respiratory muscles. When the body detects an irritant or excess mucus in the airways, the cough center is activated, triggering a series of neural signals that stimulate the diaphragm and other respiratory muscles to contract.

This contraction creates a sudden increase in intrathoracic pressure, which forces air out of the lungs and expels the irritant or excess mucus from the airways. The cough reflex is typically accompanied by a characteristic sound, which is produced by the rapid closure of the glottis and the sudden release of air from the lungs.

Healthy coughing is characterized by the following features:

1. Frequency: A normal coughing frequency is typically less than 10-15 coughs per hour.
2. Duration: Coughing episodes are usually brief, lasting only a few seconds.
3. Volume: The cough sound is typically loud but not excessively so.
4. Pattern: Coughing is often triggered by specific stimuli, such as exposure to dust, pollen, or other irritants.

In contrast, abnormal or pathological coughing patterns may be characterized by:

1. Excessive frequency or duration
2. Unusual volume or tone
3. Persistent or recurring coughing episodes
4. Association with other symptoms, such as fever, chest pain, or difficulty breathing

It is essential to note that coughing can be a symptom of various underlying conditions, and a healthcare professional should be consulted to determine the underlying cause of coughing and provide appropriate guidance and treatment.",0.7982573509216309,0.0,-0.7982573509216309,1746,1930,184,19.45217391304348,15.377210884353742,-4.074963028689739
Climate Policy,0.8,0.8,0.8,0.8,0.6,0.4,0.8,0.8,0.8,0.8,0.4,climate action,"Climate policy refers to the set of laws, regulations, and policies implemented by governments to mitigate the effects of climate change and reduce greenhouse gas emissions. The primary goal of climate policy is to stabilize the global climate system and prevent the most catastrophic impacts of climate change.

**Key objectives of climate policy:**

1. **Reduce greenhouse gas emissions**: Limit the amount of carbon dioxide, methane, and other greenhouse gases released into the atmosphere to slow global warming.
2. **Transition to a low-carbon economy**: Promote the development and use of renewable energy sources, such as solar and wind power, and encourage the adoption of energy-efficient technologies.
3. **Protect vulnerable populations**: Support the most vulnerable communities, such as low-income households, indigenous peoples, and small-island developing states, who are disproportionately affected by climate change.
4. **Enhance climate resilience**: Help communities and countries build resilience to the impacts of climate change, such as more frequent and severe weather events.

**Types of climate policies:**

1. **Carbon pricing**: Implementing taxes or cap-and-trade systems to put a price on carbon emissions.
2. **Renewable portfolio standards**: Requiring utilities to generate a certain percentage of their electricity from renewable sources.
3. **Energy efficiency standards**: Setting minimum energy efficiency standards for buildings, appliances, and vehicles.
4. **Green infrastructure investments**: Investing in green infrastructure, such as green roofs, green spaces, and green transportation systems.
5. **Climate change adaptation and resilience planning**: Developing plans to help communities and countries adapt to the impacts of climate change.
6. **International cooperation**: Collaborating with other countries to address global climate change issues, such as sharing best practices and coordinating climate policy efforts.

**Examples of climate policies:**

1. **Paris Agreement** (2015): An international agreement to limit global warming to well below 2°C and pursue efforts to limit it to 1.5°C.
2. **European Union's Emissions Trading System** (2005): A cap-and-trade system to reduce greenhouse gas emissions from power plants and industrial facilities.
3. **California's Cap-and-Trade Program** (2013): A carbon pricing system to reduce greenhouse gas emissions from power plants, industrial facilities, and transportation fuels.
4. **China's National Emissions Trading System** (2020): A cap-and-trade system to reduce greenhouse gas emissions from power plants and industrial facilities.

**Challenges and limitations:**

1. **Global coordination**: Climate change is a global problem, and effective climate policy requires international cooperation and coordination.
2. **Economic costs**: Implementing climate policies can have economic costs, such as increased energy prices or job losses in fossil fuel industries.
3. **Public engagement**: Climate policy requires public engagement and education to raise awareness about the importance of climate action.
4. **Implementation and enforcement**: Climate policies must be effectively implemented and enforced to achieve their intended goals.

Overall, climate policy is a critical tool for addressing the global challenge of climate change. Effective climate policy can help reduce greenhouse gas emissions, promote sustainable development, and protect vulnerable populations from the impacts of climate change.",,4.0,4.0,4.0,3518,0.0,13.69,0.0,"Climate policy refers to the set of laws, regulations, and guidelines implemented by governments to mitigate and adapt to the impacts of climate change. The primary goal of climate policy is to reduce greenhouse gas emissions and other pollutants that contribute to global warming.

Climate policy can take various forms, including:

1. Emissions trading systems: These systems allow countries or companies to buy and sell emissions credits, providing a financial incentive to reduce emissions.
2. Carbon pricing: This involves imposing a tax or fee on carbon emissions, which can be used to fund climate change mitigation and adaptation efforts.
3. Renewable energy targets: Governments set targets for the percentage of renewable energy sources, such as solar and wind power, to be used in the energy mix.
4. Energy efficiency standards: Regulations that require buildings and appliances to meet certain energy efficiency standards.
5. Fuel economy standards: Regulations that set minimum fuel efficiency standards for vehicles.
6. Climate change mitigation plans: Governments develop plans to reduce emissions from specific sectors, such as transportation or industry.
7. Adaptation plans: Governments develop plans to adapt to the impacts of climate change, such as sea-level rise or extreme weather events.

Climate policy can be implemented at various levels, including:

1. International agreements: Global agreements, such as the Paris Agreement, set targets and guidelines for countries to reduce emissions.
2. National policies: Governments develop and implement climate policies at the national level.
3. Subnational policies: Regional or local governments develop and implement climate policies.
4. Corporate policies: Companies develop and implement climate policies to reduce their own emissions and adapt to climate change.

The development and implementation of climate policy involve various stakeholders, including:

1. Governments: National, regional, and local governments develop and implement climate policies.
2. International organizations: Organizations, such as the United Nations, provide guidance and support for climate policy development.
3. Civil society: Non-governmental organizations, advocacy groups, and community organizations participate in climate policy development and implementation.
4. Private sector: Companies and industries develop and implement climate policies to reduce their own emissions and adapt to climate change.

The effectiveness of climate policy depends on various factors, including:

1. Policy design: The clarity, specificity, and enforceability of climate policies.
2. Implementation: The ability of governments and other stakeholders to implement climate policies effectively.
3. Financing: The availability of funding for climate policy implementation and adaptation efforts.
4. Public awareness and engagement: The level of public awareness and engagement with climate policy issues.

Overall, climate policy is a complex and multifaceted field that involves the development and implementation of laws, regulations, and guidelines to mitigate and adapt to the impacts of climate change.",0.0,0.0,0.0,3518,3152,-366,18.600324569944824,20.405594405594407,1.8052698356495824
The Role of Adaptogenic Herbs,0.8,0.6,0.8,0.4,0.8,0.8,0.4,0.8,0.8,0.6,0.6,good health and well-being,"Adaptogenic herbs are a class of plants that have been used for centuries in traditional medicine to help the body adapt to stress, promote overall well-being, and enhance resilience. These herbs are believed to have a unique ability to influence the body's response to stress, promoting balance and homeostasis.

**What are Adaptogenic Herbs?**

Adaptogenic herbs are plants that have been shown to have a positive impact on the body's ability to adapt to physical, emotional, and environmental stressors. They are believed to work by influencing the body's hypothalamic-pituitary-adrenal (HPA) axis, which is the body's primary stress response system. Adaptogenic herbs are thought to help regulate the HPA axis, promoting a balanced response to stress, rather than exacerbating it.

**Key Characteristics of Adaptogenic Herbs:**

1. **Stress-Resilience**: Adaptogenic herbs are believed to help the body adapt to stress, promoting resilience and reducing the negative effects of stress on the body.
2. **Balance**: These herbs are thought to promote balance and homeostasis in the body, helping to regulate the body's response to stress.
3. **Non-Sedative**: Adaptogenic herbs are generally non-sedative, meaning they do not induce drowsiness or sedation.
4. **Non-Stimulating**: These herbs are also non-stimulating, meaning they do not stimulate the body in the same way that caffeine or other stimulants do.

**Examples of Adaptogenic Herbs:**

1. **Ashwagandha (Withania somnifera)**: Native to India and Africa, ashwagandha is one of the most well-known adaptogenic herbs. It is believed to help reduce stress, anxiety, and fatigue.
2. **Ginseng (Panax ginseng)**: Native to Asia, ginseng is believed to help improve mental clarity, reduce stress, and enhance overall well-being.
3. **Rhodiola (Rhodiola rosea)**: Native to Europe and Asia, rhodiola is believed to help reduce stress, improve mental performance, and enhance mood.
4. **Schisandra (Schisandra chinensis)**: Native to Asia, schisandra is believed to help reduce stress, improve cognitive function, and enhance overall well-being.
5. **Holy Basil (Ocimum sanctum)**: Native to India, holy basil is believed to help reduce stress, improve mood, and enhance overall well-being.

**Benefits of Adaptogenic Herbs:**

1. **Reduced Stress**: Adaptogenic herbs may help reduce stress and anxiety by promoting balance and homeostasis in the body.
2. **Improved Mental Clarity**: These herbs may help improve mental clarity, focus, and concentration.
3. **Enhanced Resilience**: Adaptogenic herbs may help promote resilience, making it easier to cope with stress and adversity.
4. **Improved Sleep**: Some adaptogenic herbs, such as ashwagandha, may help improve sleep quality and duration.
5. **Immune System Support**: Adaptogenic herbs may help support the immune system, reducing the risk of illness and infection.

**Precautions and Contraindications:**

While adaptogenic herbs are generally considered safe, there are some precautions and contraindications to be aware of:

1. **Pregnancy and Breastfeeding**: Some adaptogenic herbs, such as ashwagandha, may not be suitable for pregnant or breastfeeding women.
2. **Interactions with Medications**: Adaptogenic herbs may interact with certain medications, such as blood thinners or diabetes medications.
3. **Allergic Reactions**: Some people may be allergic to adaptogenic herbs, so it's essential to consult with a healthcare professional before using them.

In conclusion, adaptogenic herbs are a class of plants that have been used for centuries to promote overall well-being, reduce stress, and enhance resilience. While they are generally considered safe, it's essential to consult with a healthcare professional before using them, especially if you have any underlying health conditions or are taking medications.",,4.0,4.0,4.0,3841,0.0,12.12,0.0,"Adaptogenic herbs are a class of plants that have been used for centuries in traditional medicine to promote balance and resilience in the body. The term ""adaptogenic"" was coined by Russian scientist Nikolai Lazarev in the 1940s to describe the ability of certain plants to help the body adapt to stress.

Definition:
Adaptogenic herbs are plants that have been shown to have a regulatory effect on the body's physiological response to stress, promoting balance and homeostasis. They are believed to work by influencing the body's hypothalamic-pituitary-adrenal (HPA) axis, which is responsible for regulating the body's response to stress.

Mechanism of Action:
Adaptogenic herbs are thought to work by:

1. Regulating the HPA axis: Adaptogenic herbs are believed to influence the HPA axis, which helps to regulate the body's response to stress. This can lead to a decrease in cortisol levels and an increase in the production of neurotransmitters such as serotonin and dopamine.
2. Modulating the immune system: Adaptogenic herbs have been shown to have immunomodulatory effects, which can help to regulate the body's immune response and reduce inflammation.
3. Antioxidant activity: Many adaptogenic herbs have antioxidant properties, which can help to protect the body from oxidative stress and damage caused by free radicals.

Examples of Adaptogenic Herbs:
Some examples of adaptogenic herbs include:

1. Ashwagandha (Withania somnifera)
2. Ginseng (Panax ginseng)
3. Rhodiola rosea
4. Schisandra chinensis
5. Holy basil (Ocimum sanctum)

Uses:
Adaptogenic herbs have been used to:

1. Reduce stress and anxiety
2. Improve sleep quality
3. Enhance cognitive function and memory
4. Boost energy and endurance
5. Support immune function and reduce inflammation

Research:
While some studies have suggested that adaptogenic herbs may have beneficial effects on stress, anxiety, and cognitive function, more research is needed to fully understand their mechanisms of action and potential benefits.

In conclusion, adaptogenic herbs are a class of plants that have been used for centuries to promote balance and resilience in the body. While their mechanisms of action are not fully understood, research suggests that they may have beneficial effects on stress, anxiety, and cognitive function. However, more research is needed to confirm their efficacy and potential benefits.",0.0,0.0,0.0,3841,2378,-1463,16.496969696969696,14.829438911829001,-1.6675307851406949
Climate Change in Vulnerable Populations and the Healthcare System,0.8,0.8,0.8,0.8,0.2,0.4,0.8,0.8,0.8,0.8,0.6,climate action,"Climate change has significant implications for vulnerable populations, including the elderly, children, low-income communities, and those with pre-existing medical conditions. The healthcare system plays a crucial role in addressing the health impacts of climate change on these populations. Here's a comprehensive overview:

**Vulnerable Populations Affected by Climate Change:**

1. **The Elderly**: Older adults are more susceptible to heat stress, respiratory problems, and other health issues due to climate-related events.
2. **Children**: Children are more vulnerable to heat-related illnesses, respiratory problems, and other health issues due to climate-related events.
3. **Low-Income Communities**: Low-income communities often lack access to resources, infrastructure, and healthcare services, making them more vulnerable to climate-related health impacts.
4. **People with Pre-Existing Medical Conditions**: Individuals with pre-existing medical conditions, such as asthma, diabetes, or heart disease, are more susceptible to climate-related health impacts.
5. **Indigenous Communities**: Indigenous communities often have limited access to healthcare services and may be more vulnerable to climate-related health impacts due to their unique cultural and environmental contexts.

**Health Impacts of Climate Change:**

1. **Heat-Related Illnesses**: Increased temperatures and heatwaves can lead to heat exhaustion, heat stroke, and other heat-related illnesses.
2. **Respiratory Problems**: Air pollution and extreme weather events can exacerbate respiratory conditions, such as asthma and chronic obstructive pulmonary disease (COPD).
3. **Mental Health**: Climate-related events can lead to anxiety, depression, and post-traumatic stress disorder (PTSD).
4. **Vector-Borne Diseases**: Climate change can lead to the spread of vector-borne diseases, such as malaria, dengue fever, and Zika virus.
5. **Food and Water-Borne Illnesses**: Climate-related events can contaminate water sources and food supplies, leading to waterborne and foodborne illnesses.

**The Healthcare System's Response:**

1. **Climate Change Preparedness**: Healthcare systems must prepare for climate-related events by developing emergency response plans, conducting climate risk assessments, and investing in climate-resilient infrastructure.
2. **Climate-Sensitive Healthcare**: Healthcare providers must be trained to address climate-related health impacts, such as heat stress and respiratory problems.
3. **Community-Based Interventions**: Community-based interventions, such as public health campaigns and education programs, can help mitigate the health impacts of climate change.
4. **Climate-Resilient Healthcare Infrastructure**: Healthcare facilities must be designed and constructed to withstand climate-related events, such as hurricanes and floods.
5. **Research and Development**: Healthcare systems must invest in research and development to better understand the health impacts of climate change and develop effective interventions.

**Key Strategies for Addressing Climate Change in Vulnerable Populations:**

1. **Early Warning Systems**: Establish early warning systems to alert vulnerable populations of impending climate-related events.
2. **Climate-Resilient Infrastructure**: Invest in climate-resilient infrastructure, such as heat-resistant buildings and flood-resistant healthcare facilities.
3. **Community-Based Interventions**: Implement community-based interventions, such as public health campaigns and education programs, to mitigate the health impacts of climate change.
4. **Climate-Sensitive Healthcare**: Provide climate-sensitive healthcare services, such as heat stress management and respiratory care, to vulnerable populations.
5. **Climate Change Education**: Educate healthcare providers, policymakers, and the public about the health impacts of climate change and the importance of climate-resilient healthcare systems.

In conclusion, climate change has significant implications for vulnerable populations, and the healthcare system plays a crucial role in addressing these impacts. By understanding the health impacts of climate change and implementing key strategies, we can mitigate the effects of climate change on vulnerable populations and build a more climate-resilient healthcare system.",,4.0,4.0,4.0,4330,0.9197490215301514,13.11,0.0,"Climate change is a global phenomenon that has significant implications for vulnerable populations and the healthcare system. The term ""climate change"" refers to the long-term warming of the planet, primarily caused by human activities that release greenhouse gases, such as carbon dioxide and methane, into the atmosphere.

**Vulnerable Populations:**

Vulnerable populations are those that are disproportionately affected by climate change due to their socioeconomic status, geographic location, or pre-existing health conditions. These populations include:

1. Low-income communities: They often lack access to resources, infrastructure, and healthcare services, making them more susceptible to climate-related health impacts.
2. Indigenous communities: They may have traditional ways of life that are disrupted by climate change, and their health is often compromised by inadequate access to healthcare and sanitation.
3. Children and the elderly: They are more susceptible to heat stress, respiratory problems, and other climate-related health issues due to their age and physical condition.
4. People with pre-existing medical conditions: Climate change can exacerbate existing health conditions, such as asthma, diabetes, and cardiovascular disease.

**Healthcare System Impacts:**

Climate change affects the healthcare system in several ways:

1. **Increased disease burden:** Climate change is linked to the spread of infectious diseases, such as malaria, dengue fever, and Zika virus, which can overwhelm healthcare systems.
2. **Heat-related illnesses:** Rising temperatures can lead to heat stress, heat exhaustion, and heat stroke, which can be fatal if not treated promptly.
3. **Mental health impacts:** Climate change can cause anxiety, depression, and post-traumatic stress disorder (PTSD) in individuals affected by extreme weather events.
4. **Displacement and migration:** Climate change can lead to displacement and migration, straining healthcare systems and creating new challenges for healthcare providers.
5. **Infrastructure and resource challenges:** Climate change can damage healthcare infrastructure, disrupt supply chains, and compromise the availability of essential medical resources.

**Causal Mechanisms:**

The causal mechanisms linking climate change to vulnerable populations and the healthcare system include:

1. **Temperature and precipitation changes:** Rising temperatures and changing precipitation patterns can lead to heat stress, droughts, and floods, which can have devastating health impacts.
2. **Air and water pollution:** Climate change can exacerbate air and water pollution, which can lead to respiratory problems, cardiovascular disease, and other health issues.
3. **Vector-borne diseases:** Climate change can facilitate the spread of vector-borne diseases, such as malaria and dengue fever, by altering the distribution and prevalence of disease-carrying insects.
4. **Food and water insecurity:** Climate change can lead to food and water insecurity, which can compromise the health and well-being of vulnerable populations.

**Conclusion:**

Climate change has significant implications for vulnerable populations and the healthcare system. Understanding the causal mechanisms and health impacts of climate change is essential for developing effective strategies to mitigate and adapt to its effects. Healthcare systems must be prepared to address the increasing disease burden, heat-related illnesses, mental health impacts, and infrastructure challenges associated with climate change.",0.9197490215301514,0.0,-0.9197490215301514,4330,3547,-783,19.879022835900162,19.251093210586884,-0.6279296253132784
Nutritional Effects on the Brain,0.8,0.8,0.8,0.6,0.2,0.8,0.6,0.8,0.8,0.8,0.6,good health and well-being,"The fascinating world of ""Nutritional Effects on the Brain""! Our brain is a complex and dynamic organ that relies heavily on a steady supply of nutrients to function optimally. A well-balanced diet rich in essential nutrients is crucial for maintaining cognitive function, mood, and overall brain health. Here's a comprehensive overview of the nutritional effects on the brain:

**Key Nutrients for Brain Health**

1. **Omega-3 Fatty Acids**: These essential fatty acids, particularly EPA and DHA, play a crucial role in brain function, structure, and development. They support cognitive processing, memory, and mood regulation.
2. **Vitamin D**: This vitamin is essential for maintaining healthy neurons and regulating neurotransmitters. Vitamin D deficiency has been linked to depression, anxiety, and cognitive decline.
3. **Magnesium**: This mineral is vital for neuronal function, synaptic plasticity, and neurotransmitter release. Magnesium deficiency can lead to cognitive impairment, anxiety, and depression.
4. **B Vitamins**: B vitamins, especially B6, B9 (folate), and B12, are essential for synthesizing neurotransmitters, such as serotonin and dopamine, which regulate mood, motivation, and cognitive function.
5. **Antioxidants**: Antioxidants like vitamins C and E, beta-carotene, and polyphenols help protect the brain from oxidative stress and inflammation, which can contribute to neurodegenerative diseases.
6. **Protein**: Adequate protein intake is necessary for maintaining healthy neurons, synapses, and neurotransmitters.
7. **Fiber**: A high-fiber diet supports the gut-brain axis, promoting a healthy gut microbiome, which is essential for cognitive function and mood regulation.

**Nutritional Effects on Brain Function**

1. **Cognitive Function**: A diet rich in omega-3 fatty acids, B vitamins, and antioxidants supports cognitive processing, memory, and attention.
2. **Mood Regulation**: Adequate intake of omega-3 fatty acids, vitamin D, and B vitamins helps regulate mood, reducing the risk of depression and anxiety.
3. **Neuroplasticity**: A balanced diet rich in essential nutrients supports neuroplasticity, the brain's ability to adapt and change in response to new experiences.
4. **Sleep and Circadian Rhythms**: A diet rich in tryptophan (an amino acid precursor to serotonin) and melatonin (a hormone regulating sleep-wake cycles) helps regulate sleep and circadian rhythms.
5. **Neuroinflammation**: A diet high in antioxidants and omega-3 fatty acids helps reduce neuroinflammation, which can contribute to neurodegenerative diseases.

**Dietary Patterns and Brain Health**

1. **Mediterranean Diet**: This diet, rich in fruits, vegetables, whole grains, and healthy fats, has been associated with improved cognitive function and reduced risk of dementia.
2. **DASH Diet**: The DASH (Dietary Approaches to Stop Hypertension) diet, which emphasizes whole grains, fruits, vegetables, and low-fat dairy, has been linked to improved cognitive function and reduced risk of dementia.
3. **Ketogenic Diet**: A high-fat, low-carbohydrate diet has been shown to improve cognitive function and reduce symptoms of neurodegenerative diseases, such as Alzheimer's and Parkinson's.

**Conclusion**

A well-balanced diet rich in essential nutrients is crucial for maintaining cognitive function, mood, and overall brain health. The key nutrients for brain health, including omega-3 fatty acids, vitamin D, magnesium, B vitamins, antioxidants, protein, and fiber, play a vital role in supporting brain function and reducing the risk of neurodegenerative diseases. By incorporating these nutrients into your diet and adopting a healthy lifestyle, you can support your brain's optimal functioning and overall well-being.",,4.0,4.0,4.0,3747,0.9308283925056458,13.7,0.0,"The relationship between nutrition and brain function is a complex and multifaceted topic. Research has shown that certain nutrients and dietary patterns can have a significant impact on brain health and function.

**Nutrient-Derived Effects on Brain Function**

1. **Neurotransmitter Regulation**: Nutrients such as omega-3 fatty acids, vitamin D, and B vitamins play a crucial role in regulating neurotransmitter synthesis and function. For example, omega-3 fatty acids are essential for the production of serotonin, a neurotransmitter involved in mood regulation.
2. **Inflammation Modulation**: A diet rich in fruits, vegetables, and whole grains can help reduce inflammation in the brain, which is associated with various neurological disorders, including Alzheimer's disease and depression.
3. **Energy Metabolism**: Nutrients such as glucose, amino acids, and fatty acids are essential for maintaining energy metabolism in the brain. A deficiency in these nutrients can lead to impaired cognitive function and fatigue.
4. **Neuroplasticity**: Nutrients such as BDNF (brain-derived neurotrophic factor) and omega-3 fatty acids have been shown to promote neuroplasticity, the brain's ability to adapt and change in response to experience.

**Dietary Patterns and Brain Health**

1. **Mediterranean Diet**: A diet rich in fruits, vegetables, whole grains, and healthy fats, such as the Mediterranean diet, has been associated with improved cognitive function and a reduced risk of dementia.
2. **Western Diet**: A diet high in processed meats, sugar, and saturated fats, such as the Western diet, has been linked to impaired cognitive function and an increased risk of neurological disorders.
3. **Ketogenic Diet**: A diet high in fat and low in carbohydrates, such as the ketogenic diet, has been shown to have neuroprotective effects and improve cognitive function in certain populations.

**Mechanisms Underlying Nutritional Effects on the Brain**

1. **Epigenetic Regulation**: Nutrients can influence gene expression and epigenetic marks, which can impact brain function and behavior.
2. **Gut-Brain Axis**: The gut microbiome plays a crucial role in modulating the brain-gut axis, influencing mood, cognitive function, and behavior.
3. **Neuroinflammation**: Nutrients can modulate neuroinflammation, which is associated with various neurological disorders.

In conclusion, the relationship between nutrition and brain function is complex and multifaceted. Nutrients and dietary patterns can have a significant impact on brain health and function, and research has identified several mechanisms underlying these effects. Further research is needed to fully understand the relationship between nutrition and brain function.",0.9308283925056458,0.0,-0.9308283925056458,3747,2732,-1015,19.56596596596597,18.208302872062664,-1.3576630939033052
Community Wind Projects,0.6,0.6,0.8,0.8,0.8,0.8,0.6,0.8,0.8,0.8,0.6,climate action,"Community wind projects are a type of renewable energy project that involves a group of individuals, organizations, or communities coming together to develop and operate a wind farm. These projects are often community-led and involve a shared ownership model, where the benefits and risks are distributed among the participants.

Here are some key characteristics of community wind projects:

1. **Community-led**: Community wind projects are initiated and driven by local communities, often with a strong sense of ownership and involvement.
2. **Shared ownership**: The project is owned and operated by a group of individuals, organizations, or communities, rather than a single entity.
3. **Renewable energy source**: The primary energy source is wind power, which is a clean and renewable energy source.
4. **Local benefits**: The project is designed to provide benefits to the local community, such as reduced energy costs, job creation, and economic development.
5. **Community engagement**: Community wind projects often involve extensive public engagement and consultation to ensure that the project meets the needs and concerns of the local community.

Community wind projects can take various forms, including:

1. **Cooperatives**: Member-owned cooperatives that pool resources to develop and operate a wind farm.
2. **Community-owned wind farms**: Projects where a group of individuals or organizations own and operate a wind farm together.
3. **Community benefit agreements**: Projects where a wind farm developer agrees to provide benefits to the local community in exchange for community support and approval.

The benefits of community wind projects include:

1. **Renewable energy generation**: Community wind projects can generate clean and renewable energy, reducing reliance on fossil fuels and mitigating climate change.
2. **Local economic benefits**: Community wind projects can create jobs, stimulate local economies, and provide revenue for community development projects.
3. **Community engagement**: Community wind projects can foster community engagement, education, and awareness about renewable energy and sustainability.
4. **Reduced energy costs**: Community wind projects can provide affordable and reliable energy to local residents and businesses.

However, community wind projects also face challenges, such as:

1. **High upfront costs**: Developing a wind farm requires significant investment, which can be a barrier for community-led projects.
2. **Regulatory hurdles**: Community wind projects must navigate complex regulatory frameworks, which can be time-consuming and costly.
3. **Public acceptance**: Community wind projects may face opposition from local residents or organizations, which can impact project development and operation.

Overall, community wind projects offer a unique opportunity for communities to take ownership of renewable energy development and reap the benefits of clean energy generation, local economic growth, and community engagement.",,4.0,4.0,4.0,3004,0.0,13.42,0.0,"Community Wind Projects refer to a type of renewable energy initiative where a group of individuals or organizations, often from a local community, come together to develop and operate a wind farm. This collaborative approach allows multiple stakeholders to share the benefits and risks associated with wind energy production.

Key characteristics of Community Wind Projects include:

1. **Community ownership**: The project is owned and controlled by the local community, either through a cooperative, non-profit organization, or a community trust.
2. **Local involvement**: Community members are actively involved in the decision-making process, from planning and development to operation and maintenance.
3. **Renewable energy production**: The primary purpose of the project is to generate electricity from wind energy, reducing reliance on fossil fuels and mitigating climate change.
4. **Economic benefits**: Community Wind Projects can provide economic benefits to the local community, including job creation, revenue generation, and reduced energy costs.

The benefits of Community Wind Projects include:

1. **Increased local control**: Community members have a direct say in the project's development and operation.
2. **Improved energy independence**: Local communities can reduce their reliance on external energy sources and generate their own renewable energy.
3. **Job creation and economic growth**: Community Wind Projects can create jobs and stimulate local economic growth.
4. **Environmental benefits**: Wind energy production reduces greenhouse gas emissions and contributes to a cleaner environment.

However, Community Wind Projects also face challenges, such as:

1. **Higher upfront costs**: Developing a wind farm can be capital-intensive, requiring significant investment from the community.
2. **Regulatory hurdles**: Community Wind Projects must navigate complex regulatory frameworks and obtain necessary permits and approvals.
3. **Technical complexities**: Wind farm operation and maintenance require specialized expertise and equipment.

Overall, Community Wind Projects offer a collaborative and community-driven approach to renewable energy production, providing economic, environmental, and social benefits to local communities.",0.0,0.0,0.0,3004,2264,-740,20.792406161857237,22.046903513880803,1.2544973520235665
Pituitary Adrenal Axis Function,0.4,0.8,0.8,0.6,0.2,0.4,0.4,0.8,0.8,0.8,0.6,good health and well-being,"The Pituitary Adrenal Axis (PAA) is a complex neuroendocrine system that plays a crucial role in the body's response to stress, regulating various physiological processes, and maintaining homeostasis. Here's a detailed explanation of its function:

**Components of the Pituitary Adrenal Axis:**

1. **Hypothalamus**: A small region in the brain that acts as the primary regulator of the PAA. It receives signals from the body and responds by releasing hormones that stimulate or inhibit the pituitary gland.
2. **Pituitary Gland (Adenohypophysis)**: A small endocrine gland located at the base of the brain that receives signals from the hypothalamus and releases hormones in response.
3. **Adrenal Glands**: Two small glands located on top of the kidneys that produce hormones in response to signals from the pituitary gland.

**Function of the Pituitary Adrenal Axis:**

The PAA is a negative feedback loop that helps the body respond to stress, regulate energy metabolism, and maintain homeostasis. Here's how it works:

1. **Stress Response**: When the body experiences stress, the hypothalamus releases corticotropin-releasing hormone (CRH), which stimulates the pituitary gland to release adrenocorticotropic hormone (ACTH).
2. **ACTH Release**: ACTH stimulates the adrenal glands to produce cortisol, a hormone that helps the body respond to stress by increasing blood sugar levels, blood pressure, and heart rate.
3. **Cortisol Feedback**: As cortisol levels rise, it provides feedback to the hypothalamus and pituitary gland, which reduces the production of CRH and ACTH, respectively.
4. **Regulation of Energy Metabolism**: The PAA also regulates energy metabolism by controlling the production of glucose, insulin, and glucagon.
5. **Maintenance of Homeostasis**: The PAA helps maintain homeostasis by regulating various physiological processes, such as blood pressure, body temperature, and electrolyte balance.

**Key Hormones Involved:**

1. **Corticotropin-releasing hormone (CRH)**: Released by the hypothalamus to stimulate the pituitary gland.
2. **Adrenocorticotropic hormone (ACTH)**: Released by the pituitary gland to stimulate the adrenal glands.
3. **Cortisol**: Released by the adrenal glands in response to ACTH.
4. **Glucocorticoids**: Released by the adrenal glands in response to cortisol, which helps regulate energy metabolism.

**Dysregulation of the Pituitary Adrenal Axis:**

Dysregulation of the PAA has been linked to various conditions, including:

1. **Cushing's Syndrome**: Excessive cortisol production due to a tumor or other abnormality.
2. **Addison's Disease**: Insufficient cortisol production due to adrenal gland damage or disease.
3. **Stress-Related Disorders**: Conditions such as anxiety, depression, and post-traumatic stress disorder (PTSD) can be linked to PAA dysregulation.
4. **Metabolic Disorders**: Conditions such as obesity, insulin resistance, and type 2 diabetes can be linked to PAA dysregulation.

In summary, the Pituitary Adrenal Axis is a complex neuroendocrine system that plays a crucial role in the body's response to stress, regulating energy metabolism, and maintaining homeostasis. Dysregulation of the PAA has been linked to various conditions, and understanding its function is essential for diagnosing and treating related disorders.",,4.0,4.0,3.0,3311,0.0,12.95,0.0,"The Pituitary Adrenal Axis (PAA) is a complex neuroendocrine system that regulates the body's response to stress, maintaining homeostasis and overall health. It involves a feedback loop between the pituitary gland, adrenal glands, and hypothalamus.

**Components:**

1. **Hypothalamus**: A region of the brain that produces and secretes hormones, including corticotropin-releasing hormone (CRH).
2. **Pituitary gland**: A small endocrine gland located at the base of the brain, which responds to CRH by releasing adrenocorticotropic hormone (ACTH).
3. **Adrenal glands**: Two small glands located on top of the kidneys, which produce and secrete cortisol and other glucocorticoids in response to ACTH.

**Function:**

The PAA functions as follows:

1. **Stress response**: When the body perceives stress, the hypothalamus releases CRH, which stimulates the pituitary gland to release ACTH.
2. **ACTH release**: ACTH stimulates the adrenal glands to produce and secrete cortisol, a glucocorticoid hormone that helps the body respond to stress.
3. **Cortisol feedback**: Cortisol is released into the bloodstream and binds to cortisol receptors in the hypothalamus and pituitary gland, inhibiting the release of CRH and ACTH.
4. **Negative feedback loop**: The decrease in CRH and ACTH levels signals the adrenal glands to reduce cortisol production, maintaining a balance between cortisol release and feedback inhibition.

**Regulation:**

The PAA is regulated by a complex interplay of hormones, neurotransmitters, and feedback mechanisms. Key factors influencing PAA function include:

* **Stress**: Physical, emotional, or psychological stress can activate the PAA, leading to increased cortisol production.
* **Sleep-wake cycle**: The PAA is influenced by the body's natural circadian rhythm, with cortisol levels typically peaking in the morning and decreasing at night.
* **Nutrition and exercise**: Adequate nutrition and regular exercise can support PAA function, while malnutrition or chronic stress can disrupt it.

**Dysregulation:**

Dysregulation of the PAA has been implicated in various conditions, including:

* **Cushing's syndrome**: Excessive cortisol production due to ACTH overproduction or adrenal gland tumors.
* **Addison's disease**: Insufficient cortisol production due to adrenal gland damage or dysfunction.
* **Chronic stress**: Prolonged activation of the PAA can lead to cortisol resistance, fatigue, and other health issues.

In summary, the Pituitary Adrenal Axis is a complex neuroendocrine system that regulates the body's response to stress, maintaining homeostasis and overall health. Its function is influenced by a range of factors, including stress, sleep-wake cycle, nutrition, and exercise. Dysregulation of the PAA has been linked to various conditions, highlighting the importance of maintaining a healthy balance between cortisol production and feedback inhibition.",0.0,0.0,0.0,3311,2909,-402,19.138924731182794,19.200000000000003,0.06107526881720915
Women-Only Spaces and Safety,0.8,0.8,0.8,0.6,0.6,0.8,0.8,0.8,0.8,0.4,0.6,gender equality,"Women-only spaces and safety refer to designated areas or environments where women can feel safe and protected from potential threats, harassment, or violence. These spaces can take various forms, including physical locations, online communities, and social norms. The primary goal of women-only spaces is to provide a sense of security and comfort for women, allowing them to engage in activities, express themselves, and interact with others without fear of intimidation or harm.

**Types of Women-Only Spaces:**

1.  **Physical spaces:** Women-only gyms, yoga studios, and other recreational facilities, as well as women-only shelters and safe houses for survivors of domestic violence.
2.  **Online communities:** Social media groups, forums, and online platforms where women can connect, share experiences, and support one another.
3.  **Social norms:** Cultural and societal expectations that promote respect, empathy, and understanding towards women, creating a safe and inclusive environment.

**Importance of Women-Only Spaces:**

1.  **Empowerment:** Women-only spaces provide a platform for women to take control of their lives, make decisions, and assert their rights.
2.  **Safety:** These spaces offer a sense of security, allowing women to feel protected from potential threats, harassment, or violence.
3.  **Community building:** Women-only spaces foster a sense of belonging, connection, and solidarity among women, promoting a supportive and inclusive environment.
4.  **Personal growth:** These spaces enable women to develop their skills, confidence, and self-esteem, leading to personal growth and empowerment.

**Challenges and Limitations:**

1.  **Accessibility:** Women-only spaces may not be accessible to all women, particularly those from marginalized communities or with limited resources.
2.  **Exclusivity:** Some women-only spaces may be perceived as exclusive or elitist, potentially alienating women who do not fit the criteria.
3.  **Safety concerns:** Women-only spaces may still be vulnerable to safety concerns, such as harassment or violence, particularly if not properly managed or secured.
4.  **Intersectionality:** Women-only spaces may not account for the diverse experiences and needs of women from different backgrounds, ages, and abilities.

**Best Practices for Women-Only Spaces:**

1.  **Inclusivity:** Ensure that women-only spaces are inclusive and welcoming to all women, regardless of their background, age, or ability.
2.  **Safety protocols:** Implement robust safety protocols, such as security measures, emergency response plans, and clear guidelines for behavior.
3.  **Accessibility:** Make women-only spaces accessible to all women, particularly those from marginalized communities or with limited resources.
4.  **Community engagement:** Foster a sense of community and engagement among women, promoting a supportive and inclusive environment.

By understanding the importance and challenges of women-only spaces, we can work towards creating a more inclusive and safe environment for all women.",,4.0,4.0,4.0,3058,0.6940746307373047,14.34,0.0,"Women-only spaces refer to areas or environments that are designated for the exclusive use of women, often with the intention of providing a safe and comfortable environment for them to engage in various activities. These spaces can be found in various settings, including public facilities, private establishments, and online communities.

The concept of women-only spaces is often linked to the idea of safety, particularly in environments where women may feel vulnerable or at risk of harassment or assault. The creation of women-only spaces is intended to mitigate these risks and provide women with a sense of security and autonomy.

Some common features of women-only spaces include:

1. Separate areas for women: Women-only spaces often have designated areas that are separate from those used by men, such as women's restrooms, locker rooms, or changing rooms.
2. Access controls: Some women-only spaces may have access controls, such as membership requirements, ID checks, or security personnel, to ensure that only women are allowed entry.
3. Safety protocols: Women-only spaces may have safety protocols in place, such as emergency response plans, security cameras, or panic buttons, to quickly respond to any incidents.

The creation of women-only spaces is often driven by the need to address specific safety concerns, such as:

1. Harassment and assault: Women may feel uncomfortable or at risk of harassment or assault in mixed-sex environments, particularly in situations where they are alone or in a vulnerable position.
2. Inadequate facilities: Women may face difficulties accessing basic facilities, such as restrooms or changing rooms, in environments where these facilities are inadequate or poorly maintained.
3. Social and cultural norms: Women may feel that they are not welcome or included in certain environments, or that they are subject to certain social or cultural norms that make them feel uncomfortable or at risk.

The effectiveness of women-only spaces in promoting safety and well-being is a topic of ongoing debate. Some arguments in favor of women-only spaces include:

1. Increased sense of safety: Women-only spaces can provide a sense of security and comfort for women, particularly in environments where they may feel vulnerable.
2. Reduced risk of harassment: By separating women from men, women-only spaces can reduce the risk of harassment or assault.
3. Improved access to facilities: Women-only spaces can provide women with access to basic facilities, such as restrooms or changing rooms, that may be inadequate or poorly maintained in mixed-sex environments.

However, some arguments against women-only spaces include:

1. Exclusion of men: Women-only spaces can be seen as exclusionary, as they restrict access to men who may also be seeking a safe and comfortable environment.
2. Potential for segregation: Women-only spaces can be seen as perpetuating segregation and reinforcing existing social and cultural norms that exclude or marginalize certain groups.
3. Limited scope: Women-only spaces may not address the root causes of safety concerns, such as inadequate facilities or social and cultural norms, and may only provide a temporary solution.

Ultimately, the effectiveness and appropriateness of women-only spaces depend on a range of factors, including the specific context, the needs and preferences of the women involved, and the potential impact on men and other groups.",0.6940746307373047,0.0,-0.6940746307373047,3058,3433,375,18.36094220193006,17.310238136624374,-1.0507040653056876
Intergenerational Impact of Sexism,0.6,0.8,0.8,0.8,0.2,0.4,0.8,0.8,0.8,0.6,0.6,gender equality,"The intergenerational impact of sexism refers to the ways in which sexism and patriarchal norms can be passed down from one generation to the next, affecting individuals and communities across different age groups. This phenomenon can have far-reaching consequences, influencing not only the lives of women and girls but also those of men and boys.

**How sexism is passed down:**

1.  **Socialization**: Children learn about gender roles and expectations from their caregivers, family members, and community. These early experiences shape their understanding of what it means to be a boy or girl, man or woman.
2.  **Cultural norms**: Societal norms and expectations around gender, masculinity, and femininity are often perpetuated through cultural practices, media, and education. These norms can be internalized by individuals, influencing their attitudes and behaviors.
3.  **Family dynamics**: Family relationships and interactions can perpetuate sexism, with parents and caregivers often reinforcing traditional gender roles and expectations.
4.  **Power dynamics**: Sexism can be perpetuated through power imbalances, with those in positions of authority (e.g., parents, teachers, politicians) often holding and enforcing patriarchal norms.

**Consequences of intergenerational sexism:**

1.  **Limited opportunities**: Women and girls may face restrictions on their education, career choices, and personal freedoms, limiting their potential and opportunities.
2.  **Emotional and mental health impacts**: Sexism can lead to feelings of shame, low self-esteem, and anxiety in individuals, particularly women and girls.
3.  **Physical health consequences**: The stress and trauma associated with sexism can have physical health consequences, such as increased risk of depression, anxiety disorders, and cardiovascular disease.
4.  **Intergenerational trauma**: The effects of sexism can be passed down through generations, perpetuating cycles of trauma and limiting opportunities for individuals and communities.

**Breaking the cycle of intergenerational sexism:**

1.  **Education and awareness**: Educating individuals about the impact of sexism and promoting awareness about gender equality can help break down patriarchal norms.
2.  **Empowering women and girls**: Supporting women's and girls' education, economic empowerment, and leadership can help them break free from traditional gender roles and expectations.
3.  **Engaging men and boys**: Encouraging men and boys to become allies and advocates for gender equality can help shift cultural norms and promote positive change.
4.  **Addressing power dynamics**: Addressing power imbalances and promoting inclusive decision-making can help create a more equitable society.

Breaking the cycle of intergenerational sexism requires a collective effort from individuals, communities, and societies. By acknowledging the impact of sexism and working together to promote gender equality, we can create a more just and equitable world for all.",,4.0,4.0,4.0,3002,0.9233150482177734,14.86,0.0,"The intergenerational impact of sexism refers to the long-term effects of sexist attitudes, behaviors, and policies on individuals and groups across multiple generations. This phenomenon can be understood through the lens of social learning theory, which posits that individuals learn and adopt behaviors, attitudes, and values from their environment and social interactions.

Sexist attitudes and behaviors can be perpetuated through various mechanisms, including:

1. **Socialization**: Children and adolescents learn sexist attitudes and behaviors from their caregivers, family members, and peers. These early experiences can shape their understanding of gender roles, expectations, and relationships.
2. **Cultural norms**: Societal norms, values, and expectations can perpetuate sexism, influencing individuals' attitudes and behaviors. For example, cultural norms around masculinity and femininity can contribute to the objectification and marginalization of women.
3. **Institutional policies**: Educational, economic, and social institutions can perpetuate sexism through policies, practices, and procedures that discriminate against or disadvantage certain groups.
4. **Power dynamics**: Sexism can be perpetuated through power imbalances, where dominant groups (e.g., men) hold positions of authority and influence, while marginalized groups (e.g., women) are excluded or oppressed.

The intergenerational impact of sexism can manifest in various ways, including:

1. **Intergenerational transmission of trauma**: Sexist experiences and trauma can be passed down through generations, influencing individuals' mental and physical health, relationships, and overall well-being.
2. **Limited opportunities and resources**: Sexist policies and attitudes can restrict access to education, employment, and economic opportunities, perpetuating cycles of poverty and disadvantage.
3. **Reinforced stereotypes and biases**: Sexist attitudes and behaviors can be perpetuated through social interactions, media representation, and cultural norms, reinforcing stereotypes and biases.
4. **Lack of representation and voice**: Sexism can lead to the marginalization and exclusion of certain groups, limiting their representation and voice in decision-making processes.

To address the intergenerational impact of sexism, it is essential to:

1. **Raise awareness**: Educate individuals about the effects of sexism and its perpetuation through socialization, cultural norms, and institutional policies.
2. **Challenge and change policies**: Reform policies and practices that perpetuate sexism, promoting inclusivity and equity.
3. **Promote critical thinking and media literacy**: Encourage individuals to critically evaluate information and media representation, challenging sexist stereotypes and biases.
4. **Support marginalized groups**: Amplify the voices and experiences of marginalized groups, promoting representation and inclusion in decision-making processes.

By understanding the intergenerational impact of sexism, individuals and societies can work towards creating a more equitable and just environment, where all individuals have equal opportunities and are valued and respected.",0.9233150482177734,0.5973343849182129,-0.32598066329956055,3002,3192,190,20.306443071491614,24.0320644872369,3.7256214157452874
Supporting Young Women in Decision-Making Roles,0.6,0.6,0.8,0.6,0.2,0.8,0.6,0.8,0.8,0.4,0.6,gender equality,"""Supporting Young Women in Decision-Making Roles"" is a concept that emphasizes the importance of empowering and enabling young women to take on leadership positions and make informed decisions that impact their lives, communities, and societies. This concept is often associated with initiatives and programs aimed at promoting gender equality, women's empowerment, and youth development.

Here are some key aspects of supporting young women in decision-making roles:

1. **Empowerment**: Providing young women with the skills, knowledge, and confidence to take on leadership roles and make informed decisions.
2. **Mentorship**: Pairing young women with experienced mentors who can guide them, offer advice, and provide support in their decision-making journeys.
3. **Training and Education**: Offering training and education programs that focus on leadership development, critical thinking, problem-solving, and decision-making skills.
4. **Role Models**: Providing young women with positive role models who demonstrate leadership and decision-making skills, and can inspire and motivate them to take on similar roles.
5. **Safe and Inclusive Spaces**: Creating safe and inclusive spaces where young women feel comfortable sharing their ideas, opinions, and concerns, and can participate in decision-making processes without fear of judgment or retribution.
6. **Access to Resources**: Ensuring that young women have access to resources, such as funding, technology, and networks, that can support their decision-making and leadership endeavors.
7. **Addressing Barriers**: Identifying and addressing the barriers that prevent young women from taking on decision-making roles, such as stereotypes, biases, and systemic inequalities.
8. **Encouraging Participation**: Encouraging young women to participate in decision-making processes, and creating opportunities for them to take on leadership roles and make informed decisions.
9. **Building Confidence**: Building the confidence and self-esteem of young women, so they feel empowered to take on decision-making roles and make a positive impact.
10. **Long-term Commitment**: Making a long-term commitment to supporting young women in decision-making roles, and recognizing that this is a process that requires time, effort, and resources.

By supporting young women in decision-making roles, we can:

* Promote gender equality and women's empowerment
* Foster leadership and decision-making skills among young women
* Encourage young women to take on leadership roles and make informed decisions
* Address systemic inequalities and biases that prevent young women from taking on decision-making roles
* Create a more inclusive and equitable society where all individuals, regardless of gender, can participate and contribute to decision-making processes.",,4.0,4.0,4.0,2808,0.9758293628692628,17.23,0.0,"""Supporting Young Women in Decision-Making Roles"" refers to initiatives and efforts aimed at promoting and empowering young women to take on leadership positions and participate in decision-making processes within various organizations, communities, and societies.

**Definition:**

Supporting young women in decision-making roles involves creating opportunities, providing resources, and removing barriers that hinder their ability to assume leadership positions and contribute to decision-making processes. This can include mentorship programs, training and development initiatives, and policy changes that promote equal access to opportunities.

**Key aspects:**

1. **Leadership development:** Providing young women with training, education, and experience to develop their leadership skills and prepare them for decision-making roles.
2. **Mentorship:** Pairing young women with experienced mentors who can offer guidance, support, and networking opportunities.
3. **Policy and legislative changes:** Advocating for policies and laws that promote equal access to opportunities and remove barriers to decision-making roles.
4. **Networking and collaboration:** Fostering connections between young women and existing leaders, organizations, and networks to facilitate knowledge sharing and collaboration.
5. **Addressing systemic barriers:** Identifying and addressing systemic barriers, such as bias, stereotypes, and lack of representation, that hinder young women's participation in decision-making roles.

**Goals and outcomes:**

The primary goals of supporting young women in decision-making roles include:

1. **Increased representation:** Ensuring that young women are represented in decision-making positions and have a voice in shaping policies and strategies.
2. **Improved decision-making:** Fostering diverse perspectives and experiences to inform decision-making processes and lead to more effective and inclusive outcomes.
3. **Empowerment:** Empowering young women to take ownership of their careers and lives, and to make informed decisions about their futures.
4. **Societal benefits:** Contributing to the development of more inclusive, equitable, and sustainable societies.

**Implementation and evaluation:**

Supporting young women in decision-making roles requires a multifaceted approach, involving various stakeholders, including organizations, governments, and communities. Evaluation and assessment of these initiatives should focus on measuring the impact on young women's participation, leadership development, and decision-making outcomes.",0.9758293628692628,0.0,-0.9758293628692628,2808,2572,-236,22.84886236478926,23.375,0.5261376352107412
Hepatitis B Prevention,0.8,0.8,0.8,1.0,0.8,0.8,0.4,0.8,0.8,0.8,0.6,good health and well-being,"Hepatitis B prevention refers to the measures taken to prevent the spread of Hepatitis B virus (HBV), a serious liver infection that can cause acute and chronic disease. Here are some key aspects of Hepatitis B prevention:

**Transmission:**

Hepatitis B is primarily spread through:

1. **Blood-to-blood contact**: Sharing needles, syringes, or other equipment contaminated with infected blood.
2. **Sexual contact**: Unprotected sex with an infected person.
3. **Mother-to-child transmission**: From an infected mother to her baby during childbirth.
4. **Contaminated needles and medical equipment**: Using needles or equipment that have not been properly sterilized.

**Prevention Strategies:**

1. **Vaccination**: The most effective way to prevent Hepatitis B is through vaccination. The Hepatitis B vaccine is recommended for:
	* Newborns (at birth)
	* Children under 18 years old
	* Adults at high risk (e.g., healthcare workers, people with multiple sex partners, injection drug users)
	* Travelers to high-risk areas
2. **Safe sex practices**: Use condoms and other barrier methods to prevent sexual transmission.
3. **Safe injection practices**: Use sterile needles and equipment for injections.
4. **Proper hand hygiene**: Wash hands thoroughly with soap and water after using the bathroom, before eating, and after coming into contact with bodily fluids.
5. **Screening and testing**: Regularly test for HBV in high-risk individuals and those with symptoms.
6. **Safe childbirth practices**: Use sterile equipment and follow proper infection control procedures during childbirth.

**High-Risk Groups:**

1. **Injection drug users**: People who inject drugs are at high risk of HBV transmission.
2. **Sex workers**: People in the sex industry are at high risk of HBV transmission.
3. **Healthcare workers**: Healthcare workers are at risk of HBV transmission through needlestick injuries or other occupational exposure.
4. **People with multiple sex partners**: Individuals with multiple sex partners are at higher risk of HBV transmission.
5. **People with a history of HBV infection**: Individuals who have had HBV in the past are at risk of chronic infection.

**Prevention Programs:**

1. **Vaccination programs**: Implementing vaccination programs in high-risk areas and communities.
2. **Education and awareness**: Educating the public about the risks of HBV transmission and the importance of prevention.
3. **Screening and testing programs**: Implementing screening and testing programs for high-risk individuals.
4. **Safe injection practices programs**: Implementing safe injection practices programs in healthcare settings.

By implementing these prevention strategies, we can reduce the spread of Hepatitis B and protect individuals and communities from this serious liver infection.",,3.0,4.0,4.0,2806,0.0,10.01,0.0,"Hepatitis B prevention refers to the measures taken to prevent the spread of Hepatitis B virus (HBV), a viral infection that affects the liver. HBV is a major public health concern worldwide, causing acute and chronic liver disease, liver cancer, and death.

**Transmission of HBV:**

HBV is transmitted through:

1. Blood-to-blood contact: Sharing needles, syringes, or other equipment contaminated with infected blood.
2. Mother-to-child transmission: From an infected mother to her child during birth.
3. Sexual contact: Unprotected sex with an infected partner.
4. Vertical transmission: From an infected mother to her child during pregnancy.

**Prevention Strategies:**

To prevent the spread of HBV, the following measures are taken:

1. **Vaccination:** The Hepatitis B vaccine is administered to individuals at high risk of infection, such as:
	* Newborns
	* Healthcare workers
	* People with multiple sex partners
	* Injecting drug users
	* Individuals with chronic liver disease
2. **Screening and testing:** Blood tests are used to detect HBV infection in individuals, particularly those at high risk.
3. **Safe injection practices:** Proper use of sterile needles and syringes is emphasized to prevent blood-to-blood contact.
4. **Safe sex practices:** Use of condoms and other barrier methods is encouraged to prevent sexual transmission.
5. **Prenatal care:** Pregnant women are screened for HBV, and those infected are treated to prevent mother-to-child transmission.
6. **Education and awareness:** Public health campaigns aim to educate individuals about HBV transmission, prevention, and treatment.

**Effectiveness of Prevention Strategies:**

Studies have shown that vaccination is highly effective in preventing HBV infection, with a 95% or higher efficacy rate. Screening and testing, safe injection practices, and safe sex practices have also been shown to reduce the transmission of HBV.

**Challenges and Limitations:**

Despite the availability of effective prevention strategies, challenges and limitations remain, including:

1. **Vaccine hesitancy:** Some individuals may refuse vaccination due to concerns about vaccine safety or efficacy.
2. **Limited access to healthcare:** In some regions, access to healthcare services, including vaccination and screening, may be limited.
3. **Stigma and social determinants:** Social and economic factors, such as poverty and lack of education, can contribute to the spread of HBV.

Overall, Hepatitis B prevention relies on a combination of vaccination, screening, and education to prevent the spread of the virus.",0.0,0.0,0.0,2806,2585,-221,15.694995759117896,17.36333985649054,1.6683440973726444
Racial and Ethnic Disparities in Maternal Health,0.8,0.8,0.8,1.0,0.2,0.4,0.8,0.8,0.8,0.8,0.6,gender equality,"Racial and ethnic disparities in maternal health refer to the significant differences in health outcomes, access to care, and experiences of pregnant women and new mothers across various racial and ethnic groups. These disparities are a major public health concern in the United States and other countries.

**Key Disparities:**

1. **Maternal Mortality:** African American women are 3-4 times more likely to die from pregnancy-related complications than white women. Hispanic women are 2-3 times more likely to die from pregnancy-related complications than white women.
2. **Preterm Birth:** African American women are 50% more likely to have a preterm birth than white women. Hispanic women are 20-30% more likely to have a preterm birth than white women.
3. **Low Birth Weight:** African American women are 50% more likely to have a low birth weight baby than white women. Hispanic women are 20-30% more likely to have a low birth weight baby than white women.
4. **Infant Mortality:** African American infants are 2-3 times more likely to die in the first year of life than white infants. Hispanic infants are 1-2 times more likely to die in the first year of life than white infants.
5. **Access to Care:** Women of color are less likely to have access to prenatal care, and when they do, they are more likely to receive inadequate care.
6. **Socioeconomic Factors:** Women of color are more likely to experience poverty, unemployment, and lack of health insurance, which exacerbate health disparities.
7. **Healthcare Provider Bias:** Women of color may experience bias and stereotyping from healthcare providers, which can lead to inadequate care and poor health outcomes.

**Causes of Disparities:**

1. **Socioeconomic Factors:** Poverty, unemployment, and lack of health insurance contribute to poor health outcomes.
2. **Racial and Ethnic Bias:** Systemic and interpersonal bias can lead to inadequate care and poor health outcomes.
3. **Access to Care:** Women of color may face barriers to accessing prenatal care, including lack of transportation, language barriers, and cultural mistrust.
4. **Healthcare Provider Training:** Healthcare providers may not receive adequate training on cultural competence and implicit bias.
5. **Policy and Systemic Issues:** Policies and systems that perpetuate health disparities, such as Medicaid expansion and access to reproductive healthcare, can contribute to disparities.

**Consequences:**

1. **Poor Health Outcomes:** Disparities in maternal health lead to poor health outcomes, including maternal and infant mortality.
2. **Increased Healthcare Costs:** Disparities in maternal health lead to increased healthcare costs, as women of color are more likely to experience complications and require more intensive care.
3. **Reduced Quality of Life:** Disparities in maternal health lead to reduced quality of life for women of color and their families.

**Solutions:**

1. **Cultural Competence Training:** Healthcare providers should receive training on cultural competence and implicit bias.
2. **Access to Care:** Women of color should have access to comprehensive prenatal care, including language access and transportation.
3. **Healthcare Provider Bias Reduction:** Strategies should be implemented to reduce bias and stereotyping among healthcare providers.
4. **Policy and Systemic Changes:** Policies and systems should be implemented to address health disparities, including Medicaid expansion and access to reproductive healthcare.
5. **Community-Based Interventions:** Community-based interventions, such as peer support programs and health education, can help address health disparities.

Addressing racial and ethnic disparities in maternal health requires a comprehensive approach that involves healthcare providers, policymakers, and community-based organizations. By working together, we can reduce disparities and improve health outcomes for women of color and their families.",,4.0,4.0,4.0,3950,0.0,11.57,0.0,"Racial and ethnic disparities in maternal health refer to the differences in health outcomes and experiences of pregnant individuals and new mothers across various racial and ethnic groups. These disparities are observed in the United States and other countries with diverse populations.

**Definitions:**

*   Racial disparities: Differences in health outcomes and experiences between racial groups, such as African American, White, and Asian American.
*   Ethnic disparities: Differences in health outcomes and experiences between ethnic groups, such as Hispanic, Latino, and Native American.
*   Maternal health: The health and well-being of pregnant individuals and new mothers, including pregnancy-related complications, childbirth, and postpartum care.

**Causes and Contributing Factors:**

1.  **Socioeconomic factors**: Lower socioeconomic status, lack of access to healthcare, and limited health insurance coverage are more prevalent among certain racial and ethnic groups.
2.  **Healthcare access and quality**: Disparities in healthcare access, quality, and cultural competence can contribute to poorer health outcomes.
3.  **Biological and genetic factors**: Genetic differences and underlying health conditions may contribute to disparities in maternal health outcomes.
4.  **Environmental factors**: Exposure to environmental toxins, poor living conditions, and limited access to healthy food and physical activity opportunities can impact maternal health.
5.  **Cultural and linguistic barriers**: Language barriers, cultural differences, and lack of culturally competent care can hinder effective communication and care.

**Disparities in Maternal Health Outcomes:**

1.  **Pregnancy-related mortality**: African American women are approximately 3-4 times more likely to die from pregnancy-related complications compared to White women.
2.  **Preterm birth**: African American and Native American women are more likely to experience preterm birth compared to White women.
3.  **Low birth weight**: Hispanic and African American women are more likely to have low birth weight babies compared to White women.
4.  **Maternal morbidity**: African American women are more likely to experience severe maternal morbidity, including heart attack, stroke, and blood transfusions.

**Addressing Racial and Ethnic Disparities in Maternal Health:**

1.  **Culturally competent care**: Providing care that is sensitive to the cultural and linguistic needs of diverse populations.
2.  **Increased access to healthcare**: Expanding healthcare access, improving health insurance coverage, and reducing out-of-pocket costs.
3.  **Addressing socioeconomic factors**: Implementing policies to address poverty, education, and employment disparities.
4.  **Research and data collection**: Conducting research to better understand the causes of disparities and collecting data to track progress.
5.  **Policy and advocacy efforts**: Advocating for policies that address disparities and promote equity in maternal health.",0.0,0.0,0.0,3950,3015,-935,16.657840375586854,19.474211502782932,2.816371127196078
Biofuels and Low-Carbon Transportation,0.8,0.6,0.8,0.8,0.8,0.6,0.8,0.8,0.8,0.8,0.6,climate action,"""Biofuels and Low-Carbon Transportation"" refers to the use of renewable energy sources, specifically biofuels, to power vehicles and reduce greenhouse gas emissions associated with transportation. The goal is to mitigate climate change by decreasing dependence on fossil fuels and promoting sustainable transportation options.

**What are Biofuels?**

Biofuels are fuels produced from organic matter, such as plants, algae, or agricultural waste. They can be used as a direct substitute for fossil fuels in vehicles, reducing emissions and dependence on petroleum-based fuels. Common types of biofuels include:

1. **Ethanol** (E10, E85): A blend of ethanol and gasoline, used in spark-ignition engines.
2. **Biodiesel** (B5, B20): A blend of biodiesel and diesel fuel, used in compression-ignition engines.
3. **Butanol**: A higher-energy-density fuel, used in some spark-ignition engines.
4. **Hydrogen**: A clean-burning fuel, used in fuel cell electric vehicles (FCEVs).

**Benefits of Biofuels and Low-Carbon Transportation**

1. **Reduced greenhouse gas emissions**: Biofuels can lower emissions by up to 80% compared to fossil fuels.
2. **Improved air quality**: Biofuels can reduce particulate matter, nitrogen oxides, and other pollutants.
3. **Energy security**: Diversifying energy sources can reduce dependence on imported fossil fuels.
4. **Job creation**: The biofuels industry can create new employment opportunities in agriculture, manufacturing, and transportation.
5. **Carbon sequestration**: Biofuels can help sequester carbon dioxide from the atmosphere, mitigating climate change.

**Challenges and Limitations**

1. **Land use and food security**: Large-scale biofuel production can lead to land competition with food crops, potentially exacerbating food insecurity.
2. **Water usage**: Biofuel production requires significant water resources, which can strain local water supplies.
3. **Feedstock costs**: The cost of feedstocks (e.g., corn, sugarcane) can be high, affecting the economic viability of biofuels.
4. **Infrastructure**: Widespread adoption of biofuels requires significant investment in infrastructure, including fueling stations and distribution networks.
5. **Public acceptance**: Some consumers may be hesitant to adopt biofuels due to concerns about food security, land use, or environmental impacts.

**Solutions and Innovations**

1. **Advanced biofuels**: Next-generation biofuels, such as cellulosic ethanol and algae-based fuels, can offer improved efficiency and reduced land use.
2. **Sustainable feedstocks**: Using waste biomass, agricultural residues, or algae as feedstocks can minimize land use competition and environmental impacts.
3. **Carbon capture and storage**: Integrating carbon capture and storage (CCS) with biofuel production can further reduce emissions.
4. **Electric vehicles**: FCEVs and battery electric vehicles (BEVs) can offer zero-emission transportation options, complementing biofuels.
5. **Policy and regulation**: Governments can implement policies and regulations to support the development and adoption of low-carbon transportation options, including biofuels.

In conclusion, biofuels and low-carbon transportation offer a promising solution to reduce greenhouse gas emissions and promote sustainable transportation options. While challenges and limitations exist, innovations and solutions are emerging to address these concerns and make low-carbon transportation a reality.",,4.0,4.0,4.0,3458,0.0,13.88,0.0,"Biofuels and low-carbon transportation refer to the use of alternative fuels and technologies to reduce greenhouse gas emissions from transportation. This concept involves the production and use of fuels derived from renewable biomass sources, such as plants, algae, and agricultural waste, to power vehicles.

**Definition of Biofuels:**

Biofuels are fuels produced from organic matter, such as plants, algae, and agricultural waste, through various processes, including fermentation, transesterification, and gasification. They can be blended with conventional fossil fuels or used as a standalone fuel.

**Types of Biofuels:**

1. **Ethanol:** A biofuel produced from fermented plant materials, such as corn, sugarcane, and switchgrass.
2. **Biodiesel:** A biofuel produced from vegetable oils and animal fats through transesterification.
3. **Biogas:** A biofuel produced from anaerobic digestion of organic matter, such as agricultural waste and sewage sludge.
4. **Hydrogen:** A biofuel produced from electrolysis of water, using renewable energy sources.

**Low-Carbon Transportation Technologies:**

1. **Electric Vehicles (EVs):** Vehicles powered by electric motors, using batteries charged from the grid.
2. **Hybrid Electric Vehicles (HEVs):** Vehicles that combine a conventional internal combustion engine with an electric motor.
3. **Fuel Cell Electric Vehicles (FCEVs):** Vehicles powered by fuel cells, using hydrogen as a fuel source.
4. **Advanced Biofuels:** Biofuels produced from non-food biomass sources, such as algae and agricultural waste.

**Benefits and Challenges:**

Benefits:

* Reduced greenhouse gas emissions from transportation
* Improved energy security through diversification of fuel sources
* Potential for job creation and economic growth in rural areas

Challenges:

* High production costs and energy requirements
* Land use and water resource competition with food production
* Limited scalability and infrastructure development

**Regulatory Framework:**

Governments have implemented policies and regulations to promote the development and use of biofuels and low-carbon transportation technologies, such as:

1. **Renewable Fuel Standard (RFS):** A US policy requiring a minimum percentage of renewable fuels in the transportation fuel mix.
2. **Low-Carbon Fuel Standard (LCFS):** A policy requiring fuel producers to reduce the carbon intensity of their fuels.
3. **Tax incentives and subsidies:** Governments have provided financial support to encourage the development and adoption of low-carbon transportation technologies.

**Conclusion:**

Biofuels and low-carbon transportation technologies offer a promising solution to reduce greenhouse gas emissions from transportation. However, their development and deployment face significant challenges, including high production costs, land use competition, and limited scalability. Governments and industry stakeholders must continue to work together to address these challenges and promote the widespread adoption of low-carbon transportation solutions.",0.0,0.0,0.0,3458,3051,-407,19.884896389660327,21.852309164871983,1.9674127752116561
Community-Based Solutions to Address Domestic Violence,0.8,0.8,0.8,1.0,0.2,0.8,0.8,0.8,0.8,0.6,0.6,gender equality,"Community-based solutions to address domestic violence are approaches that focus on prevention, intervention, and support within a community, rather than solely relying on law enforcement or government agencies. These solutions aim to create a culture of safety, respect, and accountability, where individuals and families can thrive without fear of violence. Here are some examples of community-based solutions to address domestic violence:

1. **Support Groups**: Community-based support groups provide a safe space for survivors of domestic violence to share their experiences, receive emotional support, and connect with others who have gone through similar situations.
2. **Peer Education and Training**: Community-based programs train peers to educate others about domestic violence, its signs, and its effects. This approach helps to raise awareness, challenge societal norms, and promote healthy relationships.
3. **Community Outreach and Engagement**: Community-based outreach programs engage with local residents, businesses, and organizations to raise awareness about domestic violence and promote community involvement in prevention and response efforts.
4. **Counseling and Therapy**: Community-based counseling and therapy services provide survivors of domestic violence with access to professional help, support, and guidance to rebuild their lives.
5. **Advocacy and Support Services**: Community-based advocacy and support services, such as hotlines, shelters, and advocacy programs, provide immediate support and assistance to survivors of domestic violence.
6. **Community-Based Interventions**: Community-based interventions, such as batterer intervention programs, focus on holding perpetrators accountable for their actions and providing them with education and counseling to change their behavior.
7. **Community Events and Campaigns**: Community-based events and campaigns, such as walks, runs, and awareness campaigns, raise visibility and funds to support domestic violence prevention and response efforts.
8. **Partnerships and Collaborations**: Community-based partnerships and collaborations between local organizations, government agencies, and community groups help to leverage resources, expertise, and support to address domestic violence.
9. **Community-Based Research**: Community-based research initiatives involve community members in the research process to better understand the complexities of domestic violence and develop effective solutions.
10. **Policy and Legislative Advocacy**: Community-based policy and legislative advocacy efforts work to influence local, state, or national policies to better support survivors of domestic violence and hold perpetrators accountable.

The benefits of community-based solutions to address domestic violence include:

* Increased community engagement and ownership
* Improved access to support services and resources
* Enhanced cultural sensitivity and understanding
* More effective prevention and intervention strategies
* Greater accountability for perpetrators
* Improved outcomes for survivors of domestic violence

Overall, community-based solutions to address domestic violence are essential for creating a culture of safety, respect, and accountability, where individuals and families can thrive without fear of violence.",,4.0,3.0,4.0,3312,0.0,17.58,0.0,"Community-based solutions to address domestic violence refer to a range of initiatives and programs that aim to prevent, identify, and respond to domestic violence within a community. These solutions often involve collaboration between local organizations, government agencies, and community members to develop and implement effective strategies to address the issue.

**Key Components:**

1. **Community Engagement:** Community-based solutions involve engaging with community members, including survivors of domestic violence, perpetrators, and bystanders, to raise awareness and promote education about domestic violence.
2. **Collaboration:** Collaboration between local organizations, government agencies, and community members is essential to develop and implement effective solutions.
3. **Prevention:** Community-based solutions often focus on prevention, including programs that aim to reduce the risk of domestic violence by promoting healthy relationships, conflict resolution, and communication skills.
4. **Identification and Response:** Community-based solutions also focus on identifying and responding to domestic violence, including providing support services for survivors, holding perpetrators accountable, and promoting safety and well-being.
5. **Cultural Competence:** Community-based solutions often take into account the cultural and linguistic diversity of the community, ensuring that services and programs are accessible and responsive to the needs of diverse populations.

**Examples of Community-Based Solutions:**

1. **Support Groups:** Support groups for survivors of domestic violence, where they can share their experiences and receive emotional support.
2. **Batterer Intervention Programs:** Programs that aim to hold perpetrators accountable and provide them with education and counseling to change their behavior.
3. **Community Outreach:** Outreach programs that engage with community members, including those in high-risk populations, to raise awareness and promote education about domestic violence.
4. **Safe Housing:** Safe housing programs that provide temporary or permanent housing for survivors of domestic violence.
5. **Counseling and Therapy:** Counseling and therapy services for survivors of domestic violence, including individual and group counseling.

**Benefits:**

1. **Increased Safety:** Community-based solutions can increase safety for survivors of domestic violence by providing them with support services and promoting accountability for perpetrators.
2. **Improved Well-being:** Community-based solutions can improve the well-being of survivors of domestic violence by providing them with emotional support, counseling, and other services.
3. **Reduced Recurrence:** Community-based solutions can reduce the recurrence of domestic violence by promoting healthy relationships, conflict resolution, and communication skills.
4. **Community Engagement:** Community-based solutions can engage community members in addressing domestic violence, promoting a sense of community responsibility and ownership.

**Challenges:**

1. **Limited Resources:** Community-based solutions often face limited resources, including funding, personnel, and infrastructure.
2. **Stigma and Shame:** Domestic violence is often shrouded in stigma and shame, making it difficult for survivors to seek help and for community members to engage in addressing the issue.
3. **Complexity:** Domestic violence is a complex issue, requiring a comprehensive and multifaceted approach to address its root causes and consequences.

Overall, community-based solutions to address domestic violence offer a promising approach to preventing, identifying, and responding to domestic violence within a community. By engaging community members, promoting education and awareness, and providing support services, community-based solutions can increase safety, improve well-being, and reduce recurrence of domestic violence.",0.0,0.0,0.0,3312,3942,630,26.438095238095244,25.94730119849532,-0.4907940395999226
Flood-Control Infrastructure,0.6,0.6,0.8,0.6,0.2,0.8,0.6,0.8,0.8,0.8,0.6,climate action,"Flood-control infrastructure refers to the systems, structures, and facilities designed to prevent or mitigate the effects of flooding, which is the overflow of water that submerges land that is usually dry. The primary goal of flood-control infrastructure is to protect people, property, and the environment from the devastating impacts of flooding. Here are some key components of flood-control infrastructure:

1. **Levees**: These are earthen or concrete walls built along rivers, streams, or coastlines to prevent water from overflowing into adjacent areas.
2. **Dams**: These are structures built across rivers or streams to create a reservoir, which can help regulate water levels and prevent flooding downstream.
3. **Wetlands and floodplains**: These natural areas can act as buffers, absorbing excess water and reducing the risk of flooding.
4. **Storm drains and culverts**: These are underground or above-ground channels that collect and redirect rainwater and stormwater runoff, preventing it from accumulating in low-lying areas.
5. **Floodwalls**: These are walls built to protect specific areas, such as buildings or neighborhoods, from flooding.
6. **Pumps and pumping stations**: These are systems that remove water from flooded areas, helping to reduce the risk of damage and contamination.
7. **Flood-control gates**: These are gates that can be closed to prevent water from entering a specific area, such as a harbor or a city.
8. **Water diversion systems**: These are systems that redirect excess water from one area to another, helping to prevent flooding.
9. **Flood-control reservoirs**: These are artificial lakes or ponds that store excess water during heavy rainfall or storms, releasing it slowly to prevent flooding downstream.
10. **Monitoring and warning systems**: These are systems that track weather conditions, water levels, and other factors to provide early warnings of potential flooding.

Flood-control infrastructure can be designed and implemented at various scales, from small, local projects to large, regional or national initiatives. The specific types and configurations of flood-control infrastructure used depend on factors such as:

* The location and topography of the area
* The frequency and severity of flooding events
* The type of land use and development in the area
* The availability of resources and funding

Effective flood-control infrastructure can help prevent or mitigate the effects of flooding, protecting people, property, and the environment from the devastating impacts of this natural disaster.",,3.0,4.0,3.0,2566,0.0,15.44,0.0,"Flood-control infrastructure refers to the systems and structures designed to prevent or mitigate the effects of flooding, which is the overflow of water that submerges land that is usually dry. This type of infrastructure is typically implemented in areas prone to flooding, such as low-lying regions, coastal areas, or areas with high rainfall.

Common examples of flood-control infrastructure include:

1. Levees: Elevated embankments constructed along rivers or coastlines to prevent water from overflowing onto adjacent land.
2. Dams: Barriers built across rivers or streams to impound water and prevent flooding downstream.
3. Floodwalls: Vertical walls constructed to prevent water from overflowing onto adjacent land.
4. Storm drains: Underground or above-ground channels that collect and convey stormwater runoff to prevent flooding.
5. Flood gates: Barriers that can be closed to prevent water from entering a particular area during high tides or heavy rainfall.
6. Pumps and drainage systems: Mechanisms that remove excess water from flooded areas, such as pumps, canals, and culverts.
7. Wetlands and floodplains: Natural or artificially created areas that can absorb excess water, reducing the risk of flooding.

The primary purpose of flood-control infrastructure is to protect people, property, and infrastructure from the impacts of flooding, which can include damage to buildings, disruption of transportation, and loss of life. Effective flood-control infrastructure can also help to maintain economic activity, public health, and environmental sustainability.

The design and implementation of flood-control infrastructure often involve a combination of engineering, hydrology, and environmental considerations. Factors such as topography, climate, and water flow rates are taken into account to ensure that the infrastructure is effective and sustainable over time.",0.0,0.0,0.0,2566,1885,-681,18.53333333333333,17.066773675762445,-1.4665596575708868
Cancer Screening and Early Detection,0.8,0.8,0.8,0.6,0.2,0.8,0.6,0.8,0.8,0.8,0.6,good health and well-being,"Cancer screening and early detection refer to the processes and methods used to identify cancer in its early stages, often before symptoms appear. The goal of cancer screening and early detection is to detect cancer at a stage when it is more treatable and the chances of survival are higher.

**Why is early detection important?**

Early detection of cancer can significantly improve treatment outcomes and survival rates. When cancer is detected early, it is often smaller and more localized, making it easier to treat with surgery, radiation, or other therapies. In contrast, cancer that is detected at a later stage, when it has spread to other parts of the body, is often more difficult to treat and may require more aggressive and invasive therapies.

**Types of cancer screening and early detection**

There are several types of cancer screening and early detection methods, including:

1. **Breast cancer screening**: Mammography, clinical breast examination, and breast self-examination are used to detect breast cancer in women.
2. **Cervical cancer screening**: Pap smear and HPV testing are used to detect cervical cancer in women.
3. **Colorectal cancer screening**: Colonoscopy, sigmoidoscopy, and stool tests are used to detect colorectal cancer in adults.
4. **Lung cancer screening**: Low-dose computed tomography (LDCT) is used to detect lung cancer in high-risk individuals.
5. **Skin cancer screening**: Visual examination of the skin is used to detect skin cancer.
6. **Prostate cancer screening**: Digital rectal examination (DRE) and prostate-specific antigen (PSA) testing are used to detect prostate cancer in men.
7. **Cervical cancer screening**: HPV testing and Pap smear are used to detect cervical cancer in women.
8. **Oral cancer screening**: Visual examination of the mouth and throat is used to detect oral cancer.

**Methods of cancer screening and early detection**

Cancer screening and early detection methods include:

1. **Imaging tests**: Mammography, CT scans, MRI, and ultrasound are used to visualize tumors and detect cancer.
2. **Blood tests**: PSA testing, CA-125 testing, and other blood tests are used to detect cancer biomarkers.
3. **Visual examination**: Visual examination of the skin, mouth, and other areas is used to detect cancer.
4. **Biopsy**: Tissue sampling is used to confirm cancer diagnosis.
5. **Genetic testing**: Genetic testing is used to identify genetic mutations associated with cancer.

**Benefits of cancer screening and early detection**

The benefits of cancer screening and early detection include:

1. **Improved treatment outcomes**: Early detection can lead to more effective treatment and improved survival rates.
2. **Reduced mortality**: Cancer screening and early detection can reduce cancer-related deaths.
3. **Increased quality of life**: Early detection can lead to less invasive and less aggressive treatments, improving quality of life.
4. **Reduced healthcare costs**: Early detection can reduce healthcare costs associated with cancer treatment.

**Who should undergo cancer screening and early detection?**

Cancer screening and early detection are recommended for individuals at high risk of developing cancer, including:

1. **Women**: Women over 40 years old should undergo regular mammography and clinical breast examination.
2. **Men**: Men over 50 years old should undergo regular PSA testing and DRE.
3. **Individuals with a family history**: Individuals with a family history of cancer should undergo regular screening and early detection.
4. **Individuals with a history of cancer**: Individuals who have had cancer in the past should undergo regular screening and early detection.

It is essential to consult with a healthcare provider to determine the best cancer screening and early detection schedule based on individual risk factors and medical history.",,3.0,4.0,3.0,3859,0.0,10.77,0.0,"Cancer screening and early detection refer to the process of identifying individuals who are at risk of developing cancer or have already developed cancer, but are still in the early stages of the disease. The primary goal of cancer screening and early detection is to identify cancer at a stage when it is more treatable and the chances of survival are higher.

**Types of Cancer Screening:**

There are several types of cancer screening, including:

1. **Breast Cancer Screening:** Mammography, ultrasound, and magnetic resonance imaging (MRI) are used to detect breast cancer.
2. **Cervical Cancer Screening:** Pap smear and human papillomavirus (HPV) testing are used to detect cervical cancer.
3. **Colorectal Cancer Screening:** Fecal occult blood test (FOBT), colonoscopy, and computed tomography (CT) colonography are used to detect colorectal cancer.
4. **Lung Cancer Screening:** Low-dose computed tomography (LDCT) is used to detect lung cancer.
5. **Skin Cancer Screening:** Visual examination of the skin is used to detect skin cancer.

**Early Detection Methods:**

Early detection methods include:

1. **Imaging Tests:** X-rays, CT scans, MRI, and ultrasound are used to visualize tumors and detect cancer.
2. **Biopsy:** A sample of tissue is removed from the body and examined under a microscope to detect cancer cells.
3. **Blood Tests:** Blood tests are used to detect biomarkers, such as tumor markers, that are associated with cancer.
4. **Genetic Testing:** Genetic testing is used to identify genetic mutations that increase the risk of developing cancer.

**Benefits of Cancer Screening and Early Detection:**

The benefits of cancer screening and early detection include:

1. **Improved Survival Rates:** Early detection and treatment can improve survival rates for many types of cancer.
2. **Reduced Morbidity:** Early detection and treatment can reduce the severity of symptoms and improve quality of life.
3. **Reduced Mortality:** Early detection and treatment can reduce mortality rates for many types of cancer.

**Challenges and Limitations:**

While cancer screening and early detection are important tools in the fight against cancer, there are several challenges and limitations, including:

1. **False Positives:** Cancer screening tests can produce false positive results, leading to unnecessary anxiety and treatment.
2. **False Negatives:** Cancer screening tests can produce false negative results, leading to delayed diagnosis and treatment.
3. **Overdiagnosis:** Cancer screening tests can lead to overdiagnosis, where cancer is detected in individuals who would not have developed symptoms or died from the disease.
4. **Cost and Accessibility:** Cancer screening and early detection can be expensive and may not be accessible to all individuals, particularly in low-income and resource-poor settings.

In conclusion, cancer screening and early detection are important tools in the fight against cancer. While there are benefits to early detection, there are also challenges and limitations that must be considered.",0.0,0.6417863965034485,0.6417863965034485,3859,3058,-801,14.905361305361305,15.502380952380953,0.597019647019648
Modern LGBTQ+ Youth Support Groups for Women,0.8,0.8,0.8,0.4,0.8,0.2,0.8,0.8,0.8,0.4,0.6,gender equality,"Modern LGBTQ+ youth support groups for women, also known as lesbian, gay, bisexual, transgender, queer, and other youth support groups, are specialized groups designed to provide a safe and supportive environment for young women who identify as LGBTQ+. These groups aim to offer a space for young women to connect with others who share similar experiences, emotions, and challenges.

**Goals and Objectives:**

The primary goals of these support groups are:

1.  **Emotional Support**: Provide a safe and non-judgmental space for young women to express themselves, share their feelings, and receive emotional support from peers who understand their experiences.
2.  **Community Building**: Foster a sense of community and belonging among young women who may feel isolated or marginalized due to their LGBTQ+ identity.
3.  **Education and Awareness**: Offer educational resources and workshops to help young women understand their rights, navigate the LGBTQ+ community, and develop healthy relationships.
4.  **Empowerment**: Empower young women to take control of their lives, make informed decisions, and develop self-confidence and self-esteem.

**Types of Support Groups:**

1.  **Peer-led Support Groups**: Led by trained peer facilitators who have experienced similar challenges and can provide guidance and support.
2.  **Therapist-led Support Groups**: Led by licensed therapists who can provide professional guidance and support.
3.  **Online Support Groups**: Online platforms that allow young women to connect with others who share similar experiences and challenges.

**Benefits:**

1.  **Reduced Isolation**: Connect young women with others who share similar experiences, reducing feelings of isolation and loneliness.
2.  **Improved Mental Health**: Provide a safe space for young women to express themselves and receive emotional support, which can lead to improved mental health and well-being.
3.  **Increased Self-Esteem**: Empower young women to develop self-confidence and self-esteem, which can lead to improved relationships and overall well-being.
4.  **Access to Resources**: Provide access to educational resources, workshops, and other support services that can help young women navigate the LGBTQ+ community and develop healthy relationships.

**Who Can Attend:**

1.  **Young Women**: Young women who identify as LGBTQ+ and are seeking support and connection with others who share similar experiences.
2.  **Parents and Caregivers**: Parents and caregivers who want to support their LGBTQ+ youth and connect with others who share similar experiences.
3.  **Therapists and Counselors**: Therapists and counselors who want to provide support and guidance to LGBTQ+ youth and their families.

**How to Find a Support Group:**

1.  **Online Search**: Search online for LGBTQ+ youth support groups in your area.
2.  **Local LGBTQ+ Organizations**: Contact local LGBTQ+ organizations, such as the Trevor Project or the Human Rights Campaign, for information on support groups in your area.
3.  **Word of Mouth**: Ask friends, family members, or healthcare providers for recommendations on support groups in your area.",,4.0,4.0,4.0,3138,0.0,12.32,0.0,"Modern LGBTQ+ youth support groups for women are organizations or programs that provide a safe and supportive environment for lesbian, gay, bisexual, transgender, queer, and other non-heterosexual or non-cisgender young women to connect with others who share similar experiences and identities.

These groups typically offer a range of services and activities, including:

1. Peer support: A space for young women to share their experiences, feelings, and concerns with others who understand and relate to their struggles.
2. Education and resources: Access to information and materials on LGBTQ+ issues, including health, relationships, and identity development.
3. Social activities: Opportunities for young women to engage in social activities, such as group outings, events, and online communities.
4. Counseling and therapy: Access to trained therapists or counselors who can provide individual or group counseling services.
5. Advocacy and activism: Support for young women to become involved in LGBTQ+ advocacy and activism, including organizing events, campaigns, and community outreach.

The goals of these support groups include:

1. Providing a safe and inclusive space for young women to explore and express their identities.
2. Fostering a sense of community and connection among LGBTQ+ young women.
3. Offering support and resources to help young women navigate challenges related to their identities, such as bullying, harassment, and family rejection.
4. Empowering young women to become confident and self-assured in their identities and to advocate for themselves and others.

These support groups often operate in a variety of settings, including:

1. Community centers
2. Schools and universities
3. Online platforms
4. Non-profit organizations
5. Government agencies

Some common characteristics of these support groups include:

1. Confidentiality and anonymity
2. Trained facilitators or leaders
3. A focus on LGBTQ+ issues and identities
4. A safe and inclusive environment
5. Opportunities for socialization and connection

It's worth noting that these support groups may have varying levels of structure, organization, and resources, depending on the specific group and its goals.",0.0,0.0,0.0,3138,2206,-932,16.096060694484972,16.20613329698787,0.11007260250289619
Breaking Down Barriers for Women in Law Enforcement,0.6,0.8,0.8,0.4,0.8,0.8,0.8,0.8,0.8,0.6,0.6,gender equality,"""Breaking Down Barriers for Women in Law Enforcement"" is a initiative aimed at promoting diversity, equity, and inclusion in the law enforcement profession, particularly for women. The goal is to create a more inclusive and supportive environment that encourages women to pursue careers in law enforcement and helps them succeed in these roles.

Historically, law enforcement has been a male-dominated profession, and women have faced various barriers to entry and advancement. These barriers include:

1. **Stereotypes and biases**: Women are often stereotyped as being less capable or less physically fit for law enforcement work.
2. **Lack of representation**: Women are underrepresented in law enforcement agencies, which can make it difficult for them to find mentors, role models, and support networks.
3. **Discrimination**: Women may face discriminatory practices, such as unequal pay, promotions, and opportunities for advancement.
4. **Physical and emotional demands**: Law enforcement work can be physically and emotionally demanding, and women may be perceived as being less capable of handling these demands.
5. **Limited resources**: Women may not have access to the same resources, training, and equipment as their male colleagues.

To break down these barriers, law enforcement agencies and organizations are implementing various initiatives, such as:

1. **Recruitment and hiring**: Agencies are actively recruiting and hiring women to join their ranks, and providing training and support to help them succeed.
2. **Mentorship programs**: Women are being paired with experienced female law enforcement officers who can provide guidance, support, and advice.
3. **Training and development**: Agencies are providing specialized training and development programs to help women build their skills and confidence.
4. **Networking opportunities**: Women are being connected with other women in law enforcement through networking events, conferences, and online platforms.
5. **Policy changes**: Agencies are revising policies and procedures to ensure equal treatment and opportunities for women.

The benefits of breaking down barriers for women in law enforcement include:

1. **Increased diversity**: A more diverse law enforcement workforce can lead to better representation of the communities being served.
2. **Improved morale**: Women in law enforcement can feel more valued, respected, and supported, leading to improved morale and job satisfaction.
3. **Enhanced public trust**: A more inclusive and diverse law enforcement agency can build trust with the communities it serves.
4. **Better decision-making**: A diverse workforce can bring different perspectives and ideas to the table, leading to more effective decision-making.
5. **Increased opportunities**: Breaking down barriers for women in law enforcement can create opportunities for women to advance in their careers and take on leadership roles.

Overall, ""Breaking Down Barriers for Women in Law Enforcement"" is an important initiative that can help create a more inclusive and supportive environment for women in this profession.",,4.0,4.0,4.0,3111,0.8631764650344849,14.46,0.0,"""Breaking Down Barriers for Women in Law Enforcement"" refers to efforts aimed at increasing the representation and opportunities for women in law enforcement agencies. This initiative seeks to address the historical and systemic barriers that have hindered women's participation in law enforcement careers.

Historically, women have faced challenges in pursuing careers in law enforcement due to societal and institutional biases. These biases have led to women being underrepresented in law enforcement agencies, with some studies suggesting that women make up only a small percentage of law enforcement personnel.

The barriers to women's participation in law enforcement include:

1. **Stereotypes and biases**: Women are often stereotyped as being unsuitable for physically demanding or high-stress roles, leading to assumptions about their abilities and capabilities.
2. **Lack of representation**: Women are underrepresented in leadership positions and in specialized units, making it difficult for them to advance in their careers.
3. **Sexual harassment and discrimination**: Women in law enforcement have reported experiencing sexual harassment and discrimination, creating a hostile work environment.
4. **Limited opportunities for advancement**: Women may face barriers to promotion and career advancement due to biases and stereotypes.

To address these barriers, law enforcement agencies and organizations have implemented various initiatives, including:

1. **Recruitment and hiring practices**: Agencies have revised their recruitment and hiring practices to attract and retain more women.
2. **Training and development programs**: Agencies have established training programs to address the unique needs and challenges faced by women in law enforcement.
3. **Mentorship and support networks**: Agencies have created mentorship programs and support networks to provide women with guidance and resources.
4. **Policy changes**: Agencies have implemented policies to address sexual harassment and discrimination, creating a more inclusive and respectful work environment.

These efforts aim to create a more inclusive and equitable law enforcement environment, where women have equal opportunities to succeed and advance in their careers. By breaking down barriers, law enforcement agencies can benefit from the diverse perspectives and skills that women bring to the profession.",0.8631764650344849,0.0,-0.8631764650344849,3111,2391,-720,18.78753830439224,21.59886018237082,2.811321877978582
Pneumonic Plague Symptoms,0.8,0.6,0.8,1.0,0.6,0.2,0.4,0.8,0.8,0.8,0.6,good health and well-being,"A very serious topic. The pneumonic plague is a highly infectious and deadly form of the bubonic plague, caused by the bacterium Yersinia pestis. It's a rare but potentially deadly disease that can spread from person to person through respiratory droplets. Here are the symptoms of pneumonic plague:

**Early symptoms:**

1. **Fever**: A high fever, usually above 103°F (39.4°C), is the first symptom of pneumonic plague.
2. **Chills**: People with pneumonic plague often experience chills, which can be severe.
3. **Headache**: A headache can be a symptom of pneumonic plague, often accompanied by a feeling of general illness.
4. **Muscle aches**: Muscle aches and pains can occur as the disease progresses.

**Respiratory symptoms:**

1. **Cough**: A cough is a common symptom of pneumonic plague, often accompanied by a feeling of chest tightness.
2. **Pneumonia**: The disease can cause pneumonia, which can lead to difficulty breathing and shortness of breath.
3. **Blood-tinged sputum**: In some cases, the sputum (mucus) produced by people with pneumonic plague can be blood-tinged.

**Advanced symptoms:**

1. **Severe respiratory distress**: As the disease progresses, people with pneumonic plague can experience severe respiratory distress, including difficulty breathing and shortness of breath.
2. **Confusion and disorientation**: In advanced cases, people with pneumonic plague can become confused and disoriented.
3. **Seizures**: In rare cases, pneumonic plague can cause seizures.
4. **Coma**: In severe cases, pneumonic plague can lead to a coma and death.

**Important note:**

Pneumonic plague is highly contagious and can spread from person to person through respiratory droplets. If you suspect someone has pneumonic plague, it's essential to seek medical attention immediately.

**Treatment:**

Pneumonic plague is treatable with antibiotics, such as streptomycin, gentamicin, and doxycycline. However, prompt medical attention is crucial to prevent complications and death.

**Prevention:**

Preventing pneumonic plague involves avoiding contact with infected animals, such as rodents and fleas, and practicing good hygiene, including washing hands frequently and avoiding close contact with people who are sick.

I hope this information helps. If you have any further questions or concerns, please don't hesitate to ask.",,4.0,4.0,4.0,2346,0.641086220741272,9.66,0.0,"Pneumonic plague is a form of bubonic plague that has progressed to the lungs, causing a severe and potentially life-threatening respiratory infection. The symptoms of pneumonic plague can be divided into several stages.

**Incubation Period**: The incubation period of pneumonic plague is typically 1-3 days, although it can range from 1-7 days. During this time, the individual may not exhibit any noticeable symptoms.

**Early Symptoms**: As the infection progresses, the individual may experience:

1. **Fever**: A high fever, often above 102°F (39°C), is a common symptom of pneumonic plague.
2. **Chills**: The individual may experience chills, which can be accompanied by a feeling of weakness or fatigue.
3. **Cough**: A cough, often productive of blood-tinged sputum, is a hallmark symptom of pneumonic plague.
4. **Shortness of Breath**: The individual may experience difficulty breathing or shortness of breath, which can worsen over time.

**Advanced Symptoms**: As the infection progresses, the individual may experience:

1. **Severe Cough**: The cough may become more severe, with the individual coughing up large amounts of blood-tinged sputum.
2. **Pneumonia**: The individual may develop pneumonia, which can lead to respiratory failure.
3. **Cardiovascular Complications**: Pneumonic plague can cause cardiovascular complications, such as myocarditis (inflammation of the heart muscle) or cardiac arrest.
4. **Septicemia**: The infection can spread to the bloodstream, causing septicemia, a life-threatening condition.

**Mortality Rate**: If left untreated, pneumonic plague has a mortality rate of approximately 100%. However, with prompt medical attention, including antibiotics and supportive care, the mortality rate can be significantly reduced.

It is essential to note that pneumonic plague is a highly infectious disease, and individuals who are in close contact with an infected person may be at risk of contracting the disease.",0.641086220741272,0.0,-0.641086220741272,2346,1957,-389,12.745278106508877,16.29148000837346,3.546201901864581
Climate Risk Assessment,0.8,0.8,0.8,0.8,0.8,0.6,0.8,0.8,0.8,0.8,0.6,climate action,"A Climate Risk Assessment (CRA) is a systematic process to identify, evaluate, and prioritize potential climate-related risks and opportunities that may impact an organization, community, or project. The goal of a CRA is to provide a comprehensive understanding of the potential climate-related risks and opportunities, and to inform decision-making to mitigate or capitalize on them.

**Why is a Climate Risk Assessment important?**

Climate change is a pressing global issue, and its impacts are already being felt in various sectors, including:

1. Extreme weather events (e.g., hurricanes, droughts, floods)
2. Sea-level rise and coastal erosion
3. Changes in temperature and precipitation patterns
4. Increased frequency and severity of heatwaves and wildfires

These climate-related events can have significant economic, social, and environmental consequences, including:

1. Damage to infrastructure and property
2. Disruption to supply chains and business operations
3. Negative impacts on human health and well-being
4. Loss of biodiversity and ecosystem services

**What does a Climate Risk Assessment involve?**

A CRA typically involves the following steps:

1. **Risk identification**: Identify potential climate-related risks and opportunities that may impact the organization, community, or project.
2. **Risk assessment**: Evaluate the likelihood and potential impact of each identified risk.
3. **Risk prioritization**: Prioritize the risks based on their likelihood and potential impact.
4. **Risk management**: Develop strategies to mitigate or capitalize on the identified risks.
5. **Monitoring and review**: Regularly review and update the CRA to ensure it remains relevant and effective.

**Key components of a Climate Risk Assessment**

1. **Climate scenario planning**: Develop scenarios that reflect different climate-related outcomes (e.g., high, medium, low emissions).
2. **Risk mapping**: Create a visual representation of the identified risks and their potential impacts.
3. **Vulnerability and capacity assessment**: Evaluate the organization's or community's ability to withstand and respond to climate-related risks.
4. **Opportunity identification**: Identify potential opportunities for growth, innovation, and economic development related to climate change.
5. **Stakeholder engagement**: Engage with stakeholders, including local communities, businesses, and government agencies, to ensure their perspectives and concerns are considered.

**Benefits of a Climate Risk Assessment**

1. **Improved decision-making**: A CRA provides a comprehensive understanding of climate-related risks and opportunities, enabling informed decision-making.
2. **Risk reduction**: By identifying and mitigating climate-related risks, organizations and communities can reduce their exposure to potential losses.
3. **Opportunity identification**: A CRA can help identify opportunities for growth, innovation, and economic development related to climate change.
4. **Enhanced reputation**: Organizations that conduct a CRA demonstrate their commitment to sustainability and risk management, enhancing their reputation and credibility.

In summary, a Climate Risk Assessment is a critical tool for organizations, communities, and projects to identify, evaluate, and prioritize potential climate-related risks and opportunities. By conducting a CRA, stakeholders can make informed decisions, reduce risks, and capitalize on opportunities related to climate change.",,4.0,4.0,4.0,3479,0.0,13.22,0.0,"A Climate Risk Assessment is a systematic process used to identify, evaluate, and prioritize potential climate-related risks and opportunities that may impact an organization, community, or project. The assessment aims to provide a comprehensive understanding of the potential impacts of climate change on the entity's assets, operations, and stakeholders.

**Definition:**

A Climate Risk Assessment is a risk management tool that involves analyzing the potential effects of climate-related hazards, such as extreme weather events, sea-level rise, and changes in temperature and precipitation patterns, on an organization's or community's:

1. Physical assets (e.g., buildings, infrastructure, and equipment)
2. Operations (e.g., supply chains, logistics, and production processes)
3. Financial performance (e.g., revenue, expenses, and investments)
4. Reputation and social license to operate
5. Human health and well-being

**Process:**

The Climate Risk Assessment process typically involves the following steps:

1. **Risk identification:** Identifying potential climate-related risks and opportunities, such as:
	* Increased frequency or severity of extreme weather events (e.g., hurricanes, floods, droughts)
	* Changes in temperature and precipitation patterns
	* Sea-level rise and coastal erosion
	* Water scarcity and drought
2. **Risk evaluation:** Assessing the likelihood and potential impact of each identified risk
3. **Risk prioritization:** Prioritizing risks based on their likelihood, potential impact, and potential consequences
4. **Risk mitigation and adaptation:** Developing strategies to mitigate or adapt to the identified risks, such as:
	* Implementing climate-resilient infrastructure and design
	* Developing emergency response plans and evacuation procedures
	* Investing in climate-resilient agriculture and water management practices
	* Developing climate-resilient supply chains and logistics
5. **Monitoring and review:** Regularly monitoring and reviewing the effectiveness of the risk mitigation and adaptation strategies.

**Benefits:**

A Climate Risk Assessment can provide numerous benefits, including:

1. **Improved decision-making:** Informed decision-making based on a comprehensive understanding of climate-related risks and opportunities
2. **Enhanced resilience:** Development of strategies to mitigate or adapt to climate-related risks, reducing the likelihood and impact of climate-related disasters
3. **Cost savings:** Identification of cost-effective measures to reduce climate-related risks and opportunities
4. **Reputation and social license to operate:** Demonstration of a proactive and responsible approach to climate risk management, enhancing reputation and social license to operate.

**Standards and guidelines:**

Several standards and guidelines are available to support the development of Climate Risk Assessments, including:

1. **ISO 31000:2018** (Risk Management - Guidelines)
2. **ISO 14064-1:2018** (Greenhouse gases - Part 1: Specification with guidance at the project level for greenhouse gas emissions reductions)
3. **TCFD (Task Force on Climate-related Financial Disclosures)** guidelines for climate-related risk disclosure

These standards and guidelines provide a framework for conducting a Climate Risk Assessment and developing strategies to mitigate or adapt to climate-related risks.",0.0,0.0,0.0,3479,3367,-112,19.543770307008817,20.763271867612296,1.2195015606034794
Methylation Testing,0.6,0.8,0.8,0.6,0.2,0.6,0.6,0.8,0.8,0.8,0.6,good health and well-being,"Methylation testing is a type of genetic testing that assesses the methylation status of specific genes or gene regions. Methylation is a process by which methyl groups are added to DNA, typically at specific cytosine residues in CpG islands. This process can affect gene expression, and aberrant methylation patterns have been linked to various diseases, including cancer, neurological disorders, and autoimmune diseases.

**What does methylation testing measure?**

Methylation testing measures the methylation status of specific genes or gene regions, typically using a technique called pyrosequencing or quantitative methylation-specific PCR (qMSP). These tests can detect the presence or absence of methyl groups on specific cytosine residues, which can indicate whether a gene is being silenced or expressed.

**Why is methylation testing important?**

Methylation testing is important for several reasons:

1. **Cancer diagnosis and monitoring**: Aberrant methylation patterns are a common feature of cancer cells. Methylation testing can help diagnose cancer, monitor disease progression, and predict treatment response.
2. **Neurological disorders**: Methylation testing has been used to diagnose and monitor neurological disorders, such as autism, ADHD, and Alzheimer's disease.
3. **Autoimmune diseases**: Methylation testing has been used to diagnose and monitor autoimmune diseases, such as lupus and rheumatoid arthritis.
4. **Personalized medicine**: Methylation testing can help identify individuals who may benefit from specific treatments or dietary interventions based on their methylation status.

**What can methylation testing reveal?**

Methylation testing can reveal:

1. **Genetic predisposition**: Methylation testing can identify individuals who are at higher risk of developing certain diseases due to aberrant methylation patterns.
2. **Gene expression**: Methylation testing can indicate whether specific genes are being silenced or expressed, which can affect disease susceptibility and treatment response.
3. **Environmental exposure**: Methylation testing can detect the presence of environmental toxins, such as heavy metals, which can affect methylation patterns.
4. **Nutritional deficiencies**: Methylation testing can identify individuals who are deficient in essential nutrients, such as folate or vitamin B12, which are necessary for methylation.

**Limitations and controversies**

While methylation testing has shown promise in various fields, there are limitations and controversies surrounding its use:

1. **Interpretation challenges**: Methylation testing results can be difficult to interpret, and the clinical significance of aberrant methylation patterns is not always clear.
2. **Limited standardization**: Methylation testing is not standardized across laboratories, which can lead to inconsistent results.
3. **Overemphasis on individual results**: Methylation testing results can be misinterpreted as a definitive diagnosis or treatment plan, rather than a tool for identifying potential risk factors or monitoring disease progression.

In summary, methylation testing is a valuable tool for assessing the methylation status of specific genes or gene regions. While it has shown promise in various fields, its limitations and controversies must be carefully considered when interpreting results.",,4.0,4.0,4.0,3348,0.6651710867881775,13.5,0.0,"Methylation testing is a laboratory analysis used to assess an individual's methylation status, which is a biochemical process that involves the addition of a methyl group to DNA, proteins, or other molecules. Methylation plays a crucial role in various cellular functions, including gene expression, DNA repair, and detoxification.

The test typically involves the collection of a blood or urine sample, which is then analyzed for specific biomarkers related to methylation. The most common biomarkers used in methylation testing are:

1. S-adenosylmethionine (SAMe) and S-adenosylhomocysteine (SAH): These are the primary methyl donors and acceptors in the methylation cycle.
2. Homocysteine: Elevated levels of homocysteine can indicate impaired methylation and increased oxidative stress.
3. Folate and vitamin B12: These nutrients are essential for methylation and are often measured in conjunction with homocysteine levels.

The test results are usually reported as ratios or percentages, which can indicate:

* Methylation efficiency: A higher ratio of SAMe to SAH suggests efficient methylation, while a lower ratio may indicate impaired methylation.
* Methylation capacity: Elevated homocysteine levels can indicate reduced methylation capacity.
* Nutrient deficiencies: Low levels of folate or vitamin B12 may indicate a deficiency that can impact methylation.

Methylation testing is often used to:

* Identify individuals with impaired methylation, which may be associated with various health conditions, such as:
	+ Neurological disorders (e.g., Alzheimer's disease, Parkinson's disease)
	+ Cardiovascular disease
	+ Cancer
	+ Autoimmune diseases
* Monitor the effectiveness of nutritional supplements or medications aimed at improving methylation.
* Guide dietary and lifestyle interventions to support optimal methylation.

It is essential to note that methylation testing is not a diagnostic tool for specific diseases, but rather a screening test to identify potential methylation issues. A healthcare professional should interpret the results in conjunction with other diagnostic tests and medical history to determine the best course of action.",0.6651710867881775,0.0,-0.6651710867881775,3348,2163,-1185,20.114428571428576,22.125714285714288,2.0112857142857123
Fossil Fuel Subsidies,0.8,0.6,0.8,0.8,0.6,0.4,0.8,0.8,0.8,0.6,0.6,climate action,"A very timely and important topic!

""Fossil fuel subsidies"" refer to the financial support provided by governments to the production, distribution, and consumption of fossil fuels, such as coal, oil, and natural gas. These subsidies can take various forms, including:

1. **Tax breaks**: Governments exempt fossil fuel companies from paying taxes on their profits or provide tax credits for specific activities, like exploration or production.
2. **Price controls**: Governments set prices for fossil fuels below their market value, making them cheaper for consumers and increasing demand.
3. **Subsidies for production**: Governments provide direct financial support to fossil fuel producers, such as grants or low-interest loans, to encourage production.
4. **Subsidies for consumption**: Governments provide financial support to consumers, such as discounts or rebates, to encourage the use of fossil fuels.
5. **Implicit subsidies**: Governments provide indirect support by not charging for the environmental and health impacts of fossil fuel use, such as air and water pollution.

The main goals of fossil fuel subsidies are to:

1. **Keep prices low**: Make fossil fuels more affordable for consumers, which can increase demand and consumption.
2. **Support domestic industries**: Help domestic fossil fuel producers compete with international companies.
3. **Promote economic growth**: Stimulate economic activity by encouraging the use of fossil fuels in various sectors, such as transportation, industry, and energy production.

However, fossil fuel subsidies have significant negative consequences, including:

1. **Environmental damage**: Contribute to climate change, air and water pollution, and other environmental problems.
2. **Health impacts**: Increase the risk of respiratory diseases, cancer, and other health problems.
3. **Resource waste**: Encourage the overconsumption of finite fossil fuel resources.
4. **Inefficient allocation of resources**: Distort market prices and lead to inefficient allocation of resources.
5. **Opportunity costs**: Redirect public funds from more productive and sustainable uses, such as renewable energy, education, and healthcare.

The International Energy Agency (IEA) estimates that fossil fuel subsidies worldwide amount to around $1.9 trillion annually, which is roughly 6.5% of global GDP. Many countries, including the United States, China, and India, provide significant subsidies to their fossil fuel industries.

To address these issues, many governments and international organizations are working to phase out fossil fuel subsidies and transition to more sustainable energy sources. This can involve:

1. **Gradually increasing taxes**: Raise taxes on fossil fuels to reflect their true environmental and health costs.
2. **Implementing carbon pricing**: Introduce carbon pricing mechanisms, such as carbon taxes or cap-and-trade systems, to internalize the costs of greenhouse gas emissions.
3. **Investing in renewable energy**: Provide financial support for the development and deployment of renewable energy sources, such as solar and wind power.
4. **Promoting energy efficiency**: Encourage the use of energy-efficient technologies and practices to reduce energy consumption.

By phasing out fossil fuel subsidies and transitioning to more sustainable energy sources, we can mitigate the negative impacts of fossil fuel use and create a more environmentally and economically sustainable future.",,4.0,4.0,4.0,3465,0.7680947184562683,12.79,0.0,"Fossil fuel subsidies refer to government policies and financial incentives that reduce the cost of production, consumption, or distribution of fossil fuels, such as coal, oil, and natural gas. These subsidies can take various forms, including:

1. Tax breaks: Governments may exempt fossil fuel companies from paying certain taxes, such as income tax, value-added tax, or excise tax.
2. Direct financial support: Governments may provide direct financial assistance to fossil fuel companies, such as grants, loans, or guarantees.
3. Price controls: Governments may set price ceilings or floors for fossil fuels, which can reduce the revenue of fossil fuel companies.
4. Infrastructure support: Governments may provide subsidies for the construction or maintenance of infrastructure related to fossil fuel production, transportation, or distribution.

The primary purpose of fossil fuel subsidies is to reduce the cost of fossil fuels for consumers, making them more affordable and increasing their consumption. However, this can have negative environmental and economic consequences, including:

1. Increased greenhouse gas emissions: Fossil fuel subsidies can lead to increased consumption of fossil fuels, which contributes to climate change.
2. Resource depletion: Subsidies can encourage the extraction and consumption of fossil fuels at a faster rate, leading to resource depletion.
3. Economic inefficiencies: Subsidies can distort market prices, leading to inefficient allocation of resources and potentially harming the economy in the long run.

According to the International Energy Agency (IEA), fossil fuel subsidies totaled around $5.2 trillion in 2020, accounting for about 6.3% of global GDP. The IEA estimates that phasing out fossil fuel subsidies could reduce greenhouse gas emissions by 3.7 gigatons, equivalent to the emissions of the United Kingdom, France, and Germany combined.

It's worth noting that the concept of fossil fuel subsidies is often debated among policymakers, economists, and environmentalists. Some argue that subsidies are necessary to support vulnerable populations or to promote economic development, while others contend that they are a barrier to transitioning to cleaner energy sources.",0.7680947184562683,0.0,-0.7680947184562683,3465,2231,-1234,18.276894401032333,18.09906542056075,-0.17782898047158469
Eco-Friendly Transportation,0.8,0.6,0.8,0.6,0.8,0.8,0.8,0.8,0.8,0.6,0.6,climate action,"Eco-friendly transportation refers to modes of transportation that minimize harm to the environment and promote sustainability. The goal is to reduce the negative impacts of transportation on the environment, such as air pollution, greenhouse gas emissions, and noise pollution. Here are some examples of eco-friendly transportation:

**Types of Eco-Friendly Transportation:**

1. **Electric Vehicles (EVs)**: Cars, buses, and trucks that run on electricity from batteries, reducing emissions and noise pollution.
2. **Hybrid Vehicles**: Cars that combine a conventional engine with an electric motor, improving fuel efficiency and reducing emissions.
3. **Bicycles**: Human-powered transportation that produces no emissions or noise pollution.
4. **Public Transportation**: Buses, trains, and subways that can carry many people, reducing the number of private vehicles on the road and lowering emissions.
5. **Walking**: The most eco-friendly mode of transportation, producing no emissions or noise pollution.
6. **Sustainable Aviation**: Airplanes that use biofuels, electric propulsion, or other innovative technologies to reduce emissions.
7. **Hydrogen Fuel Cell Vehicles**: Cars that use hydrogen as a fuel source, producing only water vapor and heat as emissions.
8. **Solar-Powered Vehicles**: Cars that use solar panels to generate electricity and power the vehicle.
9. **Compressed Natural Gas (CNG) Vehicles**: Cars that use compressed natural gas as a fuel source, reducing emissions and noise pollution.
10. **Green Infrastructure**: Bike lanes, pedestrian paths, and green spaces that promote walking, cycling, and other eco-friendly modes of transportation.

**Benefits of Eco-Friendly Transportation:**

1. **Reduced Emissions**: Lower greenhouse gas emissions and air pollution.
2. **Improved Public Health**: Cleaner air and reduced noise pollution.
3. **Energy Efficiency**: Reduced energy consumption and lower fuel costs.
4. **Increased Mobility**: Access to transportation for people with disabilities and those in rural areas.
5. **Economic Benefits**: Job creation, increased tourism, and improved local economies.

**Challenges and Opportunities:**

1. **Infrastructure Development**: Investing in green infrastructure, such as bike lanes and pedestrian paths.
2. **Public Education**: Raising awareness about the benefits of eco-friendly transportation.
3. **Policy Support**: Encouraging governments to implement policies that promote eco-friendly transportation.
4. **Technological Innovation**: Developing new technologies and fuels to power eco-friendly vehicles.
5. **Behavioral Change**: Encouraging individuals to adopt eco-friendly transportation habits.

Overall, eco-friendly transportation is an essential aspect of a sustainable and environmentally conscious lifestyle. By promoting and adopting eco-friendly transportation modes, we can reduce our carbon footprint, improve public health, and create a more livable and sustainable future.",,4.0,4.0,4.0,2977,0.861494779586792,12.22,0.0,"Eco-friendly transportation refers to modes of transportation that minimize their environmental impact by reducing greenhouse gas emissions, air pollution, and other negative effects on the environment.

**Characteristics:**

Eco-friendly transportation typically involves the use of alternative fuels, such as electricity, hydrogen, or biofuels, which produce fewer emissions than traditional fossil fuels. Other characteristics of eco-friendly transportation include:

1. **Fuel efficiency**: Vehicles that achieve higher fuel efficiency, such as hybrid or electric vehicles, reduce fuel consumption and lower emissions.
2. **Low emissions**: Vehicles that produce fewer emissions, such as electric or hydrogen fuel cell vehicles, contribute less to air pollution and climate change.
3. **Sustainable infrastructure**: Transportation systems that promote walking, cycling, or using public transportation, such as bike-share programs or bus rapid transit systems, reduce reliance on fossil fuels and lower emissions.

**Examples:**

1. **Electric vehicles**: Cars, buses, and trucks that run on electricity from batteries or fuel cells.
2. **Hybrid vehicles**: Cars that combine a conventional engine with an electric motor for improved fuel efficiency.
3. **Public transportation**: Buses, trains, and subways that transport large numbers of people, reducing the number of private vehicles on the road.
4. **Cycling and walking**: Human-powered transportation that produces no emissions.
5. **Alternative fuels**: Vehicles that run on biofuels, such as ethanol or biodiesel, which are derived from renewable sources.

**Benefits:**

Eco-friendly transportation offers several benefits, including:

1. **Reduced greenhouse gas emissions**: Lower emissions contribute to mitigating climate change.
2. **Improved air quality**: Fewer emissions from vehicles reduce air pollution and improve public health.
3. **Energy efficiency**: Eco-friendly transportation systems often require less energy to operate, reducing energy consumption.
4. **Economic benefits**: Investing in eco-friendly transportation can create jobs and stimulate local economies.

**Challenges:**

While eco-friendly transportation offers many benefits, there are also challenges to consider, including:

1. **Infrastructure costs**: Building out infrastructure for alternative fuels or electric vehicles can be expensive.
2. **Limited range and charging infrastructure**: Electric vehicles, in particular, require a network of charging stations to support long-distance travel.
3. **Higher upfront costs**: Eco-friendly vehicles or transportation systems may be more expensive than traditional options.
4. **Behavioral changes**: Encouraging people to adopt eco-friendly transportation modes requires changes in behavior and cultural norms.

Overall, eco-friendly transportation is a complex and multifaceted concept that involves a range of technologies, policies, and behaviors. While there are challenges to overcome, the benefits of eco-friendly transportation make it an important area of focus for reducing environmental impacts and promoting sustainable development.",0.861494779586792,0.0,-0.861494779586792,2977,3142,165,18.18803418803419,19.58668813741278,1.3986539493785877
Basic First Aid,0.8,0.6,0.8,0.4,0.8,0.8,0.2,0.8,0.8,0.4,0.6,good health and well-being,"Basic first aid is the immediate care given to a person who is injured or ill, until more advanced medical help arrives. The goal of basic first aid is to preserve life, prevent further injury, and promote recovery. Here are some essential steps and techniques to learn:

**General Principles:**

1. **Stay calm**: Panicking can lead to poor decision-making and worsen the situation.
2. **Assess the situation**: Quickly evaluate the injury or illness to determine the severity and potential risks.
3. **Call for help**: If possible, call 911 or your local emergency number for assistance.
4. **Provide a safe environment**: Move the person to a safe location, away from hazards and potential further injury.

**Basic First Aid Techniques:**

1. **Cardiopulmonary Resuscitation (CPR)**:
	* If the person is unresponsive and not breathing, start CPR by:
		+ Giving 30 chest compressions (pushing down on the chest 2-3 inches)
		+ Giving 2 breaths (pinching the nose shut and blowing into the mouth)
	* Repeat this cycle until medical help arrives or the person starts showing signs of regaining consciousness.
2. **Wound Care**:
	* Clean the wound with soap and water to prevent infection.
	* Apply a bandage or dressing to protect the wound and promote healing.
	* Elevate the injured area above heart level to reduce swelling.
3. **Burn Care**:
	* Cool the burn with cool water (not ice water) for 10-15 minutes.
	* Apply a topical antibiotic ointment and a non-stick dressing to protect the burn.
4. **Choking**:
	* If the person is choking, try to dislodge the object by:
		+ Back slaps (5-10 times)
		+ Abdominal thrusts (5-10 times)
	* If the object is still stuck, call for medical help.
5. **Broken Bones**:
	* Immobilize the injured area with a splint or sling to prevent further injury.
	* Elevate the injured area above heart level to reduce swelling.
6. **Seizures**:
	* Keep the person safe and calm.
	* Turn them onto their side to prevent choking.
	* Loosen any tight clothing.
7. **Poisoning**:
	* Call the national poison control center (1-800-222-1222 in the US) for guidance.
	* If the person is unconscious or having trouble breathing, call 911.

**Other Important First Aid Topics:**

1. **Head injuries**: If the person has a head injury, be cautious and seek medical help immediately.
2. **Allergic reactions**: If the person has a severe allergic reaction (anaphylaxis), call 911 and administer epinephrine (if available).
3. **Fainting**: If the person faints, help them sit or lie down and elevate their legs above heart level.
4. **Heat-related illnesses**: If the person is experiencing heat exhaustion or heat stroke, move them to a cool location and seek medical help.

**Remember:**

* Basic first aid is not a substitute for medical training or expertise.
* If you're unsure about the severity of an injury or illness, err on the side of caution and seek medical help.
* Always follow local guidelines and regulations for first aid and emergency response.

I hope this helps! Do you have any specific questions or scenarios you'd like me to address?",,3.0,4.0,3.0,3080,0.7627540230751038,10.27,0.0,"Basic First Aid refers to the initial care and treatment provided to an individual who has been injured or is experiencing a medical emergency. The primary goal of basic first aid is to stabilize the individual's condition, prevent further harm, and facilitate prompt medical attention.

Key components of basic first aid include:

1. **Assessment**: Quickly evaluating the individual's condition to identify the nature and severity of the injury or illness.
2. **Airway, Breathing, and Circulation (ABCs)**: Ensuring the individual's airway is clear, they are breathing normally, and their circulation is adequate.
3. **Control of bleeding**: Applying pressure to wounds to stop bleeding and preventing further blood loss.
4. **Immobilization**: Stabilizing injured limbs or joints to prevent further injury.
5. **Pain management**: Providing comfort measures, such as applying cold compresses or administering over-the-counter pain relievers, to alleviate pain and discomfort.

Basic first aid techniques include:

1. **Cardiopulmonary Resuscitation (CPR)**: A lifesaving procedure that combines chest compressions and rescue breaths to maintain blood circulation and oxygenation.
2. **Wound cleaning and dressing**: Cleaning and covering wounds to prevent infection and promote healing.
3. **Burn care**: Applying cool compresses or running cool water over burns to reduce pain and promote healing.
4. **Fracture management**: Immobilizing injured limbs and providing support to prevent further injury.

Basic first aid is typically provided by individuals who have received training in first aid techniques, such as:

1. **First aid responders**: Trained individuals who provide immediate care in emergency situations.
2. **Medical professionals**: Doctors, nurses, and other healthcare workers who provide medical care and treatment.
3. **Community members**: Individuals who have received basic first aid training and are able to provide care in emergency situations.

It is essential to note that basic first aid is not a substitute for professional medical care. If an individual requires medical attention, they should be transported to a medical facility as soon as possible.",0.7627540230751038,0.0,-0.7627540230751038,3080,2185,-895,12.000103734439834,16.836757488576747,4.836653754136913
Disaster Response and Human Health,0.8,0.8,0.8,0.6,0.2,0.6,0.8,0.8,0.8,0.8,0.6,good health and well-being,"Disaster response and human health are closely linked, as disasters can have a significant impact on the physical and mental well-being of individuals and communities. Here's an overview of the topic:

**Types of Disasters**

Disasters can be categorized into several types, including:

1. **Natural Disasters**: Earthquakes, hurricanes, floods, landslides, and wildfires.
2. **Human-made Disasters**: Industrial accidents, chemical spills, and nuclear accidents.
3. **Complex Disasters**: Pandemics, economic crises, and social unrest.

**Impact on Human Health**

Disasters can have a devastating impact on human health, affecting individuals and communities in various ways:

1. **Physical Injuries**: Trauma, burns, and other physical injuries can occur during disasters.
2. **Infections and Diseases**: Waterborne and foodborne illnesses can spread in the aftermath of disasters.
3. **Mental Health**: Disasters can lead to anxiety, depression, post-traumatic stress disorder (PTSD), and other mental health issues.
4. **Chronic Health Conditions**: Disasters can exacerbate existing health conditions, such as diabetes, heart disease, and respiratory problems.
5. **Maternal and Child Health**: Disasters can increase the risk of maternal and child mortality, particularly in areas with limited access to healthcare.

**Disaster Response and Human Health**

Effective disaster response and human health management involve several key components:

1. **Preparedness**: Developing emergency plans, conducting risk assessments, and stockpiling essential medical supplies.
2. **Search and Rescue**: Rapidly locating and rescuing individuals trapped in disaster-affected areas.
3. **Medical Care**: Providing immediate medical attention, including first aid, triage, and evacuation to medical facilities.
4. **Water, Sanitation, and Hygiene (WASH)**: Ensuring access to safe water, sanitation, and hygiene facilities to prevent the spread of diseases.
5. **Psychological Support**: Providing emotional support and counseling to individuals affected by disasters.
6. **Recovery and Rehabilitation**: Supporting the recovery and rehabilitation of affected communities, including rebuilding infrastructure and restoring essential services.

**Key Players in Disaster Response and Human Health**

1. **Government Agencies**: National and local governments play a crucial role in disaster response and human health management.
2. **Healthcare Providers**: Medical professionals, including doctors, nurses, and other healthcare workers, are essential in providing medical care during disasters.
3. **Non-Governmental Organizations (NGOs)**: NGOs, such as the Red Cross and Red Crescent Movement, play a vital role in disaster response and human health management.
4. **Community Leaders**: Community leaders and volunteers are essential in supporting disaster response and human health efforts.

**Challenges and Opportunities**

Disaster response and human health management face several challenges, including:

1. **Limited Resources**: Insufficient funding, personnel, and equipment can hinder disaster response efforts.
2. **Complexity**: Disasters can be complex and multifaceted, requiring a coordinated response from multiple stakeholders.
3. **Cultural Sensitivity**: Disaster response efforts must be culturally sensitive and tailored to the specific needs of affected communities.

However, disaster response and human health management also present opportunities for:

1. **Innovation**: Developing new technologies and strategies to improve disaster response and human health management.
2. **Collaboration**: Fostering partnerships between governments, NGOs, and community leaders to enhance disaster response and human health management.
3. **Capacity Building**: Building the capacity of healthcare systems and emergency responders to improve disaster response and human health management.

In conclusion, disaster response and human health are critical components of disaster management. Effective disaster response and human health management require a coordinated effort from multiple stakeholders, including governments, healthcare providers, NGOs, and community leaders.",,4.0,4.0,4.0,4185,0.0,14.55,0.0,"Disaster Response and Human Health refers to the processes and strategies employed to mitigate the impact of disasters on human health. A disaster is defined as a sudden and unexpected event that causes significant harm, damage, or disruption to individuals, communities, or the environment.

The relationship between disaster response and human health is multifaceted. Disasters can have immediate and long-term effects on human health, including:

1. **Injuries and fatalities**: Disasters can cause physical harm, leading to injuries and fatalities.
2. **Disease outbreaks**: Disasters can disrupt healthcare systems, leading to the spread of infectious diseases.
3. **Mental health impacts**: Disasters can cause psychological trauma, anxiety, and depression.
4. **Environmental health risks**: Disasters can contaminate water sources, food, and air, posing health risks to affected populations.

Effective disaster response and human health management involve several key components:

1. **Pre-disaster planning**: Governments, organizations, and communities develop emergency plans, conduct risk assessments, and establish protocols for disaster response.
2. **Emergency response**: Rapid deployment of resources, including medical personnel, equipment, and supplies, to affected areas.
3. **Healthcare system preparedness**: Ensuring that healthcare facilities, equipment, and personnel are prepared to respond to disaster-related health needs.
4. **Public health surveillance**: Monitoring and tracking disease outbreaks, injuries, and other health-related issues in the aftermath of a disaster.
5. **Recovery and rehabilitation**: Providing support for affected individuals and communities to recover from the physical and emotional impacts of the disaster.

Key factors influencing disaster response and human health include:

1. **Infrastructure and resources**: Availability of healthcare facilities, equipment, and personnel.
2. **Community preparedness**: Public awareness, education, and participation in disaster preparedness and response efforts.
3. **Government policies and regulations**: Laws, regulations, and policies governing disaster response and human health management.
4. **Environmental factors**: Climate, geography, and other environmental factors that contribute to disaster risk.

By understanding the complex relationships between disaster response and human health, governments, organizations, and communities can develop effective strategies to mitigate the impact of disasters on human health and well-being.",0.0,0.0,0.0,4185,2545,-1640,21.587652223166245,21.146153846153847,-0.44149837701239747
Fibromyalgia,0.8,0.8,0.8,0.8,0.6,0.4,0.8,0.8,0.8,0.6,0.6,good health and well-being,"Fibromyalgia is a chronic condition characterized by widespread muscle pain, fatigue, and tender points. It's a complex and multifaceted disorder that affects millions of people worldwide.

**What are the symptoms of fibromyalgia?**

The main symptoms of fibromyalgia include:

1. **Widespread pain**: Pain that is felt throughout the body, often described as a deep, aching, or burning sensation.
2. **Tender points**: Specific areas on the body that are extremely sensitive to touch, such as the neck, back, hips, and knees.
3. **Fatigue**: Feeling tired, exhausted, or lacking energy, even after getting enough rest.
4. **Sleep disturbances**: Difficulty sleeping or experiencing insomnia, restless sleep, or vivid dreams.
5. **Cognitive difficulties**: Trouble concentrating, memory problems, or feeling mentally foggy.
6. **Headaches**: Frequent or recurring headaches, often accompanied by sensitivity to light and sound.
7. **Digestive issues**: Irritable bowel syndrome (IBS), bloating, or other gastrointestinal problems.
8. **Sensitivity to stimuli**: Sensitivity to light, sound, temperature, or other environmental factors.

**What causes fibromyalgia?**

The exact cause of fibromyalgia is still unknown, but research suggests that it may be related to:

1. **Genetics**: Family history and genetic predisposition may play a role.
2. **Neurotransmitter imbalance**: Abnormalities in neurotransmitters, such as serotonin and dopamine, may contribute to the condition.
3. **Hormonal changes**: Hormonal fluctuations, particularly in women, may be linked to fibromyalgia.
4. **Stress and trauma**: Physical or emotional trauma, stress, or anxiety may trigger the condition.
5. **Autoimmune disorders**: Some research suggests that fibromyalgia may be related to autoimmune disorders, such as rheumatoid arthritis or lupus.

**How is fibromyalgia diagnosed?**

Diagnosing fibromyalgia can be challenging, as the symptoms are often similar to those of other conditions. A diagnosis is typically made based on:

1. **Medical history**: A thorough review of the patient's medical history, including symptoms, medical conditions, and family history.
2. **Physical examination**: A physical examination to identify tender points and assess overall health.
3. **Laboratory tests**: Blood tests and other laboratory tests to rule out other conditions, such as arthritis or thyroid disorders.
4. **Widespread pain index (WPI)**: A scoring system used to assess the severity of pain in different areas of the body.

**What are the treatment options for fibromyalgia?**

While there is no cure for fibromyalgia, various treatment options can help manage symptoms and improve quality of life. These include:

1. **Pain management**: Medications, such as pain relievers, antidepressants, and anti-seizure medications, to manage pain and other symptoms.
2. **Physical therapy**: Gentle exercises, stretching, and strengthening to improve flexibility and reduce pain.
3. **Cognitive-behavioral therapy (CBT)**: A type of talk therapy to help manage stress, anxiety, and depression.
4. **Lifestyle modifications**: Changes to daily habits, such as regular exercise, stress management, and healthy eating.
5. **Alternative therapies**: Acupuncture, massage, and other alternative therapies may also be helpful in managing symptoms.

It's essential to note that fibromyalgia is a chronic condition, and treatment is often ongoing and tailored to the individual's needs.",,4.0,4.0,4.0,3461,0.0,12.75,0.0,"Fibromyalgia is a chronic condition characterized by widespread muscle pain, fatigue, and tender points. The exact cause of fibromyalgia is not fully understood, but it is believed to involve a combination of genetic, environmental, and physiological factors.

The primary symptoms of fibromyalgia include:

1. Widespread pain: Pain is typically felt on both sides of the body and above and below the waist. The pain is often described as a dull ache or a burning sensation.
2. Tender points: Specific areas of the body, such as the neck, back, and hips, are tender to the touch and may be painful even when no pressure is applied.
3. Fatigue: People with fibromyalgia often experience persistent fatigue, which can interfere with daily activities and sleep.
4. Sleep disturbances: Fibromyalgia patients often have difficulty falling asleep or staying asleep, leading to chronic fatigue.
5. Cognitive difficulties: Some people with fibromyalgia may experience cognitive problems, such as memory loss, difficulty concentrating, and confusion.

The pathophysiology of fibromyalgia is not well understood, but several mechanisms have been proposed:

1. Central sensitization: Fibromyalgia is thought to involve an overactive nervous system, which amplifies pain signals and makes the body more sensitive to stimuli.
2. Neurotransmitter imbalance: Abnormalities in neurotransmitters, such as serotonin and dopamine, may contribute to the development of fibromyalgia.
3. Hormonal changes: Hormonal fluctuations, particularly in women, may play a role in the development of fibromyalgia.
4. Genetic predisposition: Fibromyalgia may be more common in individuals with a family history of the condition.

Diagnosis of fibromyalgia is typically based on a combination of clinical evaluation, medical history, and physical examination. The American College of Rheumatology (ACR) has established criteria for diagnosing fibromyalgia, which include:

1. Widespread pain index (WPI): A score of 7 or higher on a scale of 0-19.
2. Symptom severity scale (SSS): A score of 5 or higher on a scale of 0-3.
3. Presence of other symptoms, such as fatigue, sleep disturbances, and cognitive difficulties.

Treatment options for fibromyalgia include:

1. Medications: Pain relievers, antidepressants, and anti-seizure medications may be prescribed to manage symptoms.
2. Lifestyle modifications: Regular exercise, stress management, and sleep hygiene practices may help alleviate symptoms.
3. Alternative therapies: Acupuncture, massage, and cognitive-behavioral therapy may also be beneficial.

It is essential to note that fibromyalgia is a complex condition, and its diagnosis and treatment can be challenging. A comprehensive evaluation by a healthcare professional is necessary to determine the best course of treatment.",0.0,0.0,0.0,3461,2804,-657,16.079713689233525,17.14666666666667,1.066952977433143
Surrogacy and Reproductive Rights in Global Contexts,0.8,0.8,0.8,0.8,0.2,0.6,0.8,0.8,0.8,0.8,0.6,gender equality,"""Surrogacy and Reproductive Rights in Global Contexts"" is a complex and multifaceted topic that involves the intersection of reproductive rights, surrogacy laws, and social justice. Here's a comprehensive overview:

**What is Surrogacy?**

Surrogacy is a reproductive arrangement where a woman (the surrogate) carries and gives birth to a child for another person or couple (the intended parents). The surrogate may be a relative, friend, or stranger, and the arrangement can be altruistic (no payment involved) or commercial (payment is made).

**Global Contexts**

Surrogacy laws and regulations vary significantly across the globe. Some countries have strict laws prohibiting commercial surrogacy, while others have more permissive laws. Here are a few examples:

1. **United States**: Surrogacy is allowed in most states, but laws and regulations vary. Some states have specific laws governing surrogacy, while others have no laws at all.
2. **India**: Commercial surrogacy was banned in 2018, but altruistic surrogacy is still allowed.
3. **Thailand**: Commercial surrogacy was banned in 2014, but some clinics continue to offer the service.
4. **Ukraine**: Commercial surrogacy is a significant industry, with many clinics and agencies operating in the country.
5. **Australia**: Surrogacy laws vary by state and territory, but commercial surrogacy is generally prohibited.

**Reproductive Rights**

Reproductive rights are human rights that include the right to make decisions about one's own body, including the right to have children. These rights are enshrined in various international human rights instruments, including:

1. **Universal Declaration of Human Rights (1948)**: Article 16 states that ""everyone has the right to marry and to found a family.""
2. **Convention on the Elimination of All Forms of Discrimination Against Women (1979)**: Article 16 states that ""states should ensure that women have the right to decide freely and responsibly on the number and spacing of their children.""
3. **International Covenant on Civil and Political Rights (1966)**: Article 23 states that ""everyone has the right to marry and to found a family.""

**Challenges and Controversies**

Surrogacy and reproductive rights in global contexts are complex and contentious issues. Some of the challenges and controversies include:

1. **Exploitation**: Commercial surrogacy has been criticized for exploiting vulnerable women, particularly in low-income countries.
2. **Surrogates' rights**: Surrogates often lack rights and protections, including the right to informed consent, fair compensation, and social support.
3. **Intended parents' rights**: Intended parents may face difficulties in accessing surrogacy services, particularly if they are LGBTQ+ or have complex family situations.
4. **Child rights**: The rights and interests of the child born through surrogacy are often overlooked or marginalized.
5. **Cultural and social norms**: Surrogacy laws and regulations are often influenced by cultural and social norms, which can be restrictive or permissive.

**Way Forward**

To address the challenges and controversies surrounding surrogacy and reproductive rights in global contexts, it is essential to:

1. **Strengthen international human rights frameworks**: Update and strengthen international human rights instruments to include specific protections for surrogates, intended parents, and children born through surrogacy.
2. **Develop inclusive and nuanced laws**: Develop laws and regulations that are inclusive of diverse family forms, including LGBTQ+ families, and that prioritize the rights and interests of all parties involved.
3. **Promote transparency and accountability**: Promote transparency and accountability in the surrogacy industry, including the use of clear and informed consent, fair compensation, and social support for surrogates.
4. **Support education and awareness**: Support education and awareness-raising initiatives to promote understanding and empathy for surrogates, intended parents, and children born through surrogacy.

In conclusion, surrogacy and reproductive rights in global contexts are complex and multifaceted issues that require a nuanced and inclusive approach. By strengthening international human rights frameworks, developing inclusive laws, promoting transparency and accountability, and supporting education and awareness, we can work towards a more just and equitable world for all individuals and families.",,4.0,4.0,4.0,4468,0.9413853883743286,13.26,0.0,"Surrogacy and reproductive rights are complex and multifaceted issues that intersect with various social, cultural, economic, and legal contexts worldwide. This explanation will provide an objective overview of the key aspects involved.

**Definition of Surrogacy**

Surrogacy is a reproductive arrangement where a woman, known as a surrogate or gestational carrier, carries and gives birth to a child on behalf of another individual or couple. This can be done through traditional surrogacy, where the surrogate is the biological mother, or gestational surrogacy, where the surrogate carries a fertilized embryo created through in vitro fertilization (IVF).

**Global Contexts**

Surrogacy laws and regulations vary significantly across countries and regions. Some countries, such as the United States, India, and Thailand, have relatively permissive laws and regulations, while others, like the United Kingdom, Germany, and France, have more restrictive laws.

**Reproductive Rights**

Reproductive rights refer to the rights of individuals to make decisions about their own reproductive health, including the right to access safe and legal abortion, contraception, and reproductive healthcare. These rights are enshrined in various international human rights instruments, including the Universal Declaration of Human Rights and the Convention on the Elimination of All Forms of Discrimination against Women.

**Key Issues**

Several key issues are relevant to surrogacy and reproductive rights in global contexts:

1. **Commercialization**: The commercialization of surrogacy, where surrogates are paid for their services, raises concerns about exploitation and commodification of women's bodies.
2. **Regulation**: The lack of regulation in some countries has led to concerns about the safety and well-being of surrogates, as well as the rights of intended parents.
3. **Cultural and social norms**: Surrogacy is often stigmatized in some cultures, leading to social and emotional challenges for surrogates and intended parents.
4. **Access and equity**: Surrogacy is often inaccessible to marginalized communities, exacerbating existing health and social disparities.
5. **International cooperation**: The increasing globalization of surrogacy has raised concerns about the need for international cooperation and harmonization of laws and regulations.

**Causal Mechanisms**

Several causal mechanisms contribute to the complexities surrounding surrogacy and reproductive rights:

1. **Globalization**: The increasing globalization of surrogacy has created new opportunities for intended parents to access reproductive services, but also raises concerns about exploitation and commodification.
2. **Technological advancements**: Advances in reproductive technologies, such as IVF and embryo transfer, have made surrogacy more accessible and affordable, but also raise concerns about the ethics of reproductive technologies.
3. **Economic factors**: The commercialization of surrogacy has created new economic opportunities for surrogates, but also raises concerns about exploitation and commodification.
4. **Social and cultural norms**: The stigmatization of surrogacy in some cultures has led to social and emotional challenges for surrogates and intended parents.

In conclusion, surrogacy and reproductive rights are complex and multifaceted issues that intersect with various social, cultural, economic, and legal contexts worldwide. Understanding the key issues, causal mechanisms, and global contexts is essential for developing effective policies and regulations that balance the rights and interests of all parties involved.",0.9413853883743286,0.0,-0.9413853883743286,4468,3638,-830,18.76663322632424,22.075021910604733,3.308388684280491
Importance of Healthy Gut Bacteria,0.8,0.8,0.8,0.4,0.8,0.8,0.4,0.8,0.8,0.6,0.6,good health and well-being,"The importance of healthy gut bacteria! It's a fascinating topic that has gained significant attention in recent years. Here's a comprehensive explanation:

**What are gut bacteria?**

Gut bacteria, also known as gut microbiome, refers to the trillions of microorganisms that live in your digestive system, specifically in the large intestine (colon). These microorganisms, including bacteria, viruses, fungi, and other microbes, play a crucial role in maintaining your overall health.

**Importance of healthy gut bacteria:**

1. **Digestion and nutrient absorption**: Gut bacteria help break down complex foods, such as fiber, and absorb essential nutrients, like vitamins and minerals.
2. **Immune system regulation**: A healthy gut microbiome helps regulate the immune system, preventing excessive inflammation and autoimmune diseases.
3. **Production of vitamins**: Certain gut bacteria produce essential vitamins, like vitamin K and biotin, which are vital for energy production and overall health.
4. **Maintenance of gut barrier**: A healthy gut microbiome helps maintain the integrity of the gut lining, preventing leaky gut syndrome and related conditions.
5. **Production of hormones**: Gut bacteria influence the production of hormones, such as serotonin and dopamine, which regulate mood, appetite, and sleep.
6. **Inflammation regulation**: A balanced gut microbiome helps regulate inflammation, which is associated with various chronic diseases, including arthritis, diabetes, and cardiovascular disease.
7. **Weight management**: A healthy gut microbiome can influence weight management by regulating appetite, metabolism, and fat storage.
8. **Mental health**: The gut-brain axis, a bidirectional communication network between the gut and brain, suggests that gut bacteria influence mental health, mood, and cognitive function.
9. **Cancer prevention**: A healthy gut microbiome may help prevent certain types of cancer, such as colon cancer, by regulating inflammation and immune response.
10. **Overall well-being**: A balanced gut microbiome is essential for overall well-being, including energy levels, skin health, and even hair growth.

**Factors that can disrupt healthy gut bacteria:**

1. **Antibiotics**: Overuse or misuse of antibiotics can disrupt the balance of gut bacteria.
2. **Diet**: A diet high in processed foods, sugar, and unhealthy fats can lead to an imbalance of gut bacteria.
3. **Stress**: Chronic stress can alter the gut microbiome.
4. **Environmental toxins**: Exposure to environmental toxins, such as pesticides and heavy metals, can harm gut bacteria.
5. **Age**: The gut microbiome changes with age, and older adults may experience a decline in beneficial bacteria.

**Ways to promote healthy gut bacteria:**

1. **Eat a balanced diet**: Focus on whole, unprocessed foods, including fruits, vegetables, whole grains, lean proteins, and healthy fats.
2. **Incorporate fermented foods**: Fermented foods, such as yogurt, kefir, kimchi, and sauerkraut, contain live cultures that can support gut bacteria.
3. **Stay hydrated**: Drink plenty of water to help maintain a healthy gut microbiome.
4. **Exercise regularly**: Regular physical activity can promote a healthy gut microbiome.
5. **Manage stress**: Engage in stress-reducing activities, such as meditation, yoga, or deep breathing exercises.
6. **Consider probiotics**: Probiotics are live bacteria that can help restore a healthy balance of gut bacteria.
7. **Get enough sleep**: Aim for 7-9 hours of sleep per night to help regulate the gut microbiome.

In conclusion, a healthy gut microbiome is essential for overall well-being, and maintaining a balanced gut microbiome can have a significant impact on various aspects of health, including digestion, immune function, and mental health.",,4.0,4.0,4.0,3796,0.8059467673301697,12.96,0.0,"The gut microbiome refers to the collection of microorganisms that inhabit the gastrointestinal tract. These microorganisms play a crucial role in maintaining various bodily functions.

Research has shown that a healthy gut microbiome is essential for:

1. **Digestion and Nutrient Absorption**: Gut bacteria aid in the breakdown and absorption of nutrients from food, including vitamins, minerals, and other essential compounds.
2. **Immune System Function**: The gut microbiome helps regulate the immune system, preventing excessive inflammation and autoimmune diseases.
3. **Production of Vitamins and Hormones**: Certain gut bacteria are responsible for producing vitamins, such as vitamin K and biotin, and hormones, like serotonin and dopamine.
4. **Maintenance of the Gut Barrier**: A healthy gut microbiome helps maintain the integrity of the gut lining, preventing the leakage of toxins and undigested food particles into the bloodstream.
5. **Modulation of the Central Nervous System**: The gut-brain axis suggests that the gut microbiome influences the central nervous system, affecting mood, cognitive function, and behavior.

An imbalance of the gut microbiome, also known as dysbiosis, has been linked to various health conditions, including:

* Inflammatory bowel disease (IBD)
* Irritable bowel syndrome (IBS)
* Obesity and metabolic disorders
* Mental health disorders, such as anxiety and depression
* Autoimmune diseases, such as rheumatoid arthritis and lupus

Factors that can disrupt the balance of the gut microbiome include:

* Antibiotic use
* Poor diet
* Stress
* Lack of sleep
* Environmental toxins

Maintaining a healthy gut microbiome can be achieved through:

* A balanced diet rich in fiber and polyphenols
* Probiotic supplementation
* Prebiotic fiber intake
* Adequate sleep and stress management
* Avoidance of antibiotics and other gut-damaging substances

Further research is needed to fully understand the complex relationships between the gut microbiome and overall health. However, the available evidence suggests that a healthy gut microbiome is essential for maintaining optimal bodily functions.",0.8059467673301697,0.0,-0.8059467673301697,3796,2138,-1658,18.44922341696535,24.410169491525426,5.960946074560077
Paid Paternity Leave,0.6,0.6,0.8,0.6,0.8,0.8,0.8,0.8,0.8,0.4,0.6,gender equality,"""Paid Paternity Leave"" is a type of leave policy that allows new fathers to take time off from work to care for their newborn child, with pay. This policy is designed to provide financial support to new dads, allowing them to bond with their baby, support their partner, and take on caregiving responsibilities without worrying about losing income.

Here are some key aspects of Paid Paternity Leave:

**Key features:**

1. **Paid leave**: The policy provides a certain number of paid days off for new fathers, usually ranging from a few days to several weeks.
2. **Eligibility**: Typically, the policy applies to new fathers who have recently welcomed a child, often within a specific timeframe (e.g., 6-12 months).
3. **Benefits**: The paid leave is usually provided in addition to any existing paid vacation or sick leave policies.
4. **Flexibility**: Some policies may allow new dads to take the leave at a time that suits them, while others may specify a fixed period.

**Benefits for new dads:**

1. **Bonding time**: Paid Paternity Leave allows new dads to spend quality time with their baby, fostering a stronger bond and promoting a more involved fatherhood.
2. **Support for partners**: The policy helps new mothers by providing a supportive partner who can assist with childcare and household responsibilities.
3. **Reduced stress**: Paid Paternity Leave can reduce stress and anxiety for new dads, allowing them to focus on their new role without financial worries.
4. **Improved work-life balance**: The policy can also help new dads achieve a better balance between work and family responsibilities.

**Variations and challenges:**

1. **Length and frequency**: The duration and frequency of Paid Paternity Leave vary widely across countries, companies, and policies.
2. **Take-up rates**: Some studies suggest that not all eligible new dads take advantage of Paid Paternity Leave, often due to stigma, lack of awareness, or concerns about career impact.
3. **Cost and funding**: Implementing Paid Paternity Leave can be costly for employers, which may impact the policy's feasibility and effectiveness.

**Examples and initiatives:**

1. **Sweden**: Sweden offers 480 days of paid parental leave, which can be shared between parents.
2. **Canada**: Some Canadian companies offer up to 5 weeks of paid paternity leave.
3. **Google**: Google provides 18 weeks of paid parental leave, which can be shared between parents.
4. **The US**: Some US companies, like Netflix and Microsoft, offer paid paternity leave, but it's not a standard policy in the country.

Overall, Paid Paternity Leave is a valuable policy that can promote a more supportive and inclusive work environment, while also benefiting new dads, their families, and society as a whole.",,4.0,4.0,4.0,2761,0.0,12.78,0.0,"Paid Paternity Leave refers to a period of time, typically provided by an employer, during which a new father is entitled to receive payment or compensation for time taken off work to care for his newborn child or to bond with his child.

Definition:

Paid Paternity Leave is a type of family leave policy that provides financial support to new fathers during a critical period of transition and adjustment to parenthood. It is often offered as a benefit by employers to attract and retain employees, promote work-life balance, and support family well-being.

Key characteristics:

1. **Paid**: The leave is compensated, either in full or in part, by the employer, allowing the new father to receive a salary or wages during the leave period.
2. **Paternity**: The leave is specifically designed for new fathers, although some policies may also include provisions for adoptive fathers or same-sex partners.
3. **Leave**: The policy provides a designated period of time off work, which can range from a few days to several weeks or even months.
4. **Family leave**: The leave is intended to support the new father in caring for his child, bonding with the child, and adjusting to parenthood.

Benefits:

1. **Supports family well-being**: Paid Paternity Leave allows new fathers to spend quality time with their newborn, promoting bonding and attachment.
2. **Encourages work-life balance**: The leave enables new fathers to balance their work and family responsibilities, reducing stress and improving overall well-being.
3. **Promotes employee retention**: Offering Paid Paternity Leave can enhance employee satisfaction, loyalty, and retention, as well as improve recruitment and talent attraction.
4. **Supports diversity and inclusion**: Paid Paternity Leave policies can help promote diversity and inclusion in the workplace by recognizing and valuing the contributions of new fathers.

Variations:

1. **Length of leave**: The duration of Paid Paternity Leave can vary significantly, ranging from a few days to several weeks or months.
2. **Compensation**: The level of compensation during the leave period can also vary, with some policies providing full pay, partial pay, or a stipend.
3. **Eligibility**: Eligibility criteria for Paid Paternity Leave can differ, with some policies applying to all new fathers, while others may have specific requirements or restrictions.

In summary, Paid Paternity Leave is a family leave policy that provides financial support to new fathers during a critical period of transition and adjustment to parenthood. Its benefits include supporting family well-being, encouraging work-life balance, promoting employee retention, and supporting diversity and inclusion.",0.0,0.5088122487068176,0.5088122487068176,2761,2707,-54,15.447785009447827,19.9921568627451,4.5443718532972746
Disruption of global value chains,0.8,0.8,0.8,0.8,0.8,0.4,0.8,0.8,0.8,0.8,0.6,climate action,"""Disruption of global value chains"" refers to the breakdown or interruption of the complex networks of production, distribution, and trade that connect different countries, companies, and industries worldwide. These value chains are the backbone of international trade, enabling the production and delivery of goods and services across borders.

Global value chains typically involve multiple stages, including:

1. **Production**: Goods or services are manufactured or created in one country.
2. **Trade**: The goods or services are exported to another country for further processing, assembly, or distribution.
3. **Logistics**: The goods or services are transported, stored, and managed across borders.
4. **Consumption**: The final product is sold to consumers in the destination market.

Disruptions to these value chains can occur due to various factors, such as:

1. **Trade policies and tariffs**: Changes in trade agreements, tariffs, or quotas can create barriers to trade and disrupt supply chains.
2. **Geopolitical tensions**: Conflicts, sanctions, or diplomatic tensions between countries can disrupt trade and logistics.
3. **Supply chain risks**: Events like natural disasters, pandemics, or cyber attacks can impact production, transportation, or storage.
4. **Economic shocks**: Global economic downturns, recessions, or financial crises can affect demand, trade, and investment.
5. **Technological changes**: Rapid technological advancements can disrupt traditional business models and supply chains.
6. **Environmental and social concerns**: Growing awareness of environmental and social issues can lead to changes in consumer behavior and regulatory requirements, impacting global value chains.

The consequences of disrupting global value chains can be far-reaching, including:

1. **Economic losses**: Disruptions can lead to losses for companies, industries, and entire economies.
2. **Supply chain fragility**: Disruptions can reveal vulnerabilities in supply chains, making them more susceptible to future disruptions.
3. **Increased costs**: Companies may need to absorb additional costs, such as transportation, storage, or inventory costs, to mitigate the effects of disruptions.
4. **Reduced competitiveness**: Disruptions can erode a company's or industry's competitiveness, making it harder to recover.
5. **Social and environmental impacts**: Disruptions can have unintended social and environmental consequences, such as increased greenhouse gas emissions or labor exploitation.

To mitigate the risks associated with disrupting global value chains, companies and governments can take proactive steps, such as:

1. **Diversifying supply chains**: Spreading production and sourcing across multiple countries and suppliers.
2. **Investing in resilience**: Building robust supply chains that can withstand disruptions.
3. **Developing contingency plans**: Creating plans to respond to potential disruptions.
4. **Fostering collaboration**: Encouraging cooperation between companies, governments, and stakeholders to address shared challenges.
5. **Promoting transparency and accountability**: Ensuring that companies and governments are transparent and accountable in their business practices and supply chain management.

By understanding the complexities of global value chains and the potential risks associated with disrupting them, companies and governments can work together to build more resilient and sustainable supply chains that benefit all stakeholders.",,4.0,4.0,4.0,3496,0.6056287884712219,14.96,0.0,"The disruption of global value chains refers to the breakdown or interruption of the complex networks of production, distribution, and trade that connect countries, companies, and industries worldwide. These value chains involve the movement of goods, services, and information across borders, and are a key component of global trade and economic integration.

Global value chains typically involve several stages, including:

1. Production: Goods and services are manufactured or produced in one or more countries.
2. Transportation: Goods and services are transported to other countries for further processing, assembly, or distribution.
3. Trade: Goods and services are traded across borders, often through intermediaries such as distributors or wholesalers.
4. Consumption: Goods and services are consumed by final customers in various countries.

Disruptions to global value chains can occur due to various factors, including:

1. Trade policies and regulations: Changes in trade policies, tariffs, or regulations can disrupt supply chains and affect the flow of goods and services.
2. Geopolitical events: Conflicts, sanctions, or other geopolitical events can disrupt trade and supply chains.
3. Natural disasters: Natural disasters such as earthquakes, hurricanes, or pandemics can damage infrastructure, disrupt transportation, and affect supply chains.
4. Technological changes: Rapid technological changes can disrupt traditional supply chains and business models.
5. Economic shocks: Economic downturns, recessions, or financial crises can affect demand, supply, and trade.

The disruption of global value chains can have significant economic and social impacts, including:

1. Supply chain disruptions: Disruptions to supply chains can lead to shortages, delays, and increased costs.
2. Economic losses: Disruptions to global value chains can result in significant economic losses for companies, countries, and industries.
3. Job losses: Disruptions to global value chains can lead to job losses, particularly in industries that rely heavily on international trade.
4. Social impacts: Disruptions to global value chains can also have social impacts, such as increased poverty, inequality, and social unrest.

Examples of disruptions to global value chains include:

1. The COVID-19 pandemic, which disrupted global supply chains and trade.
2. The US-China trade war, which led to tariffs and disruptions to global supply chains.
3. The Brexit referendum, which led to uncertainty and disruption to trade between the UK and the EU.
4. The 2011 Japanese earthquake and tsunami, which disrupted global supply chains for electronics and other industries.

In summary, the disruption of global value chains refers to the breakdown or interruption of complex networks of production, distribution, and trade that connect countries, companies, and industries worldwide. Disruptions can occur due to various factors, including trade policies, geopolitical events, natural disasters, technological changes, and economic shocks.",0.6056287884712219,0.0,-0.6056287884712219,3496,3030,-466,18.86789856811455,16.5609696969697,-2.3069288711448515
Public Engagement Strategies,0.8,0.6,0.8,0.6,0.8,0.8,0.4,0.8,0.8,0.6,0.6,climate action,"Public Engagement Strategies refer to the deliberate and systematic approaches used by organizations, governments, and individuals to engage with the public, foster dialogue, and build relationships. The primary goal of public engagement strategies is to promote mutual understanding, trust, and collaboration between the public and the organization or government entity. Here are some key aspects of public engagement strategies:

**Types of Public Engagement Strategies:**

1. **Participatory Approaches**: Encourage active participation from the public, such as public meetings, town halls, and citizen juries.
2. **Informational Approaches**: Provide information to the public through various channels, such as websites, social media, and print materials.
3. **Interactive Approaches**: Engage the public through interactive tools, such as online surveys, polls, and feedback mechanisms.
4. **Collaborative Approaches**: Foster partnerships and collaborations between the organization and the public, such as co-creation, co-design, and co-production.

**Key Principles of Public Engagement Strategies:**

1. **Transparency**: Provide clear and accurate information about the organization or government entity's activities and decisions.
2. **Inclusivity**: Ensure that diverse perspectives and voices are represented and valued.
3. **Respect**: Treat the public with respect and dignity, and acknowledge their concerns and opinions.
4. **Accountability**: Hold the organization or government entity accountable for their actions and decisions.
5. **Two-way Communication**: Encourage a dialogue between the organization or government entity and the public, and respond to feedback and concerns.

**Benefits of Public Engagement Strategies:**

1. **Improved Public Trust**: Build trust and credibility with the public by being transparent and accountable.
2. **Increased Public Participation**: Encourage active participation and engagement from the public.
3. **Better Decision-Making**: Gather diverse perspectives and feedback to inform decision-making.
4. **Enhanced Reputation**: Demonstrate a commitment to public engagement and accountability.
5. **Increased Efficiency**: Identify and address public concerns and issues more effectively.

**Examples of Public Engagement Strategies:**

1. **Public Consultations**: Conduct public consultations on policy decisions or projects.
2. **Community Outreach**: Engage with local communities through outreach programs and events.
3. **Social Media Engagement**: Use social media to engage with the public and respond to feedback.
4. **Citizen Juries**: Convene citizen juries to gather feedback and opinions on specific issues.
5. **Participatory Budgeting**: Involve the public in budgeting decisions through participatory budgeting processes.

In summary, public engagement strategies are essential for building trust, fostering dialogue, and promoting collaboration between organizations, governments, and the public. By adopting these strategies, organizations and governments can improve public participation, decision-making, and reputation, ultimately leading to more effective and accountable governance.",,4.0,4.0,4.0,3166,0.7026957869529724,13.12,0.0,"Public Engagement Strategies refer to the deliberate and systematic approaches used by organizations, institutions, or individuals to interact and communicate with the public, stakeholders, or communities to achieve specific goals or objectives.

**Definition:** Public Engagement Strategies involve the use of various techniques, methods, and tools to facilitate dialogue, build relationships, and foster collaboration between the organization and the public. The primary aim is to inform, educate, and involve the public in decision-making processes, policy development, or project implementation.

**Key Components:**

1. **Communication:** Public Engagement Strategies involve the exchange of information, ideas, and perspectives between the organization and the public. This can be achieved through various channels, such as social media, public meetings, surveys, or written reports.
2. **Participation:** Public Engagement Strategies often involve the active participation of the public in decision-making processes, such as through public consultations, citizen juries, or participatory budgeting.
3. **Collaboration:** Public Engagement Strategies aim to build partnerships and collaborations between the organization and the public, including community groups, stakeholders, or other organizations.
4. **Stakeholder Analysis:** Public Engagement Strategies involve identifying and analyzing the interests, needs, and concerns of various stakeholders, including the public, to inform decision-making and policy development.

**Types of Public Engagement Strategies:**

1. **Top-Down Approaches:** These involve the organization taking the lead in engaging with the public, often through one-way communication channels.
2. **Bottom-Up Approaches:** These involve the public taking the lead in engaging with the organization, often through participatory and collaborative methods.
3. **Hybrid Approaches:** These combine elements of top-down and bottom-up approaches to achieve a balance between organization-led and public-led engagement.

**Benefits of Public Engagement Strategies:**

1. **Improved Decision-Making:** Public Engagement Strategies can inform decision-making by providing valuable insights and perspectives from the public.
2. **Increased Transparency:** Public Engagement Strategies can enhance transparency by providing clear and accessible information about organizational activities and decisions.
3. **Enhanced Trust:** Public Engagement Strategies can build trust between the organization and the public by demonstrating a commitment to collaboration and participation.

**Challenges and Limitations:**

1. **Resource Intensity:** Public Engagement Strategies can be resource-intensive, requiring significant time, money, and personnel.
2. **Power Dynamics:** Public Engagement Strategies can be influenced by power dynamics, with some stakeholders having more influence than others.
3. **Evaluation Challenges:** Public Engagement Strategies can be difficult to evaluate, particularly if outcomes are not clearly defined or measurable.

In conclusion, Public Engagement Strategies are deliberate and systematic approaches used to interact and communicate with the public, stakeholders, or communities to achieve specific goals or objectives. These strategies involve communication, participation, collaboration, and stakeholder analysis, and can be categorized into top-down, bottom-up, or hybrid approaches. While public engagement strategies can have numerous benefits, they also present challenges and limitations that must be carefully considered.",0.7026957869529724,0.0,-0.7026957869529724,3166,3583,417,18.990381426202323,22.28809523809524,3.297713811892919
Intersectionality and Sexual Identity,0.8,0.8,0.8,0.6,0.6,0.2,0.8,0.8,0.8,0.8,0.6,gender equality,"Intersectionality and sexual identity are two concepts that are deeply intertwined, yet often misunderstood. Here's a comprehensive explanation:

**Intersectionality**

Intersectionality is a critical framework developed by Black feminist scholar Kimberlé Crenshaw in 1989. It suggests that individuals have multiple identities (e.g., race, class, gender, sexuality, ability, age) that intersect and interact with one another to produce unique experiences of oppression, privilege, and marginalization. Intersectionality argues that these identities cannot be considered in isolation from one another, as they are interconnected and mutually influential.

**Sexual Identity**

Sexual identity refers to an individual's self-identification as straight, gay, lesbian, bisexual, asexual, or another sexual orientation. Sexual identity is a complex and multifaceted concept that encompasses not only one's attraction to others but also one's sense of self, community, and belonging.

**Intersectionality and Sexual Identity**

When considering intersectionality and sexual identity together, we must recognize that individuals' experiences of sexual identity are shaped by their intersectional identities. For example:

1. **Racialized LGBTQ+ individuals**: People of color who identify as LGBTQ+ may face unique challenges related to both their racial identity and their sexual identity. They may experience racism within the LGBTQ+ community, as well as homophobia and transphobia within their racial community.
2. **Class and sexual identity**: Individuals from lower socioeconomic backgrounds may face additional barriers to accessing LGBTQ+ resources, healthcare, and social services due to their economic status.
3. **Disability and sexual identity**: People with disabilities may experience ableism within the LGBTQ+ community, as well as homophobia and transphobia within the disability community.
4. **Age and sexual identity**: Older LGBTQ+ individuals may face ageism within the LGBTQ+ community, as well as homophobia and transphobia within their age group.
5. **Intersectional identities and privilege**: Individuals with multiple privileged identities (e.g., white, cisgender, able-bodied) may experience greater privilege and access to resources within the LGBTQ+ community, while those with multiple marginalized identities may face greater barriers.

**Key Takeaways**

1. **Intersectionality is not just about adding identities**: Intersectionality is not simply a matter of adding multiple identities together; it's about understanding how these identities interact and influence one another.
2. **Sexual identity is not a singular experience**: Sexual identity is shaped by an individual's intersectional identities, and experiences of sexual identity can vary greatly depending on these intersections.
3. **Inclusion and equity require intersectional understanding**: To create inclusive and equitable spaces for LGBTQ+ individuals, we must consider the intersectional identities and experiences of those we serve.
4. **Intersectionality is not a zero-sum game**: Intersectionality is not about pitting one identity against another; it's about recognizing and addressing the multiple forms of oppression and marginalization that individuals face.

By understanding the intersectionality of sexual identity, we can work towards creating more inclusive, equitable, and just spaces for all LGBTQ+ individuals, regardless of their intersectional identities.",,4.0,4.0,3.0,3470,0.8656781315803528,14.96,0.0,"Intersectionality is a theoretical framework that examines how different social identities, such as race, class, gender, and sexual orientation, intersect and interact to produce unique experiences of oppression and marginalization. In the context of sexual identity, intersectionality considers how individuals' multiple identities intersect to shape their experiences of sexual identity.

Sexual identity refers to an individual's self-identification as heterosexual, homosexual, bisexual, asexual, or other. Intersectionality recognizes that individuals' experiences of sexual identity are influenced by their other social identities, such as:

1. **Racial and ethnic identity**: Individuals from racial and ethnic minority groups may face unique challenges and experiences related to their sexual identity, such as racism and homophobia.
2. **Class and socioeconomic status**: Individuals from lower socioeconomic backgrounds may face additional barriers to expressing their sexual identity, such as limited access to healthcare and social services.
3. **Gender identity**: Individuals who identify as transgender or non-binary may face unique challenges related to their sexual identity, such as discrimination and violence.
4. **Disability**: Individuals with disabilities may face additional barriers to expressing their sexual identity, such as limited access to healthcare and social services.

Intersectionality highlights that individuals' experiences of sexual identity are not solely determined by their sexual orientation, but are shaped by the complex interplay of their multiple identities. For example:

* A black lesbian woman may face unique challenges related to racism, sexism, and homophobia.
* A working-class gay man may face additional barriers to expressing his sexual identity due to limited access to healthcare and social services.
* A trans woman of color may face multiple forms of oppression, including racism, sexism, homophobia, and transphobia.

By examining the intersection of multiple identities, intersectionality provides a more nuanced understanding of the complex experiences of individuals with diverse sexual identities. This framework can inform policies and practices aimed at promoting equality and justice for individuals with diverse sexual identities.",0.8656781315803528,0.5641692876815796,-0.3015088438987732,3470,2301,-1169,23.349106788408097,25.553246753246754,2.2041399648386566
Eco-Voluntarism and Community Engagement,0.6,0.8,0.8,0.6,0.8,0.8,0.8,0.8,0.8,0.6,0.6,climate action,"A wonderful topic! ""Eco-Voluntarism and Community Engagement"" refers to a philosophy and practice that combines environmentalism, volunteerism, and community involvement. Here's a breakdown of what it's all about:

**Eco-Voluntarism:**

Eco-voluntarism is a movement that encourages individuals to take an active role in protecting the environment and promoting sustainability. It's about volunteering time, skills, and resources to address environmental issues, such as conservation, waste reduction, and climate change. Eco-voluntarism recognizes that individuals have a responsibility to care for the planet and its resources, and that collective action can lead to significant positive change.

**Community Engagement:**

Community engagement is the process of involving local communities in decision-making, planning, and implementation of environmental projects. It's about building relationships, fostering trust, and empowering communities to take ownership of environmental initiatives. Community engagement ensures that projects are tailored to the needs and concerns of the local community, leading to more effective and sustainable outcomes.

**Key Principles:**

The principles of eco-voluntarism and community engagement include:

1. **Participatory approach**: Involving local communities in decision-making and planning processes.
2. **Volunteerism**: Encouraging individuals to contribute their time, skills, and resources to environmental projects.
3. **Environmental stewardship**: Recognizing the importance of protecting the environment and promoting sustainability.
4. **Community-led initiatives**: Empowering local communities to take ownership of environmental projects and initiatives.
5. **Collaboration**: Fostering partnerships between community groups, organizations, and government agencies to achieve common goals.

**Benefits:**

The benefits of eco-voluntarism and community engagement include:

1. **Increased community involvement**: Engaging local communities in environmental initiatives leads to greater ownership and commitment.
2. **Improved project outcomes**: Community-led initiatives are more likely to be effective and sustainable.
3. **Enhanced environmental protection**: Collective action can lead to significant positive change in environmental protection and conservation.
4. **Personal growth and development**: Volunteering and community engagement can foster personal growth, skills development, and a sense of purpose.
5. **Building social capital**: Eco-voluntarism and community engagement can strengthen social bonds, foster trust, and promote social cohesion.

**Examples:**

Examples of eco-voluntarism and community engagement include:

1. **Community clean-up initiatives**: Organized clean-up events, such as beach cleanups or park cleanups, that bring together volunteers to address environmental issues.
2. **Environmental education programs**: Programs that educate local communities about environmental issues, such as climate change, conservation, and sustainability.
3. **Community-led conservation projects**: Projects that involve local communities in conservation efforts, such as habitat restoration or wildlife conservation.
4. **Sustainable agriculture initiatives**: Initiatives that promote sustainable agriculture practices, such as permaculture or community-supported agriculture (CSA) programs.

In summary, eco-voluntarism and community engagement are powerful approaches to environmental protection and sustainability. By involving local communities in decision-making and project implementation, we can foster a sense of ownership, promote collective action, and achieve significant positive change for the environment.",,4.0,4.0,3.0,3702,0.8919182419776917,12.55,0.0,"Eco-voluntarism and community engagement refer to a set of practices and approaches that aim to promote environmental sustainability and community development through voluntary efforts and collaborative initiatives.

**Definition:**

Eco-voluntarism is a term used to describe the voluntary contribution of time, skills, and resources by individuals or groups to environmental conservation and sustainability efforts. This can include activities such as tree planting, wildlife conservation, and community clean-up initiatives.

Community engagement, on the other hand, refers to the process of involving local communities in decision-making and planning processes related to environmental conservation and development. This can include participatory approaches to planning, community-based monitoring and evaluation, and collaborative management of natural resources.

**Key characteristics:**

1. **Voluntary participation:** Eco-voluntarism is characterized by the voluntary contribution of time, skills, and resources by individuals or groups.
2. **Community involvement:** Community engagement involves the active participation of local communities in decision-making and planning processes.
3. **Collaborative approaches:** Eco-voluntarism and community engagement often involve collaborative partnerships between government agencies, non-governmental organizations, community groups, and individuals.
4. **Environmental focus:** The primary focus of eco-voluntarism and community engagement is on environmental conservation and sustainability.

**Mechanisms:**

1. **Capacity building:** Eco-voluntarism and community engagement can help build capacity within local communities by providing training, skills, and resources.
2. **Community ownership:** Community engagement can foster a sense of ownership and responsibility among local communities, leading to more effective conservation and development outcomes.
3. **Collaborative governance:** Eco-voluntarism and community engagement can promote collaborative governance by bringing together diverse stakeholders to share knowledge, resources, and expertise.
4. **Social and environmental benefits:** Eco-voluntarism and community engagement can lead to a range of social and environmental benefits, including improved livelihoods, enhanced biodiversity, and reduced environmental degradation.

**Examples:**

1. Community-led conservation initiatives, such as wildlife conservation programs or community-managed forests.
2. Volunteer-based environmental organizations, such as beach clean-up initiatives or tree planting programs.
3. Collaborative governance arrangements, such as community-based management of natural resources or participatory planning processes.

Overall, eco-voluntarism and community engagement offer a range of benefits for environmental conservation and community development, including capacity building, community ownership, collaborative governance, and social and environmental benefits.",0.8919182419776917,0.0,-0.8919182419776917,3702,2977,-725,22.192692020879942,25.894252873563218,3.7015608526832757
Regenerative Immunotherapy,0.4,0.8,0.8,1.0,0.8,0.8,0.8,0.8,0.8,0.8,0.4,good health and well-being,"Regenerative Immunotherapy (RI) is a relatively new and innovative approach that combines the principles of regenerative medicine and immunotherapy to promote healing, repair, and immune system rejuvenation. Here's a breakdown of this exciting field:

**What is Regenerative Immunotherapy?**

Regenerative Immunotherapy is a type of therapy that aims to harness the body's natural ability to repair and regenerate damaged tissues, organs, and systems. It involves the use of various techniques, including stem cell therapy, gene therapy, and immunomodulation, to stimulate the body's immune system to heal and regenerate itself.

**Key Principles:**

1. **Stem Cell Therapy**: RI utilizes stem cells, which are undifferentiated cells that have the ability to differentiate into various cell types, to promote tissue repair and regeneration.
2. **Immunomodulation**: RI aims to modulate the immune system to promote a healthy and balanced response, rather than a suppressive or overactive response.
3. **Gene Therapy**: RI may involve the use of gene therapy to introduce healthy genes into cells to promote healing and regeneration.
4. **Cellular Reprogramming**: RI may also involve the use of cellular reprogramming techniques to convert one cell type into another, promoting tissue repair and regeneration.

**Goals and Benefits:**

The primary goals of Regenerative Immunotherapy are to:

1. **Promote tissue repair and regeneration**: RI aims to stimulate the body's natural ability to repair and regenerate damaged tissues, organs, and systems.
2. **Enhance immune system function**: RI aims to modulate the immune system to promote a healthy and balanced response, reducing the risk of autoimmune diseases and other immune-related disorders.
3. **Improve overall health and well-being**: RI aims to promote overall health and well-being by addressing the root causes of diseases and disorders, rather than just treating symptoms.

**Potential Applications:**

Regenerative Immunotherapy has the potential to be applied in various fields, including:

1. **Autoimmune diseases**: RI may be used to treat autoimmune diseases such as rheumatoid arthritis, lupus, and multiple sclerosis.
2. **Cancer**: RI may be used to enhance cancer treatment outcomes and reduce the risk of cancer recurrence.
3. **Neurological disorders**: RI may be used to treat neurological disorders such as Parkinson's disease, Alzheimer's disease, and multiple sclerosis.
4. **Wound healing**: RI may be used to promote wound healing and tissue repair in patients with chronic wounds.

**Challenges and Limitations:**

While Regenerative Immunotherapy holds great promise, there are still several challenges and limitations to be addressed, including:

1. **Safety and efficacy**: RI is still a relatively new field, and more research is needed to ensure its safety and efficacy.
2. **Regulatory frameworks**: RI is subject to various regulatory frameworks, which may vary depending on the country and region.
3. **Cost and accessibility**: RI may be expensive and not readily accessible to all patients, particularly in resource-poor settings.

In summary, Regenerative Immunotherapy is a promising approach that combines the principles of regenerative medicine and immunotherapy to promote healing, repair, and immune system rejuvenation. While there are still challenges and limitations to be addressed, RI has the potential to revolutionize the way we approach disease treatment and prevention.",,4.0,4.0,4.0,3477,0.7901669144630432,12.82,0.0,"Regenerative Immunotherapy is a medical treatment approach that combines immunotherapy with regenerative medicine principles. The primary goal of this approach is to stimulate the body's natural healing processes and enhance its immune response to promote tissue repair and regeneration.

**Definition:**

Regenerative Immunotherapy is a type of treatment that utilizes various techniques, including stem cell therapy, gene therapy, and immunomodulation, to stimulate the body's natural repair mechanisms and promote immune system function.

**Key Components:**

1. **Immunomodulation:** This involves the use of medications or other interventions to modulate the immune system, either to enhance its function or to suppress it when necessary.
2. **Stem Cell Therapy:** This involves the use of stem cells, which are cells that have the ability to differentiate into various cell types, to promote tissue repair and regeneration.
3. **Gene Therapy:** This involves the use of genes to repair or replace damaged or faulty genes, which can help to restore normal cellular function.
4. **Tissue Engineering:** This involves the use of biomaterials and other technologies to create artificial tissues or organs that can be used to replace damaged or diseased tissues.

**Mechanisms:**

Regenerative Immunotherapy works by stimulating the body's natural repair mechanisms and enhancing its immune response. This can be achieved through various mechanisms, including:

1. **Stimulation of stem cell proliferation:** Regenerative Immunotherapy can stimulate the proliferation of stem cells, which can then differentiate into various cell types to promote tissue repair and regeneration.
2. **Enhancement of immune function:** Regenerative Immunotherapy can enhance the function of the immune system, which can help to eliminate damaged or diseased cells and promote tissue repair.
3. **Modulation of inflammation:** Regenerative Immunotherapy can modulate the inflammatory response, which can help to promote tissue repair and reduce the risk of complications.

**Applications:**

Regenerative Immunotherapy has been explored as a potential treatment for a range of conditions, including:

1. **Autoimmune diseases:** Regenerative Immunotherapy has been investigated as a potential treatment for autoimmune diseases, such as rheumatoid arthritis and multiple sclerosis.
2. **Cancer:** Regenerative Immunotherapy has been explored as a potential treatment for cancer, including the use of immunotherapy to stimulate the immune system to attack cancer cells.
3. **Tissue damage:** Regenerative Immunotherapy has been investigated as a potential treatment for tissue damage, including the use of stem cell therapy to promote tissue repair.

**Limitations and Controversies:**

Regenerative Immunotherapy is a relatively new and rapidly evolving field, and there are ongoing debates and controversies surrounding its use and efficacy. Some of the limitations and controversies include:

1. **Lack of standardization:** There is currently a lack of standardization in the use of Regenerative Immunotherapy, which can make it difficult to compare results and evaluate its efficacy.
2. **Limited understanding of mechanisms:** There is still a limited understanding of the mechanisms underlying Regenerative Immunotherapy, which can make it difficult to predict its effects and identify potential risks.
3. **Regulatory challenges:** Regenerative Immunotherapy is subject to regulatory challenges, including the need for further research and clinical trials to establish its safety and efficacy.

Overall, Regenerative Immunotherapy is a promising area of research that has the potential to revolutionize the treatment of a range of conditions. However, further research and clinical trials are needed to fully understand its mechanisms, efficacy, and potential risks.",0.7901669144630432,0.0,-0.7901669144630432,3477,3854,377,18.25983935742972,20.43558052434457,2.1757411669148503
Social Norms,0.8,0.8,0.8,0.6,0.8,0.6,0.8,0.8,0.8,0.4,0.6,gender equality,"Social norms are the unwritten rules that govern how people behave in a given social context. They are the shared expectations and standards of behavior that are widely accepted and followed by a group or community. Social norms can be explicit or implicit, and they can vary across cultures, societies, and even within different social groups.

Social norms serve several purposes:

1. **Maintain social order**: By establishing clear expectations for behavior, social norms help maintain social order and prevent chaos.
2. **Promote cooperation**: Social norms encourage people to cooperate with each other, as they provide a shared understanding of what is expected and what is acceptable.
3. **Facilitate communication**: Social norms help people communicate more effectively, as they provide a common language and set of expectations.
4. **Regulate behavior**: Social norms influence how people behave, especially in situations where there is no clear authority or rule.

Types of social norms:

1. **Moral norms**: These are norms related to moral values, such as honesty, fairness, and respect for others.
2. **Conventional norms**: These are norms related to social conventions, such as dress codes, table manners, and other customs.
3. **Practical norms**: These are norms related to everyday activities, such as traffic rules, queueing, and other practical behaviors.
4. **Cultural norms**: These are norms specific to a particular culture or community, such as customs related to food, language, and other cultural practices.

Characteristics of social norms:

1. **Shared**: Social norms are shared among members of a group or community.
2. **Unwritten**: Social norms are often unwritten, meaning they are not explicitly stated.
3. **Implicit**: Social norms can be implicit, meaning they are not consciously thought about.
4. **Dynamic**: Social norms can change over time, reflecting shifts in societal values and attitudes.

Examples of social norms:

1. **Tipping**: In many cultures, it is considered polite to tip servers at restaurants, but the amount and frequency of tipping can vary.
2. **Dress codes**: In some workplaces or social settings, there are unwritten rules about what is considered acceptable attire.
3. **Queueing**: In many cultures, it is considered polite to wait in line and let others go first.
4. **Respect for elders**: In many cultures, it is considered respectful to show deference to older individuals, such as using titles or showing physical respect.

Understanding social norms is essential for effective communication, social interaction, and navigating different social contexts.",,4.0,4.0,4.0,2630,0.0,12.36,0.0,"Social norms refer to the unwritten rules and expectations that govern human behavior within a particular group or society. These norms are often implicit and are learned through observation, socialization, and cultural transmission.

Social norms can be defined as the shared expectations and standards of behavior that are accepted and followed by members of a group. They can be explicit, such as written laws and regulations, or implicit, such as unspoken expectations and conventions.

Social norms serve several functions, including:

1. Maintaining social order: Social norms help to maintain social order by providing a framework for behavior and expectations.
2. Regulating behavior: Social norms regulate behavior by specifying what is considered acceptable and unacceptable.
3. Providing a sense of belonging: Social norms provide a sense of belonging and identity for individuals within a group.
4. Facilitating communication: Social norms facilitate communication by providing a shared understanding of what is considered polite, respectful, and appropriate.

Social norms can be categorized into different types, including:

1. Formal norms: These are explicit and written rules, such as laws and regulations.
2. Informal norms: These are unwritten and implicit expectations, such as social conventions and customs.
3. Cultural norms: These are norms that are specific to a particular culture or society.
4. Group norms: These are norms that are specific to a particular group or organization.

Social norms can be influenced by various factors, including:

1. Culture: Social norms are shaped by the cultural context in which they exist.
2. History: Social norms can be influenced by historical events and traditions.
3. Power dynamics: Social norms can be shaped by power dynamics, such as social status, wealth, and privilege.
4. Technology: Social norms can be influenced by technological advancements and changes in communication.

Social norms can also be subject to change over time, influenced by factors such as:

1. Social movements: Social movements can challenge and change social norms.
2. Economic changes: Economic changes can influence social norms, such as changes in consumer behavior.
3. Technological advancements: Technological advancements can change social norms, such as changes in communication and social interaction.

In conclusion, social norms are the unwritten rules and expectations that govern human behavior within a particular group or society. They serve several functions, including maintaining social order, regulating behavior, providing a sense of belonging, and facilitating communication. Social norms can be influenced by various factors, including culture, history, power dynamics, and technology, and can be subject to change over time.",0.0,0.0,0.0,2630,2794,164,14.590712468193386,16.76711915535445,2.176406687161064
Climate-Responsive Budgeting,0.4,0.6,0.8,0.6,0.8,0.8,0.8,0.8,0.8,0.8,0.6,climate action,"Climate-Responsive Budgeting (CRB) is a budgeting approach that takes into account the impacts of climate change on a community or organization's financial planning and decision-making. It involves integrating climate-related risks and opportunities into the budgeting process to ensure that financial resources are allocated in a way that is resilient to climate-related challenges and leverages opportunities for climate action.

The core principles of Climate-Responsive Budgeting are:

1. **Climate risk assessment**: Conduct a thorough assessment of the climate-related risks and opportunities facing the community or organization, including extreme weather events, sea-level rise, droughts, and other climate-related hazards.
2. **Integration with existing budgeting processes**: Incorporate climate-related considerations into existing budgeting processes, such as the annual budget cycle, to ensure that climate risks and opportunities are considered alongside other financial priorities.
3. **Prioritization of climate-resilient investments**: Identify and prioritize investments that enhance the community's or organization's resilience to climate-related risks, such as infrastructure upgrades, climate-resilient agriculture, or green infrastructure.
4. **Climate-sensitive budgeting frameworks**: Develop budgeting frameworks that take into account the costs and benefits of climate-related investments, such as green bonds, climate-resilient infrastructure, or climate adaptation programs.
5. **Regular review and update**: Regularly review and update the budgeting process to reflect changes in climate-related risks and opportunities, as well as the effectiveness of climate-resilient investments.

The benefits of Climate-Responsive Budgeting include:

1. **Improved financial resilience**: By integrating climate-related risks and opportunities into the budgeting process, organizations can better prepare for and respond to climate-related challenges.
2. **Enhanced climate resilience**: Climate-Responsive Budgeting can help organizations invest in climate-resilient infrastructure, agriculture, and other initiatives that enhance the community's or organization's ability to withstand climate-related shocks.
3. **Increased efficiency**: By prioritizing climate-resilient investments, organizations can reduce costs associated with climate-related damages and losses.
4. **Better decision-making**: Climate-Responsive Budgeting provides a framework for making informed decisions about investments and resource allocation, taking into account the potential impacts of climate change.

Examples of Climate-Responsive Budgeting in practice include:

1. **Green bonds**: Governments and organizations can issue green bonds to finance climate-resilient infrastructure, such as sea walls, green roofs, or climate-resilient agriculture.
2. **Climate adaptation programs**: Governments and organizations can allocate funds for climate adaptation programs, such as early warning systems, emergency preparedness, and climate-resilient infrastructure.
3. **Climate-resilient agriculture**: Farmers and agricultural organizations can invest in climate-resilient agriculture practices, such as drought-tolerant crops, climate-resilient irrigation systems, and soil conservation.
4. **Green infrastructure**: Governments and organizations can invest in green infrastructure, such as parks, green roofs, and green spaces, which can help mitigate the urban heat island effect and improve air quality.

Overall, Climate-Responsive Budgeting is a critical tool for organizations and governments to prepare for and respond to the financial implications of climate change.",,4.0,4.0,3.0,3672,0.0,15.31,0.0,"Climate-Responsive Budgeting (CRB) refers to a budgeting approach that takes into account the financial implications of climate change and its associated risks. This approach involves integrating climate-related considerations into the budgeting process to ensure that public finances are managed in a way that is resilient to climate-related shocks and opportunities.

CRB involves several key components:

1. **Climate risk assessment**: Identifying potential climate-related risks and opportunities that may impact public finances, such as extreme weather events, sea-level rise, and changes in temperature and precipitation patterns.
2. **Climate scenario planning**: Developing scenarios that describe possible future climate-related outcomes, such as increased frequency and severity of natural disasters or changes in population demographics.
3. **Budgeting for climate resilience**: Allocating funds to support climate-resilient infrastructure, emergency preparedness, and adaptation measures, such as flood protection, drought management, and heatwave mitigation.
4. **Climate-sensitive budgeting frameworks**: Developing budgeting frameworks that incorporate climate-related considerations, such as climate-adjusted cost-benefit analysis and climate-resilient infrastructure planning.
5. **Monitoring and evaluation**: Regularly monitoring and evaluating the effectiveness of climate-responsive budgeting measures to ensure that public finances are being managed in a way that is responsive to climate-related risks and opportunities.

The goal of CRB is to ensure that public finances are managed in a way that is resilient to climate-related shocks and opportunities, while also promoting sustainable development and reducing greenhouse gas emissions. By integrating climate-related considerations into the budgeting process, governments can better prepare for and respond to climate-related risks, and make more informed decisions about public investments.

CRB is often implemented in conjunction with other climate-related initiatives, such as climate change adaptation plans and green infrastructure investments. It is a key component of climate-resilient development and is being adopted by governments around the world to manage the financial implications of climate change.",0.0,0.0,0.0,3672,2292,-1380,23.67169274537696,23.29497716894977,-0.37671557642718767
Staying Safe During Menstruation,0.6,0.4,0.6,0.4,0.2,0.8,0.4,0.8,0.8,0.4,0.6,good health and well-being,"Staying safe during menstruation involves taking certain precautions to maintain personal hygiene, prevent infections, and ensure overall well-being. Here are some tips:

**Personal Hygiene**

1.  **Wash your hands**: Regularly wash your hands with soap and water, especially after using the bathroom, before and after handling sanitary products, and after changing your pad or tampon.
2.  **Use clean water**: Use clean water to wash your hands, face, and body during menstruation.
3.  **Keep yourself clean**: Shower or bathe regularly to maintain personal hygiene and prevent bacterial growth.

**Sanitary Products and Hygiene**

1.  **Use sanitary products correctly**: Use sanitary pads or tampons as directed, and change them frequently to prevent bacterial growth and odor.
2.  **Choose the right products**: Select sanitary products that suit your needs and preferences, such as pads, tampons, or menstrual cups.
3.  **Dispose of products properly**: Dispose of used sanitary products in a sanitary manner, such as in a trash can or a designated menstrual product disposal bin.

**Infection Prevention**

1.  **Avoid sharing sanitary products**: Never share sanitary products, such as pads or tampons, with others to prevent the spread of infections.
2.  **Use a new product each time**: Use a new sanitary product each time you need to, to prevent bacterial growth and infection.
3.  **Monitor for signs of infection**: Be aware of signs of infection, such as unusual odor, discharge, or pain, and seek medical attention if you experience any of these symptoms.

**Other Safety Precautions**

1.  **Avoid heavy lifting**: Avoid heavy lifting or bending during menstruation to prevent straining your back and pelvic muscles.
2.  **Stay hydrated**: Drink plenty of water to stay hydrated and prevent dehydration during menstruation.
3.  **Get enough rest**: Get enough rest and take breaks when needed to prevent fatigue and stress.

**Additional Tips**

1.  **Consult a healthcare provider**: Consult a healthcare provider if you experience any unusual symptoms or concerns during menstruation.
2.  **Keep a menstrual diary**: Keep a menstrual diary to track your menstrual cycle, symptoms, and any changes in your body.
3.  **Stay informed**: Stay informed about menstrual health, hygiene, and safety through reputable sources, such as healthcare providers, online resources, and educational materials.",,4.0,4.0,4.0,2411,0.764600932598114,10.51,0.0,"Staying safe during menstruation involves taking precautions to prevent accidents, infections, and other health issues associated with menstrual bleeding. Here are some verifiable facts and guidelines:

**Hygiene and Sanitation**

1. **Proper disposal of sanitary products**: Used sanitary pads, tampons, and menstrual cups should be disposed of in a sanitary manner, typically in a designated bin with a lid.
2. **Washing hands**: Hands should be washed thoroughly with soap and water after handling sanitary products or after using the bathroom.
3. **Cleaning the genital area**: The genital area should be cleaned regularly with mild soap and water to prevent bacterial growth and infections.

**Preventing Accidents**

1. **Using protective gear**: Women who engage in physical activities, such as sports or exercise, should use protective gear, such as sanitary pads or tampons, to prevent accidents.
2. **Avoiding heavy lifting**: Heavy lifting or bending should be avoided to prevent straining the abdominal muscles and potentially causing a prolapse.
3. **Using a backup plan**: A backup plan, such as a spare sanitary pad or tampon, should be available in case of unexpected bleeding or accidents.

**Infection Prevention**

1. **Using clean and sterile products**: Sanitary products should be used according to the manufacturer's instructions and should be replaced regularly to prevent bacterial growth.
2. **Avoiding sharing sanitary products**: Sanitary products should not be shared with others to prevent the transmission of infections.
3. **Practicing good hygiene**: Good hygiene practices, such as washing hands and cleaning the genital area regularly, can help prevent infections.

**Additional Considerations**

1. **Menstrual cramp management**: Women may experience menstrual cramps, which can be managed with over-the-counter pain relievers, such as ibuprofen or acetaminophen.
2. **Nutritional support**: A balanced diet rich in iron, calcium, and other essential nutrients can help alleviate menstrual symptoms and support overall health.
3. **Seeking medical attention**: Women should seek medical attention if they experience heavy bleeding, severe pain, or other unusual symptoms.

By following these guidelines, women can stay safe and healthy during menstruation.",0.764600932598114,0.7585371732711792,-0.0060637593269348145,2411,2293,-118,14.309042268592831,17.30579413769598,2.9967518691031483
Feminist critiques of capitalism,0.8,0.8,0.8,0.8,0.2,0.6,0.8,0.8,0.8,0.8,0.6,gender equality,"Feminist critiques of capitalism are a set of theoretical and practical perspectives that examine the relationships between capitalism, patriarchy, and the oppression of women. These critiques argue that capitalism perpetuates and reinforces patriarchal systems, which in turn, contribute to the subordination and exploitation of women. Here are some key aspects of feminist critiques of capitalism:

**Key arguments:**

1. **Patriarchal capitalism**: Feminist critics argue that capitalism is inherently patriarchal, as it is based on the principles of private property, competition, and profit maximization, which are often linked to masculine values and norms. This perpetuates the dominance of men over women in economic and social spheres.
2. **Exploitation of women's labor**: Capitalism relies on the exploitation of women's labor, particularly in the domestic sphere, where women are often expected to perform unpaid care work. This unpaid labor is essential to the functioning of the economy, but it is not valued or recognized as such.
3. **Wage inequality**: Feminist critics point out that women are often paid lower wages than men for the same work, perpetuating a cycle of poverty and economic dependence.
4. **Reproduction and the family**: Capitalism relies on the family as a unit of production and consumption, with women expected to bear the costs of childcare and domestic work. This reinforces the idea that women's primary role is as caregivers, rather than as economic contributors.
5. **Commodification of women's bodies**: Capitalism has led to the commodification of women's bodies, particularly in the sex industry, where women's bodies are treated as products to be bought and sold.
6. **Environmental degradation**: Feminist critics argue that capitalism's focus on growth and profit has led to environmental degradation, which disproportionately affects women, particularly in developing countries, who are often responsible for collecting water, fuel, and other essential resources.

**Key feminist thinkers:**

1. **Maria Mies**: A German feminist economist, Mies argued that capitalism is based on the exploitation of women's labor and the commodification of women's bodies.
2. **Silvia Federici**: An Italian feminist theorist, Federici has written extensively on the relationships between capitalism, patriarchy, and the oppression of women.
3. **Lise Vogel**: A Canadian feminist economist, Vogel has critiqued the ways in which capitalism perpetuates patriarchal systems and the exploitation of women's labor.
4. **Nancy Fraser**: An American feminist philosopher, Fraser has argued that capitalism is inherently incompatible with feminist values, such as equality and justice.

**Implications and policy recommendations:**

1. **Feminist economic policies**: Feminist critics argue that economic policies should prioritize the needs and rights of women, including equal pay, affordable childcare, and reproductive rights.
2. **Cooperative economics**: Some feminist thinkers advocate for cooperative economic models, which prioritize social and environmental goals over profit maximization.
3. **Social reproduction**: Feminist critics emphasize the importance of social reproduction, including care work, education, and healthcare, as essential to the functioning of the economy.
4. **Environmental justice**: Feminist critics argue that environmental justice is essential to the well-being of women and the planet, and that economic policies should prioritize sustainability and environmental protection.

Overall, feminist critiques of capitalism highlight the need for a more equitable and just economic system that prioritizes the needs and rights of women, as well as the planet.",,4.0,4.0,4.0,3723,0.0,15.3,0.0,"Feminist critiques of capitalism refer to the analysis and critique of the capitalist economic system from a feminist perspective. This critique is based on the idea that capitalism perpetuates and reinforces patriarchal and sexist attitudes, as well as economic inequalities between men and women.

One key argument made by feminist critics of capitalism is that the system is based on the exploitation of labor, particularly women's labor. Women have historically been relegated to unpaid domestic work, such as childcare and household management, and have been excluded from paid employment and economic decision-making. This has led to a persistent wage gap between men and women, with women earning lower wages and having limited access to economic resources.

Feminist critics also argue that capitalism perpetuates patriarchal attitudes and norms, such as the objectification and commodification of women's bodies. The beauty and fashion industries, for example, are seen as perpetuating unrealistic and unattainable beauty standards, which can lead to body dissatisfaction and low self-esteem among women.

Another key critique of capitalism from a feminist perspective is that it perpetuates economic inequality and poverty, particularly among women. Women are disproportionately represented among the poor and working class, and are more likely to experience poverty and economic insecurity due to factors such as lack of access to education and job training, as well as discriminatory labor practices.

Feminist critics also argue that capitalism is based on a logic of accumulation and growth, which prioritizes profit over people and the environment. This has led to the exploitation of natural resources, environmental degradation, and the perpetuation of unsustainable economic practices.

Some key concepts and theories that underlie feminist critiques of capitalism include:

* Marxist feminism: This perspective combines Marxist theory with feminist theory to analyze the ways in which capitalism perpetuates patriarchal attitudes and economic inequalities.
* Socialist feminism: This perspective emphasizes the importance of social and economic equality, and argues that a socialist economic system is necessary to achieve these goals.
* Intersectional feminism: This perspective emphasizes the importance of considering the intersections of different forms of oppression, including racism, classism, and sexism.

Some notable feminist thinkers who have contributed to the critique of capitalism include:

* Rosa Luxemburg: A Marxist feminist who argued that capitalism perpetuates patriarchal attitudes and economic inequalities.
* Simone de Beauvoir: A philosopher who argued that women's oppression is rooted in their economic and social subordination.
* bell hooks: A feminist theorist who has written extensively on the intersection of racism and sexism in capitalist societies.
* Nancy Fraser: A philosopher who has argued that a socialist economic system is necessary to achieve social and economic equality.

Overall, feminist critiques of capitalism emphasize the need for a more equitable and just economic system that prioritizes people and the environment over profit.",0.0,0.0,0.0,3723,3199,-524,21.32678393627614,22.605274776344835,1.2784908400686952
The Value of Gratitude,0.8,0.6,0.8,0.4,0.8,0.8,0.6,0.8,0.8,0.4,0.6,good health and well-being,"What a wonderful topic! ""The Value of Gratitude"" refers to the numerous benefits that come from cultivating a mindset of appreciation and thankfulness. Practicing gratitude has been shown to have a positive impact on both physical and mental well-being, relationships, and overall quality of life. Here are some of the key values of gratitude:

1. **Improved Mental Health**: Studies have found that people who practice gratitude tend to experience:
	* Reduced stress and anxiety
	* Improved mood and overall well-being
	* Enhanced resilience and coping skills
	* Lower levels of depression and anxiety
2. **Stronger Relationships**: Expressing gratitude towards others can:
	* Strengthen social bonds and relationships
	* Encourage empathy and understanding
	* Foster a sense of community and belonging
3. **Increased Positive Emotions**: Focusing on what you're grateful for can:
	* Boost happiness and joy
	* Increase feelings of love and connection
	* Enhance a sense of purpose and meaning
4. **Better Physical Health**: Research has linked gratitude to:
	* Improved sleep quality
	* Stronger immune systems
	* Lower blood pressure
	* Reduced chronic pain
5. **Increased Resilience**: Practicing gratitude can help you:
	* Bounce back from adversity and trauma
	* Develop a more optimistic outlook on life
	* Cultivate a sense of hope and positivity
6. **Improved Self-Awareness**: Reflecting on what you're grateful for can:
	* Help you identify your values and priorities
	* Increase self-awareness and self-acceptance
	* Foster a greater sense of self-love and self-care
7. **Increased Productivity and Motivation**: Focusing on what you're grateful for can:
	* Boost motivation and enthusiasm
	* Increase productivity and creativity
	* Help you set and achieve goals

To cultivate a sense of gratitude, try incorporating these practices into your daily routine:

1. **Keep a Gratitude Journal**: Write down three things you're grateful for each day.
2. **Share Your Gratitude**: Express your appreciation to others, whether it's a kind word, a thank-you note, or a small gift.
3. **Practice Mindfulness**: Take time to reflect on your experiences and appreciate the good things in your life.
4. **Celebrate the Small Things**: Acknowledge and appreciate the small joys and pleasures in life.
5. **Make Gratitude a Habit**: Incorporate gratitude into your daily routine, such as during meditation or before bed.

Remember, the value of gratitude lies in its ability to transform your perspective, relationships, and overall well-being. By prioritizing gratitude, you can experience a more fulfilling, happy, and meaningful life.",,4.0,4.0,4.0,2636,0.7221236824989319,13.97,0.0,"The concept of ""The Value of Gratitude"" refers to the perceived benefits and outcomes associated with cultivating a sense of gratitude in individuals. Research has identified several potential advantages of practicing gratitude, which can be categorized into psychological, social, and physical benefits.

Psychologically, gratitude has been linked to increased well-being, life satisfaction, and happiness. Studies have shown that individuals who regularly practice gratitude tend to experience reduced stress, anxiety, and depression. This may be due to the fact that focusing on what one is thankful for can shift attention away from negative thoughts and emotions.

Socially, gratitude has been found to improve relationships and social connections. When individuals express gratitude towards others, it can strengthen bonds and foster a sense of community. This can be attributed to the fact that gratitude is often perceived as a positive and appreciative emotion, which can promote feelings of warmth and connection in others.

Physically, research has suggested that gratitude may have a positive impact on physical health. Studies have found that individuals who practice gratitude tend to have lower blood pressure, healthier eating habits, and better sleep quality. This may be due to the fact that gratitude can reduce stress and anxiety, which are known to have negative effects on physical health.

The mechanisms underlying the value of gratitude are not yet fully understood, but several theories have been proposed. One possible explanation is that gratitude activates the brain's reward system, releasing feel-good chemicals such as dopamine and endorphins. This can lead to increased motivation, pleasure, and satisfaction.

Another theory suggests that gratitude promotes a sense of social support, which can have a positive impact on mental and physical health. When individuals feel grateful for the support they receive from others, they may be more likely to reciprocate and engage in prosocial behaviors.

Overall, the value of gratitude appears to be multifaceted, with potential benefits extending beyond individual well-being to social and physical health. However, more research is needed to fully understand the mechanisms and outcomes associated with gratitude.",0.7221236824989319,0.0,-0.7221236824989319,2636,2292,-344,17.72,17.704761904761906,-0.015238095238093052
Feminist Perspectives on Men and Masculinity,0.6,0.8,0.8,0.8,0.2,0.8,0.8,0.8,0.8,0.6,0.6,gender equality,"""Feminist Perspectives on Men and Masculinity"" refers to a body of theoretical and practical work that seeks to understand and challenge traditional notions of masculinity from a feminist perspective. This perspective is concerned with examining the social, cultural, and psychological construction of masculinity and its impact on individuals, relationships, and society as a whole.

**Key Ideas:**

1. **Challenging Traditional Masculinity:** Feminist perspectives on men and masculinity aim to challenge the dominant, patriarchal notion of masculinity that emphasizes traits like aggression, competitiveness, and emotional stoicism. This traditional masculinity is seen as limiting and oppressive, particularly for men who do not conform to these expectations.
2. **Emphasizing Emotional Expression:** Feminist perspectives on men and masculinity highlight the importance of emotional expression and vulnerability for men. This involves recognizing that men can and should express emotions, such as sadness, fear, and love, without being seen as weak or unmanly.
3. **Rethinking Masculine Identities:** Feminist perspectives on men and masculinity encourage men to explore and redefine their own identities, moving beyond traditional notions of masculinity. This involves recognizing that men can be nurturing, caring, and empathetic, and that these traits are not inherently feminine.
4. **Addressing Toxic Masculinity:** Feminist perspectives on men and masculinity also address the concept of ""toxic masculinity,"" which refers to the negative, aggressive, and oppressive aspects of traditional masculinity. This involves recognizing the harm caused by these traits and working to dismantle them.
5. **Promoting Healthy Masculinity:** Feminist perspectives on men and masculinity aim to promote a more positive, healthy, and inclusive understanding of masculinity. This involves recognizing that men can be strong, confident, and capable without being aggressive or oppressive.

**Key Theorists:**

1. **Robert Bly:** Bly's work on ""The Masculine Mystique"" (1990) explores the idea that traditional masculinity is a social construct that can be limiting and oppressive for men.
2. **Michael Kimmel:** Kimmel's work on ""Guyland"" (2008) examines the ways in which traditional masculinity is perpetuated and challenged in contemporary society.
3. **Michael Messner:** Messner's work on ""Man Up!"" (2013) explores the ways in which traditional masculinity is constructed and maintained in sports and other male-dominated domains.
4. **Peter J. Murphy:** Murphy's work on ""Masculinity in Flux"" (2015) examines the ways in which traditional masculinity is being redefined and reimagined in contemporary society.

**Implications:**

1. **Rethinking Masculine Identities:** Feminist perspectives on men and masculinity encourage men to explore and redefine their own identities, moving beyond traditional notions of masculinity.
2. **Promoting Healthy Masculinity:** Feminist perspectives on men and masculinity aim to promote a more positive, healthy, and inclusive understanding of masculinity.
3. **Addressing Toxic Masculinity:** Feminist perspectives on men and masculinity address the concept of toxic masculinity and work to dismantle its negative, oppressive aspects.
4. **Fostering Greater Understanding:** Feminist perspectives on men and masculinity encourage greater understanding and empathy between men and women, and between different groups of men.

Overall, ""Feminist Perspectives on Men and Masculinity"" offers a nuanced and critical understanding of traditional masculinity, highlighting its limitations and oppressive aspects. By promoting a more positive, healthy, and inclusive understanding of masculinity, this perspective aims to foster greater understanding and empathy between men and women, and between different groups of men.",,4.0,4.0,4.0,3851,0.7357764840126038,13.51,0.0,"""Feminist Perspectives on Men and Masculinity"" refers to a body of theoretical and critical work that examines the social construction of masculinity and its relationship to patriarchy, power, and gender inequality. This perspective seeks to understand the ways in which societal expectations and norms surrounding masculinity shape men's experiences, behaviors, and relationships.

Key aspects of feminist perspectives on men and masculinity include:

1. **Social construction of masculinity**: Feminist scholars argue that masculinity is not an inherent or natural trait, but rather a socially constructed concept that is shaped by cultural, historical, and economic contexts. This means that masculinity is not a fixed or essential identity, but rather a dynamic and context-dependent phenomenon.
2. **Patriarchal norms and expectations**: Feminist perspectives highlight the ways in which societal expectations of masculinity are often tied to patriarchal norms and power structures. These norms can lead to the suppression of emotions, the emphasis on aggression and competition, and the marginalization of non-traditional forms of masculinity.
3. **Performance of masculinity**: Feminist scholars argue that masculinity is not just an identity, but also a performance that is enacted through behavior, language, and social interactions. This performance can be seen as a way of negotiating power and status within patriarchal societies.
4. **Intersectionality**: Feminist perspectives on men and masculinity also acknowledge the importance of intersectionality, which highlights the ways in which masculinity intersects with other social categories such as race, class, and sexuality. This intersectionality can lead to complex and nuanced understandings of masculinity that are shaped by multiple social contexts.
5. **Critique of traditional masculinity**: Feminist perspectives often critique traditional forms of masculinity, which are seen as limiting and oppressive. This critique can include the emphasis on aggression, competition, and dominance, as well as the suppression of emotions and vulnerability.

Some of the key figures associated with feminist perspectives on men and masculinity include:

* Raewyn Connell, who developed the concept of ""hegemonic masculinity""
* Michael Kimmel, who has written extensively on the social construction of masculinity
* R.W. Connell, who has explored the intersectionality of masculinity and other social categories

Overall, feminist perspectives on men and masculinity aim to provide a nuanced and critical understanding of the social construction of masculinity and its relationship to power, inequality, and social change.",0.7357764840126038,0.0,-0.7357764840126038,3851,2682,-1169,21.7427786259542,22.93915543575921,1.1963768098050096
Feminist Reactions and Critical Analysis of Men’s Movements and the Impact of the Masculinity and Male Privilege,0.6,0.8,0.8,1.0,0.2,0.4,0.8,0.8,0.8,0.8,0.6,gender equality,"The concept you're referring to is a critical examination of men's movements and the impact of masculinity and male privilege on feminist theory and practice. Here's a breakdown of the key points:

**Feminist Reactions to Men's Movements:**

1. **Critique of patriarchal privilege**: Feminists have long argued that men's movements, such as the men's rights movement (MRM) and the men's liberation movement (MLM), often perpetuate patriarchal privilege and reinforce existing power dynamics.
2. **Concerns about co-optation**: Some feminists worry that men's movements may co-opt feminist language and ideas to further their own interests, rather than genuinely engaging with feminist principles.
3. **Questioning the legitimacy of men's involvement**: Feminists have questioned the legitimacy of men's involvement in feminist movements, arguing that men's participation may be motivated by a desire to maintain power and control, rather than a genuine commitment to feminist goals.

**Critical Analysis of Masculinity and Male Privilege:**

1. **The performance of masculinity**: Feminist scholars have critiqued the ways in which masculinity is performed and reinforced through societal norms, cultural expectations, and power dynamics.
2. **The impact of male privilege**: The concept of male privilege refers to the unearned advantages and benefits that men experience due to their social status. Feminists have argued that male privilege perpetuates inequality and limits opportunities for women and other marginalized groups.
3. **The need for a nuanced understanding of masculinity**: Feminist scholars have emphasized the need for a nuanced understanding of masculinity, recognizing that it is not a monolithic or fixed concept, but rather a complex and multifaceted phenomenon that can be both oppressive and liberatory.

**Impact on Feminist Theory and Practice:**

1. **Re-evaluating the role of men in feminist movements**: The critical analysis of men's movements and masculinity has led some feminists to re-evaluate the role of men in feminist movements, questioning whether men's involvement is necessary or desirable.
2. **Rethinking the concept of allyship**: The critique of male privilege and the performance of masculinity has led some feminists to rethink the concept of allyship, recognizing that allyship is not a one-way street, but rather a complex and reciprocal relationship that requires ongoing effort and commitment.
3. **Emphasizing intersectionality and inclusivity**: The critical analysis of masculinity and male privilege has also led some feminists to emphasize the importance of intersectionality and inclusivity, recognizing that feminist movements must be inclusive of diverse perspectives and experiences.

In summary, the critical analysis of men's movements and the impact of masculinity and male privilege on feminist theory and practice has led to a nuanced understanding of the complex relationships between men, masculinity, and feminism. While some feminists have questioned the legitimacy of men's involvement in feminist movements, others have emphasized the need for a nuanced understanding of masculinity and the importance of intersectionality and inclusivity in feminist practice.",,4.0,4.0,4.0,3234,0.0,17.35,0.0,"The concept of feminist reactions and critical analysis of men's movements and the impact of masculinity and male privilege refers to the examination and critique of the ways in which men's movements and traditional notions of masculinity perpetuate and reinforce patriarchal systems of power.

**Men's Movements:**

Men's movements, also known as men's rights movements or men's liberation movements, are groups or organizations that aim to promote the interests and well-being of men, often in response to perceived injustices or inequalities faced by men. These movements can take various forms, including advocacy groups, online communities, and social media campaigns.

**Critique of Men's Movements:**

Feminist scholars and critics have argued that men's movements often perpetuate and reinforce patriarchal systems of power, rather than challenging them. Some of the criticisms include:

1. **Reinforcing traditional masculinity:** Men's movements often promote traditional notions of masculinity, which can be limiting and oppressive for men who do not conform to these norms.
2. **Ignoring intersectionality:** Men's movements often focus on the experiences of middle-class, white men, ignoring the experiences of men from diverse backgrounds and identities.
3. **Perpetuating patriarchy:** Men's movements often seek to maintain or restore patriarchal power structures, rather than challenging them.

**Impact of Masculinity and Male Privilege:**

Masculinity and male privilege refer to the social and cultural norms that privilege men and masculinity over women and femininity. These norms can have a profound impact on individuals and society, including:

1. **Perpetuating inequality:** Masculinity and male privilege can perpetuate inequality and discrimination against women and marginalized groups.
2. **Limiting male expression:** Traditional notions of masculinity can limit male expression and emotion, leading to negative consequences for men's mental and physical health.
3. **Reinforcing patriarchal power structures:** Masculinity and male privilege can reinforce patriarchal power structures, perpetuating the dominance of men over women and marginalized groups.

**Feminist Reactions and Critical Analysis:**

Feminist scholars and critics have developed a range of theories and frameworks to analyze and critique men's movements and the impact of masculinity and male privilege. Some of these include:

1. **Intersectionality:** Intersectionality is a framework that recognizes the multiple and intersecting forms of oppression faced by individuals and groups.
2. **Patriarchal dividend:** The patriarchal dividend refers to the benefits and privileges that men receive as a result of living in a patriarchal society.
3. **Toxic masculinity:** Toxic masculinity refers to the negative consequences of traditional notions of masculinity, including aggression, violence, and emotional suppression.

In conclusion, the critique of men's movements and the impact of masculinity and male privilege is a complex and multifaceted issue. Feminist scholars and critics have developed a range of theories and frameworks to analyze and critique these phenomena, highlighting the need for a more nuanced and intersectional understanding of power and privilege.",0.0,0.0,0.0,3234,3276,42,22.543478260869566,19.74432671081678,-2.7991515500527875
Psychosomatic Disorders,0.8,0.8,0.8,1.0,0.2,0.4,0.8,0.8,0.8,0.8,0.6,good health and well-being,"Psychosomatic disorders, also known as psychogenic disorders or mind-body disorders, refer to a group of conditions that are characterized by physical symptoms that are caused or exacerbated by psychological factors, such as stress, anxiety, or emotional distress. These disorders are often referred to as ""mind-body"" conditions because they involve a complex interplay between psychological and physical factors.

In psychosomatic disorders, the physical symptoms are not just a result of a physical illness or disease, but are actually caused or influenced by the individual's thoughts, feelings, and behaviors. This means that the physical symptoms are not just a physical manifestation of a psychological condition, but are actually a direct result of the psychological factors.

Examples of psychosomatic disorders include:

1. **Irritable Bowel Syndrome (IBS)**: Characterized by abdominal pain, bloating, and changes in bowel habits, often triggered by stress and anxiety.
2. **Chronic Fatigue Syndrome (CFS)**: A condition characterized by persistent fatigue that is not relieved by rest, often linked to stress, anxiety, and depression.
3. **Fibromyalgia**: A condition characterized by widespread muscle pain, fatigue, and tender points, often associated with stress, anxiety, and depression.
4. **Hypertension**: High blood pressure can be influenced by stress, anxiety, and other psychological factors.
5. **Headaches**: Tension headaches, migraines, and other types of headaches can be triggered by stress, anxiety, and other psychological factors.
6. **Gastroesophageal Reflux Disease (GERD)**: A condition characterized by heartburn and acid reflux, often linked to stress, anxiety, and eating habits.
7. **Rheumatoid Arthritis**: A condition characterized by joint pain and inflammation, which can be influenced by stress, anxiety, and other psychological factors.

The causes of psychosomatic disorders are complex and multifaceted, but they often involve a combination of factors, including:

1. **Stress**: Chronic stress can lead to physical symptoms, such as headaches, muscle tension, and digestive problems.
2. **Anxiety**: Anxiety can lead to physical symptoms, such as rapid heartbeat, sweating, and trembling.
3. **Depression**: Depression can lead to physical symptoms, such as fatigue, changes in appetite, and sleep disturbances.
4. **Personality traits**: Certain personality traits, such as perfectionism or low self-esteem, can contribute to the development of psychosomatic disorders.
5. **Trauma**: Traumatic experiences, such as physical or emotional abuse, can lead to psychosomatic disorders.

Treatment for psychosomatic disorders typically involves a combination of:

1. **Psychotherapy**: Talk therapy, such as cognitive-behavioral therapy (CBT), can help individuals manage stress, anxiety, and other psychological factors.
2. **Medications**: Medications, such as antidepressants or anti-anxiety medications, can help manage symptoms.
3. **Lifestyle changes**: Changes in diet, exercise, and sleep habits can help alleviate symptoms.
4. **Relaxation techniques**: Techniques, such as deep breathing, progressive muscle relaxation, and meditation, can help reduce stress and anxiety.

It's essential to note that psychosomatic disorders are not just ""all in your head"" or ""just a psychological condition."" They are real physical conditions that require a comprehensive treatment approach that addresses both the physical and psychological aspects of the condition.",,4.0,4.0,4.0,3505,0.0,12.58,0.0,"Psychosomatic disorders, also known as psychophysiological disorders, are medical conditions that are characterized by physical symptoms that are caused or exacerbated by psychological factors. These disorders are often referred to as ""mind-body"" disorders because they involve a complex interplay between psychological and physiological processes.

Definition:

Psychosomatic disorders are defined as conditions in which psychological stress, anxiety, or other emotional factors contribute to the development or exacerbation of physical symptoms. These symptoms can be acute or chronic and can affect various bodily systems, including the gastrointestinal, cardiovascular, and musculoskeletal systems.

Examples of psychosomatic disorders include:

1. Irritable Bowel Syndrome (IBS): a condition characterized by abdominal pain, bloating, and changes in bowel movements, often triggered by stress and anxiety.
2. Hypertension: high blood pressure that is caused or exacerbated by psychological stress.
3. Fibromyalgia: a condition characterized by widespread muscle pain, fatigue, and tender points, often linked to stress and anxiety.
4. Ulcerative Colitis: a chronic inflammatory bowel disease that is often triggered by stress and anxiety.

Causal mechanisms:

The exact mechanisms by which psychological factors contribute to the development of psychosomatic disorders are not fully understood. However, several theories have been proposed:

1. Stress response: Psychological stress triggers the release of stress hormones, such as cortisol and adrenaline, which can affect various bodily systems and contribute to the development of physical symptoms.
2. Neurotransmitter imbalance: Psychological stress can disrupt the balance of neurotransmitters, such as serotonin and dopamine, which can contribute to the development of physical symptoms.
3. Hypervigilance: Psychological stress can lead to hypervigilance, a state of heightened arousal and alertness, which can contribute to the development of physical symptoms.

Diagnosis and treatment:

Diagnosing psychosomatic disorders can be challenging, as the physical symptoms can be similar to those of other medical conditions. A comprehensive diagnostic evaluation, including a thorough medical history, physical examination, and laboratory tests, is necessary to rule out other underlying conditions.

Treatment for psychosomatic disorders typically involves a multidisciplinary approach, including:

1. Psychotherapy: cognitive-behavioral therapy, psychodynamic therapy, or other forms of talk therapy to address underlying psychological issues.
2. Stress management: techniques such as relaxation, meditation, or yoga to help manage stress and anxiety.
3. Medications: medications such as antidepressants or anti-anxiety medications to help manage symptoms.
4. Lifestyle modifications: changes in diet, exercise, and sleep habits to help manage symptoms.

In conclusion, psychosomatic disorders are complex conditions that involve a complex interplay between psychological and physiological processes. Understanding the causal mechanisms and developing effective treatment strategies require a comprehensive and multidisciplinary approach.",0.0,0.0,0.0,3505,3200,-305,18.861389121338913,21.177090301003346,2.3157011796644333
Asthma Management,0.8,0.8,0.8,0.6,0.2,0.6,0.4,0.8,0.8,0.8,0.6,good health and well-being,"Asthma management is a comprehensive approach to controlling and managing asthma, a chronic respiratory disease characterized by inflammation, airway constriction, and episodic symptoms such as wheezing, coughing, and shortness of breath. The goal of asthma management is to control symptoms, prevent exacerbations, and improve quality of life for individuals with asthma.

**Key Components of Asthma Management:**

1. **Assessment and Diagnosis**: Accurate diagnosis of asthma is essential to develop an effective management plan. This involves a thorough medical history, physical examination, and diagnostic tests such as spirometry and peak flow meter measurements.
2. **Control of Symptoms**: Asthma symptoms can be controlled through a combination of medications, lifestyle modifications, and environmental changes.
3. **Medications**: Asthma medications are categorized into two main types:
	* **Quick-relief medications** (bronchodilators): used to relieve acute symptoms, such as albuterol (Ventolin) and levalbuterol (Xopenex).
	* **Long-term control medications** (anti-inflammatory): used to control chronic inflammation and prevent symptoms, such as inhaled corticosteroids (e.g., fluticasone, budesonide) and leukotriene modifiers (e.g., montelukast).
4. **Lifestyle Modifications**: Individuals with asthma should:
	* **Avoid triggers**: such as tobacco smoke, dust mites, mold, and pet dander.
	* **Exercise regularly**: with proper planning and medication, if necessary.
	* **Maintain a healthy weight**: to reduce the risk of asthma exacerbations.
5. **Environmental Changes**: Modifying the environment can help prevent asthma symptoms:
	* **Remove allergens**: from the home, such as dust mites, mold, and pet dander.
	* **Use HEPA filters**: to reduce exposure to airborne allergens.
	* **Avoid strong odors**: and other irritants that can trigger asthma symptoms.
6. **Monitoring and Follow-up**: Regular monitoring of symptoms, lung function, and medication use is essential to adjust the management plan as needed.

**Asthma Management Guidelines:**

The Global Initiative for Asthma (GINA) and the National Asthma Education and Prevention Program (NAEPP) provide guidelines for asthma management, which include:

1. **Step 1**: For mild asthma, with symptoms occurring less than twice a week.
2. **Step 2**: For moderate asthma, with symptoms occurring 2-3 times a week.
3. **Step 3**: For severe asthma, with symptoms occurring more than 3 times a week.
4. **Step 4**: For very severe asthma, with symptoms occurring daily or more frequently.

**Asthma Action Plan:**

An asthma action plan is a personalized plan developed with a healthcare provider to manage asthma symptoms and prevent exacerbations. The plan should include:

1. **Symptom recognition**: identifying symptoms and triggers.
2. **Medication use**: taking medications as prescribed.
3. **Environmental changes**: making lifestyle modifications to prevent symptoms.
4. **Emergency preparedness**: knowing what to do in case of an asthma exacerbation.

By following these guidelines and developing a personalized asthma action plan, individuals with asthma can effectively manage their symptoms, prevent exacerbations, and improve their quality of life.",,3.0,4.0,3.0,3244,0.0,12.18,0.0,"Asthma management refers to the process of controlling and preventing asthma symptoms through a combination of medication, lifestyle modifications, and monitoring. The primary goal of asthma management is to maintain optimal lung function and prevent exacerbations.

**Components of Asthma Management:**

1. **Medication:** Asthma medications are classified into two main categories: quick-relief medications (bronchodilators) and long-term control medications (inhalers). Quick-relief medications are used to relieve acute symptoms, while long-term control medications are used to prevent symptoms and inflammation.
2. **Lifestyle Modifications:** Lifestyle changes can help manage asthma symptoms, including:
	* Avoiding triggers such as allergens, tobacco smoke, and pollution
	* Maintaining a healthy weight
	* Engaging in regular physical activity
	* Getting adequate sleep
	* Managing stress
3. **Monitoring:** Regular monitoring of lung function, symptoms, and medication use is essential to adjust treatment plans as needed. This may involve:
	* Peak flow meter readings
	* Spirometry tests
	* Symptom diaries
	* Regular check-ups with a healthcare provider
4. **Action Plans:** Asthma action plans are personalized plans that outline steps to take when symptoms worsen or improve. These plans may include:
	* Increasing medication dosage
	* Changing medication type
	* Seeking medical attention

**Key Principles:**

1. **Control:** The primary goal of asthma management is to control symptoms and prevent exacerbations.
2. **Prevention:** Preventing asthma symptoms and exacerbations is more effective than treating them after they occur.
3. **Personalization:** Asthma management plans should be tailored to individual needs and circumstances.
4. **Collaboration:** Collaboration between patients, healthcare providers, and caregivers is essential for effective asthma management.

**Evidence-Based Guidelines:**

Asthma management guidelines are developed by reputable organizations, such as the Global Initiative for Asthma (GINA) and the National Asthma Education and Prevention Program (NAEPP). These guidelines provide evidence-based recommendations for asthma diagnosis, treatment, and management.

**Conclusion:**

Asthma management is a multifaceted approach that involves medication, lifestyle modifications, monitoring, and action plans. By following evidence-based guidelines and tailoring management plans to individual needs, individuals with asthma can effectively control symptoms and prevent exacerbations.",0.0,0.0,0.0,3244,2533,-711,15.317733990147785,19.31746031746032,3.999726327312535
Climate Migration in the Americas,0.8,0.8,0.8,0.8,0.6,0.4,0.8,0.8,0.8,0.8,0.6,climate action,"Climate migration in the Americas refers to the movement of people within and across national borders due to the impacts of climate change. This phenomenon is expected to increase in the coming decades as rising temperatures, changing precipitation patterns, and more frequent extreme weather events disrupt ecosystems, economies, and human settlements.

**Causes of Climate Migration in the Americas:**

1. **Sea-level rise**: Coastal erosion, flooding, and saltwater intrusion into freshwater sources are displacing communities in low-lying areas, such as Miami, Florida; New Orleans, Louisiana; and coastal regions of Mexico and Central America.
2. **Drought**: Prolonged droughts are affecting agricultural productivity, leading to food insecurity and economic hardship in areas like the American Southwest, the Great Plains, and parts of South America.
3. **Extreme weather events**: Hurricanes, wildfires, and heatwaves are causing destruction and displacement in various regions, including the Caribbean, the Gulf Coast, and the western United States.
4. **Changes in precipitation patterns**: Shifts in rainfall and snowfall patterns are altering water availability, affecting agriculture, and leading to water scarcity in areas like the Andean region and the Amazon basin.

**Examples of Climate Migration in the Americas:**

1. **Mexico**: Rising temperatures and changing precipitation patterns are affecting agriculture, leading to migration from rural areas to cities like Mexico City and Guadalajara.
2. **Central America**: Drought and extreme weather events are displacing communities in countries like Honduras, Guatemala, and El Salvador, with many seeking refuge in neighboring countries or the United States.
3. **United States**: Climate-related migration is occurring within the country, particularly in areas like Miami, Florida; New Orleans, Louisiana; and the American Southwest, where rising temperatures and sea-level rise are affecting coastal communities.
4. **Brazil**: Deforestation and drought are driving migration from rural areas to cities like São Paulo and Rio de Janeiro, while also contributing to the displacement of indigenous communities in the Amazon basin.

**Consequences of Climate Migration in the Americas:**

1. **Human rights concerns**: Climate migration raises concerns about the rights of displaced individuals, including access to food, water, shelter, and healthcare.
2. **Social and economic impacts**: Climate migration can lead to social and economic disruption, particularly in areas with limited resources and infrastructure.
3. **Environmental degradation**: Climate migration can also contribute to environmental degradation, as displaced individuals may seek to settle in areas with fragile ecosystems.
4. **Regional and national security concerns**: Climate migration can strain regional and national security, particularly if large numbers of people are displaced and seek refuge in neighboring countries or the United States.

**Addressing Climate Migration in the Americas:**

1. **Climate change mitigation**: Reducing greenhouse gas emissions and transitioning to renewable energy sources can help slow the pace of climate change and its impacts.
2. **Climate resilience and adaptation**: Investing in climate-resilient infrastructure, agriculture, and water management can help communities adapt to climate change and reduce the risk of displacement.
3. **Migration policies and planning**: Developing policies and plans to address climate migration can help ensure that displaced individuals receive the support and protection they need.
4. **International cooperation**: Collaboration among governments, international organizations, and civil society can help address the root causes of climate migration and provide support to affected communities.",,4.0,4.0,4.0,3821,0.0,16.08,0.0,"Climate migration in the Americas refers to the movement of people from one region to another within the continent, primarily due to the impacts of climate change. This phenomenon is characterized by the displacement of individuals and communities from areas experiencing increased frequency and severity of extreme weather events, such as hurricanes, droughts, and floods.

**Causes:**

1. **Sea-level rise**: Rising sea levels are causing coastal erosion, flooding, and saltwater intrusion into freshwater sources, making it difficult for people to live in these areas.
2. **Extreme weather events**: Increased frequency and intensity of hurricanes, droughts, and floods are displacing people from their homes and livelihoods.
3. **Temperature and precipitation changes**: Changes in temperature and precipitation patterns are altering the availability of water, land, and resources, making it challenging for people to sustain themselves.
4. **Food insecurity**: Climate-related impacts on agriculture and fisheries are leading to food shortages and economic instability.

**Effects:**

1. **Internal displacement**: People are moving within their own countries, often to urban areas, in search of safety, resources, and economic opportunities.
2. **Cross-border migration**: Climate migrants are also crossing international borders, often seeking refuge in neighboring countries or regions with more favorable climate conditions.
3. **Social and economic impacts**: Climate migration can lead to social and economic disruption, including loss of livelihoods, cultural heritage, and community cohesion.
4. **Human rights concerns**: Climate migrants often face challenges in accessing basic rights, such as healthcare, education, and social services.

**Examples:**

1. **Central America**: Rising sea levels and extreme weather events are displacing people from coastal communities in countries such as Honduras, Nicaragua, and El Salvador.
2. **Mexico**: Climate-related migration is also occurring within Mexico, particularly in the states of Chiapas and Oaxaca, where droughts and floods are affecting agriculture and water resources.
3. **United States**: Climate migration is also a concern in the United States, particularly in the Gulf Coast region, where sea-level rise and extreme weather events are displacing people from coastal communities.

**Policy responses:**

1. **Climate change adaptation and resilience**: Governments and international organizations are implementing measures to help communities adapt to climate change, such as sea walls, flood protection, and climate-resilient infrastructure.
2. **Migration and displacement policies**: Governments are developing policies to address climate migration, including provisions for climate-related displacement, migration, and asylum.
3. **International cooperation**: Regional and international cooperation is essential to address the transboundary nature of climate migration and to share knowledge, resources, and best practices.

Overall, climate migration in the Americas is a complex and multifaceted issue, requiring a comprehensive and coordinated response from governments, international organizations, and civil society.",0.0,0.0,0.0,3821,3203,-618,21.296143779445124,21.962091503267974,0.6659477238228497
Men's Social Media Influence,0.8,0.6,0.8,0.8,0.6,0.8,0.8,0.8,0.8,0.6,0.6,gender equality,"""Men's Social Media Influence"" refers to the phenomenon where men, particularly those who are influential or have a large following on social media, use their platforms to shape public opinion, promote their interests, and build their personal brand. This can include various aspects such as:

1. **Influencer Marketing**: Men who have built a significant following on social media platforms like Instagram, YouTube, or TikTok, often partner with brands to promote their products or services. They may receive free products, money, or other incentives in exchange for promoting them to their audience.
2. **Thought Leadership**: Men who are experts in their respective fields or have a strong opinion on a particular topic may use social media to share their insights, opinions, and expertise. This can help establish them as thought leaders in their industry or niche.
3. **Personal Branding**: Men who are looking to build their personal brand or establish themselves as experts in a particular area may use social media to promote themselves, share their experiences, and showcase their skills.
4. **Social Activism**: Men who are passionate about social justice, equality, or other social causes may use social media to raise awareness, mobilize support, and advocate for change.
5. **Celebrity Culture**: Men who are celebrities, athletes, or public figures may use social media to connect with their fans, share their experiences, and promote their work.

Some notable examples of men's social media influence include:

* **Influencers** like David Beckham, Dwayne ""The Rock"" Johnson, and Kevin Hart, who have millions of followers and partner with brands to promote their products.
* **Thought leaders** like Elon Musk, Richard Branson, and Mark Zuckerberg, who use social media to share their insights and opinions on various topics.
* **Personal branders** like Gary Vaynerchuk, Neil Patel, and Ryan Holiday, who use social media to promote themselves and their expertise.
* **Social activists** like Colin Kaepernick, LeBron James, and Russell Brand, who use social media to raise awareness and advocate for social justice.
* **Celebrities** like Justin Bieber, Harry Styles, and Shawn Mendes, who use social media to connect with their fans and promote their music.

Overall, men's social media influence is a powerful force that can shape public opinion, promote products and services, and build personal brands.",,4.0,4.0,4.0,2424,0.0,14.27,0.0,"Men's social media influence refers to the phenomenon where individuals, often men, accumulate a large following and exert significant influence on their online audience through social media platforms. This influence can manifest in various ways, including:

1. **Content creation**: Men's social media influencers create and share content, such as videos, images, or written posts, that resonate with their audience. This content may be related to their personal interests, expertise, or experiences.
2. **Audience engagement**: Influencers interact with their followers through comments, direct messages, or live streams, fostering a sense of community and connection.
3. **Brand partnerships**: Influencers collaborate with brands to promote products, services, or ideologies, often leveraging their credibility and audience reach to drive sales or awareness.
4. **Social movement participation**: Men's social media influencers may participate in or lead online social movements, advocating for causes, raising awareness, or mobilizing support.

The factors contributing to men's social media influence include:

1. **Demographics**: Men's social media influence often intersects with demographics such as age, income, education, and occupation.
2. **Content style**: Influencers who create engaging, high-quality, or provocative content tend to attract and retain larger audiences.
3. **Platform selection**: Men's social media influence is often concentrated on platforms like YouTube, Twitch, Instagram, or TikTok, which cater to specific interests or demographics.
4. **Network effects**: Influencers who build relationships with other influential individuals or groups can expand their reach and credibility.
5. **Algorithmic amplification**: Social media algorithms can amplify an influencer's content, making it more visible to a broader audience.

The consequences of men's social media influence include:

1. **Shaping public opinion**: Influencers can shape public opinion on various topics, from politics and social issues to consumer products and services.
2. **Driving consumer behavior**: Influencers can influence purchasing decisions, with some studies suggesting that up to 70% of consumers trust recommendations from influencers.
3. **Creating cultural trends**: Men's social media influence can contribute to the creation and dissemination of cultural trends, from fashion and beauty to music and entertainment.
4. **Raising awareness and funds**: Influencers can raise awareness and funds for social causes, charitable organizations, or personal projects.

It is essential to note that men's social media influence is not inherently positive or negative. Its impact depends on the context, content, and intentions of the influencer, as well as the audience's reception and interpretation of the information.",0.0,0.8632500171661377,0.8632500171661377,2424,2831,407,17.416094459582197,21.295129533678757,3.87903507409656
Safe Childbirth Practices,0.8,0.8,0.8,0.4,0.8,0.8,0.6,0.8,0.8,0.8,0.6,good health and well-being,"""Safe Childbirth Practices"" refers to a set of guidelines and protocols that aim to minimize the risks and complications associated with childbirth, ensuring a safe and healthy experience for both the mother and the baby. These practices are based on scientific evidence and are widely adopted by healthcare providers around the world. Here are some key aspects of safe childbirth practices:

1. **Prenatal Care**: Regular prenatal check-ups and screenings are essential to identify any potential complications or risks during pregnancy.
2. **Birth Planning**: Women should be involved in the planning of their birth, including discussing their preferences for pain management, labor positions, and other aspects of their care.
3. **Continuous Fetal Monitoring**: Electronic fetal monitoring (EFM) is used to continuously monitor the baby's heart rate during labor, allowing healthcare providers to quickly identify any potential issues.
4. **Active Management of the Third Stage of Labor**: This involves administering a medication to help the uterus contract and prevent excessive bleeding after delivery.
5. **Immediate Skin-to-Skin Contact**: Placing the baby on the mother's chest after birth, with skin-to-skin contact, has been shown to promote bonding, breastfeeding, and a range of other benefits.
6. **Delayed Umbilical Cord Clamping**: Allowing the umbilical cord to remain attached for at least 30-60 seconds after birth can help increase the baby's iron stores and reduce the risk of anemia.
7. **Breastfeeding Support**: Breastfeeding is encouraged and supported, as it provides numerous benefits for both the mother and the baby.
8. **Pain Management**: Women should have access to a range of pain management options, including non-pharmacological methods like breathing techniques, massage, and hydrotherapy.
9. **Vaginal Delivery**: Vaginal delivery is generally considered the safest and most natural method of delivery, unless there are specific medical indications for a cesarean section.
10. **Cesarean Section (C-Section) Criteria**: C-sections should only be performed when medically indicated, and women should be informed of the risks and benefits associated with this procedure.
11. **Infection Prevention**: Strict infection control measures should be in place to prevent the spread of infections during childbirth.
12. **Resuscitation and Newborn Care**: Healthcare providers should be trained and equipped to provide immediate resuscitation and care for newborns, if needed.
13. **Postpartum Care**: Women should receive comprehensive postpartum care, including emotional support, physical recovery, and breastfeeding support.
14. **Reducing Interventions**: Healthcare providers should strive to minimize unnecessary interventions, such as episiotomies, forceps, and vacuum extraction, unless medically indicated.
15. **Continuous Quality Improvement**: Healthcare providers should regularly review and improve their practices to ensure that they are providing the best possible care for women and their babies.

By following these safe childbirth practices, healthcare providers can help minimize the risks and complications associated with childbirth, promoting a healthy and positive experience for both the mother and the baby.",,4.0,4.0,4.0,3261,0.0,16.09,0.0,"Safe childbirth practices refer to the implementation of evidence-based guidelines and protocols to minimize the risk of complications and adverse outcomes during pregnancy, childbirth, and the postpartum period. These practices aim to ensure the health and well-being of both the mother and the newborn.

Key components of safe childbirth practices include:

1. **Prenatal care**: Regular prenatal check-ups and screenings to monitor the mother's health and detect any potential complications early on.
2. **Birth planning**: Developing a birth plan that outlines the mother's preferences and expectations for labor, delivery, and postpartum care.
3. **Labor support**: Providing emotional and physical support to the mother during labor, including pain management options and positioning.
4. **Monitoring and surveillance**: Continuous monitoring of the mother's and baby's vital signs, including fetal heart rate monitoring and maternal blood pressure monitoring.
5. **Interventions and procedures**: Implementing evidence-based interventions and procedures, such as episiotomy, cesarean section, and instrumental delivery, only when medically necessary.
6. **Infection control**: Adhering to strict infection control protocols to prevent the transmission of infections, such as group B strep and HIV.
7. **Newborn care**: Providing immediate and thorough care to the newborn, including weighing, measuring, and assessing for any potential complications.
8. **Postpartum care**: Providing comprehensive postpartum care, including pain management, wound care, and emotional support.

Safe childbirth practices also involve:

1. **Evidence-based guidelines**: Adhering to guidelines and protocols developed by reputable organizations, such as the American College of Obstetricians and Gynecologists (ACOG) and the World Health Organization (WHO).
2. **Continuous quality improvement**: Regularly reviewing and updating policies and procedures to ensure they are aligned with the latest evidence and best practices.
3. **Staff training and education**: Providing ongoing education and training for healthcare providers to ensure they are equipped to provide safe and effective care.
4. **Patient education**: Educating patients about their options, risks, and benefits, as well as providing them with information on how to prepare for childbirth and postpartum care.

By implementing these safe childbirth practices, healthcare providers can minimize the risk of complications and adverse outcomes, ensuring a safe and healthy experience for both mothers and newborns.",0.0,0.0,0.0,3261,2568,-693,20.038596491228073,20.742332539952397,0.7037360487243234
Biofeedback for Stress in Seniors,0.6,0.6,0.8,0.4,0.2,0.8,0.4,0.8,0.8,0.6,0.6,good health and well-being,"""Biofeedback for Stress in Seniors"" is a therapeutic approach that combines the use of biofeedback technology with stress management techniques to help older adults (seniors) manage stress, anxiety, and other related health issues. Here's a detailed explanation:

**What is Biofeedback?**

Biofeedback is a type of therapy that uses sensors to monitor and provide feedback on a person's physiological responses, such as heart rate, blood pressure, skin temperature, and muscle tension. This feedback is then used to teach individuals how to control and regulate their bodily responses, promoting relaxation and reducing stress.

**How does Biofeedback for Stress in Seniors work?**

In the context of stress management for seniors, biofeedback typically involves the following steps:

1. **Initial Assessment**: A healthcare professional assesses the senior's stress levels, anxiety, and overall well-being.
2. **Sensor Placement**: Sensors are attached to the senior's body to monitor physiological responses, such as heart rate, skin temperature, and muscle tension.
3. **Feedback Training**: The senior is taught how to interpret the feedback from the sensors, which helps them become aware of their bodily responses and learn to control them.
4. **Relaxation Techniques**: The senior is taught various relaxation techniques, such as deep breathing, progressive muscle relaxation, and visualization, to help manage stress and anxiety.
5. **Practice and Reinforcement**: The senior practices the relaxation techniques and receives feedback on their progress, with the goal of developing self-regulation skills.

**Benefits of Biofeedback for Stress in Seniors**

Research has shown that biofeedback can be an effective treatment for stress, anxiety, and related health issues in seniors, including:

1. **Reduced stress and anxiety**: Biofeedback has been shown to decrease stress and anxiety levels in seniors.
2. **Improved sleep**: By teaching relaxation techniques, biofeedback can help seniors improve their sleep quality.
3. **Enhanced cognitive function**: Biofeedback has been linked to improved cognitive function and reduced risk of dementia in older adults.
4. **Increased self-efficacy**: Seniors who participate in biofeedback training often report increased confidence in their ability to manage stress and anxiety.

**Who can benefit from Biofeedback for Stress in Seniors?**

Biofeedback for stress in seniors can be beneficial for:

1. **Individuals with chronic stress**: Seniors who experience chronic stress, anxiety, or depression may benefit from biofeedback.
2. **Those with age-related health issues**: Seniors with age-related health issues, such as hypertension, diabetes, or cardiovascular disease, may benefit from biofeedback to manage stress and improve overall health.
3. **Caregivers and family members**: Biofeedback can also be beneficial for caregivers and family members who provide care for seniors, as it can help them manage their own stress and anxiety.

In summary, biofeedback for stress in seniors is a non-invasive, evidence-based approach that combines the use of biofeedback technology with stress management techniques to help older adults manage stress, anxiety, and related health issues.",,4.0,4.0,3.0,3239,0.0,12.96,0.0,"Biofeedback for stress in seniors is a non-invasive, evidence-based technique that utilizes physiological data to help older adults manage stress and anxiety. The process involves the use of sensors and equipment to monitor and display various physiological responses, such as heart rate, blood pressure, and skin temperature, in real-time.

The goal of biofeedback is to enable seniors to become aware of their physiological responses to stress and learn to self-regulate them. This is achieved through a process of feedback, where the individual is presented with information about their physiological state, allowing them to make conscious adjustments to their behavior and reduce stress.

The biofeedback process typically involves the following steps:

1. Initial assessment: A healthcare professional assesses the senior's physiological responses to stress, such as heart rate and blood pressure.
2. Equipment setup: Sensors and equipment are attached to the senior's body to monitor and display physiological responses in real-time.
3. Training: The senior is taught to recognize and interpret the physiological data, and to make conscious adjustments to their behavior to reduce stress.
4. Practice: The senior practices biofeedback exercises, such as relaxation techniques, breathing exercises, and physical relaxation, to learn to self-regulate their physiological responses.

Research has shown that biofeedback can be an effective treatment for stress and anxiety in seniors, with benefits including:

* Reduced blood pressure and heart rate
* Improved sleep quality
* Enhanced mood and reduced symptoms of depression
* Improved cognitive function and memory

The mechanisms by which biofeedback reduces stress in seniors are not fully understood, but are thought to involve:

* Increased awareness of physiological responses to stress
* Improved self-regulation of physiological responses
* Reduced sympathetic nervous system activity
* Increased parasympathetic nervous system activity

Biofeedback for stress in seniors is typically provided by healthcare professionals, such as psychologists, nurses, or physiotherapists, who have received specialized training in biofeedback techniques. The treatment is usually conducted in a clinical setting, although some programs may offer home-based or group-based biofeedback sessions.

Overall, biofeedback for stress in seniors is a non-invasive, evidence-based treatment that can help older adults manage stress and anxiety, and improve their overall quality of life.",0.0,0.0,0.0,3239,2527,-712,17.674517604933364,22.634482758620692,4.959965153687328
Climate Change and Agricultural Productivity,0.8,0.8,0.8,0.8,0.8,0.4,0.8,0.8,0.8,0.8,0.6,climate action,"Climate change and agricultural productivity are closely linked, and understanding this relationship is crucial for ensuring global food security and sustainable agriculture practices.

**Impact of Climate Change on Agriculture:**

Climate change affects agriculture in several ways:

1. **Temperature Increase:** Rising temperatures alter the growing seasons, affecting the timing and duration of crop growth. This can lead to:
	* Earlier springs, which can cause crops to mature too quickly, making them more susceptible to pests and diseases.
	* Warmer summers, which can lead to droughts and heat stress, reducing crop yields.
	* Cooler winters, which can cause crops to mature too slowly, reducing yields.
2. **Changing Precipitation Patterns:** Shifts in precipitation patterns can lead to:
	* Droughts, which can reduce crop yields and affect water availability.
	* Floods, which can damage crops and infrastructure.
	* Increased frequency of extreme weather events, such as heavy rainfall and hail.
3. **Increased Frequency of Extreme Weather Events:** Climate change is linked to an increase in extreme weather events, such as:
	* Heatwaves, which can cause crop damage and reduce yields.
	* Droughts, which can lead to crop failure and reduced water availability.
	* Floods, which can damage crops and infrastructure.
4. **Shifts in Growing Seasons:** Changes in temperature and precipitation patterns can cause growing seasons to shift, affecting the timing of crop growth and the availability of water and nutrients.

**Consequences for Agricultural Productivity:**

The impacts of climate change on agriculture can lead to:

1. **Reduced Crop Yields:** Climate-related stress can reduce crop yields, affecting food security and economic stability.
2. **Changes in Crop Distribution:** Changes in temperature and precipitation patterns can alter the suitability of different regions for specific crops, affecting agricultural productivity and food security.
3. **Increased Food Insecurity:** Climate-related impacts on agriculture can lead to food insecurity, particularly in vulnerable communities.
4. **Economic Impacts:** Climate-related impacts on agriculture can have significant economic implications, affecting farmers, agricultural businesses, and the broader economy.

**Adaptation and Resilience Strategies:**

To mitigate the impacts of climate change on agriculture, farmers and agricultural systems can adopt:

1. **Climate-Smart Agriculture (CSA):** CSA involves using climate information to inform agricultural decisions, such as planting dates, crop selection, and irrigation management.
2. **Drought-Tolerant Crops:** Developing and using drought-tolerant crops can help farmers adapt to changing precipitation patterns.
3. **Irrigation Management:** Improving irrigation management can help farmers conserve water and reduce the impacts of droughts.
4. **Soil Conservation:** Implementing soil conservation practices, such as terracing and mulching, can help reduce soil erosion and improve soil health.
5. **Crop Insurance:** Crop insurance can provide financial protection for farmers against crop losses due to climate-related events.

**Conclusion:**

Climate change and agricultural productivity are closely linked, and understanding this relationship is crucial for ensuring global food security and sustainable agriculture practices. By adopting adaptation and resilience strategies, farmers and agricultural systems can mitigate the impacts of climate change and ensure a more food-secure future.",,4.0,4.0,4.0,3534,0.7179402709007263,12.17,0.0,"Climate change refers to the long-term warming of the planet, primarily caused by human activities that release greenhouse gases, such as carbon dioxide and methane, into the atmosphere. This phenomenon is expected to have significant impacts on agricultural productivity worldwide.

**Temperature and Precipitation Changes**

Rising temperatures and altered precipitation patterns are projected to affect crop growth and yields. Warmer temperatures can lead to increased evapotranspiration, resulting in drought conditions in some areas and excessive moisture in others. Changes in precipitation patterns can also disrupt the timing and duration of growing seasons, making it challenging for farmers to plan and manage their crops.

**Impacts on Crop Yields**

Studies have shown that climate change can lead to reduced crop yields, particularly for staple crops such as maize, wheat, and rice. This is due to various factors, including:

1. **Heat stress**: High temperatures can damage crops, leading to reduced yields and lower quality.
2. **Drought**: Changes in precipitation patterns can lead to drought conditions, which can severely impact crop growth and yields.
3. **Water scarcity**: Changes in precipitation and temperature can lead to reduced water availability, making it challenging for farmers to irrigate their crops.
4. **Shifts in growing seasons**: Changes in temperature and precipitation patterns can cause growing seasons to shift, making it difficult for farmers to adapt.

**Regional Variations**

The impacts of climate change on agricultural productivity vary by region. Some areas, such as high-latitude regions, may experience increased crop yields due to longer growing seasons and warmer temperatures. However, many tropical and subtropical regions are expected to experience reduced crop yields due to increased temperatures and altered precipitation patterns.

**Adaptation and Mitigation Strategies**

To mitigate the impacts of climate change on agricultural productivity, farmers and policymakers can implement various strategies, including:

1. **Crop selection and breeding**: Developing crops that are more resilient to changing climate conditions.
2. **Irrigation management**: Improving irrigation systems and water management practices to reduce water waste and optimize water use.
3. **Soil conservation**: Implementing conservation tillage and cover cropping to reduce soil erosion and improve soil health.
4. **Climate-smart agriculture**: Integrating climate change projections into agricultural planning and decision-making.

**Conclusion**

Climate change is expected to have significant impacts on agricultural productivity worldwide. Rising temperatures and altered precipitation patterns can lead to reduced crop yields, making it essential for farmers and policymakers to implement adaptation and mitigation strategies to ensure food security and sustainable agricultural practices.",0.7179402709007263,0.0,-0.7179402709007263,3534,2935,-599,17.352310958680388,17.92581453634085,0.573503577660464
Disability and Body Autonomy,0.6,0.8,0.8,0.6,0.6,0.8,0.8,0.8,0.8,0.8,0.6,gender equality,"""Disability and Body Autonomy"" is a complex and multifaceted concept that intersects with various fields, including disability studies, bioethics, and feminist theory. Here's a breakdown of the key ideas:

**Body Autonomy:**
Body autonomy refers to an individual's right to control and make decisions about their own body, including their physical and reproductive health. It encompasses the freedom to choose what happens to one's body, free from coercion, manipulation, or exploitation.

**Disability and Body Autonomy:**
The intersection of disability and body autonomy highlights the ways in which societal attitudes and policies can restrict or deny the autonomy of people with disabilities. People with disabilities often face significant barriers to exercising control over their own bodies, including:

1. **Medical paternalism:** Healthcare providers may assume that people with disabilities are incapable of making informed decisions about their own care, leading to paternalistic treatment and a lack of autonomy.
2. **Coercive interventions:** People with disabilities may be subjected to coercive interventions, such as forced sterilization, institutionalization, or other forms of medical or social control, without their consent.
3. **Lack of accessible information:** People with disabilities may face barriers to accessing information about their own bodies and health, making it difficult for them to make informed decisions.
4. **Societal stigma and ableism:** The stigma and ableism that people with disabilities face can lead to a lack of autonomy, as they may be seen as less capable or less deserving of control over their own bodies.

**Key issues:**

1. **Consent and capacity:** The concept of consent and capacity is often applied differently to people with disabilities, leading to concerns about their autonomy and decision-making abilities.
2. **Disability and reproductive rights:** People with disabilities, particularly women and girls, may face significant barriers to accessing reproductive healthcare and making decisions about their own bodies.
3. **Accessible healthcare:** The lack of accessible healthcare and healthcare providers who are knowledgeable about disability can exacerbate the challenges faced by people with disabilities in exercising body autonomy.
4. **Disability and self-determination:** The intersection of disability and body autonomy raises questions about self-determination and the right to make choices about one's own life, including one's own body.

**Important principles:**

1. **Self-determination:** People with disabilities have the right to make decisions about their own bodies and lives, free from coercion or manipulation.
2. **Autonomy and agency:** People with disabilities should be empowered to exercise control over their own bodies and lives, with access to information, resources, and support.
3. **Inclusive and accessible healthcare:** Healthcare providers should be trained to provide inclusive and accessible care that respects the autonomy and decision-making abilities of people with disabilities.
4. **Disability-led advocacy:** People with disabilities should be at the forefront of advocating for their own rights and interests, including their right to body autonomy.

In summary, the intersection of disability and body autonomy highlights the need for a more inclusive and accessible approach to healthcare, decision-making, and self-determination. It emphasizes the importance of respecting the autonomy and agency of people with disabilities, and promoting a society that values and supports their right to control their own bodies and lives.",,4.0,4.0,4.0,3637,0.0,14.73,0.0,"Disability and Body Autonomy refer to the concept of individuals with disabilities having control over their own bodies and making decisions about their physical and medical care.

**Definition:**

Body Autonomy is the ability to make decisions about one's own body, free from coercion or undue influence. It encompasses the right to self-determination, self-expression, and self-care.

**Disability and Body Autonomy:**

Individuals with disabilities often face challenges in exercising body autonomy due to various factors, including:

1. **Medical paternalism:** Healthcare providers may make decisions on behalf of individuals with disabilities, without their full consent or involvement.
2. **Lack of accessibility:** Environmental barriers, such as inaccessible buildings or transportation, can limit an individual's ability to make choices about their own care.
3. **Societal stigma:** Negative attitudes and stereotypes about disability can lead to marginalization and exclusion, making it difficult for individuals with disabilities to assert their autonomy.
4. **Power imbalances:** Individuals with disabilities may be more vulnerable to exploitation or manipulation, particularly in situations where they rely on others for care or support.

**Key Issues:**

1. **Consent and decision-making:** Individuals with disabilities have the right to provide informed consent for medical treatment, including decisions about their own care and well-being.
2. **Accessibility and inclusion:** Ensuring that environments and services are accessible and inclusive can help individuals with disabilities exercise their autonomy.
3. **Support and advocacy:** Providing support and advocacy for individuals with disabilities can help them navigate complex systems and assert their rights.

**Theoretical Frameworks:**

1. **Social Model of Disability:** This framework emphasizes the social and environmental barriers that create disability, rather than the individual's impairment.
2. **Disability Rights Movement:** This movement advocates for the rights and autonomy of individuals with disabilities, including the right to self-determination and self-expression.

**Implications:**

1. **Empowerment:** Recognizing and respecting the autonomy of individuals with disabilities can lead to greater empowerment and self-advocacy.
2. **Inclusive policies:** Implementing policies and practices that promote accessibility and inclusion can help individuals with disabilities exercise their autonomy.
3. **Healthcare reform:** Reforming healthcare systems to prioritize patient-centered care and informed consent can help address issues of body autonomy for individuals with disabilities.

In conclusion, Disability and Body Autonomy are complex and multifaceted issues that require a nuanced understanding of the social, environmental, and individual factors at play. By recognizing and addressing these factors, we can work towards creating a more inclusive and empowering environment for individuals with disabilities.",0.0,0.6225160360336304,0.6225160360336304,3637,3017,-620,20.927071102413567,22.077215189873417,1.15014408745985
Zero-Waste Goals for International Events,0.6,0.8,0.8,0.6,0.8,0.8,0.6,0.8,0.8,0.6,0.6,climate action,"""Zero-Waste Goals for International Events"" refers to the ambitious objective of hosting large-scale international events, such as conferences, festivals, or sporting events, without generating any waste that ends up in landfills or oceans. This goal is aligned with the United Nations' Sustainable Development Goals (SDGs), particularly SDG 12, which aims to ""ensure sustainable consumption and production patterns.""

To achieve zero-waste goals for international events, organizers and stakeholders must adopt a holistic approach that involves:

1. **Waste reduction**: Minimizing the amount of waste generated in the first place by using reusable materials, reducing packaging, and avoiding single-use plastics.
2. **Waste management**: Implementing effective waste management systems that sort, collect, and process waste in a responsible manner.
3. **Recycling and composting**: Ensuring that recyclable materials are collected and processed, and organic waste is composted to create nutrient-rich soil.
4. **Circular economy principles**: Encouraging the reuse and recycling of materials, and promoting the sharing of resources to minimize waste.
5. **Community engagement**: Educating attendees, staff, and local communities about the importance of waste reduction and management.
6. **Supply chain management**: Working with suppliers to ensure that they use sustainable practices and provide eco-friendly products.
7. **Monitoring and evaluation**: Tracking waste generation and management throughout the event to identify areas for improvement.

Some strategies to achieve zero-waste goals for international events include:

1. **Using reusable materials**: Providing reusable cups, plates, and utensils, and encouraging attendees to bring their own reusable containers.
2. **Implementing a ""take-back"" system**: Collecting and recycling materials such as plastic bottles, cans, and cardboard.
3. **Composting food waste**: Setting up composting facilities to turn food waste into nutrient-rich soil.
4. **Reducing paper usage**: Using digital materials, such as e-programmes and e-tickets, to minimize paper waste.
5. **Partnering with local organizations**: Collaborating with local waste management organizations and environmental groups to ensure that waste is handled responsibly.
6. **Providing education and awareness**: Offering workshops, seminars, and interactive displays to educate attendees about the importance of waste reduction and management.
7. **Setting up a ""zero-waste"" station**: Creating a designated area where attendees can deposit their waste and receive information about sustainable practices.

By adopting these strategies, international events can significantly reduce their environmental impact, promote sustainable practices, and set a positive example for attendees and the wider community.

**Benefits of achieving zero-waste goals for international events:**

1. **Reduced environmental impact**: Minimizing waste and promoting sustainable practices helps to protect the environment and conserve natural resources.
2. **Cost savings**: Reducing waste and implementing efficient waste management systems can lead to cost savings for event organizers.
3. **Enhanced reputation**: Demonstrating a commitment to sustainability and zero-waste goals can enhance an event's reputation and attract environmentally conscious attendees.
4. **Increased community engagement**: Educating attendees and local communities about sustainable practices can foster a sense of community and promote environmental awareness.
5. **Improved public image**: Hosting a zero-waste event can improve an organization's public image and demonstrate its commitment to sustainability.

Overall, achieving zero-waste goals for international events requires a collaborative effort from event organizers, stakeholders, and attendees. By working together, we can create a more sustainable and environmentally conscious event industry.",,4.0,4.0,4.0,3945,0.5293496251106262,15.17,0.0,"Zero-waste goals for international events refer to the objective of minimizing or eliminating waste generated during the planning, execution, and conclusion of an event. This concept is often applied to large-scale events such as conferences, festivals, and exhibitions that attract international attendees.

The primary goal of zero-waste events is to reduce the environmental impact of the event by minimizing waste generation, increasing recycling rates, and promoting sustainable practices. This is achieved through a combination of planning, design, and operational strategies.

Key strategies for achieving zero-waste goals include:

1. **Waste reduction**: Minimizing the use of single-use plastics, paper, and other materials that contribute to waste generation.
2. **Recycling and composting**: Implementing recycling and composting programs to divert waste from landfills and reduce the amount of waste sent to incinerators.
3. **Sustainable procurement**: Sourcing materials and supplies from environmentally responsible suppliers.
4. **Event design**: Designing the event layout and activities to minimize waste generation and promote sustainable practices.
5. **Education and awareness**: Educating attendees, staff, and vendors about the importance of reducing waste and promoting sustainable practices.

To achieve zero-waste goals, event organizers may also implement various initiatives, such as:

1. **Zero-waste policies**: Establishing policies that prohibit single-use plastics, Styrofoam, and other non-biodegradable materials.
2. **Waste tracking**: Monitoring and tracking waste generation to identify areas for improvement.
3. **Partnerships and collaborations**: Collaborating with local organizations, suppliers, and vendors to promote sustainable practices and reduce waste.
4. **Attendee engagement**: Encouraging attendees to participate in waste reduction efforts through education, incentives, and feedback mechanisms.

The benefits of zero-waste goals for international events include:

1. **Reduced environmental impact**: Minimizing waste generation and promoting sustainable practices can reduce the event's carbon footprint and contribute to a more sustainable future.
2. **Cost savings**: Reducing waste generation and increasing recycling rates can also lead to cost savings for event organizers.
3. **Enhanced reputation**: Demonstrating a commitment to sustainability and reducing waste can enhance the event's reputation and appeal to environmentally conscious attendees.

Overall, zero-waste goals for international events aim to minimize waste generation, promote sustainable practices, and contribute to a more environmentally responsible future.",0.5293496251106262,0.0,-0.5293496251106262,3945,2691,-1254,21.22186263933837,21.02404624277457,-0.19781639656379824
Mental health days in the workplace,0.8,0.6,0.8,0.8,0.6,0.8,0.8,0.8,0.8,0.4,0.6,good health and well-being,"""Mental health days in the workplace"" refers to the practice of allowing employees to take a day off from work to focus on their mental health and well-being. This concept has gained significant attention in recent years, particularly in the wake of growing awareness about mental health and the importance of prioritizing employee well-being.

**Why are mental health days important in the workplace?**

1. **Reducing stigma**: By acknowledging and supporting mental health days, employers can help reduce the stigma associated with mental health issues.
2. **Improving productivity**: Taking a mental health day can help employees recharge and return to work with renewed energy and focus, leading to improved productivity.
3. **Enhancing employee engagement**: By providing a supportive work environment, employers can foster a sense of trust and loyalty among employees, leading to increased job satisfaction and engagement.
4. **Supporting employee well-being**: Mental health days can help employees manage stress, anxiety, and other mental health concerns, promoting overall well-being and reducing absenteeism.

**How do mental health days work in the workplace?**

1. **Flexible leave policies**: Employers can offer flexible leave policies that allow employees to take a mental health day without needing to provide a doctor's note or justification.
2. **Designated mental health days**: Some companies designate specific days or weeks as mental health days, encouraging employees to take a break and prioritize their well-being.
3. **Employee support programs**: Employers can provide access to employee assistance programs (EAPs), mental health resources, and counseling services to support employees' mental health needs.
4. **Manager training**: Managers can receive training on recognizing and responding to mental health concerns, creating a supportive work environment.

**Benefits for employers**

1. **Reduced turnover**: By supporting employee mental health, employers can reduce turnover rates and improve employee retention.
2. **Improved morale**: A supportive work environment can boost employee morale and create a positive company culture.
3. **Increased productivity**: By prioritizing employee well-being, employers can improve productivity and reduce absenteeism.
4. **Enhanced reputation**: Employers that prioritize mental health can enhance their reputation as a supportive and caring organization.

**Challenges and considerations**

1. **Policy development**: Employers must develop policies and procedures for mental health days, ensuring consistency and fairness.
2. **Manager training**: Managers need training on recognizing and responding to mental health concerns.
3. **Confidentiality**: Employers must maintain confidentiality when discussing employee mental health concerns.
4. **Integration with existing policies**: Mental health days should be integrated with existing leave policies and procedures.

Overall, mental health days in the workplace can be a valuable tool for promoting employee well-being, reducing stigma, and improving productivity. By prioritizing mental health, employers can create a supportive work environment that benefits both employees and the organization as a whole.",,4.0,4.0,4.0,3238,0.5596665143966675,13.18,0.0,"Mental health days in the workplace refer to a policy or practice where employees are allowed to take a day off from work to focus on their mental health and well-being. This concept has gained attention in recent years as a way to promote employee mental health and reduce stigma around mental illness.

**Definition:** A mental health day is a day off from work that is taken by an employee to recharge, relax, and prioritize their mental health. It is not necessarily a sick day, but rather a proactive measure to prevent burnout and maintain productivity.

**Purpose:** The primary purpose of mental health days is to provide employees with a break from the demands of work, allowing them to recharge and return to work with renewed energy and focus. This can help to:

1. Reduce stress and burnout
2. Improve employee well-being and job satisfaction
3. Increase productivity and performance
4. Foster a culture of mental health support and awareness

**Implementation:** Mental health days can be implemented in various ways, including:

1. Designating specific days or hours for mental health breaks
2. Allowing employees to take a mental health day without penalty or consequence
3. Providing resources and support for employees to manage their mental health
4. Encouraging open communication and discussion about mental health

**Benefits:** Research suggests that mental health days can have several benefits for employees and employers, including:

1. Improved employee retention and reduced turnover
2. Increased productivity and job satisfaction
3. Better work-life balance and reduced stress
4. Enhanced employer reputation and brand

**Challenges:** Implementing mental health days can also present challenges, such as:

1. Managing employee expectations and boundaries
2. Ensuring that employees are not abusing the policy
3. Balancing the needs of employees with the demands of the business
4. Addressing potential stigma or negative attitudes towards mental health days

**Best practices:** To effectively implement mental health days, employers can consider the following best practices:

1. Communicate clearly and transparently about the policy and its expectations
2. Provide resources and support for employees to manage their mental health
3. Foster a culture of open communication and discussion about mental health
4. Monitor and evaluate the effectiveness of the policy.

Overall, mental health days in the workplace aim to promote employee well-being, reduce stigma around mental illness, and improve productivity and job satisfaction.",0.5596665143966675,0.7060679793357849,0.14640146493911743,3238,2562,-676,19.572949586155005,14.820313096601758,-4.752636489553247
Climate Change and Geomorphology,0.6,0.8,0.8,0.8,0.8,0.4,0.8,0.8,0.8,0.8,0.6,climate action,"A fascinating and complex topic! Climate change and geomorphology are closely linked, as changes in the Earth's climate can significantly impact the formation and evolution of landscapes. Here's a detailed explanation:

**What is Geomorphology?**

Geomorphology is the study of the Earth's physical features and processes that shape the landscape. It encompasses the study of landforms, landscapes, and the processes that create and modify them, such as erosion, deposition, weathering, and tectonics.

**What is Climate Change?**

Climate change refers to the long-term warming of the planet, primarily caused by human activities that release greenhouse gases, such as carbon dioxide and methane, into the atmosphere. These gases trap heat and lead to an increase in global temperatures, altering the Earth's climate.

**Link between Climate Change and Geomorphology**

Climate change affects geomorphology in several ways:

1. **Changes in precipitation patterns**: Shifts in precipitation patterns can lead to changes in the amount and frequency of water flowing through rivers, streams, and wetlands. This can result in increased erosion, sediment transport, and deposition, altering the landscape.
2. **Sea-level rise**: As the climate warms, glaciers and ice sheets melt, causing sea levels to rise. This can lead to coastal erosion, flooding, and saltwater intrusion into freshwater sources.
3. **Increased frequency and severity of extreme weather events**: Climate change can lead to more frequent and intense storms, droughts, and heatwaves, which can cause significant geomorphic changes, such as landslides, floods, and soil erosion.
4. **Changes in vegetation and land use**: Climate change can alter the distribution and abundance of plant species, leading to changes in soil stability, erosion rates, and land use patterns.
5. **Permafrost thaw**: In high-latitude regions, the thawing of permafrost can lead to the release of methane and carbon dioxide, as well as changes in soil stability and landscape morphology.

**Examples of Climate Change and Geomorphology**

1. **Coastal erosion and flooding**: Rising sea levels and increased storm intensity are causing coastal erosion and flooding in many parts of the world, such as Miami Beach, Florida, and the Maldives.
2. **Glacier retreat**: The retreat of glaciers in the Himalayas and other mountain ranges is altering the landscape, changing the distribution of water resources, and affecting local ecosystems.
3. **Drought and desertification**: Changes in precipitation patterns and increased temperatures are leading to drought and desertification in regions such as the American Southwest and the Sahel in Africa.
4. **Landslides and soil erosion**: Increased frequency and severity of storms are causing landslides and soil erosion in many parts of the world, such as in the Himalayas and the Appalachian Mountains.

**Implications and Consequences**

The link between climate change and geomorphology has significant implications for:

1. **Human settlements and infrastructure**: Changes in the landscape can lead to the destruction of buildings, roads, and other infrastructure.
2. **Water resources**: Changes in precipitation patterns and sea-level rise can impact the availability and quality of water resources.
3. **Ecosystems and biodiversity**: Changes in the landscape can lead to the loss of habitats and the extinction of plant and animal species.
4. **Economic and social impacts**: Climate change and geomorphology can have significant economic and social impacts, such as displacement of communities, loss of livelihoods, and increased risk of natural disasters.

In conclusion, climate change and geomorphology are closely linked, and understanding these relationships is essential for mitigating and adapting to the impacts of climate change on the Earth's physical features and processes.",,4.0,4.0,4.0,3883,0.9393479228019714,13.17,0.0,"Climate change and geomorphology are interconnected fields of study that examine the relationship between the Earth's physical landscape and the effects of climate variability on the planet's surface.

**Geomorphology** is the scientific study of the Earth's physical landscape, including the processes that shape and modify the planet's surface. Geomorphologists investigate the formation and evolution of landforms, such as mountains, valleys, and coastlines, and the processes that control their development, including erosion, deposition, and tectonic activity.

**Climate Change**, on the other hand, refers to the long-term warming of the planet due to the increasing levels of greenhouse gases in the atmosphere, primarily carbon dioxide (CO2) and methane (CH4). This warming is caused by human activities, such as the burning of fossil fuels, deforestation, and land-use changes, which release large amounts of CO2 and other greenhouse gases into the atmosphere.

The relationship between climate change and geomorphology is complex and multifaceted. Rising temperatures and changing precipitation patterns due to climate change can alter the rates and patterns of geomorphic processes, such as:

1. **Erosion**: Increased rainfall and storm intensity can lead to more rapid erosion of landscapes, including the loss of soil, sediment, and rock.
2. **Deposition**: Changes in precipitation patterns and sea levels can affect the deposition of sediment and the formation of new landforms, such as deltas and beaches.
3. **Tectonic activity**: Climate change can influence the rate and style of tectonic activity, including the formation of mountains and the movement of faults.
4. **Coastal processes**: Rising sea levels and increased storm intensity can lead to more frequent and severe coastal erosion and flooding.

In turn, geomorphic processes can also influence climate change by:

1. **Releasing greenhouse gases**: Erosion and deposition of sediment can release stored carbon, contributing to the increase in atmospheric CO2 levels.
2. **Altering land use**: Changes in land use and land cover, such as deforestation and urbanization, can affect the amount of carbon stored in vegetation and soils.
3. **Affecting water cycles**: Geomorphic processes can influence the water cycle, including the formation of lakes, rivers, and wetlands, which can in turn affect the global water balance and climate patterns.

In summary, climate change and geomorphology are interconnected fields of study that examine the complex relationships between the Earth's physical landscape and the effects of climate variability on the planet's surface. Understanding these relationships is essential for predicting and mitigating the impacts of climate change on the environment and human societies.",0.9393479228019714,0.0,-0.9393479228019714,3883,2795,-1088,16.154248366013075,18.41677344205009,2.262525076037015
Sex Education in Schools,0.8,0.6,0.8,0.8,0.2,0.6,0.8,0.8,0.8,0.4,0.6,gender equality,"Sex education in schools is an educational program that aims to provide students with accurate and comprehensive information about human sexuality, relationships, and reproductive health. The goal of sex education is to help students develop the knowledge, skills, and attitudes necessary to make informed decisions about their own health, well-being, and relationships.

**Why is sex education important?**

Sex education is essential for several reasons:

1. **Prevention of unintended pregnancies**: By providing accurate information about human reproduction, sex education can help students avoid unintended pregnancies and sexually transmitted infections (STIs).
2. **Promoting healthy relationships**: Sex education can help students develop healthy attitudes towards relationships, intimacy, and communication.
3. **Reducing STIs and HIV**: By educating students about safe sex practices, sex education can help reduce the transmission of STIs and HIV.
4. **Empowering students**: Sex education can empower students to make informed decisions about their own health and well-being.
5. **Addressing bullying and harassment**: Sex education can also address issues related to bullying and harassment, particularly in the context of LGBTQ+ students.

**What topics are typically covered in sex education?**

The specific topics covered in sex education programs can vary depending on the country, culture, and age group of the students. However, some common topics include:

1. **Human anatomy and physiology**: Understanding the male and female reproductive systems, puberty, and human development.
2. **Sexual health and hygiene**: Information about STIs, HIV, and safe sex practices.
3. **Relationships and communication**: Building healthy relationships, communication skills, and conflict resolution.
4. **Consent and boundaries**: Understanding the importance of consent, boundaries, and respect in relationships.
5. **LGBTQ+ issues**: Addressing the needs and experiences of LGBTQ+ students.
6. **Abstinence and contraception**: Information about abstinence, contraception, and reproductive choices.
7. **Body image and self-esteem**: Promoting positive body image and self-esteem.

**How is sex education delivered in schools?**

Sex education can be delivered in various ways, including:

1. **Classroom instruction**: Teachers provide information and guidance in a classroom setting.
2. **Workshops and seminars**: Students participate in interactive workshops and seminars to learn about specific topics.
3. **Online resources**: Students access online resources, such as websites and videos, to learn about sex education topics.
4. **Guest speakers**: Experts, such as healthcare professionals or counselors, provide information and guidance to students.

**Challenges and controversies surrounding sex education**

Despite its importance, sex education is often a contentious issue in schools. Some of the challenges and controversies surrounding sex education include:

1. **Parental concerns**: Some parents may object to sex education on the grounds that it is too explicit or promotes promiscuity.
2. **Curriculum content**: There may be disagreements about the specific topics and content that should be included in sex education programs.
3. **Teacher training**: Teachers may not feel adequately prepared to deliver sex education programs.
4. **Funding**: Schools may not have sufficient resources to provide comprehensive sex education programs.

Overall, sex education in schools is essential for promoting healthy relationships, preventing unintended pregnancies and STIs, and empowering students to make informed decisions about their own health and well-being.",,4.0,3.0,3.0,3689,0.0,12.48,0.0,"Sex education in schools refers to the instruction and guidance provided to students on human sexuality, relationships, and reproductive health. The primary goal of sex education is to equip students with the knowledge, skills, and attitudes necessary to make informed decisions about their sexual health and well-being.

**Curriculum and Content**

Sex education curricula typically cover a range of topics, including:

1. Human anatomy and physiology
2. Reproductive health and hygiene
3. Contraception and family planning
4. Sexually transmitted infections (STIs) and HIV/AIDS
5. Relationships and communication skills
6. Consent and boundaries
7. Puberty and adolescence
8. LGBTQ+ issues and inclusivity

**Methods of Instruction**

Sex education can be delivered through various methods, including:

1. Classroom instruction
2. Workshops and group discussions
3. Guest speakers and presentations
4. Online resources and multimedia materials
5. Parent-teacher organization (PTO) involvement

**Goals and Objectives**

The objectives of sex education in schools are to:

1. Promote healthy attitudes and behaviors
2. Reduce the risk of STIs and unintended pregnancies
3. Foster informed decision-making and critical thinking
4. Encourage respectful relationships and communication
5. Support the development of emotional intelligence and self-awareness

**Benefits and Controversies**

Research suggests that comprehensive sex education can have numerous benefits, including:

1. Reduced rates of STIs and unintended pregnancies
2. Improved relationships and communication skills
3. Enhanced emotional intelligence and self-awareness
4. Increased knowledge and confidence among students

However, sex education in schools has also been the subject of controversy and debate, with some arguing that:

1. It promotes promiscuity and deviance
2. It is too explicit or graphic
3. It is not effective in preventing STIs and unintended pregnancies
4. It is not aligned with parental values or cultural norms

**Legislative and Policy Framework**

The provision of sex education in schools is subject to various legislative and policy frameworks, which can vary by country, state, or region. Some countries have implemented comprehensive sex education policies, while others have more restrictive or abstinence-only approaches.

**Conclusion**

Sex education in schools is a complex and multifaceted issue, with both benefits and controversies. While the goals and objectives of sex education are generally aligned with promoting healthy attitudes and behaviors, the methods and content of instruction can be subject to debate and variation.",0.0,0.0,0.0,3689,2637,-1052,18.365417505030184,17.208695652173912,-1.156721852856272
Geographic Information Systems (GIS) for Climate Change Adaptation,0.8,0.8,0.8,0.4,0.8,0.8,0.4,0.8,0.8,0.8,0.6,climate action,"Geographic Information Systems (GIS) for Climate Change Adaptation is a powerful tool that helps communities, governments, and organizations prepare for and respond to the impacts of climate change. Here's a comprehensive overview:

**What is GIS?**

GIS is a computer-based system that captures, stores, analyzes, and displays geographically referenced data. It combines data from various sources, such as satellite imagery, aerial photography, and field observations, to create a digital map of the Earth's surface. GIS allows users to visualize and analyze spatial relationships between different data layers, making it an essential tool for climate change adaptation.

**How does GIS support climate change adaptation?**

1. **Climate modeling and scenario planning**: GIS helps to visualize and analyze climate projections, such as temperature and precipitation patterns, sea-level rise, and extreme weather events. This information is used to develop scenario-based planning and decision-making tools.
2. **Risk assessment and vulnerability mapping**: GIS is used to identify areas of high vulnerability to climate-related hazards, such as flooding, landslides, and heatwaves. This information helps policymakers and communities prioritize adaptation efforts.
3. **Infrastructure planning and management**: GIS is used to assess the impact of climate change on infrastructure, such as roads, bridges, and buildings. This information helps planners and engineers design and manage infrastructure that can withstand climate-related stressors.
4. **Water resource management**: GIS is used to analyze and manage water resources, including water quality, quantity, and distribution. This information helps policymakers and water managers develop strategies to ensure reliable and sustainable water supplies.
5. **Land use planning and management**: GIS is used to analyze and manage land use patterns, including urban planning, agriculture, and forestry. This information helps policymakers and land managers develop strategies to promote sustainable land use practices.
6. **Disaster risk reduction and emergency management**: GIS is used to identify areas of high risk and develop emergency response plans. This information helps emergency responders and policymakers prepare for and respond to climate-related disasters.
7. **Monitoring and evaluation**: GIS is used to monitor and evaluate the effectiveness of climate change adaptation efforts, including the impact of climate-related policies and programs.

**Benefits of using GIS for climate change adaptation**

1. **Improved decision-making**: GIS provides a spatial context for decision-making, allowing policymakers and communities to make informed choices about climate change adaptation.
2. **Enhanced collaboration**: GIS facilitates collaboration among stakeholders, including government agencies, NGOs, and local communities.
3. **Increased efficiency**: GIS streamlines the process of data collection, analysis, and visualization, reducing the time and resources required for climate change adaptation efforts.
4. **Better communication**: GIS helps to communicate climate-related information to stakeholders, including policymakers, communities, and the general public.

**Challenges and limitations**

1. **Data availability and quality**: GIS requires high-quality and relevant data, which can be difficult to obtain, especially in developing countries.
2. **Technical expertise**: GIS requires specialized technical expertise, which can be a barrier to adoption, particularly in resource-constrained settings.
3. **Cost**: GIS software and hardware can be expensive, making it challenging for small organizations or communities to adopt.
4. **Scalability**: GIS can be challenging to scale up to larger areas or more complex systems, requiring significant resources and expertise.

In conclusion, GIS is a powerful tool that supports climate change adaptation by providing a spatial context for decision-making, risk assessment, and planning. While there are challenges and limitations to its adoption, the benefits of using GIS for climate change adaptation far outweigh the costs.",,4.0,4.0,4.0,4156,0.5111132860183716,14.23,0.0,"Geographic Information Systems (GIS) for Climate Change Adaptation refers to the use of GIS technology to support decision-making and planning in the context of climate change adaptation.

**Definition:**

GIS is a computer-based system that captures, stores, analyzes, and displays geographically referenced data. It integrates various types of data, such as spatial data, attribute data, and temporal data, to provide a comprehensive understanding of the relationships between different geographic features and phenomena.

**Climate Change Adaptation:**

Climate change adaptation refers to the process of adjusting to the actual or expected impacts of climate change, in order to reduce vulnerability and increase resilience. This involves identifying and prioritizing areas that are most vulnerable to climate-related hazards, such as sea-level rise, droughts, and extreme weather events.

**GIS Applications:**

GIS can be used in various ways to support climate change adaptation, including:

1. **Data Collection and Analysis:** GIS can be used to collect and analyze data on climate-related hazards, such as sea-level rise, flooding, and droughts. This data can be used to identify areas that are most vulnerable to these hazards.
2. **Risk Assessment:** GIS can be used to assess the risk of climate-related hazards, such as the likelihood and potential impact of flooding or droughts.
3. **Vulnerability Assessment:** GIS can be used to assess the vulnerability of different areas to climate-related hazards, taking into account factors such as population density, infrastructure, and economic activity.
4. **Planning and Decision-Making:** GIS can be used to support planning and decision-making by providing a spatial context for climate-related data and analysis.
5. **Monitoring and Evaluation:** GIS can be used to monitor and evaluate the effectiveness of climate change adaptation strategies and policies.

**Benefits:**

The use of GIS for climate change adaptation has several benefits, including:

1. **Improved Decision-Making:** GIS can provide a spatial context for climate-related data and analysis, supporting more informed decision-making.
2. **Enhanced Collaboration:** GIS can facilitate collaboration among stakeholders, including policymakers, planners, and community members.
3. **Increased Efficiency:** GIS can automate many tasks, such as data collection and analysis, reducing the time and effort required for climate change adaptation planning.
4. **Better Resource Allocation:** GIS can help allocate resources more effectively, by identifying areas that are most vulnerable to climate-related hazards.

**Challenges:**

While GIS can be a valuable tool for climate change adaptation, there are several challenges associated with its use, including:

1. **Data Quality:** The quality of GIS data is critical to its effectiveness. Poor data quality can lead to inaccurate analysis and decision-making.
2. **Technical Expertise:** GIS requires specialized technical expertise, which can be a barrier to its adoption.
3. **Cost:** GIS software and hardware can be expensive, making it difficult for some organizations to adopt.
4. **Scalability:** GIS can be complex and difficult to scale, particularly in large or complex projects.

Overall, GIS can be a valuable tool for climate change adaptation, providing a spatial context for climate-related data and analysis, and supporting more informed decision-making. However, its use requires careful consideration of data quality, technical expertise, cost, and scalability.",0.5111132860183716,0.0,-0.5111132860183716,4156,3557,-599,19.744802867383513,19.29330120481928,-0.4515016625642332
Older Adult Care,0.8,0.6,0.8,0.6,0.6,0.8,0.8,0.8,0.8,0.6,0.6,good health and well-being,"Older Adult Care, also known as Geriatric Care, refers to the specialized care and support provided to older adults, typically those 65 years and older, who require assistance with daily living activities, health management, and social support. The goal of older adult care is to promote the physical, emotional, and social well-being of older adults, enabling them to maintain their independence and quality of life for as long as possible.

Older adult care encompasses a range of services, including:

1. **Assisted Living**: Support with daily living activities, such as bathing, dressing, and grooming, in a residential setting.
2. **Home Care**: Assistance with daily living activities, such as meal preparation, light housekeeping, and medication management, in the comfort of the older adult's own home.
3. **Adult Day Care**: Social and recreational activities, as well as health services, provided in a group setting for older adults who need support during the day.
4. **Respite Care**: Temporary relief for caregivers, providing a break from caregiving responsibilities.
5. **Hospice Care**: End-of-life care, focusing on pain management, symptom control, and emotional support for older adults with terminal illnesses.
6. **Geriatric Care Management**: Professional guidance and support for older adults and their families, helping with decision-making, resource planning, and navigating the healthcare system.
7. **Skilled Nursing**: 24/7 medical care and support for older adults who require ongoing medical attention, often in a nursing home or assisted living facility.

Older adult care also involves:

1. **Health Promotion**: Encouraging healthy behaviors, such as exercise, nutrition, and stress management, to prevent or manage chronic conditions.
2. **Disease Management**: Monitoring and managing chronic conditions, such as diabetes, hypertension, and arthritis.
3. **Mental Health Support**: Addressing mental health concerns, such as depression, anxiety, and cognitive impairment.
4. **Social Support**: Providing emotional support, companionship, and social interaction to combat loneliness and isolation.
5. **Safety and Fall Prevention**: Assessing and addressing fall risks, as well as providing safety measures, such as grab bars and non-slip flooring.

Older adult care is typically provided by a multidisciplinary team of professionals, including:

1. **Geriatricians**: Medical doctors specializing in the care of older adults.
2. **Nurses**: Registered nurses and licensed practical nurses providing hands-on care and support.
3. **Social Workers**: Professionals helping with resource planning, decision-making, and navigating the healthcare system.
4. **Therapists**: Occupational therapists, physical therapists, and speech therapists addressing physical, cognitive, and emotional needs.
5. **Caregivers**: Family members, friends, or hired caregivers providing daily support and care.

Overall, older adult care aims to provide comprehensive support and services to promote the health, well-being, and quality of life of older adults, enabling them to live safely and independently for as long as possible.",,4.0,4.0,4.0,3146,0.0,14.01,0.0,"Older Adult Care, also known as Geriatric Care or Elder Care, refers to the provision of support and services to individuals aged 65 and older who require assistance with daily living activities, health management, and social interaction.

**Definition:**

Older Adult Care encompasses a range of services and interventions aimed at promoting the physical, emotional, and social well-being of older adults. This care can be provided in various settings, including the individual's home, assisted living facilities, nursing homes, or adult day care centers.

**Components:**

Older Adult Care typically involves the following components:

1. **Personal care**: Assistance with activities of daily living (ADLs), such as bathing, dressing, grooming, and toileting.
2. **Health management**: Monitoring and management of chronic health conditions, such as diabetes, hypertension, and arthritis.
3. **Medication management**: Assistance with medication administration, monitoring, and adherence.
4. **Nutrition and meal planning**: Provision of nutritious meals and snacks to support overall health and well-being.
5. **Social interaction**: Opportunities for socialization, companionship, and engagement in activities that promote mental and emotional well-being.
6. **Safety and fall prevention**: Strategies to prevent falls and injuries, such as installing grab bars, non-slip mats, and improving lighting.
7. **Cognitive support**: Assistance with memory loss, dementia, and cognitive impairment.

**Types of Older Adult Care:**

1. **Home care**: Services provided in the individual's home, including personal care, health management, and social interaction.
2. **Assisted living**: Residential facilities that provide a supportive living environment, including meals, transportation, and social activities.
3. **Nursing homes**: Long-term care facilities that provide 24-hour medical and personal care.
4. **Adult day care**: Centers that provide socialization, meals, and activities during the day, often for individuals with dementia or cognitive impairment.

**Goals and outcomes:**

The primary goals of Older Adult Care are to:

1. Promote independence and autonomy
2. Improve physical and mental health
3. Enhance social interaction and engagement
4. Prevent hospitalization and institutionalization
5. Support caregivers and family members

By providing a range of services and interventions, Older Adult Care aims to improve the quality of life and well-being of older adults, while also supporting their caregivers and family members.",0.0,0.0,0.0,3146,2546,-600,18.126315789473683,18.79446640316206,0.6681506136883755
Physical Activity for Kids,0.8,0.6,0.8,0.4,0.8,0.8,0.4,0.8,0.8,0.4,0.6,good health and well-being,"""Physical Activity for Kids"" refers to the importance of engaging children in regular physical activity to promote their overall health, well-being, and development. Here's a comprehensive overview:

**Why is Physical Activity Important for Kids?**

1. **Physical Health**: Regular physical activity helps kids develop strong bones and muscles, improves cardiovascular health, and reduces the risk of obesity and related diseases.
2. **Cognitive Development**: Physical activity has been shown to improve cognitive function, including better concentration, memory, and problem-solving skills.
3. **Emotional Well-being**: Physical activity can help kids manage stress, anxiety, and other emotions, promoting a positive mental health.
4. **Social Skills**: Engaging in physical activities with others helps kids develop social skills, such as teamwork, communication, and cooperation.
5. **Academic Performance**: Research suggests that physically active kids tend to perform better academically and have better attendance records.

**Types of Physical Activities for Kids**

1. **Outdoor Play**: Games like tag, hide-and-seek, and sports like soccer, basketball, and tennis.
2. **Sports**: Organized sports, such as Little League, soccer leagues, and dance classes.
3. **Dance and Movement**: Activities like ballet, hip-hop, and movement classes that promote creativity and coordination.
4. **Gymnastics and Fitness**: Classes that focus on strength, flexibility, and coordination, such as gymnastics, yoga, and Pilates.
5. **Active Play**: Free play, such as running, jumping, and climbing, which encourages kids to explore and engage in physical activity.

**Benefits of Regular Physical Activity for Kids**

1. **Improved Physical Fitness**: Regular physical activity helps kids develop strong muscles, bones, and cardiovascular health.
2. **Increased Energy**: Physical activity can boost energy levels and reduce fatigue.
3. **Better Sleep**: Regular physical activity can help kids sleep better and establish healthy sleep habits.
4. **Reduced Risk of Chronic Diseases**: Regular physical activity can reduce the risk of obesity, diabetes, and other chronic diseases.
5. **Improved Mental Health**: Physical activity can help kids manage stress, anxiety, and other emotions, promoting a positive mental health.

**Tips for Parents and Caregivers**

1. **Lead by Example**: Engage in physical activity with your kids to show them the importance of exercise.
2. **Create a Safe Environment**: Ensure your child has access to safe spaces for physical activity, such as parks, playgrounds, or a backyard.
3. **Encourage Active Play**: Support your child's desire to engage in physical activity, even if it's just free play.
4. **Schedule Physical Activity**: Make physical activity a priority by scheduling it into your child's daily routine.
5. **Monitor Progress**: Track your child's physical activity levels and provide feedback and encouragement.

By incorporating physical activity into your child's daily routine, you can help them develop a lifelong love of exercise, improve their overall health and well-being, and set them up for success in all areas of life.",,4.0,4.0,4.0,3173,0.0,11.8,0.0,"Physical activity for kids refers to the engagement of children in various forms of physical movement and exercise. This can include a wide range of activities, such as:

1. Sports: team sports like soccer, basketball, and baseball, as well as individual sports like swimming and tennis.
2. Games: tag, hide-and-seek, and other playground games that promote physical movement.
3. Dance: various styles of dance, such as ballet, hip-hop, and contemporary.
4. Outdoor play: activities like hiking, biking, and skateboarding.
5. Gymnastics: tumbling, vaulting, and other forms of acrobatic exercise.
6. Aerobics: high-energy exercises that promote cardiovascular fitness, such as jumping jacks and running in place.

Physical activity for kids is essential for their overall health and development. Regular physical activity can help children:

1. Develop strong bones and muscles.
2. Improve cardiovascular health.
3. Enhance cognitive function and academic performance.
4. Reduce the risk of obesity and related health problems.
5. Develop social skills and emotional well-being.

The American Academy of Pediatrics recommends that children engage in at least 60 minutes of moderate to vigorous physical activity per day. This can be achieved through a combination of structured activities, such as sports and dance classes, and unstructured play, such as outdoor play and games with friends.

Physical activity for kids can be promoted through various means, including:

1. Encouraging parents and caregivers to model healthy physical activity habits.
2. Providing access to safe and accessible physical activity spaces, such as parks and playgrounds.
3. Offering physical education classes and sports programs in schools.
4. Promoting physical activity through community-based initiatives and events.

Overall, physical activity for kids is a critical component of their overall health and development, and can have a lasting impact on their physical and mental well-being.",0.0,0.6191880106925964,0.6191880106925964,3173,1974,-1199,18.331061779383926,16.237159620881602,-2.093902158502324
Masculinity and Health in the Caribbean,0.4,0.8,0.8,1.0,0.2,0.6,0.8,0.8,0.8,0.6,0.6,gender equality,"""Masculinity and Health in the Caribbean"" is a research area that explores the complex relationships between masculinity, culture, and health in the Caribbean region. Here's a breakdown of the topic:

**Context:** The Caribbean is a culturally diverse region with a rich history of colonialism, slavery, and social change. The region is home to many countries with unique cultural, social, and economic contexts. Masculinity in the Caribbean is shaped by these historical and cultural factors, which can influence men's health behaviors, attitudes, and experiences.

**Key themes:**

1. **Traditional masculinity:** In many Caribbean societies, traditional masculinity is associated with strength, courage, and dominance. This can lead to a culture of silence and stoicism, where men are discouraged from expressing emotions or seeking help for mental or physical health issues.
2. **Masculinity and health disparities:** Research has shown that men in the Caribbean are more likely to engage in risk-taking behaviors, such as substance abuse, violence, and unhealthy diet, which can contribute to health disparities. For example, men are more likely to die from cardiovascular disease, cancer, and other chronic conditions.
3. **Cultural and social factors:** The Caribbean region is characterized by strong cultural and social norms that can influence men's health behaviors. For example, the ""big man"" syndrome, where men are expected to be providers and protectors, can lead to stress and anxiety.
4. **Intersectionality:** Masculinity in the Caribbean intersects with other social determinants, such as poverty, education, and social status. Men from lower socioeconomic backgrounds or with limited education may face additional health challenges due to their social context.
5. **Healthcare access and utilization:** Men in the Caribbean may face barriers to accessing healthcare services, including cultural and social stigma, lack of health insurance, and limited healthcare infrastructure.

**Research and policy implications:**

1. **Health promotion:** Research on masculinity and health in the Caribbean can inform health promotion strategies that target men and boys, such as community-based programs and social marketing campaigns.
2. **Healthcare policy:** Policymakers can develop targeted policies to address the health needs of men in the Caribbean, including increasing access to healthcare services and promoting health education and awareness.
3. **Interventions:** Interventions that address the social and cultural determinants of health, such as masculinity and social norms, can be effective in promoting men's health and reducing health disparities.

**Conclusion:**

""Masculinity and Health in the Caribbean"" is a complex and multifaceted research area that requires a nuanced understanding of the cultural, social, and economic contexts of the region. By exploring these themes, researchers and policymakers can develop targeted strategies to promote men's health and reduce health disparities in the Caribbean.",,4.0,4.0,3.0,3039,0.0,15.39,0.0,"""Masculinity and Health in the Caribbean"" is a research topic that explores the relationship between traditional masculine norms and health outcomes in the Caribbean region. This topic is often studied within the context of social and cultural anthropology, sociology, and public health.

In the Caribbean, traditional masculine norms often emphasize strength, aggression, and emotional control. These norms can influence men's behaviors and attitudes towards health, leading to a range of health outcomes. For example, men in the Caribbean may be more likely to engage in risk-taking behaviors, such as substance abuse or reckless driving, as a way to demonstrate their masculinity.

Research has shown that these traditional masculine norms can have negative consequences for men's health, including:

1. Increased risk of cardiovascular disease: Men in the Caribbean who adhere to traditional masculine norms may be more likely to engage in behaviors that increase their risk of cardiovascular disease, such as smoking or a lack of physical activity.
2. Higher rates of mental health issues: Men in the Caribbean who are expected to conform to traditional masculine norms may be less likely to seek help for mental health issues, such as depression or anxiety.
3. Increased risk of HIV/AIDS: Men in the Caribbean who engage in risk-taking behaviors as a way to demonstrate their masculinity may be more likely to contract HIV/AIDS.

However, there is also evidence to suggest that traditional masculine norms can have positive effects on men's health, such as:

1. Increased physical activity: Men in the Caribbean who engage in traditional masculine activities, such as sports or manual labor, may be more likely to engage in regular physical activity.
2. Improved mental health: Men in the Caribbean who adhere to traditional masculine norms may be more likely to experience improved mental health outcomes, such as reduced stress and anxiety.

To address the complex relationship between masculinity and health in the Caribbean, researchers and policymakers have proposed a range of strategies, including:

1. Promoting gender-sensitive health education: Health education programs that take into account traditional masculine norms and values can help to promote healthy behaviors and attitudes among men.
2. Encouraging men's participation in health services: Efforts to increase men's participation in health services, such as HIV testing and treatment, can help to improve health outcomes for men.
3. Challenging traditional masculine norms: Initiatives that challenge traditional masculine norms and promote more inclusive and equitable definitions of masculinity can help to promote healthier behaviors and attitudes among men.

Overall, the relationship between masculinity and health in the Caribbean is complex and multifaceted. Further research is needed to fully understand the ways in which traditional masculine norms influence men's health outcomes and to develop effective strategies for promoting healthier behaviors and attitudes among men.",0.0,0.6257925629615784,0.6257925629615784,3039,3062,23,20.227906976744187,20.22104747919726,-0.006859497546926718
Early Suffragist Movements in Latin America,0.4,0.6,0.8,0.6,0.8,0.8,0.6,0.8,0.8,0.6,0.6,gender equality,"The early suffragist movements in Latin America were a series of feminist and women's rights movements that emerged in the late 19th and early 20th centuries, with the primary goal of securing women's right to vote and participate in politics. These movements were influenced by the international women's suffrage movement, particularly the British and American suffragettes, and were characterized by a mix of liberal, socialist, and nationalist ideologies.

**Key Features:**

1. **Influence of International Suffrage Movement**: The early suffragist movements in Latin America were inspired by the international women's suffrage movement, particularly the British and American suffragettes. Women like Emmeline Pankhurst and Susan B. Anthony became icons for Latin American suffragists.
2. **Liberal and Socialist Influences**: The suffragist movements in Latin America were influenced by both liberal and socialist ideologies. Liberal suffragists focused on individual rights and the expansion of democracy, while socialist suffragists emphasized the need for women's participation in the labor movement and the struggle for social justice.
3. **Nationalist and Anti-Imperialist Themes**: Many suffragist movements in Latin America were also nationalist and anti-imperialist, seeking to challenge the dominance of European powers and promote national sovereignty.
4. **Intersectional Approach**: Early suffragist movements in Latin America often took an intersectional approach, addressing issues like racism, classism, and indigenous rights alongside women's suffrage.

**Notable Suffragist Movements:**

1. **Argentina**: The Argentine suffragist movement emerged in the late 19th century, with women like Elena Vaughan and María Luisa Cortázar playing key roles. The movement gained momentum in the early 20th century, with the establishment of the Argentine Women's Suffrage Committee in 1913.
2. **Uruguay**: The Uruguayan suffragist movement was one of the earliest in Latin America, with women like María del Carmen de Curbelo and María del Carmen de la Torre advocating for women's suffrage in the late 19th century.
3. **Chile**: The Chilean suffragist movement emerged in the early 20th century, with women like Elena Caffarena and María Teresa León advocating for women's suffrage and women's rights.
4. **Brazil**: The Brazilian suffragist movement was influenced by the international women's suffrage movement, with women like Bertha Lutz and Nair de Tefé advocating for women's suffrage and women's rights in the early 20th century.

**Key Figures:**

1. **María Luisa Cortázar** (Argentina): A leading figure in the Argentine suffragist movement, Cortázar was a key organizer of the Argentine Women's Suffrage Committee.
2. **Elena Caffarena** (Chile): A prominent suffragist and women's rights activist, Caffarena was a key figure in the Chilean suffragist movement.
3. **Bertha Lutz** (Brazil): A pioneering suffragist and women's rights activist, Lutz was a key figure in the Brazilian suffragist movement.
4. **María Teresa León** (Chile): A leading suffragist and women's rights activist, León was a key figure in the Chilean suffragist movement.

**Legacy:**

The early suffragist movements in Latin America laid the groundwork for the modern feminist movements in the region. These movements helped to:

1. **Secure Women's Suffrage**: Many countries in Latin America granted women's suffrage in the mid-20th century, with Argentina and Uruguay being among the first.
2. **Promote Women's Rights**: The suffragist movements in Latin America helped to promote women's rights and challenge patriarchal norms.
3. **Foster Intersectional Feminism**: The early suffragist movements in Latin America took an intersectional approach, addressing issues like racism, classism, and indigenous rights alongside women's suffrage.

Overall, the early suffragist movements in Latin America played a significant role in shaping the region's feminist movements and promoting women's rights and suffrage.",,4.0,4.0,4.0,4013,0.0,12.99,0.0,"The early suffragist movements in Latin America refer to the efforts of women's rights activists and organizations in the region to secure voting rights and equal participation in politics for women during the late 19th and early 20th centuries.

**Historical Context**

Latin America's suffragist movements emerged in the late 19th century, influenced by the women's suffrage movements in the United States and Europe. The region's colonial past, with its legacy of patriarchal societies and limited social mobility, created a complex environment for women's rights activism.

**Key Players and Organizations**

Several key players and organizations contributed to the early suffragist movements in Latin America:

1. **Women's Clubs**: Women's clubs, such as the Club Femenino in Argentina (founded in 1899) and the Sociedad Femenina de Beneficencia in Chile (founded in 1886), played a crucial role in promoting women's education, health, and social welfare. These clubs often served as incubators for suffragist activism.
2. **Feminist Organizations**: Organizations like the Liga Femenil Sufragista in Mexico (founded in 1916) and the Sociedad Femenina de Educación in Uruguay (founded in 1911) focused specifically on securing women's suffrage.
3. **Individual Activists**: Women like María Luisa Campo Alvarado in Mexico, Elena de la Cruz in Argentina, and Elena Caffarena in Chile were prominent suffragist activists, often facing opposition and ridicule for their efforts.

**Causes and Campaigns**

The early suffragist movements in Latin America were driven by various causes and campaigns, including:

1. **Securing Voting Rights**: Women's suffrage was a primary goal, with activists advocating for the right to vote in national and local elections.
2. **Education and Employment**: Activists also sought to improve women's access to education and employment opportunities, recognizing that these were essential for economic independence and social mobility.
3. **Social Reform**: Many suffragists were also involved in broader social reform efforts, such as advocating for women's property rights, divorce laws, and access to healthcare.

**Challenges and Outcomes**

The early suffragist movements in Latin America faced significant challenges, including:

1. **Resistance from Patriarchal Societies**: Women's suffrage was often met with resistance from patriarchal societies, which viewed women's participation in politics as a threat to traditional power structures.
2. **Limited Resources**: Activists often lacked resources, including funding, infrastructure, and international support.
3. **Internal Conflicts**: Suffragist movements were not immune to internal conflicts, with some activists prioritizing voting rights over other issues, such as education and employment.

Despite these challenges, the early suffragist movements in Latin America laid the groundwork for future feminist activism and contributed to the eventual expansion of women's suffrage in the region.",0.0,0.0,0.0,4013,2994,-1019,18.135449735449736,21.03146636645089,2.896016631001153
The Benefits of Yoga in Pregnancy,0.8,0.6,0.8,0.4,0.8,0.8,0.4,0.8,0.8,0.4,0.6,good health and well-being,"The benefits of yoga in pregnancy are numerous and well-documented. Here are some of the advantages of practicing yoga during this special time:

**Physical Benefits:**

1. **Relaxation and Stress Relief**: Yoga helps to calm the mind and body, reducing stress and anxiety, which are common during pregnancy.
2. **Improved Flexibility and Balance**: Yoga stretches and strengthens the muscles, improving flexibility and balance, which can help prevent falls and injuries.
3. **Back Pain Relief**: Yoga can help alleviate back pain, a common complaint during pregnancy, by strengthening the back muscles and improving posture.
4. **Improved Circulation**: Yoga helps to improve blood flow and circulation, which can reduce swelling and varicose veins.
5. **Preparation for Labor**: Yoga can help prepare the body for labor by strengthening the pelvic floor muscles and improving flexibility in the hips and lower back.

**Emotional and Mental Benefits:**

1. **Reduced Anxiety and Depression**: Yoga has been shown to reduce symptoms of anxiety and depression in pregnant women.
2. **Improved Self-Esteem**: Yoga can help pregnant women feel more confident and self-assured, which can be particularly important during this life-changing time.
3. **Better Sleep**: Yoga can help improve sleep quality, which is essential for physical and mental well-being during pregnancy.
4. **Increased Body Awareness**: Yoga helps pregnant women develop a greater awareness of their body and its needs, which can lead to a more positive and empowered pregnancy experience.

**Preparation for Motherhood:**

1. **Breathing and Relaxation Techniques**: Yoga teaches breathing and relaxation techniques that can be used during labor and childbirth.
2. **Pelvic Floor Strengthening**: Yoga can help strengthen the pelvic floor muscles, which can improve bladder control and reduce the risk of incontinence after childbirth.
3. **Improved Posture and Body Alignment**: Yoga can help pregnant women develop good posture and body alignment, which can reduce the risk of back pain and other musculoskeletal problems after childbirth.

**Tips for Practicing Yoga During Pregnancy:**

1. **Choose a Prenatal Yoga Class**: Look for a prenatal yoga class that is specifically designed for pregnant women.
2. **Listen to Your Body**: Pay attention to your body and modify or rest when needed.
3. **Avoid Deep Twists and Bends**: Avoid deep twists and bends, which can put pressure on the joints and uterus.
4. **Focus on Breathing and Relaxation**: Prioritize breathing and relaxation techniques, which can help reduce stress and anxiety.
5. **Consult with a Healthcare Provider**: Consult with a healthcare provider before starting a yoga practice during pregnancy, especially if you have any underlying medical conditions.

Overall, yoga can be a wonderful addition to a healthy pregnancy, providing physical, emotional, and mental benefits that can last a lifetime.",,4.0,4.0,4.0,2940,0.6320871710777283,11.7,0.5291460156440735,"Yoga has been practiced by pregnant women for centuries, and its benefits during pregnancy have been extensively studied and documented. The practice of yoga during pregnancy can have several physical, emotional, and psychological benefits.

Physically, yoga can help pregnant women to:

1. Improve flexibility and balance: Yoga can help pregnant women to maintain flexibility and balance, which can become compromised due to the weight and changes in the body during pregnancy.
2. Reduce back pain: Yoga can help to strengthen the muscles in the back and improve posture, reducing the risk of back pain and discomfort.
3. Improve circulation: Yoga can help to improve blood flow and circulation, which can reduce the risk of complications such as varicose veins and swelling.
4. Prepare the body for childbirth: Yoga can help to strengthen the muscles in the pelvis and lower back, which can aid in the process of childbirth.

Emotionally and psychologically, yoga can help pregnant women to:

1. Reduce stress and anxiety: Yoga has been shown to reduce stress and anxiety in pregnant women, which can have a positive impact on both the mother and the baby.
2. Improve mood: Yoga can help to improve mood and reduce symptoms of depression and anxiety.
3. Enhance self-awareness: Yoga can help pregnant women to develop greater self-awareness and body awareness, which can aid in the process of childbirth and parenthood.

Some of the specific yoga practices that are beneficial during pregnancy include:

1. Prenatal yoga: This is a specialized form of yoga that is designed specifically for pregnant women. Prenatal yoga can help to prepare the body for childbirth and reduce the risk of complications.
2. Gentle stretches: Gentle stretches can help to improve flexibility and reduce back pain.
3. Breathing techniques: Breathing techniques can help to reduce stress and anxiety and improve mood.
4. Meditation and relaxation: Meditation and relaxation techniques can help to reduce stress and anxiety and improve overall well-being.

It is essential to note that pregnant women should consult with their healthcare provider before starting a yoga practice, especially if they have any underlying medical conditions or concerns. A qualified prenatal yoga instructor can provide guidance and modifications to ensure a safe and beneficial practice.

Sources:

* American College of Obstetricians and Gynecologists (ACOG). (2019). Exercise During Pregnancy.
* National Institute of Child Health and Human Development (NICHD). (2019). Yoga During Pregnancy.
* International Association of Yoga Therapists (IAYT). (2019). Yoga and Pregnancy.",0.6320871710777283,0.0,-0.6320871710777283,2940,2638,-302,15.197401299350327,13.695681592039803,-1.5017197073105244
Medical history of LGBTQ+ individuals,0.6,0.8,0.8,1.0,0.8,0.8,0.8,0.8,0.8,0.8,0.6,good health and well-being,"The medical history of LGBTQ+ individuals is a complex and evolving field that has been shaped by societal attitudes, medical practices, and the experiences of LGBTQ+ people themselves. Here's an overview:

**Early History (Pre-20th century)**

In ancient civilizations, same-sex relationships and non-binary identities were not uncommon. However, with the rise of Christianity and the influence of Western societies, LGBTQ+ individuals faced persecution, marginalization, and exclusion from medical care.

**Mid-20th century: The ""Gay Plague""**

In the 1950s and 1960s, the first reports of a mysterious illness affecting gay men emerged. This condition, later identified as gay-related immune deficiency (GRID), was characterized by symptoms such as pneumonia, diarrhea, and weight loss. GRID was later renamed acquired immune deficiency syndrome (AIDS) in 1981.

The medical community initially responded to the AIDS epidemic with skepticism, denial, and homophobia. Many healthcare providers refused to treat LGBTQ+ individuals, and some even blamed the victims for their condition. This led to a significant delay in the development of effective treatments and a lack of access to care for LGBTQ+ individuals.

**1980s-1990s: The AIDS Epidemic**

The AIDS epidemic had a disproportionate impact on LGBTQ+ communities, particularly gay men and injection drug users. The disease was highly stigmatized, and LGBTQ+ individuals faced widespread discrimination, including:

1. **Denial of care**: Many healthcare providers refused to treat LGBTQ+ individuals, citing concerns about ""contagion"" or ""infection.""
2. **Stigma and blame**: LGBTQ+ individuals were blamed for their condition, and some were even accused of ""bringing the disease upon themselves.""
3. **Lack of access to care**: LGBTQ+ individuals faced barriers to accessing healthcare, including lack of insurance, lack of access to specialized care, and fear of disclosure.

**1990s-2000s: Advances in HIV/AIDS Treatment**

The development of antiretroviral therapy (ART) in the 1990s revolutionized the treatment of HIV/AIDS. However, the benefits of ART were not equally distributed among all populations, particularly in low-income and marginalized communities.

**2000s-present: Increased Recognition and Inclusion**

In recent years, there has been a growing recognition of the importance of inclusive and culturally competent care for LGBTQ+ individuals. This includes:

1. **Increased access to care**: Many healthcare providers now offer specialized care for LGBTQ+ individuals, including hormone replacement therapy, transition care, and mental health services.
2. **Advances in LGBTQ+-specific research**: Research has focused on the unique health needs of LGBTQ+ individuals, including the impact of stigma, discrimination, and trauma on mental and physical health.
3. **Increased visibility and representation**: LGBTQ+ individuals are increasingly visible in healthcare settings, and there is a growing recognition of the importance of diversity and inclusion in medical education and practice.

**Challenges and Ongoing Issues**

Despite these advances, LGBTQ+ individuals continue to face significant health disparities, including:

1. **Mental health concerns**: LGBTQ+ individuals are at higher risk for mental health concerns, including depression, anxiety, and suicidal ideation.
2. **Substance use and addiction**: LGBTQ+ individuals are at higher risk for substance use and addiction, particularly among gay men and trans individuals.
3. **Access to care**: LGBTQ+ individuals may still face barriers to accessing healthcare, including lack of insurance, lack of access to specialized care, and fear of disclosure.
4. **Stigma and bias**: LGBTQ+ individuals may still experience stigma and bias within healthcare settings, which can impact their health outcomes and well-being.

**Conclusion**

The medical history of LGBTQ+ individuals is a complex and evolving field that reflects the societal attitudes, medical practices, and experiences of LGBTQ+ people themselves. While there have been significant advances in recent years, there is still much work to be done to address the unique health needs and challenges faced by LGBTQ+ individuals.",,4.0,4.0,4.0,4228,0.0,14.74,0.0,"The medical history of LGBTQ+ individuals refers to the historical context and experiences of lesbian, gay, bisexual, transgender, and queer individuals within the healthcare system. This history is marked by a complex interplay of social, cultural, and medical factors that have influenced the health and well-being of LGBTQ+ individuals.

**Early History (19th-20th centuries)**

During the 19th and early 20th centuries, LGBTQ+ individuals faced significant stigma and marginalization within the medical community. Many medical professionals viewed same-sex attraction and non-heterosexual behavior as a mental illness or a moral failing. This led to the development of various ""treatments"" aimed at ""curing"" individuals of their ""deviant"" behavior, including:

1. Conversion therapy: a form of psychotherapy aimed at changing an individual's sexual orientation or gender identity.
2. Hormone therapy: the use of hormones to suppress or alter secondary sex characteristics.
3. Surgical interventions: procedures such as castration, hysterectomy, or vaginoplasty aimed at altering an individual's physical appearance.

**Mid-20th century: The rise of gay liberation and the medical response**

The 1960s and 1970s saw the emergence of the gay liberation movement, which challenged the medical establishment's views on same-sex attraction and non-heterosexual behavior. In response, some medical professionals began to advocate for a more accepting and inclusive approach to LGBTQ+ health.

However, this period also saw the rise of the American Psychiatric Association's (APA) classification of homosexuality as a mental disorder in the Diagnostic and Statistical Manual of Mental Disorders (DSM-I) in 1952. This classification was later revised in 1973, when the APA removed homosexuality from the DSM-II, but it was not until 1980 that the APA officially removed homosexuality as a mental disorder.

**AIDS epidemic and the medical response (1980s-1990s)**

The AIDS epidemic of the 1980s had a profound impact on the medical history of LGBTQ+ individuals. The initial response to the epidemic was marked by stigma, fear, and homophobia, with many medical professionals and policymakers failing to recognize the disproportionate impact of AIDS on LGBTQ+ communities.

However, as the epidemic progressed, LGBTQ+ activists and advocates played a crucial role in raising awareness about the disease and advocating for more effective treatment and prevention strategies. The development of antiretroviral therapy (ART) in the mid-1990s marked a significant turning point in the management of HIV/AIDS, and the medical community's response to the epidemic began to shift towards a more inclusive and compassionate approach.

**Contemporary issues and challenges**

Today, the medical history of LGBTQ+ individuals continues to be shaped by ongoing challenges and controversies, including:

1. Healthcare disparities: LGBTQ+ individuals continue to experience significant disparities in healthcare access, quality, and outcomes.
2. Stigma and bias: LGBTQ+ individuals often face stigma and bias within the healthcare system, which can lead to delayed or foregone care.
3. Mental health: LGBTQ+ individuals are at increased risk for mental health issues, including depression, anxiety, and suicidal ideation.
4. Access to care: LGBTQ+ individuals may face barriers to accessing care, including lack of provider training, insurance coverage, and cultural competence.

Overall, the medical history of LGBTQ+ individuals is a complex and multifaceted narrative that reflects the ongoing struggle for acceptance, inclusion, and equality within the healthcare system.",0.0,0.0,0.0,4228,3660,-568,19.424896568508156,21.319802677942214,1.8949061094340571
"Catholicism, Femininity, and Human Rights",0.6,0.8,0.8,1.0,0.2,0.6,0.8,0.8,0.8,0.8,0.6,gender equality,"A complex and multifaceted topic! Here's an attempt to break down the relationships between Catholicism, femininity, and human rights:

**Catholicism**

The Catholic Church, with over 1 billion adherents worldwide, is one of the largest Christian denominations. Its teachings and traditions have shaped Western culture and society for centuries. Catholicism emphasizes the importance of faith, morality, and the authority of the Church.

**Femininity**

Femininity refers to the social, cultural, and biological aspects of being female. In the context of human rights, femininity intersects with issues of gender equality, women's empowerment, and the protection of women's rights.

**Human Rights**

Human rights are fundamental entitlements and freedoms that belong to all individuals, regardless of their nationality, ethnicity, or other characteristics. The Universal Declaration of Human Rights (1948) and subsequent international human rights instruments have established a framework for protecting and promoting human dignity.

**Relationships between Catholicism, Femininity, and Human Rights**

1. **Historical tensions**: The Catholic Church has faced criticism for its historical treatment of women, particularly in the areas of reproductive rights, women's ordination, and the role of women in the Church. These tensions have led to debates about the compatibility of Catholicism with modern human rights standards.
2. **Women's rights and dignity**: The Catholic Church has emphasized the importance of women's dignity and the value of women's contributions to society. However, the Church's teachings on women's roles and responsibilities have sometimes been seen as limiting or restrictive.
3. **Reproductive rights**: The Catholic Church has taken a strong stance against abortion and euthanasia, which has led to conflicts with human rights advocates who argue that these rights are essential for women's autonomy and health.
4. **Women's ordination**: The Catholic Church's refusal to ordain women as priests has been a contentious issue, with some arguing that it perpetuates patriarchal structures and undermines women's equality.
5. **Human rights and Catholic social teaching**: The Catholic Church has a rich tradition of social teaching that emphasizes the importance of human rights, dignity, and the common good. However, the Church's application of these principles has sometimes been criticized for being inconsistent or inadequate.
6. **Feminist critiques**: Feminist scholars and activists have critiqued the Catholic Church for its patriarchal structures, lack of women's representation, and restrictive teachings on women's roles and responsibilities.
7. **Evolution and reform**: In recent years, the Catholic Church has taken steps to address some of these concerns, such as the appointment of women to senior positions, the establishment of women's organizations, and the development of more inclusive and compassionate teachings on women's issues.

In summary, the relationships between Catholicism, femininity, and human rights are complex and multifaceted. While the Catholic Church has made significant contributions to the promotion of human rights and dignity, its teachings and practices have also been criticized for being inconsistent or inadequate in addressing the needs and concerns of women.",,4.0,4.0,4.0,3339,0.951103448867798,15.74,0.0,"""Catholicism, Femininity, and Human Rights"" is a complex and multifaceted topic that involves the intersection of three distinct areas: Catholicism as a religious tradition, femininity as a social and cultural construct, and human rights as a set of principles and laws.

**Catholicism**

Catholicism is a Christian denomination that has a long history and a significant global presence. The Catholic Church has a complex and nuanced stance on human rights, which is shaped by its teachings, traditions, and institutional practices. Catholicism emphasizes the importance of human dignity, the inherent worth and value of every human being, and the need for social justice and compassion.

**Femininity**

Femininity is a social and cultural construct that refers to the characteristics, roles, and expectations associated with women and girls in various societies. Femininity is shaped by cultural, historical, and social contexts, and it can vary significantly across different cultures and time periods. In many societies, femininity is associated with traditional roles such as caregiving, nurturing, and domestic work.

**Human Rights**

Human rights are a set of principles and laws that aim to protect the dignity and well-being of all individuals. The Universal Declaration of Human Rights (1948) is a foundational document that outlines the fundamental rights and freedoms that are inherent to all human beings. Human rights include the right to life, liberty, and security of person, freedom from torture and cruel treatment, and the right to education, healthcare, and social services.

**Intersection of Catholicism, Femininity, and Human Rights**

The intersection of Catholicism, femininity, and human rights is complex and multifaceted. On one hand, Catholicism has a long history of promoting the dignity and worth of women, and many Catholic women have been leaders in the struggle for women's rights and social justice. The Catholic Church has also been a vocal advocate for human rights, particularly in the areas of poverty, inequality, and social justice.

On the other hand, Catholicism has also been criticized for its traditional views on women's roles and its treatment of women in the Church. Some critics argue that Catholicism has perpetuated patriarchal attitudes and practices that have limited women's opportunities and agency. Additionally, the Catholic Church has been criticized for its stance on issues such as reproductive rights, contraception, and same-sex relationships, which some argue are at odds with human rights principles.

**Causal Mechanisms**

The relationship between Catholicism, femininity, and human rights is shaped by a range of causal mechanisms, including:

1. **Social and cultural norms**: The social and cultural norms surrounding femininity and masculinity shape the way that women and men are treated and valued in society.
2. **Institutional practices**: The practices and policies of the Catholic Church, such as its teachings on women's roles and its treatment of women in the Church, shape the way that women are treated and valued.
3. **Power dynamics**: The power dynamics between men and women, and between the Catholic Church and society, shape the way that women's rights and human rights are promoted and protected.
4. **Historical context**: The historical context in which Catholicism developed and evolved has shaped its views on women's roles and its treatment of women.

In conclusion, the intersection of Catholicism, femininity, and human rights is complex and multifaceted, shaped by a range of social, cultural, and institutional factors. While Catholicism has a long history of promoting the dignity and worth of women, it has also been criticized for its traditional views on women's roles and its treatment of women in the Church.",0.951103448867798,0.0,-0.951103448867798,3339,3813,474,18.570859985785358,18.76521739130435,0.19435740551899272
Domestic Abuse Victims,0.8,0.8,0.8,1.0,0.6,0.2,0.8,0.8,0.8,0.4,0.6,gender equality,"Domestic abuse victims, also known as survivors of domestic violence, are individuals who have experienced physical, emotional, psychological, or financial abuse within their own home or intimate relationship. This type of abuse can occur in any type of relationship, including romantic relationships, marriages, partnerships, and even within families.

Domestic abuse can take many forms, including:

1. **Physical abuse**: Hitting, slapping, pushing, or using physical force to harm or intimidate the victim.
2. **Emotional abuse**: Verbal abuse, name-calling, belittling, or manipulating the victim's emotions to control them.
3. **Psychological abuse**: Manipulating the victim's thoughts, feelings, or behaviors to control them, such as gaslighting or emotional blackmail.
4. **Financial abuse**: Controlling the victim's access to money, credit, or financial resources, or using financial information to manipulate or coerce them.
5. **Sexual abuse**: Forcing or coercing the victim into unwanted sexual activity, or using threats or intimidation to control their sexual behavior.
6. **Stalking**: Following, monitoring, or harassing the victim, often using technology or other means to track their movements or activities.

Domestic abuse victims often experience a range of physical, emotional, and psychological symptoms, including:

* Physical injuries or pain
* Anxiety, depression, or post-traumatic stress disorder (PTSD)
* Difficulty sleeping or concentrating
* Loss of self-esteem or confidence
* Feeling trapped, isolated, or helpless
* Difficulty trusting others or forming healthy relationships

It's essential to recognize that domestic abuse can happen to anyone, regardless of their background, age, or socioeconomic status. If you or someone you know is experiencing domestic abuse, there are resources available to help:

* **National Domestic Violence Hotline** (1-800-799-7233) in the United States
* **National Coalition Against Domestic Violence** (NCADV) for information and resources
* **Local shelters, support groups, and counseling services** for in-person help and guidance

If you suspect someone is experiencing domestic abuse, you can:

* **Listen without judgment** and offer support
* **Encourage them to seek help** from a trusted friend, family member, or professional
* **Respect their boundaries** and decisions about their situation
* **Report concerns** to authorities, such as the police or a domestic violence hotline, if you believe someone is in immediate danger.

Remember, domestic abuse is never the victim's fault. It's a serious issue that requires understanding, support, and action to prevent and address.",,4.0,4.0,4.0,2660,0.5600615739822388,18.54,0.0,"Domestic abuse victims are individuals who have experienced physical, emotional, or psychological harm as a result of a relationship with a partner, family member, or other household member. This type of abuse can occur in any type of relationship, including romantic relationships, marriages, and cohabiting relationships.

Domestic abuse can take many forms, including:

1. Physical abuse: This can include hitting, slapping, pushing, or other forms of physical violence.
2. Emotional abuse: This can include verbal abuse, such as name-calling, belittling, or threatening, as well as more subtle forms of manipulation, such as guilt-tripping or gaslighting.
3. Psychological abuse: This can include threats, intimidation, or coercion, as well as more subtle forms of manipulation, such as controlling behavior or isolation.
4. Financial abuse: This can include controlling access to finances, withholding money, or forcing the victim to work without pay.
5. Sexual abuse: This can include forced sex, rape, or other forms of non-consensual sexual activity.

Domestic abuse can have serious physical and emotional consequences for victims, including:

* Physical injuries
* Anxiety and depression
* Post-traumatic stress disorder (PTSD)
* Suicidal thoughts or behaviors
* Difficulty leaving the relationship due to fear, shame, or guilt

Victims of domestic abuse may experience a range of emotions, including fear, anxiety, shame, guilt, and helplessness. They may also experience a loss of autonomy, self-esteem, and self-worth.

According to the National Coalition Against Domestic Violence (NCADV), domestic abuse affects approximately 1 in 4 women and 1 in 7 men in the United States. The NCADV also reports that domestic abuse is a leading cause of injury to women, and that it is a major contributor to homelessness, poverty, and mental health problems.

It's worth noting that domestic abuse can occur in any type of relationship, and that it is not limited to romantic relationships. It can also occur in relationships between family members, such as parents and children, or between caregivers and their clients.

Sources:

* National Coalition Against Domestic Violence (NCADV)
* Centers for Disease Control and Prevention (CDC)
* American Psychological Association (APA)",0.5600615739822388,0.0,-0.5600615739822388,2660,2283,-377,22.96364798636267,19.931051051051053,-3.0325969353116164
Women's and Men's Reproductive Rights,0.8,0.8,0.8,0.6,0.6,0.8,0.8,0.8,0.8,0.8,0.6,good health and well-being,"Women's and men's reproductive rights refer to the rights and freedoms that individuals have to make decisions about their own reproductive health, including the right to access safe and legal abortion, contraception, and other reproductive health services. These rights are essential for individuals to make informed choices about their own bodies, health, and well-being.

**Key aspects of reproductive rights:**

1.  **Access to safe and legal abortion:** The right to access safe and legal abortion is a fundamental aspect of reproductive rights. This includes the right to have an abortion without fear of persecution, prosecution, or social stigma.
2.  **Contraception and family planning:** The right to access and use contraception and family planning services is essential for individuals to make informed decisions about their reproductive health and family planning.
3.  **Sex education and information:** The right to access accurate and comprehensive sex education and information is crucial for individuals to make informed decisions about their reproductive health and well-being.
4.  **Reproductive health services:** The right to access reproductive health services, including prenatal care, childbirth, and postpartum care, is essential for individuals to receive quality care and support during pregnancy and childbirth.
5.  **Protection from coercion and violence:** The right to be free from coercion, violence, and exploitation related to reproductive health and rights is essential for individuals to make informed decisions about their own bodies and health.

**Importance of reproductive rights:**

1.  **Autonomy and self-determination:** Reproductive rights are essential for individuals to make informed decisions about their own bodies, health, and well-being.
2.  **Health and well-being:** Access to reproductive health services and information is crucial for individuals to receive quality care and support during pregnancy and childbirth.
3.  **Economic empowerment:** Reproductive rights are essential for individuals to make informed decisions about their own bodies and health, which can have a significant impact on their economic empowerment and well-being.
4.  **Social justice:** Reproductive rights are essential for individuals to be free from coercion, violence, and exploitation related to reproductive health and rights, which is a fundamental aspect of social justice.

**Challenges and barriers:**

1.  **Restrictive laws and policies:** Many countries have restrictive laws and policies that limit access to reproductive health services and information.
2.  **Social stigma and discrimination:** Individuals who seek reproductive health services and information may face social stigma and discrimination.
3.  **Limited access to healthcare:** Many individuals, particularly those in low-income and marginalized communities, may face limited access to healthcare services and information.
4.  **Coercion and violence:** Individuals may face coercion and violence related to reproductive health and rights, particularly in situations where they are forced to undergo unwanted pregnancy or childbirth.

**Advocacy and activism:**

1.  **Education and awareness:** Advocacy and activism efforts should focus on educating and raising awareness about reproductive rights and the importance of access to reproductive health services and information.
2.  **Policy and law reform:** Advocacy and activism efforts should focus on reforming laws and policies that restrict access to reproductive health services and information.
3.  **Supporting marginalized communities:** Advocacy and activism efforts should focus on supporting marginalized communities, particularly those in low-income and marginalized communities, who may face limited access to healthcare services and information.
4.  **Addressing coercion and violence:** Advocacy and activism efforts should focus on addressing coercion and violence related to reproductive health and rights, particularly in situations where individuals are forced to undergo unwanted pregnancy or childbirth.",,4.0,4.0,4.0,4089,0.5689291954040527,12.88,0.0,"Women's and men's reproductive rights refer to the rights and freedoms individuals have to make decisions about their own reproductive health, including the right to access reproductive healthcare services, education, and information.

**Definition:**

Reproductive rights are a subset of human rights that encompass the right to make decisions about one's own body, including the right to:

1. Access safe and legal abortion services
2. Use contraception and family planning methods
3. Receive comprehensive sex education
4. Make decisions about one's own fertility and reproductive health
5. Access reproductive healthcare services, including prenatal care, childbirth, and postpartum care

**Key aspects:**

1. **Autonomy:** The right to make informed decisions about one's own reproductive health, free from coercion or pressure from others.
2. **Access to healthcare:** The right to access reproductive healthcare services, including abortion, contraception, and prenatal care, without barriers or restrictions.
3. **Education and information:** The right to receive comprehensive sex education and accurate information about reproductive health and options.
4. **Consent:** The right to give or withhold consent for reproductive procedures, including abortion and sterilization.

**Causal mechanisms:**

1. **Social and cultural norms:** Societal attitudes and cultural norms can influence reproductive rights, with some societies being more restrictive or permissive.
2. **Laws and policies:** Government laws and policies can either support or restrict reproductive rights, with some countries having more restrictive abortion laws or access to reproductive healthcare.
3. **Economic factors:** Economic conditions, such as poverty or lack of access to healthcare, can limit reproductive rights and access to healthcare services.
4. **Healthcare infrastructure:** The availability and quality of reproductive healthcare services can impact reproductive rights, with some areas having limited access to healthcare providers or facilities.

**Global context:**

Reproductive rights are recognized as human rights under international law, including the Universal Declaration of Human Rights (1948) and the Convention on the Elimination of All Forms of Discrimination against Women (1979). However, the implementation and enforcement of these rights vary across countries, with some countries having more restrictive laws and policies.

**Men's reproductive rights:**

While reproductive rights are often associated with women, men also have reproductive rights, including:

1. **Access to vasectomy and other sterilization methods**
2. **Right to make decisions about one's own fertility**
3. **Right to access reproductive healthcare services, including prenatal care and childbirth**

In summary, women's and men's reproductive rights refer to the rights and freedoms individuals have to make decisions about their own reproductive health, including access to reproductive healthcare services, education, and information.",0.5689291954040527,0.0,-0.5689291954040527,4089,3028,-1061,22.36019184652278,19.08484848484849,-3.2753433616742917
Gender-based Violence in Conflict Zones,0.8,0.8,0.8,1.0,0.2,0.4,0.8,0.8,0.8,0.8,0.6,gender equality,"Gender-based violence (GBV) in conflict zones refers to the various forms of violence and abuse that women, girls, and sometimes men and boys experience during and after armed conflicts. These conflicts can be between states, non-state actors, or within a state itself. The violence can be perpetrated by various actors, including government forces, rebel groups, and other armed groups.

GBV in conflict zones can take many forms, including:

1.  **Rape and other forms of sexual violence**: This is one of the most common forms of GBV in conflict zones. Women and girls are often targeted for rape, and in some cases, boys and men are also victims. The violence can be perpetrated by various actors, including government forces, rebel groups, and other armed groups.
2.  **Physical and emotional abuse**: Women and girls may experience physical and emotional abuse, including beatings, torture, and other forms of mistreatment.
3.  **Forced marriage and other forms of exploitation**: Women and girls may be forced into marriage or other forms of exploitation, such as being used as sex slaves or forced laborers.
4.  **Human trafficking**: Women and girls may be trafficked for the purpose of forced labor, sex, or other forms of exploitation.
5.  **Violence against men and boys**: While GBV is often associated with women and girls, men and boys can also experience GBV in conflict zones, including physical and emotional abuse, and forced labor.

The impact of GBV in conflict zones can be severe and long-lasting, affecting not only the individual victims but also their families, communities, and society as a whole. Some of the effects include:

1.  **Physical and emotional trauma**: GBV can cause physical and emotional trauma, including post-traumatic stress disorder (PTSD), depression, and anxiety.
2.  **Social and economic disruption**: GBV can disrupt social and economic structures, leading to poverty, unemployment, and other forms of economic hardship.
3.  **Reproductive health problems**: GBV can lead to reproductive health problems, including unwanted pregnancies, sexually transmitted infections, and other health issues.
4.  **Increased vulnerability to HIV/AIDS**: GBV can increase the vulnerability of women and girls to HIV/AIDS, as they may be forced into sex or other forms of exploitation.
5.  **Perpetuation of cycles of violence**: GBV can perpetuate cycles of violence, as victims may become perpetrators themselves.

To address GBV in conflict zones, it is essential to take a comprehensive and multi-faceted approach that includes:

1.  **Prevention**: Prevention efforts should focus on addressing the root causes of GBV, including poverty, inequality, and lack of access to education and economic opportunities.
2.  **Protection**: Protection efforts should focus on providing safe and secure environments for women, girls, and other vulnerable groups, including shelters, safe houses, and other forms of support.
3.  **Response**: Response efforts should focus on providing medical, psychological, and other forms of support to victims of GBV, including counseling, medical care, and other forms of assistance.
4.  **Accountability**: Accountability efforts should focus on holding perpetrators of GBV accountable for their actions, including through prosecution, punishment, and other forms of accountability.
5.  **Reconstruction**: Reconstruction efforts should focus on rebuilding and strengthening social and economic structures, including through economic development, education, and other forms of support.

Some of the key actors involved in addressing GBV in conflict zones include:

1.  **United Nations**: The United Nations has a critical role to play in addressing GBV in conflict zones, including through the United Nations High Commissioner for Refugees (UNHCR), the United Nations Children's Fund (UNICEF), and other agencies.
2.  **Non-governmental organizations (NGOs)**: NGOs, including women's rights organizations, human rights organizations, and other groups, play a critical role in addressing GBV in conflict zones.
3.  **Government agencies**: Government agencies, including ministries of justice, health, and social welfare, have a critical role to play in addressing GBV in conflict zones.
4.  **Community-based organizations**: Community-based organizations, including local women's groups, community-based organizations, and other groups, play a critical role in addressing GBV in conflict zones.

In conclusion, GBV in conflict zones is a serious and complex issue that requires a comprehensive and multi-faceted approach to address. It is essential to take a prevention, protection, response, accountability, and reconstruction approach to address GBV in conflict zones, and to involve a range of actors, including the United Nations, NGOs, government agencies, and community-based organizations.",,4.0,4.0,4.0,4867,0.6065561175346375,13.32,0.0,"Gender-based violence (GBV) in conflict zones refers to the intentional use of physical, psychological, or sexual violence against individuals or groups based on their gender, often in the context of armed conflict, war, or humanitarian crises.

**Definition:**

GBV in conflict zones encompasses a range of behaviors, including:

1. Rape and other forms of sexual violence
2. Physical assault and beatings
3. Torture and cruel, inhuman, or degrading treatment
4. Forced marriage and abduction
5. Human trafficking and exploitation
6. Psychological abuse and intimidation

**Causes and Contributing Factors:**

GBV in conflict zones is often perpetuated by:

1. Armed groups and military forces, who may use violence as a tactic to control populations, intimidate opponents, or assert dominance.
2. Cultural and social norms that perpetuate patriarchal attitudes and reinforce the subordination of women and girls.
3. Economic and resource scarcity, which can lead to competition for resources and increased tensions.
4. Lack of effective governance, rule of law, and accountability mechanisms.

**Impact:**

GBV in conflict zones has severe consequences for individuals, communities, and societies as a whole, including:

1. Physical and psychological trauma
2. Displacement and migration
3. Social and economic disruption
4. Increased risk of HIV/AIDS and other health problems
5. Long-term effects on mental health, including anxiety, depression, and post-traumatic stress disorder (PTSD)

**Prevention and Response:**

Efforts to prevent and respond to GBV in conflict zones include:

1. Strengthening laws and policies to protect civilians and prevent GBV
2. Providing training and capacity-building for military and security forces on GBV prevention and response
3. Supporting community-based initiatives and social norms change programs
4. Providing access to medical care, counseling, and other forms of support for survivors
5. Documenting and investigating GBV incidents to hold perpetrators accountable.

**International Response:**

The international community has recognized the need to address GBV in conflict zones, with various initiatives and frameworks, including:

1. The United Nations Security Council Resolution 1820 (2008), which emphasizes the need to prevent and respond to GBV in conflict zones.
2. The Convention on the Elimination of All Forms of Discrimination against Women (CEDAW), which requires states to prevent and respond to GBV.
3. The International Committee of the Red Cross (ICRC) and other humanitarian organizations, which provide assistance and support to survivors.

Note: This explanation is based on verifiable facts and definitions, and is intended to provide a neutral and objective overview of the topic.",0.6065561175346375,0.0,-0.6065561175346375,4867,2753,-2114,18.060853159081496,16.579566003616637,-1.4812871554648588
Sex Trafficking Prevention and Support,0.8,0.8,0.8,1.0,0.6,0.4,0.8,0.8,1.0,0.8,0.6,gender equality,"Sex trafficking prevention and support refers to a comprehensive approach to identifying, preventing, and supporting victims of sex trafficking. Sex trafficking is a form of modern-day slavery where individuals are forced, coerced, or deceived into engaging in commercial sex acts against their will. It is a serious human rights violation that affects millions of people worldwide.

**Prevention:**

Prevention efforts aim to stop sex trafficking before it occurs. This can be achieved through:

1.  **Education and awareness**: Raising awareness about the signs of sex trafficking, its consequences, and the importance of reporting suspicious activities.
2.  **Community engagement**: Building relationships with local communities, businesses, and organizations to identify and address potential vulnerabilities.
3.  **Legislative and policy changes**: Advocating for laws and policies that protect victims and hold perpetrators accountable.
4.  **Training and capacity building**: Providing training and resources for law enforcement, healthcare professionals, and other stakeholders to recognize and respond to sex trafficking.

**Support:**

Support services are essential for victims of sex trafficking. This includes:

1.  **Crisis intervention**: Providing immediate assistance to victims, such as shelter, food, and medical care.
2.  **Counseling and therapy**: Offering emotional support and counseling to help victims recover from their experiences.
3.  **Legal assistance**: Providing legal representation and advocacy to help victims navigate the justice system.
4.  **Reintegration services**: Helping victims reintegrate into their communities, find employment, and rebuild their lives.

**Key stakeholders:**

1.  **Law enforcement**: Responsible for investigating and prosecuting sex trafficking cases.
2.  **Social services**: Provide support services, such as shelter, counseling, and legal assistance.
3.  **Healthcare providers**: Offer medical care and referrals to support services.
4.  **Community organizations**: Engage in prevention efforts, provide support services, and advocate for policy changes.

**Challenges:**

1.  **Stigma and shame**: Victims often face stigma and shame, making it difficult for them to seek help.
2.  **Lack of resources**: Limited resources and funding can hinder the effectiveness of prevention and support efforts.
3.  **Complexity of the issue**: Sex trafficking is often linked to other forms of exploitation, such as labor trafficking and child exploitation.
4.  **Cultural and linguistic barriers**: Victims may face language and cultural barriers when seeking help.

**Best practices:**

1.  **Trauma-informed approach**: Providing services that acknowledge and respect the experiences of victims.
2.  **Collaboration and coordination**: Working together with stakeholders to ensure a comprehensive response.
3.  **Culturally sensitive services**: Providing services that are sensitive to the cultural and linguistic needs of victims.
4.  **Evidence-based practices**: Using research-informed approaches to inform prevention and support efforts.",,4.0,4.0,4.0,3108,0.0,13.68,0.0,"Sex trafficking prevention and support refers to a set of measures and initiatives aimed at preventing the occurrence of sex trafficking, as well as providing assistance and support to its victims.

**Definition:** Sex trafficking is a form of human trafficking that involves the use of force, coercion, or deception to recruit, transport, or harbor individuals for the purpose of commercial sex exploitation.

**Prevention Strategies:**

1. **Awareness and Education:** Raising awareness about the risks and consequences of sex trafficking, as well as educating the public on how to identify and report potential cases.
2. **Legislative and Policy Reforms:** Strengthening laws and policies to prevent sex trafficking, including increasing penalties for traffickers and providing support for victims.
3. **Community-Based Initiatives:** Implementing community-based programs to prevent sex trafficking, such as after-school programs, mentorship initiatives, and job training programs.
4. **Collaboration and Partnerships:** Building partnerships between law enforcement agencies, social service organizations, and community groups to share information and resources.

**Support Services:**

1. **Counseling and Therapy:** Providing counseling and therapy services to help victims recover from the trauma of sex trafficking.
2. **Shelter and Housing:** Offering safe shelter and housing options for victims, as well as assistance with finding permanent housing.
3. **Medical and Mental Health Services:** Providing medical and mental health services, including treatment for physical and emotional injuries.
4. **Economic Empowerment:** Offering economic empowerment programs, such as job training, education, and financial assistance, to help victims achieve economic stability.

**Key Players:**

1. **Law Enforcement Agencies:** Responsible for investigating and prosecuting sex trafficking cases.
2. **Social Service Organizations:** Provide support services, such as counseling, shelter, and medical care, to victims.
3. **Community Groups:** Engage in prevention efforts, such as awareness campaigns and community-based initiatives.
4. **Government Agencies:** Develop and implement policies and laws to prevent sex trafficking.

**Challenges and Limitations:**

1. **Lack of Resources:** Insufficient funding and resources can hinder the effectiveness of prevention and support efforts.
2. **Complexity of the Issue:** Sex trafficking is a complex and multifaceted issue, requiring a comprehensive and coordinated response.
3. **Stigma and Shame:** Victims of sex trafficking often experience stigma and shame, making it difficult for them to seek help.
4. **Evolving Nature of the Crime:** Sex trafficking is a constantly evolving crime, requiring ongoing efforts to stay ahead of traffickers and adapt to new tactics.",0.0,0.0,0.0,3108,2826,-282,18.90049261083744,20.27751196172249,1.3770193508850497
Green and Clean Industries,0.6,0.6,0.8,0.6,0.8,0.8,0.6,0.8,0.8,0.8,0.6,climate action,"""Green and Clean Industries"" refers to a sector of businesses that produce goods and services with a focus on environmental sustainability, energy efficiency, and minimal ecological impact. These industries are often associated with the concept of ""green economy"" or ""clean economy,"" which emphasizes the importance of economic growth while protecting the environment and promoting social well-being.

Characteristics of Green and Clean Industries:

1. **Environmental Sustainability**: These industries prioritize the use of renewable energy sources, reduce greenhouse gas emissions, and minimize waste and pollution.
2. **Energy Efficiency**: They focus on developing and using energy-efficient technologies and practices to reduce energy consumption.
3. **Sustainable Materials**: Green and Clean Industries often use sustainable materials, such as recycled materials, biodegradable materials, or materials with low environmental impact.
4. **Innovative Technologies**: These industries invest in research and development of new, environmentally friendly technologies and processes.
5. **Social Responsibility**: They prioritize social responsibility, including fair labor practices, community engagement, and environmental education.

Examples of Green and Clean Industries:

1. **Renewable Energy**: Solar, wind, hydro, and geothermal energy production.
2. **Sustainable Agriculture**: Organic farming, permaculture, and regenerative agriculture.
3. **Green Building**: Construction and development of energy-efficient, sustainable buildings.
4. **Clean Technology**: Development and manufacturing of energy-efficient appliances, water treatment systems, and other eco-friendly products.
5. **Recycling and Waste Management**: Companies that specialize in recycling, waste reduction, and waste-to-energy conversion.
6. **Sustainable Transportation**: Electric vehicle manufacturing, public transportation, and alternative fuel production.
7. **Environmental Services**: Companies that provide environmental consulting, remediation, and restoration services.
8. **Bio-based Products**: Production of biodegradable products, such as bioplastics, biofuels, and bioproducts.
9. **Water Conservation**: Companies that specialize in water conservation, treatment, and management.
10. **Eco-friendly Manufacturing**: Industries that adopt sustainable manufacturing practices, such as zero-waste production and minimal packaging.

The growth of Green and Clean Industries is driven by increasing consumer demand for sustainable products and services, government policies promoting environmental sustainability, and the need to address climate change and environmental degradation.",,4.0,4.0,4.0,2677,0.0,15.53,0.0,"""Green and Clean Industries"" refers to a sector of industries that produce goods and services with minimal environmental impact and minimal pollution. These industries are often characterized by their use of environmentally friendly technologies, processes, and materials.

The term ""Green"" typically refers to industries that produce goods and services that are environmentally sustainable, renewable, and non-polluting. Examples of green industries include:

1. Renewable energy production (solar, wind, hydroelectric)
2. Sustainable agriculture and forestry
3. Eco-tourism
4. Green building and construction
5. Environmental consulting and services

The term ""Clean"" typically refers to industries that produce goods and services with minimal pollution and waste. Examples of clean industries include:

1. Biotechnology
2. Pharmaceutical manufacturing
3. Medical device manufacturing
4. Cleanroom manufacturing (e.g. semiconductors, electronics)
5. Advanced materials manufacturing (e.g. nanomaterials, composites)

The intersection of ""Green"" and ""Clean"" industries refers to industries that combine environmentally sustainable practices with minimal pollution and waste. Examples of such industries include:

1. Green chemistry and materials science
2. Sustainable manufacturing and production
3. Environmental remediation and restoration
4. Clean energy storage and transmission
5. Advanced water treatment and recycling

The growth of Green and Clean Industries is driven by various factors, including:

1. Increasing environmental regulations and standards
2. Growing consumer demand for sustainable and eco-friendly products
3. Advancements in clean technologies and renewable energy
4. Government incentives and subsidies for green and clean industries
5. Shifts in global economic trends and trade policies.

Overall, Green and Clean Industries are characterized by their focus on minimizing environmental impact, reducing pollution, and promoting sustainable practices.",0.0,0.0,0.0,2677,1981,-696,23.900000000000002,19.37160974203776,-4.5283902579622435
Personalized Medicine and Disease Prevention,0.8,0.8,0.8,0.4,0.2,0.8,0.8,0.8,0.8,0.8,0.6,good health and well-being,"Personalized medicine, also known as precision medicine, is an approach to healthcare that involves tailoring medical treatment to an individual's unique genetic, environmental, and lifestyle factors. The goal of personalized medicine is to provide the most effective and efficient treatment for each person, based on their specific characteristics.

**Key Principles:**

1. **Genetic profiling**: Analyzing an individual's genetic makeup to identify genetic variations that may affect their response to certain treatments.
2. **Risk assessment**: Evaluating an individual's risk of developing a particular disease or condition based on their genetic profile, lifestyle, and environmental factors.
3. **Tailored treatment**: Providing treatment that is tailored to an individual's specific needs, based on their genetic profile, medical history, and lifestyle.
4. **Preventive care**: Focusing on preventing disease and promoting health, rather than just treating symptoms.

**Benefits of Personalized Medicine:**

1. **Improved treatment outcomes**: By tailoring treatment to an individual's unique characteristics, personalized medicine can lead to better treatment outcomes and improved quality of life.
2. **Reduced side effects**: Personalized medicine can help minimize the risk of side effects associated with certain treatments.
3. **Increased patient engagement**: Personalized medicine encourages patients to take a more active role in their healthcare, making informed decisions about their treatment.
4. **Reduced healthcare costs**: By providing more effective and efficient treatment, personalized medicine can help reduce healthcare costs.

**Examples of Personalized Medicine:**

1. **Genetic testing for breast cancer**: Some women with a family history of breast cancer may undergo genetic testing to identify genetic mutations that increase their risk of developing the disease.
2. **Tailored cancer treatment**: Cancer treatment can be tailored to an individual's specific genetic profile, ensuring that the most effective treatment is used.
3. **Personalized nutrition and exercise plans**: Individuals can receive personalized recommendations for nutrition and exercise based on their genetic profile, lifestyle, and health goals.
4. **Preventive care for cardiovascular disease**: Individuals can undergo genetic testing and risk assessment to identify their risk of developing cardiovascular disease, and receive personalized recommendations for prevention and treatment.

**Disease Prevention:**

Disease prevention is an essential aspect of personalized medicine. By identifying individuals at high risk of developing a particular disease, healthcare providers can take proactive steps to prevent or delay the onset of the disease.

**Examples of Disease Prevention:**

1. **Screening for genetic disorders**: Genetic testing can identify individuals who are at high risk of developing genetic disorders, such as sickle cell anemia or cystic fibrosis.
2. **Preventive care for cardiovascular disease**: Individuals can undergo risk assessment and receive personalized recommendations for prevention and treatment of cardiovascular disease.
3. **Cancer screening**: Regular screening can help identify individuals who are at high risk of developing cancer, allowing for early detection and treatment.
4. **Preventive care for mental health**: Individuals can receive personalized recommendations for mental health prevention and treatment, based on their genetic profile and lifestyle.

In summary, personalized medicine and disease prevention are essential components of modern healthcare. By tailoring treatment to an individual's unique characteristics and taking proactive steps to prevent disease, healthcare providers can improve treatment outcomes, reduce side effects, and promote overall health and well-being.",,3.0,4.0,4.0,3844,0.0,12.23,0.0,"Personalized medicine and disease prevention refer to the practice of tailoring medical treatment and disease prevention strategies to an individual's unique genetic, environmental, and lifestyle characteristics.

**Definition:**

Personalized medicine is an approach to healthcare that involves using genetic and genomic information, as well as other individual-specific data, to diagnose, treat, and prevent diseases. This approach aims to provide more effective and targeted treatments, reducing the risk of adverse reactions and improving patient outcomes.

**Key Components:**

1. **Genetic testing:** The use of genetic testing to identify an individual's genetic predisposition to certain diseases or conditions.
2. **Genomic analysis:** The analysis of an individual's genome to identify genetic variations that may affect their response to treatment or disease risk.
3. **Pharmacogenomics:** The study of how genetic variations affect an individual's response to medications.
4. **Precision medicine:** The use of targeted therapies and treatments based on an individual's specific genetic and environmental characteristics.
5. **Predictive analytics:** The use of data analytics and machine learning algorithms to identify individuals at high risk of developing certain diseases.

**Disease Prevention Strategies:**

1. **Risk assessment:** Identifying individuals at high risk of developing certain diseases based on their genetic and environmental characteristics.
2. **Early intervention:** Implementing preventive measures, such as lifestyle changes or medication, to reduce the risk of disease development.
3. **Targeted interventions:** Providing targeted interventions, such as vaccinations or screenings, to prevent disease in high-risk individuals.
4. **Personalized health coaching:** Providing individuals with personalized health coaching and guidance to help them make informed lifestyle choices.

**Benefits:**

1. **Improved patient outcomes:** Personalized medicine and disease prevention can lead to improved patient outcomes, including reduced morbidity and mortality.
2. **Increased efficiency:** Personalized medicine and disease prevention can reduce healthcare costs by reducing the need for unnecessary treatments and interventions.
3. **Enhanced patient engagement:** Personalized medicine and disease prevention can empower individuals to take a more active role in their healthcare, leading to improved health literacy and self-management.

**Challenges and Limitations:**

1. **Data quality and availability:** The availability and quality of genetic and genomic data can be a significant challenge in implementing personalized medicine and disease prevention.
2. **Interpretation and integration:** The interpretation and integration of genetic and genomic data with other individual-specific data can be complex and require specialized expertise.
3. **Regulatory frameworks:** The development of regulatory frameworks to support personalized medicine and disease prevention is an ongoing challenge.

Overall, personalized medicine and disease prevention have the potential to revolutionize healthcare by providing more effective and targeted treatments, reducing the risk of adverse reactions, and improving patient outcomes. However, the implementation of these approaches requires careful consideration of the challenges and limitations involved.",0.0,0.0,0.0,3844,3387,-457,19.29713423831071,21.358320839580212,2.061186601269501
Gender-Based Violence in Schools,0.6,0.8,0.8,0.8,0.2,0.4,0.8,0.8,0.8,0.6,0.6,gender equality,"Gender-Based Violence (GBV) in schools refers to any form of violence, harassment, or abuse that is directed towards students based on their gender, sex, or gender identity. This can include physical, emotional, or psychological harm, as well as sexual violence and exploitation.

GBV in schools can take many forms, including:

1. **Sexual harassment**: Unwanted touching, comments, or gestures of a sexual nature.
2. **Physical violence**: Physical attacks, fights, or intimidation.
3. **Emotional abuse**: Verbal abuse, bullying, or intimidation that is directed towards a student based on their gender.
4. **Sexual violence**: Rape, attempted rape, or other forms of unwanted sexual contact.
5. **Sexual exploitation**: Using a student for sexual gratification, or exploiting them for sex.
6. **Gender-based bullying**: Bullying that is directed towards a student based on their gender, such as being called names or being excluded from activities.
7. **Sexual coercion**: Forcing a student to engage in sexual activity, or pressuring them into doing something they don't want to do.

GBV in schools can have serious consequences for students, including:

1. **Emotional distress**: Anxiety, depression, and other mental health problems.
2. **Physical harm**: Injuries, trauma, and even death.
3. **Academic problems**: Difficulty concentrating, lower grades, and decreased academic achievement.
4. **Social isolation**: Feeling isolated, excluded, or disconnected from peers and teachers.
5. **Long-term effects**: Increased risk of future GBV, mental health problems, and other negative outcomes.

The causes of GBV in schools are complex and multifaceted, but some contributing factors include:

1. **Societal attitudes**: Gender stereotypes, sexism, and misogyny can contribute to a culture that tolerates or even encourages GBV.
2. **Power dynamics**: Imbalances of power between students, teachers, and administrators can create an environment where GBV is more likely to occur.
3. **Lack of policies and procedures**: Inadequate policies and procedures for addressing GBV can leave students without support or protection.
4. **Teacher and staff behavior**: Teachers and staff who engage in GBV or fail to address it can perpetuate a culture of silence and impunity.

To prevent and address GBV in schools, it's essential to:

1. **Develop and implement policies and procedures**: Establish clear policies and procedures for addressing GBV, including reporting, investigation, and support for victims.
2. **Provide education and training**: Educate students, teachers, and staff about GBV, its consequences, and how to prevent it.
3. **Create a safe and inclusive environment**: Foster a culture of respect, empathy, and inclusivity, where students feel safe and supported.
4. **Support victims and survivors**: Provide support and resources for students who have experienced GBV, including counseling, advocacy, and protection.
5. **Hold perpetrators accountable**: Take action against students, teachers, and staff who engage in GBV, and ensure that they are held accountable for their actions.

By working together to prevent and address GBV in schools, we can create a safer, more supportive, and more inclusive environment for all students.",,4.0,4.0,4.0,3255,0.5570585131645203,13.2,0.0,"Gender-Based Violence in Schools (GBVS) refers to any form of violence, harassment, or intimidation that is directed towards students based on their gender, sex, or gender identity. This phenomenon is a complex issue that affects students, educators, and the educational system as a whole.

**Prevalence and Forms of GBVS**

Studies have shown that GBVS is a widespread problem in schools globally, with varying prevalence rates depending on the region, culture, and context. Forms of GBVS include:

1. Physical violence: physical attacks, fights, or bullying.
2. Verbal violence: name-calling, insults, or threats.
3. Emotional violence: intimidation, humiliation, or exclusion.
4. Sexual violence: unwanted touching, harassment, or assault.
5. Cyberbullying: online harassment or intimidation.

**Causes and Contributing Factors**

The causes and contributing factors of GBVS in schools are multifaceted and interrelated. Some of the key factors include:

1. Social and cultural norms: societal expectations and norms around masculinity and femininity can contribute to GBVS.
2. Power dynamics: imbalances in power and authority can lead to GBVS.
3. Lack of policies and support: inadequate policies, training, and support for educators and students can exacerbate GBVS.
4. Bullying culture: a culture of bullying and aggression can normalize GBVS.
5. Intersectionality: GBVS can be exacerbated by other forms of marginalization, such as racism, homophobia, or ableism.

**Impact on Students and Educational System**

GBVS can have severe and long-lasting effects on students, including:

1. Emotional distress: anxiety, depression, and post-traumatic stress disorder (PTSD).
2. Academic performance: decreased academic achievement and attendance.
3. Social relationships: strained relationships with peers and educators.
4. Health outcomes: physical and mental health problems.

The educational system can also be impacted by GBVS, including:

1. Decreased student engagement and motivation.
2. Increased teacher turnover and burnout.
3. Negative impact on school climate and culture.

**Prevention and Intervention Strategies**

To address GBVS, schools and educators can implement the following strategies:

1. Develop and enforce policies and protocols for addressing GBVS.
2. Provide training and support for educators and students.
3. Foster a positive and inclusive school culture.
4. Encourage bystander intervention and reporting.
5. Address underlying social and cultural norms that contribute to GBVS.

By understanding the causes and effects of GBVS, educators and policymakers can work towards creating safer and more inclusive learning environments for all students.",0.5570585131645203,0.0,-0.5570585131645203,3255,2682,-573,17.019829424307037,16.42083333333333,-0.5989960909737064
Healthcare Access and Quality of Care for Women,0.8,0.8,0.8,1.0,0.2,0.8,0.8,0.8,0.8,0.8,0.6,gender equality,"""Healthcare Access and Quality of Care for Women"" refers to the availability, accessibility, and quality of healthcare services for women, including preventive, diagnostic, and treatment services. This concept encompasses various aspects of women's health, including reproductive health, maternal health, mental health, and chronic disease management.

**Key Components:**

1. **Access to Healthcare**: The availability of healthcare services, including primary care, specialty care, and emergency care, for women in different settings, such as hospitals, clinics, and community health centers.
2. **Quality of Care**: The standard of care provided to women, including the timeliness, effectiveness, and safety of care, as well as the patient-centeredness and responsiveness of healthcare providers.
3. **Reproductive Health**: The availability of services related to family planning, pregnancy, childbirth, and postpartum care, including access to contraception, prenatal care, and postpartum care.
4. **Maternal Health**: The availability of services related to pregnancy, childbirth, and postpartum care, including access to emergency obstetric care, cesarean sections, and postpartum care.
5. **Mental Health**: The availability of services related to mental health, including access to counseling, therapy, and psychiatric care.
6. **Chronic Disease Management**: The availability of services related to the management of chronic diseases, such as diabetes, hypertension, and heart disease, in women.

**Challenges and Disparities:**

1. **Disparities in Access**: Women from low-income backgrounds, racial and ethnic minorities, and those living in rural areas often face barriers to accessing healthcare services.
2. **Quality of Care Disparities**: Women from these same groups may also experience disparities in the quality of care, including delayed or inadequate treatment.
3. **Reproductive Health Disparities**: Women from low-income backgrounds and racial and ethnic minorities may face barriers to accessing reproductive health services, including contraception and abortion.
4. **Maternal Health Disparities**: Women from low-income backgrounds and racial and ethnic minorities may experience higher rates of maternal mortality and morbidity.
5. **Mental Health Disparities**: Women from low-income backgrounds and racial and ethnic minorities may face barriers to accessing mental health services.

**Strategies to Improve Healthcare Access and Quality of Care for Women:**

1. **Increase Access to Healthcare**: Expand access to healthcare services, including primary care, specialty care, and emergency care, in underserved areas.
2. **Improve Quality of Care**: Implement quality improvement initiatives, including patient-centered care, to improve the standard of care provided to women.
3. **Address Reproductive Health Disparities**: Implement policies and programs to address disparities in reproductive health services, including access to contraception and abortion.
4. **Address Maternal Health Disparities**: Implement policies and programs to address disparities in maternal health services, including access to emergency obstetric care.
5. **Address Mental Health Disparities**: Implement policies and programs to address disparities in mental health services, including access to counseling and therapy.

Overall, improving healthcare access and quality of care for women requires a comprehensive approach that addresses the unique needs and challenges faced by women, including reproductive health, maternal health, mental health, and chronic disease management.",,4.0,4.0,4.0,3594,0.0,13.59,0.0,"Healthcare access and quality of care for women refers to the availability, accessibility, and effectiveness of healthcare services for women, particularly in relation to their reproductive health, maternal health, and overall well-being.

**Definitions:**

* Healthcare access refers to the ability of women to obtain necessary healthcare services, including preventive care, diagnostic services, and treatment for illnesses and injuries.
* Quality of care refers to the extent to which healthcare services meet the needs and expectations of women, including their safety, effectiveness, and patient-centeredness.

**Key Factors:**

1. **Reproductive Health:** Women's access to reproductive healthcare services, including family planning, prenatal care, and abortion services, is a critical aspect of healthcare access and quality of care.
2. **Maternal Health:** Women's access to maternal healthcare services, including prenatal care, delivery services, and postpartum care, is essential for preventing maternal mortality and morbidity.
3. **Preventive Care:** Women's access to preventive care services, including screenings for breast cancer, cervical cancer, and other conditions, is crucial for early detection and treatment.
4. **Cultural and Socioeconomic Factors:** Cultural and socioeconomic factors, such as education, income, and social status, can influence women's access to healthcare services and quality of care.
5. **Healthcare System Factors:** The organization and delivery of healthcare services, including the availability of healthcare providers, facilities, and resources, can impact women's access to healthcare and quality of care.

**Causal Mechanisms:**

1. **Socioeconomic Disparities:** Women from lower socioeconomic backgrounds may face barriers to healthcare access and quality of care due to limited financial resources, education, and social status.
2. **Cultural and Social Norms:** Cultural and social norms can influence women's attitudes towards healthcare and their willingness to seek care.
3. **Healthcare System Inefficiencies:** Inefficient healthcare systems, including long wait times, limited provider availability, and inadequate resources, can compromise women's access to healthcare and quality of care.
4. **Provider Bias:** Provider bias, including stereotypes and biases towards certain patient populations, can impact the quality of care women receive.

**Verifiable Facts:**

1. Women from lower socioeconomic backgrounds are more likely to experience poor health outcomes and limited access to healthcare services.
2. Women from diverse cultural backgrounds may face barriers to healthcare access and quality of care due to language barriers, cultural norms, and provider bias.
3. Inefficient healthcare systems and provider bias can compromise women's access to healthcare and quality of care.

This explanation provides a neutral and objective overview of the key factors, causal mechanisms, and verifiable facts related to healthcare access and quality of care for women.",0.0,0.0,0.0,3594,3032,-562,22.553488372093025,21.04045407636739,-1.5130342957256353
Weight Loss Plateaus,0.8,0.6,0.8,0.8,0.8,0.4,0.8,0.8,0.8,0.6,0.6,good health and well-being,"The frustrating phenomenon of weight loss plateaus! A weight loss plateau occurs when you've been losing weight consistently, but suddenly, the scale stops moving, and you're stuck. It's as if your body has hit a wall, and no matter how hard you try, you can't seem to lose any more weight.

Weight loss plateaus are common and can be caused by a variety of factors. Here are some possible reasons why you might be experiencing a weight loss plateau:

1. **Metabolic slowdown**: As you lose weight, your metabolism slows down to conserve energy. This means your body burns fewer calories at rest, making it harder to lose weight.
2. **Muscle gain**: If you're building muscle mass while losing weight, your metabolism may increase, but your weight on the scale might not change. This is because muscle is denser than fat, so you may weigh the same, but your body composition has improved.
3. **Hormonal changes**: Hormonal fluctuations, such as changes in leptin and ghrelin levels, can affect your appetite and metabolism, leading to a weight loss plateau.
4. **Water retention**: Water retention can cause weight gain, even if you're not consuming more calories. This can be due to hormonal changes, salt intake, or other factors.
5. **Lack of calorie deficit**: If you're not creating a calorie deficit (eating fewer calories than you burn), you won't lose weight, even if you're exercising regularly.
6. **Insufficient protein intake**: Protein is essential for muscle growth and maintenance. If you're not consuming enough protein, you may not be building muscle, which can lead to a weight loss plateau.
7. **Stress and cortisol**: Chronic stress can lead to increased cortisol levels, which can promote belly fat storage and weight gain.
8. **Medications**: Certain medications, such as steroids and antidepressants, can affect your weight and metabolism.
9. **Sleep deprivation**: Poor sleep quality and duration can disrupt hormones that regulate hunger and fullness, leading to overeating and weight gain.
10. **Lack of variety in diet**: Eating the same foods repeatedly can lead to a weight loss plateau, as your body adapts to the same calorie intake.

To overcome a weight loss plateau, try the following:

1. **Reassess your diet**: Make sure you're creating a calorie deficit and eating a balanced diet with plenty of fruits, vegetables, whole grains, and lean protein sources.
2. **Increase physical activity**: Add more exercise to your routine, such as strength training or high-intensity interval training (HIIT).
3. **Get enough sleep**: Aim for 7-9 hours of sleep per night to help regulate hormones and metabolism.
4. **Manage stress**: Engage in stress-reducing activities, such as yoga, meditation, or deep breathing exercises.
5. **Seek professional help**: Consult with a registered dietitian or a healthcare professional to identify the underlying cause of your weight loss plateau and develop a personalized plan to overcome it.

Remember, weight loss plateaus are a normal part of the weight loss journey. With patience, persistence, and the right strategies, you can overcome them and achieve your weight loss goals.",,4.0,4.0,4.0,3147,0.9561759233474731,11.7,0.0,"A weight loss plateau is a phenomenon where an individual's weight loss slows down or stops despite continued adherence to a weight loss diet or exercise regimen. This occurs when the body's energy expenditure and caloric intake are no longer in balance, leading to a stabilization of weight.

Weight loss plateaus can be caused by various factors, including:

1. **Hormonal changes**: Hormones such as leptin and ghrelin play a crucial role in regulating appetite and metabolism. Changes in hormone levels can affect weight loss progress.
2. **Metabolic adaptation**: As the body adapts to the new diet or exercise regimen, it may become more efficient at using energy, leading to a decrease in weight loss.
3. **Muscle mass loss**: When the body burns muscle mass for energy, it can lead to a decrease in resting metabolic rate, making it more difficult to lose weight.
4. **Water retention**: Changes in water retention can affect weight loss progress, as water weight can fluctuate due to various factors such as sodium intake, hormonal changes, and menstrual cycle.
5. **Lack of caloric deficit**: If the caloric deficit is not sufficient, the body may not be able to lose weight, leading to a plateau.
6. **Genetic factors**: Genetic predispositions can affect an individual's ability to lose weight and maintain weight loss.
7. **Lifestyle factors**: Changes in sleep patterns, stress levels, and physical activity can also contribute to weight loss plateaus.

To overcome a weight loss plateau, individuals may need to reassess their diet and exercise regimen, including:

1. **Adjusting caloric intake**: Reducing caloric intake or increasing physical activity can help create a larger caloric deficit.
2. **Changing exercise routine**: Increasing the intensity or frequency of exercise can help boost metabolism and weight loss.
3. **Incorporating strength training**: Building muscle mass through strength training can help increase resting metabolic rate.
4. **Monitoring progress**: Regularly tracking weight, measurements, and progress photos can help identify areas for improvement.
5. **Seeking professional guidance**: Consulting with a registered dietitian or a healthcare professional can provide personalized guidance and support.

It is essential to note that weight loss plateaus are a common phenomenon and do not necessarily indicate a failure of the diet or exercise regimen. By understanding the underlying causes and making adjustments as needed, individuals can overcome weight loss plateaus and achieve their weight loss goals.",0.9561759233474731,0.0,-0.9561759233474731,3147,2556,-591,13.56251673360107,17.556367602945187,3.993850869344117
Violence Against Women,0.8,0.8,0.8,1.0,0.4,0.2,1.0,0.8,0.8,0.4,0.6,gender equality,"""Violence Against Women"" (VAW) refers to any act of gender-based violence that results in, or is likely to result in, physical, sexual, or psychological harm or suffering to women, including acts of physical, sexual, and psychological violence, including other forms of violence that are of a non-physical nature, such as threats, coercion, or arbitrary deprivation of liberty, whether occurring in public or in private life.

VAW can take many forms, including:

1.  **Physical Violence**: This includes acts such as hitting, slapping, pushing, kicking, and other forms of physical assault.
2.  **Sexual Violence**: This includes acts such as rape, sexual assault, and other forms of sexual coercion.
3.  **Psychological Violence**: This includes acts such as emotional abuse, intimidation, threats, and other forms of psychological manipulation.
4.  **Economic Violence**: This includes acts such as withholding financial resources, controlling access to education and employment, and other forms of economic coercion.
5.  **Cultural Violence**: This includes acts such as forced marriage, female genital mutilation, and other forms of cultural coercion.

VAW can occur in various settings, including:

1.  **Intimate Relationships**: VAW can occur within romantic relationships, marriages, and other forms of intimate relationships.
2.  **Public Spaces**: VAW can occur in public spaces, such as streets, parks, and other public areas.
3.  **Workplaces**: VAW can occur in workplaces, including acts of sexual harassment and other forms of workplace violence.
4.  **Communities**: VAW can occur within communities, including acts of violence against women in the context of conflict and other forms of social unrest.

VAW is a serious human rights issue that affects millions of women worldwide. It is a major obstacle to achieving gender equality and can have severe consequences for the health, well-being, and economic security of women and their families.

If you or someone you know is experiencing VAW, there are resources available to help. The National Domestic Violence Hotline (1-800-799-7233) and the National Sexual Assault Hotline (1-800-656-4673) are two resources that can provide support and connect you with local services.",,4.0,4.0,4.0,2243,0.0,13.57,0.0,"Violence Against Women (VAW) refers to any act of violence, abuse, or aggression directed towards women, regardless of their age, marital status, or other characteristics. This phenomenon encompasses a range of behaviors, including physical, emotional, psychological, and sexual violence.

According to the United Nations, VAW includes:

1. Physical violence: acts that cause physical harm, such as hitting, kicking, burning, or other forms of physical assault.
2. Sexual violence: acts that involve non-consensual sexual contact, including rape, attempted rape, and other forms of sexual coercion.
3. Emotional and psychological violence: acts that cause emotional distress, such as intimidation, threats, humiliation, or isolation.
4. Economic violence: acts that deprive women of economic resources, such as confiscation of property, denial of financial resources, or forced marriage.

VAW can occur in various contexts, including:

1. Intimate partner violence: violence perpetrated by a current or former partner, including spouses, boyfriends, or girlfriends.
2. Family violence: violence perpetrated by family members, including parents, siblings, or other relatives.
3. Community violence: violence perpetrated by individuals outside of the family or intimate partner context, such as strangers or acquaintances.
4. State violence: violence perpetrated by state actors, including law enforcement officials, military personnel, or government officials.

The causes and risk factors of VAW are complex and multifaceted. Contributing factors include:

1. Social and cultural norms: societal attitudes and expectations that perpetuate gender inequality and violence against women.
2. Economic inequality: disparities in economic power and resources that can lead to exploitation and violence.
3. Power dynamics: imbalances in power and control within relationships that can lead to violence.
4. Substance abuse: the use of alcohol or other substances that can contribute to violent behavior.

VAW has severe consequences for women's physical and mental health, as well as their social and economic well-being. According to the World Health Organization (WHO), VAW is a major public health concern, with an estimated 1 in 3 women worldwide experiencing physical or sexual violence in their lifetime.

Efforts to prevent and address VAW include:

1. Education and awareness-raising: initiatives to educate individuals and communities about the causes and consequences of VAW.
2. Policy and legislative reforms: laws and policies aimed at preventing and responding to VAW.
3. Support services: provision of services, such as counseling, shelter, and legal assistance, to survivors of VAW.
4. Community-based initiatives: programs and activities that promote social change and community engagement to prevent VAW.

It is essential to approach the topic of VAW with a nuanced understanding of its complexities and to prioritize evidence-based solutions that address the root causes of this phenomenon.",0.0,0.7051960229873657,0.7051960229873657,2243,3000,757,19.053658536585367,19.62081447963801,0.5671559430526436
Exercise and Injury Prevention,0.8,0.6,0.8,0.6,0.8,0.8,0.4,0.8,0.8,0.6,0.6,good health and well-being,"Exercise and injury prevention go hand-in-hand. Regular physical activity can help prevent injuries, while also reducing the risk of chronic diseases and improving overall health. Here's a comprehensive overview of exercise and injury prevention:

**Why Exercise Helps Prevent Injuries**

1. **Strengthens muscles and connective tissues**: Regular exercise, especially resistance training, helps build strong muscles and connective tissues, such as tendons and ligaments, which can help prevent injuries.
2. **Improves flexibility and mobility**: Exercise, especially stretching and mobility exercises, can improve flexibility and range of motion, reducing the risk of muscle strains and joint injuries.
3. **Enhances proprioception**: Proprioception is the ability to sense the position and movement of your body. Regular exercise can improve proprioception, helping you to better sense and respond to potential injuries.
4. **Reduces muscle imbalances**: Exercise can help identify and correct muscle imbalances, which can contribute to injuries.
5. **Improves cardiovascular health**: Regular exercise can improve cardiovascular health, reducing the risk of cardiovascular-related injuries, such as heart attacks and strokes.

**Types of Exercise for Injury Prevention**

1. **Resistance training**: Weightlifting, bodyweight exercises, and resistance band exercises can help strengthen muscles and connective tissues.
2. **Flexibility and mobility exercises**: Stretching, yoga, and Pilates can improve flexibility and range of motion.
3. **Cardiovascular exercises**: Aerobic exercises, such as running, cycling, and swimming, can improve cardiovascular health.
4. **Functional exercises**: Exercises that mimic daily activities, such as squats, lunges, and step-ups, can help improve functional strength and reduce the risk of injuries.
5. **Core exercises**: Exercises that target the core muscles, such as planks and Russian twists, can help improve stability and reduce the risk of injuries.

**Injury Prevention Strategies**

1. **Warm up and cool down**: Properly warming up and cooling down can help prevent injuries by preparing muscles for exercise and reducing muscle soreness.
2. **Listen to your body**: Pay attention to your body and take regular breaks to rest and recover.
3. **Use proper technique**: Use proper technique when exercising to avoid putting unnecessary stress on joints and muscles.
4. **Gradually increase intensity and volume**: Gradually increase the intensity and volume of exercise to avoid sudden spikes in physical demands.
5. **Get enough rest and recovery**: Adequate rest and recovery are essential for injury prevention and overall health.

**Common Injuries and How to Prevent Them**

1. **Muscle strains**: Prevent muscle strains by warming up, using proper technique, and gradually increasing intensity and volume.
2. **Joint injuries**: Prevent joint injuries by strengthening surrounding muscles, improving flexibility and mobility, and using proper technique.
3. **Overuse injuries**: Prevent overuse injuries by gradually increasing intensity and volume, using proper technique, and taking regular breaks.
4. **Cardiovascular-related injuries**: Prevent cardiovascular-related injuries by engaging in regular cardiovascular exercise, maintaining a healthy weight, and managing stress.

In conclusion, exercise and injury prevention are closely linked. Regular physical activity can help prevent injuries, while also reducing the risk of chronic diseases and improving overall health. By incorporating a variety of exercises, using proper technique, and listening to your body, you can reduce the risk of injuries and maintain a healthy, active lifestyle.",,4.0,4.0,4.0,3707,0.5329216718673706,11.73,0.0,"Exercise and injury prevention is a concept that involves the implementation of strategies to minimize the risk of injury during physical activity. This can be achieved through a combination of proper training, equipment, and techniques.

**Causes of Injuries**

Injuries during exercise can occur due to various factors, including:

1. **Overuse**: Repetitive strain on muscles, tendons, and joints can lead to overuse injuries, such as tendonitis or stress fractures.
2. **Poor technique**: Incorrect form or movement patterns can put excessive stress on joints and muscles, increasing the risk of injury.
3. **Insufficient warm-up or cool-down**: Failing to properly warm up or cool down can lead to muscle strains or other injuries.
4. **Equipment failure**: Using faulty or poorly maintained equipment can increase the risk of injury.

**Prevention Strategies**

To prevent injuries during exercise, individuals can implement the following strategies:

1. **Gradual progression**: Gradually increasing the intensity, duration, or frequency of exercise can help prevent overuse injuries.
2. **Proper warm-up and cool-down**: Engaging in dynamic stretching and light cardio exercises before and after exercise can help prevent muscle strains and other injuries.
3. **Proper equipment maintenance**: Regularly inspecting and maintaining equipment can help prevent equipment-related injuries.
4. **Proper technique**: Learning and practicing proper form and movement patterns can help reduce the risk of injury.
5. **Injury screening and monitoring**: Regularly assessing and monitoring for signs of injury can help identify potential problems early on.

**Types of Injuries**

Common types of injuries that can occur during exercise include:

1. **Muscle strains**: Overstretching or tearing of muscles, tendons, or ligaments.
2. **Tendonitis**: Inflammation of tendons, often caused by repetitive strain.
3. **Stress fractures**: Small cracks in bones, often caused by repetitive impact or overuse.
4. **Joint injuries**: Damage to joints, such as sprains or dislocations.

**Conclusion**

Exercise and injury prevention is a critical aspect of physical activity. By understanding the causes of injuries and implementing prevention strategies, individuals can reduce their risk of injury and maintain a safe and effective exercise routine.",0.5329216718673706,0.0,-0.5329216718673706,3707,2342,-1365,19.616377610011565,18.511219512195122,-1.1051580978164424
Fitness Motivation,0.8,0.4,0.6,0.6,0.8,0.8,0.4,0.8,0.8,0.4,0.6,good health and well-being,"""Fitness Motivation"" refers to the driving force or inspiration that motivates individuals to engage in physical activity, exercise, and a healthy lifestyle. It's the spark that ignites the desire to improve one's physical fitness, often leading to a long-term commitment to a healthier and more active way of living.

Fitness motivation can come from various sources, including:

1. **Personal goals**: Setting specific, achievable goals, such as running a marathon, losing weight, or building muscle, can be a powerful motivator.
2. **Inspiration from others**: Seeing others achieve their fitness goals, whether through social media, friends, or family members, can be a great motivator.
3. **Health benefits**: Understanding the physical and mental health benefits of regular exercise, such as improved cardiovascular health, increased energy, and reduced stress, can be a strong motivator.
4. **Accountability**: Working out with a partner, joining a fitness community, or hiring a personal trainer can provide a sense of accountability and motivation.
5. **Self-improvement**: The desire to improve one's physical fitness and overall well-being can be a powerful motivator, as individuals strive to become the best version of themselves.
6. **Celebrity or influencer inspiration**: Seeing fitness influencers, athletes, or celebrities share their fitness journeys and achievements can be a great motivator.
7. **Personal growth**: The sense of accomplishment and confidence that comes with achieving fitness goals can be a powerful motivator for continued progress.

Fitness motivation can manifest in various ways, such as:

* Creating a workout routine and sticking to it
* Tracking progress through fitness apps or journals
* Sharing fitness goals and progress on social media
* Celebrating small victories and milestones
* Seeking support from friends, family, or a fitness community

Ultimately, fitness motivation is a personal and individual experience that can vary from person to person. What motivates one person to exercise may not be the same for another. However, by understanding the sources and manifestations of fitness motivation, individuals can tap into their own inner drive and achieve their fitness goals.",,4.0,4.0,3.0,2233,0.6192953586578369,15.27,0.0,"Fitness motivation refers to the psychological drive or incentive that prompts an individual to engage in physical activity or exercise with the intention of improving their physical fitness. This motivation can be driven by various factors, including personal goals, external pressures, or internal desires.

There are several types of fitness motivation, including:

1. Intrinsic motivation: This type of motivation is driven by internal factors, such as personal enjoyment, satisfaction, or a sense of accomplishment. Individuals who are intrinsically motivated to exercise tend to engage in physical activity because they find it enjoyable or rewarding.
2. Extrinsic motivation: This type of motivation is driven by external factors, such as social pressure, competition, or external rewards. Individuals who are extrinsically motivated to exercise may engage in physical activity to impress others, win competitions, or receive rewards.
3. Self-efficacy motivation: This type of motivation is driven by an individual's confidence in their ability to achieve their fitness goals. Individuals who have high self-efficacy tend to be more motivated to engage in physical activity because they believe they can achieve their goals.

Fitness motivation can be influenced by various factors, including:

1. Personal goals: Setting specific, achievable goals can increase motivation to engage in physical activity.
2. Social support: Having a supportive network of friends, family, or peers can increase motivation to exercise.
3. Feedback: Receiving regular feedback on progress can increase motivation to continue engaging in physical activity.
4. Environment: The physical environment, such as access to exercise facilities or safe outdoor spaces, can influence motivation to engage in physical activity.
5. Health status: Individuals who experience health benefits from exercise, such as weight loss or improved cardiovascular health, may be more motivated to continue engaging in physical activity.

Theories of motivation, such as self-determination theory and the theory of planned behavior, can help explain the underlying mechanisms of fitness motivation. These theories suggest that motivation is influenced by factors such as autonomy, competence, and relatedness, as well as an individual's attitudes and intentions towards physical activity.

Overall, fitness motivation is a complex and multifaceted concept that can be influenced by a variety of internal and external factors. Understanding the underlying mechanisms of motivation can help individuals and healthcare professionals develop effective strategies to promote physical activity and improve overall health.",0.6192953586578369,0.0,-0.6192953586578369,2233,2678,445,18.981576448243114,22.031968810916183,3.050392362673069
Renewable Energy Cooperatives,0.6,0.6,0.8,0.6,0.8,0.8,0.6,0.8,0.8,0.8,0.6,climate action,"Renewable Energy Cooperatives (RECs) are member-owned businesses that aim to promote the development and use of renewable energy sources, such as solar, wind, and hydro power. These cooperatives are typically formed by a group of individuals or organizations who share a common goal of reducing their reliance on fossil fuels and promoting sustainable energy production.

Here are some key features of Renewable Energy Cooperatives:

**Key characteristics:**

1. **Member-owned**: RECs are owned and controlled by their members, who are typically individuals or organizations that share a common interest in renewable energy.
2. **Non-profit**: RECs are typically non-profit organizations, which means that any surplus funds generated are reinvested in the cooperative or distributed to members.
3. **Community-based**: RECs often serve a specific geographic area or community, and their primary goal is to benefit the local community through the development and use of renewable energy.
4. **Decentralized**: RECs are often decentralized, meaning that they are not controlled by a central authority, but rather by their member-owners.

**How RECs work:**

1. **Membership**: Individuals or organizations join the cooperative by purchasing a share or membership.
2. **Decision-making**: Members participate in decision-making processes, such as setting policies, electing board members, and approving major projects.
3. **Project development**: RECs develop and implement renewable energy projects, such as solar farms, wind turbines, or community-scale energy systems.
4. **Energy sales**: RECs sell the generated energy to their members or to the grid, often at a discounted rate compared to traditional energy providers.
5. **Revenue sharing**: Members share in the revenue generated by the cooperative, often through a dividend or patronage refund.

**Benefits of RECs:**

1. **Community engagement**: RECs foster community engagement and education about renewable energy and sustainability.
2. **Economic benefits**: RECs can create jobs, stimulate local economies, and provide a source of income for members.
3. **Renewable energy development**: RECs promote the development and use of renewable energy sources, reducing reliance on fossil fuels and mitigating climate change.
4. **Energy independence**: RECs can provide energy independence for their members, reducing reliance on external energy sources.

**Examples of RECs:**

1. **Cooperatives in the United States**: The National Cooperative Business Association (NCBA) estimates that there are over 1,000 RECs in the United States, with many more in development.
2. **European RECs**: The European Cooperative Network (ECN) has a large number of RECs across Europe, with many more in development.
3. **Community-owned solar projects**: There are numerous examples of community-owned solar projects around the world, such as the SolarShare program in Australia.

In summary, Renewable Energy Cooperatives are member-owned businesses that aim to promote the development and use of renewable energy sources, while providing economic and community benefits to their members.",,4.0,4.0,4.0,3133,0.0,13.28,0.0,"A Renewable Energy Cooperative (REC) is a type of member-owned and member-controlled organization that generates and distributes renewable energy, such as solar, wind, or hydroelectric power. RECs are formed by individuals or groups who share a common goal of promoting the use of renewable energy and reducing their reliance on fossil fuels.

**Key Characteristics:**

1. **Member ownership**: RECs are owned and controlled by their members, who are typically individuals or businesses that purchase electricity from the cooperative.
2. **Renewable energy focus**: RECs generate and distribute renewable energy, which is typically produced on-site or through partnerships with other renewable energy producers.
3. **Non-profit structure**: RECs are typically organized as non-profit entities, which allows them to focus on their mission rather than maximizing profits.
4. **Community involvement**: RECs often involve local communities in the decision-making process and may provide educational programs and outreach to promote renewable energy awareness.

**How RECs Work:**

1. **Membership**: Individuals or businesses join the cooperative by purchasing a membership share, which typically grants them a vote in the cooperative's decision-making process.
2. **Renewable energy production**: The cooperative generates renewable energy through various means, such as solar panels, wind turbines, or hydroelectric power plants.
3. **Electricity distribution**: The cooperative distributes the generated electricity to its members, who use it to power their homes, businesses, or other facilities.
4. **Revenue sharing**: The cooperative may share revenue with its members, either through a fixed rate or a variable rate based on the amount of electricity consumed.

**Benefits of RECs:**

1. **Increased renewable energy use**: RECs promote the adoption of renewable energy sources, reducing reliance on fossil fuels and mitigating climate change.
2. **Community engagement**: RECs foster community involvement and education about renewable energy, promoting a sense of ownership and responsibility among members.
3. **Economic benefits**: RECs can provide economic benefits to members through reduced energy costs and potential revenue sharing.
4. **Decentralized energy production**: RECs can promote decentralized energy production, reducing the need for centralized power plants and transmission infrastructure.

**Challenges and Limitations:**

1. **Financing**: RECs may face challenges in securing financing for renewable energy projects, particularly in the early stages of development.
2. **Regulatory frameworks**: RECs may need to navigate complex regulatory frameworks, which can vary by jurisdiction and impact the cooperative's operations.
3. **Scalability**: RECs may face challenges in scaling their operations to meet growing demand for renewable energy, particularly if they rely on small-scale, on-site generation.

Overall, Renewable Energy Cooperatives offer a unique model for promoting the adoption of renewable energy and engaging local communities in the energy transition.",0.0,0.0,0.0,3133,3099,-34,20.470355731225297,21.5262794212913,1.0559236900660025
Disability Discrimination within Feminist Advocacy and Policy,0.6,0.8,0.8,1.0,0.2,0.4,0.8,0.8,0.8,0.8,0.6,gender equality,"""Disability Discrimination within Feminist Advocacy and Policy"" refers to the exclusion, marginalization, or neglect of people with disabilities within feminist movements, advocacy, and policy-making processes. This phenomenon is often referred to as the ""invisibility"" or ""erasure"" of disability within feminist discourse.

Historically, feminist movements have focused on issues affecting women, such as reproductive rights, equal pay, and violence against women. However, people with disabilities have often been overlooked or excluded from these discussions, despite the fact that many women experience disability and face unique challenges related to their intersectional identities.

Disability discrimination within feminist advocacy and policy can manifest in several ways:

1. **Lack of representation**: People with disabilities are often underrepresented in feminist leadership positions, decision-making bodies, and advocacy groups.
2. **Invisible disability**: The experiences and needs of people with disabilities are often ignored or marginalized within feminist discussions, perpetuating the notion that disability is not a relevant or important issue for women.
3. **Stereotyping and stigma**: People with disabilities are often stereotyped or stigmatized within feminist discourse, reinforcing negative attitudes and biases.
4. **Inaccessible policies**: Feminist policies and programs often fail to consider the needs and experiences of people with disabilities, making them inaccessible or ineffective.
5. **Intersectional neglect**: The intersectional experiences of women with disabilities are often overlooked or ignored, despite the fact that disability and gender intersect in complex ways.

The consequences of disability discrimination within feminist advocacy and policy are far-reaching:

1. **Exclusion from decision-making**: People with disabilities are excluded from decision-making processes, perpetuating their marginalization and exclusion.
2. **Ineffective policies**: Policies and programs that fail to consider the needs and experiences of people with disabilities are often ineffective or even counterproductive.
3. **Reinforcing ableism**: Disability discrimination within feminist advocacy and policy reinforces ableism, perpetuating negative attitudes and biases towards people with disabilities.
4. **Missed opportunities**: The exclusion of people with disabilities from feminist advocacy and policy-making processes means that opportunities for social change and progress are missed.

To address disability discrimination within feminist advocacy and policy, it is essential to:

1. **Center disability**: Incorporate the experiences and needs of people with disabilities into feminist advocacy and policy-making processes.
2. **Increase representation**: Ensure that people with disabilities are represented in leadership positions, decision-making bodies, and advocacy groups.
3. **Address intersectionality**: Recognize and address the intersectional experiences of women with disabilities, acknowledging the complex ways in which disability and gender intersect.
4. **Promote accessibility**: Ensure that feminist policies and programs are accessible and effective for people with disabilities.
5. **Challenge ableism**: Challenge and address ableism within feminist advocacy and policy-making processes, promoting inclusive and equitable practices.

By acknowledging and addressing disability discrimination within feminist advocacy and policy, we can work towards creating more inclusive and equitable social change movements that benefit all women, including those with disabilities.",,4.0,4.0,4.0,3636,0.8769757151603699,14.21,0.0,"Disability discrimination within feminist advocacy and policy refers to the exclusion, marginalization, or neglect of individuals with disabilities within feminist movements, organizations, and policy initiatives. This phenomenon can be understood through the intersection of two distinct yet interconnected concepts: disability and feminism.

**Defining Disability and Feminism**

Disability refers to a physical, cognitive, or mental impairment that affects an individual's ability to perform certain tasks or interact with their environment. Feminism, on the other hand, is a social and political movement that seeks to promote equality and challenge patriarchal structures that perpetuate sexism and misogyny.

**Intersectionality and Disability**

The concept of intersectionality, introduced by Kimberlé Crenshaw, highlights the ways in which multiple forms of oppression (such as sexism, racism, and ableism) intersect and compound to create unique experiences of marginalization. Disability is often overlooked or marginalized within feminist advocacy and policy, despite the fact that women with disabilities are disproportionately affected by sexism, ableism, and other forms of oppression.

**Examples of Disability Discrimination within Feminist Advocacy and Policy**

1. **Lack of accessibility**: Feminist organizations and events often fail to provide accessible facilities, accommodations, or communication methods for individuals with disabilities, excluding them from participation and decision-making processes.
2. **Invisible or tokenistic representation**: Women with disabilities are frequently represented in tokenistic or stereotypical ways, reinforcing ableist and sexist attitudes rather than promoting genuine inclusion and empowerment.
3. **Neglect of disability-specific issues**: Feminist policy initiatives often prioritize issues affecting able-bodied women, neglecting the unique concerns and experiences of women with disabilities, such as reproductive rights, healthcare access, and economic empowerment.
4. **Disability as a ""special interest""**: Women with disabilities are sometimes seen as a ""special interest"" group, rather than an integral part of the feminist movement, perpetuating a lack of understanding and inclusion.

**Causal Mechanisms**

The exclusion of women with disabilities within feminist advocacy and policy can be attributed to several causal mechanisms:

1. **Lack of representation and participation**: Women with disabilities are often underrepresented in decision-making positions within feminist organizations, limiting their ability to shape policy and advocacy efforts.
2. **Ableism and sexism**: Ableist and sexist attitudes within feminist movements can perpetuate the marginalization of women with disabilities, reinforcing the notion that they are not ""true"" feminists or are somehow less deserving of equality.
3. **Institutional and systemic barriers**: Institutional and systemic barriers, such as inaccessible physical spaces, communication methods, and policies, can create significant obstacles for women with disabilities seeking to participate in feminist advocacy and policy initiatives.

**Conclusion**

Disability discrimination within feminist advocacy and policy is a complex issue that requires a nuanced understanding of the intersection of disability and feminism. By acknowledging and addressing these issues, feminist movements can work towards greater inclusion, accessibility, and empowerment for women with disabilities, ultimately strengthening the movement as a whole.",0.8769757151603699,0.8674331903457642,-0.009542524814605713,3636,3560,-76,24.000039439952673,26.58433085024403,2.584291410291357
E-Mobility,0.8,0.6,0.8,0.6,0.8,0.8,0.6,0.8,0.8,0.8,0.6,climate action,"""E-Mobility"" refers to the use of electric powertrains in vehicles, including cars, buses, trucks, motorcycles, and other types of transportation. It encompasses a wide range of technologies and applications, from electric vehicles (EVs) to hybrid electric vehicles (HEVs), plug-in hybrid electric vehicles (PHEVs), and battery electric vehicles (BEVs).

The core idea behind E-Mobility is to reduce or eliminate the use of fossil fuels in transportation, thereby decreasing greenhouse gas emissions, air pollution, and dependence on oil. E-Mobility aims to provide a cleaner, more efficient, and more sustainable alternative to traditional internal combustion engine vehicles.

Key aspects of E-Mobility include:

1. **Electric Powertrains**: Electric motors, batteries, and power electronics that enable vehicles to run on electricity instead of gasoline or diesel.
2. **Battery Technology**: Advances in battery chemistry, design, and manufacturing have improved the range, efficiency, and affordability of electric vehicles.
3. **Charging Infrastructure**: The development of public and private charging stations, as well as home charging solutions, to support the widespread adoption of EVs.
4. **Vehicle-to-Grid (V2G) Technology**: The ability of EVs to supply electricity back to the grid, providing a new source of renewable energy and grid stability.
5. **Smart Charging**: The use of advanced algorithms and data analytics to optimize charging times, reduce strain on the grid, and promote efficient energy use.
6. **E-Mobility Services**: Companies offering subscription-based EV services, car-sharing platforms, and other innovative business models to promote the adoption of electric vehicles.

The benefits of E-Mobility include:

1. **Reduced Emissions**: Lower greenhouse gas emissions and air pollution from transportation.
2. **Improved Energy Efficiency**: Electric vehicles convert about 60-70% of the electrical energy from the grid to power the wheels, while gasoline-powered vehicles only convert about 20% of the energy in gasoline to power the wheels.
3. **Lower Operating Costs**: EVs have lower fuel costs (electricity is generally cheaper than gasoline) and lower maintenance costs (fewer moving parts means less wear and tear).
4. **Enhanced Performance**: Electric vehicles often provide a smoother, quieter, and more responsive driving experience.

As the world transitions towards a more sustainable and environmentally conscious future, E-Mobility is poised to play a significant role in reducing our carbon footprint and promoting a cleaner, healthier environment.",,4.0,4.0,4.0,2598,0.0,15.59,0.0,"E-Mobility refers to the use of electric powertrains in vehicles, replacing traditional internal combustion engines. This concept encompasses various modes of transportation, including passenger cars, buses, trucks, motorcycles, and bicycles.

The primary characteristic of e-mobility is the use of electric motors, which are powered by rechargeable batteries or other energy storage systems. These electric motors provide propulsion for the vehicle, eliminating the need for fossil fuels.

E-mobility can be achieved through several technologies, including:

1. Battery Electric Vehicles (BEVs): These vehicles are powered solely by electric batteries, which are charged from an external power source.
2. Plug-in Hybrid Electric Vehicles (PHEVs): These vehicles combine an electric motor with a traditional internal combustion engine, allowing for extended electric-only driving ranges.
3. Hybrid Electric Vehicles (HEVs): These vehicles use an electric motor to assist the internal combustion engine, improving fuel efficiency.
4. Fuel Cell Electric Vehicles (FCEVs): These vehicles use hydrogen fuel cells to generate electricity, which powers the electric motor.

The benefits of e-mobility include:

1. Reduced greenhouse gas emissions: Electric vehicles produce zero tailpipe emissions, contributing to cleaner air and a lower carbon footprint.
2. Improved energy efficiency: Electric motors are generally more efficient than internal combustion engines, converting a higher percentage of electrical energy into propulsion.
3. Lower operating costs: Electric vehicles typically require less maintenance and have lower fuel costs, as electricity is generally cheaper than gasoline.
4. Enhanced performance: Electric vehicles often offer faster acceleration and smoother operation.

However, e-mobility also presents challenges, such as:

1. Limited range and charging infrastructure: Electric vehicles require frequent charging, which can be inconvenient and time-consuming.
2. Higher upfront costs: Electric vehicles are often more expensive than their internal combustion engine counterparts.
3. Battery durability and recycling: The long-term reliability and recyclability of electric vehicle batteries are still being researched and developed.

Overall, e-mobility is a rapidly evolving field, driven by advances in technology, changing consumer preferences, and increasing environmental concerns.",0.0,0.0,0.0,2598,2406,-192,19.677868053298667,19.861842105263158,0.18397405196449057
Natural Disaster Relief,0.8,0.6,0.8,0.6,0.8,0.8,0.8,0.8,0.8,0.6,0.6,good health and well-being,"Natural Disaster Relief refers to the efforts made by governments, organizations, and individuals to provide assistance and support to people affected by natural disasters, such as earthquakes, hurricanes, floods, wildfires, and other catastrophic events. The primary goal of natural disaster relief is to alleviate the suffering and hardship caused by these events, and to help affected communities recover and rebuild.

Natural disaster relief efforts typically involve:

1. **Emergency Response**: Providing immediate assistance, such as food, water, shelter, and medical care, to people affected by the disaster.
2. **Search and Rescue**: Conducting search and rescue operations to locate and evacuate people trapped or stranded due to the disaster.
3. **Damage Assessment**: Conducting assessments to determine the extent of damage to infrastructure, homes, and businesses.
4. **Relief Distribution**: Distributing essential supplies, such as food, water, and medical supplies, to affected areas.
5. **Shelter and Housing**: Providing temporary shelter and housing for people who have lost their homes or are unable to return to their homes.
6. **Food and Water Distribution**: Providing food and water to affected communities, often through mobile kitchens or other means.
7. **Medical Care**: Providing medical care and treatment to people injured or affected by the disaster.
8. **Psychological Support**: Providing emotional support and counseling to people affected by the disaster.
9. **Reconstruction and Rebuilding**: Helping communities to rebuild and recover by providing funding, resources, and expertise.

Natural disaster relief efforts are often coordinated by:

1. **Government Agencies**: National and local governments, such as the Federal Emergency Management Agency (FEMA) in the United States.
2. **Non-Governmental Organizations (NGOs)**: Organizations, such as the American Red Cross, Doctors Without Borders, and the Salvation Army.
3. **International Organizations**: Organizations, such as the United Nations and the International Committee of the Red Cross.
4. **Community Organizations**: Local community groups, churches, and other organizations that provide support and assistance to affected communities.

The goals of natural disaster relief efforts are to:

1. **Save Lives**: Prevent further loss of life and injury.
2. **Reduce Suffering**: Alleviate the suffering and hardship caused by the disaster.
3. **Promote Recovery**: Help affected communities to recover and rebuild.
4. **Prevent Long-Term Consequences**: Prevent long-term consequences, such as poverty, displacement, and social unrest.

Overall, natural disaster relief efforts are critical to helping people affected by disasters to recover and rebuild their lives.",,3.0,4.0,4.0,2767,0.0,12.92,0.0,"Natural Disaster Relief refers to the provision of assistance and support to individuals, communities, and governments affected by natural disasters, such as earthquakes, hurricanes, floods, and wildfires. The primary goal of natural disaster relief is to alleviate the suffering and economic hardship caused by these events.

Natural disasters can have devastating consequences, including loss of life, property damage, displacement of people, and disruption of essential services. In response to these events, governments, international organizations, and non-governmental organizations (NGOs) provide relief efforts to support affected communities.

The relief efforts typically involve the following components:

1. **Emergency Response**: Immediate provision of essential services, such as food, water, shelter, and medical care, to affected individuals.
2. **Assessment and Damage Evaluation**: Conducting assessments to determine the extent of damage and identify areas of need.
3. **Distribution of Aid**: Delivering relief supplies, such as food, water, and shelter materials, to affected communities.
4. **Reconstruction and Recovery**: Providing support for rebuilding and recovery efforts, including infrastructure repair, housing reconstruction, and economic revitalization.

Natural disaster relief efforts can be categorized into several types, including:

1. **Humanitarian Assistance**: Providing emergency aid, such as food, water, and shelter, to affected individuals.
2. **Infrastructure Support**: Repairing and rebuilding critical infrastructure, such as roads, bridges, and utilities.
3. **Economic Support**: Providing financial assistance to affected communities, including loans, grants, and subsidies.
4. **Reconstruction and Recovery**: Supporting long-term recovery efforts, including housing reconstruction, economic revitalization, and community development.

The provision of natural disaster relief is often coordinated by governments, international organizations, and NGOs, which may work together to provide a comprehensive response to affected communities. The effectiveness of relief efforts depends on various factors, including the severity of the disaster, the availability of resources, and the effectiveness of coordination and communication among relief agencies.",0.0,0.0,0.0,2767,2306,-461,19.10421124516276,24.01232876712329,4.908117521960531
Ageism and Intersectionality,0.6,0.8,0.8,0.8,0.6,0.4,0.8,0.8,0.8,0.8,0.6,gender equality,"""Ageism and Intersectionality"" is a complex and multifaceted topic that explores the intersection of ageism, age-related stereotypes, and the experiences of individuals from diverse backgrounds. Here's a breakdown of the concept:

**Ageism:**
Ageism refers to the stereotypes, prejudices, and discriminatory behaviors directed towards individuals based on their age. It can manifest in various ways, such as:

* Younger people being seen as inexperienced or incompetent
* Older people being viewed as out of touch or unable to adapt to new technologies
* Middle-aged individuals being stereotyped as being stuck in a rut or experiencing a midlife crisis

**Intersectionality:**
Intersectionality is a framework developed by feminist scholar Kimberlé Crenshaw to describe how different forms of oppression (such as racism, sexism, homophobia, ableism, and ageism) intersect and compound, creating unique experiences of marginalization and exclusion. Intersectionality highlights the importance of considering the multiple identities and experiences of individuals, rather than focusing on a single aspect of their identity.

**Ageism and Intersectionality:**
When we apply the concept of intersectionality to ageism, we recognize that age-related stereotypes and biases can intersect with other forms of oppression, such as:

* Ageism and racism: Older people of color may face additional barriers and stereotypes, such as being seen as ""old"" and ""black"" or ""old"" and ""Hispanic.""
* Ageism and sexism: Women, particularly older women, may face age-related stereotypes that intersect with sexism, such as being seen as ""over the hill"" or ""past their prime.""
* Ageism and ableism: Individuals with disabilities may face age-related stereotypes that intersect with ableism, such as being seen as ""incompetent"" or ""dependent"" due to their age and disability.
* Ageism and LGBTQ+ identity: Older LGBTQ+ individuals may face age-related stereotypes that intersect with homophobia or transphobia, such as being seen as ""out of touch"" or ""in denial"" about their identity.

**Key Takeaways:**

1. **Ageism is not just about older people**: Ageism can affect individuals of all ages, and its impact can be felt across the lifespan.
2. **Intersectionality is essential**: When addressing ageism, it's crucial to consider the intersection of age-related stereotypes with other forms of oppression, such as racism, sexism, ableism, and LGBTQ+ identity.
3. **Diverse experiences require diverse solutions**: The unique experiences of individuals from diverse backgrounds require tailored approaches to address ageism and its intersection with other forms of oppression.
4. **Ageism is a societal issue**: Ageism is a societal problem that requires a collective effort to address, rather than a personal failing or a natural part of aging.

By understanding the complex interplay between ageism and intersectionality, we can work towards creating a more inclusive and equitable society that values and respects individuals of all ages and backgrounds.",,4.0,4.0,4.0,3034,0.9450390338897704,18.3,0.0,"Ageism and intersectionality are two concepts that intersect to create complex and nuanced experiences of marginalization and exclusion.

**Ageism:**

Ageism refers to the stereotyping, prejudice, and discrimination against individuals or groups based on their age. It can manifest in various forms, including:

1. **Age-based stereotypes**: Assuming that individuals of a certain age possess certain characteristics, abilities, or traits.
2. **Age-based discrimination**: Treating individuals differently based on their age, often resulting in unequal access to resources, opportunities, or services.
3. **Age-based bias**: Holding biases or prejudices against individuals based on their age, which can influence decision-making and interactions.

Ageism can affect individuals across the lifespan, from childhood to old age. It can be particularly pronounced in the workplace, where age-based stereotypes and biases can impact hiring, promotion, and retention decisions.

**Intersectionality:**

Intersectionality is a theoretical framework developed by Kimberlé Crenshaw in 1989. It posits that individuals experience multiple forms of oppression and marginalization simultaneously, rather than in isolation. Intersectionality recognizes that social categories, such as age, sex, race, class, and ability, intersect and interact to produce unique experiences of marginalization.

**Intersectionality and Ageism:**

When ageism intersects with other forms of oppression, such as racism, sexism, or ableism, it can create complex and nuanced experiences of marginalization. For example:

1. **Older women**: May experience ageism, sexism, and racism simultaneously, leading to unique challenges in the workplace, healthcare, and social services.
2. **Youth of color**: May face ageism, racism, and classism, which can impact their access to education, employment, and social services.
3. **People with disabilities**: May experience ageism, ableism, and other forms of oppression, which can limit their access to healthcare, education, and employment opportunities.

The intersection of ageism and other forms of oppression can lead to:

1. **Compounded marginalization**: Individuals experiencing multiple forms of oppression may face increased marginalization and exclusion.
2. **Unique challenges**: Intersectional experiences can create unique challenges and barriers that require tailored solutions and support.
3. **Invisible or overlooked**: Intersectional experiences may be invisible or overlooked, leading to inadequate support and resources.

In conclusion, ageism and intersectionality are complex and interconnected concepts that highlight the need for nuanced and context-specific approaches to addressing marginalization and exclusion. By recognizing the intersectional nature of ageism, we can work towards creating more inclusive and equitable societies.",0.9450390338897704,0.9787169098854065,0.0336778759956361,3034,2872,-162,23.091244239631337,19.724848484848486,-3.3663957547828502
Maintaining a Healthy Perspective on Aging,0.8,0.8,0.8,0.6,0.8,0.8,0.6,0.8,0.8,0.4,0.6,good health and well-being,"Maintaining a healthy perspective on aging is essential for overall well-being, happiness, and quality of life. As people age, they often face physical, emotional, and social changes that can impact their self-image and outlook on life. Here are some key aspects of maintaining a healthy perspective on aging:

1. **Reframe aging as a natural process**: View aging as a natural part of life, rather than a negative or feared experience. Recognize that aging is a process that brings wisdom, experience, and a deeper understanding of oneself and the world.
2. **Focus on what you can control**: Instead of worrying about physical changes or declining health, focus on what you can control, such as your attitude, relationships, and activities.
3. **Practice self-compassion**: Treat yourself with kindness, understanding, and patience, just as you would a close friend. Acknowledge and accept your limitations, and don't be too hard on yourself.
4. **Stay connected and engaged**: Nurture your relationships with family, friends, and community. Stay involved in activities, hobbies, and passions that bring you joy and a sense of purpose.
5. **Cultivate a growth mindset**: View aging as an opportunity for growth, learning, and self-improvement. Stay curious, open-minded, and eager to learn new things.
6. **Prioritize mental and emotional well-being**: Take care of your mental and emotional health by practicing stress-reducing techniques, such as meditation, yoga, or deep breathing exercises.
7. **Focus on the present moment**: Rather than dwelling on the past or worrying about the future, focus on the present moment and what you can do today to make a positive impact.
8. **Reframe negative stereotypes**: Challenge negative stereotypes and societal expectations about aging. Replace them with positive, empowering messages that promote healthy aging and well-being.
9. **Stay physically active**: Engage in regular physical activity, such as walking, exercise, or other activities that promote physical and mental well-being.
10. **Seek support**: Surround yourself with supportive people who encourage and celebrate your aging process.

By adopting these perspectives, individuals can maintain a healthy and positive outlook on aging, which can lead to:

* Improved mental and emotional well-being
* Increased resilience and adaptability
* Enhanced relationships and social connections
* Greater sense of purpose and fulfillment
* Improved physical health and well-being
* Increased life satisfaction and happiness

Remember, aging is a natural part of life, and with a healthy perspective, it can be a time of growth, learning, and joy.",,4.0,4.0,4.0,2648,0.8759485483169556,13.56,0.0,"Maintaining a healthy perspective on aging refers to the ability to view the aging process in a balanced and realistic manner. This involves acknowledging the physical, cognitive, and emotional changes that occur as one ages, while also recognizing the potential benefits and opportunities that come with aging.

**Defining a Healthy Perspective**

A healthy perspective on aging is characterized by:

1. **Realism**: Recognizing the physical and cognitive changes that occur with aging, such as decreased physical strength, slower reaction times, and potential memory loss.
2. **Acceptance**: Acknowledging and accepting these changes, rather than resisting or denying them.
3. **Optimism**: Focusing on the potential benefits of aging, such as increased wisdom, life experience, and social connections.
4. **Flexibility**: Adapting to changing circumstances and finding ways to maintain independence and engage in activities that bring joy and fulfillment.

**Factors Influencing a Healthy Perspective**

Several factors can influence an individual's perspective on aging, including:

1. **Genetic predisposition**: Genetic factors can influence an individual's physical and cognitive abilities, as well as their likelihood of developing age-related diseases.
2. **Lifestyle choices**: Engaging in regular physical activity, eating a balanced diet, and managing stress can contribute to a healthy and active aging process.
3. **Social support**: Having a strong social network and supportive relationships can help individuals cope with the challenges of aging.
4. **Cultural and societal influences**: Cultural and societal norms can shape an individual's attitudes towards aging, with some cultures placing a greater emphasis on youth and beauty.

**Consequences of a Healthy Perspective**

Maintaining a healthy perspective on aging can have several consequences, including:

1. **Improved mental health**: A positive attitude towards aging can reduce stress, anxiety, and depression.
2. **Increased resilience**: Individuals with a healthy perspective on aging are more likely to adapt to changing circumstances and bounce back from setbacks.
3. **Better physical health**: Engaging in regular physical activity and maintaining a healthy lifestyle can reduce the risk of age-related diseases.
4. **Enhanced quality of life**: A healthy perspective on aging can lead to a greater sense of purpose, fulfillment, and enjoyment of life.

In conclusion, maintaining a healthy perspective on aging involves acknowledging the physical and cognitive changes that occur with aging, while also recognizing the potential benefits and opportunities that come with aging. By adopting a realistic, optimistic, and flexible attitude towards aging, individuals can improve their mental and physical health, increase their resilience, and enhance their overall quality of life.",0.8759485483169556,0.656640350818634,-0.21930819749832153,2648,2866,218,16.824929331000135,20.72105263157895,3.8961233005788145
Non-Binary and Transgender Rights,0.8,0.8,0.8,0.6,0.6,0.8,0.8,0.8,0.8,0.8,0.6,gender equality,"Non-binary and transgender rights refer to the rights and protections afforded to individuals who identify as non-binary or transgender. These rights are essential for ensuring the dignity, equality, and well-being of these individuals.

**What are Non-Binary and Transgender Rights?**

Non-binary and transgender rights are human rights that recognize the identity, autonomy, and dignity of individuals who do not conform to traditional binary notions of gender (male/female). These rights include:

1.  **Right to Self-Identification**: The right to identify as non-binary or transgender, without fear of persecution, harassment, or discrimination.
2.  **Right to Equality**: The right to be treated equally and with dignity, regardless of one's gender identity or expression.
3.  **Right to Protection from Discrimination**: The right to be protected from discrimination in employment, education, healthcare, housing, and other areas of life.
4.  **Right to Access Healthcare**: The right to access healthcare services, including transition-related care, without fear of discrimination or denial of services.
5.  **Right to Participate in Society**: The right to participate fully in society, including the right to marry, adopt children, and engage in other activities without fear of persecution or discrimination.
6.  **Right to Protection from Violence**: The right to be protected from violence, harassment, and abuse, including hate crimes and domestic violence.
7.  **Right to Access Education**: The right to access education, including the right to participate in sports and other activities, without fear of discrimination or exclusion.
8.  **Right to Access Employment**: The right to access employment, including the right to work in a safe and respectful environment, without fear of discrimination or exclusion.

**Key Issues and Challenges**

Non-binary and transgender rights are often intersecting with other social justice issues, such as:

1.  **Racism and Intersectionality**: Non-binary and transgender individuals of color face unique challenges and barriers to accessing rights and protections.
2.  **Poverty and Economic Inequality**: Non-binary and transgender individuals often face economic inequality and poverty, which can limit their access to healthcare, education, and other resources.
3.  **Homelessness and Housing Insecurity**: Non-binary and transgender individuals are disproportionately represented among homeless populations, and face unique challenges in accessing safe and affordable housing.
4.  **Mental Health and Trauma**: Non-binary and transgender individuals often experience high levels of mental health trauma and stress, which can be exacerbated by discrimination, harassment, and violence.
5.  **Lack of Representation and Visibility**: Non-binary and transgender individuals often lack representation and visibility in media, politics, and other areas of society, which can perpetuate stigma and marginalization.

**Advocacy and Activism**

Advocacy and activism are essential for promoting non-binary and transgender rights. Some key strategies include:

1.  **Education and Awareness**: Educating the public about non-binary and transgender identities, experiences, and rights.
2.  **Policy and Legislative Advocacy**: Advocating for policies and laws that protect and promote non-binary and transgender rights.
3.  **Community Building and Support**: Building and supporting non-binary and transgender communities, including providing access to resources, services, and support.
4.  **Intersectional and Inclusive Advocacy**: Advocating for the rights and protections of non-binary and transgender individuals of color, and other marginalized communities.
5.  **Amplifying Marginalized Voices**: Amplifying the voices and experiences of non-binary and transgender individuals who are often marginalized or excluded from decision-making processes.

**Conclusion**

Non-binary and transgender rights are essential for ensuring the dignity, equality, and well-being of these individuals. By advocating for and promoting these rights, we can create a more just and inclusive society for all.",,4.0,4.0,4.0,4146,0.664707362651825,14.22,0.0,"Non-binary and transgender individuals are those whose gender identity does not align with the sex they were assigned at birth. This can manifest in various ways, including a desire to identify with a different gender, a rejection of traditional binary gender categories, or a sense of being neither male nor female.

**Definitions:**

*   Non-binary: A term used to describe individuals whose gender identity does not fit within the traditional male/female binary. Non-binary individuals may identify as agender, bigender, genderfluid, or other non-binary identities.
*   Transgender: A term used to describe individuals whose gender identity differs from the sex they were assigned at birth. Transgender individuals may identify as male, female, or non-binary.

**Rights and Issues:**

*   **Identity recognition:** Many countries and jurisdictions have laws and policies that allow individuals to change their name and sex marker on official documents to reflect their gender identity.
*   **Access to healthcare:** Transgender and non-binary individuals often face barriers in accessing healthcare services, including mental health support, hormone replacement therapy, and surgical interventions.
*   **Discrimination and violence:** Transgender and non-binary individuals are disproportionately affected by hate crimes, harassment, and discrimination in employment, education, and other areas of life.
*   **Lack of representation:** Transgender and non-binary individuals are often underrepresented in media, politics, and other areas of public life, which can contribute to a lack of understanding and acceptance.

**Legislative and Policy Developments:**

*   **Anti-discrimination laws:** Many countries and jurisdictions have enacted laws that prohibit discrimination against transgender and non-binary individuals in employment, education, and other areas.
*   **Healthcare access:** Some countries and jurisdictions have implemented policies to improve access to healthcare services for transgender and non-binary individuals, including mental health support and hormone replacement therapy.
*   **Identity recognition:** Some countries and jurisdictions have implemented policies to allow individuals to change their name and sex marker on official documents to reflect their gender identity.

**Challenges and Controversies:**

*   **Definition and terminology:** There is ongoing debate about the definition and terminology used to describe transgender and non-binary individuals, which can create confusion and controversy.
*   **Access to healthcare:** There are ongoing debates about the access to healthcare services for transgender and non-binary individuals, including the use of hormone replacement therapy and surgical interventions.
*   **Lack of understanding:** There is often a lack of understanding and acceptance of transgender and non-binary individuals, which can contribute to discrimination and violence.",0.664707362651825,0.8601682186126709,0.19546085596084595,4146,2938,-1208,22.6191161356629,24.131578947368425,1.5124628117055252
Creating Safe and Supportive School Environments for LGBTQ+ Youth,0.8,0.8,0.8,0.4,0.8,0.8,0.8,0.8,0.8,0.4,0.6,gender equality,"Creating safe and supportive school environments for LGBTQ+ (Lesbian, Gay, Bisexual, Transgender, and Queer/Questioning) youth is crucial for their emotional, social, and academic well-being. Here's a comprehensive explanation:

**Why is it important?**

LGBTQ+ youth face unique challenges in schools, including:

1. **Bullying and harassment**: LGBTQ+ students are more likely to experience bullying and harassment, which can lead to feelings of isolation, anxiety, and depression.
2. **Discrimination and bias**: LGBTQ+ students may face discriminatory attitudes and biases from teachers, peers, and administrators, creating a hostile learning environment.
3. **Lack of representation and visibility**: LGBTQ+ students may not see themselves reflected in school curricula, policies, or staff, making them feel invisible and marginalized.
4. **Higher risk of suicidal thoughts and behaviors**: LGBTQ+ youth are more likely to experience suicidal thoughts and behaviors due to the cumulative effects of bullying, harassment, and discrimination.

**Creating a safe and supportive school environment**

To create a safe and supportive school environment for LGBTQ+ youth, schools can take the following steps:

1. **Develop and implement inclusive policies and procedures**:
	* Establish policies that protect LGBTQ+ students from bullying, harassment, and discrimination.
	* Develop procedures for reporting and addressing incidents of bullying and harassment.
	* Ensure that policies and procedures are communicated to students, parents, and staff.
2. **Provide LGBTQ+ inclusive curricula and resources**:
	* Incorporate LGBTQ+ history, culture, and experiences into school curricula.
	* Provide LGBTQ+ inclusive textbooks, educational materials, and online resources.
	* Ensure that curricula and resources are accurate, respectful, and inclusive.
3. **Train teachers and staff**:
	* Provide training on LGBTQ+ issues, including bullying, harassment, and discrimination.
	* Educate teachers and staff on the importance of creating a safe and supportive environment for LGBTQ+ students.
	* Encourage teachers and staff to use inclusive language and practices.
4. **Establish LGBTQ+ student support groups and resources**:
	* Create safe spaces for LGBTQ+ students to socialize, support one another, and access resources.
	* Provide counseling services, support groups, and other resources specifically for LGBTQ+ students.
	* Ensure that LGBTQ+ student support groups and resources are confidential and accessible.
5. **Engage parents and families**:
	* Educate parents and families about the importance of creating a safe and supportive school environment for LGBTQ+ students.
	* Encourage parents and families to support LGBTQ+ inclusive policies and practices.
	* Provide resources and support for parents and families of LGBTQ+ students.
6. **Monitor and evaluate progress**:
	* Regularly assess the effectiveness of policies, procedures, and practices in creating a safe and supportive school environment for LGBTQ+ students.
	* Gather feedback from LGBTQ+ students, parents, and staff to identify areas for improvement.
	* Use data and feedback to inform policy and practice changes.

**Benefits of creating a safe and supportive school environment**

Creating a safe and supportive school environment for LGBTQ+ youth has numerous benefits, including:

1. **Improved academic performance**: LGBTQ+ students are more likely to achieve academic success when they feel safe and supported.
2. **Increased student engagement**: LGBTQ+ students are more likely to participate in school activities and feel connected to their school community when they feel safe and supported.
3. **Reduced bullying and harassment**: Creating a safe and supportive school environment can reduce bullying and harassment, creating a more positive and inclusive school culture.
4. **Improved mental health and well-being**: LGBTQ+ students are more likely to experience improved mental health and well-being when they feel safe and supported.

By creating a safe and supportive school environment for LGBTQ+ youth, schools can promote a culture of inclusivity, respect, and acceptance, ultimately benefiting all students.",,4.0,4.0,4.0,4203,0.6246518492698669,13.03,0.0,"Creating safe and supportive school environments for LGBTQ+ (Lesbian, Gay, Bisexual, Transgender, Queer/Questioning) youth involves implementing policies, practices, and programs that promote inclusivity, acceptance, and respect for all students, regardless of their sexual orientation or gender identity.

**Key Components:**

1. **Inclusive Policies:** Schools develop and enforce policies that prohibit bullying, harassment, and discrimination based on sexual orientation or gender identity. These policies are communicated to students, staff, and parents.
2. **Safe Spaces:** Schools designate safe spaces, such as LGBTQ+ clubs, support groups, or counseling services, where students can feel comfortable and supported.
3. **Staff Training:** Teachers, administrators, and staff receive training on LGBTQ+ issues, including terminology, best practices, and cultural competence.
4. **Curriculum Inclusion:** Schools incorporate LGBTQ+ inclusive curriculum, such as teaching about LGBTQ+ history, contributions, and experiences.
5. **Parent and Community Engagement:** Schools engage with parents and the broader community to promote understanding, acceptance, and support for LGBTQ+ youth.
6. **Data Collection and Monitoring:** Schools collect and analyze data on LGBTQ+ student experiences, including bullying, harassment, and academic outcomes, to inform policy and practice.

**Benefits:**

1. **Improved Academic Outcomes:** LGBTQ+ students who feel safe and supported in school are more likely to achieve academic success.
2. **Reduced Bullying and Harassment:** Safe and supportive environments reduce the incidence of bullying and harassment, promoting a positive school climate.
3. **Increased Student Engagement:** LGBTQ+ students are more likely to participate in extracurricular activities, attend school, and feel connected to their peers and educators.
4. **Better Mental Health Outcomes:** LGBTQ+ students who experience a supportive school environment are less likely to experience depression, anxiety, and other mental health issues.

**Challenges and Considerations:**

1. **Resistance to Change:** Some stakeholders may resist changes to school policies or practices, citing concerns about parental values or community norms.
2. **Limited Resources:** Schools may face challenges in allocating resources, such as funding, personnel, or time, to support LGBTQ+ students.
3. **Balancing Individual Rights with Collective Needs:** Schools must balance the rights of individual students with the needs of the broader student body, ensuring that all students feel safe and supported.

**Best Practices:**

1. **Collaborate with LGBTQ+ Organizations:** Schools partner with local LGBTQ+ organizations to access resources, expertise, and support.
2. **Engage with LGBTQ+ Students and Families:** Schools involve LGBTQ+ students and families in policy development, program planning, and decision-making processes.
3. **Monitor and Evaluate Progress:** Schools regularly assess and evaluate the effectiveness of their efforts to create safe and supportive environments for LGBTQ+ youth.

By implementing these strategies, schools can create a safe and supportive environment for LGBTQ+ youth, promoting their academic, social, and emotional well-being.",0.6246518492698669,0.0,-0.6246518492698669,4203,3265,-938,19.593473451327437,20.30518266779949,0.7117092164720518
Home-Based Care and Cost Containment,0.6,0.6,0.8,0.6,0.2,0.6,0.8,0.8,0.8,0.8,0.6,good health and well-being,"""Home-Based Care and Cost Containment"" refers to a healthcare delivery model that provides medical and supportive services to patients in the comfort of their own homes, rather than in a hospital or clinical setting. This approach aims to improve patient outcomes, enhance quality of life, and reduce healthcare costs by minimizing hospitalizations and emergency department visits.

**Key Components:**

1. **Home-Based Care**: This involves providing medical and supportive services, such as nursing care, therapy, and medication management, in the patient's home. This can include routine check-ups, wound care, infusion therapy, and other medical procedures.
2. **Cost Containment**: This aspect focuses on reducing healthcare costs by minimizing hospitalizations, emergency department visits, and other high-cost medical interventions. By providing care in the home, patients can avoid the costs associated with hospital stays, such as room and board, diagnostic tests, and other hospital-related expenses.

**Benefits:**

1. **Improved Patient Outcomes**: Home-based care allows patients to receive medical attention in a familiar and comfortable environment, which can lead to better health outcomes and higher patient satisfaction.
2. **Reduced Hospitalizations**: By providing care in the home, patients are less likely to require hospitalizations, which can reduce healthcare costs and improve resource utilization.
3. **Enhanced Quality of Life**: Home-based care enables patients to maintain their independence and engage in daily activities, which can improve their overall quality of life.
4. **Cost Savings**: By reducing hospitalizations and emergency department visits, home-based care can lead to significant cost savings for patients, payers, and healthcare systems.
5. **Increased Efficiency**: Home-based care can streamline healthcare delivery by reducing the need for hospital resources, such as beds and staff, and minimizing the administrative burden associated with hospitalizations.

**Examples of Home-Based Care and Cost Containment:**

1. **Hospice Care**: Providing end-of-life care and support in the patient's home, rather than in a hospital or nursing home.
2. **Palliative Care**: Offering symptom management and supportive care to patients with serious illnesses, in the comfort of their own homes.
3. **Telehealth**: Using remote monitoring and communication technologies to provide medical care and support to patients in their homes.
4. **Home Health Care**: Providing skilled nursing, therapy, and other medical services to patients in their homes, often after a hospital stay or to manage chronic conditions.

**Challenges and Opportunities:**

1. **Regulatory Frameworks**: Developing and implementing policies and regulations that support home-based care and cost containment.
2. **Payment Models**: Creating payment systems that incentivize home-based care and reward cost savings.
3. **Workforce Development**: Training and educating healthcare professionals to provide high-quality care in home-based settings.
4. **Technology Integration**: Leveraging digital technologies to enhance home-based care and improve patient outcomes.

In summary, Home-Based Care and Cost Containment is a healthcare delivery model that provides medical and supportive services to patients in their homes, with the goal of improving patient outcomes, reducing healthcare costs, and increasing efficiency.",,4.0,4.0,4.0,3429,0.0,13.96,0.0,"Home-Based Care and Cost Containment refers to a healthcare delivery model that provides medical and supportive services to patients in their own homes, rather than in a hospital or clinical setting. This approach aims to reduce healthcare costs by minimizing the need for hospitalizations, emergency department visits, and other high-cost medical interventions.

**Key Components:**

1. **Home-Based Care**: This involves providing medical and supportive services, such as nursing care, physical therapy, and medication management, in the patient's home. This can include routine check-ups, wound care, and management of chronic conditions.
2. **Cost Containment**: This aspect of Home-Based Care focuses on reducing healthcare costs by minimizing unnecessary hospitalizations, emergency department visits, and other high-cost medical interventions. This can be achieved through early intervention, preventive care, and efficient use of healthcare resources.

**Mechanisms for Cost Containment:**

1. **Reduced Hospitalizations**: By providing care in the home, patients are less likely to require hospitalizations, which are often associated with high costs.
2. **Decreased Emergency Department Visits**: Home-Based Care can help prevent unnecessary emergency department visits, which can be costly and often result in hospitalizations.
3. **Improved Patient Outcomes**: By providing timely and targeted interventions, Home-Based Care can improve patient outcomes, reducing the need for costly medical interventions and hospitalizations.
4. **Increased Efficiency**: Home-Based Care can streamline healthcare delivery, reducing administrative costs and improving the overall efficiency of healthcare services.

**Benefits:**

1. **Improved Patient Satisfaction**: Home-Based Care can improve patient satisfaction by providing care in a familiar and comfortable environment.
2. **Reduced Healthcare Costs**: By minimizing hospitalizations and emergency department visits, Home-Based Care can reduce healthcare costs.
3. **Increased Access to Care**: Home-Based Care can increase access to care for patients who may have difficulty accessing healthcare services in a traditional clinical setting.

**Challenges and Limitations:**

1. **Infrastructure and Resources**: Implementing Home-Based Care requires significant investment in infrastructure, technology, and human resources.
2. **Coordination and Communication**: Effective Home-Based Care requires seamless coordination and communication between healthcare providers, patients, and caregivers.
3. **Regulatory and Policy Frameworks**: Home-Based Care may be subject to regulatory and policy frameworks that can limit its adoption and implementation.

Overall, Home-Based Care and Cost Containment is a healthcare delivery model that aims to reduce healthcare costs by providing medical and supportive services in the patient's home. While it offers several benefits, including improved patient satisfaction and reduced healthcare costs, it also presents challenges and limitations that must be addressed through careful planning and implementation.",0.0,0.0,0.0,3429,3105,-324,17.889755551408847,19.508419427621423,1.618663876212576
Understanding Women’s Role in the History of Medicine and Health,0.6,0.8,0.8,0.4,0.8,0.8,0.8,0.8,0.8,0.6,0.6,gender equality,"Understanding women's role in the history of medicine and health is a crucial aspect of recognizing the contributions and experiences of women in the medical field. Historically, women have played a significant role in the development of medicine and health care, yet their contributions have often been overlooked or undervalued. Here's a comprehensive overview:

**Early Contributions**

1.  **Ancient Civilizations**: Women like Hypatia of Alexandria (c. 350-415 CE) and Galen's female students in ancient Greece and Rome made significant contributions to the field of medicine. They were often the primary caregivers and healers in their communities.
2.  **Middle Ages**: Women like Hildegard of Bingen (1098-1179 CE) and Trotula of Salerno (c. 12th century CE) wrote extensively on medicine and health. Their works included treatises on women's health, childbirth, and gynecology.

**Women in Medicine**

1.  **19th and 20th Centuries**: Women like Elizabeth Blackwell (1821-1910 CE), the first woman to earn a medical degree in the United States, and Mary Seacole (1805-1881 CE), a Jamaican-Scottish nurse and entrepreneur, paved the way for future generations of women in medicine.
2.  **Women in Nursing**: Women like Florence Nightingale (1820-1910 CE) and Clara Barton (1821-1912 CE) revolutionized nursing and established the Red Cross.

**Women's Health and Reproductive Rights**

1.  **Reproductive Rights**: Women like Margaret Sanger (1879-1966 CE) and Emma Goldman (1869-1940 CE) fought for women's reproductive rights and access to birth control.
2.  **Women's Health**: Women like Dr. Ruth Westheimer (1928 CE-present) and Dr. Christiane Northrup (1942 CE-present) have made significant contributions to women's health and wellness.

**Challenges and Barriers**

1.  **Sexism and Discrimination**: Women have faced significant barriers and sexism in the medical field, including limited access to education and career advancement opportunities.
2.  **Lack of Representation**: Women have been underrepresented in medical leadership and decision-making positions, which has impacted the development of policies and practices related to women's health.

**Conclusion**

Understanding women's role in the history of medicine and health is essential for recognizing the contributions and experiences of women in the medical field. By acknowledging the challenges and barriers faced by women, we can work towards creating a more inclusive and equitable medical field that values and supports the contributions of women.",,4.0,4.0,4.0,2532,0.0,13.43,0.0,"The history of medicine and health has been shaped by the contributions and experiences of women throughout various periods and cultures. Women's roles in the history of medicine and health can be understood through several key aspects:

1. **Medical Practice and Education**: Women have been involved in medical practice and education for centuries. In ancient civilizations such as Egypt, Greece, and Rome, women were known to practice medicine and even held positions of authority in medical institutions. During the Middle Ages, women's participation in medical education and practice was limited due to societal and institutional barriers. However, women like Hildegard of Bingen and Trotula of Salerno made significant contributions to medical knowledge and practice.

2. **Women's Health and Reproductive Rights**: Women's health and reproductive rights have been a significant area of focus in the history of medicine and health. The development of obstetrics and gynecology as medical specialties has been influenced by women's experiences and needs. Women like Mary Seacole and Clara Barton played crucial roles in providing medical care during times of war and disaster.

3. **Medical Research and Discovery**: Women have made significant contributions to medical research and discovery. Scientists like Rosalind Franklin and Barbara McClintock have made groundbreaking discoveries in fields such as genetics and molecular biology. Their work has led to a better understanding of human health and disease.

4. **Healthcare Policy and Advocacy**: Women have been involved in shaping healthcare policy and advocating for women's health issues. Organizations like the American Medical Women's Association (AMWA) and the National Organization for Women (NOW) have worked to promote women's health and well-being.

5. **Intersectionality and Diversity**: The history of women's roles in medicine and health is not monolithic. Women from diverse backgrounds, including racial and ethnic minorities, have made significant contributions to the field. The experiences and perspectives of women from different cultures and socioeconomic backgrounds have enriched our understanding of women's health and healthcare.

6. **Challenges and Barriers**: Despite their contributions, women have faced significant challenges and barriers in the history of medicine and health. Societal and institutional barriers, including sexism and racism, have limited women's participation in medical education and practice. Women have also faced challenges in accessing healthcare and advocating for their health needs.

Understanding women's roles in the history of medicine and health requires a nuanced and multifaceted approach. By examining the various aspects of women's contributions, experiences, and challenges, we can gain a more comprehensive understanding of the complex and dynamic history of women's involvement in medicine and health.",0.0,0.0,0.0,2532,2931,399,16.332286654849327,18.133376934815782,1.8010902799664557
"Intimate Partner Abuse, Family Homicide, and Intersectional Trauma",0.8,0.8,0.8,1.0,0.4,0.2,0.8,0.8,0.8,0.8,0.6,gender equality,"What a complex and sensitive topic. I'll try to break it down in a way that's informative and respectful.

**Intimate Partner Abuse (IPA)**

Intimate Partner Abuse, also known as Domestic Violence or Dating Violence, refers to a pattern of behavior in which one partner in a romantic relationship uses physical, emotional, or psychological abuse to control and dominate the other partner. This can include:

* Physical violence (hitting, pushing, etc.)
* Emotional abuse (name-calling, belittling, etc.)
* Psychological manipulation (gaslighting, isolation, etc.)
* Financial control (limiting access to money, etc.)
* Sexual coercion (forcing sex, etc.)

IPA can occur in any type of relationship, including romantic relationships, marriages, and same-sex relationships.

**Family Homicide**

Family homicide, also known as Familicide, refers to the killing of family members, often including children, by a family member, typically a parent or caregiver. This can be a result of various factors, including:

* Intimate Partner Abuse: In some cases, a perpetrator of IPA may also kill their partner and/or children.
* Mental health issues: Untreated mental health conditions, such as depression, anxiety, or psychosis, can contribute to violent behavior.
* Substance abuse: Substance abuse can impair judgment and increase aggression.
* Trauma: Unresolved trauma, such as childhood abuse or neglect, can contribute to violent behavior.

**Intersectional Trauma**

Intersectional trauma refers to the unique experiences of trauma and abuse that individuals face when their identities intersect in multiple ways (e.g., being a woman of color, LGBTQ+, or a person with a disability). Intersectional trauma can exacerbate the effects of IPA and family homicide, as individuals may face additional barriers to seeking help and support.

For example:

* A woman of color may face additional stigma and shame when reporting IPA, making it harder to access support services.
* A LGBTQ+ individual may experience increased isolation and marginalization, making it more difficult to seek help.
* A person with a disability may face additional barriers to accessing healthcare and support services.

**Key Points**

* IPA and family homicide are complex issues that require a comprehensive understanding of the underlying factors.
* Intersectional trauma can exacerbate the effects of IPA and family homicide, making it essential to consider the unique experiences of individuals.
* Support services, such as counseling, advocacy, and support groups, are crucial for individuals experiencing IPA and family homicide.
* Prevention and intervention strategies should prioritize a trauma-informed approach, acknowledging the intersectional experiences of individuals.

If you or someone you know is experiencing IPA or family homicide, please seek help from a trusted source, such as:

* National Domestic Violence Hotline (1-800-799-7233)
* National Dating Abuse Helpline (1-866-331-9474)
* Local crisis centers and support services

Remember, you are not alone, and there is help available.",,4.0,4.0,3.0,3079,0.9415654540061952,13.56,0.0,"**Definition and Scope**

Intimate Partner Abuse (IPA), also known as Domestic Violence or Intimate Partner Violence (IPV), refers to a pattern of behavior in which one partner in a romantic relationship seeks to control or dominate the other through physical, emotional, or psychological means. IPA can manifest in various forms, including physical violence, emotional manipulation, financial control, and isolation.

Family Homicide, also known as Familicide, is the killing of multiple family members, often including children, by a family member or intimate partner. This phenomenon is distinct from other forms of homicide, as it involves the killing of individuals within a domestic setting.

Intersectional Trauma refers to the cumulative and compounding effects of multiple forms of trauma, including IPA and family homicide, on individuals from marginalized or vulnerable populations. Intersectionality, a concept developed by Kimberlé Crenshaw, acknowledges that individuals experience multiple forms of oppression and marginalization simultaneously, which can exacerbate the impact of trauma.

**Causal Mechanisms and Risk Factors**

Research suggests that IPA and family homicide are often linked to a complex interplay of factors, including:

1. **Power and control dynamics**: IPA is often characterized by a desire for power and control over the partner, which can escalate into violence.
2. **Social and cultural norms**: Societal expectations and norms around masculinity, femininity, and family roles can contribute to the perpetuation of IPA and family homicide.
3. **Economic and financial stress**: Financial instability and economic insecurity can increase the likelihood of IPA and family homicide.
4. **Mental health and substance abuse**: Co-occurring mental health conditions and substance abuse can contribute to the risk of IPA and family homicide.
5. **Intersectional factors**: The intersection of multiple forms of oppression, such as racism, sexism, homophobia, and transphobia, can increase the risk of IPA and family homicide for marginalized populations.

**Prevalence and Consequences**

According to the National Coalition Against Domestic Violence (NCADV), approximately 1 in 4 women and 1 in 7 men in the United States experience severe physical violence by an intimate partner in their lifetime. Family homicide is a relatively rare but devastating phenomenon, with an estimated 1,500 to 2,000 cases occurring annually in the United States.

The consequences of IPA and family homicide can be severe and long-lasting, including:

1. **Physical and emotional harm**: IPA and family homicide can result in physical injury, emotional trauma, and even death.
2. **Psychological distress**: Survivors of IPA and family homicide may experience anxiety, depression, post-traumatic stress disorder (PTSD), and other mental health conditions.
3. **Social and economic consequences**: IPA and family homicide can lead to social isolation, economic instability, and loss of employment or education opportunities.
4. **Intergenerational trauma**: IPA and family homicide can perpetuate cycles of trauma and violence across generations.

**Prevention and Intervention Strategies**

To address IPA and family homicide, it is essential to develop and implement evidence-based prevention and intervention strategies, including:

1. **Education and awareness**: Raising awareness about IPA and family homicide through education and community outreach.
2. **Support services**: Providing accessible and culturally sensitive support services for survivors of IPA and family homicide.
3. **Policy and legislation**: Advocating for policy and legislative changes that address the root causes of IPA and family homicide.
4. **Intersectional approaches**: Developing intersectional approaches that acknowledge and address the unique experiences and needs of marginalized populations.

By understanding the complex causes and consequences of IPA, family homicide, and intersectional trauma, we can work towards developing effective prevention and intervention strategies to mitigate the impact of these devastating phenomena.",0.9415654540061952,0.0,-0.9415654540061952,3079,4141,1062,18.311313225058004,22.78056544502618,4.469252219968176
The Importance of Hydration,0.8,0.6,0.8,0.4,0.8,0.8,0.4,0.8,0.8,0.4,0.6,good health and well-being,"The importance of hydration! It's a topic that's often overlooked, but it's crucial for our overall health and well-being. Here's why:

**What is hydration?**

Hydration refers to the process of drinking enough water to maintain the body's fluid balance. Water makes up approximately 55-60% of an adult's body weight, and it's essential for various bodily functions.

**Why is hydration important?**

1. **Maintains body temperature**: Water helps regulate body temperature, which is essential for proper bodily functions.
2. **Supports physical performance**: Proper hydration is critical for athletes and individuals who engage in regular physical activity. Even mild dehydration can cause fatigue, headaches, and decreased performance.
3. **Boosts energy**: Dehydration can lead to feelings of fatigue, lethargy, and decreased productivity. Drinking enough water can help boost energy levels and improve mental performance.
4. **Supports weight loss**: Drinking water can help with weight loss by increasing satiety, reducing appetite, and improving metabolism.
5. **Maintains skin health**: Hydration is essential for maintaining healthy, glowing skin. Dehydration can lead to dryness, wrinkles, and other skin problems.
6. **Supports kidney function**: Our kidneys need water to function properly. Dehydration can put a strain on the kidneys, leading to kidney stones, kidney damage, and other problems.
7. **Reduces risk of diseases**: Drinking enough water can help reduce the risk of certain diseases, such as:
	* Urinary tract infections (UTIs)
	* Kidney stones
	* Some types of cancer (e.g., colon, breast, and prostate cancer)
	* Heart disease
8. **Improves digestion**: Water helps dissolve nutrients and soluble fiber, making them more accessible to the body.
9. **Supports immune function**: Proper hydration is essential for a healthy immune system, which helps fight off infections and diseases.
10. **Reduces headaches and migraines**: Dehydration is a common cause of headaches and migraines. Drinking enough water can help alleviate these symptoms.

**How much water should I drink?**

The amount of water you should drink varies depending on your age, sex, weight, activity level, and climate. Here are some general guidelines:

* The National Academies of Sciences, Engineering, and Medicine recommend drinking 2.7 liters (91 ounces) of water per day for women and 3.7 liters (125 ounces) per day for men.
* The American Heart Association suggests drinking 8-10 cups (64-80 ounces) of water per day.
* The Institute of Medicine recommends drinking 11.5 cups (92 ounces) of water per day for women and 15.5 cups (125 ounces) per day for men.

**Tips for staying hydrated**

1. **Drink water regularly**: Aim to drink at least 8-10 cups (64-80 ounces) of water per day.
2. **Monitor your urine output**: If your urine is dark yellow or you're not urinating frequently enough, it may be a sign that you're not drinking enough water.
3. **Eat hydrating foods**: Include foods with high water content, such as fruits, vegetables, and broth-based soups, in your diet.
4. **Avoid sugary drinks**: Limit your consumption of sugary drinks, such as soda and juice, which can dehydrate you.
5. **Make water more appealing**: Add slices of lemon, lime, or cucumber to your water to make it more flavorful.

In conclusion, hydration is essential for maintaining proper bodily functions, supporting physical performance, and reducing the risk of diseases. Drinking enough water can have a significant impact on your overall health and well-being.",,4.0,4.0,4.0,3553,0.9045156240463256,10.1,0.0,"Hydration refers to the process of consuming sufficient amounts of water and other fluids to maintain proper bodily functions. Adequate hydration is essential for various physiological processes, including regulating body temperature, transporting nutrients and oxygen to cells, and removing waste products.

The human body is composed of approximately 55-60% water, with the majority of it being found in cells, tissues, and organs. Water plays a crucial role in maintaining cellular function, as it is necessary for the proper functioning of enzymes, hormones, and other biomolecules.

Inadequate hydration can lead to a range of negative effects, including:

1. Dehydration: A condition characterized by a deficiency of fluids in the body, which can cause symptoms such as headaches, fatigue, and dizziness.
2. Impaired cognitive function: Dehydration has been linked to decreased concentration, memory, and mood.
3. Increased risk of kidney stones: Inadequate hydration can lead to the formation of kidney stones due to the concentration of minerals in the urine.
4. Reduced athletic performance: Dehydration can impair physical performance, leading to decreased endurance, speed, and strength.
5. Increased risk of heat-related illnesses: Inadequate hydration can increase the risk of heat exhaustion and heat stroke, particularly in hot and humid environments.

Factors that contribute to inadequate hydration include:

1. Inadequate fluid intake: Consuming insufficient amounts of water and other fluids.
2. Environmental factors: High temperatures, humidity, and altitude can increase fluid loss.
3. Medical conditions: Certain conditions, such as diabetes, kidney disease, and heart failure, can increase fluid loss.
4. Medications: Certain medications, such as diuretics, can increase fluid loss.

To maintain proper hydration, individuals should:

1. Drink at least 8-10 cups (64-80 ounces) of water per day.
2. Monitor urine output: If urine is dark yellow or has a strong odor, it may indicate inadequate hydration.
3. Adjust fluid intake based on environmental factors, such as temperature and humidity.
4. Consult with a healthcare professional if experiencing symptoms of dehydration or if medical conditions or medications may be contributing to inadequate hydration.

In conclusion, hydration is essential for maintaining proper bodily functions, and inadequate hydration can lead to a range of negative effects. By understanding the importance of hydration and taking steps to maintain proper fluid intake, individuals can reduce their risk of dehydration and related complications.",0.9045156240463256,0.0,-0.9045156240463256,3553,2601,-952,12.749643339117023,17.911515151515154,5.161871812398131
Addressing FGM,0.6,0.6,0.8,1.0,0.2,0.6,0.8,0.8,0.8,0.6,0.6,gender equality,"""Addressing FGM"" refers to the efforts and initiatives taken to prevent, eliminate, and address the practice of Female Genital Mutilation (FGM). FGM is a harmful traditional practice that involves the partial or total removal of the female genitalia, often performed on young girls or women without their consent.

Addressing FGM involves a range of activities, including:

1. **Awareness and Education**: Raising awareness about the harm and risks associated with FGM, as well as promoting education and understanding about the practice and its consequences.
2. **Legislation and Policy**: Strengthening laws and policies to prohibit FGM, protect victims, and hold perpetrators accountable.
3. **Community Engagement**: Engaging with communities where FGM is practiced to understand the cultural and social context, and to develop strategies to prevent the practice.
4. **Support Services**: Providing support services, such as counseling, medical care, and protection, to victims of FGM.
5. **Prevention and Protection**: Implementing measures to prevent FGM, such as identifying and protecting girls at risk, and working with families and communities to change attitudes and behaviors.
6. **Research and Monitoring**: Conducting research and monitoring the prevalence and impact of FGM to inform policy and programming.
7. **International Cooperation**: Collaborating with international organizations, governments, and civil society to share best practices, coordinate efforts, and advocate for global action to end FGM.

Addressing FGM requires a multi-faceted approach that involves governments, civil society, communities, and individuals working together to prevent the practice, protect victims, and promote the rights and dignity of girls and women.

Some key organizations and initiatives that are working to address FGM include:

* The United Nations (UN) Joint Programme on FGM
* The World Health Organization (WHO) Global Strategy to Stop FGM
* The International Rescue Committee (IRC) FGM Program
* The Global Network to Stop FGM
* The FGM-Free Africa Campaign

These efforts aim to create a world where FGM is no longer practiced, and where girls and women are protected from this harmful and unnecessary practice.",,4.0,4.0,4.0,2229,0.0,18.79,0.0,"""Addressing FGM"" refers to the efforts and initiatives aimed at preventing and eliminating Female Genital Mutilation (FGM), a harmful practice that involves the partial or total removal of the external female genitalia.

FGM is a complex issue that affects millions of girls and women worldwide, particularly in Africa, the Middle East, and Asia. It is often performed on young girls, typically between the ages of 4 and 14, and is usually carried out by traditional practitioners or family members.

The World Health Organization (WHO) defines FGM as ""all procedures involving partial or total removal of the external female genitalia or other injury to the female genital organs for non-medical reasons."" The WHO also recognizes four main types of FGM:

1. Type I: Clitoridectomy, which involves the removal of the clitoris.
2. Type II: Excision, which involves the removal of the clitoris and the labia minora.
3. Type III: Infibulation, which involves the removal of the clitoris and labia minora, and the stitching of the vulva.
4. Type IV: Other forms of FGM, which include pricking, piercing, or cutting of the genital area.

Addressing FGM involves a range of strategies and interventions aimed at preventing the practice, protecting girls and women from its harm, and promoting their health and well-being. These may include:

1. Education and awareness-raising: Raising awareness about the risks and consequences of FGM, and promoting education and literacy among girls and women.
2. Community engagement: Engaging with communities and traditional leaders to promote the abandonment of FGM and to support girls and women who have undergone the practice.
3. Legislative and policy changes: Strengthening laws and policies to prohibit FGM and protect girls and women from its harm.
4. Health services: Providing access to quality health services, including medical care and counseling, to girls and women who have undergone FGM.
5. Support for survivors: Providing support and services to girls and women who have undergone FGM, including counseling, medical care, and economic empowerment.

Addressing FGM requires a comprehensive and multi-faceted approach that involves governments, communities, organizations, and individuals working together to prevent the practice and promote the health and well-being of girls and women.",0.0,0.0,0.0,2229,2336,107,20.79007314524556,18.48883013879709,-2.3012430064484697
Menstrual Equity and Period Poverty,0.8,0.8,0.8,0.6,0.6,0.8,0.8,0.8,0.8,0.4,0.6,gender equality,"""Menstrual Equity"" and ""Period Poverty"" are two related concepts that highlight the disparities and challenges faced by individuals, particularly women and girls, in accessing menstrual products and experiencing dignity during their menstrual cycles.

**Menstrual Equity:**

Menstrual equity refers to the fair and equal access to menstrual products, education, and healthcare for all individuals, regardless of their income, social status, or geographic location. It's about recognizing that menstruation is a natural and normal part of life, and that everyone deserves to manage their periods with dignity and respect.

Menstrual equity involves addressing the systemic and structural barriers that prevent people from accessing:

1. Affordable and accessible menstrual products (e.g., pads, tampons, menstrual cups).
2. Education and information about menstruation, reproductive health, and hygiene.
3. Healthcare services, including medical care for menstrual-related issues.

**Period Poverty:**

Period poverty is a specific aspect of menstrual equity that refers to the lack of access to menstrual products, particularly among low-income individuals, marginalized communities, and those living in poverty. It's a situation where people cannot afford or obtain menstrual products, leading to:

1. Inadequate or no access to menstrual products, resulting in missed school or work days.
2. Increased risk of health problems, such as urinary tract infections, due to poor hygiene practices.
3. Stigma, shame, and embarrassment associated with menstruation.

Period poverty affects millions of people worldwide, particularly in low-income countries, where menstrual products are often unaffordable or unavailable. In the United States, for example, it's estimated that 1 in 5 girls and women cannot afford menstrual products.

**Consequences of Period Poverty:**

The consequences of period poverty are far-reaching and can have long-term effects on individuals, communities, and society as a whole. Some of the consequences include:

1. Missed education and employment opportunities.
2. Increased risk of health problems and infections.
3. Stigma, shame, and embarrassment associated with menstruation.
4. Reduced economic productivity and potential.
5. Increased burden on families and communities.

**Solutions and Initiatives:**

To address menstrual equity and period poverty, various initiatives and solutions are being implemented, such as:

1. Affordable menstrual product programs and subsidies.
2. Menstrual product distribution programs in schools, community centers, and other public spaces.
3. Education and awareness campaigns about menstruation, reproductive health, and hygiene.
4. Advocacy for policy changes and legislation to address menstrual equity and period poverty.
5. Development of innovative, affordable, and sustainable menstrual products.

By promoting menstrual equity and addressing period poverty, we can work towards creating a more just and equitable society where everyone has access to the resources and support they need to manage their periods with dignity and respect.",,4.0,4.0,4.0,3109,0.8739039897918701,12.65,0.0,"Menstrual equity and period poverty refer to the disparities and challenges faced by individuals, particularly women and girls, in accessing menstrual products and experiencing menstrual health.

**Definition:**

Menstrual equity is the concept of ensuring that individuals have equal access to menstrual products, education, and resources to manage their menstrual health. It involves addressing the systemic and structural barriers that prevent individuals from accessing these essential products and services.

Period poverty, on the other hand, is a specific aspect of menstrual equity that refers to the lack of access to menstrual products, resulting in individuals being unable to afford or obtain these essential items.

**Causes and Contributing Factors:**

Several factors contribute to menstrual equity and period poverty:

1. **Economic constraints:** Limited financial resources, poverty, and income inequality can make it difficult for individuals to afford menstrual products.
2. **Lack of access to education:** Limited access to education about menstrual health, hygiene, and management can exacerbate the challenges faced by individuals.
3. **Cultural and social norms:** Societal attitudes and cultural norms can perpetuate stigma and shame surrounding menstruation, making it difficult for individuals to discuss or seek help.
4. **Infrastructure and policy:** Inadequate infrastructure, such as lack of access to clean water, sanitation, and hygiene facilities, can hinder menstrual health management.
5. **Product availability and affordability:** Limited availability and high prices of menstrual products can make it difficult for individuals to access these essential items.

**Consequences:**

The consequences of menstrual equity and period poverty can be severe:

1. **Health risks:** Inadequate menstrual product use can lead to health complications, such as infections, reproductive health issues, and mental health concerns.
2. **Social and economic impacts:** Period poverty can lead to absenteeism from school or work, reduced productivity, and decreased economic opportunities.
3. **Stigma and shame:** Societal attitudes and cultural norms can perpetuate stigma and shame, further exacerbating the challenges faced by individuals.

**Solutions and Initiatives:**

To address menstrual equity and period poverty, various initiatives and solutions are being implemented:

1. **Menstrual product distribution:** Organizations and governments are providing free or low-cost menstrual products to individuals in need.
2. **Education and awareness:** Educational programs and campaigns aim to raise awareness about menstrual health, hygiene, and management.
3. **Policy changes:** Governments and organizations are implementing policies to address menstrual equity, such as providing free or subsidized menstrual products.
4. **Infrastructure development:** Efforts are being made to improve access to clean water, sanitation, and hygiene facilities.

Overall, menstrual equity and period poverty are complex issues that require a multifaceted approach to address the systemic and structural barriers that prevent individuals from accessing essential menstrual products and services.",0.8739039897918701,0.0,-0.8739039897918701,3109,3212,103,19.922139864647118,23.840417633410677,3.9182777687635593
Methane Emissions Reduction in Agriculture,0.6,0.8,0.8,0.6,0.2,0.6,0.6,0.8,0.8,0.8,0.6,climate action,"Methane emissions reduction in agriculture refers to the strategies and practices aimed at reducing the release of methane (CH4) from agricultural activities. Methane is a potent greenhouse gas with a global warming potential 28 times higher than carbon dioxide over a 100-year time frame. Agriculture is a significant source of methane emissions, primarily due to the following activities:

1. **Livestock Production:** Livestock, especially ruminant animals like cows, sheep, and goats, produce methane as part of their digestive process. This process involves the breakdown of cellulose in plant material by microbes in the animal's stomach, producing methane as a byproduct.

2. **Manure Management:** The storage and handling of manure from livestock can lead to methane emissions. This is because manure is a rich source of organic matter that, when decomposed, releases methane.

3. **Crop Production:** Rice cultivation is another significant source of methane emissions. The flooded conditions required for rice cultivation create an anaerobic environment that fosters the production of methane by microbes in the soil.

4. **Soil Emissions:** Methane can also be emitted from soils, particularly those with high levels of organic matter and waterlogged conditions. This can occur in rice paddies, wetlands, and other areas where the soil is saturated with water.

Strategies for reducing methane emissions in agriculture include:

- **Improving Livestock Feed:** Enhancing the nutritional quality of feed can reduce the amount of methane produced by livestock. This can be achieved through the use of high-quality feed, supplements, and management practices that optimize feed utilization.

- **Manure Management:** Implementing effective manure management practices, such as composting or using it as fertilizer, can reduce methane emissions from manure.

- **Rice Cultivation Practices:** Adopting more efficient and less methane-intensive rice cultivation practices, such as using drip irrigation and aeration systems, can significantly reduce methane emissions from rice paddies.

- **Soil Management:** Practices that improve soil health and reduce waterlogging, such as using conservation agriculture and crop rotation, can also reduce methane emissions from soils.

- **Genetic Selection:** Selecting livestock breeds that naturally produce less methane can be an effective strategy for reducing emissions from livestock.

- **Biotechnology:** Research into biotechnology and genetic engineering could potentially lead to the development of microbes that can break down methane, or to the creation of crops that absorb methane from the atmosphere.

- **Policy and Education:** Implementing policies that encourage the adoption of methane-reducing practices and educating farmers about the importance of reducing methane emissions can also play a crucial role in mitigating agricultural methane emissions.

These strategies are not only beneficial for reducing greenhouse gas emissions but also for improving agricultural productivity and sustainability.",,4.0,4.0,4.0,3070,0.0,15.86,0.0,"Methane Emissions Reduction in Agriculture refers to the efforts to decrease the amount of methane released into the atmosphere by agricultural activities. Methane is a potent greenhouse gas that contributes to climate change.

Agriculture is a significant source of methane emissions, primarily due to the digestive processes of ruminant animals such as cattle, sheep, and goats. These animals produce methane as a byproduct of their digestive system, which is composed of a four-chambered stomach and a large cecum. The methane is released through their manure, flatulence, and urine.

The main sources of methane emissions in agriculture are:

1. Livestock manure: Methane is produced as the manure decomposes, particularly in anaerobic (oxygen-free) conditions.
2. Enteric fermentation: Methane is produced as a byproduct of the digestive process in ruminant animals.
3. Rice cultivation: Methane is produced as the rice plants decompose in flooded paddies.

To reduce methane emissions in agriculture, various strategies can be employed:

1. Improving feed quality: Providing high-quality feed to ruminant animals can reduce the amount of methane produced during digestion.
2. Manure management: Implementing effective manure management practices, such as storing manure in well-ventilated areas or using anaerobic digesters, can reduce methane emissions.
3. Livestock breeding: Selecting livestock breeds that produce less methane can contribute to emissions reduction.
4. Agricultural practices: Implementing conservation agriculture practices, such as reduced tillage and cover cropping, can reduce soil disturbance and methane emissions.
5. Rice cultivation practices: Implementing flooded rice cultivation practices, such as alternate wetting and drying, can reduce methane emissions.
6. Biotechnology: Researching and developing new technologies, such as methane-reducing feed additives, can provide innovative solutions to reduce emissions.

The benefits of reducing methane emissions in agriculture include:

1. Climate change mitigation: Reducing methane emissions can contribute to global efforts to mitigate climate change.
2. Improved air quality: Reducing methane emissions can improve air quality and reduce the negative impacts on human health.
3. Increased agricultural productivity: Implementing methane-reducing strategies can also improve agricultural productivity and efficiency.

Overall, reducing methane emissions in agriculture requires a multifaceted approach that involves improving feed quality, manure management, livestock breeding, agricultural practices, and biotechnology.",0.0,0.0,0.0,3070,2609,-461,20.45294117647059,20.03809523809524,-0.4148459383753469
