topic,common,conceptually dense,interdisciplinary,negative,neutral,positive,socially controversial,subject to geographical variability,subject to time variability,technically complicated,unambiguous,domain,explanation,system_instruction,framing_effect,information_overload,oversimplification,explanation_length,subjectivity_score_nn,gunning_fog,sentiment_score_nn,patched_explanation,baseline_metric,patched_metric,metric_delta,baseline_length,patched_length,delta_length,baseline_fog,patched_fog,delta_fog
Climate-Resilient Coastal Planning,0.6,0.8,0.8,0.6,0.8,0.8,0.8,0.8,0.8,0.8,0.6,climate action,"Climate-Resilient Coastal Planning (CRCP) is an approach to coastal planning and management that takes into account the projected impacts of climate change on coastal ecosystems and communities. The goal of CRCP is to design and implement coastal development and management strategies that can withstand and adapt to the changing climate, while also promoting sustainable and equitable development.

Key principles of Climate-Resilient Coastal Planning:

1. **Integration of climate change projections**: CRCP involves incorporating the latest climate change projections and scenarios into coastal planning and management decisions.
2. **Risk assessment and management**: It involves identifying and assessing the risks associated with climate-related hazards, such as sea-level rise, storm surges, and increased flooding.
3. **Adaptive management**: CRCP encourages a flexible and adaptive approach to coastal management, allowing for adjustments to be made as climate-related conditions change.
4. **Sustainable development**: It prioritizes sustainable development and environmental protection, while also promoting social and economic well-being.
5. **Community engagement and participation**: CRCP involves engaging with local communities, stakeholders, and decision-makers to ensure that their needs and concerns are taken into account.

Key components of Climate-Resilient Coastal Planning:

1. **Coastal zone management**: This involves managing the coastal zone as a whole, including the land, water, and ecosystems within it.
2. **Sea-level rise and flooding management**: This includes strategies for managing and adapting to sea-level rise, flooding, and storm surges.
3. **Ecosystem-based adaptation**: This involves using natural ecosystems, such as mangroves, dunes, and coral reefs, to provide natural barriers against storms and sea-level rise.
4. **Infrastructure design and adaptation**: This includes designing and adapting coastal infrastructure, such as seawalls, jetties, and buildings, to withstand climate-related hazards.
5. **Social and economic resilience**: This involves promoting social and economic resilience in coastal communities, through measures such as economic diversification, social protection, and community engagement.

Benefits of Climate-Resilient Coastal Planning:

1. **Reduced risk and vulnerability**: CRCP can help reduce the risk and vulnerability of coastal communities to climate-related hazards.
2. **Improved economic and social outcomes**: By promoting sustainable development and social and economic resilience, CRCP can lead to improved economic and social outcomes for coastal communities.
3. **Enhanced environmental protection**: CRCP prioritizes environmental protection and conservation, which can help maintain the health and integrity of coastal ecosystems.
4. **Increased community engagement and participation**: CRCP encourages community engagement and participation, which can lead to more effective and sustainable coastal management decisions.

Overall, Climate-Resilient Coastal Planning is a holistic and adaptive approach to coastal management that takes into account the projected impacts of climate change on coastal ecosystems and communities. By integrating climate change projections, risk assessment, and adaptive management, CRCP can help reduce the risk and vulnerability of coastal communities, while promoting sustainable and equitable development.",,4.0,4.0,4.0,3432,0.0,13.67,0.0,"Climate-Resilient Coastal Planning refers to a systematic approach to planning and managing coastal areas to mitigate the impacts of climate change. This approach involves analyzing and addressing the potential effects of climate-related hazards, such as sea-level rise, storm surges, and extreme weather events, on coastal ecosystems, infrastructure, and communities.

Key components of Climate-Resilient Coastal Planning include:

1. **Risk Assessment**: Identifying potential climate-related hazards and their likelihood of occurrence, as well as the potential impacts on coastal areas.
2. **Vulnerability Analysis**: Assessing the sensitivity and adaptability of coastal ecosystems, infrastructure, and communities to climate-related hazards.
3. **Adaptation Strategies**: Developing and implementing measures to reduce the vulnerability of coastal areas to climate-related hazards, such as:
	* Elevation of buildings and infrastructure
	* Beach nourishment and dune restoration
	* Flood protection measures, such as seawalls and levees
	* Erosion control measures, such as groynes and breakwaters
	* Managed retreat, where infrastructure is relocated or abandoned
4. **Integrated Planning**: Coordinating and integrating climate-resilient planning with other planning efforts, such as urban planning, transportation planning, and environmental planning.
5. **Monitoring and Evaluation**: Regularly monitoring and evaluating the effectiveness of climate-resilient planning measures and adapting them as needed.

Climate-Resilient Coastal Planning aims to balance the need for economic development and environmental protection with the need to mitigate the impacts of climate change. By adopting this approach, coastal communities can reduce their vulnerability to climate-related hazards and promote sustainable development.

Sources:

* Intergovernmental Panel on Climate Change (IPCC)
* United Nations Environment Programme (UNEP)
* World Bank
* National Oceanic and Atmospheric Administration (NOAA)",0.0,0.5785847306251526,0.5785847306251526,3432,2006,-1426,21.06975546975547,21.92140762463343,0.8516521548779608
Bio-based Economy and Markets,0.6,0.8,0.8,0.6,0.8,0.8,0.4,0.8,0.8,0.8,0.6,climate action,"A bio-based economy and markets refer to the production, use, and trade of products and services derived from renewable biological resources, such as plants, algae, and microorganisms. This concept is also known as the ""biobased economy"" or ""biobased industry.""

**Key characteristics:**

1. **Renewable resources**: Bio-based products are made from renewable biomass, such as wood, crops, algae, and microorganisms, which can be replenished naturally.
2. **Sustainable**: Bio-based products are designed to be sustainable, reducing the need for fossil fuels and minimizing environmental impact.
3. **Biodegradable**: Many bio-based products are biodegradable, meaning they can easily decompose and return to nature.
4. **Low carbon footprint**: Bio-based products generally have a lower carbon footprint compared to traditional fossil fuel-based products.

**Examples of bio-based products:**

1. **Biofuels**: Fuels produced from biomass, such as ethanol from corn or sugarcane.
2. **Bioplastics**: Plastics made from renewable biomass, such as polylactic acid (PLA) from corn starch or sugarcane.
3. **Bio-based chemicals**: Chemicals produced from biomass, such as biodegradable detergents or adhesives.
4. **Food and feed**: Products derived from biomass, such as bio-based fertilizers or animal feed.
5. **Biodegradable packaging**: Packaging materials made from renewable biomass, such as bioplastic bags or containers.

**Benefits of a bio-based economy:**

1. **Reduced greenhouse gas emissions**: By replacing fossil fuels with renewable biomass, the bio-based economy can help mitigate climate change.
2. **Increased energy security**: Diversifying energy sources with biofuels can reduce dependence on fossil fuels.
3. **Job creation**: The bio-based industry can create new employment opportunities in agriculture, biotechnology, and manufacturing.
4. **Improved resource efficiency**: Bio-based products can help reduce waste and promote sustainable resource use.

**Challenges and limitations:**

1. **Scalability**: The bio-based industry still faces challenges in scaling up production to meet demand.
2. **Cost competitiveness**: Bio-based products are often more expensive than traditional fossil fuel-based products.
3. **Regulatory frameworks**: Governments and regulatory bodies need to establish clear policies and guidelines to support the growth of the bio-based industry.
4. **Public acceptance**: Some consumers may be hesitant to adopt bio-based products due to concerns about their performance or environmental impact.

**Market trends and outlook:**

The global bio-based market is expected to grow significantly in the coming years, driven by increasing demand for sustainable products and services. According to a report by Grand View Research, the bio-based market is projected to reach $1.3 trillion by 2025, growing at a CAGR of 12.5% from 2020 to 2025.

In summary, the bio-based economy and markets refer to the production, use, and trade of products and services derived from renewable biological resources. This concept offers numerous benefits, including reduced greenhouse gas emissions, increased energy security, job creation, and improved resource efficiency. However, the industry still faces challenges and limitations, such as scalability, cost competitiveness, regulatory frameworks, and public acceptance.",,4.0,4.0,4.0,3354,0.0,12.3,0.0,"A bio-based economy and markets refer to an economic system that utilizes renewable biological resources, such as plants, microorganisms, and waste biomass, to produce goods and services. This concept is based on the idea of replacing fossil-based materials and energy with bio-based alternatives.

**Definition:**

A bio-based economy is an economic system that relies on biological resources to produce goods and services, with the goal of reducing dependence on fossil fuels and mitigating climate change. Bio-based products are derived from renewable biological resources, such as plants, microorganisms, and waste biomass, and are used to replace traditional fossil-based materials and energy.

**Key characteristics:**

1. **Renewable resources:** Bio-based products are derived from renewable biological resources, which are replenished naturally and can be replenished in a relatively short period.
2. **Sustainable production:** Bio-based production processes aim to minimize environmental impacts, such as greenhouse gas emissions, water pollution, and land degradation.
3. **Biodegradable:** Bio-based products are designed to be biodegradable, reducing waste and the environmental impacts associated with traditional fossil-based materials.
4. **Diversified feedstocks:** Bio-based products can be produced from a variety of feedstocks, including agricultural waste, forestry residues, and algae.

**Market drivers:**

1. **Climate change mitigation:** Governments and companies are seeking to reduce greenhouse gas emissions and mitigate climate change, driving demand for bio-based products.
2. **Sustainability:** Consumers are increasingly seeking sustainable and environmentally friendly products, driving demand for bio-based products.
3. **Regulatory frameworks:** Governments are implementing policies and regulations to support the development of bio-based industries, such as the European Union's Bioeconomy Strategy.
4. **Technological advancements:** Advances in biotechnology and process engineering are enabling the development of new bio-based products and processes.

**Examples of bio-based products:**

1. **Biofuels:** Fuels produced from biomass, such as ethanol and biodiesel.
2. **Bioplastics:** Plastics produced from renewable biological resources, such as polylactic acid (PLA) and polyhydroxyalkanoates (PHA).
3. **Bio-based chemicals:** Chemicals produced from biomass, such as bio-based solvents and surfactants.
4. **Bio-based materials:** Materials produced from biomass, such as biodegradable packaging materials and textiles.

**Challenges and limitations:**

1. **Scalability:** Bio-based production processes often require significant investments in infrastructure and technology to achieve economies of scale.
2. **Cost competitiveness:** Bio-based products often face higher production costs compared to traditional fossil-based materials.
3. **Feedstock availability:** The availability and quality of feedstocks can be variable and dependent on factors such as weather, pests, and diseases.
4. **Regulatory frameworks:** The development of bio-based industries is often hindered by regulatory frameworks that are not yet supportive of bio-based production.

Overall, the bio-based economy and markets represent a significant shift towards a more sustainable and environmentally friendly economic system, with the potential to reduce greenhouse gas emissions and mitigate climate change.",0.0,0.0,0.0,3354,3436,82,17.33086637298091,20.889278538812786,3.558412165831875
Economic Justice and Wages in Gender-Integrated Labor Markets,0.6,0.8,0.8,0.6,0.8,0.8,0.8,0.8,0.8,0.8,0.6,gender equality,"A very specific and interesting topic!

""Economic Justice and Wages in Gender-Integrated Labor Markets"" refers to the study of the economic fairness and wage disparities that exist in labor markets where men and women work together, often in the same industries or occupations. This concept is relevant in many countries, particularly in those with a high level of gender integration in the workforce.

**Key issues:**

1. **Wage gaps**: Research has consistently shown that, on average, women earn less than men for the same work, even when controlling for factors like education, experience, and job type. This wage gap is often attributed to various forms of discrimination, including sexism and bias in hiring, promotion, and pay practices.
2. **Occupational segregation**: Women are often concentrated in certain industries or occupations, such as education, healthcare, and social services, which tend to have lower pay and fewer benefits compared to male-dominated fields like finance, technology, and construction.
3. **Care work and unpaid labor**: Women are disproportionately responsible for unpaid care work, such as childcare and household responsibilities, which can limit their ability to participate in the paid labor market and earn a living wage.
4. **Intersectionality**: The experiences of women in the labor market vary depending on their intersectional identities, including their racial, ethnic, and socioeconomic backgrounds.

**Economic justice and wages:**

To achieve economic justice and fair wages in gender-integrated labor markets, researchers and policymakers recommend the following strategies:

1. **Pay equity laws**: Implementing and enforcing laws that require equal pay for equal work, regardless of gender.
2. **Job evaluation and classification**: Regularly reviewing and updating job evaluation and classification systems to ensure that they accurately reflect the value and complexity of different occupations.
3. **Training and education**: Providing training and education programs that help women develop skills and knowledge in high-paying industries and occupations.
4. **Flexible work arrangements**: Offering flexible work arrangements, such as telecommuting and part-time work, to help women balance their work and family responsibilities.
5. **Addressing care work and unpaid labor**: Recognizing and valuing care work and unpaid labor, and providing support and resources to help women balance their work and family responsibilities.
6. **Promoting diversity and inclusion**: Encouraging diversity and inclusion in the workplace, and addressing biases and stereotypes that contribute to wage disparities.

**Conclusion:**

Achieving economic justice and fair wages in gender-integrated labor markets requires a comprehensive approach that addresses the complex and interconnected issues of wage gaps, occupational segregation, care work, and intersectionality. By implementing policies and strategies that promote pay equity, job evaluation, training and education, flexible work arrangements, and diversity and inclusion, we can work towards a more equitable and just labor market for all.",,4.0,4.0,4.0,3142,0.9054554104804992,17.12,0.0,"Economic justice and wages in gender-integrated labor markets refer to the study of the distribution of wages and economic opportunities between men and women in labor markets where both sexes are present.

**Definition of Key Terms:**

* **Economic justice**: The concept of fairness and equity in the distribution of economic resources, including wages, employment opportunities, and benefits.
* **Gender-integrated labor markets**: Labor markets where both men and women are employed, and where there is a significant presence of women in the workforce.
* **Wages**: The monetary compensation received by workers for their labor.

**Theoretical Framework:**

The concept of economic justice in gender-integrated labor markets is often analyzed through the lens of human capital theory, which posits that wages are determined by the supply and demand of labor, as well as individual characteristics such as education, experience, and skills.

**Key Issues:**

1. **Wage gaps**: The difference in wages between men and women for similar work, often referred to as the ""gender wage gap.""
2. **Occupational segregation**: The tendency for men and women to be employed in different occupations, which can lead to unequal wages and career advancement opportunities.
3. **Human capital investments**: The differences in education, training, and experience between men and women, which can affect their earning potential.

**Causal Mechanisms:**

1. **Discrimination**: Biases and prejudices that lead to unequal treatment of men and women in the labor market, resulting in lower wages and fewer opportunities for women.
2. **Social norms**: Cultural and societal expectations that influence the types of jobs and careers that men and women pursue, which can perpetuate occupational segregation.
3. **Institutional factors**: Labor market policies, laws, and regulations that may inadvertently perpetuate wage gaps and occupational segregation.

**Empirical Evidence:**

Studies have consistently shown that women tend to earn lower wages than men for similar work, even after controlling for individual characteristics such as education and experience. The gender wage gap varies across countries and industries, but it is a persistent phenomenon in many economies.

**Policy Implications:**

1. **Equal pay legislation**: Laws and regulations that require equal pay for equal work, regardless of sex.
2. **Affirmative action policies**: Programs aimed at increasing the representation of underrepresented groups, including women, in certain occupations and industries.
3. **Human capital investments**: Policies and programs that promote education, training, and experience for women, with a focus on closing the human capital gap.

In conclusion, economic justice and wages in gender-integrated labor markets is a complex issue that involves the interplay of individual, institutional, and societal factors. Understanding the causal mechanisms and empirical evidence is essential for developing effective policies to promote economic justice and reduce wage gaps between men and women.",0.9054554104804992,0.7834866046905518,-0.1219688057899474,3142,3083,-59,20.68686868686869,18.304761904761904,-2.382106782106785
Disaster Risk Management in Small Island Developing States,0.6,0.8,0.8,0.6,0.8,0.8,0.6,0.8,0.8,0.8,0.6,climate action,"Disaster Risk Management (DRM) in Small Island Developing States (SIDS) is a critical aspect of ensuring the safety and resilience of these vulnerable communities. Here's an overview:

**What are Small Island Developing States (SIDS)?**

SIDS are island nations with limited land area, small populations, and economies that are heavily dependent on tourism, fishing, and other marine-based industries. Examples of SIDS include the Maldives, the Bahamas, and the Seychelles.

**Disaster Risk Management (DRM) in SIDS**

DRM in SIDS involves identifying, assessing, and mitigating the risks associated with natural hazards such as:

1. **Cyclones**: SIDS are prone to cyclones, which can cause widespread destruction and loss of life.
2. **Floods**: Rising sea levels and storm surges can lead to flooding, especially in low-lying areas.
3. **Droughts**: SIDS often experience droughts, which can impact agriculture, water supply, and food security.
4. **Sea-level rise**: Rising sea levels can lead to coastal erosion, saltwater intrusion, and loss of land and infrastructure.
5. **Volcanic eruptions**: Some SIDS are located near volcanic regions, which can pose a threat to the islands and their inhabitants.

**Challenges in DRM for SIDS**

1. **Limited resources**: SIDS often have limited financial, human, and technical resources to devote to DRM.
2. **Vulnerability**: SIDS are highly vulnerable to natural hazards due to their small size, limited infrastructure, and dependence on a few industries.
3. **Limited capacity**: SIDS may not have the capacity to respond effectively to disasters, which can exacerbate the impact of the event.
4. **Climate change**: SIDS are particularly vulnerable to the impacts of climate change, including sea-level rise, more frequent and intense natural hazards, and changes in weather patterns.

**Key DRM strategies for SIDS**

1. **Early warning systems**: Establishing early warning systems for natural hazards can help save lives and reduce damage.
2. **Risk assessment and mapping**: Conducting risk assessments and mapping can help identify areas of high risk and inform DRM planning.
3. **Infrastructure resilience**: Building infrastructure that can withstand natural hazards, such as cyclones and floods, is essential.
4. **Community-based DRM**: Engaging local communities in DRM planning and implementation can help build resilience and ensure that DRM strategies are tailored to local needs.
5. **International cooperation**: SIDS often rely on international cooperation and support to access funding, expertise, and technology to enhance their DRM capacity.
6. **Climate-resilient infrastructure**: Investing in climate-resilient infrastructure, such as sea walls, dunes, and green roofs, can help protect SIDS from the impacts of climate change.
7. **Disaster preparedness and response**: Developing disaster preparedness and response plans can help SIDS respond effectively to disasters and minimize losses.

**International support for DRM in SIDS**

1. **United Nations**: The United Nations has a dedicated program for SIDS, which includes support for DRM and climate change adaptation.
2. **Global Environment Facility (GEF)**: The GEF provides funding and technical assistance for DRM and climate change adaptation projects in SIDS.
3. **International financial institutions**: International financial institutions, such as the World Bank and the Asian Development Bank, provide funding and technical assistance for DRM and climate change adaptation projects in SIDS.

In conclusion, DRM in SIDS is a critical aspect of ensuring the safety and resilience of these vulnerable communities. By understanding the challenges and opportunities in DRM for SIDS, we can develop effective strategies to mitigate the risks associated with natural hazards and build resilience in these island nations.",,4.0,4.0,4.0,3852,0.0,13.48,0.0,"Disaster Risk Management (DRM) in Small Island Developing States (SIDS) refers to the systematic process of identifying, assessing, and mitigating potential disaster risks to minimize their impact on communities and economies.

**Definition of Small Island Developing States (SIDS)**

SIDS are countries that are geographically small, have limited economic resources, and are vulnerable to natural hazards such as hurricanes, tsunamis, and sea-level rise. Examples of SIDS include the Maldives, the Bahamas, and the Marshall Islands.

**Characteristics of SIDS**

SIDS are characterized by:

1. Limited economic resources and capacity to respond to disasters
2. High exposure to natural hazards due to their geographical location
3. Limited infrastructure and resources to mitigate and adapt to disasters
4. High dependence on tourism and other vulnerable industries

**Disaster Risk Management in SIDS**

DRM in SIDS involves a range of activities, including:

1. **Risk assessment**: Identifying potential disaster risks and their likelihood and impact
2. **Risk mitigation**: Implementing measures to reduce the likelihood and impact of disasters, such as building codes and emergency preparedness plans
3. **Disaster preparedness**: Developing plans and procedures to respond to disasters, including evacuation plans and emergency communication systems
4. **Disaster response**: Coordinating relief efforts and providing support to affected communities
5. **Disaster recovery**: Restoring infrastructure and services after a disaster

**Challenges in DRM in SIDS**

DRM in SIDS is challenging due to:

1. Limited resources and capacity to implement DRM measures
2. High vulnerability to natural hazards
3. Limited infrastructure and resources to respond to disasters
4. Dependence on external aid and support

**International support for DRM in SIDS**

The international community has recognized the importance of DRM in SIDS and has provided support through various initiatives, including:

1. The United Nations Office for Disaster Risk Reduction (UNDRR)
2. The Small Island Developing States (SIDS) Accelerated Modalities of Action (SAMOA) Pathway
3. The Global Facility for Disaster Reduction and Recovery (GFDRR)

These initiatives aim to support SIDS in building their DRM capacity and reducing their vulnerability to disasters.",0.0,0.0,0.0,3852,2338,-1514,17.76333938294011,20.729602446483185,2.9662630635430745
Advanced Materials for Climate Action,0.8,0.8,0.8,0.6,0.8,0.8,0.6,0.8,0.8,0.8,0.6,climate action,"""Advanced Materials for Climate Action"" refers to the development and application of innovative materials and technologies to mitigate and adapt to the effects of climate change. These materials are designed to help reduce greenhouse gas emissions, promote sustainable energy production, and support climate resilience.

Some examples of advanced materials for climate action include:

1. **Renewable Energy Materials**:
	* Solar panels made from high-efficiency photovoltaic cells
	* Wind turbine blades with advanced aerodynamics and materials
	* Energy storage materials like lithium-ion batteries and supercapacitors
2. **Carbon Capture and Utilization (CCU) Materials**:
	* Materials that can capture CO2 from power plant emissions and convert it into valuable chemicals or fuels
	* Carbon-based materials for carbon sequestration and storage
3. **Sustainable Building Materials**:
	* Insulating materials with high thermal performance and low embodied energy
	* Building-integrated photovoltaics (BIPV) and solar windows
	* Recycled and recyclable materials for construction
4. **Climate-Resilient Materials**:
	* Materials with improved durability and resistance to extreme weather events (e.g., hurricanes, floods)
	* Materials that can help mitigate the effects of sea-level rise and coastal erosion
5. **Bio-Based Materials**:
	* Bioplastics and biocomposites made from renewable biomass sources
	* Bio-based materials for carbon sequestration and soil remediation
6. **Advanced Ceramics and Composites**:
	* High-temperature superconducting materials for energy efficiency
	* Advanced ceramic materials for energy storage and conversion
7. **Smart Materials and Coatings**:
	* Self-healing materials for infrastructure and building maintenance
	* Smart coatings for energy efficiency and thermal management

The development and application of these advanced materials can help address various climate-related challenges, such as:

1. **Reducing greenhouse gas emissions**: By promoting the use of renewable energy sources, improving energy efficiency, and developing carbon capture and utilization technologies.
2. **Enhancing climate resilience**: By creating materials and infrastructure that can withstand extreme weather events and support adaptation to changing climate conditions.
3. **Supporting sustainable development**: By providing materials and technologies that can help achieve the United Nations' Sustainable Development Goals (SDGs), particularly SDG 7 (Affordable and Clean Energy) and SDG 13 (Climate Action).

The ""Advanced Materials for Climate Action"" field is an interdisciplinary area of research and innovation, combining expertise from materials science, engineering, physics, chemistry, and environmental science to develop and apply cutting-edge materials and technologies for a more sustainable and climate-resilient future.",,4.0,4.0,4.0,2863,0.8601195812225342,17.6,0.0,"""Advanced Materials for Climate Action"" refers to the development and application of innovative materials and technologies to mitigate and adapt to the effects of climate change. This concept involves the creation and use of materials with improved properties, such as reduced carbon footprint, increased efficiency, and enhanced sustainability.

The focus of advanced materials for climate action is on addressing the following areas:

1. **Renewable Energy**: Developing materials for energy storage, conversion, and transmission, such as advanced batteries, solar panels, and wind turbines.
2. **Energy Efficiency**: Creating materials with improved thermal insulation, reduced heat transfer, and enhanced building envelope performance.
3. **Carbon Capture and Utilization**: Designing materials for carbon capture, utilization, and storage (CCUS) technologies, such as carbon capture membranes and mineral carbonation.
4. **Sustainable Infrastructure**: Developing materials for resilient and adaptive infrastructure, including sea walls, levees, and green roofs.
5. **Climate-Resilient Construction**: Creating materials for building design and construction that can withstand extreme weather events and climate-related stressors.

Advanced materials for climate action often involve the use of:

1. **Nanomaterials**: Materials with unique properties at the nanoscale, such as enhanced strength, conductivity, or optical properties.
2. **Composites**: Materials composed of multiple components, such as fibers, polymers, or ceramics, with improved mechanical, thermal, or electrical properties.
3. **Smart Materials**: Materials that can respond to environmental stimuli, such as temperature, humidity, or light, to optimize performance or efficiency.
4. **Bio-based Materials**: Materials derived from renewable biomass sources, such as plants, algae, or bacteria, with reduced carbon footprint and improved sustainability.

The development and application of advanced materials for climate action rely on interdisciplinary research and collaboration among materials scientists, engineers, policymakers, and industry stakeholders. The goal is to create innovative solutions that can help mitigate climate change, reduce greenhouse gas emissions, and promote sustainable development.",0.8601195812225342,0.0,-0.8601195812225342,2863,2289,-574,24.518733705772814,21.192172923777022,-3.3265607819957914
Digital Health and Vulnerable Populations,0.8,0.8,0.8,0.6,0.8,0.8,0.8,0.8,0.8,0.8,0.6,good health and well-being,"""Digital Health and Vulnerable Populations"" refers to the intersection of digital health technologies and the needs of vulnerable populations, such as the elderly, people with disabilities, low-income individuals, and those living in rural or underserved areas. This concept involves the use of digital health tools, services, and platforms to improve the health and well-being of these populations.

**Key aspects:**

1. **Accessibility**: Ensuring that digital health technologies are accessible and usable by vulnerable populations, despite potential barriers such as literacy, language, or cognitive impairments.
2. **Equity**: Addressing health disparities and promoting equal access to digital health resources, services, and information for all populations, regardless of their socioeconomic status, age, or ability.
3. **Inclusivity**: Designing digital health solutions that take into account the diverse needs, preferences, and experiences of vulnerable populations.
4. **Safety**: Ensuring that digital health technologies are safe and secure for vulnerable populations, particularly in terms of data protection and online safety.
5. **Effectiveness**: Evaluating the effectiveness of digital health interventions in improving health outcomes for vulnerable populations.

**Examples of digital health solutions for vulnerable populations:**

1. **Telemedicine**: Remote consultations and monitoring for patients with chronic conditions, such as diabetes or heart disease.
2. **Mobile health (mHealth) apps**: Apps that provide health information, support, and resources for people with disabilities, mental health conditions, or chronic illnesses.
3. **Personal health records (PHRs)**: Electronic systems that allow patients to manage their health information, including medications, test results, and medical history.
4. **Wearable devices**: Wearable devices that track physical activity, sleep, and other health metrics for people with disabilities or chronic conditions.
5. **Digital literacy programs**: Educational programs that teach vulnerable populations how to use digital health technologies effectively and safely.

**Benefits of digital health for vulnerable populations:**

1. **Improved access to care**: Digital health technologies can expand access to healthcare services, particularly for those living in rural or underserved areas.
2. **Enhanced patient engagement**: Digital health solutions can empower patients to take a more active role in their health management.
3. **Increased efficiency**: Digital health technologies can streamline healthcare processes, reducing costs and improving outcomes.
4. **Better health outcomes**: Digital health solutions can lead to improved health outcomes, such as better disease management and prevention.

**Challenges and limitations:**

1. **Digital divide**: The gap between those who have access to digital health technologies and those who do not.
2. **Health literacy**: The need for vulnerable populations to have the necessary skills and knowledge to effectively use digital health technologies.
3. **Data protection**: Ensuring the security and confidentiality of sensitive health information.
4. **Equity and access**: Addressing disparities in access to digital health resources and services.

Overall, ""Digital Health and Vulnerable Populations"" is a critical area of focus, as it has the potential to improve health outcomes, increase access to care, and enhance the overall well-being of vulnerable populations.",,4.0,4.0,4.0,3497,0.0,13.89,0.0,"Digital health refers to the use of digital technologies, such as electronic health records, telemedicine, and mobile health applications, to improve healthcare delivery and outcomes. Vulnerable populations are individuals or groups who are at increased risk of health disparities, poor health outcomes, or limited access to healthcare services due to various factors such as socioeconomic status, age, disability, or geographic location.

The intersection of digital health and vulnerable populations is an area of growing interest and research. The use of digital health technologies has the potential to address some of the challenges faced by vulnerable populations, such as:

1. **Access to healthcare**: Digital health technologies can increase access to healthcare services for individuals who live in remote or underserved areas, have limited mobility, or are unable to travel to healthcare facilities.
2. **Health literacy**: Digital health technologies can provide individuals with easy-to-understand information about their health, enabling them to make informed decisions about their care.
3. **Health monitoring**: Digital health technologies can enable remote monitoring of chronic conditions, allowing for early detection and intervention.
4. **Social determinants of health**: Digital health technologies can address social determinants of health, such as food insecurity, housing instability, and transportation barriers, which are often linked to poor health outcomes.

However, there are also challenges and limitations to consider:

1. **Digital divide**: Not all individuals have access to digital technologies, and those who do may not have the skills or knowledge to use them effectively.
2. **Health disparities**: Digital health technologies may exacerbate existing health disparities if they are not designed with the needs of vulnerable populations in mind.
3. **Data security and privacy**: Digital health technologies require secure and private data storage and transmission, which can be a challenge, particularly for vulnerable populations who may be more vulnerable to data breaches.
4. **Cultural and linguistic barriers**: Digital health technologies may not be accessible or usable for individuals who do not speak the dominant language or have cultural backgrounds that are not represented in the technology.

To address these challenges, researchers and policymakers are exploring strategies such as:

1. **Designing inclusive digital health technologies**: Developing digital health technologies that are accessible, usable, and culturally sensitive for vulnerable populations.
2. **Providing digital literacy training**: Offering training and education to individuals who may not have the skills or knowledge to use digital health technologies effectively.
3. **Addressing social determinants of health**: Integrating digital health technologies with social services and programs that address the social determinants of health.
4. **Ensuring data security and privacy**: Implementing robust data security and privacy measures to protect the sensitive health information of vulnerable populations.

Overall, the intersection of digital health and vulnerable populations is a complex and multifaceted issue that requires a nuanced and evidence-based approach to address the challenges and opportunities presented by digital health technologies.",0.0,0.0,0.0,3497,3381,-116,21.46150537634409,23.46689303904924,2.00538766270515
Health and Technology,0.8,0.8,0.8,0.6,0.8,0.8,0.8,0.8,0.8,0.8,0.6,good health and well-being,"A fascinating field! ""Health and Technology"" refers to the intersection of healthcare and technology, where innovative solutions are developed to improve human health, prevent diseases, and enhance the quality of life. This field combines the principles of medicine, biology, and computer science to create new technologies, products, and services that transform the way healthcare is delivered, managed, and experienced.

Some key areas within Health and Technology include:

1. **Telemedicine**: Remote healthcare services that enable patients to consult with doctors, receive diagnoses, and receive treatment from anywhere in the world.
2. **Electronic Health Records (EHRs)**: Digital storage and management of patient health information, allowing for secure sharing and access to medical records.
3. **Medical Imaging**: Advanced imaging technologies like MRI, CT scans, and ultrasound, which help diagnose and monitor various medical conditions.
4. **Wearable Technology**: Devices like fitness trackers, smartwatches, and health monitors that track vital signs, physical activity, and other health metrics.
5. **Artificial Intelligence (AI) in Healthcare**: AI-powered systems that analyze medical data, diagnose diseases, and develop personalized treatment plans.
6. **Personalized Medicine**: Tailored medical treatments based on an individual's genetic profile, medical history, and lifestyle.
7. **Health Informatics**: The use of information technology to manage and analyze health data, improve healthcare outcomes, and optimize resource allocation.
8. **Digital Therapeutics**: Online platforms and apps that provide evidence-based mental health and wellness interventions.
9. **3D Printing and Bioprinting**: The creation of custom prosthetics, implants, and organs using 3D printing and bioprinting technologies.
10. **Healthcare Analytics**: The use of data analytics and machine learning to identify trends, predict patient outcomes, and optimize healthcare delivery.

The benefits of Health and Technology include:

* **Improved patient outcomes**: Enhanced diagnosis, treatment, and management of diseases.
* **Increased efficiency**: Streamlined healthcare processes, reduced costs, and optimized resource allocation.
* **Enhanced patient engagement**: Empowered patients with access to their health information, enabling them to take a more active role in their care.
* **New business models**: Innovative revenue streams and partnerships between healthcare providers, payers, and technology companies.

However, the integration of technology into healthcare also raises important concerns, such as:

* **Data security and privacy**: Protecting sensitive patient information from unauthorized access or breaches.
* **Regulatory compliance**: Ensuring that new technologies meet existing healthcare regulations and standards.
* **Digital literacy**: Educating healthcare professionals and patients about the effective use of technology in healthcare.
* **Equity and access**: Ensuring that the benefits of Health and Technology are accessible to all, regardless of socioeconomic status or geographic location.

Overall, Health and Technology has the potential to revolutionize the way we deliver, manage, and experience healthcare.",,4.0,4.0,4.0,3252,0.7747964262962341,16.37,0.0,"Health and technology refer to the intersection of healthcare and technological advancements. This field involves the application of various technologies to improve healthcare outcomes, enhance patient care, and streamline healthcare processes.

Key areas of focus in health and technology include:

1. **Electronic Health Records (EHRs)**: The use of digital systems to store and manage patient medical information, allowing for secure and efficient access to patient data.
2. **Telemedicine**: The use of digital communication technologies, such as video conferencing and messaging, to provide remote healthcare services and consultations.
3. **Medical Imaging**: The use of advanced imaging technologies, such as MRI and CT scans, to diagnose and monitor medical conditions.
4. **Personalized Medicine**: The use of genetic and genomic data to tailor medical treatments and interventions to individual patients.
5. **Wearable Devices**: The use of wearable devices, such as fitness trackers and smartwatches, to monitor patient health and activity levels.
6. **Artificial Intelligence (AI) in Healthcare**: The use of AI algorithms to analyze medical data, identify patterns, and make predictions about patient outcomes.
7. **Health Informatics**: The use of information technology to manage and analyze healthcare data, with the goal of improving healthcare outcomes and reducing costs.

The integration of technology into healthcare has several benefits, including:

1. **Improved patient outcomes**: Technology can help healthcare providers make more accurate diagnoses and develop more effective treatment plans.
2. **Increased efficiency**: Technology can streamline healthcare processes, reducing administrative burdens and improving patient flow.
3. **Enhanced patient engagement**: Technology can empower patients to take a more active role in their healthcare, through access to patient portals and mobile health apps.
4. **Reduced costs**: Technology can help reduce healthcare costs by improving resource allocation and reducing unnecessary procedures.

However, the integration of technology into healthcare also presents several challenges, including:

1. **Data security and privacy**: The use of technology in healthcare raises concerns about data security and patient privacy.
2. **Interoperability**: The integration of different healthcare systems and technologies can be complex and time-consuming.
3. **Workforce training**: Healthcare providers may require training to effectively use new technologies and systems.
4. **Regulatory frameworks**: The use of technology in healthcare is subject to various regulatory frameworks, which can be complex and evolving.

Overall, the intersection of health and technology is a rapidly evolving field, with significant potential to improve healthcare outcomes and reduce costs.",0.7747964262962341,0.0,-0.7747964262962341,3252,2841,-411,19.87577639751553,18.958598568961264,-0.9171778285542658
Climate Resilience and Building Codes,0.8,0.8,0.8,0.6,0.8,0.8,0.8,0.8,0.8,0.8,0.6,climate action,"""Climate Resilience and Building Codes"" refers to the integration of climate change considerations into the development and enforcement of building codes, which are sets of regulations that dictate the minimum standards for the design, construction, and maintenance of buildings. The goal is to ensure that buildings can withstand and adapt to the impacts of climate change, such as more frequent and severe weather events, rising temperatures, and changing precipitation patterns.

**Why is climate resilience important in building codes?**

1. **Reducing risk**: Buildings that are not designed or constructed to withstand climate-related hazards can be damaged or destroyed, leading to loss of life, property damage, and economic disruption.
2. **Protecting public health and safety**: Buildings that are not climate-resilient can become uninhabitable, leading to displacement of residents, and potentially exacerbating health issues.
3. **Minimizing economic losses**: Climate-related damage to buildings can result in significant economic losses, including costs associated with repair, replacement, and business interruption.

**Key aspects of climate resilience in building codes:**

1. **Design for extreme weather events**: Building codes should account for the increased frequency and severity of extreme weather events, such as hurricanes, floods, and wildfires.
2. **Material selection and durability**: Building codes should specify materials and construction techniques that can withstand the impacts of climate change, such as high winds, flooding, and heat.
3. **Water management**: Building codes should ensure that buildings are designed to manage water effectively, including rainwater collection, stormwater management, and flood protection.
4. **Energy efficiency and renewable energy**: Building codes should promote energy-efficient design and the use of renewable energy sources, such as solar and wind power.
5. **Resilient infrastructure**: Building codes should ensure that buildings are connected to resilient infrastructure, such as power grids, water systems, and transportation networks.
6. **Adaptive reuse and retrofitting**: Building codes should encourage the adaptive reuse and retrofitting of existing buildings to make them more resilient and energy-efficient.
7. **Community resilience**: Building codes should consider the broader community context, including the impact of climate change on local ecosystems, water resources, and social structures.

**Examples of climate-resilient building codes:**

1. **International Building Code (IBC)**: The IBC is a widely adopted building code that includes provisions for climate resilience, such as wind resistance and flood protection.
2. **California Building Code (CBC)**: The CBC includes provisions for climate resilience, such as seismic design and wildfire protection.
3. **New York City Building Code**: The NYC Building Code includes provisions for climate resilience, such as flood protection and stormwater management.

**Challenges and opportunities:**

1. **Balancing costs and benefits**: Implementing climate-resilient building codes can be costly, but the long-term benefits of reduced risk and economic losses can outweigh the costs.
2. **Updating existing codes**: Existing building codes may need to be updated to reflect the latest climate change projections and research.
3. **Public education and awareness**: Educating the public and building professionals about the importance of climate resilience in building codes is essential for successful implementation.
4. **Collaboration and coordination**: Collaboration between government agencies, building professionals, and the public is necessary to develop and implement effective climate-resilient building codes.

In conclusion, climate resilience is a critical aspect of building codes, and its integration can help reduce the risks associated with climate change. By considering the impacts of climate change on buildings and communities, building codes can be designed to promote resilience, sustainability, and economic growth.",,4.0,4.0,4.0,4090,0.0,15.72,0.0,"Climate resilience refers to the ability of a community, infrastructure, or system to withstand and recover from the impacts of climate-related events, such as hurricanes, floods, droughts, and heatwaves. Building codes are a set of regulations that govern the design, construction, and maintenance of buildings to ensure they are safe and functional.

The relationship between climate resilience and building codes is as follows:

1. **Climate Change Impacts**: Climate change is projected to increase the frequency and severity of extreme weather events, which can damage or destroy buildings.
2. **Building Code Requirements**: Building codes are designed to mitigate the effects of these events by requiring builders to design and construct buildings that can withstand various hazards, such as wind, water, and seismic activity.
3. **Code Updates and Adaptation**: As climate change projections become more accurate, building codes are updated to reflect the expected impacts of climate-related events. This involves incorporating new design standards, materials, and construction techniques to enhance resilience.
4. **Code Enforcement**: Building codes are enforced through inspections, permitting, and other regulatory mechanisms to ensure compliance and prevent substandard construction practices.
5. **Resilience Benefits**: Buildings designed and constructed in accordance with updated building codes can reduce the risk of damage, loss of life, and economic disruption from climate-related events.

Key aspects of building codes related to climate resilience include:

* **Wind resistance**: Designing buildings to withstand high winds, including those associated with hurricanes and tornadoes.
* **Flood resistance**: Building structures that can withstand flooding, including those associated with sea-level rise and storm surges.
* **Seismic resistance**: Designing buildings to withstand earthquakes and other seismic events.
* **Heat and cold resistance**: Building structures that can withstand extreme temperatures, including those associated with heatwaves and cold snaps.
* **Material selection**: Specifying materials that can withstand various climate-related hazards, such as corrosion, erosion, and degradation.

In summary, building codes play a critical role in enhancing climate resilience by requiring builders to design and construct buildings that can withstand various climate-related hazards. As climate change projections become more accurate, building codes are updated to reflect the expected impacts of climate-related events, ultimately reducing the risk of damage, loss of life, and economic disruption.",0.0,0.0,0.0,4090,2642,-1448,18.904463768115942,19.019491525423728,0.1150277573077858
Sickle Cell Anemia,0.6,0.8,0.8,0.6,0.8,0.4,0.6,0.8,0.8,0.8,0.6,good health and well-being,"Sickle Cell Anemia (SCA) is a genetic disorder that affects the production of hemoglobin, a protein in red blood cells that carries oxygen to the body's tissues. It's a serious and potentially life-threatening condition that affects millions of people worldwide, particularly in Africa, the Caribbean, and South America.

**What causes Sickle Cell Anemia?**

SCA is caused by a mutation in the HBB gene, which codes for the beta-globin subunit of hemoglobin. This mutation leads to the production of abnormal hemoglobin, called hemoglobin S (HbS). In people with SCA, the HbS hemoglobin is produced in place of normal hemoglobin, leading to the characteristic ""sickle"" shape of red blood cells.

**How does Sickle Cell Anemia affect the body?**

In people with SCA, the abnormal hemoglobin causes red blood cells to become misshapen and rigid, leading to:

1. **Sickle-shaped red blood cells**: These cells are shaped like a crescent moon or a sickle, which can get stuck in small blood vessels, causing blockages and damage to tissues.
2. **Anemia**: The abnormal hemoglobin can't carry oxygen effectively, leading to a decrease in red blood cell count and anemia.
3. **Pain episodes**: Sickle-shaped red blood cells can get stuck in blood vessels, causing pain, inflammation, and damage to tissues.
4. **Increased risk of infections**: People with SCA are more susceptible to infections, particularly those caused by encapsulated bacteria like Streptococcus pneumoniae.
5. **Organ damage**: Repeated episodes of sickling can lead to damage to organs like the kidneys, liver, and spleen.

**Symptoms of Sickle Cell Anemia**

Symptoms of SCA can vary in severity and frequency, but may include:

* Recurring episodes of pain (often in the hands, feet, or joints)
* Fatigue
* Shortness of breath
* Pale or yellowish skin
* Swollen hands and feet
* Increased risk of infections

**Diagnosis and treatment**

SCA is typically diagnosed through a blood test that detects the presence of abnormal hemoglobin. Treatment options include:

1. **Pain management**: Medications to manage pain episodes.
2. **Blood transfusions**: Regular blood transfusions to replace abnormal hemoglobin with normal hemoglobin.
3. **Hydroxyurea**: A medication that can help reduce the frequency of pain episodes and slow disease progression.
4. **Splenectomy**: Surgical removal of the spleen, which can help prevent infections.
5. **Bone marrow transplantation**: A potentially curative treatment option for some people with SCA.

**Prevention and awareness**

SCA is a genetic disorder, and the only way to prevent it is through genetic counseling and testing. Awareness and education about SCA are crucial to prevent the spread of the disease and ensure that people with SCA receive proper care and support.

I hope this explanation helps you understand Sickle Cell Anemia!",,3.0,4.0,4.0,2851,0.0,12.41,0.3852177560329437,"Sickle Cell Anemia is a genetic disorder that affects the production of hemoglobin, a protein in red blood cells that carries oxygen throughout the body. It is caused by a mutation in the HBB gene, which codes for the beta-globin subunit of hemoglobin.

Normally, hemoglobin is composed of two alpha-globin and two beta-globin subunits. In individuals with Sickle Cell Anemia, the mutation leads to the production of abnormal beta-globin subunits, which are called sickle hemoglobin (HbS). When HbS is present, it can cause red blood cells to take on a sickle or crescent shape under certain conditions, such as low oxygen levels or stress.

This abnormal shape can lead to several problems:

1. **Increased risk of red blood cell destruction**: Sickle-shaped red blood cells are more prone to breaking down, which can lead to anemia, a condition characterized by a decrease in the number of red blood cells or the amount of hemoglobin in the blood.
2. **Reduced oxygen delivery**: The abnormal shape of red blood cells can also reduce their ability to deliver oxygen to tissues and organs, leading to tissue damage and organ dysfunction.
3. **Increased risk of blood clots**: Sickle-shaped red blood cells can also increase the risk of blood clots forming in small blood vessels, which can lead to pain, organ damage, and other complications.

Sickle Cell Anemia is typically inherited in an autosomal recessive pattern, meaning that an individual must inherit two copies of the mutated gene (one from each parent) to express the condition. Carriers of the mutated gene, who have one normal and one mutated gene, are generally asymptomatic but can pass the mutated gene to their offspring.

The symptoms of Sickle Cell Anemia can vary in severity and may include:

* Recurring episodes of pain, often in the hands and feet
* Fatigue and weakness
* Shortness of breath
* Pale or yellowish skin
* Increased risk of infections

Treatment options for Sickle Cell Anemia include:

* **Pain management**: Medications and other interventions to manage pain episodes
* **Blood transfusions**: Transfusions of normal red blood cells to increase hemoglobin levels and reduce the risk of complications
* **Hydroxyurea**: A medication that can help reduce the frequency and severity of pain episodes
* **Bone marrow transplantation**: A surgical procedure that can replace the bone marrow with healthy stem cells

It is essential to note that Sickle Cell Anemia is a complex condition, and individual experiences may vary. This explanation provides a general overview of the condition, its causes, and its effects.",0.0,0.0,0.0,2851,2603,-248,16.129423660262894,20.799774308820766,4.670350648557871
Brain Health and Cognition,0.8,0.8,0.8,0.6,0.8,0.8,0.6,0.8,0.8,0.8,0.6,good health and well-being,"""Brain Health and Cognition"" refers to the maintenance and promotion of optimal brain function, structure, and overall well-being. It encompasses various aspects of brain function, including:

1. **Cognitive Function**: The ability to process information, learn, remember, and solve problems. Cognitive functions include attention, memory, language, problem-solving, and decision-making.
2. **Neuroplasticity**: The brain's ability to adapt, change, and reorganize itself in response to new experiences, learning, and environmental factors.
3. **Neurotransmitters**: Chemical messengers that facilitate communication between brain cells, influencing mood, motivation, and other cognitive processes.
4. **Synaptic Pruning**: The process of eliminating unnecessary neural connections, which is essential for learning and memory consolidation.
5. **Neuroinflammation**: The body's response to injury or infection, which can affect brain function and contribute to neurodegenerative diseases.
6. **Stress and Resilience**: The ability to cope with stress, which can impact brain health and cognitive function.
7. **Sleep and Circadian Rhythms**: The importance of adequate sleep and a regular sleep-wake cycle for brain health and cognitive function.
8. **Nutrition and Lifestyle**: The impact of diet, exercise, and other lifestyle factors on brain health and cognitive function.

**Factors that Influence Brain Health and Cognition:**

1. **Genetics**: Genetic predispositions can affect brain health and cognitive function.
2. **Age**: As people age, brain function and cognitive abilities can decline.
3. **Chronic Conditions**: Conditions like diabetes, hypertension, and cardiovascular disease can impact brain health and cognitive function.
4. **Trauma**: Physical or emotional trauma can affect brain health and cognitive function.
5. **Substance Abuse**: Substance abuse can damage brain health and cognitive function.
6. **Mental Health**: Mental health conditions like depression and anxiety can impact brain health and cognitive function.
7. **Social Engagement**: Social isolation and disconnection can negatively impact brain health and cognitive function.

**Strategies for Promoting Brain Health and Cognition:**

1. **Exercise**: Regular physical activity promotes brain health and cognitive function.
2. **Cognitive Stimulation**: Engage in mentally stimulating activities, such as reading, puzzles, and learning new skills.
3. **Social Engagement**: Stay connected with others through social activities and relationships.
4. **Nutrition**: Eat a balanced diet rich in fruits, vegetables, whole grains, and omega-3 fatty acids.
5. **Sleep**: Prioritize adequate sleep and maintain a regular sleep-wake cycle.
6. **Stress Management**: Engage in stress-reducing activities, such as meditation, yoga, or deep breathing exercises.
7. **Cognitive Training**: Engage in cognitive training programs, such as brain games or cognitive therapy.

**Neurodegenerative Diseases and Brain Health:**

1. **Alzheimer's Disease**: A progressive disease that affects memory, thinking, and behavior.
2. **Parkinson's Disease**: A neurodegenerative disorder that affects movement and motor function.
3. **Huntington's Disease**: A rare genetic disorder that affects movement, cognition, and behavior.
4. **Multiple Sclerosis**: A chronic disease that affects the central nervous system.
5. **Stroke**: A medical emergency that can cause damage to the brain and impact cognitive function.

**Conclusion:**

Brain health and cognition are essential for overall well-being and quality of life. By understanding the factors that influence brain health and cognition, and implementing strategies to promote brain health, individuals can reduce their risk of neurodegenerative diseases and maintain optimal brain function throughout their lives.",,4.0,4.0,4.0,3834,0.0,12.98,0.0,"Brain health and cognition refer to the complex and multifaceted processes that enable the human brain to function optimally. Cognition encompasses a range of mental processes, including perception, attention, memory, language, problem-solving, and decision-making.

**Definition of Brain Health:**

Brain health is a state of optimal functioning of the brain, characterized by the absence of neurological disorders, cognitive decline, or other conditions that impair brain function. It involves the maintenance of healthy brain cells, neural connections, and the integrity of brain structures.

**Components of Brain Health:**

1. **Neuroplasticity:** The brain's ability to adapt, change, and reorganize itself in response to new experiences, learning, and environmental factors.
2. **Neurotransmitters:** Chemical messengers that facilitate communication between brain cells, influencing mood, motivation, and cognitive function.
3. **Neuroinflammation:** The body's response to injury or infection, which can impact brain health and cognitive function.
4. **Neurodegeneration:** The progressive loss of brain cells and neural connections, associated with conditions such as Alzheimer's disease and Parkinson's disease.

**Factors Influencing Brain Health:**

1. **Genetics:** Inherited traits and genetic predispositions can affect brain health and cognitive function.
2. **Lifestyle:** Diet, exercise, sleep, and stress levels can impact brain health and cognitive function.
3. **Environmental Factors:** Exposure to toxins, pollution, and other environmental stressors can influence brain health.
4. **Medical Conditions:** Certain medical conditions, such as diabetes, hypertension, and cardiovascular disease, can impact brain health.

**Cognitive Functions:**

1. **Attention:** The ability to focus and concentrate on specific tasks or stimuli.
2. **Memory:** The ability to encode, store, and retrieve information.
3. **Language:** The ability to understand and communicate through verbal and non-verbal means.
4. **Executive Functions:** The ability to plan, organize, and execute tasks, including decision-making and problem-solving.

**Interventions and Strategies:**

1. **Cognitive Training:** Programs designed to improve specific cognitive functions, such as attention and memory.
2. **Neurofeedback:** A type of biofeedback that involves training the brain to self-regulate and improve cognitive function.
3. **Lifestyle Modifications:** Changes to diet, exercise, sleep, and stress levels to promote brain health.
4. **Medical Interventions:** Treatments for underlying medical conditions that can impact brain health.

In conclusion, brain health and cognition are complex and multifaceted processes that involve the interplay of genetic, environmental, and lifestyle factors. Understanding the components of brain health, factors influencing it, and cognitive functions can inform interventions and strategies to promote optimal brain function and mitigate the risk of cognitive decline.",0.0,0.0,0.0,3834,3009,-825,17.267936507936508,18.30769230769231,1.0397557997558025
Interprofessional Healthcare Collaboration,0.6,0.8,0.8,0.6,0.8,0.8,0.6,0.8,0.8,0.8,0.6,good health and well-being,"Interprofessional healthcare collaboration refers to the practice of healthcare professionals from different disciplines working together to provide high-quality, patient-centered care. This approach recognizes that healthcare is a team effort, and that each professional brings their unique expertise and perspective to the care of patients.

**Key principles of interprofessional healthcare collaboration:**

1. **Shared goals and values**: Healthcare professionals from different disciplines work together towards a common goal of providing high-quality care that is patient-centered, safe, and effective.
2. **Respect and trust**: Professionals from different disciplines respect and trust each other's expertise, perspectives, and contributions to patient care.
3. **Communication**: Effective communication is essential for successful interprofessional collaboration. This includes verbal and non-verbal communication, as well as written communication.
4. **Shared decision-making**: Healthcare professionals from different disciplines work together to make decisions about patient care, taking into account the patient's needs, preferences, and values.
5. **Mutual respect and support**: Professionals from different disciplines support and respect each other's roles, responsibilities, and contributions to patient care.

**Benefits of interprofessional healthcare collaboration:**

1. **Improved patient outcomes**: Interprofessional collaboration can lead to better patient outcomes, as healthcare professionals from different disciplines work together to provide comprehensive care.
2. **Enhanced patient satisfaction**: Patients are more likely to be satisfied with their care when healthcare professionals from different disciplines work together to provide a coordinated and comprehensive care plan.
3. **Increased efficiency**: Interprofessional collaboration can lead to more efficient use of resources, as healthcare professionals from different disciplines work together to streamline care processes.
4. **Reduced errors**: Interprofessional collaboration can help reduce errors and adverse events, as healthcare professionals from different disciplines work together to ensure that patients receive safe and effective care.
5. **Improved professional satisfaction**: Healthcare professionals from different disciplines are more likely to be satisfied with their work when they are able to work together as a team to provide high-quality care.

**Examples of interprofessional healthcare collaboration:**

1. **Multidisciplinary rounds**: Healthcare professionals from different disciplines, such as physicians, nurses, and therapists, work together to discuss patient care and make decisions about treatment plans.
2. **Care planning**: Healthcare professionals from different disciplines work together to develop and implement care plans that take into account the patient's needs, preferences, and values.
3. **Discharge planning**: Healthcare professionals from different disciplines work together to ensure that patients receive the necessary support and resources to transition safely from hospital to home or other care settings.
4. **Quality improvement initiatives**: Healthcare professionals from different disciplines work together to identify and address quality improvement opportunities, such as reducing hospital-acquired infections or improving patient satisfaction.

Overall, interprofessional healthcare collaboration is essential for providing high-quality, patient-centered care. By working together, healthcare professionals from different disciplines can improve patient outcomes, enhance patient satisfaction, and reduce errors and adverse events.",,4.0,4.0,4.0,3688,0.0,12.5,0.0,"Interprofessional healthcare collaboration refers to the practice of healthcare professionals from different disciplines working together to provide patient-centered care. This approach involves the coordination and integration of various healthcare professionals, including physicians, nurses, therapists, pharmacists, and other specialists, to achieve a common goal of improving patient outcomes.

Characteristics of interprofessional healthcare collaboration include:

1. **Shared goals and objectives**: Healthcare professionals from different disciplines work together to achieve a common goal of providing high-quality patient care.
2. **Collaborative communication**: Effective communication among healthcare professionals is essential for successful interprofessional collaboration.
3. **Mutual respect and trust**: Healthcare professionals from different disciplines respect and trust each other's expertise and contributions.
4. **Shared decision-making**: Healthcare professionals work together to make decisions about patient care, taking into account the unique perspectives and expertise of each discipline.
5. **Coordinated care**: Interprofessional collaboration involves the coordination of care among healthcare professionals to ensure that patients receive comprehensive and continuous care.

Benefits of interprofessional healthcare collaboration include:

1. **Improved patient outcomes**: Interprofessional collaboration has been shown to improve patient satisfaction, reduce hospital readmissions, and enhance patient safety.
2. **Enhanced patient experience**: Patients benefit from the coordinated and comprehensive care provided by healthcare professionals from different disciplines.
3. **Increased efficiency**: Interprofessional collaboration can streamline care processes, reduce duplication of efforts, and improve resource allocation.
4. **Better use of resources**: Interprofessional collaboration can help optimize the use of healthcare resources, reducing waste and improving the value of care.

Challenges to interprofessional healthcare collaboration include:

1. **Communication barriers**: Effective communication among healthcare professionals from different disciplines can be challenging.
2. **Cultural and professional differences**: Healthcare professionals from different disciplines may have different cultural and professional backgrounds, which can create challenges for collaboration.
3. **Power dynamics**: Interprofessional collaboration can be hindered by power imbalances among healthcare professionals.
4. **Time and resource constraints**: Healthcare professionals may face time and resource constraints that limit their ability to collaborate effectively.

To facilitate interprofessional healthcare collaboration, healthcare organizations can implement strategies such as:

1. **Interprofessional education and training**: Providing education and training programs that promote interprofessional collaboration and communication.
2. **Clear policies and procedures**: Establishing clear policies and procedures that support interprofessional collaboration.
3. **Leadership support**: Providing leadership support and encouragement for interprofessional collaboration.
4. **Technology and communication tools**: Utilizing technology and communication tools to facilitate collaboration and communication among healthcare professionals.

Overall, interprofessional healthcare collaboration is a critical component of high-quality patient care, and healthcare organizations can benefit from implementing strategies to support and facilitate this approach.",0.0,0.0,0.0,3688,3607,-81,18.82217782217782,21.526860841423954,2.704683019246133
Voluntary Carbon Credits and Compliance,0.6,0.8,0.8,0.6,0.8,0.6,0.6,0.8,0.8,0.8,0.6,climate action,"Here's an explanation of ""Voluntary Carbon Credits and Compliance"":

**What are Voluntary Carbon Credits?**

Voluntary carbon credits, also known as voluntary carbon offsets or voluntary emissions reductions, are credits that represent a reduction in greenhouse gas emissions that have been verified and certified by a third-party organization. These credits are not required by law, but rather are purchased voluntarily by individuals, organizations, or governments to offset their own emissions or to demonstrate a commitment to reducing their carbon footprint.

**How do Voluntary Carbon Credits work?**

Here's a step-by-step explanation:

1. **Emissions reduction project**: A project is implemented to reduce greenhouse gas emissions, such as a wind farm, a reforestation program, or an energy-efficient building.
2. **Verification and certification**: The emissions reduction is verified and certified by a third-party organization, such as the Verified Carbon Standard (VCS) or the Gold Standard.
3. **Carbon credits are issued**: The certified emissions reduction is converted into a specific number of carbon credits, which represent the amount of CO2 equivalent (tCO2e) that has been reduced.
4. **Carbon credits are sold**: The carbon credits are sold to buyers, who can be individuals, organizations, or governments.
5. **Use of carbon credits**: The buyer can use the carbon credits to offset their own emissions, demonstrate their commitment to reducing their carbon footprint, or meet their sustainability goals.

**Compliance Carbon Credits**

Compliance carbon credits, on the other hand, are credits that are required by law to be purchased by companies or governments to offset their emissions. These credits are typically used to meet regulatory requirements, such as:

1. **Cap-and-trade systems**: Companies are required to purchase credits to cover their emissions above a certain threshold.
2. **Carbon pricing**: Governments impose a carbon tax or price on emissions, and companies must purchase credits to cover their emissions.
3. **Emissions standards**: Companies must meet specific emissions standards, and compliance carbon credits are used to demonstrate compliance.

**Key differences between Voluntary and Compliance Carbon Credits**

Here are the main differences:

1. **Legislative requirement**: Compliance carbon credits are required by law, while voluntary carbon credits are not.
2. **Regulatory framework**: Compliance carbon credits are subject to a specific regulatory framework, while voluntary carbon credits are not.
3. **Use cases**: Compliance carbon credits are used to meet regulatory requirements, while voluntary carbon credits are used to offset emissions or demonstrate a commitment to sustainability.

In summary, voluntary carbon credits are credits that are purchased voluntarily to offset emissions or demonstrate a commitment to sustainability, while compliance carbon credits are required by law to be purchased to meet regulatory requirements.",,3.0,4.0,3.0,3005,0.0,11.88,0.0,"**Definition of Voluntary Carbon Credits**

Voluntary carbon credits, also known as voluntary emissions reductions (VERs), are credits generated by projects that reduce greenhouse gas emissions beyond what is required by regulatory or compliance schemes. These credits are not mandated by law, but rather are purchased voluntarily by organizations or individuals seeking to offset their emissions.

**Compliance Carbon Credits**

Compliance carbon credits, on the other hand, are credits generated by projects that meet the requirements of regulatory or compliance schemes, such as the European Union's Emissions Trading System (EU ETS) or the Clean Development Mechanism (CDM) under the Kyoto Protocol. These credits are used to meet the emissions reduction targets set by governments or regulatory bodies.

**Key Differences**

The main differences between voluntary and compliance carbon credits are:

1. **Mandatory vs. Voluntary**: Compliance credits are generated by projects that meet regulatory requirements, while voluntary credits are generated by projects that go beyond regulatory requirements.
2. **Emissions Reduction Targets**: Compliance credits are used to meet specific emissions reduction targets set by governments or regulatory bodies, while voluntary credits are used to offset emissions beyond what is required by law.
3. **Certification and Verification**: Compliance credits are subject to stricter certification and verification processes, while voluntary credits may have less stringent requirements.

**Causal Mechanisms**

The generation of carbon credits, both voluntary and compliance, involves the following causal mechanisms:

1. **Emissions Reduction**: Projects that reduce greenhouse gas emissions generate credits, which are then verified and certified.
2. **Credit Generation**: Credits are generated based on the amount of emissions reduced, and are typically expressed in tons of CO2 equivalent (tCO2e).
3. **Trading and Use**: Credits are traded on carbon markets, and can be used by organizations or individuals to offset their emissions.

**Implications**

The distinction between voluntary and compliance carbon credits has implications for:

1. **Emissions Reduction**: Compliance credits are used to meet regulatory requirements, while voluntary credits are used to offset emissions beyond what is required by law.
2. **Carbon Pricing**: The price of carbon credits can vary depending on the type of credit, with compliance credits typically trading at a higher price than voluntary credits.
3. **Transparency and Accountability**: Compliance credits are subject to stricter certification and verification processes, which can provide greater transparency and accountability.",0.0,0.0,0.0,3005,2721,-284,19.234716981132078,20.906769436997322,1.672052455865245
Community Resilience and Disaster Response,0.8,0.8,0.8,0.6,0.8,0.8,0.6,0.8,0.8,0.8,0.6,good health and well-being,"Community resilience and disaster response refer to the ability of a community to withstand, recover, and adapt to the impacts of a disaster, such as a hurricane, earthquake, or pandemic. It involves the collective efforts of individuals, organizations, and government agencies to prepare for, respond to, and recover from a disaster.

**Key Components of Community Resilience:**

1. **Social Capital**: The networks, relationships, and trust among community members that enable them to work together and support each other.
2. **Community Engagement**: The active participation of community members in disaster planning, preparedness, and response efforts.
3. **Economic Resilience**: The ability of local businesses and industries to recover quickly from a disaster.
4. **Physical Infrastructure**: The condition and functionality of critical infrastructure, such as roads, bridges, and utilities.
5. **Health and Human Services**: The availability of healthcare services, emergency medical services, and social services to support affected individuals and families.
6. **Communication and Information**: The ability of community members to access and share information about disaster risks, preparedness, and response efforts.
7. **Governance and Leadership**: The effectiveness of local government and leadership in coordinating disaster response and recovery efforts.

**Phases of Disaster Response:**

1. **Pre-Disaster**: Preparation and planning for potential disasters, including risk assessment, emergency planning, and public education.
2. **Response**: Immediate actions taken to save lives, protect property, and provide basic necessities, such as food, water, and shelter.
3. **Recovery**: Short-term and long-term efforts to restore community functions, rebuild infrastructure, and support economic recovery.
4. **Reconstruction**: The rebuilding of damaged or destroyed infrastructure, homes, and businesses.

**Key Strategies for Building Community Resilience:**

1. **Disaster Risk Reduction**: Implementing measures to reduce the likelihood and impact of disasters, such as flood control measures or early warning systems.
2. **Community-Based Planning**: Involving community members in disaster planning and preparedness efforts.
3. **Public Education and Awareness**: Educating community members about disaster risks, preparedness, and response efforts.
4. **Collaboration and Partnerships**: Building relationships between community organizations, government agencies, and private sector entities to enhance disaster response and recovery efforts.
5. **Inclusive and Equitable Response**: Ensuring that disaster response and recovery efforts are inclusive and equitable for all community members, particularly vulnerable populations such as the elderly, children, and people with disabilities.

**Benefits of Community Resilience:**

1. **Reduced Human Suffering**: Minimizing the impact of disasters on human life and well-being.
2. **Economic Benefits**: Protecting local businesses and industries, and promoting economic recovery.
3. **Improved Quality of Life**: Enhancing the overall quality of life for community members by reducing the risk of disasters and promoting resilience.
4. **Increased Community Cohesion**: Building stronger social connections and a sense of community among residents.

In summary, community resilience and disaster response are critical components of disaster management. By building community resilience, communities can reduce the impact of disasters, promote economic recovery, and improve the overall quality of life for their residents.",,4.0,4.0,4.0,3598,0.0,13.8,0.0,"Community resilience and disaster response refer to the capacity of a community to withstand, recover, and adapt to the impacts of a disaster or crisis. This concept encompasses the ability of a community to absorb and manage the effects of a disaster, including physical damage, economic disruption, and social disruption.

**Key Components:**

1. **Community Resilience:** This refers to the ability of a community to withstand and recover from a disaster. It involves the collective capacity of individuals, organizations, and institutions to prepare for, respond to, and recover from a disaster.
2. **Disaster Response:** This refers to the actions taken by a community to respond to a disaster, including emergency response, relief efforts, and recovery activities.

**Factors Influencing Community Resilience:**

1. **Social Capital:** The strength of social relationships, trust, and cooperation within a community can influence its resilience.
2. **Economic Capacity:** The availability of resources, infrastructure, and economic stability can impact a community's ability to respond to and recover from a disaster.
3. **Governance and Institutions:** The effectiveness of governance structures, institutions, and policies can influence a community's resilience.
4. **Environmental Factors:** The physical environment, including geography, climate, and natural hazards, can impact a community's resilience.
5. **Cultural and Historical Context:** A community's cultural and historical context can influence its resilience, including its values, traditions, and experiences.

**Disaster Response Mechanisms:**

1. **Emergency Response:** The initial response to a disaster, including search and rescue, medical care, and provision of basic necessities.
2. **Relief Efforts:** The provision of aid, including food, shelter, and financial assistance, to affected individuals and communities.
3. **Recovery Activities:** The long-term efforts to rebuild and restore affected communities, including infrastructure, economic, and social recovery.

**Challenges and Opportunities:**

1. **Vulnerability and Risk:** Communities with high levels of vulnerability and risk are more likely to be affected by disasters.
2. **Capacity Building:** Building the capacity of communities to prepare for, respond to, and recover from disasters is essential for enhancing resilience.
3. **Collaboration and Partnerships:** Collaboration and partnerships between government, non-governmental organizations, and community groups can enhance disaster response and recovery efforts.
4. **Innovation and Adaptation:** Encouraging innovation and adaptation in disaster response and recovery can help communities to better prepare for and respond to future disasters.

In summary, community resilience and disaster response are complex and multifaceted concepts that involve the collective capacity of individuals, organizations, and institutions to prepare for, respond to, and recover from disasters. Understanding the factors that influence community resilience and the mechanisms of disaster response can inform strategies to enhance resilience and improve disaster response and recovery efforts.",0.0,0.0,0.0,3598,3182,-416,21.454797441364605,22.58110802754651,1.126310586181905
Water Scarcity and Energy Conservation,0.8,0.8,0.8,0.6,0.8,0.8,0.8,0.8,0.8,0.8,0.6,climate action,"A very relevant and timely topic! Here's an explanation of ""Water Scarcity and Energy Conservation"":

**Water Scarcity:**

Water scarcity refers to the situation where the demand for water exceeds its availability, leading to a shortage of this essential resource. This can occur due to various factors, including:

1. **Climate Change**: Changes in precipitation patterns and increased evaporation due to rising temperatures.
2. **Population Growth**: Growing demand for water from a increasing population.
3. **Agricultural Water Use**: Irrigation for crops and livestock.
4. **Industrial Water Use**: Manufacturing processes and cooling systems.
5. **Urbanization**: Increased water demand from growing cities.

**Consequences of Water Scarcity:**

1. **Food Insecurity**: Reduced crop yields and decreased agricultural productivity.
2. **Economic Impacts**: Losses in industries such as agriculture, manufacturing, and tourism.
3. **Social Impacts**: Increased competition for water resources, leading to social unrest and conflict.
4. **Environmental Impacts**: Reduced water quality, decreased biodiversity, and increased greenhouse gas emissions.

**Energy Conservation:**

Energy conservation refers to the practice of reducing energy consumption to minimize the impact on the environment and save resources. This can be achieved through various means, including:

1. **Energy-Efficient Technologies**: Using appliances and equipment that consume less energy.
2. **Renewable Energy Sources**: Harnessing energy from solar, wind, hydro, and geothermal sources.
3. **Energy Storage**: Storing excess energy generated from renewable sources for later use.
4. **Behavioral Changes**: Changing individual and organizational behaviors to reduce energy consumption.

**Link between Water Scarcity and Energy Conservation:**

Water and energy are closely linked, as energy is required to treat, transport, and distribute water. In fact, it's estimated that:

1. **40% of the world's energy** is used for water-related activities.
2. **Water treatment and distribution** account for a significant portion of a city's energy consumption.
3. **Energy-efficient water treatment** can reduce energy consumption by up to 50%.

**Opportunities for Energy Conservation in Water Scarcity:**

1. **Water-Energy Nexus**: Implementing energy-efficient water treatment and distribution systems.
2. **Water Conservation**: Reducing water consumption through efficient irrigation systems and water-saving technologies.
3. **Renewable Energy**: Harnessing renewable energy sources to power water treatment and distribution systems.
4. **Energy Storage**: Storing excess energy generated from renewable sources for later use in water treatment and distribution.

In conclusion, water scarcity and energy conservation are closely linked, and addressing one issue can have a positive impact on the other. By implementing energy-efficient technologies, renewable energy sources, and energy storage, we can reduce the energy consumption associated with water treatment and distribution, ultimately helping to mitigate the effects of water scarcity.",,4.0,4.0,4.0,3127,0.9149592518806458,11.65,0.0,"Water scarcity and energy conservation are two interconnected concepts that have significant implications for human societies and the environment.

**Water Scarcity:**

Water scarcity refers to the condition where the demand for water exceeds its available supply, leading to a shortage of water for various uses such as drinking, agriculture, industry, and energy production. This can occur due to various factors, including:

1. Climate change: Changes in precipitation patterns and increased evaporation rates due to rising temperatures.
2. Population growth: Increased demand for water from growing populations.
3. Water pollution: Contamination of water sources, making them unsuitable for use.
4. Water mismanagement: Inefficient use of water resources, such as over-extraction of groundwater.

**Energy Conservation:**

Energy conservation refers to the practice of reducing energy consumption to minimize the impact of human activities on the environment. This can be achieved through various means, including:

1. Energy-efficient technologies: Implementing technologies that reduce energy consumption, such as LED lighting and energy-efficient appliances.
2. Behavioral changes: Encouraging individuals to adopt energy-saving behaviors, such as turning off lights and electronics when not in use.
3. Renewable energy sources: Transitioning to renewable energy sources, such as solar and wind power, to reduce dependence on fossil fuels.

**Interconnection between Water Scarcity and Energy Conservation:**

Water and energy are closely linked, as energy is required to extract, treat, and transport water. Conversely, water is necessary for energy production, particularly in thermoelectric power plants. The interconnection between water scarcity and energy conservation can be understood through the following mechanisms:

1. **Water-energy nexus:** The relationship between water and energy is bidirectional, meaning that energy is required to extract and treat water, while water is necessary for energy production.
2. **Energy consumption for water treatment:** Energy is consumed during water treatment processes, such as desalination, which can exacerbate water scarcity.
3. **Water scarcity impacts energy production:** Water scarcity can limit energy production, particularly in regions where cooling systems rely on water for heat dissipation.
4. **Energy conservation opportunities:** Implementing energy-efficient technologies and practices can help reduce energy consumption, which in turn can alleviate water scarcity by reducing the energy required for water treatment and transportation.

**Consequences of Inaction:**

 Failure to address water scarcity and energy conservation can have severe consequences, including:

1. **Water shortages:** Insufficient water supply can lead to water shortages, affecting human consumption, agriculture, and industry.
2. **Energy insecurity:** Water scarcity can limit energy production, leading to energy insecurity and potential power outages.
3. **Environmental degradation:** Inefficient use of water and energy can lead to environmental degradation, including water pollution and climate change.

**Conclusion:**

Water scarcity and energy conservation are interconnected concepts that require a comprehensive approach to address the challenges they pose. By understanding the relationships between water and energy, individuals and organizations can implement strategies to reduce energy consumption, alleviate water scarcity, and promote sustainable development.",0.9149592518806458,0.0,-0.9149592518806458,3127,3533,406,18.441911937838476,22.375640256959315,3.9337283191208385
Low-Carbon Building Certification and Green Architecture,0.8,0.8,0.8,0.6,0.8,0.8,0.6,0.8,0.8,0.8,0.6,climate action,"A very timely and relevant topic! Here's an explanation of ""Low-Carbon Building Certification and Green Architecture"":

**What is Low-Carbon Building Certification?**

Low-Carbon Building Certification is a process that evaluates the environmental impact of a building, with a focus on reducing greenhouse gas emissions and promoting sustainable design. The certification process assesses a building's energy efficiency, water conservation, and waste management, among other factors. The goal is to minimize the building's carbon footprint and promote a healthier, more sustainable built environment.

**What is Green Architecture?**

Green Architecture, also known as Sustainable Architecture, is a design approach that prioritizes environmental responsibility and social equity. It involves designing buildings that minimize their impact on the environment, conserve resources, and promote occupant health and well-being. Green Architecture incorporates various strategies, such as:

1. **Energy efficiency**: Using natural light, insulation, and efficient systems to reduce energy consumption.
2. **Water conservation**: Implementing water-saving measures, such as low-flow fixtures and greywater reuse.
3. **Waste reduction**: Minimizing waste through recycling, composting, and reducing construction materials.
4. **Sustainable materials**: Using locally sourced, recycled, and sustainably harvested materials.
5. **Indoor air quality**: Designing buildings with natural ventilation, air filtration, and non-toxic materials.

**Benefits of Low-Carbon Building Certification and Green Architecture**

The benefits of Low-Carbon Building Certification and Green Architecture are numerous:

1. **Reduced greenhouse gas emissions**: Lowering energy consumption and promoting renewable energy sources.
2. **Cost savings**: Energy-efficient buildings can reduce operating costs and increase property values.
3. **Improved occupant health**: Green buildings promote better indoor air quality, natural light, and thermal comfort.
4. **Increased property values**: Green buildings can command higher rental rates and sale prices.
5. **Enhanced brand reputation**: Companies and organizations that prioritize sustainability can enhance their reputation and attract environmentally conscious customers.

**Examples of Low-Carbon Building Certification and Green Architecture**

Some notable examples of Low-Carbon Building Certification and Green Architecture include:

1. **LEED (Leadership in Energy and Environmental Design)**: A widely recognized certification program that evaluates building performance in areas like energy efficiency, water conservation, and indoor air quality.
2. **Passive House**: A design standard that focuses on energy efficiency and minimal energy consumption.
3. **Net Zero Energy Buildings**: Buildings that produce as much energy as they consume over a year.
4. **Green Roofs**: Vegetated roofs that provide insulation, reduce stormwater runoff, and create habitats for wildlife.

In summary, Low-Carbon Building Certification and Green Architecture are essential for creating sustainable, energy-efficient, and environmentally responsible buildings that promote occupant health and well-being, while also reducing greenhouse gas emissions and conserving resources.",,4.0,4.0,4.0,3293,0.8946954607963562,13.51,0.0,"Low-Carbon Building Certification and Green Architecture refer to the process of designing, constructing, and operating buildings that minimize their environmental impact, particularly in terms of greenhouse gas emissions.

**Definition:**

Green Architecture, also known as Sustainable Architecture, is a design approach that aims to reduce the environmental footprint of buildings by incorporating energy-efficient and environmentally responsible design principles. Low-Carbon Building Certification is a rating system that evaluates the environmental performance of buildings based on their energy efficiency, water conservation, and waste management practices.

**Key Principles:**

1. **Energy Efficiency:** Buildings are designed to minimize energy consumption through the use of natural light, insulation, and energy-efficient systems.
2. **Renewable Energy:** Buildings incorporate on-site renewable energy sources, such as solar panels or wind turbines, to reduce dependence on fossil fuels.
3. **Water Conservation:** Buildings are designed to minimize water consumption through the use of low-flow fixtures and greywater reuse systems.
4. **Waste Management:** Buildings are designed to minimize waste generation and promote recycling and composting practices.
5. **Material Selection:** Buildings use sustainable materials, such as reclaimed wood, low-VOC paints, and recycled materials, to reduce environmental impacts.

**Certification Systems:**

Several certification systems have been developed to evaluate the environmental performance of buildings, including:

1. **LEED (Leadership in Energy and Environmental Design)**: Developed by the U.S. Green Building Council (USGBC), LEED is a widely recognized certification system that evaluates buildings based on their energy efficiency, water conservation, and indoor environmental quality.
2. **BREEAM (Building Research Establishment Environmental Assessment Method)**: Developed by the Building Research Establishment (BRE), BREEAM is a certification system used in the UK and other countries to evaluate the environmental performance of buildings.
3. **Passive House:** A certification system that evaluates buildings based on their energy efficiency and ability to maintain a comfortable indoor climate with minimal heating and cooling.

**Benefits:**

1. **Reduced Energy Consumption:** Low-carbon buildings consume significantly less energy, reducing greenhouse gas emissions and operating costs.
2. **Improved Indoor Air Quality:** Green buildings incorporate ventilation systems and materials that promote indoor air quality, improving occupant health and productivity.
3. **Increased Property Value:** Certified green buildings can command higher property values and rental rates due to their environmental benefits and occupant appeal.
4. **Regulatory Compliance:** Many governments and organizations require buildings to meet minimum sustainability standards, making certification a necessary step for compliance.

**Challenges and Limitations:**

1. **Higher Upfront Costs:** Designing and constructing low-carbon buildings can be more expensive due to the use of specialized materials and systems.
2. **Limited Availability of Sustainable Materials:** The availability and affordability of sustainable materials can be limited in some regions.
3. **Complexity of Certification Processes:** Certification processes can be complex and time-consuming, requiring significant resources and expertise.

In conclusion, Low-Carbon Building Certification and Green Architecture are design approaches that aim to minimize the environmental impact of buildings. While there are challenges and limitations to implementing these approaches, the benefits of reduced energy consumption, improved indoor air quality, and increased property value make them an attractive option for building owners and occupants.",0.8946954607963562,0.0,-0.8946954607963562,3293,3875,582,21.248457822370867,22.472222222222225,1.2237643998513583
The Science Behind Calorie Deficits,0.8,0.8,0.8,0.6,0.8,0.8,0.4,0.8,0.8,0.8,0.6,good health and well-being,"The science behind calorie deficits is a fundamental concept in nutrition and weight management. Here's a detailed explanation:

**What is a Calorie Deficit?**

A calorie deficit occurs when the number of calories you consume is less than the number of calories your body burns. This means that your body is using stored energy sources (such as fat) to make up for the difference.

**How Does a Calorie Deficit Work?**

When you eat, your body uses the energy from the food you consume to perform various functions, such as:

1. Maintaining basic bodily functions (e.g., breathing, heartbeat, digestion)
2. Engaging in physical activity (e.g., exercise, daily activities)
3. Building and repairing tissues (e.g., muscle, bone, skin)

The energy from food is measured in calories. When you consume more calories than you burn, your body stores the excess energy as fat. Conversely, when you burn more calories than you consume, your body uses stored fat for energy.

**The Science Behind Calorie Deficits:**

1. **Energy Balance**: The energy balance equation is: Energy In (calories consumed) = Energy Out (calories burned). When Energy In < Energy Out, a calorie deficit occurs.
2. **Thermogenesis**: When you consume fewer calories than your body burns, your body's thermogenic response is triggered. This means that your body's metabolic rate increases to try to compensate for the energy deficit.
3. **Hormonal Response**: A calorie deficit triggers a hormonal response that helps your body adapt to the energy shortage. This includes:
	* Increased production of hormones like epinephrine (adrenaline) and norepinephrine, which help mobilize fat for energy.
	* Decreased production of insulin, which helps regulate blood sugar levels.
	* Increased production of glucagon, which helps mobilize stored glucose for energy.
4. **Fat Loss**: When your body is in a calorie deficit, it begins to break down stored fat for energy. This process is called lipolysis. The fat is then used to fuel your body's basic functions and physical activity.
5. **Muscle Preservation**: When you're in a calorie deficit, your body will try to preserve muscle mass by using stored energy sources (e.g., glycogen, fat) before breaking down muscle tissue.

**Key Takeaways:**

1. A calorie deficit is essential for weight loss and fat loss.
2. The body's thermogenic response and hormonal adaptations help it adapt to the energy deficit.
3. Fat loss occurs when the body breaks down stored fat for energy.
4. Muscle preservation is crucial, and the body will try to maintain muscle mass by using stored energy sources.

**Important Notes:**

1. A calorie deficit should be achieved through a combination of diet and exercise, not just one or the other.
2. A safe and sustainable calorie deficit is 500-750 calories below maintenance level, which is the number of calories your body needs to maintain its current weight.
3. A calorie deficit should be combined with a balanced diet and regular exercise to ensure overall health and well-being.

I hope this explanation helps you understand the science behind calorie deficits!",,4.0,4.0,3.0,3105,0.7404831051826477,8.82,0.0,"A calorie deficit occurs when an individual's energy expenditure exceeds their energy intake, resulting in a net loss of energy. This can be achieved through a combination of diet and exercise.

**Energy Balance**

Energy balance is the state in which an individual's energy intake equals their energy expenditure. When energy balance is disrupted, the body responds by adjusting its energy metabolism.

**Calorie Deficit Mechanisms**

A calorie deficit is created when an individual consumes fewer calories than their body requires. This can be achieved through:

1. **Reduced caloric intake**: Consuming fewer calories than the body needs to maintain its current weight.
2. **Increased energy expenditure**: Engaging in physical activity that increases energy expenditure, such as exercise or increased daily activity.
3. **Combination of diet and exercise**: Reducing caloric intake and increasing energy expenditure simultaneously.

**Physiological Responses**

When a calorie deficit is induced, the body responds by:

1. **Reducing insulin levels**: Lowering insulin levels to conserve glucose and promote fat breakdown.
2. **Increasing glucagon levels**: Increasing glucagon levels to stimulate glucose release from stored glycogen.
3. **Increasing lipolysis**: Breaking down stored fat for energy.
4. **Reducing leptin levels**: Lowering leptin levels to reduce appetite and increase fat breakdown.
5. **Increasing ghrelin levels**: Increasing ghrelin levels to stimulate appetite and increase food intake.

**Adaptations**

As a calorie deficit is maintained, the body adapts by:

1. **Reducing muscle mass**: Losing muscle mass due to reduced protein synthesis and increased protein breakdown.
2. **Increasing fat oxidation**: Increasing the body's ability to burn fat for energy.
3. **Reducing resting metabolic rate**: Lowering the body's resting metabolic rate to conserve energy.

**Consequences**

A sustained calorie deficit can lead to:

1. **Weight loss**: A reduction in body weight due to reduced energy stores.
2. **Changes in body composition**: Loss of fat mass and potentially muscle mass.
3. **Metabolic adaptations**: Changes in energy metabolism to conserve energy.

It is essential to note that a calorie deficit can have varying effects on different individuals, depending on factors such as age, sex, genetics, and overall health. A calorie deficit should be implemented under the guidance of a healthcare professional or registered dietitian to ensure safe and effective weight loss.",0.7404831051826477,0.0,-0.7404831051826477,3105,2514,-591,14.333896469568984,18.577162011173183,4.243265541604199
Neuropsychological Rehabilitation,0.6,0.8,0.8,0.6,0.8,0.8,0.4,0.8,0.8,0.8,0.6,good health and well-being,"Neuropsychological rehabilitation, also known as cognitive rehabilitation, is a type of therapy that aims to help individuals with brain injuries or disorders, such as stroke, traumatic brain injury (TBI), Alzheimer's disease, Parkinson's disease, and other neurological conditions, to recover and improve their cognitive, emotional, and behavioral functioning.

The primary goal of neuropsychological rehabilitation is to help individuals with brain injuries or disorders to:

1. **Maximize their cognitive potential**: Improve memory, attention, language, problem-solving, and other cognitive skills.
2. **Compensate for deficits**: Develop strategies to work around cognitive weaknesses and limitations.
3. **Improve daily functioning**: Enhance independence in daily activities, such as self-care, work, and social interactions.
4. **Enhance emotional well-being**: Manage stress, anxiety, and other emotional challenges associated with brain injuries or disorders.

Neuropsychological rehabilitation typically involves a multidisciplinary team of professionals, including:

1. **Neuropsychologists**: Trained in the assessment and treatment of cognitive and behavioral disorders.
2. **Occupational therapists**: Focus on daily living skills, such as self-care, work, and leisure activities.
3. **Physical therapists**: Help with physical rehabilitation and mobility.
4. **Speech-language pathologists**: Address communication and swallowing difficulties.
5. **Psychologists**: Provide emotional support and counseling.

The rehabilitation process typically involves:

1. **Assessment**: Evaluating the individual's cognitive, emotional, and behavioral functioning.
2. **Goal setting**: Identifying specific goals and objectives for rehabilitation.
3. **Intervention**: Implementing strategies and techniques to improve cognitive and daily functioning.
4. **Practice and repetition**: Encouraging the individual to practice and reinforce new skills and strategies.
5. **Follow-up and maintenance**: Regularly reviewing progress and adjusting the rehabilitation plan as needed.

Neuropsychological rehabilitation can be delivered in various settings, including:

1. **Inpatient rehabilitation hospitals**: Providing intensive, short-term rehabilitation.
2. **Outpatient clinics**: Offering ongoing rehabilitation services.
3. **Community-based programs**: Focusing on community integration and support.
4. **Home-based programs**: Delivering rehabilitation services in the individual's home environment.

Overall, neuropsychological rehabilitation aims to help individuals with brain injuries or disorders to achieve their full potential, improve their quality of life, and enhance their overall well-being.",,4.0,4.0,4.0,2710,0.0,15.17,0.0,"Neuropsychological rehabilitation is a type of intervention aimed at helping individuals with acquired brain injuries or neurological disorders to recover and adapt to their condition. The primary goal of neuropsychological rehabilitation is to improve cognitive, emotional, and behavioral functioning, enabling individuals to regain independence and participate in daily activities.

Neuropsychological rehabilitation typically involves a multidisciplinary team of professionals, including neuropsychologists, occupational therapists, speech-language pathologists, and physical therapists. These professionals work together to develop a comprehensive treatment plan tailored to the individual's specific needs and goals.

The rehabilitation process may include various interventions, such as:

1. Cognitive training: Targeted exercises and activities designed to improve specific cognitive skills, such as attention, memory, executive functions, and processing speed.
2. Compensatory strategies: Teaching individuals to use alternative strategies to compensate for cognitive deficits, such as the use of memory aids or assistive technology.
3. Behavioral interventions: Addressing behavioral changes, such as mood regulation, motivation, and social skills, to improve overall functioning.
4. Environmental modifications: Modifying the individual's environment to reduce cognitive demands and promote independence.
5. Family and caregiver support: Educating and supporting family members and caregivers to provide optimal care and support.

Neuropsychological rehabilitation can be delivered in various settings, including:

1. Inpatient rehabilitation hospitals
2. Outpatient clinics
3. Community-based programs
4. Home-based interventions

The effectiveness of neuropsychological rehabilitation is supported by research, which has shown that targeted interventions can lead to significant improvements in cognitive and functional outcomes for individuals with acquired brain injuries or neurological disorders.

Key principles underlying neuropsychological rehabilitation include:

1. Individualized treatment planning
2. Multidisciplinary collaboration
3. Evidence-based interventions
4. Focus on functional outcomes
5. Ongoing assessment and adaptation of treatment plans

Overall, neuropsychological rehabilitation is a comprehensive and individualized approach to helping individuals with neurological conditions to recover and adapt to their condition, promoting optimal functioning and quality of life.",0.0,0.0,0.0,2710,2510,-200,22.757971014492753,23.553634085213034,0.7956630707202805
Climate-Smart Technologies,0.8,0.8,0.8,0.6,0.8,0.8,0.8,0.8,0.8,0.8,0.6,climate action,"""Climate-Smart Technologies"" (CSTs) refer to innovative solutions that help mitigate and adapt to the impacts of climate change. These technologies aim to reduce greenhouse gas emissions, enhance climate resilience, and promote sustainable development. CSTs can be applied in various sectors, including agriculture, energy, water, transportation, and infrastructure.

**Key characteristics of Climate-Smart Technologies:**

1. **Low-carbon emissions**: CSTs aim to reduce greenhouse gas emissions and mitigate climate change.
2. **Climate resilience**: These technologies help communities and ecosystems adapt to the impacts of climate change, such as more frequent natural disasters, droughts, and heatwaves.
3. **Sustainable development**: CSTs promote economic growth, social equity, and environmental sustainability.
4. **Innovative and scalable**: CSTs are often new, cutting-edge solutions that can be scaled up or replicated in different contexts.

**Examples of Climate-Smart Technologies:**

1. **Renewable energy systems**: Solar, wind, and hydroelectric power generation to reduce dependence on fossil fuels.
2. **Energy-efficient buildings**: Green buildings with advanced insulation, solar panels, and smart grids to minimize energy consumption.
3. **Climate-resilient agriculture**: Drought-tolerant crops, precision irrigation, and agroforestry to enhance agricultural productivity and resilience.
4. **Water harvesting and management**: Rainwater harvesting, greywater reuse, and efficient irrigation systems to conserve water resources.
5. **Electric vehicles and public transportation**: Electric buses, trains, and cars to reduce greenhouse gas emissions from transportation.
6. **Smart grids and energy storage**: Advanced grid management systems and energy storage technologies, such as batteries, to ensure reliable and efficient energy supply.
7. **Climate-resilient infrastructure**: Sea walls, levees, and green roofs to protect communities from climate-related disasters.
8. **Sustainable urban planning**: Green spaces, green roofs, and urban forestry to mitigate the urban heat island effect and promote climate resilience.
9. **Climate-smart water management**: Water-saving technologies, such as low-flow toilets and showerheads, to reduce water consumption.
10. **Carbon capture and storage**: Technologies to capture and store CO2 emissions from industrial sources, such as power plants and cement factories.

**Benefits of Climate-Smart Technologies:**

1. **Reduced greenhouse gas emissions**: CSTs help mitigate climate change by reducing emissions.
2. **Improved climate resilience**: CSTs enhance the ability of communities and ecosystems to adapt to climate-related impacts.
3. **Economic benefits**: CSTs can create jobs, stimulate economic growth, and reduce costs associated with climate-related disasters.
4. **Improved public health**: CSTs can reduce the negative impacts of climate change on human health, such as heat-related illnesses and respiratory problems.

Overall, Climate-Smart Technologies offer a promising solution to address the challenges of climate change, while promoting sustainable development and economic growth.",,4.0,4.0,4.0,3177,0.0,13.01,0.0,"Climate-Smart Technologies refer to innovative solutions that aim to mitigate and adapt to the impacts of climate change. These technologies are designed to reduce greenhouse gas emissions, enhance resilience to climate-related stressors, and promote sustainable development.

**Definition:**

Climate-Smart Technologies are defined by the United Nations as ""technologies that help reduce greenhouse gas emissions, enhance resilience to climate-related stressors, and promote sustainable development.""

**Characteristics:**

Climate-Smart Technologies typically possess the following characteristics:

1. **Low-carbon emissions:** These technologies aim to reduce greenhouse gas emissions, thereby mitigating climate change.
2. **Climate resilience:** They enhance the ability of individuals, communities, and ecosystems to withstand and recover from climate-related stressors.
3. **Sustainable development:** Climate-Smart Technologies promote economic growth, social equity, and environmental sustainability.

**Examples:**

Some examples of Climate-Smart Technologies include:

1. **Renewable energy systems:** Solar, wind, and hydroelectric power generation.
2. **Energy-efficient appliances:** LED lighting, smart thermostats, and energy-efficient buildings.
3. **Climate-resilient agriculture:** Drought-tolerant crops, precision irrigation, and agroforestry practices.
4. **Green infrastructure:** Green roofs, urban forests, and flood-resistant construction materials.
5. **Smart grids:** Advanced energy management systems that optimize energy distribution and consumption.

**Benefits:**

Climate-Smart Technologies offer several benefits, including:

1. **Reduced greenhouse gas emissions:** Lowering emissions helps mitigate climate change.
2. **Improved resilience:** Enhancing resilience to climate-related stressors reduces vulnerability and promotes sustainable development.
3. **Economic benefits:** Climate-Smart Technologies can create jobs, stimulate economic growth, and reduce costs associated with climate-related disasters.
4. **Environmental benefits:** These technologies promote sustainable development, conserve natural resources, and protect ecosystems.

**Challenges and limitations:**

While Climate-Smart Technologies hold great promise, there are challenges and limitations to their adoption, including:

1. **High upfront costs:** Implementing Climate-Smart Technologies can be expensive, making them inaccessible to some communities.
2. **Limited access to finance:** Securing funding for Climate-Smart Technologies can be difficult, particularly for small-scale projects.
3. **Technical expertise:** Implementing and maintaining Climate-Smart Technologies requires specialized knowledge and skills.
4. **Policy and regulatory frameworks:** Effective policies and regulations are necessary to support the adoption and scaling up of Climate-Smart Technologies.

In conclusion, Climate-Smart Technologies are innovative solutions designed to mitigate and adapt to the impacts of climate change. While they offer numerous benefits, there are challenges and limitations to their adoption, which must be addressed through policy, finance, and technical support.",0.0,0.0,0.0,3177,3191,14,19.43429702970297,22.95321739130435,3.5189203616013778
Sleep and Cognitive Function,0.8,0.8,0.8,0.6,0.8,0.8,0.4,0.8,0.8,0.8,0.6,good health and well-being,"Sleep and cognitive function are closely linked, and research has shown that sleep plays a critical role in maintaining optimal cognitive performance. Here's a detailed explanation:

**What happens during sleep?**

During sleep, the brain undergoes various stages of activity and inactivity, including:

1. **Non-rapid eye movement (NREM) sleep**: This stage is characterized by slow brain waves, reduced body temperature, and decreased heart rate. NREM sleep is further divided into three stages, with each stage becoming progressively deeper.
2. **Rapid eye movement (REM) sleep**: This stage is marked by rapid eye movements, increased brain activity, and vivid dreams. REM sleep is thought to be essential for memory consolidation, learning, and problem-solving.

**How does sleep affect cognitive function?**

Sleep deprivation or poor sleep quality can significantly impair cognitive function, affecting various aspects of mental performance, including:

1. **Attention and focus**: Sleep deprivation can lead to difficulties in sustaining attention, making it harder to focus on tasks and stay engaged.
2. **Memory and learning**: Sleep plays a crucial role in memory consolidation, and sleep deprivation can impair the ability to learn new information and retain memories.
3. **Problem-solving and decision-making**: Sleep deprivation can impair cognitive flexibility, making it harder to switch between different mental tasks and make sound decisions.
4. **Executive function**: Sleep deprivation can affect executive function, which includes skills such as planning, organization, and self-regulation.
5. **Emotional regulation**: Sleep deprivation can lead to increased emotional reactivity, making it harder to manage emotions and respond to stressful situations.

**The consequences of sleep deprivation**

Chronic sleep deprivation can have serious consequences, including:

1. **Impaired job performance**: Sleep deprivation can lead to decreased productivity, increased errors, and reduced job satisfaction.
2. **Increased risk of accidents**: Drowsy driving and workplace accidents are common consequences of sleep deprivation.
3. **Mood disorders**: Sleep deprivation can contribute to the development of mood disorders, such as depression and anxiety.
4. **Cognitive decline**: Chronic sleep deprivation can lead to long-term cognitive decline, increasing the risk of age-related cognitive impairments.

**Tips for maintaining optimal sleep and cognitive function**

1. **Establish a consistent sleep schedule**: Go to bed and wake up at the same time every day, including weekends.
2. **Create a sleep-conducive environment**: Make your bedroom a sleep haven by ensuring it is dark, quiet, and cool.
3. **Avoid stimulating activities before bedtime**: Avoid stimulating activities, such as watching TV or scrolling through your phone, at least an hour before bedtime.
4. **Get regular exercise**: Regular physical activity can help improve sleep quality, but avoid vigorous exercise within a few hours of bedtime.
5. **Manage stress**: Engage in stress-reducing activities, such as meditation or yoga, to help manage stress and promote relaxation.

By prioritizing sleep and maintaining a consistent sleep schedule, you can optimize your cognitive function and improve your overall quality of life.",,4.0,4.0,2.0,3318,0.0,12.91,0.0,"Sleep and cognitive function are closely linked, with sleep playing a crucial role in maintaining optimal cognitive performance. Cognitive function encompasses various mental processes, including attention, memory, learning, problem-solving, and decision-making.

**Sleep's Role in Cognitive Function**

During sleep, the brain undergoes various stages of activity and restoration, including:

1. **Memory Consolidation**: Sleep helps to strengthen and consolidate memories, transferring information from short-term to long-term storage.
2. **Synaptic Plasticity**: Sleep is essential for the refinement and strengthening of neural connections, which is critical for learning and memory.
3. **Clearance of Waste Products**: Sleep helps to remove waste products, such as beta-amyloid plaques, that can accumulate in the brain and contribute to cognitive decline.
4. **Regulation of Neurotransmitters**: Sleep influences the balance of neurotransmitters, such as dopamine, serotonin, and acetylcholine, which are essential for cognitive function.

**Effects of Sleep Deprivation on Cognitive Function**

Sleep deprivation can have significant effects on cognitive function, including:

1. **Impaired Attention and Concentration**: Sleep deprivation can lead to difficulties with sustained attention and concentration.
2. **Memory Impairment**: Sleep deprivation can impair memory formation and retrieval, particularly for declarative memory (e.g., remembering facts and events).
3. **Decreased Reaction Time**: Sleep deprivation can slow down reaction times and increase the risk of errors.
4. **Mood Disturbances**: Sleep deprivation can contribute to irritability, anxiety, and depression.

**Sleep Patterns and Cognitive Function**

Research has identified specific sleep patterns that are associated with optimal cognitive function, including:

1. **Sleep Duration**: Most adults require 7-9 hours of sleep per night for optimal cognitive function.
2. **Sleep Quality**: Poor sleep quality, characterized by fragmented sleep and reduced sleep efficiency, can impair cognitive function.
3. **Sleep Schedule**: Irregular sleep schedules, such as those experienced by shift workers, can disrupt cognitive function.

**Conclusion**

Sleep plays a critical role in maintaining optimal cognitive function. Sleep deprivation can impair attention, memory, and reaction time, while sleep patterns, such as sleep duration and quality, can influence cognitive performance. Understanding the relationship between sleep and cognitive function can inform strategies for improving sleep quality and maintaining optimal cognitive function.",0.0,0.0,0.0,3318,2625,-693,17.317461372320984,20.46731563421829,3.149854261897307
International Climate Cooperation,0.8,0.8,0.8,0.6,0.8,0.8,0.8,0.8,0.8,0.8,0.6,climate action,"International climate cooperation refers to the collaborative efforts among countries to address the global challenge of climate change. This cooperation involves sharing knowledge, expertise, and resources to mitigate the effects of climate change and adapt to its impacts. The main goals of international climate cooperation are:

1. **Mitigation**: Reduce greenhouse gas emissions to limit global warming to 1.5°C above pre-industrial levels and avoid the most catastrophic effects of climate change.
2. **Adaptation**: Help countries prepare for and respond to the impacts of climate change, such as more frequent natural disasters, sea-level rise, and changes in weather patterns.
3. **Sustainable Development**: Promote economic growth, social equity, and environmental protection while addressing climate change.

Key aspects of international climate cooperation:

1. **Global agreements**: The United Nations Framework Convention on Climate Change (UNFCCC) and the Paris Agreement (2015) provide a framework for countries to work together to address climate change.
2. **Climate finance**: Mobilize funds to support climate change mitigation and adaptation efforts in developing countries.
3. **Technology transfer**: Share knowledge, expertise, and technologies to help countries develop and implement climate-friendly solutions.
4. **Capacity building**: Provide training, technical assistance, and institutional support to help countries build their capacity to address climate change.
5. **Research and development**: Collaborate on research and development to improve our understanding of climate change and identify effective solutions.

Examples of international climate cooperation:

1. **The Green Climate Fund (GCF)**: A global fund that supports climate change mitigation and adaptation projects in developing countries.
2. **The Climate and Clean Air Coalition (CCAC)**: A global initiative that brings together governments, businesses, and civil society to reduce short-lived climate pollutants.
3. **The United Nations Environment Programme (UNEP)**: A global organization that provides leadership and support for environmental protection and sustainable development.
4. **The International Renewable Energy Agency (IRENA)**: A global organization that promotes the adoption of renewable energy sources and energy efficiency.
5. **The Climate Action Platform**: A global initiative that brings together governments, businesses, and civil society to accelerate climate action and achieve the goals of the Paris Agreement.

International climate cooperation is essential to address the global challenge of climate change. By working together, countries can share knowledge, expertise, and resources to mitigate the effects of climate change and adapt to its impacts.",,4.0,4.0,4.0,2786,0.0,13.23,0.0,"International climate cooperation refers to the collaborative efforts among countries to address the global issue of climate change. This cooperation involves the sharing of knowledge, resources, and policies to mitigate the effects of climate change and adapt to its impacts.

**Definition:** International climate cooperation can be defined as the voluntary or involuntary interactions among countries to address the global problem of climate change, including the reduction of greenhouse gas emissions, adaptation to climate change impacts, and the sharing of benefits and burdens associated with climate change mitigation and adaptation efforts.

**Key aspects:**

1. **Multilateral agreements:** International climate cooperation often involves the negotiation and implementation of multilateral agreements, such as the United Nations Framework Convention on Climate Change (UNFCCC) and the Paris Agreement.
2. **Emissions reduction:** Countries work together to reduce greenhouse gas emissions, which contribute to climate change, through the implementation of policies and technologies that promote low-carbon economic growth.
3. **Adaptation and resilience:** International climate cooperation also focuses on building the resilience of countries and communities to the impacts of climate change, such as sea-level rise, droughts, and extreme weather events.
4. **Technology transfer and finance:** Developed countries provide financial and technological assistance to developing countries to support their efforts to reduce emissions and adapt to climate change.
5. **Monitoring and reporting:** Countries report their progress in reducing emissions and adapting to climate change, which helps to build trust and accountability among countries.

**Mechanisms:**

1. **International climate governance:** The UNFCCC and other international institutions provide a framework for countries to cooperate on climate change issues.
2. **Climate finance:** Mechanisms such as the Green Climate Fund and the Climate Investment Funds provide financial support to developing countries to support their climate change efforts.
3. **Technology transfer:** International cooperation facilitates the transfer of clean technologies and knowledge to developing countries.
4. **Capacity building:** International climate cooperation helps build the capacity of developing countries to design and implement effective climate change policies and programs.

**Benefits:**

1. **Global cooperation:** International climate cooperation promotes global cooperation and collective action to address a global problem.
2. **Economic benefits:** Climate change mitigation and adaptation efforts can create economic benefits, such as job creation and increased competitiveness.
3. **Environmental benefits:** International climate cooperation can help reduce greenhouse gas emissions and mitigate the impacts of climate change on the environment.

**Challenges:**

1. **Divergent national interests:** Countries may have different priorities and interests, which can hinder international climate cooperation.
2. **Inequitable distribution of benefits and burdens:** The distribution of benefits and burdens associated with climate change mitigation and adaptation efforts can be inequitable, leading to tensions among countries.
3. **Lack of trust and accountability:** The lack of trust and accountability among countries can undermine international climate cooperation.

Overall, international climate cooperation is a complex and multifaceted issue that requires the collaboration of countries to address the global problem of climate change.",0.0,0.7739896178245544,0.7739896178245544,2786,3625,839,17.185190859185496,20.711186440677967,3.52599558149247
Physical Activity in Healthcare,0.8,0.8,0.8,0.6,0.8,0.8,0.6,0.8,0.8,0.8,0.6,good health and well-being,"""Physical Activity in Healthcare"" refers to the integration of physical activity into healthcare settings and practices to promote the health and well-being of patients, staff, and the broader community. This concept has gained significant attention in recent years, and its importance is being recognized by healthcare professionals, policymakers, and researchers worldwide. Here's a comprehensive overview:

**Why is Physical Activity important in Healthcare?**

1. **Prevention and Management of Chronic Diseases**: Regular physical activity is a well-established risk factor for preventing and managing chronic diseases, such as heart disease, diabetes, and certain types of cancer.
2. **Improved Mental Health**: Physical activity has been shown to have a positive impact on mental health, reducing symptoms of anxiety and depression.
3. **Enhanced Patient Outcomes**: Physical activity can improve patient outcomes, including reduced hospital readmissions, improved functional ability, and enhanced quality of life.
4. **Staff Well-being**: Encouraging physical activity among healthcare staff can improve their physical and mental health, reducing burnout and improving job satisfaction.
5. **Cost Savings**: Investing in physical activity programs can lead to cost savings by reducing healthcare utilization and improving patient outcomes.

**Types of Physical Activity in Healthcare**

1. **Exercise Programs**: Structured exercise programs, such as group fitness classes or individualized exercise plans, can be offered to patients and staff.
2. **Walking and Cycling Initiatives**: Encouraging walking and cycling in and around healthcare facilities can promote physical activity and reduce sedentary behavior.
3. **Occupational Therapy**: Physical activity can be incorporated into occupational therapy programs to improve functional ability and mobility.
4. **Rehabilitation Programs**: Physical activity is a crucial component of rehabilitation programs for patients with injuries or chronic conditions.
5. **Community-Based Initiatives**: Healthcare organizations can partner with local communities to promote physical activity and healthy lifestyles.

**Benefits of Physical Activity in Healthcare**

1. **Improved Patient Engagement**: Physical activity programs can increase patient engagement and motivation, leading to better health outcomes.
2. **Enhanced Patient Satisfaction**: Patients who participate in physical activity programs tend to report higher satisfaction with their care.
3. **Reduced Healthcare Utilization**: Regular physical activity can reduce healthcare utilization, including hospital readmissions and emergency department visits.
4. **Cost Savings**: Investing in physical activity programs can lead to cost savings by reducing healthcare utilization and improving patient outcomes.
5. **Improved Staff Morale**: Encouraging physical activity among staff can improve morale, reduce burnout, and enhance job satisfaction.

**Challenges and Opportunities**

1. **Limited Resources**: Healthcare organizations may face challenges in allocating resources to physical activity programs.
2. **Competeting Priorities**: Physical activity programs may compete with other priorities, such as clinical care and administrative tasks.
3. **Staff Training**: Healthcare staff may require training to effectively promote and deliver physical activity programs.
4. **Patient Engagement**: Encouraging patient participation in physical activity programs can be challenging, particularly for patients with mobility or cognitive impairments.
5. **Integration with Electronic Health Records**: Physical activity programs can be integrated with electronic health records to track patient progress and outcomes.

In conclusion, Physical Activity in Healthcare is a critical aspect of promoting patient and staff well-being, improving health outcomes, and reducing healthcare utilization. By integrating physical activity into healthcare settings and practices, healthcare organizations can improve patient satisfaction, reduce costs, and enhance staff morale.",,4.0,4.0,4.0,4081,0.0,13.66,0.0,"Physical activity in healthcare refers to the integration of physical movement and exercise into medical treatment and patient care. This concept involves the use of physical activity as a therapeutic tool to promote health, prevent disease, and manage chronic conditions.

**Definition:** Physical activity in healthcare is defined as any bodily movement that requires energy expenditure, such as walking, running, swimming, or strength training. This can be achieved through various forms, including exercise, physical therapy, and lifestyle modifications.

**Rationale:** The inclusion of physical activity in healthcare is based on the understanding that regular physical activity has numerous health benefits, including:

1. **Cardiovascular health:** Regular physical activity reduces the risk of cardiovascular disease, including heart attacks, strokes, and high blood pressure.
2. **Weight management:** Physical activity helps maintain a healthy weight, reducing the risk of obesity-related diseases.
3. **Mental health:** Exercise has been shown to reduce symptoms of anxiety and depression.
4. **Musculoskeletal health:** Regular physical activity strengthens muscles and bones, reducing the risk of osteoporosis and fractures.
5. **Cancer prevention:** Physical activity has been linked to a reduced risk of certain cancers, including breast, colon, and prostate cancer.

**Mechanisms:** Physical activity in healthcare can be achieved through various mechanisms, including:

1. **Prescription of exercise:** Healthcare providers can prescribe exercise programs tailored to individual patients' needs and abilities.
2. **Physical therapy:** Physical therapists work with patients to develop exercise programs that address specific health conditions or injuries.
3. **Lifestyle modifications:** Healthcare providers can encourage patients to adopt healthy lifestyle habits, including regular physical activity, as part of their overall treatment plan.
4. **Environmental interventions:** Healthcare settings can be designed to promote physical activity, such as incorporating walking paths or exercise equipment into hospital facilities.

**Benefits:** The inclusion of physical activity in healthcare has been shown to have numerous benefits, including:

1. **Improved patient outcomes:** Regular physical activity has been linked to improved health outcomes, including reduced hospital readmissions and mortality rates.
2. **Increased patient engagement:** Physical activity can increase patient engagement and motivation, leading to better adherence to treatment plans.
3. **Reduced healthcare costs:** Regular physical activity can reduce healthcare costs by reducing the need for medical interventions and hospitalizations.

**Challenges:** Despite the benefits, there are several challenges associated with incorporating physical activity into healthcare, including:

1. **Limited resources:** Healthcare providers may face limited resources, including time and funding, to implement physical activity programs.
2. **Patient barriers:** Patients may face barriers to physical activity, including lack of motivation, access to facilities, or mobility limitations.
3. **Healthcare system barriers:** Healthcare systems may face barriers to implementing physical activity programs, including lack of infrastructure or policy support.

Overall, physical activity in healthcare is a growing area of research and practice, with a focus on integrating physical movement and exercise into medical treatment and patient care.",0.0,0.0,0.0,4081,3533,-548,21.073500545256273,22.00003615328995,0.926535608033678
Nutrient-Drug Interactions,0.8,0.8,0.8,0.6,0.8,0.4,0.4,0.8,0.8,0.8,0.6,good health and well-being,"Nutrient-drug interactions refer to the potential adverse effects that can occur when a nutrient (such as a vitamin or mineral) interacts with a medication. These interactions can affect the way the medication is absorbed, metabolized, or excreted in the body, which can lead to changes in the medication's efficacy or toxicity.

Nutrient-drug interactions can occur with various nutrients, including:

1. **Vitamins**: Vitamin C, Vitamin E, and other fat-soluble vitamins can interact with medications such as blood thinners, antacids, and certain antibiotics.
2. **Minerals**: Minerals like calcium, magnesium, and iron can interact with medications such as antibiotics, antacids, and certain diuretics.
3. **Herbs and botanicals**: Certain herbs like St. John's Wort, garlic, and ginkgo biloba can interact with medications such as antidepressants, blood thinners, and certain antibiotics.

Types of nutrient-drug interactions:

1. **Enhanced absorption**: A nutrient can increase the absorption of a medication, leading to increased levels of the medication in the body.
2. **Decreased absorption**: A nutrient can decrease the absorption of a medication, leading to decreased levels of the medication in the body.
3. **Increased toxicity**: A nutrient can increase the toxicity of a medication, leading to adverse effects.
4. **Decreased efficacy**: A nutrient can decrease the efficacy of a medication, leading to reduced therapeutic effects.

Examples of nutrient-drug interactions:

1. **Vitamin C and antibiotics**: Vitamin C can increase the absorption of certain antibiotics, such as tetracycline and doxycycline, which can lead to increased levels of the antibiotic in the body.
2. **Calcium and antibiotics**: Calcium can decrease the absorption of certain antibiotics, such as tetracycline and doxycycline, which can lead to reduced levels of the antibiotic in the body.
3. **St. John's Wort and antidepressants**: St. John's Wort can decrease the efficacy of certain antidepressants, such as selective serotonin reuptake inhibitors (SSRIs), which can lead to reduced therapeutic effects.
4. **Magnesium and certain diuretics**: Magnesium can increase the toxicity of certain diuretics, such as furosemide, which can lead to adverse effects.

To minimize the risk of nutrient-drug interactions:

1. **Inform your healthcare provider**: Inform your healthcare provider about any supplements or nutrients you are taking.
2. **Monitor your medication**: Monitor your medication levels and adjust as necessary.
3. **Choose medications carefully**: Choose medications that are less likely to interact with nutrients.
4. **Consult a healthcare professional**: Consult a healthcare professional before taking any supplements or nutrients, especially if you are taking medications.

Remember, it's always better to err on the side of caution and consult a healthcare professional if you have any concerns about nutrient-drug interactions.",,4.0,4.0,4.0,2944,0.0,11.27,0.0,"Nutrient-Drug Interactions (NDIs) refer to the potential adverse effects that can occur when a nutrient or dietary component interacts with a medication, altering its efficacy, safety, or both. These interactions can be caused by various mechanisms, including:

1. **Pharmacokinetic interactions**: Changes in the absorption, distribution, metabolism, or excretion of a medication due to the presence of a nutrient or dietary component.
2. **Pharmacodynamic interactions**: Changes in the therapeutic effect of a medication due to the presence of a nutrient or dietary component, which can alter the drug's mechanism of action or receptor binding.

Examples of nutrients that can interact with medications include:

1. **Vitamins and minerals**: Certain vitamins and minerals, such as vitamin K, vitamin E, and iron, can interact with anticoagulant medications, such as warfarin, and alter their efficacy or increase the risk of bleeding.
2. **Fatty acids**: Omega-3 fatty acids, found in fish oil supplements, can increase the risk of bleeding when taken with anticoagulant medications.
3. **Herbal supplements**: Certain herbal supplements, such as St. John's Wort, can interact with medications, including antidepressants, and alter their efficacy or increase the risk of adverse effects.
4. **Fiber**: High-fiber diets or supplements can interact with medications, such as blood thinners, and alter their absorption or efficacy.

The consequences of NDIs can be significant, including:

1. **Reduced efficacy**: Interactions can decrease the effectiveness of a medication, leading to inadequate treatment or disease progression.
2. **Increased risk of adverse effects**: Interactions can increase the risk of adverse effects, such as bleeding, allergic reactions, or organ damage.
3. **Toxicity**: Interactions can lead to increased levels of a medication in the body, potentially causing toxicity or overdose.

To mitigate the risk of NDIs, healthcare professionals and patients should:

1. **Monitor medication use**: Regularly review medication lists and monitor for potential interactions.
2. **Provide accurate information**: Patients should inform their healthcare providers about all medications, supplements, and dietary components they are using.
3. **Adjust medication regimens**: Healthcare providers may need to adjust medication dosages or regimens to minimize the risk of interactions.
4. **Conduct thorough assessments**: Patients should undergo thorough assessments, including laboratory tests, to monitor for potential interactions and adverse effects.

By understanding the mechanisms and consequences of NDIs, healthcare professionals and patients can work together to minimize the risk of adverse interactions and ensure safe and effective treatment.",0.0,0.0,0.0,2944,2774,-170,18.64130781499203,20.063636363636363,1.4223285486443338
Sustainable Housing,0.8,0.8,0.8,0.6,0.8,0.8,0.6,0.8,0.8,0.8,0.6,climate action,"Sustainable housing refers to the design, construction, and operation of homes that minimize their impact on the environment, conserve natural resources, and promote the well-being of occupants. The goal of sustainable housing is to create homes that are not only environmentally friendly but also economically viable and socially responsible.

Some key principles of sustainable housing include:

1. **Energy Efficiency**: Homes that are designed and built to minimize energy consumption, using features such as insulation, double-glazed windows, and solar panels.
2. **Water Conservation**: Homes that use water-efficient appliances and fixtures, and collect and reuse rainwater.
3. **Renewable Energy**: Homes that generate their own energy using solar, wind, or geothermal power.
4. **Sustainable Materials**: Homes built using materials that are sustainably sourced, recycled, or reclaimed, such as bamboo, reclaimed wood, and low-VOC (volatile organic compound) paints.
5. **Indoor Air Quality**: Homes that are designed to promote good indoor air quality, using features such as natural ventilation, air filtration systems, and non-toxic materials.
6. **Waste Reduction**: Homes that minimize waste generation and promote recycling and composting.
7. **Community Engagement**: Homes that are designed to foster a sense of community, using features such as shared outdoor spaces, community gardens, and social areas.

Types of sustainable housing include:

1. **Passive Houses**: Homes that are designed to be extremely energy-efficient, using features such as insulation, airtight construction, and mechanical ventilation.
2. **Net Zero Energy Homes**: Homes that generate as much energy as they consume over the course of a year, using features such as solar panels and energy-efficient appliances.
3. **Green Homes**: Homes that are built using sustainable materials and practices, and are designed to minimize their impact on the environment.
4. **Eco-Friendly Homes**: Homes that are designed to promote the well-being of occupants, using features such as natural light, ventilation, and non-toxic materials.

Benefits of sustainable housing include:

1. **Reduced Energy Bills**: Sustainable homes can save homeowners money on their energy bills.
2. **Improved Indoor Air Quality**: Sustainable homes can promote good indoor air quality, reducing the risk of respiratory problems and other health issues.
3. **Increased Property Value**: Sustainable homes can increase property value and appeal to environmentally conscious buyers.
4. **Reduced Environmental Impact**: Sustainable homes can reduce the environmental impact of housing, conserving natural resources and reducing greenhouse gas emissions.
5. **Improved Quality of Life**: Sustainable homes can promote the well-being of occupants, improving their quality of life and overall health.

Overall, sustainable housing is an important aspect of creating a more environmentally friendly and socially responsible built environment.",,4.0,4.0,4.0,2999,0.0,12.75,0.0,"Sustainable housing refers to the design, construction, and operation of residential buildings that minimize their environmental impact while providing a healthy and comfortable living space for occupants. The concept of sustainable housing encompasses various aspects, including:

1. **Energy efficiency**: Buildings that use energy-efficient systems, such as solar panels, wind turbines, or geothermal systems, to reduce energy consumption and reliance on non-renewable energy sources.
2. **Water conservation**: Features that minimize water usage, such as low-flow appliances, greywater reuse systems, and rainwater harvesting systems.
3. **Material selection**: The use of sustainable materials, such as reclaimed wood, low-VOC (volatile organic compound) paints, and recycled materials, to reduce the environmental impact of construction.
4. **Waste reduction**: Strategies to minimize waste generation during construction and operation, such as recycling, composting, and reducing packaging.
5. **Indoor air quality**: Design features that promote good indoor air quality, such as natural ventilation, air filtration systems, and non-toxic materials.
6. **Land use and site planning**: The integration of buildings with their surroundings, including the use of green spaces, rain gardens, and permeable pavement to manage stormwater runoff.
7. **Resilience and adaptability**: Buildings designed to withstand natural disasters, climate change, and other external factors, while also being adaptable to changing occupant needs.

Sustainable housing can be achieved through various strategies, including:

1. **Passive design**: Designing buildings to take advantage of natural climate conditions, such as using large windows for natural lighting and ventilation.
2. **Active systems**: Implementing mechanical systems, such as solar panels and heat pumps, to reduce energy consumption.
3. **Building information modeling (BIM)**: Using digital tools to design and optimize building performance.
4. **Green building certifications**: Obtaining certifications, such as LEED (Leadership in Energy and Environmental Design) or Passive House, to ensure compliance with sustainable building standards.

The benefits of sustainable housing include:

1. **Reduced environmental impact**: Lower greenhouse gas emissions, reduced energy consumption, and minimized waste generation.
2. **Improved occupant health**: Better indoor air quality, natural lighting, and thermal comfort.
3. **Increased property value**: Sustainable features can increase property value and appeal to environmentally conscious buyers.
4. **Cost savings**: Energy-efficient systems and reduced maintenance needs can lead to long-term cost savings.

Overall, sustainable housing aims to create buildings that are environmentally responsible, socially equitable, and economically viable, while providing a healthy and comfortable living space for occupants.",0.0,0.0,0.0,2999,2925,-74,18.71748251748252,20.33684210526316,1.6193595877806395
Nutrition and Cognitive Function,0.8,0.8,0.8,0.6,0.8,0.8,0.6,0.8,0.8,0.8,0.6,good health and well-being,"The relationship between nutrition and cognitive function is a complex and fascinating topic. Adequate nutrition plays a crucial role in supporting brain health, cognitive function, and overall well-being. Here's a comprehensive overview:

**The Brain's Nutritional Needs**

The brain is a highly energy-demanding organ, accounting for approximately 20% of the body's total energy expenditure. It requires a constant supply of nutrients to function optimally. The brain's nutritional needs include:

1. **Glucose**: The primary source of energy for the brain, glucose is obtained from carbohydrates, such as sugars and starches.
2. **Fatty Acids**: Essential fatty acids, particularly omega-3 and omega-6, are crucial for brain function and structure.
3. **Amino Acids**: The building blocks of proteins, amino acids are necessary for neurotransmitter synthesis and neuronal function.
4. **Vitamins and Minerals**: Various vitamins and minerals, such as vitamin B12, iron, and zinc, play essential roles in maintaining healthy brain function.

**The Impact of Nutrition on Cognitive Function**

Adequate nutrition is essential for maintaining optimal cognitive function, including:

1. **Attention and Concentration**: A diet rich in essential nutrients supports attention and concentration.
2. **Memory and Learning**: Proper nutrition is necessary for the formation and consolidation of memories.
3. **Executive Function**: Nutrients like B vitamins, iron, and omega-3 fatty acids support executive function, including planning, decision-making, and problem-solving.
4. **Mood and Emotional Regulation**: A balanced diet rich in fruits, vegetables, and whole grains helps regulate mood and emotional responses.

**Key Nutrients for Cognitive Function**

1. **Omega-3 Fatty Acids**: Found in fatty fish, nuts, and seeds, omega-3s support brain health and cognitive function.
2. **B Vitamins**: B6, B9 (folate), and B12 are essential for neurotransmitter synthesis and neuronal function.
3. **Iron**: Iron is necessary for the production of neurotransmitters and the maintenance of healthy neurons.
4. **Zinc**: Zinc is involved in synaptic plasticity and the regulation of neurotransmitter release.
5. **Antioxidants**: Vitamins C and E, as well as other antioxidants, help protect the brain from oxidative stress and damage.

**Dietary Patterns and Cognitive Function**

1. **Mediterranean Diet**: Rich in fruits, vegetables, whole grains, and healthy fats, the Mediterranean diet has been associated with improved cognitive function and a lower risk of dementia.
2. **DASH Diet**: The DASH (Dietary Approaches to Stop Hypertension) diet, which emphasizes whole grains, fruits, and vegetables, has been linked to improved cognitive function and a lower risk of cognitive decline.
3. **Plant-Based Diets**: Plant-based diets, which are rich in fruits, vegetables, and whole grains, have been associated with improved cognitive function and a lower risk of cognitive decline.

**Conclusion**

Adequate nutrition plays a critical role in supporting brain health and cognitive function. A balanced diet rich in essential nutrients, including omega-3 fatty acids, B vitamins, iron, zinc, and antioxidants, is essential for maintaining optimal cognitive function. By incorporating these nutrients into your diet, you can support brain health and reduce the risk of cognitive decline.",,4.0,4.0,4.0,3379,0.8287896513938904,12.42,0.0,"Nutrition and cognitive function are interconnected concepts that refer to the relationship between the consumption of nutrients and the brain's ability to process information, learn, and remember.

**Definition of Cognitive Function:**

Cognitive function encompasses a range of mental processes, including:

1. Attention: the ability to focus on specific tasks or stimuli.
2. Memory: the ability to encode, store, and retrieve information.
3. Executive functions: high-level cognitive processes, such as planning, decision-making, and problem-solving.
4. Processing speed: the time it takes to complete cognitive tasks.

**Nutritional Factors Affecting Cognitive Function:**

Research has identified several nutritional factors that can impact cognitive function:

1. **Macronutrients:** Adequate intake of carbohydrates, proteins, and fats is essential for maintaining cognitive function. Carbohydrates provide energy for the brain, while proteins are necessary for the synthesis of neurotransmitters and other molecules involved in cognitive processes.
2. **Micronutrients:** Vitamins and minerals, such as vitamin B12, folate, and iron, play critical roles in cognitive function. Deficiencies in these nutrients have been linked to cognitive decline and impaired cognitive performance.
3. **Omega-3 fatty acids:** These essential fatty acids, particularly EPA and DHA, are important for brain health and have been shown to support cognitive function, particularly in older adults.
4. **Antioxidants:** Antioxidants, such as vitamins C and E, help protect the brain from oxidative stress and inflammation, which can impair cognitive function.

**Mechanisms Underlying the Relationship between Nutrition and Cognitive Function:**

1. **Neurotransmitter synthesis:** Nutrients, such as amino acids and vitamins, are necessary for the synthesis of neurotransmitters, which facilitate communication between neurons.
2. **Inflammation:** Chronic inflammation can impair cognitive function by damaging brain tissue and disrupting neural connections.
3. **Oxidative stress:** Oxidative stress can lead to the accumulation of damaged cellular components, which can impair cognitive function.
4. **Blood-brain barrier integrity:** Nutrients and other molecules must cross the blood-brain barrier to reach the brain. Disruptions to this barrier can impair cognitive function.

**Evidence Supporting the Relationship between Nutrition and Cognitive Function:**

Numerous studies have demonstrated the relationship between nutrition and cognitive function. For example:

1. **Dietary patterns:** Studies have shown that adherence to a Mediterranean-style diet, which is rich in fruits, vegetables, whole grains, and healthy fats, is associated with improved cognitive function in older adults.
2. **Nutrient deficiencies:** Deficiencies in nutrients, such as vitamin B12 and folate, have been linked to cognitive decline and impaired cognitive performance.
3. **Supplementation:** Some studies have found that supplementation with omega-3 fatty acids and antioxidants can improve cognitive function in individuals with cognitive impairments.

In conclusion, the relationship between nutrition and cognitive function is complex and multifaceted. Adequate intake of essential nutrients is necessary for maintaining cognitive function, and deficiencies in these nutrients can impair cognitive performance. Further research is needed to fully understand the mechanisms underlying this relationship and to develop effective interventions to support cognitive health.",0.8287896513938904,0.0,-0.8287896513938904,3379,3553,174,17.755304456999372,20.394265232974913,2.6389607759755407
Healthcare Leadership and Governance,0.8,0.8,0.8,0.6,0.8,0.8,0.6,0.8,0.8,0.8,0.6,good health and well-being,"Healthcare leadership and governance refer to the leadership and management structures, policies, and practices that guide the delivery of healthcare services in a healthcare organization. It encompasses the overall strategy, direction, and decision-making processes that ensure the organization provides high-quality, safe, and effective care to patients.

**Key Components of Healthcare Leadership and Governance:**

1. **Leadership**: The leadership team, typically consisting of the CEO, executive team, and department heads, sets the overall direction and vision for the organization.
2. **Governance**: The governance structure, often comprising a board of directors or trustees, oversees the organization's strategy, finances, and operations, ensuring accountability and transparency.
3. **Strategic Planning**: The organization develops a strategic plan that outlines its mission, vision, goals, and objectives, as well as the steps to achieve them.
4. **Quality Improvement**: The organization prioritizes quality improvement, implementing processes to ensure patient safety, satisfaction, and outcomes.
5. **Risk Management**: The organization identifies, assesses, and mitigates risks that could impact patient care, staff, and the organization as a whole.
6. **Communication**: Effective communication among stakeholders, including patients, families, staff, and the community, is essential for building trust and ensuring that everyone is informed and engaged.
7. **Accountability**: The organization holds itself accountable for its actions, decisions, and outcomes, ensuring that patients receive high-quality care and that staff are supported and developed.

**Key Principles of Healthcare Leadership and Governance:**

1. **Patient-Centered Care**: The organization prioritizes patient needs, preferences, and values in all decision-making processes.
2. **Transparency**: The organization is open and honest in its communication, decision-making, and actions.
3. **Accountability**: The organization takes responsibility for its actions, decisions, and outcomes.
4. **Collaboration**: The organization fosters collaboration among stakeholders, including patients, families, staff, and the community.
5. **Continuous Improvement**: The organization prioritizes continuous improvement, seeking opportunities to enhance patient care, staff development, and organizational performance.

**Benefits of Effective Healthcare Leadership and Governance:**

1. **Improved Patient Outcomes**: Effective leadership and governance lead to better patient care, satisfaction, and outcomes.
2. **Enhanced Reputation**: A well-governed organization builds trust and credibility with patients, families, and the community.
3. **Increased Efficiency**: Effective leadership and governance streamline processes, reduce waste, and improve resource allocation.
4. **Better Decision-Making**: A well-governed organization makes informed, data-driven decisions that prioritize patient needs and organizational goals.
5. **Staff Engagement and Retention**: Effective leadership and governance foster a positive work environment, leading to higher staff satisfaction, engagement, and retention.

In summary, healthcare leadership and governance are critical components of a healthcare organization's success. By prioritizing patient-centered care, transparency, accountability, collaboration, and continuous improvement, organizations can ensure high-quality care, build trust with stakeholders, and drive continuous improvement.",,4.0,4.0,4.0,3520,0.5390354990959167,13.97,0.0,"Healthcare leadership and governance refer to the systems, structures, and processes that guide the management and delivery of healthcare services. This concept encompasses the leadership roles, organizational structures, and governance mechanisms that shape the decision-making processes and operational practices within healthcare organizations.

**Leadership:**

Healthcare leadership involves the strategic direction, vision, and oversight of healthcare organizations. Leaders in this context are responsible for setting goals, developing policies, and allocating resources to achieve desired outcomes. They must balance competing demands, manage complex systems, and make informed decisions that prioritize patient care, safety, and quality.

**Governance:**

Healthcare governance refers to the framework of rules, policies, and procedures that guide the behavior and decision-making of healthcare organizations. Governance mechanisms, such as boards of directors, executive committees, and regulatory bodies, ensure accountability, transparency, and compliance with laws, regulations, and industry standards.

**Key Components:**

1. **Strategic Planning:** Healthcare leaders develop and implement strategic plans that align with organizational goals, mission, and values.
2. **Organizational Structure:** Healthcare organizations have hierarchical structures, with clear lines of authority, communication, and decision-making.
3. **Governance Models:** Various governance models, such as board-led, executive-led, or hybrid models, are used to distribute power, responsibility, and accountability within healthcare organizations.
4. **Regulatory Compliance:** Healthcare organizations must comply with laws, regulations, and industry standards, such as HIPAA, OSHA, and Joint Commission requirements.
5. **Quality Improvement:** Healthcare leaders prioritize quality improvement initiatives, such as patient safety, quality metrics, and performance measurement.

**Importance:**

Effective healthcare leadership and governance are essential for:

1. **Patient Safety:** Ensuring that patients receive high-quality, safe care.
2. **Quality Improvement:** Fostering a culture of continuous improvement and excellence.
3. **Financial Sustainability:** Managing resources, reducing costs, and improving financial performance.
4. **Regulatory Compliance:** Adhering to laws, regulations, and industry standards.
5. **Accountability:** Ensuring transparency, accountability, and responsibility within healthcare organizations.

In summary, healthcare leadership and governance involve the strategic direction, organizational structure, and governance mechanisms that guide the management and delivery of healthcare services. Effective leadership and governance are critical for ensuring patient safety, quality improvement, financial sustainability, regulatory compliance, and accountability within healthcare organizations.",0.5390354990959167,0.0,-0.5390354990959167,3520,2927,-593,22.534615384615385,23.034827538053346,0.5002121534379604
Low Emission Zones and Emissions Trading,0.6,0.8,0.8,0.6,0.8,0.6,0.6,0.8,0.8,0.8,0.6,climate action,"Here's an explanation of Low Emission Zones (LEZs) and Emissions Trading:

**Low Emission Zones (LEZs)**

A Low Emission Zone is a designated area in a city or region where stricter rules apply to reduce air pollution from vehicles. The main goal of an LEZ is to minimize the impact of air pollution on public health and the environment.

In an LEZ, vehicles that do not meet certain emission standards are restricted from entering the area or are subject to additional fees. The rules vary depending on the location, but common requirements include:

1. **Emission standards**: Vehicles must meet specific emission standards, such as Euro 4 or Euro 6, which dictate the maximum levels of pollutants like nitrogen oxides (NOx), particulate matter (PM), and carbon monoxide (CO).
2. **Fees or charges**: Vehicles that do not meet the emission standards may be subject to a fee or charge to enter the LEZ.
3. **Access restrictions**: In some cases, vehicles that do not meet the emission standards may be prohibited from entering the LEZ altogether.

The benefits of LEZs include:

1. **Improved air quality**: By restricting polluting vehicles, LEZs can help reduce air pollution and improve public health.
2. **Increased public awareness**: LEZs raise awareness about the importance of clean air and the impact of vehicle emissions on the environment.
3. **Economic benefits**: By promoting cleaner vehicles, LEZs can also stimulate the market for low-emission vehicles, creating economic benefits for manufacturers and consumers.

**Emissions Trading**

Emissions trading, also known as cap-and-trade, is a market-based system that allows companies or individuals to buy and sell the right to emit a certain amount of pollutants. The goal is to create a financial incentive for companies to reduce their emissions.

Here's how it works:

1. **Cap**: A government sets a cap on the total amount of pollutants that can be emitted by a specific industry or sector.
2. **Allowances**: The government allocates a certain number of emission allowances to each company within the sector. These allowances represent the right to emit a specific amount of pollutants.
3. **Trading**: Companies can buy and sell allowances among themselves. If a company reduces its emissions, it can sell its excess allowances to other companies that need them.
4. **Penalties**: Companies that exceed their allocated allowances must pay a penalty or buy additional allowances to cover their excess emissions.

The benefits of emissions trading include:

1. **Cost-effective emissions reduction**: Emissions trading creates a financial incentive for companies to reduce their emissions, which can be more cost-effective than traditional regulatory approaches.
2. **Increased transparency**: Emissions trading provides a clear and transparent system for tracking and reporting emissions.
3. **Global coverage**: Emissions trading can be applied globally, allowing countries to work together to address climate change and air pollution.

Examples of emissions trading schemes include:

1. **European Union Emissions Trading System (EU ETS)**: A cap-and-trade system for greenhouse gas emissions from power plants and industrial processes.
2. **California Cap-and-Trade Program**: A cap-and-trade system for greenhouse gas emissions from power plants, industrial processes, and transportation fuels.

In summary, Low Emission Zones and Emissions Trading are two complementary approaches to reducing air pollution and greenhouse gas emissions. LEZs focus on restricting polluting vehicles in specific areas, while emissions trading creates a market-based system for companies to buy and sell the right to emit pollutants.",,4.0,4.0,3.0,3692,0.0,12.76,0.0,"**Low Emission Zones (LEZs)**

Low Emission Zones are designated areas within cities or regions where stricter emissions standards are enforced to reduce air pollution. These zones are typically established by local authorities to mitigate the negative impacts of air pollution on public health and the environment.

Key characteristics of LEZs:

1. **Emissions standards**: Vehicles entering the LEZ must meet specific emissions standards, which vary depending on the zone's regulations.
2. **Access restrictions**: Vehicles that do not meet the emissions standards are restricted from entering the LEZ or may be subject to fines or penalties.
3. **Monitoring and enforcement**: Authorities monitor and enforce compliance with emissions standards through various means, including cameras, sensors, and inspections.

**Emissions Trading (ET)**

Emissions Trading is a market-based mechanism that allows companies or individuals to buy and sell emissions allowances, which represent the right to emit a certain amount of pollutants. The goal of ET is to reduce emissions at the lowest possible cost by creating a financial incentive for companies to reduce their emissions.

Key principles of ET:

1. **Cap-and-trade system**: A cap is set on the total amount of emissions allowed within a given region or sector. Companies are allocated a certain number of emissions allowances, which they can buy, sell, or trade.
2. **Allowance trading**: Companies can buy or sell emissions allowances on a market, allowing them to adjust their emissions levels to meet the cap.
3. **Penalties for non-compliance**: Companies that exceed their emissions allowance must purchase additional allowances or face penalties.

**Relationship between LEZs and ET**

LEZs and ET can be used in conjunction with each other to achieve emissions reductions. For example:

1. **LEZs as a complement to ET**: LEZs can be used to enforce stricter emissions standards within a designated area, while ET can provide a broader framework for emissions reductions across the region.
2. **ET as a means to fund LEZs**: Revenue generated from ET can be used to fund the establishment and enforcement of LEZs, making it a more cost-effective approach to emissions reductions.

In summary, LEZs and ET are two distinct mechanisms aimed at reducing emissions. LEZs focus on restricting access to high-emitting vehicles within designated areas, while ET creates a market-based system for companies to buy and sell emissions allowances. When used together, these mechanisms can provide a comprehensive approach to emissions reductions.",0.0,0.0,0.0,3692,2594,-1098,18.858934169278996,18.997113402061853,0.13817923278285704
Healthcare Infrastructure and Healthcare Systems,0.8,0.8,0.8,0.6,0.8,0.8,0.8,0.8,0.8,0.8,0.6,good health and well-being,"**Healthcare Infrastructure**

Healthcare infrastructure refers to the physical and organizational systems that support the delivery of healthcare services. It encompasses the buildings, equipment, technology, and personnel required to provide medical care to patients. The key components of healthcare infrastructure include:

1. **Facilities**: Hospitals, clinics, nursing homes, and other healthcare facilities that provide medical care.
2. **Equipment**: Medical devices, such as MRI machines, ventilators, and surgical equipment, that are essential for diagnosis and treatment.
3. **Information Technology (IT)**: Electronic health records (EHRs), telemedicine platforms, and other digital tools that facilitate communication, data management, and patient care.
4. **Personnel**: Healthcare professionals, including doctors, nurses, and other support staff, who provide medical care and services.
5. **Logistics**: Supply chain management, transportation, and storage of medical equipment, pharmaceuticals, and other essential resources.

**Healthcare Systems**

A healthcare system refers to the organization and management of healthcare services, including the policies, laws, and regulations that govern the delivery of care. The key components of a healthcare system include:

1. **Healthcare Financing**: The mechanisms for paying for healthcare services, such as insurance, out-of-pocket payments, and government funding.
2. **Healthcare Policy**: Laws, regulations, and guidelines that govern the delivery of healthcare services, including access, quality, and safety standards.
3. **Healthcare Governance**: The leadership and management structures that oversee healthcare organizations, including hospitals, clinics, and health systems.
4. **Healthcare Delivery**: The actual provision of healthcare services, including primary care, specialty care, and emergency services.
5. **Healthcare Quality and Safety**: The measures taken to ensure that healthcare services are safe, effective, and of high quality.

**Relationship between Healthcare Infrastructure and Healthcare Systems**

The healthcare infrastructure and healthcare systems are closely intertwined. A well-designed healthcare infrastructure is essential for delivering high-quality healthcare services, while a robust healthcare system is necessary for ensuring that healthcare infrastructure is utilized effectively and efficiently.

For example, a hospital with modern facilities and equipment (healthcare infrastructure) is not sufficient to ensure good healthcare outcomes if the healthcare system is not in place to manage patient flow, prioritize care, and ensure that patients receive the right care at the right time.

Similarly, a healthcare system with strong policies and governance (healthcare system) is not enough to ensure good healthcare outcomes if the healthcare infrastructure is not adequate to support the delivery of care.

In summary, healthcare infrastructure and healthcare systems are two sides of the same coin. A well-designed healthcare infrastructure is essential for delivering high-quality healthcare services, while a robust healthcare system is necessary for ensuring that healthcare infrastructure is utilized effectively and efficiently.",,4.0,4.0,4.0,3250,0.5331855416297913,14.18,0.0,"**Healthcare Infrastructure**

Healthcare infrastructure refers to the physical and organizational systems that support the delivery of healthcare services. It encompasses the buildings, equipment, technology, and personnel required to provide medical care to patients. Key components of healthcare infrastructure include:

1. **Facilities**: Hospitals, clinics, nursing homes, and other healthcare facilities that provide care to patients.
2. **Equipment**: Medical devices, such as diagnostic equipment, surgical instruments, and life-support machines.
3. **Information Technology (IT)**: Electronic health records, telemedicine platforms, and other digital tools that facilitate communication and data management.
4. **Transportation**: Ambulances, helicopters, and other vehicles that transport patients to and from healthcare facilities.

**Healthcare Systems**

A healthcare system is a complex network of organizations, policies, and procedures that aim to deliver healthcare services to a population. It encompasses the infrastructure, as well as the social, economic, and cultural factors that influence healthcare delivery. Key components of healthcare systems include:

1. **Financing**: Mechanisms for funding healthcare services, such as insurance, out-of-pocket payments, and government subsidies.
2. **Regulation**: Laws, policies, and guidelines that govern healthcare delivery, including licensing, accreditation, and quality standards.
3. **Workforce**: Healthcare professionals, including physicians, nurses, and allied health workers, who provide direct care to patients.
4. **Healthcare policies**: Government policies, laws, and regulations that shape the healthcare system, including access, quality, and equity.

**Relationship between Healthcare Infrastructure and Healthcare Systems**

The healthcare infrastructure provides the physical and technological foundation for healthcare delivery, while the healthcare system encompasses the broader social, economic, and cultural context in which healthcare is delivered. The two are interconnected, as the infrastructure supports the delivery of healthcare services, and the healthcare system influences the design and operation of the infrastructure.

In summary, healthcare infrastructure refers to the physical and organizational systems that support healthcare delivery, while healthcare systems refer to the complex network of organizations, policies, and procedures that aim to deliver healthcare services to a population.",0.5331855416297913,0.0,-0.5331855416297913,3250,2500,-750,20.019321029847347,20.43661811991678,0.4172970900694324
Renewable Energy and Land Use in Latin America,0.6,0.8,0.8,0.6,0.8,0.8,0.8,0.8,0.8,0.8,0.6,climate action,"""Renewable Energy and Land Use in Latin America"" is a complex and multifaceted topic that involves the intersection of energy production, land management, and environmental sustainability in the Latin American region. Here's a comprehensive overview:

**Background**

Latin America is rich in renewable energy resources, including solar, wind, hydro, geothermal, and biomass. The region has set ambitious targets to increase the share of renewable energy in its energy mix, with many countries aiming to reach 30-50% of their energy from renewable sources by 2030.

**Renewable Energy Sources in Latin America**

1. **Solar Energy**: Latin America has significant solar potential, particularly in countries like Chile, Mexico, and Peru.
2. **Wind Energy**: Countries like Brazil, Mexico, and Argentina have large wind resources, with many wind farms already operational.
3. **Hydro Energy**: Hydroelectric power plants are a significant source of renewable energy in countries like Brazil, Argentina, and Colombia.
4. **Geothermal Energy**: Countries like Mexico, Costa Rica, and El Salvador have geothermal resources, which are used to generate electricity.
5. **Biomass Energy**: Biomass is used for electricity generation, heat production, and transportation fuels in countries like Brazil, Argentina, and Chile.

**Land Use Implications**

The development of renewable energy projects in Latin America often requires significant land areas, which can lead to conflicts over land use. Some of the key land use implications include:

1. **Land acquisition**: Renewable energy projects require large areas of land for infrastructure, such as wind turbines, solar panels, and transmission lines.
2. **Agricultural land displacement**: The development of renewable energy projects can lead to the displacement of agricultural land, affecting local communities and food security.
3. **Conservation and protected areas**: Renewable energy projects may be located in or near protected areas, such as national parks, wildlife reserves, or indigenous territories.
4. **Community engagement**: The development of renewable energy projects can have significant social and economic impacts on local communities, requiring effective engagement and consultation.

**Challenges and Opportunities**

The integration of renewable energy and land use in Latin America is complex and presents several challenges and opportunities, including:

1. **Policy and regulatory frameworks**: Strengthening policy and regulatory frameworks to ensure the effective integration of renewable energy and land use planning.
2. **Community engagement and participation**: Ensuring that local communities are engaged and participate in the development of renewable energy projects.
3. **Land use planning and management**: Implementing effective land use planning and management practices to minimize conflicts and ensure sustainable development.
4. **Economic benefits**: Creating economic benefits for local communities through the development of renewable energy projects.
5. **Environmental sustainability**: Ensuring that renewable energy projects are developed in an environmentally sustainable manner, minimizing impacts on biodiversity and ecosystems.

**Best Practices and Recommendations**

To address the challenges and opportunities associated with renewable energy and land use in Latin America, the following best practices and recommendations can be considered:

1. **Conduct thorough environmental and social impact assessments** to identify potential risks and opportunities.
2. **Engage with local communities** and ensure their participation in the development of renewable energy projects.
3. **Develop and implement effective land use planning and management practices** to minimize conflicts and ensure sustainable development.
4. **Strengthen policy and regulatory frameworks** to ensure the effective integration of renewable energy and land use planning.
5. **Promote economic benefits** for local communities through the development of renewable energy projects.

By understanding the complexities of renewable energy and land use in Latin America, policymakers, developers, and stakeholders can work together to create a more sustainable and equitable energy future for the region.",,4.0,4.0,4.0,4276,0.0,14.12,0.0,"Renewable energy and land use in Latin America is a complex issue that involves the intersection of energy production, land management, and environmental sustainability. Here is a neutral and objective explanation of the topic:

**Background**

Latin America is a region with significant renewable energy potential, particularly in solar, wind, and hydroelectric power. However, the expansion of renewable energy infrastructure often requires large areas of land for the installation of solar panels, wind turbines, and hydroelectric dams. This can lead to conflicts over land use, particularly in areas with high conservation value or where indigenous communities have traditional rights to the land.

**Renewable Energy Sources in Latin America**

Latin America has made significant progress in developing renewable energy sources in recent years. According to the International Renewable Energy Agency (IRENA), the region has:

1. **Solar energy**: Latin America has some of the highest solar irradiance levels in the world, making it an attractive location for solar power generation. Countries such as Chile, Mexico, and Brazil have invested heavily in solar energy, with a focus on large-scale solar parks.
2. **Wind energy**: Wind energy is another significant contributor to the region's renewable energy mix. Countries such as Argentina, Chile, and Uruguay have invested in wind farms, particularly in coastal areas with strong winds.
3. **Hydroelectric energy**: Hydroelectric power is a significant source of renewable energy in Latin America, particularly in countries such as Brazil, Argentina, and Chile. Hydroelectric dams can provide both electricity and water storage, but they can also have significant environmental impacts.

**Land Use Conflicts**

The expansion of renewable energy infrastructure in Latin America has led to conflicts over land use, particularly in areas with high conservation value or where indigenous communities have traditional rights to the land. Some of the key issues include:

1. **Deforestation**: The construction of renewable energy infrastructure, such as solar parks and wind farms, can lead to deforestation and habitat loss.
2. **Indigenous rights**: Renewable energy projects can encroach on indigenous lands, leading to conflicts over land use and cultural heritage.
3. **Water management**: Hydroelectric dams can alter water flows and affect aquatic ecosystems, leading to conflicts over water management and resource allocation.

**Policy and Regulatory Framework**

To address the challenges and opportunities associated with renewable energy and land use in Latin America, governments and international organizations have developed policies and regulatory frameworks. Some of the key initiatives include:

1. **Renewable energy targets**: Many countries in Latin America have set renewable energy targets, which aim to increase the share of renewable energy in the energy mix.
2. **Land use planning**: Governments are developing land use plans that balance the needs of renewable energy development with conservation and social objectives.
3. **Community engagement**: Renewable energy developers are increasingly engaging with local communities to ensure that projects are socially and environmentally sustainable.

**Conclusion**

Renewable energy and land use in Latin America is a complex issue that requires careful consideration of the social, environmental, and economic implications of renewable energy development. While there are challenges associated with land use conflicts, the expansion of renewable energy infrastructure can also provide opportunities for sustainable development and poverty reduction.",0.0,0.0,0.0,4276,3679,-597,22.65160652496293,21.220205920205924,-1.4314006047570054
Infrastucture Planning for Climate Resilience,0.8,0.8,0.8,0.6,0.8,0.8,0.8,0.8,0.8,0.8,0.6,climate action,"Infrastructure planning for climate resilience refers to the process of designing, building, and maintaining infrastructure systems that can withstand and adapt to the impacts of climate change. This involves considering the potential effects of climate-related hazards such as sea-level rise, more frequent and intense weather events, and changes in temperature and precipitation patterns on infrastructure systems.

The goal of infrastructure planning for climate resilience is to ensure that infrastructure systems can continue to function effectively and safely, even in the face of climate-related disruptions. This requires a proactive and integrated approach that takes into account the physical, social, and economic impacts of climate change on infrastructure systems.

Some key considerations in infrastructure planning for climate resilience include:

1. **Risk assessment**: Identifying the potential risks and vulnerabilities of infrastructure systems to climate-related hazards.
2. **Climate modeling**: Using climate models to predict the potential impacts of climate change on infrastructure systems.
3. **Design and construction**: Designing and building infrastructure systems that can withstand the projected impacts of climate change.
4. **Maintenance and operation**: Ensuring that infrastructure systems are regularly maintained and operated in a way that minimizes the risk of climate-related disruptions.
5. **Adaptation and resilience**: Incorporating features and systems that can adapt to changing climate conditions and enhance the resilience of infrastructure systems.
6. **Community engagement**: Engaging with local communities and stakeholders to understand their needs and concerns related to climate resilience.
7. **Economic analysis**: Conducting economic analyses to determine the costs and benefits of different infrastructure planning and design options.

Some examples of infrastructure planning for climate resilience include:

1. **Sea walls and coastal protection**: Designing and building sea walls and other coastal protection systems to protect against sea-level rise and storm surges.
2. **Flood-resistant design**: Designing buildings and infrastructure systems to withstand flooding and other water-related hazards.
3. **Green infrastructure**: Incorporating green spaces and other natural systems into infrastructure planning to enhance resilience and mitigate the impacts of climate change.
4. **Water management**: Designing and managing water systems to ensure that they can adapt to changing precipitation patterns and other climate-related impacts.
5. **Transportation planning**: Planning and designing transportation systems that can withstand the impacts of climate-related hazards such as flooding and extreme weather events.

Benefits of infrastructure planning for climate resilience include:

1. **Reduced risk**: Reducing the risk of climate-related disruptions to infrastructure systems and the communities they serve.
2. **Cost savings**: Saving costs associated with repairing and rebuilding infrastructure systems damaged by climate-related hazards.
3. **Improved public health and safety**: Protecting public health and safety by ensuring that infrastructure systems can continue to function effectively and safely.
4. **Economic growth**: Supporting economic growth and development by ensuring that infrastructure systems can support business and industry.
5. **Enhanced community resilience**: Enhancing the resilience of communities by ensuring that they have access to reliable and safe infrastructure systems.

Overall, infrastructure planning for climate resilience is essential for building a more sustainable and resilient future.",,4.0,4.0,4.0,3706,0.0,13.12,0.0,"Infrastructure planning for climate resilience refers to the process of designing, developing, and maintaining infrastructure systems to withstand and adapt to the impacts of climate change. This involves assessing the potential risks and vulnerabilities associated with climate-related hazards, such as sea-level rise, extreme weather events, and changes in precipitation patterns.

The goal of infrastructure planning for climate resilience is to ensure that infrastructure systems, including transportation networks, buildings, and public facilities, can continue to function effectively and safely in the face of climate-related stressors. This requires considering the long-term sustainability and adaptability of infrastructure systems, as well as their ability to withstand and recover from climate-related disruptions.

Key components of infrastructure planning for climate resilience include:

1. **Risk assessment**: Identifying potential climate-related hazards and assessing their likelihood and potential impact on infrastructure systems.
2. **Vulnerability analysis**: Evaluating the susceptibility of infrastructure systems to climate-related hazards and identifying areas of high vulnerability.
3. **Adaptation planning**: Developing strategies to reduce the risks associated with climate-related hazards, such as sea walls, levees, or flood-resistant construction.
4. **Resilience design**: Incorporating climate-resilient design principles into infrastructure development, such as using materials and systems that can withstand extreme weather events.
5. **Maintenance and upgrade planning**: Developing plans for regular maintenance and upgrades to ensure that infrastructure systems remain functional and adaptable over time.

Infrastructure planning for climate resilience involves collaboration among various stakeholders, including government agencies, private sector companies, and community groups. It requires the use of data-driven approaches, such as climate modeling and scenario planning, to inform decision-making and ensure that infrastructure systems are designed and developed with climate resilience in mind.

Some of the benefits of infrastructure planning for climate resilience include:

1. **Reduced risk**: Minimizing the risks associated with climate-related hazards and reducing the likelihood of infrastructure failures.
2. **Improved public safety**: Ensuring that infrastructure systems are designed and developed to protect public health and safety.
3. **Economic benefits**: Reducing the economic costs associated with climate-related disruptions and maintaining the functionality of infrastructure systems.
4. **Long-term sustainability**: Ensuring that infrastructure systems are adaptable and sustainable over the long term, reducing the need for costly repairs and replacements.

Overall, infrastructure planning for climate resilience is a critical component of climate change adaptation and mitigation efforts, requiring a proactive and collaborative approach to ensure the long-term sustainability and adaptability of infrastructure systems.",0.0,0.0,0.0,3706,3095,-611,18.81154639175258,22.03669250645995,3.2251461147073712
Carbon Sink Technologies and Climate Performance,0.6,0.8,0.8,0.6,0.8,0.8,0.8,0.8,0.8,0.8,0.6,climate action,"Carbon sink technologies and climate performance are crucial concepts in the fight against climate change. Here's a detailed explanation:

**What are Carbon Sink Technologies?**

Carbon sink technologies are methods or systems that absorb and store more carbon dioxide (CO2) from the atmosphere than they emit. These technologies can be natural or artificial, and they play a vital role in mitigating climate change by reducing the amount of greenhouse gases in the atmosphere.

Some examples of carbon sink technologies include:

1. **Afforestation/Reforestation**: Planting new trees or restoring forests that have been degraded or cleared.
2. **Soil Carbon Sequestration**: Implementing practices like no-till farming, cover cropping, or using organic amendments to increase soil carbon storage.
3. **Bioenergy with Carbon Capture and Storage (BECCS)**: Producing energy from biomass (e.g., crops, waste) and capturing the CO2 emissions, then storing it underground.
4. **Ocean Fertilization**: Adding nutrients to the oceans to stimulate phytoplankton growth, which absorbs CO2 from the atmosphere.
5. **Biochar**: Producing charcoal from biomass and using it as a soil amendment to sequester carbon.

**What is Climate Performance?**

Climate performance refers to the ability of a technology, system, or organization to reduce greenhouse gas emissions and mitigate climate change. It involves assessing the carbon footprint of a particular activity, product, or service and identifying opportunities for improvement.

**Key Aspects of Climate Performance:**

1. **Greenhouse Gas (GHG) Emissions**: Measuring and reporting the amount of CO2, methane, and other GHGs emitted or sequestered.
2. **Carbon Intensity**: Calculating the amount of CO2 emissions per unit of energy or product produced.
3. **Carbon Footprint**: Assessing the total GHG emissions associated with a product, service, or activity throughout its entire lifecycle.
4. **Net Zero Emissions**: Achieving a balance between emissions and removals, resulting in a net zero carbon footprint.

**Importance of Carbon Sink Technologies and Climate Performance:**

1. **Mitigating Climate Change**: Carbon sink technologies and climate performance help reduce the amount of CO2 in the atmosphere, slowing global warming.
2. **Sustainable Development**: These technologies and practices support sustainable development, ensuring economic growth while minimizing environmental impact.
3. **Climate Resilience**: By reducing greenhouse gas emissions, we can build climate resilience and adapt to the changing climate.
4. **Innovation and Economic Growth**: Investing in carbon sink technologies and climate performance can drive innovation, create jobs, and stimulate economic growth.

In conclusion, carbon sink technologies and climate performance are essential for mitigating climate change and promoting sustainable development. By understanding and implementing these concepts, we can reduce greenhouse gas emissions, promote climate resilience, and drive innovation and economic growth.",,4.0,4.0,3.0,3055,0.7387431263923645,12.95,0.0,"Carbon sink technologies refer to methods and systems designed to capture and store atmospheric carbon dioxide (CO2) or mitigate its effects on the environment. These technologies aim to reduce the concentration of greenhouse gases in the atmosphere, thereby slowing global warming.

**Carbon Sink Technologies:**

1. **Afforestation/Reforestation**: Planting new trees or restoring existing forests to absorb CO2 through photosynthesis.
2. **Soil Carbon Sequestration**: Implementing practices that enhance soil's ability to store carbon, such as no-till farming or cover cropping.
3. **Bioenergy with Carbon Capture and Storage (BECCS)**: Producing energy from biomass (e.g., crops, waste) and capturing the CO2 emissions, then storing it underground.
4. **Ocean Fertilization**: Adding nutrients to the oceans to stimulate phytoplankton growth, which absorbs CO2 from the atmosphere.
5. **Carbon Capture and Utilization (CCU)**: Capturing CO2 from industrial sources and converting it into valuable chemicals or materials.

**Climate Performance:**

Climate performance refers to the effectiveness of carbon sink technologies in reducing greenhouse gas emissions and mitigating climate change. Factors influencing climate performance include:

1. **Scalability**: The ability of a technology to be scaled up to meet global emissions reduction targets.
2. **Cost-effectiveness**: The economic viability of a technology, including costs of implementation, maintenance, and operation.
3. **Environmental impact**: The potential for a technology to have unintended environmental consequences, such as land use changes or water pollution.
4. **Carbon sequestration rates**: The rate at which a technology can capture and store CO2, as well as the duration of carbon storage.
5. **Monitoring and verification**: The ability to accurately measure and verify the effectiveness of a technology in reducing greenhouse gas emissions.

**Relationship between Carbon Sink Technologies and Climate Performance:**

The effectiveness of carbon sink technologies in mitigating climate change depends on various factors, including their scalability, cost-effectiveness, and environmental impact. Technologies with high carbon sequestration rates, low costs, and minimal environmental impact are more likely to contribute significantly to climate performance. However, the actual performance of these technologies can be influenced by various factors, such as policy frameworks, public acceptance, and technological advancements.

In conclusion, carbon sink technologies and climate performance are interconnected concepts that require a nuanced understanding of the complex relationships between technology, environment, and human activities.",0.7387431263923645,0.0,-0.7387431263923645,3055,2727,-328,17.53124769966875,19.755555555555556,2.2243078558868064
Nutritional Epigenetics,0.4,0.8,0.8,0.6,0.8,0.8,0.8,0.8,0.8,0.8,0.6,good health and well-being,"Nutritional epigenetics is a fascinating field that explores the relationship between diet, nutrition, and gene expression. Here's a breakdown:

**What is Epigenetics?**

Epigenetics is the study of heritable changes in gene function that occur without altering the underlying DNA sequence. These changes can be influenced by environmental factors, such as diet, and can affect how genes are expressed, without changing the DNA itself.

**Nutritional Epigenetics**

Nutritional epigenetics is the study of how diet and nutrition influence epigenetic changes, particularly in relation to gene expression. This field examines how specific nutrients, dietary patterns, and lifestyle factors can affect the epigenetic marks on our genes, which in turn can influence various physiological processes, including:

1. **Gene expression**: The process by which genes are turned on or off, or modified in their expression.
2. **Cell differentiation**: The process by which cells become specialized in their function.
3. **Developmental processes**: The processes that occur during embryonic development, such as cell proliferation, differentiation, and apoptosis (cell death).
4. **Disease prevention and treatment**: The study of how nutritional epigenetics can influence the development and progression of diseases, such as cancer, cardiovascular disease, and neurodegenerative disorders.

**Key Nutrients and Epigenetics**

Research has identified several key nutrients that can influence epigenetic changes, including:

1. **Folate**: A B vitamin that plays a crucial role in DNA methylation and histone modification.
2. **Vitamin D**: A fat-soluble vitamin that can influence gene expression and epigenetic marks.
3. **Omega-3 fatty acids**: Polyunsaturated fatty acids that can affect gene expression and inflammation.
4. **Sulforaphane**: A compound found in cruciferous vegetables that can influence epigenetic marks and gene expression.
5. **Resveratrol**: A polyphenol found in grapes and berries that can influence epigenetic marks and gene expression.

**Mechanisms of Nutritional Epigenetics**

Nutritional epigenetics involves several mechanisms, including:

1. **DNA methylation**: The addition of a methyl group to DNA, which can silence gene expression.
2. **Histone modification**: The addition of a histone protein to DNA, which can influence gene expression.
3. **MicroRNA regulation**: The regulation of gene expression by microRNAs, which can bind to specific messenger RNA (mRNA) molecules.
4. **Epigenetic marks**: The addition of specific chemical groups to DNA or histones, which can influence gene expression.

**Implications of Nutritional Epigenetics**

The study of nutritional epigenetics has significant implications for our understanding of how diet and nutrition can influence human health and disease. Some potential applications include:

1. **Personalized nutrition**: Tailoring dietary recommendations to an individual's genetic profile and epigenetic status.
2. **Disease prevention**: Using nutritional epigenetics to identify and prevent the development of diseases.
3. **Epigenetic-based therapies**: Developing therapies that target epigenetic marks to treat diseases.
4. **Nutrigenomics**: The study of how genetic variations influence an individual's response to specific nutrients and dietary patterns.

In summary, nutritional epigenetics is a rapidly evolving field that explores the complex relationships between diet, nutrition, and gene expression. By understanding how specific nutrients and dietary patterns can influence epigenetic changes, we can gain insights into the prevention and treatment of various diseases, and develop personalized nutrition strategies to promote optimal health.",,4.0,4.0,4.0,3733,0.9509062767028807,13.37,0.0,"Nutritional epigenetics refers to the study of how dietary components and nutrients influence gene expression and epigenetic marks. Epigenetics is the study of heritable changes in gene function that occur without a change in the underlying DNA sequence.

Nutritional epigenetics examines the causal relationships between dietary factors and epigenetic modifications, such as DNA methylation, histone modification, and non-coding RNA expression. These modifications can affect gene expression, leading to changes in cellular behavior, physiology, and disease susceptibility.

Research in nutritional epigenetics has identified several key mechanisms by which diet influences epigenetic marks:

1. **Nutrient-dependent gene expression**: Certain nutrients, such as folate, vitamin B12, and omega-3 fatty acids, are required for the synthesis of epigenetic regulators, such as DNA methyltransferases and histone acetyltransferases.
2. **Epigenetic marks as a response to environmental cues**: Dietary components can induce epigenetic changes as a response to environmental stressors, such as oxidative stress, inflammation, or exposure to toxins.
3. **Microbiome influence**: The gut microbiome plays a crucial role in shaping epigenetic marks through the production of metabolites, such as short-chain fatty acids, which can influence gene expression.

Studies have demonstrated that nutritional epigenetics can impact various physiological processes, including:

1. **Development and growth**: Nutritional epigenetics has been implicated in fetal development, growth, and development of metabolic disorders.
2. **Cancer**: Dietary components have been shown to influence cancer risk and progression through epigenetic mechanisms.
3. **Neurological disorders**: Nutritional epigenetics has been linked to neurodegenerative diseases, such as Alzheimer's and Parkinson's.

The field of nutritional epigenetics is rapidly evolving, with ongoing research aimed at elucidating the complex relationships between diet, epigenetics, and disease. However, more studies are needed to fully understand the causal mechanisms and to translate this knowledge into practical applications for human health.",0.9509062767028807,0.0,-0.9509062767028807,3733,2189,-1544,21.58549251270779,22.856743256743258,1.2712507440354663
Sustainable Livestock Farming and Climate Change,0.8,0.8,0.8,0.6,0.8,0.8,0.8,0.8,0.8,0.8,0.6,climate action,"Sustainable livestock farming and climate change are closely linked, as the livestock industry has a significant impact on the environment, and climate change, in turn, affects the livestock industry. Here's a comprehensive overview:

**The Impact of Livestock Farming on Climate Change:**

1. **Greenhouse Gas Emissions (GHGs):** Livestock farming is a significant source of GHGs, including carbon dioxide (CO2), methane (CH4), and nitrous oxide (N2O). These gases contribute to global warming and climate change.
2. **Land Use and Deforestation:** Large areas of land are required for grazing and feed crop production, leading to deforestation and habitat destruction.
3. **Water Pollution:** Intensive livestock farming can lead to water pollution through manure runoff, fertilizers, and pesticides.
4. **Feed Production:** The production of feed crops, such as corn and soybeans, requires significant amounts of water, fertilizers, and pesticides, contributing to environmental degradation.

**The Impact of Climate Change on Livestock Farming:**

1. **Temperature and Weather Extremes:** Rising temperatures and changing weather patterns can lead to heat stress, droughts, and floods, affecting livestock health and productivity.
2. **Disease and Parasite Outbreaks:** Climate change can facilitate the spread of diseases and parasites among livestock.
3. **Feed and Water Scarcity:** Changes in precipitation patterns and increased temperatures can lead to feed and water shortages, impacting livestock production.
4. **Migration and Displacement:** Climate change can lead to the displacement of livestock due to changing weather patterns, affecting the livelihoods of farmers and herders.

**Sustainable Livestock Farming Practices:**

To mitigate the impact of livestock farming on climate change and adapt to the changing climate, sustainable livestock farming practices can be implemented:

1. **Regenerative Agriculture:** Practices like rotational grazing, cover cropping, and integrating crops and livestock can improve soil health, sequester carbon, and promote biodiversity.
2. **Efficient Feed Production:** Using efficient feed production systems, such as precision agriculture and integrated feed production, can reduce the environmental impact of feed crop production.
3. **Improved Animal Welfare:** Implementing better animal welfare practices, such as providing adequate shelter, nutrition, and health care, can reduce stress and disease in livestock.
4. **Climate-Smart Agriculture:** Implementing climate-resilient agricultural practices, such as agroforestry and conservation agriculture, can help farmers adapt to climate change.
5. **Reduced GHG Emissions:** Implementing practices like manure management, renewable energy, and reducing feed waste can reduce GHG emissions from livestock farming.
6. **Certification and Labeling:** Implementing certification and labeling schemes, such as ""sustainable"" or ""climate-friendly"" labels, can promote sustainable livestock farming practices and provide consumers with informed choices.

**Benefits of Sustainable Livestock Farming:**

1. **Improved Environmental Sustainability:** Sustainable livestock farming practices can reduce the environmental impact of the industry.
2. **Increased Productivity:** Improved animal welfare and efficient feed production can lead to increased productivity and profitability for farmers.
3. **Enhanced Resilience:** Climate-resilient agricultural practices can help farmers adapt to climate change and reduce the risk of crop and livestock losses.
4. **Better Animal Welfare:** Improved animal welfare practices can lead to better animal health and reduced stress.
5. **Increased Consumer Trust:** Certification and labeling schemes can promote transparency and trust among consumers, driving demand for sustainable livestock products.

In conclusion, sustainable livestock farming and climate change are interconnected issues that require a holistic approach to address the environmental, social, and economic impacts of the livestock industry. By implementing sustainable practices and adapting to climate change, the livestock industry can reduce its environmental footprint, improve animal welfare, and increase productivity and profitability for farmers.",,4.0,4.0,4.0,4268,0.0,13.79,0.0,"Sustainable livestock farming and climate change is a complex issue that involves the interaction between agricultural practices, livestock production, and the environment. Here is a neutral and objective explanation of the topic:

**Definition of Sustainable Livestock Farming:**

Sustainable livestock farming refers to the practice of raising livestock in a way that minimizes its impact on the environment, conserves natural resources, and promotes animal welfare. This approach involves adopting practices that are environmentally friendly, socially responsible, and economically viable.

**Impact of Livestock Farming on Climate Change:**

Livestock farming is a significant contributor to greenhouse gas emissions, which are a major driver of climate change. The main sources of emissions from livestock farming are:

1. **Methane (CH4) emissions:** Livestock, particularly ruminant animals such as cattle and sheep, produce methane as part of their digestive process. Methane is a potent greenhouse gas with a global warming potential 28 times higher than carbon dioxide over a 100-year time frame.
2. **Nitrous oxide (N2O) emissions:** Livestock farming can lead to the release of nitrous oxide, a potent greenhouse gas, through the use of synthetic fertilizers and manure management practices.
3. **Carbon dioxide (CO2) emissions:** Livestock farming can lead to deforestation and land-use changes, which result in the release of stored carbon into the atmosphere.

**Causal Mechanisms:**

The causal mechanisms linking livestock farming to climate change are:

1. **Greenhouse gas emissions:** The production of methane, nitrous oxide, and carbon dioxide by livestock contributes to the enhancement of the greenhouse effect, leading to global warming.
2. **Land-use changes:** The expansion of livestock farming can lead to deforestation, habitat destruction, and soil degradation, which can have long-term consequences for biodiversity and ecosystem services.
3. **Water pollution:** Intensive livestock farming can lead to water pollution through the release of nutrients, pathogens, and other pollutants from manure and fertilizers.

**Sustainable Livestock Farming Practices:**

To mitigate the impact of livestock farming on climate change, several sustainable practices can be adopted, including:

1. **Improved feed efficiency:** Using feed that is high in fiber and low in energy can reduce methane emissions.
2. **Manure management:** Implementing effective manure management practices can reduce the release of nitrous oxide and other pollutants.
3. **Rotational grazing:** Rotational grazing can help to maintain soil health, reduce erosion, and promote biodiversity.
4. **Reducing feed production emissions:** Implementing sustainable feed production practices, such as reducing synthetic fertilizer use, can help to minimize emissions from feed production.

**Conclusion:**

Sustainable livestock farming and climate change is a complex issue that requires a nuanced understanding of the causal mechanisms linking livestock farming to climate change. By adopting sustainable practices and reducing greenhouse gas emissions, livestock farmers can contribute to mitigating the impact of climate change.",0.0,0.0,0.0,4268,3224,-1044,18.728708672894722,18.792279909706547,0.06357123681182486
Sustainable Food Systems,0.8,0.8,0.8,0.6,0.8,0.8,0.8,0.8,0.8,0.8,0.6,good health and well-being,"""Sustainable Food Systems"" refers to a holistic approach to producing, processing, distributing, and consuming food in a way that minimizes harm to the environment, conserves natural resources, and promotes social and economic equity. The goal is to create a food system that is environmentally sustainable, socially just, and economically viable for the long-term.

Key principles of sustainable food systems include:

1. **Environmental Stewardship**: Minimizing the use of natural resources, reducing waste, and promoting biodiversity.
2. **Social Justice**: Ensuring fair labor conditions, equitable access to food, and support for local communities.
3. **Economic Viability**: Creating a food system that is financially sustainable and generates income for farmers, workers, and communities.
4. **Food Security**: Ensuring that everyone has access to nutritious, safe, and culturally acceptable food.

Characteristics of sustainable food systems include:

1. **Local and Regional Production**: Focusing on local and regional food production to reduce transportation emissions and support local economies.
2. **Agroecology**: Using farming practices that prioritize soil health, biodiversity, and ecosystem services.
3. **Organic and Regenerative Practices**: Avoiding synthetic fertilizers and pesticides, and promoting soil regeneration and carbon sequestration.
4. **Reduced Food Waste**: Minimizing food waste throughout the supply chain, from production to consumption.
5. **Support for Small-Scale Farmers**: Promoting the economic viability of small-scale farmers and supporting their access to markets and resources.
6. **Community Engagement**: Encouraging community involvement in food production, processing, and consumption.
7. **Education and Training**: Providing education and training for farmers, workers, and consumers on sustainable food practices.
8. **Policy and Regulatory Support**: Advocating for policies and regulations that support sustainable food systems.

Benefits of sustainable food systems include:

1. **Improved Environmental Health**: Reduced greenhouse gas emissions, soil degradation, and water pollution.
2. **Enhanced Food Security**: Increased access to nutritious and culturally acceptable food.
3. **Support for Local Economies**: Boosting local economic development and job creation.
4. **Improved Public Health**: Reduced incidence of diet-related diseases and improved nutrition.
5. **Increased Food Safety**: Reduced risk of foodborne illnesses and improved food quality.

Examples of sustainable food systems include:

1. **Community-Supported Agriculture (CSA)**: Programs that connect consumers directly with local farmers.
2. **Urban Agriculture**: Growing food in urban areas to reduce transportation emissions and increase access to fresh produce.
3. **Farmers' Markets**: Direct sales of fresh produce from local farmers to consumers.
4. **Cooperatives**: Member-owned businesses that promote fair trade and support local food systems.
5. **School Gardens**: Educational programs that teach children about sustainable food production and nutrition.

Overall, sustainable food systems aim to create a more equitable, environmentally conscious, and economically viable food system that benefits both people and the planet.",,4.0,4.0,4.0,3278,0.0,14.22,0.0,"A sustainable food system is a food production and distribution system that aims to meet the food needs of the present without compromising the ability of future generations to meet their own food needs. This concept is based on the principles of sustainability, which involve the interconnection of environmental, social, and economic factors.

Key characteristics of sustainable food systems include:

1. **Environmental sustainability**: Minimizing the environmental impact of food production, processing, and distribution, such as reducing greenhouse gas emissions, conserving water, and protecting biodiversity.
2. **Social sustainability**: Ensuring that food systems are equitable, just, and fair, with consideration for the well-being of farmers, workers, and consumers.
3. **Economic sustainability**: Providing economic benefits to farmers, workers, and communities, while also ensuring the long-term viability of the food system.

Sustainable food systems often involve:

1. **Local and regional food production**: Focusing on local and regional food production to reduce transportation-related emissions and support local economies.
2. **Organic and regenerative farming practices**: Using methods that promote soil health, biodiversity, and efficient water use, such as organic farming, permaculture, and agroecology.
3. **Reduced food waste**: Implementing strategies to reduce food waste throughout the supply chain, from production to consumption.
4. **Diversified and resilient food systems**: Promoting diversity in food crops, livestock, and production systems to reduce dependence on a single crop or system.
5. **Support for small-scale and family farmers**: Empowering small-scale and family farmers to maintain their livelihoods and contribute to local food systems.
6. **Consumer education and engagement**: Educating consumers about the importance of sustainable food systems and encouraging them to make informed choices.

The benefits of sustainable food systems include:

1. **Improved environmental health**: Reduced greenhouse gas emissions, water conservation, and protection of biodiversity.
2. **Enhanced social equity**: Fairer prices for farmers, better working conditions, and improved access to nutritious food for all.
3. **Economic benefits**: Increased economic benefits for farmers, workers, and communities, as well as reduced costs associated with environmental degradation.
4. **Improved public health**: Increased access to nutritious food, reduced foodborne illnesses, and improved overall health outcomes.

Overall, sustainable food systems aim to create a more equitable, environmentally conscious, and economically viable food production and distribution system that meets the needs of both present and future generations.",0.0,0.0,0.0,3278,2771,-507,19.09808608576274,19.367337041791473,0.2692509560287313
Global Maternal Health Equity,0.4,0.8,0.8,0.6,0.8,0.8,0.8,0.8,0.8,0.8,0.6,gender equality,"Global Maternal Health Equity refers to the disparities in access to quality maternal healthcare services, outcomes, and experiences across different countries, communities, and populations. It highlights the unequal distribution of resources, opportunities, and health outcomes for pregnant women, new mothers, and their families, particularly in low-income and marginalized settings.

Maternal health equity encompasses various aspects, including:

1. **Access to care**: Unequal access to antenatal care, delivery services, and postnatal care, particularly in rural or underserved areas.
2. **Quality of care**: Inadequate or substandard care, including lack of skilled birth attendants, inadequate equipment, and insufficient medical supplies.
3. **Health outcomes**: Disparities in maternal mortality rates, stillbirth rates, and other adverse outcomes, such as eclampsia, hemorrhage, and sepsis.
4. **Social determinants**: Inequities in education, economic status, and social status, which can affect a woman's ability to access and utilize healthcare services.
5. **Cultural and linguistic barriers**: Language and cultural differences that can hinder communication and understanding between healthcare providers and patients.
6. **Human rights**: Violations of women's human rights, including the right to life, dignity, and autonomy, particularly in situations where they are denied access to essential healthcare services.

The consequences of global maternal health inequity are severe:

1. **Maternal mortality**: An estimated 810 women die every day from preventable causes related to pregnancy and childbirth.
2. **Stillbirths**: Approximately 2 million stillbirths occur annually, with many of these deaths preventable.
3. **Disability and morbidity**: Many women experience long-term physical and emotional disabilities, including fistula, incontinence, and depression.
4. **Economic burden**: Maternal health inequities can have significant economic implications, including lost productivity, healthcare costs, and social welfare expenses.

To address global maternal health equity, various strategies are being implemented, including:

1. **Strengthening healthcare systems**: Improving access to quality healthcare services, including training and equipping healthcare providers.
2. **Community-based initiatives**: Engaging local communities, women's groups, and traditional birth attendants to promote maternal health and provide support.
3. **Advocacy and policy change**: Advocating for policy reforms, laws, and regulations that promote maternal health equity and human rights.
4. **Research and innovation**: Conducting research to identify effective solutions and developing innovative technologies and interventions to address maternal health inequities.
5. **Global partnerships**: Collaborating with governments, international organizations, and civil society to share best practices, resources, and expertise.

Ultimately, achieving global maternal health equity requires a comprehensive and sustained effort to address the complex social, economic, and health determinants that perpetuate these disparities.",,4.0,4.0,4.0,3139,0.6137529015541077,18.17,0.0,"Global Maternal Health Equity refers to the disparity in maternal health outcomes and access to healthcare services between different regions, countries, and populations worldwide. This concept is rooted in the understanding that maternal mortality and morbidity rates vary significantly across the globe, with certain groups facing disproportionately high risks and challenges in accessing quality healthcare.

According to the World Health Organization (WHO), maternal mortality is defined as the death of a woman while pregnant or within 42 days of termination of pregnancy, irrespective of the duration and site of the pregnancy, from any cause related to or aggravated by the pregnancy or its management but not from accidental or incidental causes. The WHO also reports that in 2017, an estimated 810 women died every day due to complications related to pregnancy and childbirth.

Global Maternal Health Equity is influenced by various factors, including:

1. **Socioeconomic status**: Women from low-income countries or communities often have limited access to healthcare services, education, and economic resources, making them more vulnerable to maternal health risks.
2. **Geographic location**: Women living in rural or remote areas may face barriers in accessing healthcare services due to lack of infrastructure, transportation, and communication.
3. **Cultural and social norms**: Certain cultural and social norms may restrict women's access to healthcare services, particularly in cases where they are not allowed to make decisions about their own health.
4. **Healthcare system capacity**: Weak healthcare systems, inadequate infrastructure, and insufficient trained healthcare providers can contribute to poor maternal health outcomes.
5. **Conflict and humanitarian crises**: Women living in areas affected by conflict or humanitarian crises often face increased risks to their health and well-being due to disrupted healthcare services and infrastructure.

To address Global Maternal Health Equity, various strategies and initiatives have been implemented, including:

1. **Improving access to healthcare services**: Expanding healthcare infrastructure, increasing the number of trained healthcare providers, and improving transportation and communication networks.
2. **Strengthening healthcare systems**: Enhancing the capacity of healthcare systems to provide quality care, including training healthcare providers and improving supply chain management.
3. **Promoting education and awareness**: Educating women and their families about maternal health risks and the importance of seeking healthcare services.
4. **Addressing socioeconomic and cultural barriers**: Implementing policies and programs to address socioeconomic and cultural barriers, such as providing economic support and promoting women's empowerment.
5. **Monitoring and evaluation**: Tracking maternal health outcomes and healthcare access to identify areas for improvement and monitor progress towards reducing disparities.

These efforts aim to reduce the disparities in maternal health outcomes and promote equitable access to healthcare services for all women, regardless of their geographic location, socioeconomic status, or cultural background.",0.6137529015541077,0.0,-0.6137529015541077,3139,3241,102,23.0984126984127,23.182594681708302,0.08418198329560056
Healthy Aging and Senescence,0.8,0.8,0.8,0.6,0.8,0.8,0.6,0.8,0.8,0.8,0.6,good health and well-being,"A fascinating topic! ""Healthy Aging and Senescence"" refers to the complex and multifaceted process of aging, focusing on the maintenance of physical and mental health, and the prevention or delay of age-related diseases and disabilities.

**What is Senescence?**

Senescence is the biological process of aging, characterized by a decline in physical and mental functions, and an increased risk of age-related diseases, such as cancer, cardiovascular disease, and neurodegenerative disorders. Senescence is a natural process that occurs in all living organisms, including humans, and is influenced by a combination of genetic, environmental, and lifestyle factors.

**Key Aspects of Healthy Aging and Senescence:**

1. **Cellular Senescence**: As cells divide and grow, they can become damaged or dysfunctional, leading to cellular senescence. This process is thought to contribute to the aging process and age-related diseases.
2. **Epigenetic Changes**: Epigenetic modifications, such as DNA methylation and histone acetylation, play a crucial role in regulating gene expression and cellular behavior. These changes can influence aging and age-related diseases.
3. **Inflammaging**: Chronic, low-grade inflammation is a hallmark of aging, contributing to the development of age-related diseases, such as cardiovascular disease and cancer.
4. **Telomere Shortening**: Telomeres, the protective caps on chromosomes, shorten with each cell division, leading to cellular aging and senescence.
5. **Mitochondrial Dysfunction**: Mitochondria, the energy-producing structures within cells, become less efficient with age, contributing to the development of age-related diseases.
6. **Hormonal Changes**: Hormonal fluctuations, such as the decline in estrogen and testosterone levels, can influence aging and age-related diseases.
7. **Lifestyle Factors**: Lifestyle choices, such as diet, exercise, and stress management, can significantly impact the aging process and age-related diseases.

**Strategies for Healthy Aging and Senescence:**

1. **Exercise and Physical Activity**: Regular exercise can help maintain physical function, reduce inflammation, and promote healthy aging.
2. **Nutrition and Diet**: A balanced diet rich in fruits, vegetables, and whole grains can support healthy aging and reduce the risk of age-related diseases.
3. **Stress Management**: Effective stress management techniques, such as meditation and yoga, can help mitigate the negative effects of stress on aging.
4. **Social Engagement**: Social connections and engagement can promote mental and physical health, and reduce the risk of age-related diseases.
5. **Sleep and Rest**: Adequate sleep and rest are essential for physical and mental rejuvenation.
6. **Cognitive Stimulation**: Engaging in mentally stimulating activities, such as reading and learning new skills, can promote cognitive health and reduce the risk of age-related cognitive decline.
7. **Preventive Healthcare**: Regular health check-ups, screenings, and preventive measures can help identify and manage age-related diseases early on.

**Conclusion:**

Healthy aging and senescence are complex and multifaceted processes that involve a combination of genetic, environmental, and lifestyle factors. By understanding the key aspects of senescence and implementing strategies for healthy aging, individuals can promote their physical and mental well-being, and reduce the risk of age-related diseases and disabilities.",,3.0,4.0,4.0,3465,0.8561851978302002,14.75,0.0,"Healthy aging and senescence refer to the biological processes that occur as organisms, particularly humans, age over time. Aging is a complex and multifaceted phenomenon that involves a series of cellular, molecular, and physiological changes.

**Definition of Aging:**

Aging is the gradual deterioration of an organism's physical and functional capabilities over time, resulting in a decline in its ability to maintain homeostasis, adapt to environmental changes, and respond to stressors.

**Senescence:**

Senescence is a specific aspect of aging characterized by the progressive decline in cellular and physiological functions, leading to a decrease in the organism's overall health and survival prospects. Senescent cells, which are cells that have reached the end of their lifespan, exhibit distinct morphological and biochemical changes, including increased DNA damage, telomere shortening, and altered gene expression.

**Mechanisms of Aging:**

Several mechanisms contribute to the aging process, including:

1. **Telomere shortening:** Telomeres, the protective caps on chromosomes, shorten with each cell division, leading to cellular aging and senescence.
2. **DNA damage and repair:** Accumulation of DNA damage and errors in DNA repair mechanisms contribute to the aging process.
3. **Epigenetic changes:** Alterations in gene expression and epigenetic marks, such as histone modifications and DNA methylation, influence aging and senescence.
4. **Mitochondrial dysfunction:** Mitochondrial damage and dysfunction contribute to the aging process, particularly in energy-producing cells.
5. **Inflammaging:** Chronic, low-grade inflammation, known as inflammaging, is a hallmark of aging and senescence.

**Healthy Aging:**

Healthy aging refers to the ability of an organism to maintain its physical and functional capabilities over time, despite the accumulation of cellular and physiological changes associated with aging. Factors that contribute to healthy aging include:

1. **Genetic predisposition:** Genetic factors that influence aging and senescence.
2. **Lifestyle factors:** Diet, exercise, and other lifestyle choices that impact aging and senescence.
3. **Environmental factors:** Exposure to environmental stressors, such as pollution and UV radiation, which can influence aging and senescence.
4. **Interventions:** Pharmacological and non-pharmacological interventions, such as caloric restriction and exercise, that aim to promote healthy aging.

**Relationship between Healthy Aging and Senescence:**

Healthy aging and senescence are interconnected processes. While senescence is a specific aspect of aging, healthy aging is the ability to maintain function and prevent or delay senescence. Factors that promote healthy aging can potentially delay or mitigate senescence, while interventions that target senescence can potentially promote healthy aging.

In summary, healthy aging and senescence are complex and multifaceted processes that involve cellular, molecular, and physiological changes. Understanding the mechanisms of aging and senescence can provide insights into the development of interventions that promote healthy aging and delay or mitigate senescence.",0.8561851978302002,0.6399695873260498,-0.2162156105041504,3465,3203,-262,20.200851063829788,20.679014443500424,0.4781633796706366
Sustainable Architecture in Public Housing,0.6,0.8,0.8,0.6,0.8,0.8,0.8,0.8,0.8,0.8,0.6,climate action,"Sustainable architecture in public housing refers to the design and construction of public housing projects that minimize their environmental impact, promote energy efficiency, and provide a healthy and comfortable living environment for residents. The goal is to create buildings and communities that are not only affordable and accessible but also environmentally responsible and socially sustainable.

Some key principles of sustainable architecture in public housing include:

1. **Energy Efficiency**: Designing buildings to use minimal energy for heating, cooling, and lighting, through the use of natural light, insulation, and efficient HVAC systems.
2. **Water Conservation**: Implementing water-saving measures, such as low-flow fixtures and greywater reuse systems.
3. **Renewable Energy**: Incorporating on-site renewable energy sources, such as solar or wind power, to reduce reliance on fossil fuels.
4. **Sustainable Materials**: Using locally sourced, recycled, and sustainably harvested materials in construction, to minimize waste and reduce the carbon footprint of the building.
5. **Indoor Air Quality**: Designing buildings to promote good indoor air quality, through the use of natural ventilation, air filtration systems, and non-toxic building materials.
6. **Community Engagement**: Involving residents and the broader community in the design and decision-making process, to ensure that the building meets their needs and reflects their values.
7. **Resilience and Adaptability**: Designing buildings to be resilient and adaptable to changing environmental conditions, such as extreme weather events or shifting population demographics.

Some innovative approaches to sustainable architecture in public housing include:

1. **Passive House Design**: Creating buildings that are so energy-efficient that they can be heated and cooled without the need for mechanical systems.
2. **Green Roofs**: Incorporating green roofs and walls to provide insulation, reduce stormwater runoff, and create habitats for local wildlife.
3. **Community Gardens**: Designing buildings to incorporate community gardens, which provide residents with access to fresh produce and opportunities for social interaction.
4. **Public Art and Design**: Incorporating public art and design elements into the building, to enhance the aesthetic appeal and community engagement of the project.
5. **Innovative Materials**: Using innovative materials, such as cross-laminated timber (CLT) or structural insulated panels (SIPs), to create buildings that are strong, durable, and sustainable.

Benefits of sustainable architecture in public housing include:

1. **Reduced Energy Costs**: Lower energy bills for residents, which can help to reduce poverty and improve quality of life.
2. **Improved Health**: Better indoor air quality and natural light can improve the physical and mental health of residents.
3. **Increased Community Engagement**: Sustainable design can foster a sense of community and social connection among residents.
4. **Environmental Benefits**: Reduced energy consumption and greenhouse gas emissions can help to mitigate climate change.
5. **Long-Term Cost Savings**: Sustainable design can reduce maintenance and repair costs over the long term, making public housing more affordable and sustainable.

Overall, sustainable architecture in public housing is essential for creating healthy, affordable, and environmentally responsible living environments for residents. By incorporating sustainable design principles and innovative approaches, public housing projects can provide a model for sustainable development and community engagement.",,4.0,4.0,3.0,3654,0.0,14.13,0.0,"Sustainable architecture in public housing refers to the design and construction of public housing projects that incorporate environmentally friendly and energy-efficient features to minimize their impact on the environment. This approach aims to balance the needs of residents with the need to protect the environment.

Key characteristics of sustainable architecture in public housing include:

1. **Energy efficiency**: Buildings are designed to minimize energy consumption through features such as insulation, double-glazed windows, and energy-efficient appliances.
2. **Renewable energy systems**: Buildings may incorporate solar panels, wind turbines, or other renewable energy systems to reduce reliance on fossil fuels.
3. **Water conservation**: Buildings are designed to conserve water through features such as low-flow showerheads, toilets, and greywater reuse systems.
4. **Sustainable materials**: Buildings are constructed using sustainable materials, such as recycled materials, low-VOC (volatile organic compound) paints, and sustainably sourced wood.
5. **Green spaces**: Buildings are designed to incorporate green spaces, such as rooftop gardens, community gardens, or green roofs, to provide residents with access to natural environments.
6. **Waste reduction**: Buildings are designed to minimize waste generation through features such as recycling facilities, composting programs, and waste reduction education programs.
7. **Resilience and adaptability**: Buildings are designed to be resilient and adaptable to changing environmental conditions, such as extreme weather events or climate change.

The benefits of sustainable architecture in public housing include:

1. **Reduced energy consumption**: Buildings consume less energy, reducing greenhouse gas emissions and operating costs.
2. **Improved indoor air quality**: Buildings are designed to minimize indoor air pollution, improving resident health and well-being.
3. **Increased resident satisfaction**: Residents report higher satisfaction with their living environment when it is designed with sustainability in mind.
4. **Cost savings**: Sustainable buildings can reduce maintenance and repair costs over time.
5. **Enhanced community engagement**: Sustainable buildings can foster community engagement and social connections among residents.

Challenges and limitations of sustainable architecture in public housing include:

1. **Higher upfront costs**: Sustainable buildings can be more expensive to design and construct.
2. **Limited access to funding**: Public housing projects may face funding constraints, making it difficult to implement sustainable design features.
3. **Regulatory barriers**: Existing building codes and regulations may not support sustainable design features.
4. **Resident education and engagement**: Residents may require education and engagement to adopt sustainable practices and behaviors.

Overall, sustainable architecture in public housing aims to create environmentally friendly, energy-efficient, and resilient living environments that balance the needs of residents with the need to protect the environment.",0.0,0.0,0.0,3654,3131,-523,20.232520325203254,19.500044782803403,-0.7324755423998504
Transitioning to a Low-Carbon Economy,0.8,0.8,0.8,0.6,0.8,0.8,0.8,0.8,0.8,0.8,0.6,climate action,"Transitioning to a low-carbon economy is a process of transforming the way we produce, consume, and live in a way that significantly reduces greenhouse gas emissions and mitigates climate change. This transition is essential to avoid the most catastrophic consequences of climate change and ensure a sustainable future for generations to come.

**Why Transition to a Low-Carbon Economy?**

The world is facing a climate crisis, with rising temperatures, more frequent natural disasters, and devastating impacts on ecosystems and human societies. The Intergovernmental Panel on Climate Change (IPCC) warns that we have only about a decade to take drastic action to limit global warming to 1.5°C above pre-industrial levels and avoid the most catastrophic consequences of climate change.

**Key Components of a Low-Carbon Economy**

A low-carbon economy is characterized by:

1. **Renewable Energy**: Transitioning from fossil fuels to renewable energy sources like solar, wind, hydro, and geothermal power.
2. **Energy Efficiency**: Improving the efficiency of energy use in buildings, transportation, and industry.
3. **Electrification**: Switching to electric vehicles and public transportation.
4. **Carbon Capture and Storage**: Implementing technologies to capture and store CO2 emissions from industrial sources.
5. **Sustainable Land Use**: Implementing practices like reforestation, afforestation, and sustainable agriculture to sequester carbon.
6. **Green Infrastructure**: Investing in green buildings, green roofs, and urban planning that promotes walkability, cycling, and public transportation.
7. **Circular Economy**: Designing products and systems that are restorative and regenerative by design, reducing waste and pollution.

**Benefits of a Low-Carbon Economy**

Transitioning to a low-carbon economy offers numerous benefits, including:

1. **Reduced greenhouse gas emissions**: Mitigating climate change and its devastating impacts.
2. **Improved air and water quality**: Reducing pollution and improving public health.
3. **Increased energy security**: Diversifying energy sources and reducing dependence on fossil fuels.
4. **Job creation and economic growth**: Investing in clean energy and green infrastructure creates new job opportunities and stimulates economic growth.
5. **Enhanced global competitiveness**: Countries that transition to a low-carbon economy will be more attractive to businesses, investors, and tourists.

**Challenges and Opportunities**

While transitioning to a low-carbon economy presents significant challenges, it also offers opportunities for innovation, job creation, and economic growth. Some of the key challenges include:

1. **High upfront costs**: Investing in new technologies and infrastructure can be expensive.
2. **Policy and regulatory frameworks**: Developing and implementing policies that support a low-carbon economy can be complex and contentious.
3. **Behavioral change**: Encouraging individuals and businesses to adopt new habits and practices can be difficult.
4. **Global cooperation**: Addressing climate change requires international cooperation and coordination.

**Pathways to a Low-Carbon Economy**

Several pathways can help transition to a low-carbon economy, including:

1. **Carbon pricing**: Implementing carbon taxes or cap-and-trade systems to provide a financial incentive for reducing emissions.
2. **Green finance**: Mobilizing private sector investment in clean energy and green infrastructure.
3. **Clean energy policies**: Implementing policies that support the development and deployment of clean energy technologies.
4. **Behavioral change**: Encouraging individuals and businesses to adopt sustainable practices and habits.
5. **Education and awareness**: Raising awareness about the importance of transitioning to a low-carbon economy and the benefits of doing so.

In conclusion, transitioning to a low-carbon economy is a critical step towards mitigating climate change and ensuring a sustainable future for generations to come. While there are challenges to overcome, the benefits of a low-carbon economy are numerous and compelling, making it an essential goal for governments, businesses, and individuals around the world.",,4.0,4.0,4.0,4225,0.6794087886810303,13.57,0.0,"Transitioning to a low-carbon economy refers to the process of shifting from a high-carbon economy to one that relies on low-carbon energy sources and minimizes greenhouse gas emissions. This transition is driven by the need to mitigate climate change and reduce the environmental impacts of economic activity.

**Definition:**

A low-carbon economy is an economic system that relies on low-carbon energy sources, such as renewable energy (solar, wind, hydro, geothermal), nuclear energy, and energy efficiency measures. It also involves the reduction of greenhouse gas emissions from industrial processes, transportation, and other sectors.

**Key drivers:**

1. **Climate change:** The increasing levels of greenhouse gas emissions in the atmosphere are causing global temperatures to rise, leading to more frequent and severe weather events, sea-level rise, and other climate-related impacts.
2. **Energy security:** The transition to a low-carbon economy is also driven by concerns about energy security, as fossil fuel reserves are finite and becoming increasingly difficult to access.
3. **Economic benefits:** A low-carbon economy can create new economic opportunities, jobs, and industries, particularly in the renewable energy sector.

**Transition mechanisms:**

1. **Renewable energy deployment:** Increasing the share of renewable energy in the energy mix through investments in solar, wind, and other low-carbon energy sources.
2. **Energy efficiency measures:** Improving energy efficiency in buildings, industry, and transportation through technologies and practices such as insulation, LED lighting, and electric vehicles.
3. **Carbon pricing:** Implementing carbon pricing mechanisms, such as carbon taxes or cap-and-trade systems, to provide a financial incentive for reducing greenhouse gas emissions.
4. **Research and development:** Investing in research and development to improve the efficiency and affordability of low-carbon technologies.
5. **Policy and regulation:** Implementing policies and regulations to support the transition to a low-carbon economy, such as setting renewable energy targets, promoting green finance, and providing incentives for low-carbon investments.

**Challenges and opportunities:**

1. **Technological and economic challenges:** The transition to a low-carbon economy requires significant investments in new technologies and infrastructure, which can be costly and challenging to implement.
2. **Job displacement:** The transition may lead to job displacement in industries that are heavily reliant on fossil fuels, but it can also create new job opportunities in the low-carbon sector.
3. **Global cooperation:** The transition to a low-carbon economy requires international cooperation and agreement on global climate policies and targets.

Overall, transitioning to a low-carbon economy is a complex and multifaceted process that requires a coordinated effort from governments, businesses, and individuals to reduce greenhouse gas emissions and mitigate climate change.",0.6794087886810303,0.6199672818183899,-0.05944150686264038,4225,3028,-1197,21.075784660153815,23.460847240051347,2.3850625798975322
Climate Risk Assessment and Adaptation in Urban Areas,0.8,0.8,0.8,0.6,0.8,0.6,0.8,0.8,0.8,0.8,0.6,climate action,"A very timely and important topic! Climate Risk Assessment and Adaptation in Urban Areas refers to the process of identifying, evaluating, and mitigating the potential impacts of climate change on urban areas. Here's a comprehensive overview:

**Why is it important?**

Urban areas are particularly vulnerable to climate-related risks due to their high population density, infrastructure, and economic activity. Climate change can lead to increased frequency and severity of extreme weather events, such as heatwaves, floods, and droughts, which can have devastating consequences for urban residents, infrastructure, and the economy.

**What is a Climate Risk Assessment?**

A Climate Risk Assessment is a systematic process to identify, evaluate, and prioritize the potential climate-related risks to an urban area. It involves:

1. **Risk identification**: Identifying potential climate-related hazards, such as sea-level rise, extreme weather events, and changes in temperature and precipitation patterns.
2. **Risk assessment**: Evaluating the likelihood and potential impact of each hazard on the urban area.
3. **Risk prioritization**: Prioritizing the risks based on their likelihood and potential impact.

**What are the key steps in a Climate Risk Assessment?**

1. **Data collection**: Gathering data on climate-related hazards, such as sea-level rise, extreme weather events, and changes in temperature and precipitation patterns.
2. **Risk analysis**: Analyzing the data to identify potential climate-related risks and their likelihood and potential impact.
3. **Stakeholder engagement**: Engaging with stakeholders, including residents, businesses, and government agencies, to understand their concerns and priorities.
4. **Risk prioritization**: Prioritizing the risks based on their likelihood and potential impact.
5. **Development of a risk management plan**: Developing a plan to mitigate or adapt to the identified risks.

**What are the key components of a Climate Risk Adaptation Plan?**

A Climate Risk Adaptation Plan typically includes:

1. **Risk management strategies**: Strategies to mitigate or adapt to the identified risks, such as sea walls, green infrastructure, or early warning systems.
2. **Infrastructure planning**: Planning for infrastructure upgrades or replacements to ensure they are climate-resilient.
3. **Emergency preparedness and response**: Developing emergency preparedness and response plans to address climate-related events.
4. **Community engagement and education**: Educating and engaging the community on climate-related risks and the importance of adaptation and mitigation measures.
5. **Funding and resource allocation**: Allocating funds and resources to implement the adaptation plan.

**Benefits of Climate Risk Assessment and Adaptation in Urban Areas**

1. **Reduced risk**: Reducing the risk of climate-related disasters and their impacts on urban residents and infrastructure.
2. **Improved resilience**: Improving the resilience of urban areas to climate-related hazards.
3. **Economic benefits**: Saving lives, reducing economic losses, and promoting economic growth.
4. **Enhanced community engagement**: Engaging the community in climate-related decision-making and planning.
5. **Compliance with regulations**: Complying with regulations and international agreements related to climate change.

In conclusion, Climate Risk Assessment and Adaptation in Urban Areas is a critical process to identify, evaluate, and mitigate the potential impacts of climate change on urban areas. By conducting a Climate Risk Assessment and developing a Climate Risk Adaptation Plan, urban areas can reduce their risk, improve their resilience, and promote economic growth.",,4.0,4.0,4.0,3723,0.9022051692008972,12.81,0.0,"Climate Risk Assessment and Adaptation in Urban Areas refers to the process of identifying, evaluating, and mitigating the potential impacts of climate-related hazards on urban infrastructure, ecosystems, and human populations.

**Definition:**

Climate Risk Assessment is a systematic approach to identifying and evaluating the potential risks associated with climate-related events, such as extreme weather events, sea-level rise, and changes in precipitation patterns. This process involves analyzing the likelihood and potential consequences of these events on urban areas.

**Components:**

1. **Risk Identification:** Identifying potential climate-related hazards, such as flooding, heatwaves, and droughts, that may affect urban areas.
2. **Risk Assessment:** Evaluating the likelihood and potential consequences of these hazards on urban infrastructure, ecosystems, and human populations.
3. **Vulnerability Assessment:** Identifying the vulnerabilities of urban areas to climate-related hazards, including social, economic, and environmental factors.
4. **Adaptation Planning:** Developing strategies to reduce the risks associated with climate-related hazards, such as implementing flood protection measures, improving urban planning, and enhancing emergency preparedness.

**Key Factors:**

1. **Climate Change Projections:** Understanding the projected changes in climate-related hazards, such as sea-level rise, extreme weather events, and changes in precipitation patterns.
2. **Urban Planning and Design:** Incorporating climate-resilient design principles into urban planning, such as green infrastructure, flood-resistant construction, and urban heat island mitigation.
3. **Infrastructure Resilience:** Ensuring that urban infrastructure, such as transportation systems, water supply, and energy grids, is resilient to climate-related hazards.
4. **Community Engagement:** Engaging with local communities to raise awareness about climate-related risks and involve them in adaptation planning and decision-making processes.

**Benefits:**

1. **Reduced Risk:** Climate Risk Assessment and Adaptation can reduce the risks associated with climate-related hazards, protecting human lives, infrastructure, and ecosystems.
2. **Improved Resilience:** Urban areas can become more resilient to climate-related hazards, reducing the economic and social impacts of these events.
3. **Informed Decision-Making:** Climate Risk Assessment and Adaptation provide decision-makers with accurate and reliable information to inform urban planning and policy decisions.

**Challenges:**

1. **Data and Information:** Access to reliable and accurate climate data and information can be a challenge, particularly in developing countries.
2. **Capacity Building:** Building capacity among urban planners, policymakers, and stakeholders to conduct climate risk assessments and adaptation planning can be a challenge.
3. **Funding and Resources:** Securing funding and resources to support climate risk assessment and adaptation planning can be a challenge, particularly in resource-constrained urban areas.",0.9022051692008972,0.0,-0.9022051692008972,3723,3101,-622,19.502091633466136,22.269841269841272,2.767749636375136
Disaster Mitigation Planning,0.8,0.8,0.8,0.6,0.8,0.8,0.6,0.8,0.8,0.8,0.6,climate action,"Disaster Mitigation Planning is a proactive approach to reducing the risk and impact of disasters on communities. It involves identifying potential hazards, assessing their risks, and developing strategies to prevent or minimize the effects of disasters. The goal of disaster mitigation planning is to save lives, protect property, and reduce the economic and social impacts of disasters.

**Key Components of Disaster Mitigation Planning:**

1. **Hazard Identification**: Identifying potential hazards such as floods, earthquakes, hurricanes, wildfires, and other natural or human-induced disasters.
2. **Risk Assessment**: Evaluating the likelihood and potential impact of each hazard on the community.
3. **Mitigation Strategies**: Developing plans to prevent or minimize the effects of disasters, such as:
	* Land-use planning to avoid high-risk areas.
	* Building codes and zoning regulations to ensure structures can withstand disasters.
	* Flood-control measures, such as levees or floodwalls.
	* Early warning systems for natural disasters.
	* Evacuation plans and emergency shelters.
4. **Community Engagement**: Involving local stakeholders, including residents, businesses, and emergency responders, in the planning process to ensure that the community is aware of the risks and is prepared to take action.
5. **Regular Review and Update**: Periodically reviewing and updating the mitigation plan to reflect changes in the community, new research, and emerging hazards.

**Benefits of Disaster Mitigation Planning:**

1. **Saves Lives**: By reducing the risk of disasters, mitigation planning can save lives and prevent injuries.
2. **Reduces Economic Losses**: Mitigation planning can help minimize the economic impact of disasters by protecting infrastructure, businesses, and property.
3. **Enhances Community Resilience**: By preparing for disasters, communities can build resilience and recover more quickly from disasters.
4. **Supports Emergency Response**: Mitigation planning can inform emergency response efforts, ensuring that responders are prepared to respond effectively to disasters.

**Examples of Disaster Mitigation Planning:**

1. **Flood-control measures**: Building levees or floodwalls to protect communities from flooding.
2. **Wildfire mitigation**: Creating firebreaks, conducting prescribed burns, and enforcing burn bans to reduce the risk of wildfires.
3. **Earthquake-resistant construction**: Building structures that can withstand earthquakes, such as reinforced buildings and bridges.
4. **Storm surge protection**: Building seawalls or dunes to protect coastal communities from storm surges.

In summary, disaster mitigation planning is a proactive approach to reducing the risk and impact of disasters on communities. By identifying hazards, assessing risks, and developing mitigation strategies, communities can save lives, reduce economic losses, and enhance their resilience to disasters.",,4.0,4.0,4.0,2936,0.0,12.39,0.0,"Disaster Mitigation Planning is a systematic approach to reducing the risk and impact of disasters on communities. It involves identifying potential hazards, assessing their likelihood and potential consequences, and developing strategies to mitigate or prevent them.

**Key Components:**

1. **Hazard Identification**: Identifying potential hazards, such as earthquakes, floods, hurricanes, or wildfires, that could affect the community.
2. **Risk Assessment**: Evaluating the likelihood and potential consequences of each hazard, including the potential for loss of life, property damage, and economic disruption.
3. **Vulnerability Assessment**: Identifying the vulnerabilities of the community, including infrastructure, population demographics, and economic factors.
4. **Mitigation Strategies**: Developing strategies to reduce the risk and impact of disasters, such as:
	* Land-use planning and zoning regulations
	* Building codes and construction standards
	* Flood-control measures, such as levees or floodwalls
	* Emergency preparedness and response plans
	* Public education and outreach programs
5. **Implementation and Maintenance**: Implementing and maintaining the mitigation strategies, including monitoring and updating the plan as needed.

**Goals and Objectives:**

The primary goal of Disaster Mitigation Planning is to reduce the risk and impact of disasters on communities. This is achieved by:

1. Reducing the likelihood of disasters occurring
2. Reducing the potential consequences of disasters
3. Protecting life, property, and the environment
4. Minimizing economic disruption and loss
5. Enhancing community resilience and preparedness

**Benefits:**

Disaster Mitigation Planning can provide numerous benefits to communities, including:

1. Reduced risk and impact of disasters
2. Protection of life, property, and the environment
3. Economic savings through reduced damage and loss
4. Enhanced community resilience and preparedness
5. Improved public health and safety

**Regulatory Framework:**

Disaster Mitigation Planning is often required by federal, state, or local regulations, such as the Robert T. Stafford Disaster Relief and Emergency Assistance Act (Stafford Act) in the United States. These regulations provide a framework for communities to develop and implement disaster mitigation plans.

Overall, Disaster Mitigation Planning is a proactive approach to reducing the risk and impact of disasters on communities. By identifying potential hazards, assessing vulnerabilities, and developing mitigation strategies, communities can reduce their risk and improve their resilience to disasters.",0.0,0.0,0.0,2936,2634,-302,19.50696907216495,21.170289855072465,1.6633207829075154
Advancements in Artificial Intelligence for Healthcare,0.8,0.8,0.8,0.6,0.8,0.8,0.6,0.8,0.8,0.8,0.6,good health and well-being,"Advancements in Artificial Intelligence (AI) for healthcare have revolutionized the way medical professionals diagnose, treat, and manage patient care. Here are some key developments and applications:

**Key Advancements:**

1. **Deep Learning**: A subset of machine learning, deep learning algorithms can analyze vast amounts of medical data, including images, text, and audio, to identify patterns and make predictions.
2. **Natural Language Processing (NLP)**: AI-powered NLP enables computers to understand and interpret human language, facilitating communication between patients, clinicians, and healthcare systems.
3. **Computer Vision**: AI-driven computer vision can analyze medical images, such as X-rays, CT scans, and MRIs, to detect abnormalities and diagnose conditions.
4. **Predictive Analytics**: AI-powered predictive analytics can forecast patient outcomes, identify high-risk patients, and optimize treatment plans.

**Applications:**

1. **Disease Diagnosis**: AI can analyze medical images, lab results, and patient data to diagnose conditions like cancer, cardiovascular disease, and neurological disorders.
2. **Personalized Medicine**: AI can help tailor treatment plans to individual patients based on their genetic profiles, medical histories, and lifestyle factors.
3. **Clinical Decision Support**: AI-powered systems can provide healthcare professionals with real-time, data-driven recommendations for diagnosis, treatment, and patient care.
4. **Patient Engagement**: AI-driven chatbots and virtual assistants can engage patients in their care, provide education, and support self-management of chronic conditions.
5. **Clinical Trials**: AI can optimize clinical trial design, patient recruitment, and data analysis, accelerating the development of new treatments and therapies.
6. **Telemedicine**: AI-powered telemedicine platforms can connect patients with healthcare professionals remotely, improving access to care and reducing healthcare costs.
7. **Medical Research**: AI can analyze vast amounts of medical data, identify patterns, and provide insights that can inform medical research and improve patient outcomes.

**Benefits:**

1. **Improved Accuracy**: AI can reduce diagnostic errors and improve treatment outcomes.
2. **Enhanced Patient Experience**: AI-powered systems can provide personalized care, improve patient engagement, and reduce wait times.
3. **Increased Efficiency**: AI can automate administrative tasks, streamline clinical workflows, and reduce healthcare costs.
4. **Accelerated Research**: AI can accelerate medical research, leading to new treatments and therapies.

**Challenges and Limitations:**

1. **Data Quality and Availability**: AI requires high-quality, relevant data to function effectively.
2. **Regulatory Frameworks**: Clear regulatory guidelines are needed to ensure the safe and effective use of AI in healthcare.
3. **Cybersecurity**: AI systems must be designed with robust cybersecurity measures to protect sensitive patient data.
4. **Transparency and Explainability**: AI decision-making processes must be transparent and explainable to build trust among healthcare professionals and patients.

**Future Directions:**

1. **Integration with Electronic Health Records (EHRs)**: AI will be integrated with EHRs to provide real-time, data-driven insights.
2. **Expansion into New Areas**: AI will be applied to new areas, such as mental health, palliative care, and public health.
3. **Advancements in Explainability**: AI will be designed to provide transparent and explainable decision-making processes.
4. **Increased Focus on Patient-Centered Care**: AI will be used to prioritize patient-centered care, improving patient outcomes and experiences.

The future of healthcare is increasingly intertwined with AI, and its applications will continue to transform the way we diagnose, treat, and manage patient care.",,4.0,4.0,4.0,3899,0.6258847713470459,14.49,0.0,"Advancements in Artificial Intelligence (AI) for healthcare refer to the development and application of AI technologies to improve healthcare outcomes, efficiency, and patient care. This field combines computer science, data analysis, and medical expertise to create AI systems that can analyze and interpret large amounts of medical data, identify patterns, and make predictions.

**Key Areas of Advancement:**

1. **Medical Imaging Analysis**: AI algorithms can analyze medical images such as X-rays, CT scans, and MRIs to detect abnormalities, diagnose diseases, and monitor treatment progress.
2. **Predictive Analytics**: AI systems can analyze patient data, medical histories, and treatment outcomes to predict patient outcomes, identify high-risk patients, and optimize treatment plans.
3. **Clinical Decision Support**: AI-powered systems can provide healthcare professionals with real-time, data-driven recommendations for diagnosis, treatment, and patient care.
4. **Personalized Medicine**: AI can help tailor treatment plans to individual patients based on their unique genetic profiles, medical histories, and lifestyle factors.
5. **Natural Language Processing**: AI-powered chatbots and virtual assistants can help patients communicate with healthcare providers, access medical information, and manage their care.

**Technologies and Methods:**

1. **Machine Learning**: AI algorithms can learn from large datasets and improve their performance over time.
2. **Deep Learning**: A subset of machine learning that uses neural networks to analyze complex data patterns.
3. **Natural Language Processing**: AI can analyze and understand human language to facilitate communication and information exchange.
4. **Computer Vision**: AI can analyze and interpret visual data from medical images and videos.

**Benefits and Challenges:**

1. **Improved Accuracy**: AI can reduce errors and improve diagnostic accuracy.
2. **Increased Efficiency**: AI can automate routine tasks, freeing up healthcare professionals to focus on high-value tasks.
3. **Enhanced Patient Experience**: AI can provide personalized care, improve patient engagement, and enhance patient outcomes.
4. **Data Security and Privacy**: AI systems require robust data security measures to protect sensitive patient information.
5. **Regulatory Frameworks**: AI in healthcare is subject to regulatory frameworks that ensure safety, efficacy, and compliance.

**Future Directions:**

1. **Integration with Electronic Health Records**: AI can integrate with EHRs to provide real-time, patient-specific insights.
2. **Development of Explainable AI**: AI systems can provide transparent and interpretable results to build trust and confidence.
3. **Expansion to Emerging Technologies**: AI can be applied to emerging technologies such as genomics, precision medicine, and wearable devices.

Overall, advancements in AI for healthcare have the potential to transform the way healthcare is delivered, improving patient outcomes, efficiency, and care. However, the development and implementation of AI in healthcare require careful consideration of technical, regulatory, and societal factors.",0.6258847713470459,0.0,-0.6258847713470459,3899,3161,-738,18.77864214992928,18.73263961813843,-0.04600253179085101
Disaster Risk Reduction Frameworks,0.6,0.8,0.8,0.6,0.8,0.8,0.4,0.8,0.8,0.8,0.6,climate action,"A Disaster Risk Reduction (DRR) Framework is a structured approach to identifying, assessing, and mitigating the risks associated with natural and human-induced disasters. The primary goal of a DRR framework is to reduce the likelihood and impact of disasters on communities, economies, and the environment. Here's an overview of the key components and principles of a DRR framework:

**Key Components:**

1. **Risk Assessment**: Identifying potential hazards, vulnerabilities, and risks associated with disasters.
2. **Risk Analysis**: Evaluating the likelihood and potential impact of disasters on communities and infrastructure.
3. **Risk Prioritization**: Identifying the most critical risks and allocating resources accordingly.
4. **Risk Reduction**: Implementing measures to reduce the likelihood and impact of disasters, such as early warning systems, emergency preparedness, and infrastructure resilience.
5. **Risk Transfer**: Transferring risks to other entities, such as insurance companies or government agencies.
6. **Risk Financing**: Allocating financial resources to support disaster risk reduction and management efforts.
7. **Monitoring and Review**: Continuously monitoring and reviewing the effectiveness of DRR efforts and updating the framework as needed.

**Principles:**

1. **Inclusivity**: Engaging all stakeholders, including communities, governments, and private sector entities, in the DRR process.
2. **Partnership**: Collaborating with multiple stakeholders to share resources, expertise, and responsibilities.
3. **Accountability**: Ensuring that all stakeholders are accountable for their roles and responsibilities in DRR.
4. **Transparency**: Providing clear and timely information on DRR efforts and progress.
5. **Community-based**: Focusing on community-led initiatives and empowering local communities to take ownership of DRR efforts.
6. **Integrated**: Integrating DRR efforts with other development initiatives, such as poverty reduction, economic development, and environmental conservation.
7. **Sustainable**: Ensuring that DRR efforts are sustainable and can be maintained over the long term.

**Types of DRR Frameworks:**

1. **National DRR Frameworks**: Developed by governments to guide national DRR efforts.
2. **Local DRR Frameworks**: Developed by local governments or communities to guide local DRR efforts.
3. **Sectoral DRR Frameworks**: Developed by specific sectors, such as agriculture, water, or infrastructure, to guide DRR efforts within those sectors.
4. **Hybrid DRR Frameworks**: Combining elements of multiple DRR frameworks to address specific needs and contexts.

**Benefits:**

1. **Reduced risk**: Decreasing the likelihood and impact of disasters.
2. **Improved preparedness**: Enhancing the ability of communities and governments to respond to disasters.
3. **Increased resilience**: Building the capacity of communities and infrastructure to withstand and recover from disasters.
4. **Economic benefits**: Reducing the economic costs associated with disasters.
5. **Social benefits**: Protecting human life and well-being.

In summary, a Disaster Risk Reduction Framework is a structured approach to identifying, assessing, and mitigating the risks associated with disasters. It involves a range of activities, including risk assessment, risk reduction, risk transfer, and risk financing, and is guided by principles such as inclusivity, partnership, accountability, transparency, community-based, integrated, and sustainable.",,4.0,4.0,4.0,3499,0.0,14.19,0.0,"A Disaster Risk Reduction (DRR) Framework is a structured approach to identifying, assessing, and mitigating potential disaster risks. It is a systematic and comprehensive methodology used to analyze and manage disaster risks, with the ultimate goal of reducing the impact of disasters on communities and the environment.

Key components of a DRR Framework typically include:

1. **Risk Assessment**: Identifying potential hazards, such as natural disasters (e.g., earthquakes, floods, landslides) or human-induced disasters (e.g., industrial accidents, nuclear meltdowns).
2. **Vulnerability Analysis**: Assessing the susceptibility of communities, infrastructure, and ecosystems to potential hazards.
3. **Risk Mapping**: Creating maps to visualize the distribution and likelihood of potential hazards, as well as the potential impact on communities and infrastructure.
4. **Risk Prioritization**: Identifying the most critical risks and allocating resources accordingly.
5. **Risk Mitigation and Prevention**: Implementing measures to reduce the likelihood and impact of potential hazards, such as building codes, emergency preparedness plans, and early warning systems.
6. **Emergency Preparedness and Response**: Developing plans and procedures for responding to disasters, including evacuation routes, emergency shelters, and communication protocols.
7. **Recovery and Reconstruction**: Developing strategies for rebuilding and recovering from disasters, including infrastructure repair, economic support, and social services.

DRR Frameworks often incorporate international guidelines and standards, such as:

* The United Nations' Sendai Framework for Disaster Risk Reduction (2015-2030)
* The International Strategy for Disaster Reduction (ISDR)
* The World Bank's Disaster Risk Management Framework

These frameworks are designed to be adaptable to local contexts and can be tailored to address specific disaster risks and vulnerabilities. By using a structured and systematic approach, DRR Frameworks aim to reduce the impact of disasters, promote sustainable development, and enhance community resilience.",0.0,0.0,0.0,3499,2117,-1382,21.133004926108377,22.452014652014654,1.3190097259062767
Green Building Materials and their Carbon Footprint,0.8,0.8,0.8,0.6,0.8,0.8,0.6,0.8,0.8,0.8,0.6,climate action,"**Green Building Materials and their Carbon Footprint**

The construction industry is one of the largest contributors to greenhouse gas emissions, accounting for around 39% of global carbon emissions. Green building materials, on the other hand, are designed to reduce the environmental impact of buildings while promoting sustainability. In this context, let's explore the concept of green building materials and their carbon footprint.

**What are Green Building Materials?**

Green building materials are products made from natural, recycled, or sustainably sourced materials that have a lower environmental impact compared to traditional building materials. These materials are designed to minimize waste, reduce energy consumption, and promote indoor air quality. Some examples of green building materials include:

1. **Reclaimed Wood**: Salvaged wood from old buildings, trees, or other sources.
2. **Bamboo**: A highly renewable and sustainable building material.
3. **Recycled Glass**: Crushed glass used as an aggregate in concrete or as a decorative material.
4. **Low-VOC Paints**: Paints with low volatile organic compounds (VOCs) that minimize indoor air pollution.
5. **Sustainable Insulation**: Materials like recycled denim or wool insulation that reduce energy consumption.
6. **Cork**: A natural, renewable, and fire-resistant building material.
7. **Straw Bales**: A sustainable, insulating material made from compressed straw.
8. **Recycled Metal**: Materials like aluminum or steel made from recycled sources.

**Carbon Footprint of Green Building Materials**

The carbon footprint of green building materials refers to the amount of greenhouse gas emissions associated with their production, transportation, and use. While green building materials are designed to reduce the environmental impact of buildings, their carbon footprint can vary depending on several factors, such as:

1. **Material sourcing**: The origin and transportation of materials can contribute to greenhouse gas emissions.
2. **Production processes**: The energy and resources required to manufacture green building materials can have a significant carbon footprint.
3. **End-of-life**: The recyclability and disposal of green building materials can also impact their overall carbon footprint.

**Examples of Green Building Materials and their Carbon Footprint:**

1. **Reclaimed Wood**: The carbon footprint of reclaimed wood is relatively low, as it reduces the demand for new wood and minimizes waste.
2. **Bamboo**: Bamboo has a lower carbon footprint compared to traditional building materials like wood or steel, as it requires less energy to produce and transport.
3. **Recycled Glass**: The production of recycled glass has a lower carbon footprint than traditional glass, as it reduces the need for raw materials and energy.
4. **Low-VOC Paints**: The carbon footprint of low-VOC paints is relatively low, as they minimize indoor air pollution and reduce the need for energy-intensive ventilation systems.

**Conclusion**

Green building materials offer a promising solution to reduce the environmental impact of buildings while promoting sustainability. While their carbon footprint can vary depending on several factors, these materials are designed to minimize waste, reduce energy consumption, and promote indoor air quality. By choosing green building materials, we can contribute to a more sustainable built environment and reduce the carbon footprint of our buildings.",,4.0,4.0,4.0,3479,0.0,11.42,0.0,"Green building materials are materials used in construction that are designed to minimize environmental impact and reduce the carbon footprint of a building. These materials are often made from sustainable sources, such as recycled materials, rapidly renewable resources, and materials that are locally sourced.

The carbon footprint of a building is the total amount of greenhouse gas emissions associated with its construction, operation, and maintenance. Green building materials can help reduce a building's carbon footprint in several ways:

1. **Reduced embodied energy**: Green building materials often require less energy to produce and transport, which reduces the amount of greenhouse gas emissions associated with their production.
2. **Increased recyclability**: Materials that are recyclable or reusable can reduce waste and the need for new raw materials, which can help reduce greenhouse gas emissions.
3. **Improved insulation and energy efficiency**: Green building materials can help reduce energy consumption by providing better insulation and reducing heat loss.
4. **Reduced water consumption**: Some green building materials, such as low-flow fixtures and greywater systems, can help reduce water consumption.

Examples of green building materials include:

1. **Recycled glass**: Made from recycled glass bottles and containers, this material can be used as aggregate in concrete or as a decorative finish.
2. **Bamboo**: A rapidly renewable resource, bamboo is a sustainable alternative to traditional wood products.
3. **Low-VOC paints**: Paints that emit low levels of volatile organic compounds (VOCs) can improve indoor air quality and reduce health risks.
4. **Sustainably sourced wood**: Wood products certified by organizations such as the Forest Stewardship Council (FSC) are harvested from responsibly managed forests.
5. **Composites**: Materials made from a combination of natural and synthetic materials, such as recycled plastic and wood fibers, can provide improved durability and sustainability.

The benefits of using green building materials include:

1. **Reduced greenhouse gas emissions**: By reducing the amount of energy required to produce and transport materials, green building materials can help reduce greenhouse gas emissions.
2. **Improved indoor air quality**: Green building materials can reduce the amount of pollutants and VOCs in a building, improving indoor air quality.
3. **Increased durability**: Green building materials can be designed to last longer, reducing the need for frequent replacements and waste.
4. **Cost savings**: Green building materials can be more cost-effective in the long run, as they can reduce energy consumption and maintenance costs.

However, there are also challenges associated with green building materials, including:

1. **Higher upfront costs**: Green building materials can be more expensive than traditional materials.
2. **Limited availability**: Green building materials may not be widely available or may require special ordering.
3. **Performance uncertainty**: The performance of green building materials can be uncertain, particularly in extreme weather conditions.

Overall, green building materials can play an important role in reducing the carbon footprint of buildings, but their use requires careful consideration of their environmental impact, cost, and performance.",0.0,0.0,0.0,3479,3376,-103,16.965264387963778,18.70168776371308,1.7364233757493004
Carbon Capture and Utilization,0.6,0.8,0.8,0.6,0.8,0.8,0.6,0.8,0.8,0.8,0.6,climate action,"Carbon Capture and Utilization (CCU) is a technology that captures carbon dioxide (CO2) from various sources, such as power plants, industrial processes, or even directly from the air, and converts it into valuable chemicals, materials, or fuels. This approach is an alternative to traditional carbon capture and storage (CCS), which involves capturing CO2 and storing it underground.

The CCU process involves several steps:

1. **Carbon capture**: CO2 is captured from various sources, such as:
	* Power plants: CO2 is captured from the flue gas of fossil fuel-based power plants.
	* Industrial processes: CO2 is captured from industrial processes, such as cement production, steel manufacturing, or chemical processing.
	* Direct air capture: CO2 is captured directly from the air using technologies that can extract CO2 from the atmosphere.
2. **Purification**: The captured CO2 is purified to remove impurities and contaminants.
3. **Conversion**: The purified CO2 is converted into various products, such as:
	* Chemicals: CO2 is converted into chemicals like methanol, ethanol, or formic acid.
	* Materials: CO2 is converted into materials like carbonates, carbamates, or carbon fibers.
	* Fuels: CO2 is converted into fuels like biofuels, synthetic fuels, or hydrogen.
4. **Utilization**: The converted products are used as feedstocks for various industries, such as:
	* Chemicals: CO2-derived chemicals are used in the production of plastics, adhesives, or pharmaceuticals.
	* Materials: CO2-derived materials are used in construction, automotive, or aerospace industries.
	* Fuels: CO2-derived fuels are used as alternatives to fossil fuels in transportation, power generation, or industrial processes.

The benefits of CCU include:

1. **Reduced greenhouse gas emissions**: CCU can help reduce CO2 emissions from various sources, contributing to climate change mitigation.
2. **Valuable product creation**: CCU can create valuable products from a waste gas, reducing waste and generating revenue.
3. **Diversified energy sources**: CCU can provide a new source of energy, reducing dependence on fossil fuels.
4. **Economic benefits**: CCU can create new industries, jobs, and economic opportunities.

However, CCU also faces challenges, such as:

1. **High energy costs**: CCU requires significant energy inputs, which can increase costs.
2. **Scalability**: CCU technologies need to be scaled up to meet industrial demands.
3. **Cost competitiveness**: CCU products must be cost-competitive with traditional products.
4. **Public acceptance**: CCU technologies may face public acceptance and regulatory hurdles.

Overall, Carbon Capture and Utilization is a promising technology that can help reduce greenhouse gas emissions, create valuable products, and promote a more circular economy.",,4.0,4.0,4.0,2800,0.0,13.37,0.0,"Carbon Capture and Utilization (CCU) refers to a process that captures carbon dioxide (CO2) from various sources, such as industrial emissions, power plant flue gas, or directly from the atmosphere, and converts it into valuable chemicals, materials, or fuels.

**Definition:**

CCU is a subset of Carbon Capture, Utilization and Storage (CCUS), which encompasses the entire process of capturing CO2, utilizing it, and storing the remaining CO2 in geological formations.

**Process:**

The CCU process typically involves the following steps:

1. **Carbon capture:** CO2 is captured from various sources using technologies such as post-combustion capture, pre-combustion capture, or direct air capture.
2. **Purification:** The captured CO2 is purified to remove impurities and contaminants.
3. **Conversion:** The purified CO2 is converted into a desired product through chemical reactions, such as:
	* Synthesis of chemicals (e.g., formic acid, methanol, or urea)
	* Production of materials (e.g., concrete, cement, or building insulation)
	* Generation of fuels (e.g., biofuels or synthetic natural gas)
4. **Product separation and purification:** The resulting product is separated and purified to meet market specifications.

**Benefits:**

CCU offers several benefits, including:

1. **Reduced greenhouse gas emissions:** By capturing CO2 from industrial sources, CCU can help mitigate climate change.
2. **Increased energy efficiency:** CCU can utilize waste CO2, reducing the need for energy-intensive CO2 capture and storage.
3. **Economic benefits:** CCU can create new revenue streams and job opportunities through the production of valuable chemicals and materials.

**Challenges and limitations:**

While CCU has the potential to contribute to a low-carbon economy, it also faces challenges and limitations, including:

1. **High costs:** CCU technologies are still in the development stage, and costs are currently higher than traditional methods.
2. **Scalability:** CCU must be scaled up to achieve significant emissions reductions and economic benefits.
3. **Technological advancements:** Further research and development are needed to improve CCU efficiency, selectivity, and cost competitiveness.

**Conclusion:**

Carbon Capture and Utilization is a promising technology that can help reduce greenhouse gas emissions and create new economic opportunities. While challenges and limitations exist, ongoing research and development efforts aim to improve CCU efficiency, scalability, and cost competitiveness, making it a valuable tool in the transition to a low-carbon economy.",0.0,0.0,0.0,2800,2594,-206,17.87216538789429,19.60704225352113,1.7348768656268376
Electric Vehicle Industry Analysis,0.8,0.8,0.8,0.6,0.8,0.8,0.6,0.8,0.8,0.8,0.6,climate action,"An Electric Vehicle (EV) Industry Analysis is a comprehensive study of the electric vehicle market, including its current state, trends, challenges, and future prospects. Here's a breakdown of the key aspects of an EV industry analysis:

**Market Overview**

* Size and growth rate of the EV market
* Market share of different EV types (BEV, PHEV, FCEV, etc.)
* Regional market trends (e.g., North America, Europe, Asia-Pacific, etc.)

**Key Players**

* Top EV manufacturers (e.g., Tesla, BYD, Nissan, Volkswagen, etc.)
* Market share and sales data for each manufacturer
* Analysis of their strategies, strengths, and weaknesses

**Market Trends**

* Increasing demand for EVs driven by government policies, consumer awareness, and technological advancements
* Shift towards battery-electric vehicles (BEVs) and away from plug-in hybrid electric vehicles (PHEVs)
* Growing adoption of EVs in various segments, such as passenger cars, commercial vehicles, and two-wheelers

**Challenges and Opportunities**

* High upfront costs and limited charging infrastructure
* Competition from traditional internal combustion engine vehicles
* Opportunities for growth in emerging markets and segments (e.g., commercial vehicles, two-wheelers)

**Technological Advancements**

* Improvements in battery technology (e.g., lithium-ion, solid-state batteries)
* Advancements in charging infrastructure (e.g., fast charging, wireless charging)
* Development of new EV models and features (e.g., autonomous driving, advanced driver-assistance systems)

**Regulatory Environment**

* Government policies and incentives supporting EV adoption (e.g., tax credits, subsidies)
* Emissions regulations and standards (e.g., CO2, NOx, particulate matter)
* Impact of trade policies and tariffs on the EV industry

**Competitive Landscape**

* Analysis of the competitive landscape, including market share, sales data, and strategies of key players
* Identification of potential disruptors and new entrants in the market

**Future Outlook**

* Projections for EV market growth and adoption
* Analysis of the potential impact of emerging technologies (e.g., autonomous driving, 5G connectivity)
* Identification of potential risks and challenges for the industry

**SWOT Analysis**

* Strengths: e.g., growing demand, improving technology, and increasing government support
* Weaknesses: e.g., high upfront costs, limited charging infrastructure, and competition from traditional vehicles
* Opportunities: e.g., growth in emerging markets, new segments, and technologies
* Threats: e.g., competition from traditional vehicles, regulatory changes, and economic downturns

An Electric Vehicle Industry Analysis provides a comprehensive understanding of the market, its players, trends, and challenges. It helps stakeholders, such as investors, manufacturers, and policymakers, make informed decisions about the future of the industry.",,3.0,4.0,4.0,2908,0.0,14.61,0.0,"Electric Vehicle (EV) Industry Analysis refers to the examination and evaluation of the electric vehicle market, its components, and its trends. This analysis involves the collection and interpretation of data to understand the current state and future prospects of the EV industry.

**Key Components of EV Industry Analysis:**

1. **Market Size and Growth**: Estimation of the current and projected number of electric vehicles sold, as well as the revenue generated by the industry.
2. **Competitor Analysis**: Examination of the market share, strategies, and offerings of major electric vehicle manufacturers, such as Tesla, Volkswagen, and Nissan.
3. **Technology and Innovation**: Analysis of advancements in electric vehicle technology, including battery life, charging infrastructure, and autonomous driving capabilities.
4. **Regulatory Environment**: Review of government policies, incentives, and regulations that impact the electric vehicle market, such as tax credits, emissions standards, and charging infrastructure investments.
5. **Consumer Behavior and Preferences**: Study of consumer attitudes, purchasing habits, and demographics that influence electric vehicle adoption.
6. **Supply Chain and Manufacturing**: Examination of the global supply chain, including the sourcing of raw materials, manufacturing processes, and logistics.
7. **Charging Infrastructure**: Analysis of the development and deployment of public and private charging stations, including their location, capacity, and usage patterns.

**Methodologies Used in EV Industry Analysis:**

1. **Market Research Reports**: Compilation of data from various sources, including industry associations, government agencies, and market research firms.
2. **Surveys and Polls**: Collection of data from consumers, manufacturers, and other stakeholders through online and offline surveys.
3. **Data Analytics**: Application of statistical models and data visualization techniques to identify trends and patterns in the data.
4. **Case Studies**: In-depth examination of specific electric vehicle manufacturers, models, or markets to identify best practices and areas for improvement.

**Purpose of EV Industry Analysis:**

1. **Investment and Funding**: To inform investment decisions and funding allocations for electric vehicle manufacturers, suppliers, and charging infrastructure developers.
2. **Strategic Planning**: To guide business strategy and product development for electric vehicle manufacturers and related companies.
3. **Policy Development**: To inform government policies and regulations that support the growth of the electric vehicle market.
4. **Market Intelligence**: To provide insights and trends for industry stakeholders, including manufacturers, suppliers, and investors.

By analyzing the electric vehicle industry, stakeholders can gain a deeper understanding of the market's dynamics, identify opportunities and challenges, and make informed decisions to drive growth and innovation.",0.0,0.0,0.0,2908,2986,78,20.929306873741734,21.68498168498169,0.7556748112399561
Affective Neuroscience and Mental Health,0.8,0.8,0.8,0.6,0.8,0.8,0.8,0.8,0.8,0.8,0.6,good health and well-being,"Affective neuroscience and mental health is a multidisciplinary field that combines insights from neuroscience, psychology, and psychiatry to understand the neural mechanisms underlying emotional experiences and their impact on mental health. Here's a comprehensive overview:

**What is Affective Neuroscience?**

Affective neuroscience is a branch of neuroscience that focuses on the study of emotions, emotional regulation, and their neural correlates. It seeks to understand how emotions are processed and represented in the brain, and how these processes contribute to mental health and well-being.

**Key Concepts:**

1. **Emotional Processing:** Affective neuroscience investigates how the brain processes emotional information, including the detection, evaluation, and regulation of emotional stimuli.
2. **Emotional Regulation:** This refers to the ability to modulate emotional responses, including the ability to calm down, focus, or shift emotional states.
3. **Neural Circuits:** Affective neuroscience identifies the neural circuits and networks involved in emotional processing, including the amygdala, prefrontal cortex, and other brain regions.
4. **Emotional Experience:** This encompasses the subjective experience of emotions, including feelings, moods, and emotional states.

**Relationship to Mental Health:**

Affective neuroscience has significant implications for mental health, as emotional dysregulation is a core feature of many psychiatric disorders, including:

1. **Anxiety Disorders:** Excessive worry, fear, or anxiety can be linked to altered neural circuits and emotional regulation.
2. **Depression:** Emotional dysregulation, including anhedonia (loss of pleasure) and emotional numbing, are hallmarks of depressive disorders.
3. **Bipolar Disorder:** Emotional instability, including manic and depressive episodes, is a defining feature of bipolar disorder.
4. **Post-Traumatic Stress Disorder (PTSD):** Emotional regulation difficulties, including flashbacks and avoidance behaviors, are characteristic of PTSD.

**Therapeutic Implications:**

Affective neuroscience has led to the development of novel therapeutic approaches, including:

1. **Emotional Regulation Training:** Techniques to improve emotional regulation, such as mindfulness, cognitive-behavioral therapy (CBT), and emotional awareness training.
2. **Neurofeedback:** A type of biofeedback that helps individuals learn to control their brain activity, particularly in regions involved in emotional regulation.
3. **Neurostimulation:** Techniques like transcranial magnetic stimulation (TMS) and transcranial direct current stimulation (tDCS) can modulate neural activity and improve emotional regulation.

**Future Directions:**

Affective neuroscience and mental health continue to evolve, with ongoing research in:

1. **Personalized Medicine:** Developing tailored treatments based on individual differences in emotional processing and regulation.
2. **Neuroplasticity:** Investigating the brain's ability to reorganize and adapt in response to emotional experiences and therapeutic interventions.
3. **Emotional Intelligence:** Exploring the relationship between emotional intelligence and mental health outcomes.

In summary, affective neuroscience and mental health is a rapidly evolving field that seeks to understand the neural mechanisms underlying emotional experiences and their impact on mental health. By integrating insights from neuroscience, psychology, and psychiatry, researchers and clinicians can develop more effective treatments and interventions for emotional dysregulation and mental health disorders.",,4.0,4.0,3.0,3629,0.0,15.77,0.0,"Affective neuroscience is a subfield of neuroscience that focuses on the study of the neural mechanisms underlying emotional processing and regulation. It is an interdisciplinary field that combines insights from neuroscience, psychology, and psychiatry to understand the complex relationships between emotions, brain function, and behavior.

Mental health is a state of well-being characterized by the ability to cope with stress, maintain positive relationships, and engage in productive activities. Mental health disorders, such as depression, anxiety, and mood disorders, are conditions that impair an individual's ability to function and maintain a healthy emotional state.

The relationship between affective neuroscience and mental health is rooted in the understanding that emotions are a fundamental aspect of human experience. Emotions are complex psychological and physiological states that are triggered by internal or external stimuli, and are characterized by distinct patterns of brain activity.

Research in affective neuroscience has identified several key brain regions and systems that are involved in emotional processing, including:

1. The amygdala: a structure in the temporal lobe that is responsible for detecting and processing threats and emotional stimuli.
2. The prefrontal cortex: a region in the frontal lobe that is involved in executive function, decision-making, and emotional regulation.
3. The anterior cingulate cortex: a region in the medial prefrontal cortex that is involved in error detection, conflict monitoring, and emotional processing.

Dysfunction in these brain regions and systems has been implicated in various mental health disorders, including depression, anxiety, and post-traumatic stress disorder (PTSD). For example, studies have shown that individuals with depression exhibit altered activity in the amygdala and prefrontal cortex, leading to impaired emotional regulation and increased risk of relapse.

Affective neuroscience has also led to the development of novel therapeutic approaches for mental health disorders, including:

1. Neurofeedback training: a type of biofeedback that involves training individuals to control their brain activity in real-time.
2. Mindfulness-based interventions: programs that teach individuals to cultivate mindfulness and self-awareness to reduce stress and improve emotional regulation.
3. Pharmacological interventions: medications that target specific neurotransmitter systems involved in emotional processing, such as serotonin and dopamine.

Overall, the field of affective neuroscience has provided a deeper understanding of the neural mechanisms underlying emotional processing and regulation, and has led to the development of novel therapeutic approaches for mental health disorders.",0.0,0.0,0.0,3629,2787,-842,24.279416112342943,22.968191721132897,-1.3112243912100467
Bio-inspired Climate Solutions,0.6,0.8,0.8,0.6,0.8,0.8,0.6,0.8,0.8,0.8,0.6,climate action,"""Bio-inspired Climate Solutions"" refers to the application of principles and mechanisms found in nature, particularly in living organisms, to develop innovative solutions for mitigating and adapting to climate change. This approach draws inspiration from the natural world to create sustainable, efficient, and effective climate solutions.

Here are some examples of bio-inspired climate solutions:

1. **Carbon Capture and Utilization (CCU)**: Inspired by the way plants absorb CO2 through photosynthesis, researchers are developing microorganisms that can convert CO2 into valuable chemicals and fuels.
2. **Algae-based Carbon Sequestration**: Algae can absorb CO2 from the atmosphere and convert it into biomass, which can be used as a carbon sink or converted into biofuels.
3. **Bio-inspired Building Materials**: Researchers are developing building materials that mimic the properties of natural materials, such as self-healing concrete inspired by the way some plants repair damaged tissues.
4. **Climate-Resilient Agriculture**: By studying the adaptations of plants and animals to extreme weather conditions, scientists are developing climate-resilient crop and animal varieties that can thrive in a changing climate.
5. **Bio-inspired Water Management**: Inspired by the way some plants and animals conserve water, researchers are developing innovative water management systems that can reduce water waste and improve water efficiency.
6. **Microbial Fuel Cells**: Inspired by the way some microorganisms generate electricity, researchers are developing microbial fuel cells that can convert organic matter into electricity, providing a sustainable and renewable energy source.
7. **Bio-inspired Urban Planning**: By studying the way some natural systems, such as forests and wetlands, manage water and mitigate extreme weather events, researchers are developing urban planning strategies that can create more resilient and sustainable cities.
8. **Phycoremediation**: Inspired by the way some plants can clean pollutants from the air and water, researchers are developing phycoremediation systems that use algae and other microorganisms to clean pollutants from contaminated sites.
9. **Bio-inspired Materials for Energy Storage**: Researchers are developing materials inspired by the properties of natural materials, such as supercapacitors inspired by the way some plants store energy in their leaves.
10. **Climate-Resilient Infrastructure**: By studying the way some natural systems, such as coral reefs and mangroves, can withstand extreme weather events, researchers are developing climate-resilient infrastructure that can withstand the impacts of climate change.

These bio-inspired climate solutions have the potential to provide innovative and effective solutions for mitigating and adapting to climate change, while also promoting sustainable development and environmental stewardship.",,4.0,4.0,4.0,2907,0.0,17.14,0.0,"Bio-inspired climate solutions refer to the application of principles and mechanisms found in nature to develop innovative solutions for mitigating and adapting to climate change. This approach involves studying the natural world, identifying effective strategies employed by living organisms, and adapting them to address human-induced climate-related challenges.

Examples of bio-inspired climate solutions include:

1. **Biomimetic materials**: Researchers have developed materials that mimic the properties of natural substances, such as the self-cleaning properties of lotus leaves or the strength of spider silk. These materials can be used to create more efficient solar panels, water purification systems, or building insulation.
2. **Phytoplankton-inspired carbon capture**: Phytoplankton, tiny marine plants, absorb CO2 from the atmosphere through photosynthesis. Scientists are exploring ways to replicate this process using bio-inspired technologies, such as artificial photosynthetic systems or bio-based carbon capture methods.
3. **Desert plant-inspired water harvesting**: Some desert plants have evolved to collect and store water efficiently. Researchers are developing technologies that mimic these plants' water-harvesting strategies, such as using fog-collecting materials or designing buildings with integrated water collection systems.
4. **Butterfly-inspired wind energy**: The wing structure of butterflies has inspired the development of more efficient wind turbine blades. These blades can capture more wind energy and reduce the visual impact of wind farms.
5. **Termite mound-inspired climate-resilient architecture**: The intricate ventilation systems of termite mounds have inspired the design of more efficient and climate-resilient buildings. These structures can regulate temperature and humidity, reducing the need for air conditioning and heating.

The development of bio-inspired climate solutions is driven by the recognition that nature has evolved effective strategies for adapting to environmental challenges over millions of years. By studying and emulating these natural processes, scientists and engineers aim to create innovative, sustainable, and effective solutions for mitigating and adapting to climate change.",0.0,0.0,0.0,2907,2259,-648,23.442311886586698,20.88361581920904,-2.5586960673776566
Green Economic Development,0.8,0.8,0.8,0.6,0.8,0.8,0.6,0.8,0.8,0.8,0.6,climate action,"Green economic development refers to the practice of promoting economic growth and development in a way that is environmentally sustainable and socially responsible. It involves creating economic opportunities and jobs while minimizing harm to the environment and promoting the use of renewable resources.

The core principles of green economic development include:

1. **Environmental sustainability**: Green economic development prioritizes the protection of natural resources, conservation of biodiversity, and reduction of pollution.
2. **Social responsibility**: It promotes fair labor practices, social justice, and community engagement.
3. **Innovation and technology**: Green economic development encourages the use of clean technologies, renewable energy, and sustainable practices to reduce environmental impact.
4. **Local economic development**: It focuses on developing local economies, creating jobs, and promoting entrepreneurship in a way that is environmentally sustainable.

Some key features of green economic development include:

1. **Renewable energy**: Investing in solar, wind, and other forms of renewable energy to reduce dependence on fossil fuels.
2. **Sustainable agriculture**: Promoting sustainable farming practices, reducing water and fertilizer use, and increasing crop yields.
3. **Green infrastructure**: Investing in green buildings, green transportation, and other infrastructure that reduces environmental impact.
4. **Waste reduction and recycling**: Implementing waste reduction and recycling programs to minimize waste and pollution.
5. **Eco-tourism**: Developing tourism that promotes environmental conservation and cultural heritage.
6. **Green entrepreneurship**: Encouraging entrepreneurship in green industries, such as clean tech, sustainable agriculture, and eco-friendly manufacturing.

Benefits of green economic development include:

1. **Job creation**: Green economic development can create new job opportunities in industries related to sustainability.
2. **Increased competitiveness**: Companies that adopt green practices can gain a competitive edge in the market.
3. **Improved public health**: Green economic development can reduce air and water pollution, improving public health.
4. **Enhanced environmental protection**: Green economic development can help protect natural resources and biodiversity.
5. **Increased economic resilience**: Green economic development can reduce dependence on non-renewable resources and promote economic resilience.

Examples of green economic development initiatives include:

1. **Green banks**: Specialized banks that provide financing for green projects and businesses.
2. **Green bonds**: Bonds that finance green projects and businesses.
3. **Sustainable agriculture programs**: Programs that promote sustainable farming practices and reduce environmental impact.
4. **Green infrastructure projects**: Projects that invest in green buildings, green transportation, and other infrastructure.
5. **Eco-tourism initiatives**: Initiatives that promote environmental conservation and cultural heritage through tourism.

Overall, green economic development is a holistic approach to economic growth that prioritizes environmental sustainability, social responsibility, and innovation.",,4.0,4.0,3.0,3279,0.0,12.8,0.0,"Green economic development refers to the process of economic growth and development that is guided by environmental sustainability and social responsibility. It involves the integration of environmental considerations into economic decision-making, with the goal of achieving economic development while minimizing harm to the environment and promoting social well-being.

Key characteristics of green economic development include:

1. **Environmental sustainability**: Green economic development prioritizes the conservation and protection of natural resources, such as air, water, and land, and seeks to minimize environmental degradation and pollution.
2. **Social responsibility**: Green economic development emphasizes the importance of social equity and justice, and seeks to promote the well-being of all members of society, particularly vulnerable populations.
3. **Innovation and technology**: Green economic development encourages the development and adoption of new technologies and practices that reduce environmental impacts and promote sustainable development.
4. **Economic efficiency**: Green economic development seeks to optimize economic outcomes while minimizing environmental costs and promoting social benefits.

Green economic development can be achieved through various strategies, including:

1. **Renewable energy**: Transitioning to renewable energy sources, such as solar and wind power, to reduce dependence on fossil fuels and mitigate climate change.
2. **Sustainable agriculture**: Promoting sustainable agricultural practices, such as organic farming and agroforestry, to reduce environmental degradation and promote social well-being.
3. **Green infrastructure**: Investing in green infrastructure, such as green roofs and urban forests, to reduce urban heat islands and promote environmental sustainability.
4. **Circular economy**: Encouraging the adoption of circular economy principles, such as reducing waste and promoting recycling, to reduce environmental impacts and promote economic efficiency.

The benefits of green economic development include:

1. **Environmental protection**: Green economic development can help to reduce greenhouse gas emissions, mitigate climate change, and promote environmental sustainability.
2. **Social benefits**: Green economic development can promote social equity and justice, and improve the well-being of all members of society.
3. **Economic benefits**: Green economic development can promote economic efficiency, reduce costs, and create new economic opportunities.

Overall, green economic development is a holistic approach to economic growth and development that prioritizes environmental sustainability and social responsibility.",0.0,0.5009450912475586,0.5009450912475586,3279,2713,-566,22.36949461777048,24.746973074944265,2.3774784571737833
Community-Based Solutions for Climate Change,0.8,0.8,0.8,0.6,0.8,0.8,0.8,0.8,0.8,0.8,0.6,climate action,"Community-based solutions for climate change refer to initiatives and strategies that are developed and implemented by local communities, often in collaboration with other stakeholders, to address the impacts of climate change. These solutions are tailored to the specific needs and contexts of the community, and are often more effective and sustainable than top-down approaches.

**Key characteristics of community-based solutions:**

1. **Community-led**: The community is actively involved in the planning, implementation, and decision-making process.
2. **Context-specific**: Solutions are tailored to the local context, taking into account the community's unique needs, resources, and challenges.
3. **Participatory**: Community members, local organizations, and other stakeholders are engaged in the process, ensuring that diverse perspectives and expertise are incorporated.
4. **Inclusive**: Solutions are designed to benefit all members of the community, particularly vulnerable populations such as women, children, and the elderly.
5. **Sustainable**: Community-based solutions are designed to be long-term, self-sustaining, and adaptable to changing circumstances.

**Examples of community-based solutions for climate change:**

1. **Renewable energy cooperatives**: Community-owned and operated renewable energy projects, such as solar or wind farms, that provide clean energy to local residents.
2. **Community gardens and urban agriculture**: Initiatives that promote sustainable food production, reduce reliance on industrial agriculture, and provide access to fresh produce for community members.
3. **Waste reduction and recycling programs**: Community-led initiatives that promote waste reduction, recycling, and composting, reducing the community's carbon footprint.
4. **Climate-resilient infrastructure**: Community-designed and implemented infrastructure projects, such as sea walls, green roofs, or flood-resistant buildings, that help communities adapt to climate-related hazards.
5. **Education and awareness campaigns**: Community-led initiatives that raise awareness about climate change, promote sustainable behaviors, and provide education and training on climate-related topics.

**Benefits of community-based solutions:**

1. **Increased community engagement and ownership**: Community members are more likely to take ownership of and invest in solutions that benefit their community.
2. **Improved effectiveness**: Community-based solutions are often more effective and sustainable because they are tailored to the local context and take into account the community's unique needs and resources.
3. **Enhanced social cohesion**: Community-based solutions can foster social cohesion and a sense of community, as people work together to address common challenges.
4. **Cost-effective**: Community-based solutions can be more cost-effective than top-down approaches, as they often rely on local resources and expertise.
5. **Scalability**: Community-based solutions can be replicated and scaled up to other communities, providing a model for broader impact.

**Challenges and limitations:**

1. **Limited resources**: Community-based solutions often rely on limited resources, such as funding, expertise, and infrastructure.
2. **Power dynamics**: Community-based solutions can be vulnerable to power imbalances, where dominant groups or interests may undermine community-led initiatives.
3. **Scalability**: Community-based solutions may not be easily scalable to larger populations or more complex contexts.
4. **Sustainability**: Community-based solutions may require ongoing support and resources to maintain their effectiveness over time.

Overall, community-based solutions for climate change offer a promising approach to addressing the complex and multifaceted challenges posed by climate change. By engaging local communities in the planning and implementation process, we can develop more effective, sustainable, and equitable solutions that benefit all members of society.",,4.0,4.0,3.0,4012,0.0,14.07,0.0,"Community-Based Solutions for Climate Change refer to initiatives and strategies that involve local communities in addressing and mitigating the impacts of climate change. These solutions are often developed and implemented at the grassroots level, focusing on the specific needs and circumstances of a particular community.

Key characteristics of Community-Based Solutions for Climate Change include:

1. **Community engagement**: Local residents, organizations, and stakeholders are actively involved in the planning, implementation, and decision-making processes.
2. **Contextual understanding**: Solutions are tailored to the unique social, economic, and environmental conditions of the community.
3. **Participatory approach**: Community members are empowered to take ownership of the solutions and make decisions about their implementation.
4. **Holistic approach**: Solutions address not only the environmental aspects of climate change but also its social and economic implications.

Examples of Community-Based Solutions for Climate Change include:

1. **Renewable energy projects**: Community-led initiatives to install solar panels or wind turbines to reduce reliance on fossil fuels.
2. **Sustainable agriculture practices**: Community-based programs promoting agroforestry, permaculture, or organic farming to enhance food security and reduce carbon emissions.
3. **Waste management and recycling**: Community-led initiatives to reduce, reuse, and recycle waste, minimizing the environmental impacts of waste disposal.
4. **Climate-resilient infrastructure**: Community-based projects to develop and implement climate-resilient infrastructure, such as sea walls, green roofs, or flood-resistant buildings.
5. **Education and awareness-raising**: Community-led initiatives to educate residents about climate change, its impacts, and the importance of community-based solutions.

The benefits of Community-Based Solutions for Climate Change include:

1. **Increased community ownership and engagement**: Residents are more likely to adopt and maintain solutions that they have helped develop and implement.
2. **Tailored solutions**: Community-based approaches can address specific local needs and circumstances, leading to more effective and sustainable outcomes.
3. **Improved social cohesion**: Community-based initiatives can foster social connections, trust, and a sense of community, which are essential for long-term sustainability.
4. **Enhanced resilience**: Community-based solutions can help build resilience to climate-related disasters and other environmental challenges.

Overall, Community-Based Solutions for Climate Change offer a promising approach to addressing the complex and multifaceted challenges posed by climate change, by engaging local communities in the development and implementation of tailored, context-specific solutions.",0.0,0.0,0.0,4012,2866,-1146,21.830065359477125,22.417750257997938,0.5876848985208127
Physical Activity for Adults with Disabilities,0.6,0.8,0.8,0.6,0.8,0.8,0.6,0.8,0.8,0.8,0.6,good health and well-being,"Physical activity for adults with disabilities refers to the intentional movement and exercise that is tailored to meet the unique needs and abilities of individuals with physical, cognitive, or sensory disabilities. The goal of physical activity for adults with disabilities is to promote overall health, well-being, and quality of life, while also addressing specific needs and challenges associated with their disability.

**Benefits of Physical Activity for Adults with Disabilities:**

1. **Improved physical function**: Regular physical activity can help maintain or improve mobility, strength, and flexibility.
2. **Enhanced mental health**: Physical activity has been shown to reduce symptoms of anxiety and depression, improve mood, and enhance overall mental well-being.
3. **Increased independence**: Regular physical activity can help adults with disabilities maintain their independence and perform daily tasks with greater ease.
4. **Social connections**: Participating in physical activity with others can help adults with disabilities build social connections and a sense of community.
5. **Reduced health risks**: Regular physical activity can help reduce the risk of chronic diseases, such as heart disease, diabetes, and obesity.

**Types of Physical Activity for Adults with Disabilities:**

1. **Adaptive sports**: Modified versions of traditional sports, such as wheelchair basketball, adaptive swimming, or seated volleyball.
2. **Recreational activities**: Leisure activities, such as walking, hiking, or dancing, that are adapted to meet the needs of adults with disabilities.
3. **Exercise programs**: Structured exercise programs, such as yoga or Pilates, that are tailored to meet the needs of adults with disabilities.
4. **Therapeutic activities**: Activities, such as occupational therapy or physical therapy, that are designed to improve functional abilities and promote overall health.

**Considerations for Physical Activity for Adults with Disabilities:**

1. **Assessment and evaluation**: A thorough assessment of the individual's abilities, needs, and goals is essential to develop a safe and effective physical activity program.
2. **Accessibility**: Physical activity programs should be accessible and inclusive, with accommodations made as needed to ensure participation.
3. **Safety**: Physical activity programs should prioritize safety, with measures taken to prevent injury or harm.
4. **Support and guidance**: Adults with disabilities may require support and guidance from trained professionals, such as physical therapists or exercise specialists, to participate in physical activity.

**Resources for Physical Activity for Adults with Disabilities:**

1. **National organizations**: Organizations, such as the National Center on Physical Activity and Disability (NCPAD) or the American Council on Exercise (ACE), that provide resources and support for physical activity programs for adults with disabilities.
2. **Local programs**: Community-based programs, such as recreation centers or fitness studios, that offer physical activity programs specifically designed for adults with disabilities.
3. **Online resources**: Online resources, such as exercise videos or blogs, that provide information and guidance on physical activity for adults with disabilities.

Overall, physical activity for adults with disabilities is an essential aspect of promoting overall health, well-being, and quality of life. By providing accessible and inclusive physical activity programs, we can help adults with disabilities maintain their independence, improve their physical and mental health, and enhance their overall quality of life.",,4.0,4.0,4.0,3668,0.0,13.99,0.0,"Physical activity for adults with disabilities refers to the engagement in physical activities, exercises, or sports by individuals with physical, sensory, or cognitive impairments. This concept encompasses a wide range of activities, including recreational, therapeutic, and competitive pursuits.

**Definition and Scope**

Physical activity for adults with disabilities is often defined as any movement or exercise that is designed to improve or maintain physical function, mobility, and overall health. This can include activities such as walking, swimming, cycling, or using assistive devices like wheelchairs or walkers.

**Types of Physical Activity**

Several types of physical activity are relevant to adults with disabilities, including:

1. **Recreational activities**: Leisure-based activities, such as swimming, dancing, or playing sports, that are enjoyable and provide social interaction.
2. **Therapeutic activities**: Exercises or activities designed to improve specific physical functions, such as balance, strength, or flexibility, often in a clinical or rehabilitation setting.
3. **Competitive activities**: Sports or games that involve competition, such as wheelchair basketball or track and field events.
4. **Adaptive activities**: Modified versions of traditional sports or activities that are designed to be accessible and inclusive for individuals with disabilities.

**Benefits and Considerations**

Engaging in physical activity can have numerous benefits for adults with disabilities, including:

1. **Improved physical function**: Enhanced mobility, strength, and flexibility.
2. **Reduced risk of secondary health conditions**: Lower risk of developing conditions like diabetes, cardiovascular disease, or osteoporosis.
3. **Enhanced mental health**: Improved mood, reduced stress, and increased self-esteem.
4. **Social benefits**: Opportunities for social interaction, community engagement, and building relationships.

However, adults with disabilities may face unique challenges and barriers to physical activity, such as:

1. **Accessibility limitations**: Inadequate infrastructure, transportation, or equipment to accommodate their needs.
2. **Socio-cultural factors**: Stigma, lack of awareness, or inadequate support from healthcare providers or caregivers.
3. **Physical limitations**: Chronic pain, fatigue, or other health conditions that may impact their ability to engage in physical activity.

**Best Practices and Recommendations**

To promote physical activity among adults with disabilities, healthcare providers, caregivers, and policymakers can:

1. **Assess individual needs and abilities**: Tailor physical activity programs to meet the unique needs and goals of each individual.
2. **Provide accessible and inclusive environments**: Ensure that physical activity spaces and programs are accessible, safe, and welcoming for individuals with disabilities.
3. **Offer adaptive and modified activities**: Provide opportunities for individuals to engage in physical activity that is tailored to their abilities and needs.
4. **Foster a supportive and inclusive culture**: Promote social inclusion, acceptance, and understanding of individuals with disabilities in physical activity settings.

By understanding the complexities and benefits of physical activity for adults with disabilities, we can work towards creating more inclusive and supportive environments that promote health, well-being, and participation.",0.0,0.7375437021255493,0.7375437021255493,3668,3463,-205,21.884942991281022,22.14185351270553,0.25691052142450843
Sea-level rise mitigation measures,0.8,0.8,0.8,0.6,0.8,0.8,0.8,0.8,0.8,0.8,0.6,climate action,"Sea-level rise mitigation measures refer to the strategies and techniques used to reduce or prevent the impacts of rising sea levels on coastal communities, ecosystems, and infrastructure. As global temperatures rise, the polar ice caps and glaciers are melting, causing sea levels to rise. This can lead to coastal erosion, flooding, saltwater intrusion into freshwater sources, and other problems. Here are some common sea-level rise mitigation measures:

1. **Beach Nourishment**: Pumping sand onto eroded beaches to restore them and provide a natural barrier against storms and sea-level rise.
2. **Sea Walls and Levees**: Constructing walls or levees to protect coastal areas from flooding and erosion.
3. **Dunes and Coastal Vegetation**: Restoring and preserving natural dunes and coastal vegetation, which can help to stabilize the shoreline and protect against erosion.
4. **Wetland Restoration**: Restoring and preserving wetlands, which can help to absorb excess water and reduce the impact of sea-level rise.
5. **Flood-Control Gates**: Installing gates at the entrance to harbors, estuaries, or other coastal areas to prevent flooding during high tides or storms.
6. **Pumping Stations**: Building pumping stations to remove excess water from flooded areas and prevent saltwater intrusion into freshwater sources.
7. **Elevating Buildings and Infrastructure**: Raising buildings, roads, and other infrastructure to be above the projected flood levels.
8. **Green Infrastructure**: Implementing green infrastructure, such as green roofs, rain gardens, and bioswales, to absorb excess water and reduce stormwater runoff.
9. **Managed Retreat**: Gradually relocating communities and infrastructure away from the coast to higher ground, as sea levels rise.
10. **Adaptive Planning**: Developing flexible and adaptive plans for coastal development, taking into account the projected impacts of sea-level rise.
11. **Erosion Control**: Implementing erosion control measures, such as groynes, jetties, and breakwaters, to protect against coastal erosion.
12. **Flood-Resilient Design**: Designing buildings and infrastructure to be flood-resilient, using materials and techniques that can withstand flooding and high winds.
13. **Early Warning Systems**: Establishing early warning systems to alert communities of impending flooding and storms.
14. **Climate-Resilient Agriculture**: Implementing climate-resilient agricultural practices, such as using drought-tolerant crops and flood-resistant irrigation systems.
15. **Ecosystem-Based Adaptation**: Protecting and restoring natural ecosystems, such as mangroves and coral reefs, which can help to mitigate the impacts of sea-level rise.

These measures can help to reduce the impacts of sea-level rise, but they are not a substitute for reducing greenhouse gas emissions and addressing the root causes of climate change.",,4.0,4.0,4.0,2879,0.0,13.2,0.0,"Sea-level rise mitigation measures refer to strategies and techniques employed to reduce the impacts of sea-level rise on coastal areas, communities, and ecosystems. These measures aim to minimize the effects of rising sea levels, which are primarily caused by the melting of glaciers and ice sheets, and the thermal expansion of seawater due to global warming.

**Types of Sea-Level Rise Mitigation Measures:**

1. **Coastal protection**: Construction of seawalls, dunes, and other barriers to prevent flooding and erosion.
2. **Beach nourishment**: Pumping sand onto eroded beaches to restore their width and height.
3. **Flood-control structures**: Building of levees, dams, and gates to prevent flooding and protect against storm surges.
4. **Erosion control**: Planting of vegetation, such as mangroves and salt marshes, to stabilize soil and prevent erosion.
5. **Managed retreat**: Relocating communities and infrastructure away from high-risk areas to reduce exposure to flooding and erosion.
6. **Adaptive planning**: Developing flexible and adaptable plans for coastal development and management to respond to changing sea levels and weather patterns.
7. **Ecosystem-based adaptation**: Preserving and restoring natural ecosystems, such as wetlands and dunes, which provide natural barriers against flooding and erosion.

**Mechanisms of Sea-Level Rise Mitigation:**

1. **Reducing greenhouse gas emissions**: Mitigating climate change by reducing emissions of greenhouse gases, which contribute to global warming and sea-level rise.
2. **Protecting and restoring natural habitats**: Preserving and restoring natural ecosystems, such as mangroves and salt marshes, which provide natural barriers against flooding and erosion.
3. **Implementing sustainable land-use planning**: Managing coastal development and land use to minimize the risk of flooding and erosion.
4. **Investing in flood-resilient infrastructure**: Building infrastructure that can withstand the impacts of sea-level rise, such as sea walls and levees.

**Challenges and Limitations:**

1. **Cost and funding**: Implementing sea-level rise mitigation measures can be expensive, and securing funding can be a challenge.
2. **Technical and engineering challenges**: Designing and building infrastructure that can withstand the impacts of sea-level rise requires advanced technical and engineering expertise.
3. **Social and economic considerations**: Mitigation measures can have social and economic impacts on communities, such as displacement and loss of livelihoods.
4. **Uncertainty and variability**: Sea-level rise is a complex and uncertain phenomenon, making it challenging to predict and prepare for its impacts.

Overall, sea-level rise mitigation measures aim to reduce the risks and impacts of sea-level rise on coastal communities and ecosystems. While these measures can be effective, they also present challenges and limitations that must be carefully considered.",0.0,0.0,0.0,2879,2954,75,16.403476070528967,17.8327721661055,1.4292960955765324
Geothermal Energy and Energy Storage,0.8,0.8,0.8,0.6,0.8,0.8,0.4,0.8,0.8,0.8,0.6,climate action,"**Geothermal Energy**

Geothermal energy is a renewable energy source that harnesses the heat from the Earth's core to generate electricity or provide heating and cooling. The Earth's core is incredibly hot, with temperatures ranging from 3,000°C to 6,000°C (5,500°F to 11,000°F). This heat is transferred to the Earth's surface through a process called conduction, where it is stored in the form of thermal energy.

There are three main types of geothermal energy:

1. **Hot Dry Rock (HDR) Geothermal Energy**: This type of geothermal energy involves drilling into hot, dry rock formations to access the heat. The heat is then used to produce steam, which drives a turbine to generate electricity.
2. **Enhanced Geothermal Systems (EGS)**: EGS involves creating artificial reservoirs of hot water or steam by injecting water into hot rock formations. This allows for the extraction of heat from the rock, which is then used to generate electricity.
3. **Closed-Loop Geothermal Energy**: This type of geothermal energy involves using a network of pipes to circulate a fluid through the ground to absorb heat. The heat is then used for heating or cooling buildings.

**Benefits of Geothermal Energy**

1. **Renewable and Sustainable**: Geothermal energy is a renewable energy source that can be replenished naturally.
2. **Low Emissions**: Geothermal energy generation produces no greenhouse gas emissions or other pollutants.
3. **Reliability**: Geothermal power plants can operate continuously, providing a reliable source of electricity.
4. **Scalability**: Geothermal energy can be used for both small-scale and large-scale applications.

**Energy Storage and Geothermal Energy**

Energy storage is crucial for geothermal energy, as it allows for the efficient and reliable delivery of electricity to the grid. There are several energy storage technologies that can be used with geothermal energy:

1. **Pumped Hydro Storage (PHS)**: PHS involves pumping water from a lower reservoir to an upper reservoir during off-peak hours, and then releasing it to generate electricity during peak hours.
2. **Compressed Air Energy Storage (CAES)**: CAES involves compressing air in an underground cavern during off-peak hours, and then releasing it to generate electricity during peak hours.
3. **Lithium-Ion Batteries**: Lithium-ion batteries can be used to store excess geothermal energy generated during off-peak hours, and then release it during peak hours.
4. **Thermal Energy Storage**: Thermal energy storage involves storing thermal energy in the form of molten salt or other phase-change materials. This energy can then be used to generate electricity or provide heating and cooling.

**Benefits of Energy Storage with Geothermal Energy**

1. **Improved Grid Reliability**: Energy storage can help stabilize the grid by providing a buffer against fluctuations in geothermal energy generation.
2. **Increased Efficiency**: Energy storage can help optimize geothermal energy generation by allowing for the efficient use of excess energy.
3. **Reduced Emissions**: Energy storage can help reduce greenhouse gas emissions by allowing for the efficient use of renewable energy sources like geothermal energy.

In summary, geothermal energy is a renewable and sustainable energy source that can be used for electricity generation, heating, and cooling. Energy storage technologies can be used to improve the efficiency and reliability of geothermal energy generation, and to reduce greenhouse gas emissions.",,4.0,4.0,4.0,3503,0.0,11.01,0.0,"Geothermal energy and energy storage are two related concepts that involve harnessing and storing thermal energy from the Earth's interior.

**Geothermal Energy:**

Geothermal energy is a form of renewable energy that utilizes the heat from the Earth's interior to generate electricity or provide heating and cooling. This heat is produced by the decay of radioactive elements in the Earth's core and mantle, as well as by the primordial heat remaining from the Earth's formation. Geothermal energy is typically harnessed through the use of underground reservoirs of hot water or steam, which are tapped into and brought to the surface to drive turbines and generate electricity.

**Energy Storage:**

Energy storage refers to the process of storing energy for later use, often to mitigate the intermittency of renewable energy sources like geothermal energy. Energy storage systems can be used to store excess energy generated by geothermal power plants during periods of high production, allowing for a stable and reliable supply of electricity even when the geothermal energy is not being generated.

**Integration of Geothermal Energy and Energy Storage:**

The integration of geothermal energy and energy storage can enhance the efficiency and reliability of geothermal power plants. By storing excess energy generated during periods of high production, geothermal power plants can:

1. **Stabilize power output:** Energy storage can help to smooth out the variability of geothermal energy production, ensuring a stable power output even when the geothermal energy is not being generated.
2. **Increase capacity factor:** By storing excess energy, geothermal power plants can increase their capacity factor, which is the ratio of actual output to theoretical maximum output.
3. **Improve grid stability:** Energy storage can help to mitigate the impact of geothermal energy on the grid, reducing the risk of power outages and improving overall grid stability.

**Types of Energy Storage for Geothermal Energy:**

Several types of energy storage systems can be used in conjunction with geothermal energy, including:

1. **Pumped hydro storage (PHS):** PHS involves pumping water from a lower reservoir to an upper reservoir during periods of low energy demand, and then releasing the water back to the lower reservoir through a turbine to generate electricity during periods of high demand.
2. **Compressed air energy storage (CAES):** CAES involves compressing air in an underground cavern during periods of low energy demand, and then expanding the air through a turbine to generate electricity during periods of high demand.
3. **Battery energy storage:** Battery energy storage systems, such as lithium-ion batteries, can be used to store excess energy generated by geothermal power plants.

In summary, geothermal energy and energy storage are two related concepts that can be integrated to enhance the efficiency and reliability of geothermal power plants. Energy storage systems can be used to store excess energy generated during periods of high production, allowing for a stable and reliable supply of electricity even when the geothermal energy is not being generated.",0.0,0.0,0.0,3503,3182,-321,18.386269070735093,23.210784313725494,4.824515242990401
Healthy Aging and Gerontological Health,0.8,0.8,0.8,0.6,0.8,0.8,0.6,0.8,0.8,0.8,0.6,good health and well-being,"""Healthy Aging and Gerontological Health"" refers to the study and promotion of healthy aging, which is the process of maintaining physical, mental, and social well-being as people age. Gerontology is the scientific study of aging and the aged, and gerontological health is a multidisciplinary field that focuses on the health and well-being of older adults.

**Key Concepts:**

1. **Healthy Aging**: A process of aging that is characterized by optimal physical, mental, and social functioning, despite the presence of age-related changes.
2. **Gerontology**: The scientific study of aging and the aged, including the biological, psychological, and social aspects of aging.
3. **Gerontological Health**: A multidisciplinary field that focuses on the health and well-being of older adults, including the prevention and management of age-related diseases and disabilities.

**Aspects of Healthy Aging:**

1. **Physical Health**: Maintaining physical function, mobility, and independence, despite age-related changes.
2. **Mental Health**: Promoting mental well-being, including cognitive function, emotional well-being, and social engagement.
3. **Social Health**: Fostering social connections, relationships, and a sense of belonging, which are essential for healthy aging.
4. **Lifestyle Factors**: Engaging in healthy behaviors, such as regular exercise, balanced diet, and stress management, to promote healthy aging.
5. **Preventive Care**: Regular health check-ups, screenings, and preventive interventions to prevent or manage age-related diseases and disabilities.

**Gerontological Health Interventions:**

1. **Geriatric Care**: Providing specialized care for older adults, including assessment, diagnosis, and management of age-related diseases and disabilities.
2. **Health Promotion**: Encouraging healthy behaviors and lifestyles to promote healthy aging.
3. **Disease Prevention**: Preventing or managing age-related diseases, such as osteoporosis, arthritis, and dementia.
4. **Rehabilitation**: Providing rehabilitation services to help older adults recover from injuries or illnesses.
5. **Supportive Care**: Providing emotional and practical support to older adults and their caregivers.

**Importance of Healthy Aging and Gerontological Health:**

1. **Quality of Life**: Promoting healthy aging and gerontological health can improve the quality of life for older adults and their families.
2. **Economic Benefits**: Investing in healthy aging and gerontological health can reduce healthcare costs and improve productivity.
3. **Social Benefits**: Fostering healthy aging and gerontological health can promote social connections, relationships, and a sense of belonging among older adults.

In summary, ""Healthy Aging and Gerontological Health"" is a multidisciplinary field that focuses on promoting healthy aging, preventing age-related diseases and disabilities, and improving the quality of life for older adults.",,3.0,4.0,3.0,2933,0.6024728417396545,13.35,0.0,"Healthy Aging and Gerontological Health refers to the study and promotion of optimal physical, mental, and social functioning in older adults. It involves understanding the biological, psychological, and social changes that occur as individuals age, and developing strategies to mitigate the negative effects of aging while promoting overall well-being.

Gerontology is the scientific study of aging, encompassing the biological, psychological, and social aspects of aging. Gerontological health is a multidisciplinary field that draws on knowledge from various disciplines, including medicine, psychology, sociology, and public health.

Key aspects of healthy aging and gerontological health include:

1. **Biological aging**: The study of the physiological changes that occur as individuals age, including changes in cellular function, organ function, and the immune system.
2. **Cognitive aging**: The study of changes in cognitive function, including memory, attention, and processing speed, as individuals age.
3. **Social aging**: The study of the social and psychological changes that occur as individuals age, including changes in social relationships, identity, and life satisfaction.
4. **Preventive care**: The development of strategies to prevent or mitigate the negative effects of aging, including lifestyle interventions, medication, and other treatments.
5. **Interventions and programs**: The development and implementation of programs and interventions aimed at promoting healthy aging, such as exercise programs, nutrition counseling, and social support services.

Factors that contribute to healthy aging and gerontological health include:

1. **Genetics**: Genetic factors can influence an individual's risk of developing age-related diseases and conditions.
2. **Lifestyle**: Lifestyle factors, such as diet, exercise, and smoking, can impact an individual's risk of developing age-related diseases and conditions.
3. **Environmental factors**: Environmental factors, such as air and water quality, can impact an individual's health and well-being.
4. **Social support**: Social support from family, friends, and community can impact an individual's mental and physical health.
5. **Access to healthcare**: Access to healthcare services and resources can impact an individual's ability to manage age-related diseases and conditions.

The goals of healthy aging and gerontological health include:

1. **Promoting optimal functioning**: Promoting optimal physical, mental, and social functioning in older adults.
2. **Preventing age-related diseases**: Preventing or mitigating the negative effects of age-related diseases and conditions.
3. **Improving quality of life**: Improving the quality of life for older adults, including their mental and physical health, social relationships, and overall well-being.

Overall, healthy aging and gerontological health is a complex and multifaceted field that seeks to promote optimal functioning and well-being in older adults, while preventing or mitigating the negative effects of aging.",0.6024728417396545,0.0,-0.6024728417396545,2933,3052,119,19.666411353908543,20.394889663182347,0.7284783092738039
Bioenergy from Algae,0.6,0.8,0.8,0.6,0.8,0.8,0.6,0.8,0.8,0.8,0.6,climate action,"A fascinating topic! Bioenergy from algae, also known as algal bioenergy or algae-based biofuels, is a promising alternative energy source that harnesses the power of algae to produce biofuels, biopower, and biochemicals. Here's a comprehensive overview:

**What is algae?**

Algae are simple, non-flowering, and non-vascular plants that thrive in aquatic environments, such as ponds, lakes, and oceans. They are rich in nutrients, including carbohydrates, proteins, and lipids, which can be converted into various energy products.

**How is bioenergy from algae produced?**

The process of producing bioenergy from algae involves several steps:

1. **Algae cultivation**: Algae are grown in photobioreactors or open ponds, using nutrient-rich water and controlled conditions to optimize growth.
2. **Harvesting**: Mature algae are harvested, typically using centrifugation or filtration.
3. **Lipid extraction**: The harvested algae are processed to extract lipids, which are the primary energy-rich components.
4. **Conversion**: The extracted lipids are converted into various energy products, such as:
	* **Biodiesel**: Lipids are converted into fatty acid methyl esters (FAMEs), which can be used as a direct substitute for fossil fuels.
	* **Bioethanol**: Algal biomass is converted into ethanol through fermentation.
	* **Biogas**: Algal biomass is converted into biogas (a mixture of methane and carbon dioxide) through anaerobic digestion.
	* **Biochemicals**: Algal biomass is converted into various biochemicals, such as bioplastics, biolubricants, and biocatalysts.

**Advantages of bioenergy from algae**

1. **Renewable and sustainable**: Algae are a renewable resource, requiring minimal land, water, and nutrients to grow.
2. **High energy density**: Algae have a high energy density, making them a promising feedstock for biofuels.
3. **Carbon neutral**: Algal bioenergy production is carbon neutral, as the amount of CO2 released during production is equivalent to the amount of CO2 absorbed during algae growth.
4. **Diversified energy sources**: Algal bioenergy can be used as a complement to traditional fossil fuels, reducing dependence on a single energy source.

**Challenges and limitations**

1. **Scalability**: Large-scale algae cultivation and processing are still in the development stage.
2. **Cost**: The cost of algae cultivation and processing is currently higher than traditional energy sources.
3. **Water usage**: Algae cultivation requires significant water resources, which can be a concern in water-scarce regions.
4. **Feedstock variability**: Algal biomass can vary in composition and quality, affecting the efficiency of conversion processes.

**Conclusion**

Bioenergy from algae is a promising alternative energy source that offers several advantages, including renewability, high energy density, and carbon neutrality. While challenges and limitations exist, ongoing research and development are addressing these issues, making algal bioenergy a viable option for a more sustainable energy future.",,4.0,4.0,4.0,3043,0.9285939931869508,14.0,0.0,"Bioenergy from algae refers to the production of energy from algae, a type of aquatic plant that can be grown in controlled environments. This process involves cultivating algae, harvesting it, and then converting it into a usable energy source.

Algae are eukaryotic organisms that belong to the kingdom Protista. They are capable of photosynthesis, which allows them to convert sunlight into chemical energy. This process involves the conversion of carbon dioxide and water into glucose and oxygen.

The production of bioenergy from algae typically involves the following steps:

1. Cultivation: Algae are grown in large quantities in photobioreactors or open ponds. The cultivation process involves providing the algae with the necessary nutrients, water, and light to promote growth.
2. Harvesting: The algae are harvested from the cultivation system, typically through a process of centrifugation or filtration.
3. Extraction: The biomass of the algae is extracted from the water, and the resulting material is processed into a usable form.
4. Conversion: The algae biomass is converted into a usable energy source through various methods, including anaerobic digestion, gasification, or fermentation.

The conversion process can produce a range of energy products, including:

* Biofuels: Algal biofuels can be used as a substitute for fossil fuels in transportation and other applications.
* Biogas: Anaerobic digestion of algae can produce biogas, which can be used as a fuel for power generation or as a feedstock for the production of biofuels.
* Bio-oil: Gasification of algae can produce bio-oil, which can be used as a substitute for fossil fuels in industrial applications.

The advantages of bioenergy from algae include:

* High growth rates: Algae can grow rapidly, making them a potentially high-yielding feedstock for bioenergy production.
* Low land requirements: Algae can be grown in controlled environments, reducing the need for large areas of land for cultivation.
* Carbon sequestration: Algae can absorb carbon dioxide from the atmosphere during photosynthesis, making them a potentially carbon-neutral energy source.

However, the production of bioenergy from algae also has several challenges and limitations, including:

* High production costs: The cost of cultivating and processing algae can be high, making it difficult to compete with fossil fuels.
* Water requirements: Algae require large amounts of water for cultivation, which can be a limiting factor in water-scarce regions.
* Energy input: The production of bioenergy from algae requires significant amounts of energy for cultivation, harvesting, and processing, which can offset the energy benefits of the process.

Overall, bioenergy from algae is a promising area of research and development, but it requires further investment and innovation to overcome the challenges and limitations associated with its production.",0.9285939931869508,0.0,-0.9285939931869508,3043,2912,-131,19.380769230769232,19.85137491616365,0.4706056853944176
Dental and oral health care accessibility,0.6,0.8,0.8,0.6,0.8,0.8,0.8,0.8,0.8,0.8,0.6,good health and well-being,"""Dental and oral health care accessibility"" refers to the ease with which individuals can access dental and oral health care services, including preventive, diagnostic, and treatment services. It encompasses the availability, affordability, and acceptability of dental care to the population, particularly those who are most vulnerable, such as low-income individuals, children, and marginalized communities.

Key aspects of dental and oral health care accessibility include:

1. **Availability**: The presence of dental care providers, facilities, and services in a given area, including urban and rural communities.
2. **Affordability**: The cost of dental care services, including out-of-pocket expenses, insurance coverage, and financial assistance programs.
3. **Acceptability**: The willingness of individuals to seek and receive dental care, influenced by factors such as cultural attitudes, language barriers, and personal experiences.
4. **Accessibility**: The physical and logistical ease of accessing dental care services, including transportation, waiting times, and appointment scheduling.

Challenges to dental and oral health care accessibility include:

1. **Limited access to dental care providers**: Rural or underserved areas may have few or no dental care providers, making it difficult for residents to access care.
2. **Financial barriers**: High costs of dental care services, lack of insurance coverage, or limited financial assistance programs can prevent individuals from seeking care.
3. **Cultural and linguistic barriers**: Language barriers, cultural differences, or mistrust of dental care providers can discourage individuals from seeking care.
4. **Socioeconomic factors**: Poverty, lack of education, or limited social support can contribute to delayed or foregone dental care.

Consequences of inadequate dental and oral health care accessibility include:

1. **Untreated dental problems**: Delayed or foregone dental care can lead to untreated dental problems, such as tooth decay, gum disease, or oral cancer.
2. **Increased healthcare costs**: Untreated dental problems can lead to more complex and costly treatments, which can be avoided with regular dental care.
3. **Reduced quality of life**: Untreated dental problems can affect an individual's overall quality of life, including their ability to eat, speak, and socialize.
4. **Systemic health consequences**: Untreated dental problems can have systemic health consequences, such as increased risk of heart disease, diabetes, or respiratory infections.

To improve dental and oral health care accessibility, strategies can include:

1. **Increasing the number of dental care providers**: Recruiting and retaining dental care providers in underserved areas.
2. **Implementing financial assistance programs**: Offering sliding fee scales, Medicaid, or other financial assistance programs to make dental care more affordable.
3. **Culturally sensitive care**: Providing dental care services that are sensitive to the cultural and linguistic needs of diverse populations.
4. **Community-based initiatives**: Developing community-based initiatives, such as mobile dental clinics or school-based dental programs, to reach underserved populations.

By addressing the challenges to dental and oral health care accessibility, we can improve the overall health and well-being of individuals and communities.",,4.0,4.0,4.0,3391,0.0,14.88,0.0,"Dental and oral health care accessibility refers to the ease with which individuals can access dental and oral health care services, including preventive, diagnostic, and treatment services. This concept encompasses various aspects of access, including:

1. **Geographic accessibility**: The proximity of dental and oral health care facilities to individuals' residences, workplaces, or other locations where they spend most of their time.
2. **Financial accessibility**: The affordability of dental and oral health care services, including the cost of care, insurance coverage, and financial assistance programs.
3. **Cultural and linguistic accessibility**: The ability of dental and oral health care providers to communicate effectively with individuals from diverse cultural and linguistic backgrounds.
4. **Organizational accessibility**: The availability of dental and oral health care services, including the hours of operation, wait times, and appointment scheduling processes.
5. **Individual accessibility**: The ability of individuals to navigate the dental and oral health care system, including their knowledge, skills, and confidence in accessing care.

Factors that can influence dental and oral health care accessibility include:

1. **Urban-rural disparities**: Individuals living in rural or remote areas may face greater challenges in accessing dental and oral health care services due to limited provider availability and transportation barriers.
2. **Socioeconomic status**: Individuals from lower socioeconomic backgrounds may face greater financial barriers to accessing dental and oral health care services.
3. **Insurance coverage**: The availability and affordability of dental and oral health insurance can significantly impact access to care.
4. **Provider shortages**: Shortages of dental and oral health care providers in certain areas or specialties can limit access to care.
5. **Systemic barriers**: Complexities in the dental and oral health care system, such as bureaucratic processes and communication breakdowns, can also impact accessibility.

Improving dental and oral health care accessibility can be achieved through various strategies, including:

1. **Increasing provider availability**: Expanding the number of dental and oral health care providers, particularly in underserved areas.
2. **Enhancing insurance coverage**: Improving the affordability and accessibility of dental and oral health insurance.
3. **Streamlining system processes**: Simplifying appointment scheduling, billing, and other administrative tasks to reduce barriers to care.
4. **Promoting cultural and linguistic competence**: Training dental and oral health care providers to communicate effectively with diverse populations.
5. **Increasing public awareness**: Educating individuals about the importance of dental and oral health care and the available resources to access care.",0.0,0.0,0.0,3391,2897,-494,20.880212181490954,22.204215966272272,1.3240037847813184
Sustainable Agriculture and Water Management,0.8,0.8,0.8,0.6,0.8,0.8,0.8,0.8,0.8,0.8,0.6,climate action,"""Sustainable Agriculture and Water Management"" refers to the practices and approaches that aim to produce food and other agricultural products while minimizing the negative impacts on the environment, conserving water resources, and promoting social equity. This concept integrates three main components:

1.  **Sustainable Agriculture**: This involves farming practices that prioritize long-term soil health, biodiversity, efficient water use, and minimal environmental degradation. Sustainable agriculture focuses on using natural resources efficiently, reducing waste, and promoting ecosystem services. Techniques include crop rotation, cover cropping, integrated pest management, and organic farming.

2.  **Water Management**: This aspect of sustainable agriculture emphasizes the efficient use of water resources. It involves strategies to conserve water, reduce waste, and protect water quality. This includes using drip irrigation, mulching, and other water-saving techniques. Water management also involves protecting water sources from pollution and ensuring that agricultural practices do not harm the environment.

3.  **Social Equity**: This component of sustainable agriculture and water management focuses on ensuring that farming practices are fair and equitable for all stakeholders, including farmers, workers, consumers, and the broader community. It involves promoting fair labor practices, supporting local economies, and ensuring that agricultural products are accessible and affordable for everyone.

The benefits of sustainable agriculture and water management include:

*   **Environmental Conservation**: By reducing the use of chemical fertilizers and pesticides, sustainable agriculture helps protect soil health, biodiversity, and water quality.
*   **Food Security**: Sustainable agriculture promotes food security by increasing crop yields, improving the nutritional value of food, and reducing the risk of crop failures.
*   **Economic Benefits**: Sustainable agriculture can improve farmers' incomes, create jobs, and stimulate local economies.
*   **Social Justice**: Sustainable agriculture promotes social justice by ensuring that farming practices are fair and equitable for all stakeholders.

To achieve sustainable agriculture and water management, governments, farmers, and other stakeholders can work together to implement policies and practices that prioritize environmental conservation, social equity, and economic benefits. This includes investing in research and development, providing training and education for farmers, and promoting the adoption of sustainable agriculture practices.",,4.0,4.0,3.0,2632,0.0,15.75,0.0,"Sustainable Agriculture and Water Management refers to the practice of cultivating crops and raising livestock in a way that maintains the long-term productivity of the land, conserves water resources, and minimizes environmental degradation.

**Key Components:**

1. **Soil Conservation**: Sustainable agriculture practices aim to maintain soil health through techniques such as crop rotation, cover cropping, and reduced tillage, which help to prevent soil erosion and retain soil nutrients.
2. **Water Conservation**: Efficient irrigation systems and water-saving technologies are used to minimize water waste and optimize water use, reducing the strain on water resources.
3. **Crop Selection**: Farmers choose crop varieties that are well-suited to the local climate and soil conditions, reducing the need for fertilizers, pesticides, and irrigation.
4. **Integrated Pest Management**: Sustainable agriculture practices promote the use of integrated pest management techniques, which combine physical, cultural, biological, and chemical controls to minimize the use of pesticides and maintain ecosystem balance.
5. **Livestock Management**: Sustainable livestock production involves practices such as rotational grazing, which helps to maintain soil health and reduce the risk of water pollution.

**Benefits:**

1. **Improved Water Quality**: Sustainable agriculture practices reduce the risk of water pollution from fertilizers, pesticides, and animal waste.
2. **Increased Crop Yields**: Sustainable agriculture practices can lead to increased crop yields and improved food security.
3. **Soil Conservation**: Sustainable agriculture practices help to maintain soil health, reducing the risk of soil erosion and landslides.
4. **Climate Change Mitigation**: Sustainable agriculture practices can help to sequester carbon in soils, reducing greenhouse gas emissions.
5. **Economic Benefits**: Sustainable agriculture practices can improve farmers' livelihoods and contribute to local economic development.

**Challenges:**

1. **Limited Access to Resources**: Small-scale farmers may lack access to resources such as credit, markets, and technology.
2. **Climate Change**: Climate change poses a significant threat to sustainable agriculture, as changing weather patterns and increased frequency of extreme events can impact crop yields and water availability.
3. **Policy and Regulatory Frameworks**: Inadequate policy and regulatory frameworks can hinder the adoption of sustainable agriculture practices.

**Implementation Strategies:**

1. **Capacity Building**: Training and capacity-building programs for farmers and extension agents can help to promote the adoption of sustainable agriculture practices.
2. **Policy and Regulatory Support**: Governments can provide policy and regulatory support to encourage the adoption of sustainable agriculture practices.
3. **Technology Transfer**: The transfer of technology and knowledge from research institutions to farmers can help to promote the adoption of sustainable agriculture practices.
4. **Market Incentives**: Governments and private sector organizations can provide market incentives to encourage the adoption of sustainable agriculture practices.",0.0,0.0,0.0,2632,3216,584,23.835861091424523,21.936085918854417,-1.8997751725701058
Sustainable Finance and Impact Investing,0.8,0.8,0.8,0.6,0.8,0.8,0.6,0.8,0.8,0.8,0.6,climate action,"""Sustainable finance"" and ""impact investing"" are two related but distinct concepts that have gained significant attention in recent years. Here's a comprehensive explanation of both:

**Sustainable Finance:**

Sustainable finance refers to the integration of environmental, social, and governance (ESG) considerations into financial decision-making. It involves assessing the long-term financial risks and opportunities associated with investments, taking into account the potential impact on the environment, society, and the economy.

Sustainable finance encompasses a wide range of activities, including:

1. **ESG investing**: Investing in companies that demonstrate strong ESG practices, such as reducing carbon emissions, promoting diversity, and ensuring good governance.
2. **Green finance**: Financing projects or activities that have a positive environmental impact, such as renewable energy, sustainable agriculture, or eco-friendly infrastructure.
3. **Social impact investing**: Investing in projects or activities that have a positive social impact, such as education, healthcare, or financial inclusion.
4. **Responsible investing**: Investing in companies that adhere to high standards of corporate governance, ethics, and social responsibility.

**Impact Investing:**

Impact investing is a specific type of sustainable finance that focuses on generating both financial returns and positive social or environmental impact. Impact investors seek to create measurable, positive outcomes in areas such as:

1. **Education**: Improving access to quality education, particularly for disadvantaged groups.
2. **Health**: Enhancing access to healthcare, improving health outcomes, and reducing healthcare costs.
3. **Financial inclusion**: Increasing access to financial services, such as savings, credit, and insurance, for underserved populations.
4. **Environmental conservation**: Protecting and restoring natural ecosystems, promoting sustainable agriculture, and reducing greenhouse gas emissions.

Impact investing involves a range of strategies, including:

1. **Private equity**: Investing in private companies that have a strong social or environmental mission.
2. **Venture capital**: Investing in early-stage companies that have the potential to create significant social or environmental impact.
3. **Fixed income**: Investing in bonds or loans that support projects or activities with a positive social or environmental impact.
4. **Equity**: Investing in publicly traded companies that have a strong ESG track record.

**Key characteristics of sustainable finance and impact investing:**

1. **Integration**: Integrating ESG considerations into financial decision-making.
2. **Long-term focus**: Taking a long-term view when assessing investments, rather than focusing solely on short-term returns.
3. **Measurable impact**: Measuring and reporting the social or environmental impact of investments.
4. **Collaboration**: Collaborating with stakeholders, including investors, companies, and civil society organizations, to achieve shared goals.

**Benefits of sustainable finance and impact investing:**

1. **Risk reduction**: Reducing the risk of investments by considering ESG factors.
2. **Financial returns**: Generating financial returns while promoting positive social or environmental outcomes.
3. **Increased transparency**: Improving transparency and accountability in financial decision-making.
4. **Social and environmental benefits**: Creating positive social and environmental outcomes, such as improved health, education, or environmental conservation.

In summary, sustainable finance and impact investing are related but distinct concepts that involve integrating ESG considerations into financial decision-making. Impact investing is a specific type of sustainable finance that focuses on generating both financial returns and positive social or environmental impact.",,4.0,4.0,3.0,3910,0.0,13.08,0.0,"Sustainable finance and impact investing refer to investment strategies and practices that aim to generate both financial returns and positive environmental or social impacts.

**Definition:**

Sustainable finance encompasses a broad range of financial instruments, products, and services that prioritize environmental, social, and governance (ESG) considerations alongside financial performance. Impact investing, a subset of sustainable finance, focuses on investments that intentionally seek to generate positive, measurable social or environmental outcomes alongside financial returns.

**Key characteristics:**

1. **Integration of ESG factors:** Sustainable finance and impact investing consider ESG factors, such as climate change, human rights, and board composition, when making investment decisions.
2. **Long-term focus:** These approaches often prioritize long-term financial returns and social or environmental outcomes over short-term gains.
3. **Active ownership:** Investors may engage with companies to influence their ESG practices and promote positive change.
4. **Impact measurement and reporting:** Sustainable finance and impact investing often involve tracking and reporting on the social or environmental impacts of investments.

**Types of sustainable finance and impact investing:**

1. **Green bonds:** Bonds specifically issued to finance environmentally friendly projects or activities.
2. **Social impact bonds:** Bonds that finance social programs or services, with returns tied to the achievement of specific social outcomes.
3. **Environmental, social, and governance (ESG) investing:** A broad category of investments that consider ESG factors when making investment decisions.
4. **Impact investing:** A subset of ESG investing that focuses on generating positive social or environmental outcomes alongside financial returns.

**Benefits and challenges:**

Benefits:

* Potential for long-term financial returns
* Positive social or environmental impacts
* Increased transparency and accountability

Challenges:

* Higher costs and complexity
* Limited availability of impact data and metrics
* Potential for greenwashing or misaligned investments

**Regulatory and industry developments:**

Governments, regulatory bodies, and industry associations are increasingly recognizing the importance of sustainable finance and impact investing. This has led to the development of guidelines, standards, and frameworks to support these approaches, such as the Task Force on Climate-related Financial Disclosures (TCFD) and the Principles for Responsible Investment (PRI).

Overall, sustainable finance and impact investing aim to align financial markets with environmental and social goals, promoting a more sustainable and equitable future.",0.0,0.0,0.0,3910,2769,-1141,21.677837273083455,23.13397435897436,1.456137085890905
Healthcare Information Security,0.8,0.8,0.8,0.6,0.8,0.8,0.6,0.8,0.8,0.8,0.6,good health and well-being,"Healthcare Information Security, also known as Healthcare Information Technology (HIT) Security, refers to the practices and technologies used to protect sensitive patient information and healthcare-related data from unauthorized access, use, disclosure, modification, or destruction. This includes protecting electronic health records (EHRs), medical images, and other healthcare-related data from cyber threats.

The goal of Healthcare Information Security is to ensure the confidentiality, integrity, and availability (CIA) of healthcare data, while also complying with relevant laws and regulations, such as:

1. **Health Insurance Portability and Accountability Act (HIPAA)**: Requires healthcare organizations to implement security measures to protect patient health information.
2. **Health Information Technology for Economic and Clinical Health (HITECH) Act**: Enhances the security and privacy of electronic health information.
3. **Centers for Medicare and Medicaid Services (CMS)**: Sets standards for the security and integrity of electronic health information.

Key aspects of Healthcare Information Security:

1. **Data Protection**: Protecting patient data from unauthorized access, use, or disclosure.
2. **Access Control**: Controlling who has access to healthcare data and systems.
3. **Authentication**: Verifying the identity of users and devices.
4. **Authorization**: Ensuring that users have the necessary permissions to access and modify data.
5. **Encryption**: Protecting data in transit and at rest using encryption technologies.
6. **Intrusion Detection and Prevention**: Monitoring systems for potential security threats and preventing unauthorized access.
7. **Incident Response**: Responding to security incidents, such as data breaches, in a timely and effective manner.
8. **Compliance**: Ensuring that healthcare organizations comply with relevant laws and regulations.

Best practices for Healthcare Information Security:

1. **Implement a risk management program**: Identify, assess, and mitigate potential security risks.
2. **Use secure communication protocols**: Use secure communication protocols, such as HTTPS and SFTP, to protect data in transit.
3. **Use encryption**: Encrypt data at rest and in transit to protect against unauthorized access.
4. **Implement access controls**: Use access controls, such as passwords and multi-factor authentication, to protect against unauthorized access.
5. **Conduct regular security audits**: Regularly audit security controls to ensure they are effective and up-to-date.
6. **Provide security awareness training**: Educate healthcare staff on security best practices and the importance of protecting patient data.
7. **Stay up-to-date with security patches**: Regularly apply security patches and updates to protect against known vulnerabilities.

By implementing these best practices and technologies, healthcare organizations can ensure the security and integrity of patient data, while also complying with relevant laws and regulations.",,3.0,4.0,3.0,3023,0.0,13.69,0.0,"Healthcare Information Security refers to the practices and technologies used to protect sensitive patient data and healthcare-related information from unauthorized access, use, disclosure, modification, or destruction. This concept is a subset of Information Security, which is a broader field that encompasses the protection of digital information in various industries.

Key aspects of Healthcare Information Security include:

1. **Data Protection**: Safeguarding patient data, including medical records, billing information, and other sensitive information, from unauthorized access or disclosure.
2. **Confidentiality**: Ensuring that only authorized individuals have access to patient data, and that access is granted based on need-to-know principles.
3. **Integrity**: Preventing unauthorized modifications or deletions of patient data, ensuring that data remains accurate and reliable.
4. **Availability**: Ensuring that patient data is accessible when needed, minimizing downtime and disruptions to healthcare services.

Healthcare Information Security involves various measures, including:

1. **Encryption**: Protecting data with encryption algorithms to prevent unauthorized access.
2. **Access Control**: Implementing authentication, authorization, and accounting (AAA) mechanisms to control access to patient data.
3. **Firewalls**: Blocking unauthorized network traffic to prevent hacking and other cyber threats.
4. **Intrusion Detection and Prevention Systems**: Monitoring network traffic for signs of unauthorized access or malicious activity.
5. **Regular Backups**: Ensuring that patient data is regularly backed up to prevent data loss in case of system failures or cyber attacks.
6. **Employee Training**: Educating healthcare staff on information security best practices and the importance of protecting patient data.
7. **Compliance**: Adhering to relevant regulations, such as the Health Insurance Portability and Accountability Act (HIPAA) in the United States, which sets standards for protecting patient data.

Healthcare Information Security is critical to maintaining patient trust, preventing medical errors, and ensuring the continuity of healthcare services.",0.0,0.0,0.0,3023,2193,-830,20.355485232067508,21.23439716312057,0.8789119310530609
Cardiovascular Disease Management,0.8,0.8,0.8,0.6,0.8,0.6,0.4,0.8,0.8,0.8,0.6,good health and well-being,"Cardiovascular Disease (CVD) Management refers to the comprehensive approach to preventing, diagnosing, and treating conditions that affect the heart and blood vessels. The primary goal of CVD management is to reduce the risk of heart attacks, strokes, and other cardiovascular events, and to improve the quality of life for individuals with CVD.

**Components of CVD Management:**

1. **Risk Factor Modification:** Identifying and managing risk factors such as:
	* High blood pressure (hypertension)
	* High cholesterol (hyperlipidemia)
	* Diabetes
	* Smoking
	* Obesity
	* Physical inactivity
2. **Lifestyle Interventions:** Encouraging healthy lifestyle habits, including:
	* Regular physical activity
	* Healthy diet (e.g., Mediterranean diet)
	* Weight management
	* Stress management
	* Quitting smoking
3. **Medications:** Using medications to:
	* Lower blood pressure (antihypertensives)
	* Lower cholesterol (statins)
	* Manage diabetes (oral medications or insulin)
	* Prevent blood clots (anticoagulants)
	* Manage angina (nitrates)
4. **Cardiovascular Rehabilitation:** A program that helps individuals with CVD recover from a heart attack, stroke, or other cardiovascular event, and prepares them for a safe return to physical activity.
5. **Monitoring and Follow-up:** Regular check-ups with a healthcare provider to:
	* Monitor blood pressure and cholesterol levels
	* Assess cardiovascular risk factors
	* Adjust treatment plans as needed
6. **Surgical and Interventional Procedures:** Performing procedures such as:
	* Angioplasty
	* Stenting
	* Coronary artery bypass grafting (CABG)
	* Heart valve repair or replacement

**Goals of CVD Management:**

1. **Prevent cardiovascular events:** Reduce the risk of heart attacks, strokes, and other cardiovascular events.
2. **Improve quality of life:** Enhance physical function, reduce symptoms, and improve overall well-being.
3. **Reduce mortality:** Decrease the risk of death from cardiovascular disease.
4. **Manage comorbidities:** Address other health conditions that may be present, such as diabetes, kidney disease, or lung disease.

**Who Should Be Involved in CVD Management:**

1. **Primary Care Physician:** Provides initial diagnosis, treatment, and follow-up care.
2. **Cardiologist:** Specializes in heart and blood vessel disorders.
3. **Cardiovascular Nurse Specialist:** Provides education, support, and guidance on CVD management.
4. **Dietitian or Nutritionist:** Helps with dietary planning and management.
5. **Physical Therapist:** Assists with exercise and physical activity planning.

By working together, healthcare providers and individuals with CVD can develop a comprehensive management plan that addresses their unique needs and promotes optimal cardiovascular health.",,3.0,4.0,4.0,2763,0.0,13.99,0.0,"Cardiovascular Disease Management refers to the comprehensive approach to preventing, diagnosing, and treating cardiovascular diseases, which are conditions that affect the heart and blood vessels. This management involves a combination of medical interventions, lifestyle modifications, and monitoring to reduce the risk of cardiovascular events and improve patient outcomes.

**Definition:**

Cardiovascular Disease Management encompasses a range of strategies aimed at preventing and managing conditions such as:

1. Hypertension (high blood pressure)
2. Hyperlipidemia (high cholesterol)
3. Atherosclerosis (hardening of the arteries)
4. Coronary artery disease (CAD)
5. Heart failure
6. Arrhythmias (abnormal heart rhythms)
7. Peripheral artery disease (PAD)

**Components:**

Cardiovascular Disease Management typically involves the following components:

1. **Risk assessment:** Identifying patients at high risk of cardiovascular events through the use of risk prediction models and clinical guidelines.
2. **Lifestyle modifications:** Encouraging patients to adopt healthy lifestyle habits, such as:
	* Regular physical activity
	* Balanced diet
	* Weight management
	* Smoking cessation
	* Stress management
3. **Medication management:** Prescribing and adjusting medications to control blood pressure, cholesterol levels, and other cardiovascular risk factors.
4. **Monitoring:** Regularly monitoring patients' cardiovascular health through:
	* Blood pressure checks
	* Lipid profiles
	* Electrocardiograms (ECGs)
	* Echocardiograms
	* Other diagnostic tests as needed
5. **Interventional procedures:** Performing procedures such as:
	* Angioplasty
	* Stenting
	* Coronary artery bypass grafting (CABG)
	* Other minimally invasive procedures
6. **Education and counseling:** Educating patients and their families about cardiovascular disease, its management, and the importance of adherence to treatment plans.

**Goals:**

The primary goals of Cardiovascular Disease Management are to:

1. Reduce the risk of cardiovascular events, such as heart attacks and strokes
2. Improve patient outcomes, including reduced morbidity and mortality
3. Enhance quality of life for patients with cardiovascular disease
4. Promote adherence to treatment plans and lifestyle modifications

**Evidence-based practice:**

Cardiovascular Disease Management is guided by evidence-based clinical guidelines, such as those developed by the American Heart Association (AHA) and the European Society of Cardiology (ESC). These guidelines are based on the best available scientific evidence and are regularly updated to reflect new research and advances in the field.",0.0,0.0,0.0,2763,2654,-109,18.78095238095238,19.530339539978097,0.7493871590257157
Renewable Energy Policy,0.8,0.8,0.8,0.6,0.8,0.8,0.8,0.8,0.8,0.8,0.6,climate action,"Renewable Energy Policy refers to the set of laws, regulations, and incentives implemented by governments to promote the development and use of renewable energy sources, such as solar, wind, hydro, geothermal, and biomass. The primary goal of renewable energy policy is to reduce dependence on fossil fuels, mitigate climate change, and ensure a sustainable energy future.

**Objectives of Renewable Energy Policy:**

1. **Reduce greenhouse gas emissions**: By promoting the use of renewable energy sources, governments aim to decrease the amount of carbon dioxide and other greenhouse gases emitted into the atmosphere.
2. **Increase energy security**: Renewable energy policy helps to reduce dependence on imported fossil fuels, enhancing energy security and reducing the risks associated with price volatility.
3. **Create jobs and stimulate economic growth**: The renewable energy industry is creating new job opportunities and driving economic growth in various sectors.
4. **Improve public health**: By reducing air pollution from fossil fuels, renewable energy policy can improve public health and quality of life.

**Key Components of Renewable Energy Policy:**

1. **Renewable Portfolio Standards (RPS)**: RPS requires utilities to generate a certain percentage of their electricity from renewable sources.
2. **Tax incentives**: Governments offer tax credits or deductions to encourage investment in renewable energy projects.
3. **Grants and subsidies**: Governments provide financial support to developers and consumers of renewable energy technologies.
4. **Net metering laws**: Net metering laws allow households and businesses to generate their own renewable energy and sell any excess back to the grid.
5. **Building codes and zoning regulations**: Governments can require new buildings to incorporate renewable energy systems, such as solar panels or wind turbines.
6. **Research and development funding**: Governments invest in research and development to improve the efficiency and affordability of renewable energy technologies.
7. **Public education and awareness campaigns**: Governments educate the public about the benefits of renewable energy and promote behavioral changes to support a low-carbon lifestyle.

**Types of Renewable Energy Policy:**

1. **National policies**: Governments implement national policies to promote renewable energy development, such as setting renewable energy targets or providing tax incentives.
2. **State and local policies**: State and local governments implement policies to support renewable energy development, such as setting RPS targets or offering grants.
3. **International policies**: International agreements, such as the Paris Agreement, promote global cooperation to address climate change and support the transition to a low-carbon economy.

**Benefits of Renewable Energy Policy:**

1. **Reduced greenhouse gas emissions**: Renewable energy policy helps to mitigate climate change by reducing dependence on fossil fuels.
2. **Improved air quality**: Renewable energy policy can improve public health by reducing air pollution from fossil fuels.
3. **Job creation and economic growth**: Renewable energy policy can create new job opportunities and drive economic growth in various sectors.
4. **Increased energy security**: Renewable energy policy can reduce dependence on imported fossil fuels, enhancing energy security and reducing the risks associated with price volatility.

In conclusion, Renewable Energy Policy is a critical component of a sustainable energy future, aiming to reduce greenhouse gas emissions, improve energy security, create jobs, and stimulate economic growth.",,4.0,4.0,4.0,3656,0.0,13.93,0.0,"Renewable Energy Policy refers to the set of laws, regulations, and guidelines implemented by governments to promote the development and use of renewable energy sources, such as solar, wind, hydro, and geothermal power.

**Definition:** Renewable Energy Policy is a government's strategy to encourage the adoption of renewable energy technologies and reduce dependence on fossil fuels.

**Key Components:**

1. **Legislation:** Governments enact laws and regulations to create a favorable environment for renewable energy development, such as tax incentives, subsidies, and feed-in tariffs.
2. **Standards and Certifications:** Governments establish standards and certifications for renewable energy technologies, ensuring their safety, efficiency, and quality.
3. **Grid Integration:** Governments develop policies to integrate renewable energy sources into the existing grid, including transmission and distribution infrastructure.
4. **Research and Development:** Governments invest in research and development to improve the efficiency and affordability of renewable energy technologies.
5. **Public Education and Awareness:** Governments educate the public about the benefits and importance of renewable energy, promoting its adoption and use.

**Objectives:**

1. **Reduce Greenhouse Gas Emissions:** Renewable energy policies aim to decrease dependence on fossil fuels, thereby reducing greenhouse gas emissions and mitigating climate change.
2. **Ensure Energy Security:** By promoting domestic renewable energy production, governments aim to reduce reliance on imported fuels and enhance energy security.
3. **Create Jobs and Stimulate Economic Growth:** Renewable energy policies can create new job opportunities and stimulate economic growth in the renewable energy sector.
4. **Improve Air Quality:** Renewable energy policies can reduce air pollution from fossil fuels, improving public health and environmental quality.

**Examples of Renewable Energy Policies:**

1. **Renewable Portfolio Standard (RPS):** A policy requiring utilities to generate a certain percentage of their electricity from renewable sources.
2. **Net Metering:** A policy allowing households and businesses to generate their own renewable energy and sell excess to the grid.
3. **Tax Credits:** Governments offer tax credits to encourage investment in renewable energy projects.
4. **Feed-in Tariffs (FITs):** A policy guaranteeing a fixed price for renewable energy producers to sell their electricity to the grid.

**Challenges and Limitations:**

1. **Intermittency:** Renewable energy sources can be intermittent, requiring backup power sources and energy storage solutions.
2. **Cost:** Renewable energy technologies can be more expensive than traditional fossil fuel-based power plants.
3. **Infrastructure:** Widespread adoption of renewable energy requires significant investment in infrastructure, including transmission and distribution lines.
4. **Policy Uncertainty:** Changes in government policies can create uncertainty for investors and developers, affecting the adoption of renewable energy technologies.

In conclusion, Renewable Energy Policy is a complex and multifaceted field, aiming to promote the development and use of renewable energy sources while addressing various challenges and limitations.",0.0,0.0,0.0,3656,3308,-348,23.827225296442688,25.05934682428371,1.2321215278410236
Cognitive Training and Dementia Prevention,0.8,0.8,0.8,0.6,0.8,0.8,0.6,0.8,0.8,0.8,0.6,good health and well-being,"""Cognitive Training and Dementia Prevention"" refers to the use of cognitive training programs and interventions to improve cognitive function and potentially prevent or delay the onset of dementia. Here's a detailed explanation:

**What is Cognitive Training?**

Cognitive training involves a set of exercises and activities designed to improve cognitive function, including:

1. Attention and focus
2. Memory (short-term and long-term)
3. Executive functions (planning, decision-making, problem-solving)
4. Processing speed
5. Language and communication

These exercises can be tailored to an individual's specific needs and goals, and may be delivered in various formats, such as:

1. Computer-based programs
2. Mobile apps
3. Group classes
4. One-on-one coaching
5. Online platforms

**Theoretical Background**

The idea of cognitive training and dementia prevention is based on the concept of cognitive reserve, which suggests that individuals with higher cognitive reserve (i.e., better cognitive function) are more resilient to age-related cognitive decline and dementia. Cognitive reserve can be built through:

1. Engaging in cognitively stimulating activities (e.g., reading, puzzles, learning new skills)
2. Maintaining a healthy lifestyle (e.g., regular exercise, social engagement, stress management)
3. Engaging in mentally stimulating activities (e.g., learning a new language, playing a musical instrument)

**Research Evidence**

Numerous studies have investigated the effectiveness of cognitive training in preventing or delaying dementia. While the evidence is not yet conclusive, some studies suggest that:

1. Cognitive training can improve cognitive function in healthy older adults and individuals with mild cognitive impairment.
2. Cognitive training may reduce the risk of dementia, particularly in individuals with a family history of dementia or those with mild cognitive impairment.
3. The benefits of cognitive training may be greatest for individuals who are at higher risk of dementia, such as those with a family history or those with mild cognitive impairment.

**Examples of Cognitive Training Programs**

Some well-known cognitive training programs include:

1. Cogmed (working memory training)
2. Lumosity (cognitive training and games)
3. BrainHQ (cognitive training and games)
4. CogniFit (cognitive training and games)
5. The Brain Training Program (cognitive training and games)

**Limitations and Future Directions**

While the idea of cognitive training and dementia prevention is promising, there are several limitations and future directions to consider:

1. More research is needed to confirm the effectiveness of cognitive training in preventing or delaying dementia.
2. The optimal duration and intensity of cognitive training programs are unclear.
3. The transfer of cognitive training benefits to real-world situations is not yet well understood.
4. The role of cognitive training in conjunction with other dementia prevention strategies (e.g., physical exercise, social engagement, stress management) is an area of ongoing research.

In summary, cognitive training and dementia prevention is a promising area of research that aims to improve cognitive function and potentially prevent or delay the onset of dementia. While the evidence is not yet conclusive, cognitive training programs may be beneficial for individuals at higher risk of dementia, and further research is needed to confirm their effectiveness.",,4.0,4.0,4.0,3460,0.0,10.22,0.0,"Cognitive training and dementia prevention refer to the practice of engaging in mentally stimulating activities to improve cognitive function and potentially reduce the risk of developing dementia.

**Definition:**

Cognitive training involves the use of specific exercises and activities designed to improve cognitive abilities such as memory, attention, processing speed, and executive functions. These activities can be delivered through various formats, including computer-based programs, group classes, and individualized coaching.

**Mechanisms:**

Research suggests that cognitive training may work through several mechanisms:

1. **Neuroplasticity:** Cognitive training can stimulate the growth of new neurons and form new connections between brain cells, potentially leading to improved cognitive function.
2. **Compensatory mechanisms:** Training can help individuals develop strategies to compensate for age-related cognitive decline, such as using memory aids or developing more efficient processing habits.
3. **Reducing cognitive load:** Engaging in mentally stimulating activities may reduce the cognitive load associated with daily tasks, potentially reducing the risk of cognitive overload and related cognitive decline.

**Evidence:**

Numerous studies have investigated the effectiveness of cognitive training in preventing dementia. While results are mixed, some studies suggest that:

1. **Cognitive training can improve cognitive function:** Studies have shown that cognitive training can lead to significant improvements in cognitive abilities, particularly in older adults.
2. **Cognitive training may reduce dementia risk:** Some studies have found that cognitive training is associated with a reduced risk of developing dementia, although the evidence is not yet conclusive.
3. **Cognitive training is most effective when combined with other interventions:** Research suggests that cognitive training may be more effective when combined with other interventions, such as physical exercise, social engagement, and cognitive stimulation.

**Limitations:**

1. **Variable study quality:** The quality of studies on cognitive training and dementia prevention varies, and some studies have methodological limitations.
2. **Lack of long-term follow-up:** Many studies have limited follow-up periods, making it difficult to determine the long-term effects of cognitive training.
3. **Individual differences:** Cognitive training may not be effective for everyone, and individual differences in cognitive abilities and dementia risk may influence outcomes.

**Conclusion:**

Cognitive training and dementia prevention are complex and multifaceted topics. While some studies suggest that cognitive training may improve cognitive function and reduce dementia risk, the evidence is not yet conclusive. Further research is needed to fully understand the mechanisms and effectiveness of cognitive training in preventing dementia.",0.0,0.0,0.0,3460,2942,-518,16.80303227203812,22.80416666666667,6.001134394628551
Enhancing Climate Change Resilience in Water Stressed Areas,0.6,0.8,0.8,0.6,0.8,0.8,0.8,0.8,0.8,0.8,0.6,climate action,"A very timely and relevant topic! Enhancing climate change resilience in water-stressed areas is a critical strategy to help communities and ecosystems adapt to the impacts of climate change, particularly in regions where water scarcity is already a significant challenge.

**What is climate change resilience?**

Climate change resilience refers to the ability of a system, community, or ecosystem to withstand and recover from the impacts of climate change, such as more frequent and severe droughts, floods, and heatwaves. In the context of water-stressed areas, resilience involves managing water resources in a way that ensures their availability and quality are maintained, even in the face of changing climate conditions.

**Why is enhancing climate change resilience in water-stressed areas important?**

Water-stressed areas are particularly vulnerable to climate change, as they often rely on limited water resources that are already under strain. The impacts of climate change, such as:

1. **Changes in precipitation patterns**: More frequent and severe droughts or floods can disrupt water availability and quality.
2. **Increased evaporation**: Rising temperatures can lead to increased evaporation from water bodies, further reducing available water.
3. **Water scarcity**: Changes in precipitation patterns and increased evaporation can exacerbate existing water scarcity issues.

If not addressed, these impacts can have severe consequences, including:

1. **Food and water insecurity**: Reduced water availability can impact agriculture, leading to food shortages and economic losses.
2. **Human health risks**: Inadequate access to clean water can lead to the spread of waterborne diseases.
3. **Economic losses**: Water scarcity can impact industries, such as agriculture, manufacturing, and tourism, leading to economic losses.

**Strategies for enhancing climate change resilience in water-stressed areas**

To enhance climate change resilience in water-stressed areas, the following strategies can be employed:

1. **Water conservation and efficiency**: Implementing water-saving measures, such as using water-efficient appliances and practices, can help reduce water demand.
2. **Water storage and management**: Investing in water storage infrastructure, such as reservoirs and aqueducts, can help manage water availability during droughts or floods.
3. **Water reuse and recycling**: Implementing water reuse and recycling systems can help reduce the demand on freshwater resources.
4. **Climate-resilient water infrastructure**: Designing and building water infrastructure, such as pipes and treatment plants, that can withstand the impacts of climate change.
5. **Early warning systems and monitoring**: Establishing early warning systems and monitoring networks to detect changes in water availability and quality.
6. **Community engagement and education**: Educating communities about the importance of water conservation and the impacts of climate change on water resources.
7. **Integrated water resources management**: Managing water resources in an integrated and holistic way, taking into account the needs of all stakeholders, including agriculture, industry, and the environment.

By implementing these strategies, communities and ecosystems in water-stressed areas can enhance their resilience to climate change, ensuring the availability and quality of water resources for future generations.",,4.0,4.0,4.0,3430,0.9266186356544496,13.78,0.0,"Enhancing climate change resilience in water-stressed areas refers to the implementation of strategies and measures to mitigate the impacts of climate change on water resources and availability in regions experiencing water scarcity.

**Definition:**

Water-stressed areas are regions where the demand for water exceeds the available supply, often due to factors such as population growth, urbanization, and climate change. Climate change exacerbates water scarcity by altering precipitation patterns, increasing evaporation rates, and affecting water quality.

**Key Components:**

1. **Water Conservation:** Implementing water-saving measures, such as reducing water consumption through efficient irrigation systems, fixing leaks, and promoting water-efficient appliances.
2. **Water Storage and Management:** Developing and maintaining water storage infrastructure, such as reservoirs, dams, and aqueducts, to ensure a stable water supply.
3. **Climate-Resilient Water Infrastructure:** Designing and constructing water infrastructure that can withstand the impacts of climate change, including sea-level rise, extreme weather events, and changes in precipitation patterns.
4. **Water Recycling and Reuse:** Implementing water recycling and reuse systems to reduce the demand on freshwater sources and minimize wastewater generation.
5. **Early Warning Systems:** Establishing early warning systems to detect and respond to droughts, floods, and other climate-related water events.
6. **Community Engagement and Education:** Educating and engaging local communities in water conservation and management practices to promote behavioral change and ensure long-term sustainability.

**Causal Mechanisms:**

1. **Climate Change:** Rising temperatures, changing precipitation patterns, and increased evaporation rates contribute to water scarcity and stress.
2. **Population Growth and Urbanization:** Increasing demand for water due to population growth and urbanization exacerbates water scarcity.
3. **Water Management Practices:** Inefficient water management practices, such as over-extraction of groundwater, can further exacerbate water scarcity.

**Verifiable Facts:**

1. Climate change is projected to increase water scarcity in many regions by 2050 (IPCC, 2019).
2. Water scarcity affects over 2 billion people worldwide, with 40% of the global population living in water-stressed areas (UN, 2020).
3. Water conservation and efficient use of water can reduce water demand by up to 30% (WHO, 2019).

By understanding the key components, causal mechanisms, and verifiable facts surrounding climate change resilience in water-stressed areas, stakeholders can develop effective strategies to mitigate the impacts of climate change on water resources and ensure sustainable water management practices.",0.9266186356544496,0.0,-0.9266186356544496,3430,2805,-625,19.33846153846154,20.506128334534967,1.1676667960734264
Sustainable Cities,0.8,0.8,0.8,0.6,0.8,0.8,0.6,0.8,0.8,0.8,0.6,gender equality,"""Sustainable Cities"" refers to urban areas that are designed and managed to minimize their negative impact on the environment, social equity, and economic development, while also providing a high quality of life for their residents. The concept of sustainable cities is based on the principles of sustainability, which aim to meet the needs of the present without compromising the ability of future generations to meet their own needs.

Key characteristics of sustainable cities include:

1. **Environmental sustainability**: Cities that use renewable energy sources, reduce greenhouse gas emissions, and implement waste management and recycling programs to minimize their ecological footprint.
2. **Social equity**: Cities that promote social justice, equality, and inclusivity, ensuring that all residents have access to basic services, education, and economic opportunities.
3. **Economic viability**: Cities that foster economic growth, innovation, and job creation, while also ensuring that the benefits of development are shared equitably among all stakeholders.
4. **Innovative governance**: Cities that adopt participatory, transparent, and accountable governance practices, involving citizens, businesses, and other stakeholders in decision-making processes.
5. **Resilience and adaptability**: Cities that are able to withstand and recover from natural disasters, economic shocks, and other crises, while also adapting to changing social, economic, and environmental conditions.

Some of the key strategies for creating sustainable cities include:

1. **Green infrastructure**: Investing in parks, green roofs, and other green spaces to mitigate the urban heat island effect and improve air quality.
2. **Public transportation**: Developing efficient, reliable, and affordable public transportation systems to reduce reliance on personal vehicles.
3. **Waste management**: Implementing effective waste reduction, recycling, and composting programs to minimize waste and promote a circular economy.
4. **Energy efficiency**: Promoting energy-efficient buildings, transportation, and industry to reduce energy consumption and greenhouse gas emissions.
5. **Community engagement**: Encouraging citizen participation in urban planning and decision-making processes to ensure that the needs and concerns of all stakeholders are taken into account.
6. **Innovation and entrepreneurship**: Fostering a culture of innovation and entrepreneurship to drive economic growth, job creation, and social innovation.
7. **Climate resilience**: Developing strategies to adapt to the impacts of climate change, such as sea-level rise, extreme weather events, and heatwaves.

Examples of sustainable cities include:

1. **Copenhagen, Denmark**: Known for its carbon-neutral goals, green infrastructure, and innovative transportation systems.
2. **Vancouver, Canada**: A leader in green building, public transportation, and community engagement.
3. **Singapore**: A model for efficient urban planning, waste management, and innovative governance.
4. **Barcelona, Spain**: A city that has implemented a range of sustainable initiatives, including green roofs, bike-sharing systems, and community gardens.
5. **Stockholm, Sweden**: A city that has made significant investments in green infrastructure, public transportation, and community engagement.

These examples demonstrate that sustainable cities are not only possible but also essential for creating a better future for all.",,4.0,4.0,4.0,3469,0.0,16.43,0.0,"""Sustainable Cities"" refers to urban areas that have implemented strategies and practices to minimize their environmental impact, social inequality, and economic costs while maintaining or improving the quality of life for their residents.

The concept of sustainable cities is based on the principles of sustainable development, which was first introduced in the 1987 report ""Our Common Future"" by the World Commission on Environment and Development. Sustainable development aims to meet the needs of the present without compromising the ability of future generations to meet their own needs.

Sustainable cities typically incorporate a range of strategies, including:

1. **Environmental management**: Implementing measures to reduce greenhouse gas emissions, waste, and pollution, such as renewable energy sources, green infrastructure, and waste reduction programs.
2. **Transportation planning**: Encouraging the use of public transportation, walking, and cycling, and promoting the development of sustainable transportation systems.
3. **Water management**: Implementing efficient water use practices, reducing water waste, and protecting water sources.
4. **Urban planning**: Designing cities with compact, walkable, and mixed-use development patterns, which can reduce the need for personal vehicles and promote social interaction.
5. **Economic development**: Fostering local economic growth, creating jobs, and promoting social equity through policies and programs that support low-income and marginalized communities.
6. **Social equity**: Addressing social inequalities by providing access to affordable housing, healthcare, education, and other essential services.

The benefits of sustainable cities include:

1. **Reduced greenhouse gas emissions**: Contributing to global efforts to mitigate climate change.
2. **Improved public health**: By reducing air and water pollution, and promoting physical activity.
3. **Increased economic competitiveness**: By attracting businesses, talent, and investment.
4. **Enhanced quality of life**: By providing access to green spaces, cultural amenities, and community services.
5. **Increased resilience**: By reducing the city's vulnerability to natural disasters and economic shocks.

Examples of sustainable cities include:

1. Copenhagen, Denmark: Known for its carbon-neutral goals and green infrastructure.
2. Vancouver, Canada: Recognized for its green building policies and transportation systems.
3. Barcelona, Spain: Famed for its superblocks and pedestrian-friendly streets.
4. Singapore: A model for efficient urban planning and waste management.
5. Curitiba, Brazil: A pioneer in sustainable urban planning and transportation systems.

Overall, sustainable cities aim to balance economic, social, and environmental needs, creating a more livable, resilient, and equitable urban environment for all residents.",0.0,0.8804817199707031,0.8804817199707031,3469,2875,-594,21.764344028858932,20.880129166186137,-0.8842148626727955
Geological Carbon Storage (GCS) Technologies and Policies,0.6,0.8,0.8,0.6,0.8,0.8,0.6,0.8,0.8,0.8,0.6,climate action,"Geological Carbon Storage (GCS) technologies and policies refer to the methods and regulations used to capture and store carbon dioxide (CO2) emissions from industrial sources, such as power plants and industrial processes, in underground geological formations. The goal of GCS is to mitigate climate change by reducing the amount of CO2 released into the atmosphere.

**GCS Technologies:**

1. **Capture**: CO2 is captured from power plants, industrial processes, or directly from the air using various technologies, such as post-combustion capture, pre-combustion capture, or oxyfuel combustion.
2. **Transportation**: The captured CO2 is transported to a storage site through pipelines or ships.
3. **Injection**: The CO2 is injected into a suitable underground geological formation, such as a depleted oil or gas field, a saline aquifer, or a coal seam.
4. **Monitoring and Verification**: The injected CO2 is monitored to ensure it remains trapped and does not leak back into the atmosphere.

**GCS Policies:**

1. **Carbon Pricing**: Many countries have implemented carbon pricing mechanisms, such as carbon taxes or cap-and-trade systems, to encourage the use of GCS technologies.
2. **Regulatory Frameworks**: Governments have established regulations and guidelines for GCS projects, including permitting, monitoring, and reporting requirements.
3. **Incentives**: Governments offer incentives, such as tax credits, grants, or low-interest loans, to encourage the development of GCS projects.
4. **Research and Development**: Governments and industry partners invest in research and development to improve GCS technologies and reduce costs.
5. **International Cooperation**: Global agreements, such as the Paris Agreement, promote the use of GCS technologies and encourage international cooperation to address climate change.

**Benefits of GCS:**

1. **Climate Change Mitigation**: GCS helps reduce greenhouse gas emissions and mitigate climate change.
2. **Energy Security**: GCS can enhance energy security by reducing dependence on imported fossil fuels.
3. **Job Creation**: GCS can create new job opportunities in the energy sector.
4. **Economic Benefits**: GCS can generate revenue through carbon credits and stimulate local economies.

**Challenges and Limitations:**

1. **Cost**: GCS is a capital-intensive technology, and the costs of capture, transportation, and storage can be high.
2. **Geological Uncertainty**: The suitability of underground geological formations for CO2 storage can be uncertain.
3. **Public Perception**: GCS projects can face public opposition due to concerns about safety, environmental impact, and land use.
4. **Scalability**: GCS needs to be scaled up to have a significant impact on climate change mitigation.

In conclusion, GCS technologies and policies are essential for mitigating climate change by reducing CO2 emissions from industrial sources. While there are challenges and limitations, the benefits of GCS make it an important tool for addressing climate change.",,4.0,3.0,4.0,3021,0.6688732504844666,13.76,0.0,"Geological Carbon Storage (GCS) technologies and policies refer to the methods and regulations aimed at capturing and storing carbon dioxide (CO2) emissions underground, thereby reducing the amount of greenhouse gases in the atmosphere.

**Definition:**

Geological Carbon Storage (GCS) is a process that involves capturing CO2 emissions from industrial sources, such as power plants and industrial processes, and injecting them into underground rock formations for long-term storage. This technology is also known as Carbon Capture and Storage (CCS).

**Technologies:**

There are several GCS technologies, including:

1. **Carbon Capture:** This involves capturing CO2 emissions from industrial sources using various methods, such as post-combustion capture, pre-combustion capture, and oxyfuel combustion.
2. **Transportation:** The captured CO2 is then transported to a storage site through pipelines or ships.
3. **Storage:** The CO2 is injected into underground rock formations, such as depleted oil and gas fields, saline aquifers, or coal seams, where it is trapped by natural mechanisms.

**Policies:**

Governments and international organizations have implemented policies to support the development and deployment of GCS technologies. These policies include:

1. **Carbon pricing:** Governments have implemented carbon pricing mechanisms, such as carbon taxes or cap-and-trade systems, to provide a financial incentive for companies to invest in GCS technologies.
2. **Subsidies and grants:** Governments have provided subsidies and grants to support the development and deployment of GCS technologies.
3. **Regulatory frameworks:** Governments have established regulatory frameworks to ensure the safe and responsible development of GCS projects.
4. **International cooperation:** International organizations, such as the International Energy Agency (IEA) and the United Nations Framework Convention on Climate Change (UNFCCC), have promoted the development and deployment of GCS technologies through international cooperation and knowledge sharing.

**Benefits and Challenges:**

GCS technologies have several benefits, including:

1. **Reduced greenhouse gas emissions:** GCS can reduce CO2 emissions from industrial sources, contributing to climate change mitigation.
2. **Energy security:** GCS can enhance energy security by reducing dependence on fossil fuels and promoting the use of low-carbon energy sources.
3. **Economic benefits:** GCS can create jobs and stimulate economic growth in regions where GCS projects are developed.

However, GCS technologies also face several challenges, including:

1. **High costs:** GCS technologies are currently more expensive than other carbon mitigation options.
2. **Technical challenges:** GCS requires significant technical expertise and infrastructure development.
3. **Public acceptance:** GCS projects may face public opposition due to concerns about safety, environmental impacts, and land use.

Overall, GCS technologies and policies aim to reduce greenhouse gas emissions and mitigate climate change by capturing and storing CO2 emissions underground. While there are benefits and challenges associated with GCS, it is considered a crucial component of a comprehensive climate change mitigation strategy.",0.6688732504844666,0.0,-0.6688732504844666,3021,3273,252,18.470588235294116,20.96384439359268,2.493256158298564
Renewable Energy Grid Integration,0.8,0.8,0.8,0.6,0.8,0.8,0.6,0.8,0.8,0.8,0.6,climate action,"Renewable Energy Grid Integration (REGI) refers to the process of connecting and integrating renewable energy sources, such as solar, wind, hydro, and geothermal power, into the existing electrical grid. The goal of REGI is to ensure a stable, reliable, and efficient supply of electricity to meet the demands of the grid, while also promoting the widespread adoption of renewable energy sources.

**Challenges of REGI:**

1. **Intermittency**: Renewable energy sources like solar and wind are intermittent, meaning their output varies depending on weather conditions.
2. **Grid stability**: The integration of renewable energy sources can affect the stability of the grid, particularly if the output is not synchronized with the grid's frequency and voltage.
3. **Power quality**: Renewable energy sources can introduce power quality issues, such as voltage fluctuations and harmonic distortion.
4. **Grid infrastructure**: The existing grid infrastructure may not be designed to handle the variable output of renewable energy sources.

**Solutions for REGI:**

1. **Grid management systems**: Advanced grid management systems can monitor and control the grid in real-time, ensuring that the output of renewable energy sources is balanced with the grid's demand.
2. **Energy storage**: Energy storage systems, such as batteries, can help stabilize the grid by storing excess energy generated by renewable sources and releasing it when needed.
3. **Smart inverters**: Smart inverters can convert the output of renewable energy sources to match the grid's frequency and voltage, ensuring a stable and efficient connection.
4. **Grid-scale energy storage**: Large-scale energy storage systems, such as pumped hydro storage, can help stabilize the grid by storing excess energy generated by renewable sources and releasing it when needed.
5. **Demand response**: Demand response systems can adjust the grid's demand in real-time, based on the output of renewable energy sources.
6. **Grid modernization**: Upgrading the grid infrastructure to include advanced technologies, such as high-voltage direct current (HVDC) transmission and advanced grid management systems, can help integrate renewable energy sources more efficiently.

**Benefits of REGI:**

1. **Increased renewable energy penetration**: REGI enables the widespread adoption of renewable energy sources, reducing greenhouse gas emissions and mitigating climate change.
2. **Improved grid reliability**: REGI can improve the reliability of the grid by reducing the likelihood of power outages and improving the overall efficiency of the grid.
3. **Economic benefits**: REGI can create new economic opportunities, such as jobs and revenue streams, in the renewable energy sector.
4. **Enhanced energy security**: REGI can improve energy security by reducing dependence on fossil fuels and promoting energy self-sufficiency.

**Future of REGI:**

The integration of renewable energy sources into the grid is expected to continue growing, driven by declining technology costs, increasing energy demand, and growing concerns about climate change. As the grid becomes increasingly decentralized and democratized, REGI will play a critical role in ensuring a stable, reliable, and efficient supply of electricity to meet the demands of the grid.",,4.0,4.0,4.0,3298,0.0,15.02,0.0,"Renewable Energy Grid Integration refers to the process of connecting renewable energy sources, such as solar, wind, and hydroelectric power, to the electrical grid. This integration enables the efficient and reliable supply of renewable energy to meet electricity demand.

**Key Components:**

1. **Renewable Energy Sources**: These are energy-generating systems that use natural resources, such as sunlight, wind, or water, to produce electricity.
2. **Grid**: The electrical grid is a network of power transmission and distribution lines that transport electricity from generating stations to consumers.
3. **Grid Management Systems**: These are software and hardware systems that monitor and control the flow of electricity on the grid, ensuring stability and reliability.

**Challenges and Considerations:**

1. **Intermittency**: Renewable energy sources, such as solar and wind power, are intermittent, meaning their output varies depending on weather conditions.
2. **Grid Stability**: The integration of renewable energy sources can affect grid stability, as the variable output can cause fluctuations in voltage and frequency.
3. **Power Quality**: Renewable energy sources can introduce power quality issues, such as voltage fluctuations and harmonic distortion, which can affect the reliability of the grid.
4. **Transmission and Distribution**: The integration of renewable energy sources requires upgrades to the transmission and distribution infrastructure to ensure efficient and reliable delivery of electricity.

**Solutions and Technologies:**

1. **Smart Grids**: Advanced grid management systems that use real-time monitoring and control to optimize the integration of renewable energy sources.
2. **Energy Storage**: Technologies, such as batteries, that can store excess energy generated by renewable sources and release it when needed.
3. **Grid-Scale Energy Storage**: Large-scale energy storage systems that can provide long-duration energy storage and help stabilize the grid.
4. **Power Electronics**: Devices that can convert and control the flow of electricity, enabling the efficient integration of renewable energy sources.

**Benefits:**

1. **Reduced Greenhouse Gas Emissions**: Renewable energy sources can reduce greenhouse gas emissions and mitigate climate change.
2. **Improved Energy Security**: Diversifying energy sources can reduce dependence on fossil fuels and enhance energy security.
3. **Economic Benefits**: Renewable energy can create jobs and stimulate local economies.
4. **Enhanced Grid Resilience**: The integration of renewable energy sources can improve grid resilience and reduce the risk of power outages.

In summary, Renewable Energy Grid Integration is a complex process that requires careful planning, design, and implementation to ensure the efficient and reliable supply of renewable energy to meet electricity demand.",0.0,0.0,0.0,3298,2882,-416,20.939628732849073,20.615485278080698,-0.32414345476837525
Community-led Climate Resilience,0.6,0.8,0.8,0.6,0.8,0.8,0.6,0.8,0.8,0.8,0.6,climate action,"""Community-led Climate Resilience"" (CLCR) is an approach to climate resilience that prioritizes the needs, knowledge, and leadership of local communities in building their capacity to withstand and adapt to the impacts of climate change. This approach recognizes that communities are often the most affected by climate-related disasters and changes, and that they have a unique understanding of their local context, social structures, and environmental conditions.

Key principles of Community-led Climate Resilience include:

1. **Community ownership and leadership**: Communities take the lead in identifying their climate-related risks and needs, and in developing and implementing their own resilience plans.
2. **Participatory and inclusive decision-making**: All community members, including women, youth, and marginalized groups, are involved in decision-making processes to ensure that everyone's perspectives and needs are considered.
3. **Contextual understanding**: Community-led approaches recognize that climate resilience is not a one-size-fits-all solution, and that local contexts, cultures, and traditions must be taken into account.
4. **Capacity building and empowerment**: Communities are empowered to take charge of their own resilience, with support from external partners to build their capacity, skills, and knowledge.
5. **Integration with existing community structures**: CLCR approaches often build on existing community structures, such as traditional governance systems, social networks, and community organizations.
6. **Focus on social and economic resilience**: CLCR prioritizes building social and economic resilience, including community cohesion, social capital, and economic diversification, in addition to physical infrastructure and environmental protection.
7. **Emphasis on adaptation and transformation**: CLCR recognizes that climate change requires not only adaptation but also transformation, and that communities must be able to adapt to changing circumstances and transform their systems and practices to build long-term resilience.

Benefits of Community-led Climate Resilience include:

1. **Increased community ownership and engagement**: CLCR approaches foster a sense of community ownership and responsibility for climate resilience, leading to increased engagement and participation.
2. **More effective and sustainable solutions**: Community-led approaches often result in more effective and sustainable solutions that are tailored to local contexts and needs.
3. **Improved social and economic outcomes**: CLCR can lead to improved social and economic outcomes, including increased community cohesion, social capital, and economic diversification.
4. **Enhanced climate justice and equity**: CLCR prioritizes the needs and perspectives of marginalized and vulnerable groups, promoting climate justice and equity.

Examples of Community-led Climate Resilience initiatives include:

1. **Community-based early warning systems**: Communities establish their own early warning systems to alert members of impending climate-related disasters.
2. **Climate-resilient agriculture**: Communities develop and implement climate-resilient agricultural practices, such as agroforestry and conservation agriculture.
3. **Community-led disaster risk reduction**: Communities take the lead in developing and implementing disaster risk reduction plans, including evacuation plans and emergency preparedness.
4. **Climate-resilient infrastructure**: Communities design and implement climate-resilient infrastructure, such as sea walls, green roofs, and climate-resilient buildings.

Overall, Community-led Climate Resilience is a powerful approach to building climate resilience that prioritizes the needs, knowledge, and leadership of local communities.",,4.0,4.0,3.0,3791,0.0,15.7,0.0,"Community-led Climate Resilience (CLCR) refers to a development approach that empowers local communities to take ownership of climate change adaptation and resilience efforts. This approach focuses on building the capacity of communities to anticipate, prepare for, and respond to climate-related hazards and impacts.

Key characteristics of CLCR include:

1. **Community participation**: Local communities are actively involved in the planning, decision-making, and implementation of climate resilience initiatives.
2. **Contextual understanding**: CLCR acknowledges that climate change impacts vary across different regions, cultures, and socio-economic contexts. It seeks to understand the unique needs and vulnerabilities of each community.
3. **Capacity building**: CLCR aims to enhance the skills, knowledge, and resources of community members to manage climate-related risks and opportunities.
4. **Inclusive decision-making**: CLCR promotes inclusive decision-making processes that involve diverse stakeholders, including women, youth, and marginalized groups.
5. **Integration with existing systems**: CLCR seeks to integrate climate resilience efforts with existing community development initiatives, such as disaster risk reduction, water management, and agriculture.

The underlying principles of CLCR include:

1. **Empowerment**: Building the capacity of community members to take ownership of climate resilience efforts.
2. **Participatory governance**: Encouraging inclusive decision-making processes that reflect the needs and priorities of the community.
3. **Adaptation and resilience**: Focusing on building the ability of communities to adapt to and recover from climate-related shocks and stresses.

CLCR has been implemented in various contexts, including rural and urban areas, and has been associated with several benefits, such as:

1. **Improved community resilience**: CLCR has helped communities to better anticipate and prepare for climate-related hazards.
2. **Increased community engagement**: CLCR has fostered a sense of ownership and responsibility among community members.
3. **Enhanced adaptive capacity**: CLCR has enabled communities to adapt to changing climate conditions and build their resilience over time.

However, CLCR also faces challenges, such as:

1. **Scalability**: CLCR initiatives may be difficult to scale up to larger populations or across multiple communities.
2. **Sustainability**: CLCR efforts may require ongoing support and resources to maintain their effectiveness.
3. **Integration with national policies**: CLCR initiatives may need to be integrated with national policies and frameworks to ensure coherence and effectiveness.

Overall, Community-led Climate Resilience is a development approach that seeks to empower local communities to take ownership of climate change adaptation and resilience efforts. Its effectiveness depends on the ability to build community capacity, foster inclusive decision-making, and integrate with existing systems and policies.",0.0,0.0,0.0,3791,3026,-765,23.42533692722372,20.641717116125484,-2.7836198110982373
Disaster Risk Reduction in Industrial Settings,0.4,0.8,0.8,0.6,0.8,0.6,0.6,0.8,0.8,0.8,0.6,climate action,"Disaster Risk Reduction in Industrial Settings refers to the proactive measures taken by industries to mitigate the impact of natural and human-induced disasters on their operations, employees, and the surrounding community. The goal is to reduce the risk of disasters and minimize the consequences when they do occur.

Industrial settings are particularly vulnerable to disasters due to the presence of hazardous materials, heavy machinery, and large workforces. Disasters can disrupt production, cause injuries and fatalities, and lead to significant economic losses.

Some of the key aspects of Disaster Risk Reduction in Industrial Settings include:

1. **Risk Assessment**: Identifying potential hazards and assessing the likelihood and potential impact of disasters on the industry.
2. **Emergency Planning**: Developing and implementing emergency plans, including evacuation procedures, communication protocols, and response strategies.
3. **Safety Training**: Providing regular training to employees on disaster preparedness, response, and recovery.
4. **Infrastructure Design**: Designing and maintaining infrastructure to withstand natural disasters, such as earthquakes, floods, and hurricanes.
5. **Supply Chain Resilience**: Ensuring that supply chains are resilient and can withstand disruptions caused by disasters.
6. **Business Continuity Planning**: Developing plans to maintain business operations and minimize downtime in the event of a disaster.
7. **Community Engagement**: Engaging with local communities to raise awareness about disaster risks and promote collaboration in disaster preparedness and response.
8. **Regulatory Compliance**: Ensuring compliance with relevant laws, regulations, and industry standards related to disaster risk reduction.

Some of the specific measures that industries can take to reduce disaster risk include:

1. **Conducting regular safety audits** to identify potential hazards and vulnerabilities.
2. **Implementing early warning systems** to detect and respond to potential disasters.
3. **Developing and maintaining emergency response plans** that include evacuation procedures, communication protocols, and response strategies.
4. **Providing regular training and drills** to employees on disaster preparedness and response.
5. **Investing in disaster-resistant infrastructure**, such as flood-resistant buildings and earthquake-resistant equipment.
6. **Developing business continuity plans** to ensure that operations can continue despite disruptions caused by disasters.
7. **Engaging with local communities** to raise awareness about disaster risks and promote collaboration in disaster preparedness and response.

By taking proactive measures to reduce disaster risk, industries can minimize the impact of disasters, protect their employees and assets, and maintain business continuity.",,3.0,4.0,3.0,2852,0.0,14.18,0.0,"Disaster Risk Reduction in Industrial Settings refers to the implementation of measures to mitigate the potential impacts of disasters on industrial facilities, operations, and surrounding communities. This concept involves identifying, assessing, and managing risks associated with various types of disasters, such as natural hazards (e.g., earthquakes, floods, hurricanes), technological hazards (e.g., chemical spills, explosions), and human-induced hazards (e.g., terrorism, cyber attacks).

Key aspects of Disaster Risk Reduction in Industrial Settings include:

1. **Risk Assessment**: Identifying potential hazards, their likelihood, and potential consequences. This involves analyzing the industrial facility's location, design, operations, and surrounding environment.
2. **Vulnerability Analysis**: Evaluating the facility's susceptibility to disasters, including its infrastructure, equipment, and personnel.
3. **Hazard Mitigation**: Implementing measures to reduce the likelihood or impact of disasters, such as:
	* Designing and constructing facilities with disaster-resistant materials and designs.
	* Implementing emergency response plans and conducting regular drills.
	* Conducting regular maintenance and inspections to prevent equipment failures.
	* Developing and enforcing safety protocols for personnel.
4. **Emergency Preparedness**: Developing and implementing emergency response plans, including:
	* Identifying emergency response teams and their roles.
	* Establishing communication protocols with local authorities and emergency services.
	* Conducting regular drills and exercises to ensure preparedness.
5. **Business Continuity Planning**: Developing strategies to minimize disruptions to operations and maintain business continuity in the event of a disaster.
6. **Community Engagement**: Collaborating with local communities to raise awareness about disaster risks and promote preparedness and resilience.

Effective Disaster Risk Reduction in Industrial Settings requires a proactive and multi-faceted approach, involving:

1. **Regulatory Compliance**: Adhering to relevant laws, regulations, and industry standards for disaster risk reduction.
2. **Stakeholder Engagement**: Collaborating with local authorities, emergency services, and neighboring communities to share knowledge and best practices.
3. **Continuous Improvement**: Regularly reviewing and updating disaster risk reduction plans and measures to reflect changing circumstances and new knowledge.

By implementing these measures, industrial facilities can reduce their vulnerability to disasters, minimize potential impacts, and contribute to the overall resilience of surrounding communities.",0.0,0.0,0.0,2852,2692,-160,21.970515970515972,24.52341866449953,2.552902693983558
Sustainable Materials Science,0.6,0.8,0.8,0.6,0.8,0.8,0.6,0.8,0.8,0.8,0.6,climate action,"Sustainable Materials Science is an interdisciplinary field that focuses on the development of materials and products that are not only functional and efficient but also environmentally friendly, socially responsible, and economically viable. The goal of Sustainable Materials Science is to create materials and products that minimize harm to the environment, conserve resources, and promote human well-being.

**Key Principles:**

1. **Renewability**: Using renewable resources, such as biomass, solar energy, and wind energy, to reduce dependence on non-renewable resources.
2. **Recyclability**: Designing materials and products that can be easily recycled, reused, or biodegradable.
3. **Biodegradability**: Creating materials that can break down naturally in the environment, reducing waste and pollution.
4. **Energy efficiency**: Developing materials and products that minimize energy consumption and reduce greenhouse gas emissions.
5. **Toxicity reduction**: Minimizing the use of toxic substances and designing materials that are non-toxic and safe for human health.
6. **End-of-life design**: Designing materials and products with recyclability, reusability, and biodegradability in mind, to minimize waste and pollution.

**Applications:**

1. **Packaging**: Developing biodegradable, compostable, and recyclable packaging materials to reduce waste and pollution.
2. **Textiles**: Creating sustainable textiles from renewable resources, such as plant-based fibers, recycled materials, and biodegradable materials.
3. **Construction materials**: Designing sustainable building materials, such as recycled concrete, low-carbon concrete, and sustainable wood products.
4. **Electronics**: Developing sustainable electronics, such as recyclable and biodegradable components, and energy-efficient devices.
5. **Aerospace**: Creating sustainable materials and products for the aerospace industry, such as lightweight, high-strength materials and recyclable components.

**Benefits:**

1. **Environmental sustainability**: Reducing waste, pollution, and greenhouse gas emissions.
2. **Economic benefits**: Creating new markets, jobs, and industries related to sustainable materials and products.
3. **Social benefits**: Improving human health, safety, and well-being through the use of non-toxic and safe materials.
4. **Innovation**: Driving innovation and technological advancements in materials science and engineering.

**Challenges:**

1. **Scalability**: Scaling up sustainable materials and products to meet market demand.
2. **Cost**: Reducing the cost of sustainable materials and products to make them competitive with traditional materials.
3. **Regulation**: Developing and enforcing regulations to support the adoption of sustainable materials and products.
4. **Public awareness**: Educating consumers and stakeholders about the benefits and importance of sustainable materials and products.

Overall, Sustainable Materials Science is a critical field that requires collaboration among researchers, industry leaders, policymakers, and consumers to create a more sustainable and environmentally conscious world.",,4.0,4.0,4.0,3129,0.0,14.9,0.0,"Sustainable Materials Science is a multidisciplinary field of study that focuses on the development and application of materials that minimize environmental impact while meeting human needs. This field combines principles from materials science, chemistry, biology, and engineering to design, synthesize, and characterize materials that are environmentally friendly, socially responsible, and economically viable.

Key aspects of Sustainable Materials Science include:

1. **Material selection**: Identifying and utilizing materials that are abundant, renewable, and non-toxic, such as biomass, bioplastics, and recycled materials.
2. **Material design**: Developing new materials or modifying existing ones to have improved properties, such as durability, recyclability, and biodegradability.
3. **Life cycle assessment**: Evaluating the environmental impact of materials throughout their entire life cycle, from extraction to end-of-life disposal or recycling.
4. **Sustainable production processes**: Implementing processes that minimize energy consumption, water usage, and waste generation, such as using renewable energy sources and closed-loop production systems.
5. **Material recycling and reuse**: Designing materials and systems that facilitate easy recycling and reuse, reducing waste and the need for primary raw materials.

Sustainable Materials Science aims to address various environmental challenges, including:

* **Climate change**: Developing materials that can sequester carbon, reduce greenhouse gas emissions, or mitigate the effects of climate change.
* **Resource depletion**: Designing materials that can be produced from abundant, renewable resources, reducing dependence on finite resources.
* **Pollution**: Creating materials that are non-toxic, biodegradable, and free from hazardous chemicals, minimizing environmental pollution.

The field of Sustainable Materials Science is driven by the need to balance human needs with environmental sustainability. By developing and applying sustainable materials, researchers and industries can contribute to a more environmentally conscious and responsible future.",0.0,0.0,0.0,3129,2137,-992,24.067413715822504,25.85809414466131,1.790680428838808
Aging and Cognition,0.8,0.8,0.8,0.6,0.8,0.6,0.6,0.8,0.8,0.8,0.6,good health and well-being,"Aging and cognition is a multidisciplinary field of study that explores the changes in cognitive abilities that occur as people age. Cognitive abilities include memory, attention, language, problem-solving, and decision-making. As people age, they may experience declines in these abilities, which can impact their daily lives and overall well-being.

**Changes in Cognition with Aging**

Research has shown that cognitive abilities decline with age, but the rate and extent of decline vary across individuals and domains. Some of the most common changes in cognition with aging include:

1. **Memory Decline**: Older adults may experience difficulties with memory, including:
	* Short-term memory: Trouble remembering recent events or conversations.
	* Long-term memory: Difficulty recalling memories from earlier in life.
	* Episodic memory: Trouble remembering specific events or experiences.
2. **Slowed Processing Speed**: Older adults may take longer to process information and make decisions.
3. **Decreased Attention**: Older adults may have difficulty focusing attention and filtering out distractions.
4. **Language Decline**: Older adults may experience difficulties with language, including:
	* Word retrieval: Trouble finding the right words to express themselves.
	* Comprehension: Difficulty understanding complex language or instructions.
5. **Executive Function Decline**: Older adults may experience difficulties with executive functions, including:
	* Planning: Trouble planning and organizing tasks.
	* Problem-solving: Difficulty solving problems or making decisions.
	* Decision-making: Trouble making decisions or weighing options.

**Factors Contributing to Cognitive Decline**

Several factors contribute to cognitive decline with aging, including:

1. **Genetics**: Genetic predispositions can influence cognitive decline.
2. **Lifestyle Factors**: Lifestyle factors, such as:
	* Physical activity: Regular exercise can help maintain cognitive function.
	* Diet: A healthy diet rich in fruits, vegetables, and omega-3 fatty acids can support cognitive health.
	* Sleep: Adequate sleep is essential for cognitive function.
	* Social engagement: Social interaction and engagement can help maintain cognitive function.
3. **Medical Conditions**: Certain medical conditions, such as:
	* Alzheimer's disease: A degenerative brain disease that affects memory and cognitive function.
	* Vascular dementia: A condition caused by reduced blood flow to the brain.
	* Depression: A mental health condition that can impact cognitive function.
4. **Cognitive Reserve**: Cognitive reserve refers to the brain's ability to adapt and compensate for age-related changes. Individuals with higher cognitive reserve may be better able to maintain cognitive function as they age.

**Interventions and Strategies**

While some cognitive decline is inevitable with aging, there are interventions and strategies that can help maintain cognitive function and promote healthy aging, including:

1. **Cognitive Training**: Engage in mentally stimulating activities, such as:
	* Reading and puzzles.
	* Learning new skills or hobbies.
	* Engaging in mentally demanding activities, such as playing chess or bridge.
2. **Physical Exercise**: Regular exercise can help maintain cognitive function and overall health.
3. **Social Engagement**: Engage in social activities and maintain social connections to support cognitive health.
4. **Sleep and Nutrition**: Prioritize sleep and nutrition to support cognitive function.
5. **Cognitive Stimulation**: Engage in activities that challenge the brain, such as learning a new language or playing a musical instrument.

In conclusion, aging and cognition is a complex and multifaceted field of study that explores the changes in cognitive abilities that occur as people age. While some cognitive decline is inevitable, there are interventions and strategies that can help maintain cognitive function and promote healthy aging.",,3.0,4.0,4.0,3966,0.0,11.46,0.0,"Aging and cognition refer to the complex and multifaceted relationship between the aging process and cognitive function. Cognitive function encompasses various mental processes, including attention, memory, language, problem-solving, and decision-making.

**Definition of Aging:**

Aging is a natural biological process that occurs in all living organisms, characterized by a series of physical, physiological, and psychological changes that occur over time. It is a complex and multifaceted phenomenon that involves the accumulation of cellular, molecular, and systemic changes that can affect various bodily systems.

**Cognitive Changes with Aging:**

As individuals age, they may experience cognitive changes, including:

1. **Decline in processing speed**: Older adults may take longer to process information and respond to stimuli.
2. **Memory impairments**: Age-related memory loss can manifest as difficulty learning new information, recalling familiar words, or remembering recent events.
3. **Executive function decline**: Older adults may experience difficulties with planning, decision-making, and problem-solving.
4. **Language processing changes**: Age-related changes in language processing can lead to difficulties with word retrieval, comprehension, and communication.
5. **Attention and concentration**: Older adults may experience difficulties with sustained attention and concentration.

**Mechanisms Underlying Aging and Cognition:**

Several mechanisms contribute to the relationship between aging and cognition, including:

1. **Neurotransmitter changes**: Alterations in neurotransmitter systems, such as dopamine and acetylcholine, can affect cognitive function.
2. **Neuroinflammation**: Chronic inflammation in the brain can contribute to cognitive decline.
3. **Oxidative stress**: Accumulation of oxidative damage can lead to cellular and molecular changes that affect cognitive function.
4. **Neuroplasticity**: Age-related changes in neural connectivity and synaptic plasticity can impact cognitive processing.
5. **Genetic factors**: Genetic predisposition can influence an individual's susceptibility to age-related cognitive decline.

**Factors Influencing Aging and Cognition:**

Several factors can influence the relationship between aging and cognition, including:

1. **Lifestyle factors**: Physical activity, diet, sleep, and social engagement can impact cognitive function.
2. **Genetic factors**: Genetic predisposition can influence an individual's susceptibility to age-related cognitive decline.
3. **Medical conditions**: Presence of chronic medical conditions, such as diabetes, hypertension, or dementia, can impact cognitive function.
4. **Environmental factors**: Exposure to environmental toxins, noise, or other stressors can affect cognitive processing.

**Conclusion:**

Aging and cognition are complex and multifaceted phenomena that involve the interplay of various biological, psychological, and environmental factors. Understanding the mechanisms underlying aging and cognition can provide insights into the development of effective interventions and strategies to promote healthy aging and cognitive function.",0.0,0.0,0.0,3966,3167,-799,17.5128319524113,22.042966751918158,4.5301347995068575
Infectious disease epidemiology,0.8,0.8,0.8,0.6,0.8,0.4,0.6,0.8,0.8,0.8,0.6,good health and well-being,"A fascinating field! Infectious disease epidemiology is the study of the distribution and determinants of infectious diseases in populations. It's a multidisciplinary field that combines epidemiology, microbiology, public health, and statistics to understand, prevent, and control infectious diseases.

**Key concepts:**

1. **Infectious diseases**: These are diseases caused by pathogens, such as bacteria, viruses, fungi, and parasites, that can be transmitted from person to person or through vectors like insects.
2. **Epidemiology**: The study of the patterns, causes, and effects of diseases in populations.
3. **Transmission dynamics**: The study of how infectious diseases spread within and between populations.

**Goals of infectious disease epidemiology:**

1. **Identify and understand the causes** of infectious disease outbreaks and epidemics.
2. **Characterize the transmission dynamics** of infectious diseases, including the role of vectors, hosts, and environmental factors.
3. **Develop and evaluate interventions** to prevent and control infectious diseases, such as vaccination, contact tracing, and quarantine.
4. **Monitor and analyze disease trends** to inform public health policy and practice.

**Key methods and tools:**

1. **Surveillance**: The systematic collection, analysis, and interpretation of data on infectious diseases to monitor trends and detect outbreaks.
2. **Outbreak investigation**: A detailed analysis of the causes and transmission dynamics of an infectious disease outbreak.
3. **Statistical modeling**: The use of mathematical models to predict the spread of infectious diseases and evaluate the effectiveness of interventions.
4. **Laboratory testing**: The use of microbiological and molecular techniques to identify and characterize infectious agents.
5. **Geographic information systems (GIS)**: The use of mapping and spatial analysis techniques to understand the distribution of infectious diseases and identify high-risk areas.

**Applications:**

1. **Vaccine development and evaluation**: Infectious disease epidemiology informs the development and evaluation of vaccines to prevent infectious diseases.
2. **Public health policy and practice**: The field informs policy and practice decisions related to infectious disease control, such as quarantine, contact tracing, and disease reporting.
3. **Global health security**: Infectious disease epidemiology plays a critical role in global health security, particularly in responding to pandemics and outbreaks.
4. **Research and development**: The field drives research and development of new diagnostic tools, treatments, and prevention strategies for infectious diseases.

**Examples of infectious disease epidemiology in action:**

1. **Ebola outbreak response**: Infectious disease epidemiology played a critical role in responding to the 2014-2016 Ebola outbreak in West Africa.
2. **Measles elimination**: The field has contributed to the elimination of measles in many countries through vaccination and surveillance efforts.
3. **HIV/AIDS research**: Infectious disease epidemiology has informed our understanding of HIV transmission dynamics and the development of effective prevention and treatment strategies.

In summary, infectious disease epidemiology is a critical field that combines epidemiology, microbiology, and public health to understand, prevent, and control infectious diseases. Its applications are diverse, ranging from vaccine development and evaluation to global health security and research and development.",,3.0,4.0,3.0,3541,0.9239423274993896,12.5,0.0,"Infectious disease epidemiology is the study of the distribution and determinants of infectious diseases in populations. It is a branch of epidemiology that focuses on the investigation and control of infectious diseases, which are caused by pathogens such as bacteria, viruses, fungi, and parasites.

Epidemiologists use various methods to study infectious diseases, including:

1. Descriptive epidemiology: This involves collecting and analyzing data on the distribution of infectious diseases in populations, including the number of cases, incidence rates, and mortality rates.
2. Analytical epidemiology: This involves identifying the causes of infectious diseases, including the role of pathogens, host factors, and environmental factors.
3. Intervention epidemiology: This involves designing and implementing interventions to prevent or control infectious diseases, such as vaccination programs, antibiotic treatment, and vector control.

Infectious disease epidemiologists use various tools and techniques to study infectious diseases, including:

1. Surveillance: This involves monitoring the occurrence of infectious diseases in populations, including reporting cases to public health authorities.
2. Laboratory testing: This involves testing samples from patients to identify the presence of pathogens.
3. Statistical analysis: This involves using statistical methods to analyze data on infectious diseases, including the use of regression analysis and time-series analysis.
4. Mathematical modeling: This involves using mathematical models to simulate the spread of infectious diseases and predict the impact of interventions.

The goals of infectious disease epidemiology include:

1. Identifying the causes of infectious diseases
2. Describing the distribution and determinants of infectious diseases
3. Developing and implementing interventions to prevent or control infectious diseases
4. Evaluating the effectiveness of interventions
5. Informing public health policy and practice.

Infectious disease epidemiology is an essential tool for public health professionals, policymakers, and healthcare providers to understand and control infectious diseases, which can have significant impacts on human health, economies, and societies.",0.9239423274993896,0.0,-0.9239423274993896,3541,2248,-1293,19.904433497536946,22.14877589453861,2.244342397001663
Community-Based Tourism for Sustainable Development,0.8,0.8,0.8,0.6,0.8,0.8,0.6,0.8,0.8,0.8,0.6,climate action,"Community-Based Tourism (CBT) is a type of tourism that involves local communities in the planning, management, and operation of tourism activities, with the primary goal of promoting sustainable development and benefiting the local community. Here's a breakdown of the concept:

**Key Principles:**

1. **Community ownership**: Local communities are involved in the decision-making process, ensuring that their needs and interests are prioritized.
2. **Sustainable development**: CBT aims to promote sustainable development by generating income, creating jobs, and improving the quality of life for local people.
3. **Cultural sensitivity**: CBT respects and preserves the cultural heritage and traditions of the local community.
4. **Environmental conservation**: CBT promotes environmentally friendly practices and responsible tourism behaviors.
5. **Fair distribution of benefits**: CBT ensures that the benefits of tourism are shared equitably among community members.

**Benefits:**

1. **Income generation**: CBT provides a source of income for local communities, helping to reduce poverty and improve living standards.
2. **Job creation**: CBT creates employment opportunities for local people, contributing to economic growth and development.
3. **Cultural preservation**: CBT helps to preserve local cultures and traditions, promoting cultural diversity and understanding.
4. **Environmental conservation**: CBT promotes environmentally friendly practices, contributing to the conservation of natural resources and biodiversity.
5. **Community empowerment**: CBT empowers local communities to take control of their own development, promoting self-reliance and self-sufficiency.

**Examples:**

1. **Homestays**: Local families offer accommodation to tourists, providing a unique cultural experience and generating income for the family.
2. **Community-led tours**: Local guides lead tourists on tours, sharing their knowledge and expertise about the local culture, history, and environment.
3. **Sustainable agriculture**: Local communities engage in sustainable agriculture practices, such as organic farming, to promote environmental conservation and food security.
4. **Community-managed eco-lodges**: Local communities manage eco-lodges, providing tourists with a unique and environmentally friendly accommodation experience.

**Challenges:**

1. **Capacity building**: Local communities may require training and capacity building to manage tourism activities effectively.
2. **Infrastructure development**: CBT may require investment in infrastructure, such as roads, water, and sanitation facilities.
3. **Marketing and promotion**: CBT requires effective marketing and promotion to attract tourists and generate income.
4. **Regulatory frameworks**: CBT may require regulatory frameworks to ensure that tourism activities are managed sustainably and responsibly.

Overall, Community-Based Tourism is a powerful tool for promoting sustainable development and benefiting local communities. By empowering local communities to take control of their own development, CBT can help to reduce poverty, promote cultural preservation, and conserve the environment.",,4.0,4.0,4.0,3171,0.0,15.16,0.0,"Community-Based Tourism (CBT) is a type of tourism that involves the local community in the planning, management, and operation of tourism activities. The primary goal of CBT is to promote sustainable development by ensuring that tourism benefits the local community and contributes to the conservation of natural and cultural resources.

CBT is based on the principles of community participation, equity, and sustainability. It involves the active involvement of local communities in decision-making processes, ensuring that they have a say in the development and management of tourism activities. This approach aims to empower local communities to take control of their own development and to benefit directly from tourism revenue.

The key characteristics of CBT include:

1. Community ownership and management: Local communities are involved in the planning, management, and operation of tourism activities.
2. Community benefits: Tourism revenue is distributed equitably among community members, and benefits are shared among different stakeholders.
3. Sustainable practices: CBT promotes environmentally friendly and culturally sensitive practices to minimize the negative impacts of tourism on the local environment and culture.
4. Local capacity building: CBT aims to build the capacity of local communities to manage and benefit from tourism, through training and capacity-building programs.

CBT can contribute to sustainable development in several ways:

1. Economic benefits: CBT can generate income and employment opportunities for local communities, reducing poverty and improving living standards.
2. Conservation: CBT can promote the conservation of natural and cultural resources by involving local communities in the management and protection of these resources.
3. Cultural preservation: CBT can help preserve local cultures and traditions by promoting cultural exchange and understanding between tourists and local communities.
4. Social benefits: CBT can foster social cohesion and community engagement, promoting a sense of ownership and responsibility among community members.

However, CBT also faces challenges and limitations, including:

1. Limited resources: Local communities may lack the resources, skills, and capacity to manage and benefit from tourism.
2. Power imbalances: CBT may be vulnerable to power imbalances between local communities and external stakeholders, such as tour operators and government agencies.
3. Sustainability risks: CBT may be vulnerable to sustainability risks, such as over-tourism, environmental degradation, and cultural homogenization.

Overall, Community-Based Tourism for Sustainable Development is a complex and multifaceted concept that requires careful planning, management, and implementation to achieve its goals.",0.0,0.0,0.0,3171,2784,-387,22.51337694563501,22.908041775456923,0.3946648298219131
Urban Planning and Climate Adaptation,0.8,0.8,0.8,0.6,0.8,0.8,0.8,0.8,0.8,0.8,0.6,climate action,"Urban planning and climate adaptation are closely linked, as cities are increasingly vulnerable to the impacts of climate change. Here's an explanation of the relationship between the two:

**Urban Planning:**
Urban planning is the process of designing and managing the physical and social environment of cities to promote sustainable development, economic growth, and social equity. It involves the creation of plans, policies, and regulations to guide the development of cities, including the allocation of land, transportation systems, housing, public spaces, and infrastructure.

**Climate Adaptation:**
Climate adaptation refers to the actions taken to reduce the vulnerability of cities to the impacts of climate change, such as rising temperatures, sea-level rise, more frequent and intense weather events, and changes in precipitation patterns. Climate adaptation involves the implementation of strategies to mitigate the effects of climate change on cities, including the protection of infrastructure, buildings, and ecosystems.

**Urban Planning and Climate Adaptation:**
Urban planning plays a critical role in climate adaptation, as cities are often the most vulnerable to climate-related hazards. Effective urban planning can help cities adapt to climate change by:

1. **Designing resilient infrastructure**: Urban planners can design infrastructure, such as sea walls, levees, and green roofs, to protect cities from flooding, storm surges, and other climate-related hazards.
2. **Promoting sustainable development**: Urban planners can promote sustainable development practices, such as green building, renewable energy, and efficient water management, to reduce the carbon footprint of cities.
3. **Managing urban heat islands**: Urban planners can design cities to mitigate the urban heat island effect, which occurs when built-up areas absorb and retain heat, making cities hotter than surrounding rural areas.
4. **Protecting ecosystems**: Urban planners can preserve and restore natural ecosystems, such as parks, green spaces, and wetlands, which provide important ecosystem services, such as flood protection and air quality improvement.
5. **Enhancing community resilience**: Urban planners can design cities to promote community resilience, including the creation of public spaces, community facilities, and social programs that support vulnerable populations.

**Key Strategies:**

1. **Green infrastructure**: Incorporating green spaces, such as parks, green roofs, and green walls, into urban planning to mitigate the urban heat island effect and manage stormwater runoff.
2. **Blue infrastructure**: Designing cities to incorporate water management systems, such as canals, wetlands, and green infrastructure, to manage flood risk and protect water quality.
3. **Resilient design**: Designing buildings and infrastructure to withstand extreme weather events, such as hurricanes, floods, and heatwaves.
4. **Community engagement**: Engaging with local communities to raise awareness about climate change and involve them in the planning process to ensure that their needs and concerns are addressed.
5. **Innovative technologies**: Incorporating innovative technologies, such as smart grids, green buildings, and climate-resilient materials, into urban planning to enhance climate resilience.

**Benefits:**

1. **Reduced risk**: Urban planning and climate adaptation can reduce the risk of climate-related hazards, such as flooding, heatwaves, and droughts.
2. **Improved quality of life**: Urban planning and climate adaptation can improve the quality of life for city residents by creating more livable, sustainable, and resilient cities.
3. **Economic benefits**: Urban planning and climate adaptation can also have economic benefits, such as reducing the costs associated with climate-related hazards and promoting sustainable development practices.

In summary, urban planning and climate adaptation are interconnected, and effective urban planning can help cities adapt to climate change by designing resilient infrastructure, promoting sustainable development, managing urban heat islands, protecting ecosystems, and enhancing community resilience.",,4.0,4.0,4.0,4184,0.0,15.13,0.0,"Urban planning and climate adaptation refer to the intentional design and management of urban environments to mitigate the impacts of climate change and adapt to its effects. This involves the integration of climate change considerations into urban planning processes to create resilient and sustainable cities.

**Definition:**

Urban planning is the process of designing and managing urban spaces to meet the needs of their inhabitants. Climate adaptation, in this context, refers to the actions taken to reduce the vulnerability of urban areas to climate-related hazards, such as heatwaves, flooding, and droughts.

**Key Concepts:**

1. **Climate Change Impacts:** Rising temperatures, sea-level rise, and extreme weather events are expected to increase in frequency and severity, affecting urban areas.
2. **Urban Heat Island Effect:** Cities tend to be warmer than surrounding rural areas due to the concentration of heat-absorbing surfaces, such as pavement and buildings.
3. **Green Infrastructure:** Vegetation, green roofs, and urban parks can help mitigate the urban heat island effect and reduce stormwater runoff.
4. **Resilience:** The ability of urban systems to withstand and recover from climate-related disturbances.
5. **Sustainability:** The integration of environmental, social, and economic considerations into urban planning decisions.

**Urban Planning Strategies:**

1. **Land Use Planning:** Zoning regulations and land-use planning can help reduce the urban heat island effect by promoting green spaces and reducing impervious surfaces.
2. **Transportation Planning:** Encouraging walking, cycling, and public transportation can reduce greenhouse gas emissions and mitigate the impacts of climate change.
3. **Water Management:** Implementing green infrastructure, such as rain gardens and green roofs, can reduce stormwater runoff and alleviate pressure on urban drainage systems.
4. **Building Design:** Incorporating climate-resilient design principles, such as flood-resistant construction and energy-efficient building materials, can help reduce the vulnerability of buildings to climate-related hazards.
5. **Community Engagement:** Involving local communities in urban planning decisions can help build resilience and promote climate adaptation.

**Benefits:**

1. **Reduced Vulnerability:** Urban planning and climate adaptation can help reduce the vulnerability of urban areas to climate-related hazards.
2. **Improved Public Health:** Green infrastructure and climate-resilient design can help mitigate the urban heat island effect and reduce heat-related illnesses.
3. **Economic Benefits:** Climate adaptation can help reduce the economic costs associated with climate-related disasters and promote sustainable economic development.
4. **Enhanced Quality of Life:** Urban planning and climate adaptation can help create more livable and sustainable cities, improving the quality of life for urban residents.

**Challenges:**

1. **Limited Resources:** Urban planning and climate adaptation often require significant financial and human resources, which can be a challenge for many cities.
2. **Complexity:** Integrating climate change considerations into urban planning processes can be complex and require coordination among multiple stakeholders.
3. **Policy and Regulatory Frameworks:** Existing policy and regulatory frameworks may not be conducive to climate adaptation, requiring changes to support sustainable urban development.

In conclusion, urban planning and climate adaptation are critical components of creating resilient and sustainable cities. By integrating climate change considerations into urban planning processes, cities can reduce their vulnerability to climate-related hazards, improve public health, and promote sustainable economic development.",0.0,0.0,0.0,4184,3809,-375,20.609155383623474,19.513005988023952,-1.0961493955995216
Energy Efficiency and Climate,0.8,0.8,0.8,0.6,0.8,0.8,0.8,0.8,0.8,0.8,0.6,climate action,"A very timely and important topic! Here's an explanation of ""Energy Efficiency and Climate"":

**What is Energy Efficiency?**

Energy efficiency refers to the practice of using less energy to achieve the same level of performance or productivity. It involves using energy in a way that minimizes waste and maximizes the use of existing energy resources. In other words, it's about getting more ""bang for your buck"" from the energy you use.

**Why is Energy Efficiency Important?**

Energy efficiency is crucial for several reasons:

1. **Reducing Energy Consumption**: By using energy more efficiently, we can reduce the amount of energy we consume, which in turn reduces the demand on our energy resources.
2. **Lowering Greenhouse Gas Emissions**: Energy efficiency helps reduce the amount of greenhouse gases (GHGs) emitted into the atmosphere, which contribute to climate change.
3. **Saving Money**: Energy-efficient practices and technologies can save individuals, businesses, and governments money on their energy bills.
4. **Improving Energy Security**: By reducing our energy consumption, we can decrease our reliance on imported energy sources and improve our energy security.

**What is Climate Change?**

Climate change refers to the long-term warming of the planet, which is primarily caused by the increasing levels of greenhouse gases (GHGs) in the Earth's atmosphere. These GHGs, such as carbon dioxide (CO2), methane (CH4), and water vapor (H2O), trap heat from the sun and prevent it from being released back into space. This leads to a rise in global temperatures, which has severe consequences for the environment, human health, and the economy.

**How is Energy Efficiency Related to Climate Change?**

Energy efficiency is a critical strategy for mitigating climate change. By reducing our energy consumption and using energy more efficiently, we can:

1. **Lower GHG Emissions**: Energy efficiency helps reduce the amount of GHGs emitted into the atmosphere, which contributes to climate change.
2. **Reduce Energy-Related Emissions**: Energy efficiency can also reduce emissions from energy production, transportation, and use.
3. **Promote Renewable Energy**: Energy efficiency can help create a market for renewable energy sources, such as solar and wind power, by reducing the demand on fossil fuels.
4. **Support Climate Change Adaptation**: Energy efficiency can also help communities adapt to the impacts of climate change by reducing energy consumption and promoting energy resilience.

**Examples of Energy Efficiency and Climate Change Mitigation**

1. **LED Lighting**: Replacing traditional light bulbs with LED bulbs can reduce energy consumption by up to 90%.
2. **Building Insulation**: Improving building insulation can reduce energy consumption by up to 30%.
3. **Smart Grids**: Implementing smart grid technologies can optimize energy distribution and consumption, reducing energy waste and emissions.
4. **Electric Vehicles**: Promoting the adoption of electric vehicles can reduce greenhouse gas emissions from transportation.

In conclusion, energy efficiency is a critical strategy for mitigating climate change by reducing energy consumption, lowering greenhouse gas emissions, and promoting renewable energy sources. By adopting energy-efficient practices and technologies, we can create a more sustainable and climate-resilient future.",,4.0,4.0,4.0,3382,0.938352644443512,11.72,0.0,"Energy efficiency and climate are interconnected concepts that involve the relationship between the use of energy and the impact on the environment, particularly in relation to climate change.

**Definition of Energy Efficiency:**

Energy efficiency refers to the ratio of useful output to the total energy input in a system, process, or device. It is a measure of how effectively energy is used to achieve a specific goal or outcome. Energy efficiency can be improved by reducing energy consumption, increasing the use of renewable energy sources, or optimizing energy production and distribution systems.

**Climate Change:**

Climate change refers to the long-term warming of the planet, primarily caused by the increasing levels of greenhouse gases in the Earth's atmosphere. These gases, such as carbon dioxide (CO2), methane (CH4), and nitrous oxide (N2O), trap heat from the sun, leading to a rise in global temperatures. Climate change has various impacts, including rising sea levels, more frequent natural disasters, and altered ecosystems.

**Relationship between Energy Efficiency and Climate:**

The use of energy is a significant contributor to greenhouse gas emissions, which drive climate change. Energy efficiency measures can help reduce energy consumption, lower emissions, and mitigate the impacts of climate change. By improving energy efficiency, individuals, organizations, and governments can:

1. **Reduce energy consumption:** Lower energy demand reduces the need for energy production, which in turn decreases greenhouse gas emissions.
2. **Decrease emissions:** Energy efficiency measures can lead to a reduction in emissions from energy production, transportation, and consumption.
3. **Promote renewable energy:** Energy efficiency can create opportunities for the adoption of renewable energy sources, such as solar and wind power, which are cleaner and produce fewer emissions.

**Examples of Energy Efficiency Measures:**

1. **Building insulation:** Improving building insulation can reduce energy consumption for heating and cooling.
2. **Energy-efficient appliances:** Using energy-efficient appliances, such as LED light bulbs and refrigerators, can lower energy consumption.
3. **Smart grids:** Implementing smart grid technologies can optimize energy distribution and reduce energy waste.
4. **Renewable energy integration:** Integrating renewable energy sources into the energy mix can reduce dependence on fossil fuels and lower emissions.

**Challenges and Opportunities:**

While energy efficiency measures can contribute to reducing greenhouse gas emissions and mitigating climate change, there are challenges and opportunities to consider:

1. **Cost and investment:** Implementing energy efficiency measures can require significant upfront costs, which may be a barrier to adoption.
2. **Technological advancements:** Continuous technological advancements can improve energy efficiency and reduce costs.
3. **Policy and regulation:** Governments and regulatory bodies can play a crucial role in promoting energy efficiency through policies, incentives, and standards.
4. **Behavioral change:** Encouraging behavioral change, such as energy-conscious habits and practices, can also contribute to energy efficiency.

In conclusion, energy efficiency and climate are closely linked, and improving energy efficiency can help reduce greenhouse gas emissions and mitigate the impacts of climate change. By understanding the relationship between energy efficiency and climate, individuals, organizations, and governments can develop effective strategies to address climate change and promote sustainable development.",0.938352644443512,0.7017932534217834,-0.23655939102172852,3382,3655,273,19.43595251554551,22.303838383838382,2.8678858682928734
Micro-Grids,0.6,0.8,0.8,0.6,0.8,0.8,0.4,0.8,0.8,0.8,0.6,climate action,"Micro-grids are small-scale, local energy systems that provide electricity to a specific geographic area, such as a neighborhood, village, or even a single building. They are designed to be self-sufficient and can operate independently of the main grid, if needed. Micro-grids typically consist of a combination of distributed energy resources (DERs), such as:

1. **Solar panels**: Photovoltaic (PV) systems that generate electricity from sunlight.
2. **Wind turbines**: Small-scale wind energy generators.
3. **Fuel cells**: Devices that convert chemical energy into electricity.
4. **Battery storage**: Systems that store excess energy generated by DERs for later use.
5. **Generators**: Small-scale power plants that run on fossil fuels, biofuels, or other energy sources.

Micro-grids can be designed to be:

1. **Islanded**: Operate independently of the main grid, using local energy resources.
2. **Grid-connected**: Connected to the main grid, but can also operate independently if needed.
3. **Hybrid**: Combine multiple energy sources, such as solar, wind, and fossil fuels.

The benefits of micro-grids include:

1. **Increased energy reliability**: Micro-grids can provide a stable and reliable energy supply, even during grid outages.
2. **Reduced energy costs**: By generating energy locally, micro-grids can reduce energy costs and reliance on the main grid.
3. **Improved energy efficiency**: Micro-grids can optimize energy use and reduce waste.
4. **Enhanced grid resilience**: Micro-grids can help stabilize the main grid by providing a buffer against power outages and grid congestion.
5. **Support for renewable energy**: Micro-grids can facilitate the integration of renewable energy sources, such as solar and wind power.

Micro-grids have various applications, including:

1. **Remote communities**: Micro-grids can provide energy access to remote or underserved communities.
2. **Commercial and industrial sites**: Micro-grids can power businesses, data centers, and other industrial facilities.
3. **Residential areas**: Micro-grids can supply energy to entire neighborhoods or single-family homes.
4. **Emergency response**: Micro-grids can provide critical energy services during natural disasters or grid outages.

Overall, micro-grids offer a promising solution for improving energy access, reliability, and sustainability, while also reducing greenhouse gas emissions and supporting the integration of renewable energy sources.",,4.0,4.0,4.0,2458,0.0,13.2,0.0,"A micro-grid is a small-scale electrical grid that operates independently of the main power grid. It is a localized network of electricity generation, transmission, and distribution that serves a specific area or community.

Characteristics of micro-grids:

1. **Decentralized energy generation**: Micro-grids often rely on distributed energy sources, such as solar panels, wind turbines, or fuel cells, which generate electricity locally.
2. **Autonomy**: Micro-grids can operate independently of the main grid, allowing them to continue providing power even during grid outages or disruptions.
3. **Local control**: Micro-grids are typically managed and controlled by a local entity, such as a utility company or a community organization.
4. **Small scale**: Micro-grids are designed to serve a small area, typically a few square miles or a small community.

Benefits of micro-grids:

1. **Increased reliability**: Micro-grids can provide a reliable source of power, even during grid outages.
2. **Improved energy efficiency**: Micro-grids can optimize energy usage and reduce energy waste.
3. **Enhanced security**: Micro-grids can reduce the risk of power disruptions and outages.
4. **Renewable energy integration**: Micro-grids can facilitate the integration of renewable energy sources, such as solar and wind power.

Types of micro-grids:

1. **Renewable energy micro-grids**: These micro-grids rely on renewable energy sources, such as solar or wind power.
2. **Fuel cell micro-grids**: These micro-grids use fuel cells to generate electricity.
3. **Hybrid micro-grids**: These micro-grids combine multiple energy sources, such as solar, wind, and fuel cells.

Applications of micro-grids:

1. **Remote communities**: Micro-grids can provide power to remote communities or areas with limited access to the main grid.
2. **Island communities**: Micro-grids can serve island communities or areas with limited grid connectivity.
3. **Emergency response**: Micro-grids can provide power during emergency situations, such as natural disasters or grid outages.
4. **Commercial and industrial applications**: Micro-grids can be used to power commercial and industrial facilities, such as data centers or manufacturing plants.

In summary, micro-grids are small-scale electrical grids that operate independently of the main power grid, relying on decentralized energy generation and local control. They offer benefits such as increased reliability, improved energy efficiency, and enhanced security, and can be applied in various settings, including remote communities, island communities, and commercial and industrial applications.",0.0,0.0,0.0,2458,2634,176,19.38521266073195,20.30753383638759,0.9223211756556431
Carbon Removal Technologies,0.6,0.8,0.8,0.6,0.8,0.8,0.8,0.8,0.8,0.8,0.6,climate action,"Carbon removal technologies (CRTs) are innovative solutions designed to capture and remove carbon dioxide (CO2) from the atmosphere, oceans, or industrial processes, and store it in a stable form, thereby reducing the amount of greenhouse gases in the atmosphere. These technologies are crucial for mitigating climate change, as they can help to:

1. **Offset emissions**: CRTs can compensate for emissions from various sectors, such as transportation, industry, and agriculture, by removing an equivalent amount of CO2 from the atmosphere.
2. **Reduce atmospheric CO2 levels**: By removing CO2 from the atmosphere, CRTs can help to slow down global warming and mitigate its effects.
3. **Support climate change mitigation**: CRTs can be used in conjunction with other climate change mitigation strategies, such as reducing emissions, to achieve more effective and comprehensive climate protection.

Some of the key categories of carbon removal technologies include:

1. **Direct Air Capture (DAC)**: This technology involves capturing CO2 directly from the air, using a chemical process that can be powered by renewable energy. The captured CO2 can then be stored or utilized in various applications.
2. **Afforestation/Reforestation**: Planting trees or restoring forests can absorb CO2 from the atmosphere through photosynthesis. This process can be enhanced through the use of advanced tree species or agroforestry practices.
3. **Bioenergy with Carbon Capture and Storage (BECCS)**: This technology involves growing biomass (e.g., crops, algae), burning it to produce electricity or heat, capturing the CO2 emissions, and storing it in geological formations.
4. **Ocean Fertilization**: This method involves adding nutrients to the oceans to stimulate the growth of phytoplankton, which absorb CO2 from the atmosphere through photosynthesis. The CO2 is then stored in the ocean's depths.
5. **Soil Carbon Sequestration**: This technology involves enhancing the ability of soils to store carbon through practices such as regenerative agriculture, cover cropping, or using organic amendments.
6. **Biochar**: This involves producing a stable, carbon-rich material from biomass, which can be stored in soils for long periods, reducing the amount of CO2 in the atmosphere.
7. **Mineral Carbonation**: This technology involves reacting CO2 with minerals to form stable, carbonate minerals that can be stored in geological formations.
8. **Carbon Utilization**: This category includes technologies that convert CO2 into valuable products, such as fuels, chemicals, or building materials.

While CRTs hold great promise for mitigating climate change, it's essential to note that:

* **Scalability**: Most CRTs are still in the early stages of development, and scaling them up to meet global emissions reduction targets is a significant challenge.
* **Cost**: CRTs are often more expensive than traditional carbon reduction strategies, such as renewable energy or energy efficiency.
* **Environmental impact**: Some CRTs may have unintended environmental consequences, such as land use changes or water pollution.
* **Policy and governance**: Effective policies and governance frameworks are needed to support the development and deployment of CRTs.

Despite these challenges, CRTs are gaining attention as a crucial component of a comprehensive climate change mitigation strategy.",,4.0,4.0,4.0,3378,0.0,15.45,0.0,"Carbon Removal Technologies (CRTs) refer to a range of methods and systems designed to capture and remove carbon dioxide (CO2) from the atmosphere, oceans, or industrial sources. These technologies aim to mitigate the effects of climate change by reducing the concentration of greenhouse gases in the atmosphere.

**Types of Carbon Removal Technologies:**

1. **Direct Air Capture (DAC)**: This method involves capturing CO2 directly from the air using chemical solvents or other technologies. The captured CO2 can then be stored or utilized in various applications.
2. **Carbon Mineralization**: This process involves converting CO2 into stable, carbonate minerals through chemical reactions with rocks or minerals. This method can be used to sequester CO2 in geological formations.
3. **Afforestation/Reforestation**: Planting new trees or restoring existing forests can absorb CO2 from the atmosphere through photosynthesis.
4. **Soil Carbon Sequestration**: This method involves enhancing the capacity of soils to store carbon through practices such as no-till farming, cover cropping, or incorporating organic amendments.
5. **Ocean Fertilization**: This process involves adding nutrients to the oceans to stimulate the growth of phytoplankton, which absorb CO2 during photosynthesis.
6. **Bioenergy with Carbon Capture and Storage (BECCS)**: This method involves producing energy from biomass (e.g., crops, waste) and capturing the CO2 emissions from power generation. The captured CO2 is then stored in geological formations.

**Mechanisms and Processes:**

1. **Capture**: CO2 is captured from the atmosphere, oceans, or industrial sources using various technologies.
2. **Utilization**: Captured CO2 can be utilized in various applications, such as enhanced oil recovery, chemical production, or construction materials.
3. **Storage**: CO2 is stored in geological formations, such as depleted oil and gas fields, saline aquifers, or coal seams.
4. **Mineralization**: CO2 is converted into stable, carbonate minerals through chemical reactions with rocks or minerals.

**Challenges and Limitations:**

1. **Scalability**: CRTs must be scaled up to achieve significant reductions in atmospheric CO2 levels.
2. **Cost**: CRTs are often more expensive than traditional carbon capture and storage (CCS) methods.
3. **Energy Requirements**: CRTs require significant amounts of energy to operate, which can lead to increased greenhouse gas emissions.
4. **Public Acceptance**: CRTs may face public resistance due to concerns about land use, water usage, or potential environmental impacts.

**Conclusion:**

Carbon Removal Technologies are a range of methods designed to capture and remove CO2 from the atmosphere, oceans, or industrial sources. While these technologies have the potential to mitigate climate change, they also face significant challenges and limitations. Further research and development are needed to improve the efficiency, scalability, and cost-effectiveness of CRTs.",0.0,0.0,0.0,3378,2991,-387,18.922027782789105,17.56533827618165,-1.3566895066074558
Green Energy Storage and Energy Efficiency,0.8,0.8,0.8,0.6,0.8,0.8,0.6,0.8,0.8,0.8,0.6,climate action,"""Green Energy Storage and Energy Efficiency"" refers to the use of innovative technologies and strategies to store and manage energy in a way that is environmentally friendly, sustainable, and efficient. The goal is to reduce our reliance on fossil fuels, lower greenhouse gas emissions, and promote a cleaner, healthier environment. Here's a breakdown of the key concepts:

**Green Energy Storage:**

1. **Renewable Energy Integration**: Storing excess energy generated from renewable sources like solar, wind, and hydroelectric power to ensure a stable and reliable energy supply.
2. **Battery Technologies**: Advancements in battery technologies, such as lithium-ion, flow batteries, and hydrogen fuel cells, to store energy efficiently and safely.
3. **Pumped Hydro Storage**: A mature technology that stores energy by pumping water from a lower reservoir to an upper reservoir during off-peak hours, and releasing it during peak hours to generate electricity.
4. **Compressed Air Energy Storage**: A technology that stores energy by compressing air in an underground cavern, which can then be expanded to generate electricity.

**Energy Efficiency:**

1. **Building Efficiency**: Improving the energy efficiency of buildings through insulation, smart windows, and advanced HVAC systems to reduce energy consumption.
2. **Smart Grids**: Implementing advanced grid management systems to optimize energy distribution, reduce energy waste, and promote energy efficiency.
3. **Energy-Efficient Appliances**: Developing and promoting the use of energy-efficient appliances, such as LED lighting, to reduce energy consumption.
4. **Demand Response**: Encouraging consumers to adjust their energy usage in response to changes in energy demand, reducing the strain on the grid during peak hours.

**Benefits of Green Energy Storage and Energy Efficiency:**

1. **Reduced Greenhouse Gas Emissions**: By promoting the use of renewable energy sources and reducing energy waste, we can lower our carbon footprint and mitigate climate change.
2. **Improved Energy Security**: Diversifying our energy mix and reducing reliance on fossil fuels can enhance energy security and reduce the impact of price volatility.
3. **Economic Benefits**: Investing in green energy storage and energy efficiency can create jobs, stimulate local economies, and reduce energy costs for consumers.
4. **Enhanced Grid Resilience**: Upgrading our energy infrastructure to incorporate green energy storage and energy efficiency can improve grid resilience and reduce the risk of power outages.

**Challenges and Opportunities:**

1. **Cost and Affordability**: The high upfront costs of green energy storage and energy efficiency technologies can be a barrier to adoption.
2. **Scalability and Integration**: Integrating green energy storage and energy efficiency into existing energy infrastructure can be complex and require significant investment.
3. **Policy and Regulation**: Governments and regulatory bodies must create supportive policies and frameworks to encourage the adoption of green energy storage and energy efficiency technologies.
4. **Public Awareness and Education**: Raising public awareness and education about the benefits of green energy storage and energy efficiency can help drive demand and adoption.

In conclusion, green energy storage and energy efficiency are critical components of a sustainable energy future. By investing in these technologies and strategies, we can reduce our reliance on fossil fuels, lower greenhouse gas emissions, and promote a cleaner, healthier environment for future generations.",,4.0,4.0,3.0,3604,0.5429869294166565,14.82,0.0,"Green energy storage and energy efficiency refer to the technologies and practices aimed at optimizing the use of renewable energy sources and reducing energy waste.

**Green Energy Storage:**

Green energy storage involves the use of technologies to store excess energy generated from renewable sources, such as solar and wind power, for later use. This is necessary because renewable energy sources are intermittent and often available only when the sun is shining or the wind is blowing. Energy storage systems allow for the stabilization of the grid and enable the efficient use of renewable energy.

Types of green energy storage technologies include:

1. **Battery Energy Storage Systems (BESS):** These systems use rechargeable batteries to store excess energy generated from renewable sources.
2. **Pumped Hydro Storage (PHS):** This technology involves pumping water from a lower reservoir to an upper reservoir during off-peak hours, using excess energy, and then releasing the water to generate electricity during peak hours.
3. **Compressed Air Energy Storage (CAES):** This technology involves compressing air in an underground cavern during off-peak hours and then expanding the air to generate electricity during peak hours.

**Energy Efficiency:**

Energy efficiency refers to the practice of using energy in a way that minimizes waste and maximizes the useful output. Energy efficiency measures can be applied to various sectors, including buildings, industry, and transportation.

Types of energy efficiency measures include:

1. **Building Insulation:** Improving the insulation of buildings to reduce heat loss and minimize the need for heating and cooling.
2. **LED Lighting:** Replacing traditional lighting with LED lighting, which uses significantly less energy and lasts longer.
3. **Smart Grids:** Implementing smart grid technologies to optimize energy distribution and consumption in real-time.

**Relationship between Green Energy Storage and Energy Efficiency:**

Green energy storage and energy efficiency are closely related, as they both aim to optimize the use of renewable energy sources and reduce energy waste. By storing excess energy generated from renewable sources, green energy storage enables the efficient use of renewable energy and reduces the need for fossil fuels. Energy efficiency measures, on the other hand, reduce the overall energy demand, making it easier to meet energy needs with renewable sources.

**Benefits:**

The benefits of green energy storage and energy efficiency include:

1. **Reduced greenhouse gas emissions:** By increasing the use of renewable energy sources and reducing energy waste, green energy storage and energy efficiency can help mitigate climate change.
2. **Improved grid stability:** Green energy storage can help stabilize the grid by providing a buffer against intermittent renewable energy sources.
3. **Economic benefits:** Green energy storage and energy efficiency can reduce energy costs and create new economic opportunities in the renewable energy sector.

**Challenges:**

Despite the benefits, there are several challenges associated with green energy storage and energy efficiency, including:

1. **High upfront costs:** Green energy storage technologies can be expensive to install, making them less accessible to some consumers.
2. **Intermittency:** Renewable energy sources are intermittent, making it challenging to rely on them as a primary source of energy.
3. **Scalability:** Green energy storage and energy efficiency measures need to be scaled up to meet the growing demand for renewable energy.",0.5429869294166565,0.0,-0.5429869294166565,3604,3602,-2,22.278052805280527,20.93538461538462,-1.3426681898959067
Electrification of Industry,0.6,0.8,0.8,0.6,0.8,0.8,0.8,0.8,0.8,0.8,0.6,climate action,"The ""Electrification of Industry"" refers to the process of replacing traditional mechanical power sources, such as steam engines and waterwheels, with electric motors in industrial applications. This transition occurred in the late 19th and early 20th centuries, particularly in the United States, and had a profound impact on the development of modern industry.

**Why was electrification necessary?**

Before the widespread adoption of electricity, industrial power was primarily generated by:

1. **Steam engines**: These were the primary power source for many industries, including textiles, paper, and steel. However, they were inefficient, expensive to operate, and required a significant amount of fuel (coal or wood) to produce steam.
2. **Waterwheels**: These were used in smaller-scale industries, such as sawmills and gristmills. However, they were limited by the availability of water and were often unreliable.

**What were the benefits of electrification?**

The introduction of electric motors offered several advantages over traditional power sources:

1. **Increased efficiency**: Electric motors were more efficient than steam engines, converting about 90% of electrical energy into mechanical energy, compared to 10-20% for steam engines.
2. **Reduced labor costs**: Electric motors required less manual labor to operate, as they could be controlled remotely and were less prone to breakdowns.
3. **Improved productivity**: With electric motors, industries could operate 24/7, increasing productivity and reducing downtime.
4. **Reduced environmental impact**: Electric motors produced no emissions or pollution, unlike steam engines and waterwheels.
5. **Scalability**: Electric motors could be easily scaled up or down to meet changing production demands.

**Key industries affected by electrification**

The electrification of industry had a significant impact on several key sectors:

1. **Textiles**: Electric motors replaced traditional power sources, enabling the development of new textile machinery and increasing productivity.
2. **Steel**: Electric motors enabled the production of steel at a faster rate and with greater precision, leading to the growth of the steel industry.
3. **Paper**: Electric motors improved the efficiency and productivity of paper mills, enabling the production of higher-quality paper products.
4. **Food processing**: Electric motors enabled the development of new food processing technologies, such as refrigeration and pasteurization.

**Consequences of electrification**

The electrification of industry had far-reaching consequences, including:

1. **Increased economic growth**: The efficiency and productivity gains from electrification contributed to rapid economic growth and industrialization.
2. **Changes in labor markets**: The reduced need for manual labor led to changes in labor markets, with workers shifting to more skilled and specialized roles.
3. **Environmental impacts**: While electric motors themselves produced no emissions, the increased energy demand led to the development of new power generation technologies, such as coal-fired power plants, which had significant environmental impacts.

In summary, the electrification of industry was a transformative process that replaced traditional power sources with electric motors, leading to increased efficiency, productivity, and economic growth.",,4.0,4.0,4.0,3379,0.0,12.82,0.0,"The Electrification of Industry refers to the process of replacing traditional energy sources, such as steam power and waterwheels, with electric power in industrial settings. This transition occurred in the late 19th and early 20th centuries, primarily in developed countries.

**Causes:**

1. **Advances in technology**: Improvements in electrical generation, transmission, and distribution enabled the widespread adoption of electric power.
2. **Economic factors**: The increasing availability and decreasing cost of electricity made it a more attractive option for industry.
3. **Government policies**: Governments implemented regulations and incentives to promote the use of electric power.

**Effects:**

1. **Increased efficiency**: Electric motors were more efficient than traditional steam engines, leading to improved productivity and reduced energy consumption.
2. **Scalability**: Electric power enabled the growth of large-scale industrial operations, such as steel production and textile manufacturing.
3. **Geographic expansion**: The electrification of industry facilitated the development of new industrial centers in areas with access to electricity, rather than being limited to locations with natural resources, such as waterfalls.

**Key industries affected:**

1. **Manufacturing**: Textiles, steel, and other industries transitioned from traditional energy sources to electric power.
2. **Transportation**: Electric motors replaced steam engines in locomotives and other industrial vehicles.
3. **Mining**: Electric power enabled the development of more efficient and safer mining practices.

**Timeline:**

* 1880s: Early adoption of electric power in industry, primarily in the United States and Europe.
* 1900s: Widespread adoption of electric power in industry, driven by technological advancements and economic factors.
* 1920s: Near-universal adoption of electric power in industry, with the majority of industrial processes relying on electricity.

**Notable figures:**

1. **Thomas Edison**: Developed the first practical incandescent light bulb and promoted the use of direct current (DC) electricity.
2. **Nikola Tesla**: Contributed to the development of alternating current (AC) electricity and advocated for its use in industry.
3. **George Westinghouse**: Developed the first AC electric power system and played a key role in the ""War of Currents"" between Edison and Tesla.

The Electrification of Industry was a significant technological and economic shift, transforming the way industries operated and paving the way for modern industrial development.",0.0,0.0,0.0,3379,2590,-789,17.89568558951965,19.769565217391303,1.873879627871652
Decarbonizing Cement and Concrete,0.6,0.8,0.8,0.6,0.8,0.8,0.8,0.8,0.8,0.8,0.6,climate action,"Decarbonizing cement and concrete is a crucial step towards reducing greenhouse gas emissions and mitigating climate change. Here's a detailed explanation:

**The Problem:**

Cement and concrete are the backbone of modern infrastructure, used in construction of buildings, roads, bridges, and other structures. However, their production is a significant contributor to greenhouse gas emissions. The cement industry alone is responsible for around 8% of global CO2 emissions, which is more than the entire aviation industry.

**Why is Cement and Concrete Emissions-Intensive?**

The production of cement and concrete involves several processes that release CO2:

1. **Calcination:** When limestone (calcium carbonate) is heated to high temperatures to produce cement, it releases CO2 as a byproduct.
2. **Fuel combustion:** The energy required to power cement kilns and other processes is often generated by burning fossil fuels, which releases CO2.
3. **Transportation:** The transportation of raw materials, cement, and concrete products also contributes to emissions.

**Decarbonizing Cement and Concrete:**

To reduce the carbon footprint of cement and concrete, several strategies are being explored:

1. **Carbon capture and storage (CCS):** Implementing CCS technology at cement plants can capture CO2 emissions from the calcination process and store them underground.
2. **Alternative fuels:** Switching to alternative fuels, such as biomass or waste-derived fuels, can reduce dependence on fossil fuels and lower emissions.
3. **Low-carbon cement:** Developing and using low-carbon cement, such as those made from supplementary cementitious materials (SCMs) like fly ash or slag, can reduce emissions.
4. **Recycled concrete:** Using recycled concrete aggregate (RCA) in concrete production can reduce the need for virgin materials and lower emissions.
5. **Carbon-neutral concrete:** Researchers are exploring the use of carbon-neutral concrete, made from materials like magnesium oxide or calcium sulfoaluminate, which can potentially eliminate CO2 emissions.
6. **Circular economy approaches:** Implementing circular economy principles, such as designing for recyclability and reuse, can reduce waste and lower emissions.
7. **Green infrastructure:** Designing and building green infrastructure, such as green roofs and walls, can reduce the need for traditional concrete and cement.

**Challenges and Opportunities:**

While decarbonizing cement and concrete is essential, it also presents several challenges:

1. **Cost:** Implementing new technologies and processes can be expensive.
2. **Scalability:** Scaling up low-carbon cement and concrete production to meet global demand is a significant challenge.
3. **Regulatory frameworks:** Governments and regulatory bodies must create supportive policies and frameworks to encourage the adoption of low-carbon cement and concrete.

Despite these challenges, the opportunities for innovation and growth in the low-carbon cement and concrete sector are vast. As the world transitions to a low-carbon economy, the demand for sustainable building materials is expected to increase, driving innovation and investment in this critical area.",,4.0,4.0,4.0,3196,0.5317003130912781,14.45,0.0,"Decarbonizing cement and concrete refers to the process of reducing the greenhouse gas emissions associated with the production of these building materials. Cement and concrete are among the most widely used materials in construction, but their production is a significant contributor to global carbon emissions.

**Cement Production:**

Cement is a binding agent made from limestone, clay, and other minerals. The production of cement involves heating these raw materials to high temperatures, typically around 1450°C, to produce a clinker, which is then ground into a fine powder. This process, known as calcination, releases carbon dioxide (CO2) as a byproduct, accounting for approximately 8% of global CO2 emissions.

**Concrete Production:**

Concrete is a composite material made from cement, water, and aggregate (such as sand or gravel). The cement paste binds the aggregate particles together, creating a strong and durable material. However, the production of cement is a significant contributor to the overall carbon footprint of concrete.

**Emissions Sources:**

The primary sources of emissions in cement and concrete production are:

1. **Calcination:** The heating of raw materials to produce cement releases CO2 as a byproduct.
2. **Energy consumption:** The production of cement and concrete requires significant amounts of energy, which is often generated from fossil fuels and contributes to CO2 emissions.
3. **Transportation:** The transportation of raw materials and finished products also contributes to emissions.

**Decarbonization Strategies:**

Several strategies are being explored to decarbonize cement and concrete production:

1. **Carbon capture and storage (CCS):** CCS technology captures CO2 emissions from cement production and stores them underground.
2. **Alternative fuels:** Using alternative fuels, such as biomass or waste-derived fuels, can reduce the reliance on fossil fuels and lower emissions.
3. **Low-carbon cement:** Developing new cement technologies that produce lower emissions, such as using limestone or other minerals that release less CO2 during calcination.
4. **Recycled materials:** Increasing the use of recycled materials, such as recycled aggregate, can reduce the need for virgin materials and lower emissions.
5. **Carbon utilization:** Exploring ways to utilize CO2 emissions from cement production, such as converting them into valuable chemicals or materials.

**Challenges and Opportunities:**

Decarbonizing cement and concrete production poses significant technical, economic, and environmental challenges. However, it also presents opportunities for innovation, job creation, and economic growth. Addressing these challenges will require collaboration among industry stakeholders, governments, and researchers to develop and deploy new technologies and strategies.

**Verifiable Facts:**

* Cement production accounts for approximately 8% of global CO2 emissions.
* The production of cement and concrete requires significant amounts of energy, often generated from fossil fuels.
* Carbon capture and storage (CCS) technology is being explored as a means to reduce emissions from cement production.
* Alternative fuels and low-carbon cement technologies are being developed to reduce emissions.

Note: This explanation is based on verifiable facts and definitions, and is presented in a neutral and objective tone.",0.5317003130912781,0.0,-0.5317003130912781,3196,3387,191,19.032916418503078,19.775621808598256,0.7427053900951783
Inclusive Urban Planning,0.6,0.8,0.8,0.6,0.8,0.8,0.8,0.8,0.8,0.8,0.6,gender equality,"Inclusive urban planning is a approach to designing and managing cities that prioritizes the needs and participation of all members of the community, particularly those who are often marginalized or excluded from decision-making processes. The goal of inclusive urban planning is to create cities that are equitable, sustainable, and livable for all residents, regardless of their age, ability, income, ethnicity, or other characteristics.

Key principles of inclusive urban planning include:

1. **Participation and engagement**: Inclusive urban planning involves actively engaging with and listening to the needs and concerns of all community members, particularly those who are often excluded from decision-making processes.
2. **Equity and justice**: Inclusive urban planning seeks to address historical and systemic inequalities and injustices, such as racial and economic disparities, in the design and management of cities.
3. **Sustainability**: Inclusive urban planning prioritizes the long-term sustainability of cities, including environmental, social, and economic sustainability.
4. **Inclusivity and diversity**: Inclusive urban planning values and celebrates the diversity of the community, including cultural, linguistic, and socioeconomic diversity.
5. **Accessibility and mobility**: Inclusive urban planning prioritizes the accessibility and mobility of all residents, including those with disabilities, through the design of public spaces, transportation systems, and other infrastructure.

Some key strategies for inclusive urban planning include:

1. **Community-led planning**: Empowering community members to take a leading role in planning and decision-making processes.
2. **Participatory budgeting**: Allowing community members to participate in the allocation of public funds and resources.
3. **Public engagement and outreach**: Regularly engaging with and listening to community members through various outreach and engagement strategies.
4. **Inclusive zoning and land use planning**: Ensuring that zoning and land use regulations prioritize affordable housing, community facilities, and other essential services.
5. **Accessible and inclusive public spaces**: Designing public spaces that are accessible and inclusive for all residents, including those with disabilities.

Benefits of inclusive urban planning include:

1. **Improved social cohesion**: Inclusive urban planning can help to build trust and social cohesion among community members.
2. **Increased economic opportunities**: Inclusive urban planning can help to create economic opportunities and jobs for all residents.
3. **Enhanced quality of life**: Inclusive urban planning can help to improve the overall quality of life for all residents, including those who are often marginalized or excluded.
4. **Increased civic engagement**: Inclusive urban planning can help to increase civic engagement and participation in decision-making processes.
5. **Better preparedness for climate change**: Inclusive urban planning can help cities to prepare for and respond to climate change in a more effective and equitable way.

Examples of inclusive urban planning in action include:

1. **Curitiba, Brazil**: A city that has implemented a range of inclusive urban planning strategies, including community-led planning and participatory budgeting.
2. **Medellín, Colombia**: A city that has implemented a range of inclusive urban planning strategies, including public engagement and outreach, and accessible and inclusive public spaces.
3. **Vancouver, Canada**: A city that has implemented a range of inclusive urban planning strategies, including community-led planning and inclusive zoning and land use planning.

Overall, inclusive urban planning is a critical approach to designing and managing cities that prioritizes the needs and participation of all members of the community. By prioritizing equity, justice, sustainability, and inclusivity, cities can create a better quality of life for all residents and build more resilient and sustainable communities.",,4.0,4.0,3.0,4052,0.0,14.33,0.0,"Inclusive urban planning refers to a planning approach that aims to create equitable and accessible urban environments for all members of society, regardless of their socio-economic status, age, ability, or cultural background. This approach seeks to balance the needs of different stakeholders, including residents, businesses, and visitors, to create a more livable and sustainable city.

Key principles of inclusive urban planning include:

1. **Equitable distribution of resources**: Ensuring that public services, amenities, and opportunities are accessible and available to all, regardless of their location or socio-economic status.
2. **Accessibility and mobility**: Designing public spaces and infrastructure to be accessible and usable by people with disabilities, as well as those with limited mobility or transportation options.
3. **Cultural sensitivity and diversity**: Incorporating diverse cultural perspectives and needs into urban planning decisions to create a welcoming and inclusive environment for all.
4. **Participatory decision-making**: Engaging with a broad range of stakeholders, including residents, community groups, and marginalized populations, to ensure that their needs and concerns are taken into account.
5. **Sustainable and resilient design**: Incorporating green infrastructure, climate-resilient design, and other sustainable features to create a resilient and adaptable urban environment.

Inclusive urban planning involves a range of strategies, including:

1. **Mixed-use development**: Combining residential, commercial, and recreational spaces to create vibrant and walkable neighborhoods.
2. **Public transportation systems**: Designing efficient and accessible public transportation systems to connect residents to employment, education, and other opportunities.
3. **Community engagement**: Fostering partnerships between government, community groups, and private sector organizations to co-create urban planning solutions.
4. **Inclusive zoning regulations**: Implementing zoning regulations that promote affordable housing, community facilities, and other inclusive land uses.
5. **Monitoring and evaluation**: Regularly assessing the effectiveness of inclusive urban planning strategies and making adjustments as needed.

By adopting an inclusive urban planning approach, cities can create more equitable, sustainable, and resilient environments that benefit all members of society.",0.0,0.0,0.0,4052,2433,-1619,21.87985347985348,23.515080906148867,1.635227426295387
Wind Farm and Renewable Energy Development,0.8,0.8,0.8,0.6,0.8,0.8,0.8,0.8,0.8,0.8,0.6,climate action,"Wind farm and renewable energy development refer to the process of designing, building, and operating wind farms and other renewable energy projects to generate electricity from natural resources such as wind, solar, hydro, and geothermal energy. Here's an overview of the process:

**Wind Farm Development:**

1. **Site Selection:** Identifying suitable locations for wind farms, taking into account factors such as wind speed, turbulence, and environmental impact.
2. **Feasibility Studies:** Conducting studies to determine the technical and economic viability of a wind farm project.
3. **Design and Planning:** Designing the wind farm layout, including the number and type of wind turbines, access roads, and other infrastructure.
4. **Permitting and Approvals:** Obtaining necessary permits and approvals from local authorities, environmental agencies, and other stakeholders.
5. **Construction:** Building the wind farm, including the installation of wind turbines, electrical infrastructure, and other necessary components.
6. **Commissioning:** Testing and commissioning the wind farm to ensure it is operating safely and efficiently.
7. **Operation and Maintenance:** Maintaining the wind farm to ensure optimal performance, including regular maintenance and repairs.

**Renewable Energy Development:**

1. **Resource Assessment:** Conducting assessments to determine the availability and potential of renewable energy resources such as wind, solar, hydro, and geothermal energy.
2. **Project Development:** Developing renewable energy projects, including wind farms, solar parks, hydroelectric power plants, and geothermal power plants.
3. **Financing and Funding:** Securing funding and financing for renewable energy projects, including government incentives, tax credits, and private investment.
4. **Construction and Installation:** Building and installing renewable energy infrastructure, such as wind turbines, solar panels, and hydroelectric turbines.
5. **Commissioning and Testing:** Testing and commissioning renewable energy systems to ensure they are operating safely and efficiently.
6. **Operation and Maintenance:** Maintaining renewable energy systems to ensure optimal performance, including regular maintenance and repairs.

**Benefits of Wind Farm and Renewable Energy Development:**

1. **Reduced Greenhouse Gas Emissions:** Renewable energy can help reduce greenhouse gas emissions and mitigate climate change.
2. **Energy Security:** Diversifying energy sources can improve energy security and reduce dependence on fossil fuels.
3. **Job Creation:** Wind farm and renewable energy development can create jobs and stimulate local economies.
4. **Improved Air Quality:** Renewable energy can reduce air pollution and improve public health.
5. **Increased Energy Independence:** Renewable energy can increase energy independence and reduce reliance on imported fuels.

**Challenges and Opportunities:**

1. **High Upfront Costs:** Wind farm and renewable energy development can be capital-intensive, requiring significant investment.
2. **Policy and Regulatory Frameworks:** Uncertainty and inconsistency in policy and regulatory frameworks can create challenges for developers.
3. **Public Acceptance:** Wind farm and renewable energy development can face opposition from local communities, requiring effective communication and engagement.
4. **Technological Advancements:** Rapid technological advancements can create opportunities for improved efficiency and reduced costs.
5. **Global Demand:** Growing demand for renewable energy can create opportunities for developers and investors.

Overall, wind farm and renewable energy development are critical components of a low-carbon economy, offering numerous benefits and opportunities for growth and innovation.",,4.0,4.0,4.0,3794,0.0,14.45,0.0,"Wind farm and renewable energy development refer to the process of designing, constructing, and operating facilities that harness wind energy to generate electricity. This process involves several stages and stakeholders.

**Wind Farm Development:**

1. **Site Selection:** Identifying suitable locations for wind farms, typically areas with high wind speeds and minimal environmental impact.
2. **Feasibility Studies:** Conducting technical and economic assessments to determine the viability of a wind farm project.
3. **Permitting and Approvals:** Obtaining necessary permits and approvals from regulatory agencies and local authorities.
4. **Design and Planning:** Designing the wind farm layout, including the placement of turbines, transmission lines, and other infrastructure.
5. **Construction:** Building the wind farm, including the installation of turbines, substations, and other equipment.
6. **Operation and Maintenance:** Ensuring the wind farm operates efficiently and effectively, including regular maintenance and repairs.

**Renewable Energy Development:**

1. **Policy and Regulation:** Governments establish policies and regulations to support the development of renewable energy sources, such as tax credits, grants, and feed-in tariffs.
2. **Technology Advancements:** Improvements in wind turbine design, materials, and efficiency enable the development of larger, more efficient wind farms.
3. **Economic Factors:** Declining costs of renewable energy technologies, increasing energy demand, and growing concerns about climate change drive investment in renewable energy development.
4. **Environmental Considerations:** Assessing and mitigating the environmental impacts of wind farms, such as bird strikes, noise pollution, and visual impact.
5. **Community Engagement:** Engaging with local communities to address concerns and build support for wind farm development.

**Key Players:**

1. **Developers:** Companies and organizations responsible for designing, constructing, and operating wind farms.
2. **Regulatory Agencies:** Government agencies responsible for overseeing wind farm development and ensuring compliance with regulations.
3. **Financiers:** Investors and lenders providing funding for wind farm development.
4. **Technology Providers:** Companies supplying wind turbines, transmission equipment, and other infrastructure.
5. **Community Groups:** Local organizations and residents involved in the development and operation of wind farms.

**Benefits and Challenges:**

Benefits:

* Reduced greenhouse gas emissions and climate change mitigation
* Improved air quality and public health
* Job creation and economic growth
* Diversified energy mix and reduced dependence on fossil fuels

Challenges:

* High upfront costs and financing requirements
* Technical and operational complexities
* Environmental and social concerns
* Policy and regulatory uncertainty

Overall, wind farm and renewable energy development involve a complex interplay of technical, economic, environmental, and social factors. Understanding these factors is essential for effective development and operation of wind farms and other renewable energy sources.",0.0,0.0,0.0,3794,3176,-618,22.613948240603623,23.210209820462907,0.5962615798592843
Cultural Sensitivity and Environmental Conflict Management,0.6,0.8,0.8,0.6,0.8,0.8,0.8,0.8,0.8,0.8,0.6,climate action,"A very timely and relevant topic!

**Cultural Sensitivity and Environmental Conflict Management**

Cultural sensitivity and environmental conflict management refer to the ability to understand, respect, and navigate the complex relationships between different cultural groups and the natural environment in the context of conflict or dispute resolution. This approach recognizes that environmental conflicts often involve not only technical or scientific issues but also deeply held cultural values, beliefs, and practices.

**Key Principles:**

1. **Cultural awareness**: Understanding the cultural context, values, and practices of all parties involved in the conflict.
2. **Empathy**: Recognizing the emotional and psychological impact of the conflict on all parties.
3. **Respect**: Treating all parties with dignity and respect, regardless of their cultural background or position on the conflict.
4. **Inclusivity**: Ensuring that all parties have a voice and are involved in the conflict resolution process.
5. **Sustainability**: Considering the long-term environmental and social implications of the conflict resolution process.

**Environmental Conflict Management:**

Environmental conflicts can arise from various sources, such as:

1. **Resource extraction**: Conflicts over access to natural resources, such as water, minerals, or forests.
2. **Land use**: Disputes over land use, such as agriculture, urbanization, or conservation.
3. **Climate change**: Conflicts related to climate change mitigation and adaptation strategies.
4. **Indigenous rights**: Conflicts over indigenous peoples' rights to their ancestral lands and resources.

**Cultural Sensitivity in Environmental Conflict Management:**

1. **Traditional knowledge**: Recognizing and valuing traditional knowledge and practices related to the environment.
2. **Community engagement**: Engaging with local communities and involving them in the conflict resolution process.
3. **Cultural impact assessments**: Conducting cultural impact assessments to identify potential cultural impacts of environmental projects or policies.
4. **Mediation and negotiation**: Using mediation and negotiation techniques that take into account cultural differences and values.

**Benefits of Cultural Sensitivity and Environmental Conflict Management:**

1. **Improved conflict resolution**: More effective and sustainable conflict resolution outcomes.
2. **Increased community support**: Building trust and support among local communities.
3. **Enhanced environmental outcomes**: Protecting the environment and promoting sustainable development.
4. **Reduced social and economic costs**: Minimizing the social and economic costs associated with environmental conflicts.

**Challenges and Limitations:**

1. **Power dynamics**: Addressing power imbalances between different cultural groups and stakeholders.
2. **Language barriers**: Overcoming language barriers to ensure effective communication.
3. **Cultural differences**: Navigating cultural differences and values in a way that respects all parties.
4. **Time and resources**: Managing the time and resources required for effective cultural sensitivity and environmental conflict management.

In conclusion, cultural sensitivity and environmental conflict management are essential for resolving conflicts related to the environment in a way that respects all parties and promotes sustainable development. By understanding and addressing the cultural dimensions of environmental conflicts, we can create more effective and sustainable conflict resolution outcomes.",,4.0,4.0,4.0,3579,0.8690394759178162,13.16,0.0,"Cultural sensitivity and environmental conflict management refer to the practices and strategies employed to address and resolve conflicts that arise from interactions between different cultural groups and the environment.

**Definition:**

Cultural sensitivity is the ability to understand, appreciate, and respect the cultural differences and values of various groups, particularly in situations where there are conflicting interests or values. Environmental conflict management, on the other hand, involves the identification, analysis, and resolution of conflicts that arise from human interactions with the environment, such as disputes over natural resources, land use, or environmental degradation.

**Key Concepts:**

1. **Cultural diversity:** The presence of multiple cultural groups with distinct values, beliefs, and practices that may influence their interactions with the environment.
2. **Environmental impact:** The effects of human activities on the environment, including natural resource depletion, pollution, and habitat destruction.
3. **Conflict:** A situation where two or more parties have incompatible goals, values, or interests that lead to tension, disagreement, or violence.
4. **Power dynamics:** The distribution of power and influence among different cultural groups, which can affect their ability to negotiate and resolve conflicts.

**Causal Mechanisms:**

1. **Cultural misunderstandings:** Differences in cultural values, norms, and practices can lead to misunderstandings and miscommunications, exacerbating conflicts.
2. **Environmental degradation:** Human activities that harm the environment can lead to conflicts over resources, land use, and environmental justice.
3. **Power imbalances:** Disparities in power and influence among cultural groups can create unequal access to resources, decision-making processes, and conflict resolution mechanisms.
4. **Lack of communication:** Inadequate communication and negotiation can lead to misunderstandings, mistrust, and conflict escalation.

**Strategies for Conflict Management:**

1. **Cultural awareness and education:** Educating individuals and groups about cultural differences and values can promote understanding and respect.
2. **Participatory decision-making:** Involving all stakeholders in decision-making processes can help build trust and ensure that diverse perspectives are considered.
3. **Conflict resolution mechanisms:** Establishing formal or informal mechanisms for resolving conflicts, such as mediation or arbitration, can help prevent escalation.
4. **Environmental impact assessments:** Conducting thorough assessments of environmental impacts can help identify potential conflicts and inform decision-making.

**Conclusion:**

Cultural sensitivity and environmental conflict management are essential for addressing the complex interactions between cultural groups and the environment. By understanding the causal mechanisms that contribute to conflicts and implementing strategies for conflict management, individuals and organizations can promote more effective and sustainable interactions between humans and the environment.",0.8690394759178162,0.8101996779441833,-0.05883979797363281,3579,3144,-435,20.276117588155355,22.73795918367347,2.4618415955181163
Bio-Markers,0.8,0.8,0.8,0.6,0.8,0.8,0.6,0.8,0.8,0.8,0.6,good health and well-being,"Bio-markers, also known as biomarkers, are measurable indicators of a biological process or a disease state. They can be used to diagnose, monitor, or predict the progression of a disease, as well as to evaluate the effectiveness of a treatment. Bio-markers can be found in various bodily fluids, such as blood, urine, saliva, or tissue samples.

There are several types of bio-markers, including:

1. **Molecular bio-markers**: These are specific molecules, such as proteins, genes, or gene products, that are associated with a particular disease or condition.
2. **Imaging bio-markers**: These are changes in the body's structure or function that can be detected using imaging techniques, such as MRI or CT scans.
3. **Physiological bio-markers**: These are changes in the body's physiological processes, such as heart rate, blood pressure, or body temperature.

Bio-markers can be used in various ways, including:

1. **Diagnosis**: Bio-markers can be used to diagnose a disease or condition, often before symptoms appear.
2. **Monitoring**: Bio-markers can be used to monitor the progression of a disease or the effectiveness of a treatment.
3. **Predictive**: Bio-markers can be used to predict the likelihood of developing a disease or condition.
4. **Personalized medicine**: Bio-markers can be used to tailor treatment to an individual's specific needs and characteristics.

Examples of bio-markers include:

1. **Prostate-specific antigen (PSA)**: Elevated levels of PSA in the blood can indicate prostate cancer.
2. **Cancer antigen 125 (CA-125)**: Elevated levels of CA-125 in the blood can indicate ovarian cancer.
3. **High-density lipoprotein (HDL)**: Low levels of HDL in the blood can indicate an increased risk of cardiovascular disease.
4. **C-reactive protein (CRP)**: Elevated levels of CRP in the blood can indicate inflammation and an increased risk of cardiovascular disease.

Bio-markers have many potential applications, including:

1. **Early disease detection**: Bio-markers can be used to detect diseases at an early stage, when they are more treatable.
2. **Personalized medicine**: Bio-markers can be used to tailor treatment to an individual's specific needs and characteristics.
3. **Disease prevention**: Bio-markers can be used to identify individuals at high risk of developing a disease, allowing for preventive measures to be taken.
4. **Clinical trials**: Bio-markers can be used to monitor the effectiveness of a treatment and to identify potential side effects.

Overall, bio-markers have the potential to revolutionize the way we diagnose, treat, and prevent diseases, and to improve patient outcomes.",,4.0,4.0,4.0,2642,0.0,12.42,0.0,"Bio-markers, also known as biomarkers, are measurable indicators of a biological process or a disease state. They are used to diagnose, monitor, or predict the progression of a disease, as well as to evaluate the effectiveness of a treatment.

Bio-markers can be defined as:

* A characteristic that can be objectively measured and evaluated as an indicator of normal biological processes, pathogenic processes, or pharmacologic responses to a therapeutic intervention.
* A measurable indicator of a biological process or disease state that can be used for diagnostic, prognostic, or therapeutic purposes.

Bio-markers can be categorized into several types, including:

1. **Anatomical markers**: physical changes in the body, such as tumors or lesions.
2. **Physiological markers**: changes in physiological processes, such as heart rate or blood pressure.
3. **Molecular markers**: changes in the expression of genes or proteins, such as genetic mutations or protein levels.
4. **Imaging markers**: changes in imaging studies, such as MRI or CT scans.

Bio-markers can be used in various ways, including:

1. **Diagnosis**: to identify the presence of a disease or condition.
2. **Prognosis**: to predict the likelihood of a disease or condition.
3. **Monitoring**: to track the progression or regression of a disease or condition.
4. **Therapeutic monitoring**: to evaluate the effectiveness of a treatment.

The development and use of bio-markers rely on various scientific disciplines, including:

1. **Biology**: to understand the underlying biological processes.
2. **Statistics**: to analyze and interpret the data.
3. **Medicine**: to apply the bio-markers in clinical practice.

The use of bio-markers has several benefits, including:

1. **Improved diagnosis**: earlier and more accurate diagnosis of diseases.
2. **Personalized medicine**: tailored treatment plans based on individual characteristics.
3. **Enhanced monitoring**: more effective tracking of disease progression or regression.

However, the use of bio-markers also raises several challenges, including:

1. **Interpretation**: accurate interpretation of bio-marker results.
2. **Standardization**: standardization of bio-marker measurement and analysis.
3. **Regulation**: regulatory frameworks for the development and use of bio-markers.

In summary, bio-markers are measurable indicators of biological processes or disease states that can be used for diagnostic, prognostic, or therapeutic purposes. Their development and use rely on various scientific disciplines and have several benefits and challenges.",0.0,0.0,0.0,2642,2585,-57,15.608405051972728,17.4249299719888,1.8165249200160716
Heart Health and Blood Pressure,0.8,0.8,0.8,0.6,0.8,0.8,0.6,0.8,0.8,0.8,0.6,good health and well-being,"Heart health and blood pressure are closely related, and understanding the basics of both can help you maintain a healthy heart and overall well-being.

**What is Heart Health?**

Heart health refers to the overall well-being of the cardiovascular system, which includes the heart, blood vessels, and blood. A healthy heart is one that:

1. Pumps blood efficiently and effectively
2. Has strong, flexible blood vessels
3. Has healthy blood cells and platelets
4. Can adapt to physical demands and stress

**What is Blood Pressure?**

Blood pressure, also known as blood pressure, is the force of blood against the walls of the blood vessels. It's measured in millimeters of mercury (mmHg) and is expressed as two numbers:

1. **Systolic pressure** (top number): The pressure in the arteries when the heart beats and pumps blood out.
2. **Diastolic pressure** (bottom number): The pressure in the arteries between beats, when the heart is at rest.

**Normal Blood Pressure Ranges**

* Normal blood pressure: Less than 120/80 mmHg
* Elevated blood pressure: 120-139/80-89 mmHg
* Stage 1 hypertension: 140-159/90-99 mmHg
* Stage 2 hypertension: 160 or higher/100 or higher mmHg

**Why is Blood Pressure Important?**

High blood pressure (hypertension) is a major risk factor for:

1. **Heart disease**: Heart attacks, strokes, and other cardiovascular conditions.
2. **Kidney disease**: Damage to the kidneys, which can lead to kidney failure.
3. **Vision problems**: Damage to the blood vessels in the eyes, which can cause blindness.
4. **Stroke**: Damage to the brain, which can cause paralysis, memory loss, and other cognitive problems.

**Factors that Affect Blood Pressure**

1. **Age**: Blood pressure tends to increase with age.
2. **Genetics**: Family history can play a role in blood pressure.
3. **Weight**: Excess weight can increase blood pressure.
4. **Physical activity**: Regular exercise can help lower blood pressure.
5. **Diet**: A diet high in sodium, sugar, and unhealthy fats can increase blood pressure.
6. **Stress**: Chronic stress can contribute to high blood pressure.
7. **Sleep**: Poor sleep quality and duration can affect blood pressure.

**Maintaining Heart Health and Blood Pressure**

To maintain a healthy heart and blood pressure, focus on:

1. **Eating a balanced diet**: Focus on fruits, vegetables, whole grains, lean proteins, and healthy fats.
2. **Exercising regularly**: Aim for at least 150 minutes of moderate-intensity exercise per week.
3. **Maintaining a healthy weight**: Aim for a body mass index (BMI) between 18.5 and 24.9.
4. **Managing stress**: Practice stress-reducing techniques like meditation, yoga, or deep breathing.
5. **Getting enough sleep**: Aim for 7-9 hours of sleep per night.
6. **Monitoring blood pressure**: Regularly check your blood pressure and consult with your healthcare provider if you have concerns.

By understanding the importance of heart health and blood pressure, you can take proactive steps to maintain a healthy cardiovascular system and reduce your risk of heart disease and other related conditions.",,4.0,4.0,3.0,3086,0.7593065500259399,8.83,0.0,"**Definition of Heart Health and Blood Pressure**

Heart health refers to the overall functioning and well-being of the cardiovascular system, which includes the heart, blood vessels, and blood. Blood pressure, a critical aspect of heart health, is the force exerted by the blood against the walls of the blood vessels as it circulates throughout the body.

**Blood Pressure Measurement**

Blood pressure is typically measured in millimeters of mercury (mmHg) and is expressed as two numbers: systolic pressure (the top number) and diastolic pressure (the bottom number). Systolic pressure is the pressure in the arteries when the heart beats, while diastolic pressure is the pressure between beats.

**Normal Blood Pressure Ranges**

According to the American Heart Association, normal blood pressure ranges are:

* Systolic pressure: less than 120 mmHg
* Diastolic pressure: less than 80 mmHg

**Factors Affecting Blood Pressure**

Several factors can influence blood pressure, including:

1. **Genetics**: Family history and genetic predisposition can play a role in blood pressure regulation.
2. **Lifestyle**: Physical inactivity, smoking, and excessive sodium intake can contribute to high blood pressure.
3. **Diet**: Consuming a diet high in saturated and trans fats, sugar, and sodium can increase blood pressure.
4. **Age**: Blood pressure tends to increase with age, especially after the age of 40.
5. **Medical Conditions**: Certain conditions, such as kidney disease, sleep apnea, and thyroid disorders, can affect blood pressure.

**Consequences of High Blood Pressure**

Uncontrolled high blood pressure can lead to various cardiovascular complications, including:

1. **Hypertension**: Prolonged high blood pressure can cause damage to blood vessels, heart, and kidneys.
2. **Cardiovascular Disease**: High blood pressure is a major risk factor for heart attacks, strokes, and other cardiovascular events.
3. **Kidney Disease**: High blood pressure can damage kidney function and lead to kidney failure.

**Maintaining Heart Health and Blood Pressure**

To maintain heart health and blood pressure, individuals can:

1. **Engage in Regular Physical Activity**: Regular exercise can help lower blood pressure and improve cardiovascular health.
2. **Maintain a Healthy Weight**: Excess weight can increase blood pressure, so maintaining a healthy weight is essential.
3. **Follow a Balanced Diet**: Eating a diet rich in fruits, vegetables, whole grains, and lean protein can help regulate blood pressure.
4. **Monitor and Manage Stress**: Chronic stress can contribute to high blood pressure, so finding healthy ways to manage stress is crucial.
5. **Get Regular Check-Ups**: Regular health check-ups can help identify and manage blood pressure and cardiovascular health issues early on.

By understanding the factors that affect blood pressure and taking steps to maintain heart health, individuals can reduce their risk of cardiovascular disease and related complications.",0.7593065500259399,0.0,-0.7593065500259399,3086,2989,-97,9.962410523095748,14.79512735326689,4.832716830171142
Bio-energy from Forest Biomass,0.6,0.8,0.8,0.6,0.8,0.8,0.6,0.8,0.8,0.8,0.6,climate action,"Bio-energy from forest biomass is a type of renewable energy that is generated from organic materials derived from forests, such as wood, leaves, branches, and other plant residues. This energy source is considered a sustainable alternative to fossil fuels, as it reduces greenhouse gas emissions and dependence on non-renewable energy sources.

**Sources of Forest Biomass:**

Forest biomass can be sourced from various places, including:

1. **Wood waste**: Sawmill residues, wood chips, and shavings from wood processing industries.
2. **Forest residues**: Branches, leaves, and other plant material left behind after logging or thinning operations.
3. **Urban wood waste**: Wood waste from urban areas, such as tree trimmings and yard waste.
4. **Agricultural residues**: Crop residues, such as corn stalks and wheat straw, that are often burned or left to decompose.

**Bio-energy Production:**

Forest biomass can be converted into various forms of bio-energy, including:

1. **Heat**: Forest biomass can be burned to produce heat for industrial processes, space heating, or power generation.
2. **Electricity**: Forest biomass can be converted into electricity through various technologies, such as:
	* **Combined Heat and Power (CHP)**: Produces both heat and electricity.
	* **Biomass power plants**: Generate electricity from forest biomass.
3. **Biofuels**: Forest biomass can be converted into liquid or gaseous fuels, such as:
	* **Biodiesel**: Used as a substitute for fossil fuels in transportation.
	* **Bio-oil**: A liquid fuel that can be used in power generation or as a substitute for fossil fuels.

**Benefits of Bio-energy from Forest Biomass:**

1. **Renewable energy source**: Forest biomass is a renewable resource, reducing dependence on fossil fuels.
2. **Carbon neutral**: Forest biomass is carbon neutral, as the amount of carbon dioxide released during energy production is equal to the amount of carbon dioxide absorbed by the forest during growth.
3. **Job creation**: The bio-energy industry can create jobs in rural areas, contributing to local economies.
4. **Waste reduction**: Forest biomass can help reduce waste and promote sustainable forest management practices.

**Challenges and Limitations:**

1. **Land use competition**: Forest biomass production may compete with other land uses, such as agriculture or conservation.
2. **Water usage**: Forest biomass production may require significant water resources.
3. **Air pollution**: Burning forest biomass can release air pollutants, such as particulate matter and volatile organic compounds.
4. **Economic viability**: The cost of producing bio-energy from forest biomass can be higher than traditional energy sources, making it less competitive in some markets.

Overall, bio-energy from forest biomass is a promising renewable energy source that can contribute to a more sustainable energy mix, while also promoting sustainable forest management practices.",,4.0,4.0,4.0,2949,0.0,13.19,0.0,"Bio-energy from forest biomass refers to the production of energy from organic matter derived from forests, such as trees, branches, and other plant material. This process involves the conversion of biomass into a usable form of energy, typically in the form of heat, electricity, or biofuels.

The production of bio-energy from forest biomass involves several steps:

1. Harvesting: Forest biomass is collected from forests, often as a byproduct of logging or thinning operations.
2. Processing: The collected biomass is processed into a usable form, such as chipping or grinding, to increase its surface area and facilitate conversion.
3. Conversion: The processed biomass is converted into energy through various methods, including:
	* Combustion: Burning the biomass to produce heat or electricity.
	* Anaerobic digestion: Breaking down the biomass in the absence of oxygen to produce biogas, which can be used to generate electricity or heat.
	* Gasification: Heating the biomass in the presence of oxygen to produce a synthesis gas, which can be used to generate electricity or produce biofuels.
4. Energy production: The converted energy is then used to generate electricity, heat, or biofuels.

The benefits of bio-energy from forest biomass include:

* Renewable energy source: Forest biomass is a renewable resource, as forests can be regrown and harvested sustainably.
* Carbon neutrality: When forests are harvested and replanted, the carbon dioxide released during combustion is offset by the carbon sequestered by the growing trees.
* Energy security: Bio-energy from forest biomass can reduce dependence on fossil fuels and improve energy security.

However, there are also potential drawbacks to consider:

* Land use: Large-scale harvesting of forest biomass can lead to land-use changes, such as deforestation or habitat destruction.
* Water usage: Biomass production can require significant amounts of water, particularly for processing and conversion.
* Air pollution: Combustion of biomass can release air pollutants, such as particulate matter and volatile organic compounds.

Overall, bio-energy from forest biomass is a complex issue that requires careful consideration of the environmental, social, and economic implications.",0.0,0.0,0.0,2949,2250,-699,18.714285714285715,20.816049382716052,2.101763668430337
Public health campaigns and intervention effectiveness,0.8,0.8,0.8,0.6,0.8,0.8,0.6,0.8,0.8,0.8,0.6,good health and well-being,"Public health campaigns and interventions are designed to promote healthy behaviors, prevent disease, and improve the overall health and well-being of a population. The effectiveness of these campaigns and interventions can be measured in various ways, including:

**Types of Public Health Campaigns and Interventions:**

1. **Education and Awareness Campaigns**: These campaigns aim to educate the public about a specific health issue, such as the dangers of smoking or the importance of vaccination.
2. **Behavioral Interventions**: These interventions aim to change individual behaviors, such as increasing physical activity or improving diet.
3. **Environmental Interventions**: These interventions aim to change the physical environment to promote healthy behaviors, such as creating bike lanes or improving air quality.
4. **Policy Interventions**: These interventions aim to change laws, regulations, or policies to promote healthy behaviors, such as increasing taxes on sugary drinks or implementing smoke-free laws.

**Factors Affecting the Effectiveness of Public Health Campaigns and Interventions:**

1. **Target Audience**: The effectiveness of a campaign or intervention depends on the target audience, including their demographics, socioeconomic status, and health literacy.
2. **Message Clarity and Relevance**: The message must be clear, concise, and relevant to the target audience.
3. **Channel and Delivery**: The effectiveness of a campaign or intervention depends on the channel and delivery method, including social media, print media, or in-person interactions.
4. **Sustainability and Maintenance**: The effectiveness of a campaign or intervention depends on its sustainability and maintenance over time.
5. **Evaluation and Monitoring**: The effectiveness of a campaign or intervention must be evaluated and monitored to identify areas for improvement.

**Key Principles for Effective Public Health Campaigns and Interventions:**

1. **Theory-Based**: Campaigns and interventions should be based on a sound theoretical framework, such as the Health Belief Model or the Transtheoretical Model.
2. **Evidence-Based**: Campaigns and interventions should be based on the best available evidence, including scientific research and expert opinion.
3. **Tailored to the Target Audience**: Campaigns and interventions should be tailored to the specific needs and characteristics of the target audience.
4. **Multifaceted**: Campaigns and interventions should be multifaceted, incorporating multiple channels and delivery methods.
5. **Sustainable and Maintained**: Campaigns and interventions should be sustainable and maintained over time to ensure long-term effectiveness.

**Examples of Effective Public Health Campaigns and Interventions:**

1. **The Truth Campaign**: A campaign aimed at reducing youth smoking rates by educating them about the dangers of smoking.
2. **The 5-2-1-0 Campaign**: A campaign aimed at promoting healthy behaviors among children, including eating 5 servings of fruits and vegetables, drinking 2 hours of screen time, engaging in 1 hour of physical activity, and having 0 sugary drinks.
3. **The HPV Vaccine Campaign**: A campaign aimed at increasing vaccination rates among adolescents against human papillomavirus (HPV).
4. **The Clean Air Campaign**: A campaign aimed at reducing air pollution and promoting clean air policies.

In conclusion, public health campaigns and interventions can be effective in promoting healthy behaviors, preventing disease, and improving the overall health and well-being of a population. The effectiveness of these campaigns and interventions depends on various factors, including the target audience, message clarity and relevance, channel and delivery, sustainability and maintenance, and evaluation and monitoring. By applying key principles and using evidence-based approaches, public health campaigns and interventions can be designed to achieve maximum effectiveness.",,4.0,4.0,4.0,3958,0.0,13.92,0.0,"Public health campaigns and interventions are designed to promote healthy behaviors, prevent disease, and improve the overall health of a population. The effectiveness of these campaigns and interventions can be evaluated through various methods.

**Campaigns and Interventions:**

Public health campaigns and interventions can take many forms, including:

1. Education and awareness programs
2. Health promotion activities
3. Disease prevention programs
4. Health screening and testing initiatives
5. Policy and environmental changes

**Effectiveness Evaluation:**

The effectiveness of public health campaigns and interventions can be evaluated using various metrics, including:

1. **Behavioral outcomes**: Changes in behavior, such as increased physical activity or improved diet.
2. **Health outcomes**: Reductions in disease incidence, prevalence, or mortality.
3. **Healthcare utilization**: Changes in healthcare service use, such as hospitalizations or emergency department visits.
4. **Economic outcomes**: Cost savings or cost-effectiveness of the intervention.

**Factors Influencing Effectiveness:**

Several factors can influence the effectiveness of public health campaigns and interventions, including:

1. **Target population**: The characteristics and needs of the population being targeted.
2. **Intervention design**: The quality and relevance of the intervention to the target population.
3. **Implementation**: The fidelity and consistency of the intervention delivery.
4. **Sustainability**: The long-term maintenance of the intervention and its effects.
5. **Context**: The social, economic, and environmental factors that influence the intervention's effectiveness.

**Evaluation Methods:**

Public health campaigns and interventions can be evaluated using various methods, including:

1. **Randomized controlled trials**: Experimental designs that compare the intervention to a control group.
2. **Quasi-experimental designs**: Non-experimental designs that compare the intervention to a control group.
3. **Surveys and questionnaires**: Self-reported data on behavior and health outcomes.
4. **Administrative data**: Data on healthcare utilization and costs.
5. **Systematic reviews and meta-analyses**: Comprehensive reviews of existing evidence on the intervention's effectiveness.

**Challenges and Limitations:**

Evaluating the effectiveness of public health campaigns and interventions can be challenging due to:

1. **Complexity**: The multifaceted nature of public health issues and interventions.
2. **Contextual factors**: The influence of external factors on the intervention's effectiveness.
3. **Measurement bias**: The potential for biases in data collection and analysis.
4. **Resource constraints**: Limited resources for evaluation and intervention implementation.

In conclusion, public health campaigns and interventions can be effective in promoting healthy behaviors and preventing disease, but their effectiveness depends on various factors, including the target population, intervention design, implementation, and context. Evaluation methods, such as randomized controlled trials and systematic reviews, can provide insights into the effectiveness of these interventions.",0.0,0.0,0.0,3958,3222,-736,20.240359640359642,18.420927619964694,-1.8194320203949488
Green Urban Planning,0.6,0.8,0.8,0.6,0.8,0.8,0.6,0.8,0.8,0.8,0.6,climate action,"Green Urban Planning, also known as Sustainable Urban Planning or Eco-Urban Planning, is an approach to designing and managing cities that prioritizes environmental sustainability, social equity, and economic viability. The goal is to create livable, resilient, and regenerative cities that minimize their impact on the environment while improving the quality of life for their citizens.

Key principles of Green Urban Planning:

1. **Environmental sustainability**: Minimize the city's ecological footprint by reducing energy consumption, greenhouse gas emissions, and waste generation.
2. **Social equity**: Ensure that all citizens have access to basic services, such as clean water, sanitation, and healthcare, regardless of their income or social status.
3. **Economic viability**: Foster a strong, diverse economy that creates jobs, stimulates innovation, and promotes local economic development.
4. **Resilience**: Design cities to withstand and recover from natural disasters, economic shocks, and other disruptions.
5. **Regeneration**: Encourage the reuse and recycling of resources, and promote the growth of green infrastructure, such as parks, green roofs, and urban forests.

Strategies for Green Urban Planning:

1. **Mixed-use development**: Combine residential, commercial, and recreational spaces to reduce the need for lengthy commutes and promote walkability.
2. **Green infrastructure**: Incorporate parks, green roofs, and urban forests to mitigate the urban heat island effect, manage stormwater runoff, and provide habitats for wildlife.
3. **Sustainable transportation**: Promote the use of public transportation, walking, and cycling by investing in pedestrian-friendly and bike-friendly infrastructure.
4. **Energy-efficient buildings**: Encourage the use of green building materials, solar panels, and other energy-efficient technologies in new construction and retrofits.
5. **Waste reduction and management**: Implement recycling programs, composting facilities, and waste-to-energy systems to minimize waste disposal.
6. **Water conservation**: Implement efficient water management systems, such as rainwater harvesting and greywater reuse.
7. **Community engagement**: Involve citizens in the planning process through participatory budgeting, public outreach, and education programs.
8. **Innovative financing**: Explore innovative financing models, such as green bonds, to fund sustainable urban development projects.

Benefits of Green Urban Planning:

1. **Improved air and water quality**: Reduced pollution and improved water management lead to better public health.
2. **Increased economic competitiveness**: Green urban planning can attract businesses, tourists, and residents who value sustainability.
3. **Enhanced quality of life**: Green spaces, walkability, and bikeability contribute to a higher quality of life and increased community engagement.
4. **Climate change mitigation**: Reduced greenhouse gas emissions and increased energy efficiency help mitigate the impacts of climate change.
5. **Increased resilience**: Green urban planning can help cities recover more quickly from natural disasters and economic shocks.

Examples of cities that have successfully implemented Green Urban Planning strategies include:

1. **Copenhagen, Denmark**: Known for its carbon-neutral goals and extensive green infrastructure.
2. **Vancouver, Canada**: A leader in green building and sustainable transportation.
3. **Singapore**: A model for efficient water management and waste reduction.
4. **Barcelona, Spain**: A pioneer in green urban planning, with a focus on public spaces and community engagement.
5. **Stockholm, Sweden**: A leader in sustainable transportation and green infrastructure.

These cities demonstrate that Green Urban Planning is not only possible but also essential for creating livable, resilient, and regenerative cities that benefit both citizens and the environment.",,4.0,4.0,4.0,3930,0.0,14.46,0.0,"Green Urban Planning refers to the application of sustainable and environmentally conscious principles in the design and development of urban areas. This approach aims to balance the needs of urban populations with the need to protect and preserve the natural environment.

Key components of Green Urban Planning include:

1. **Sustainable transportation systems**: Encouraging the use of public transportation, walking, and cycling by designing pedestrian-friendly and bikeable infrastructure.
2. **Green spaces and parks**: Incorporating parks, gardens, and other green areas to provide habitats for urban wildlife, mitigate the urban heat island effect, and improve air quality.
3. **Energy-efficient buildings**: Designing buildings that minimize energy consumption, using materials and technologies that reduce greenhouse gas emissions.
4. **Water management**: Implementing efficient water management systems, such as rainwater harvesting and greywater reuse, to reduce water consumption and minimize stormwater runoff.
5. **Waste management**: Implementing waste reduction, recycling, and composting programs to minimize waste sent to landfills.
6. **Mixed-use development**: Encouraging mixed-use development, where residential, commercial, and recreational activities are integrated, to reduce the need for lengthy commutes and promote walkability.
7. **Climate resilience**: Designing urban areas to be resilient to climate-related hazards, such as flooding, heatwaves, and droughts.

The goals of Green Urban Planning are to:

1. **Mitigate the urban heat island effect**: Reduce the temperature difference between urban and rural areas.
2. **Improve air quality**: Reduce air pollution by minimizing emissions from transportation and industry.
3. **Conserve natural resources**: Reduce water and energy consumption, and minimize waste.
4. **Enhance public health**: Improve the physical and mental well-being of urban residents by providing access to green spaces, clean air, and safe transportation options.
5. **Support economic development**: Foster sustainable economic growth by creating livable, walkable, and bikeable communities that attract businesses and talent.

Green Urban Planning involves collaboration among various stakeholders, including urban planners, architects, engineers, policymakers, and community members. It requires a holistic approach that considers the social, economic, and environmental implications of urban development.",0.0,0.0,0.0,3930,2465,-1465,19.349813023855578,19.950586611456178,0.6007735876005995
Sustainable Energy Financing,0.6,0.8,0.8,0.6,0.8,0.8,0.6,0.8,0.8,0.8,0.6,climate action,"Sustainable energy financing refers to the various financial mechanisms and instruments used to support the development and deployment of renewable energy and energy efficiency projects. The goal of sustainable energy financing is to provide a stable and predictable source of funding for projects that promote the use of clean energy, reduce greenhouse gas emissions, and mitigate climate change.

Sustainable energy financing can take many forms, including:

1. **Green Bonds**: Specialized bonds that are issued to finance projects that have a positive environmental impact, such as renewable energy installations, energy efficiency upgrades, and sustainable infrastructure projects.
2. **Green Loans**: Loans that are specifically designed to finance projects that promote energy efficiency, renewable energy, and sustainable development.
3. **Crowdfunding**: Platforms that allow individuals to invest in renewable energy projects, such as community solar programs or wind farms.
4. **Tax Incentives**: Government programs that provide tax credits or deductions to encourage investment in renewable energy and energy efficiency projects.
5. **Grants**: Government funding that is provided to support the development and deployment of renewable energy and energy efficiency projects.
6. **Public-Private Partnerships (PPPs)**: Collaborative agreements between government entities and private sector companies to finance and deliver large-scale renewable energy and energy efficiency projects.
7. **Impact Investing**: Investments that are made with the intention of generating both financial returns and positive social and environmental impacts.
8. **Renewable Energy Certificates (RECs)**: Tradable certificates that represent the environmental attributes of one megawatt-hour of renewable energy.
9. **Carbon Pricing**: Mechanisms that put a price on carbon emissions, such as carbon taxes or cap-and-trade systems, which can create a financial incentive for companies to invest in renewable energy and energy efficiency projects.

The benefits of sustainable energy financing include:

1. **Reduced greenhouse gas emissions**: By promoting the use of clean energy and energy efficiency, sustainable energy financing can help mitigate climate change.
2. **Increased energy security**: By diversifying the energy mix and reducing dependence on fossil fuels, sustainable energy financing can improve energy security and reduce the risks associated with price volatility.
3. **Job creation**: Sustainable energy financing can create new job opportunities in the renewable energy and energy efficiency sectors.
4. **Economic growth**: By investing in renewable energy and energy efficiency projects, sustainable energy financing can stimulate economic growth and create new business opportunities.

Overall, sustainable energy financing is an essential tool for promoting the transition to a low-carbon economy and achieving the goals of the Paris Agreement.",,4.0,4.0,4.0,2961,0.0,15.2,0.0,"Sustainable energy financing refers to the provision of financial support for projects and initiatives that aim to promote the use of renewable energy sources and reduce dependence on fossil fuels. This financing mechanism is designed to bridge the gap between the cost of sustainable energy technologies and their market value, making them more competitive with traditional energy sources.

Sustainable energy financing can take various forms, including:

1. **Grants**: Non-repayable funds provided by governments, foundations, or other organizations to support the development of sustainable energy projects.
2. **Loans**: Repayable funds provided by financial institutions, governments, or other organizations to support the development of sustainable energy projects.
3. **Tax incentives**: Reductions in tax liabilities for individuals or organizations that invest in sustainable energy projects.
4. **Green bonds**: Specialized bonds that are issued to finance sustainable energy projects and are typically backed by the creditworthiness of the issuer.
5. **Crowdfunding**: Platforms that allow individuals to contribute small amounts of money to support sustainable energy projects.

The primary goal of sustainable energy financing is to reduce the financial barriers that prevent the widespread adoption of renewable energy sources. By providing financial support, governments, organizations, and individuals can help to:

1. **Reduce greenhouse gas emissions**: By promoting the use of renewable energy sources, sustainable energy financing can contribute to a reduction in greenhouse gas emissions and mitigate climate change.
2. **Increase energy security**: By reducing dependence on fossil fuels, sustainable energy financing can improve energy security and reduce the risks associated with price volatility.
3. **Create jobs and stimulate economic growth**: The development of sustainable energy projects can create new job opportunities and stimulate economic growth in local communities.

Sustainable energy financing can be implemented through various channels, including:

1. **Government policies**: Governments can establish policies and regulations to support sustainable energy financing, such as tax credits, grants, or low-interest loans.
2. **Financial institutions**: Banks, credit unions, and other financial institutions can provide loans and other financial products to support sustainable energy projects.
3. **Private sector investments**: Companies and investors can provide funding for sustainable energy projects through equity investments, debt financing, or other mechanisms.
4. **Non-profit organizations**: Foundations, NGOs, and other non-profit organizations can provide grants, loans, and other forms of financial support for sustainable energy projects.

Overall, sustainable energy financing is a critical component of the transition to a low-carbon economy, and its implementation can have significant benefits for the environment, energy security, and economic growth.",0.0,0.6485635638237,0.6485635638237,2961,3015,54,24.571958991410366,24.067337077184277,-0.5046219142260888
Cultural Sustainability in Urban Planning,0.6,0.8,0.8,0.6,0.8,0.8,0.8,0.8,0.8,0.8,0.6,climate action,"Cultural sustainability in urban planning refers to the integration of cultural considerations and values into the planning and design of cities and urban spaces. It involves recognizing and preserving the cultural heritage, traditions, and identities of the communities that inhabit these spaces. This approach prioritizes the well-being and quality of life of urban residents, while also promoting social equity, environmental stewardship, and economic viability.

Key principles of cultural sustainability in urban planning include:

1. **Community engagement**: Involving local communities in the planning process to ensure that their needs, values, and aspirations are taken into account.
2. **Cultural diversity**: Celebrating and preserving the cultural diversity of urban populations, including their languages, customs, and traditions.
3. **Heritage preservation**: Protecting and promoting the cultural heritage of cities, including historic buildings, monuments, and cultural landscapes.
4. **Inclusive design**: Designing urban spaces that are accessible and inclusive for all members of the community, regardless of age, ability, or cultural background.
5. **Social equity**: Prioritizing the needs of marginalized or vulnerable communities, such as low-income households, indigenous peoples, or immigrant communities.
6. **Environmental stewardship**: Integrating environmental considerations into urban planning, such as green spaces, renewable energy, and sustainable transportation systems.
7. **Economic viability**: Ensuring that urban planning decisions are economically sustainable and benefit the local community.

Benefits of cultural sustainability in urban planning include:

1. **Improved quality of life**: Enhancing the well-being and quality of life of urban residents by creating vibrant, inclusive, and sustainable communities.
2. **Social cohesion**: Fostering social cohesion and community engagement through the preservation of cultural heritage and traditions.
3. **Economic growth**: Supporting local economic growth and development by promoting cultural tourism, creative industries, and community-led initiatives.
4. **Environmental benefits**: Reducing the environmental impact of urbanization through sustainable design and planning practices.
5. **Increased resilience**: Building resilience in the face of climate change, economic uncertainty, and social inequality by prioritizing cultural sustainability.

Examples of cultural sustainability in urban planning include:

1. **Cultural districts**: Designating specific areas of the city as cultural districts, which preserve and promote local cultural heritage and traditions.
2. **Community-led planning**: Empowering local communities to take ownership of urban planning decisions and prioritize their needs and aspirations.
3. **Inclusive public spaces**: Designing public spaces that are accessible and inclusive for all members of the community, regardless of age, ability, or cultural background.
4. **Heritage preservation**: Protecting and promoting the cultural heritage of cities, including historic buildings, monuments, and cultural landscapes.
5. **Sustainable transportation systems**: Implementing sustainable transportation systems that prioritize pedestrian, cycling, and public transportation infrastructure.

By prioritizing cultural sustainability in urban planning, cities can create vibrant, inclusive, and sustainable communities that promote social equity, environmental stewardship, and economic viability.",,4.0,4.0,4.0,3524,0.0,14.71,0.0,"Cultural sustainability in urban planning refers to the integration of cultural considerations into the planning and design of urban environments. This concept involves balancing the need for economic and social development with the preservation and promotion of cultural heritage, diversity, and identity.

**Definition:**

Cultural sustainability in urban planning is often defined as the ability of a city to maintain and enhance its cultural character, while also adapting to changing social, economic, and environmental conditions. This involves considering the cultural needs and values of diverse communities, including their language, customs, traditions, and historical experiences.

**Key Components:**

1. **Cultural heritage preservation:** Protecting and preserving cultural landmarks, historical buildings, and traditional neighborhoods.
2. **Cultural diversity promotion:** Encouraging the coexistence of different cultural groups, promoting cross-cultural understanding, and celebrating diversity.
3. **Community engagement:** Involving local communities in the planning process to ensure that their cultural needs and concerns are addressed.
4. **Inclusive urban design:** Designing public spaces, buildings, and infrastructure that reflect the cultural identity of the community.
5. **Cultural programming:** Providing cultural events, festivals, and activities that promote cultural exchange and understanding.

**Causal Mechanisms:**

1. **Urbanization and cultural change:** Rapid urbanization can lead to cultural homogenization and the loss of traditional practices and customs.
2. **Migration and diversity:** The influx of new cultural groups can lead to cultural diversity, but also challenges to existing cultural norms and practices.
3. **Economic development:** Economic growth can lead to gentrification, displacement of low-income communities, and loss of cultural heritage.
4. **Environmental degradation:** Environmental degradation can have negative impacts on cultural heritage and traditional practices.

**Verifiable Facts:**

1. Cities with strong cultural heritage preservation policies tend to have higher levels of community engagement and social cohesion.
2. Inclusive urban design can improve social outcomes, such as reduced crime rates and improved mental health.
3. Cultural programming can increase cultural understanding and tolerance among different communities.
4. Urban planning that prioritizes cultural sustainability can lead to more resilient and adaptable cities.

**Conclusion:**

Cultural sustainability in urban planning is a complex and multifaceted concept that requires a nuanced understanding of the relationships between culture, community, and urban development. By integrating cultural considerations into urban planning, cities can promote social cohesion, community engagement, and cultural diversity, while also preserving cultural heritage and promoting economic development.",0.0,0.0,0.0,3524,2945,-579,24.492857142857144,22.81818181818182,-1.6746753246753237
Stroke Rehabilitation,0.8,0.8,0.8,0.6,0.8,0.8,0.4,0.8,0.8,0.8,0.6,good health and well-being,"Stroke rehabilitation, also known as stroke recovery or stroke therapy, is a comprehensive program designed to help individuals recover from the physical, cognitive, and emotional effects of a stroke. The primary goal of stroke rehabilitation is to enable individuals to regain as much independence and functionality as possible, and to improve their overall quality of life.

**Phases of Stroke Rehabilitation:**

1. **Acute Phase (0-72 hours)**: Initial treatment focuses on stabilizing the patient's condition, managing symptoms, and preventing further complications.
2. **Sub-Acute Phase (3-14 days)**: Patients are transferred to a rehabilitation hospital or unit, where a multidisciplinary team of healthcare professionals assess and address their physical, cognitive, and emotional needs.
3. **Post-Acute Phase (2-6 weeks)**: Patients continue to receive rehabilitation services, with a focus on improving functional abilities, such as walking, dressing, and using the bathroom.
4. **Maintenance Phase (6 weeks-6 months)**: Patients transition to outpatient services, where they receive ongoing support and therapy to maintain their progress and prevent regression.

**Components of Stroke Rehabilitation:**

1. **Physical Therapy (PT)**: Helps patients regain strength, mobility, and balance, and teaches them to perform daily activities, such as walking, dressing, and using the bathroom.
2. **Occupational Therapy (OT)**: Focuses on improving daily living skills, such as bathing, grooming, and cooking, and helps patients adapt to any physical or cognitive changes.
3. **Speech and Language Therapy (SLT)**: Addresses communication difficulties, such as aphasia, and helps patients regain their ability to speak, read, and write.
4. **Cognitive Therapy**: Helps patients improve their memory, attention, and problem-solving skills.
5. **Psychological Support**: Provides emotional support and counseling to help patients cope with the psychological effects of a stroke, such as anxiety, depression, and frustration.
6. **Recreational Therapy**: Encourages patients to engage in activities they enjoy, such as music, art, or exercise, to promote relaxation and stress reduction.

**Goals of Stroke Rehabilitation:**

1. **Improve functional abilities**: Regain independence in daily activities, such as bathing, dressing, and using the bathroom.
2. **Enhance cognitive function**: Improve memory, attention, and problem-solving skills.
3. **Promote emotional well-being**: Manage anxiety, depression, and frustration.
4. **Prevent complications**: Reduce the risk of further strokes, falls, and other health problems.
5. **Improve quality of life**: Enhance overall well-being, social interaction, and participation in activities.

**Who is Involved in Stroke Rehabilitation?**

1. **Multidisciplinary team**: Includes healthcare professionals, such as physical therapists, occupational therapists, speech-language pathologists, psychologists, and nurses.
2. **Family members and caregivers**: Involved in the rehabilitation process, providing emotional support and assistance with daily activities.
3. **Rehabilitation specialists**: May include physical medicine and rehabilitation (PM&R) physicians, rehabilitation nurses, and other healthcare professionals.

Overall, stroke rehabilitation is a comprehensive and individualized program that aims to help individuals recover from the effects of a stroke and regain their independence, functionality, and overall quality of life.",,3.0,4.0,3.0,3491,0.0,12.98,0.0,"Stroke rehabilitation is a medical treatment approach aimed at helping individuals recover from the physical, cognitive, and emotional effects of a stroke. A stroke occurs when the blood supply to the brain is interrupted, causing damage to brain tissue.

The primary goal of stroke rehabilitation is to maximize the individual's functional abilities and quality of life. This is achieved through a multidisciplinary team approach, involving various healthcare professionals, including:

1. Physical therapists: Focus on improving mobility, balance, and strength.
2. Occupational therapists: Help individuals regain independence in daily activities, such as bathing, dressing, and feeding.
3. Speech-language pathologists: Address communication and swallowing difficulties.
4. Cognitive therapists: Assist with cognitive rehabilitation, including memory, attention, and problem-solving skills.
5. Psychologists: Provide emotional support and address mental health concerns.

Stroke rehabilitation typically involves a combination of the following interventions:

1. Exercise and physical therapy: To improve mobility, strength, and balance.
2. Cognitive training: To enhance cognitive function, including memory, attention, and problem-solving skills.
3. Speech and language therapy: To improve communication and swallowing abilities.
4. Occupational therapy: To promote independence in daily activities.
5. Assistive technology: To enhance daily functioning and independence.
6. Medications: To manage symptoms, such as pain, spasticity, and depression.
7. Lifestyle modifications: To promote overall health and well-being.

The rehabilitation process typically follows a structured approach, including:

1. Assessment: Evaluating the individual's functional abilities and identifying areas for improvement.
2. Goal-setting: Establishing realistic goals and objectives for rehabilitation.
3. Intervention: Implementing a tailored treatment plan, incorporating various therapies and interventions.
4. Progress monitoring: Regularly assessing and adjusting the treatment plan as needed.
5. Discharge planning: Preparing the individual for discharge from rehabilitation, including arranging for ongoing care and support.

Stroke rehabilitation can be provided in various settings, including:

1. Inpatient rehabilitation facilities
2. Outpatient clinics
3. Home-based rehabilitation
4. Community-based programs

The effectiveness of stroke rehabilitation depends on various factors, including:

1. Severity of stroke
2. Age and overall health of the individual
3. Timeliness and quality of rehabilitation services
4. Individual's motivation and engagement in the rehabilitation process

Overall, stroke rehabilitation aims to promote recovery, improve functional abilities, and enhance the individual's quality of life.",0.0,0.6435056924819946,0.6435056924819946,3491,2817,-674,18.962666666666667,19.70059523809524,0.7379285714285722
Climate Resilience in Coastal Areas,0.8,0.8,0.8,0.6,0.8,0.8,0.8,0.8,0.8,0.8,0.6,climate action,"Climate resilience in coastal areas refers to the ability of coastal communities, ecosystems, and infrastructure to withstand, adapt to, and recover from the impacts of climate change. Coastal areas are particularly vulnerable to climate-related hazards such as sea-level rise, storm surges, coastal erosion, and increased flooding. Here's a breakdown of the concept:

**Key aspects of climate resilience in coastal areas:**

1. **Sea-level rise**: As global temperatures rise, the oceans expand, causing sea levels to rise. This leads to increased flooding, saltwater intrusion into freshwater sources, and erosion of coastlines.
2. **Storm surges**: More frequent and intense storms can cause devastating flooding, damage to infrastructure, and loss of life.
3. **Coastal erosion**: Rising sea levels and increased storm activity can lead to erosion of coastlines, loss of land, and damage to coastal ecosystems.
4. **Increased flooding**: More frequent and intense rainfall events, combined with sea-level rise, can cause flooding in coastal areas, affecting both human settlements and ecosystems.
5. **Saltwater intrusion**: As sea levels rise, saltwater can intrude into freshwater sources, affecting drinking water quality and impacting agriculture and ecosystems.

**Strategies for climate resilience in coastal areas:**

1. **Adaptive planning**: Develop plans that take into account projected climate-related hazards and incorporate flexible, adaptive strategies to respond to changing conditions.
2. **Ecosystem-based adaptation**: Protect and restore natural coastal ecosystems, such as mangroves, dunes, and salt marshes, which provide natural barriers against storms and erosion.
3. **Infrastructure design**: Design coastal infrastructure, such as seawalls, jetties, and buildings, to be resilient to climate-related hazards.
4. **Flood protection**: Implement flood protection measures, such as levees, flood gates, and stormwater management systems.
5. **Community engagement**: Engage with local communities to raise awareness about climate-related hazards and involve them in planning and decision-making processes.
6. **Economic diversification**: Diversify local economies to reduce dependence on climate-sensitive industries, such as fishing or tourism.
7. **Climate-resilient agriculture**: Implement climate-resilient agricultural practices, such as using drought-tolerant crops and implementing irrigation systems.
8. **Early warning systems**: Establish early warning systems to alert communities of impending climate-related hazards.
9. **Disaster risk reduction**: Implement disaster risk reduction measures, such as evacuation plans and emergency response systems.
10. **Monitoring and evaluation**: Continuously monitor and evaluate the effectiveness of climate resilience strategies and adapt them as needed.

**Benefits of climate resilience in coastal areas:**

1. **Reduced risk of damage and loss**: By implementing climate resilience strategies, communities can reduce the risk of damage and loss from climate-related hazards.
2. **Protection of human life**: Climate resilience measures can help protect human life and prevent loss of life from climate-related hazards.
3. **Preservation of ecosystems**: Climate resilience strategies can help preserve coastal ecosystems, which provide essential ecosystem services, such as shoreline protection and fisheries.
4. **Economic benefits**: Climate resilience can also have economic benefits, such as reduced costs associated with disaster response and recovery.
5. **Improved quality of life**: Climate resilience can improve the quality of life for coastal communities by reducing the risk of climate-related hazards and promoting sustainable development.

In summary, climate resilience in coastal areas is essential for protecting human life, preserving ecosystems, and promoting sustainable development in the face of climate-related hazards. By implementing a range of strategies, communities can reduce their vulnerability to climate-related risks and build a more resilient future.",,4.0,4.0,4.0,4071,0.0,13.78,0.0,"Climate resilience in coastal areas refers to the ability of coastal communities, ecosystems, and infrastructure to withstand, adapt to, and recover from the impacts of climate change, such as sea-level rise, increased storm frequency and intensity, and changes in precipitation patterns.

**Causes of Climate Change Impacts in Coastal Areas:**

1. **Sea-level rise**: The melting of glaciers and ice sheets, and the thermal expansion of seawater due to warming temperatures, contribute to sea-level rise, leading to increased coastal erosion, flooding, and saltwater intrusion into freshwater sources.
2. **Increased storm frequency and intensity**: Climate change is projected to lead to more frequent and intense storms, including hurricanes, typhoons, and cyclones, which can cause catastrophic damage to coastal infrastructure and ecosystems.
3. **Changes in precipitation patterns**: Shifts in precipitation patterns can lead to more frequent and severe flooding, droughts, and water scarcity in coastal areas.

**Consequences of Climate Change Impacts in Coastal Areas:**

1. **Loss of property and infrastructure**: Coastal erosion, flooding, and storm damage can result in significant economic losses and displacement of communities.
2. **Disruption of ecosystems**: Climate change can alter the distribution and abundance of coastal species, leading to changes in ecosystem services, such as fisheries, tourism, and coastal protection.
3. **Human health impacts**: Climate-related events, such as flooding and heatwaves, can have negative impacts on human health, particularly for vulnerable populations.

**Strategies for Enhancing Climate Resilience in Coastal Areas:**

1. **Coastal zone management**: Implementing effective coastal zone management practices, such as beach nourishment, dune restoration, and wetland preservation, can help mitigate the impacts of climate change.
2. **Infrastructure adaptation**: Designing and building infrastructure, such as seawalls, levees, and flood-resistant buildings, can help protect against climate-related events.
3. **Ecosystem-based adaptation**: Preserving and restoring natural ecosystems, such as mangroves, coral reefs, and salt marshes, can provide natural barriers against storms and sea-level rise.
4. **Community engagement and planning**: Engaging with local communities and developing climate-resilient plans can help build resilience and reduce vulnerability to climate-related events.
5. **Climate change mitigation**: Reducing greenhouse gas emissions can help slow the rate of climate change and its associated impacts on coastal areas.

**Key Challenges and Opportunities:**

1. **Balancing economic development and environmental protection**: Coastal areas often face competing demands for development and environmental protection, requiring careful planning and management.
2. **Addressing social and economic inequalities**: Climate change impacts can disproportionately affect vulnerable populations, highlighting the need for equitable and inclusive climate resilience planning.
3. **Integrating climate change into development planning**: Climate change must be considered in development planning to ensure that investments are resilient to climate-related events.

Overall, climate resilience in coastal areas requires a comprehensive and integrated approach that addresses the physical, social, and economic dimensions of climate change impacts.",0.0,0.0,0.0,4071,3428,-643,19.80467339352098,21.110022371364654,1.3053489778436749
Stroke Recovery,0.8,0.8,0.8,0.6,0.8,0.8,0.4,0.8,0.8,0.8,0.6,good health and well-being,"Stroke recovery refers to the process of regaining physical, cognitive, and emotional abilities after a stroke. The goal of stroke recovery is to help individuals regain as much independence and functionality as possible, and to improve their overall quality of life.

**Phases of Stroke Recovery:**

1. **Acute Phase (0-72 hours)**: This is the initial phase after a stroke, during which the individual receives emergency medical treatment and stabilization.
2. **Subacute Phase (3-14 days)**: In this phase, the individual begins to receive rehabilitation therapy, such as physical, occupational, and speech therapy.
3. **Post-Acute Phase (2-6 weeks)**: The individual continues to receive rehabilitation therapy and begins to transition to home or community-based care.
4. **Rehabilitation Phase (6 weeks-6 months)**: This phase focuses on intensive rehabilitation therapy to improve physical, cognitive, and emotional function.
5. **Maintenance Phase (6 months-1 year)**: The individual continues to receive ongoing therapy and support to maintain and improve their functional abilities.
6. **Long-Term Phase (1 year and beyond)**: The individual continues to receive ongoing support and therapy to maintain their functional abilities and prevent further decline.

**Goals of Stroke Recovery:**

1. **Regain physical function**: Improve mobility, balance, and strength.
2. **Improve cognitive function**: Enhance memory, attention, and problem-solving skills.
3. **Manage emotional and behavioral changes**: Address depression, anxiety, and other emotional and behavioral changes.
4. **Improve communication**: Enhance speech, language, and swallowing abilities.
5. **Promote independence**: Enable the individual to perform daily activities, such as bathing, dressing, and grooming.
6. **Prevent further decline**: Prevent further physical, cognitive, and emotional decline.

**Stroke Recovery Strategies:**

1. **Early intervention**: Early initiation of rehabilitation therapy is crucial for optimal recovery.
2. **Multidisciplinary care**: A team of healthcare professionals, including physical therapists, occupational therapists, speech therapists, and psychologists, work together to provide comprehensive care.
3. **Family and caregiver support**: Family members and caregivers play a critical role in supporting the individual's recovery and providing ongoing care.
4. **Lifestyle modifications**: Making healthy lifestyle choices, such as regular exercise, a balanced diet, and stress management, can help promote recovery and prevent further decline.
5. **Ongoing monitoring and evaluation**: Regular monitoring and evaluation of the individual's progress and adjustment of treatment plans as needed.

**Challenges and Considerations:**

1. **Variability in recovery**: Recovery from a stroke can be highly variable, and some individuals may experience significant challenges.
2. **Emotional and psychological impact**: Stroke recovery can have a significant emotional and psychological impact on the individual and their loved ones.
3. **Access to care**: Access to comprehensive and specialized care can be a challenge, particularly in rural or underserved areas.
4. **Cost and insurance coverage**: The cost of stroke recovery can be significant, and insurance coverage may vary.

Overall, stroke recovery is a complex and individualized process that requires a comprehensive and multidisciplinary approach. With early intervention, ongoing support, and a commitment to making lifestyle modifications, individuals can achieve significant improvements in their physical, cognitive, and emotional function.",,4.0,4.0,4.0,3622,0.0,13.06,0.0,"Stroke recovery refers to the process of regaining physical, cognitive, and emotional function after a stroke. A stroke occurs when the blood supply to the brain is interrupted, either due to a blockage or a rupture of blood vessels, leading to damage or death of brain tissue.

The recovery process can be complex and varies from person to person, depending on the severity and location of the stroke, as well as individual factors such as age, overall health, and the effectiveness of rehabilitation efforts.

**Phases of Stroke Recovery:**

1. **Acute Phase**: The initial phase of recovery, which typically lasts for several weeks to months after the stroke. During this time, the individual may experience significant physical and cognitive impairments.
2. **Sub-Acute Phase**: The next phase, which can last from several months to a year or more after the stroke. During this time, the individual may begin to show signs of improvement, but still requires ongoing rehabilitation.
3. **Chronic Phase**: The long-term phase of recovery, which can last for years or even a lifetime. During this time, the individual may continue to experience some level of impairment, but may also achieve significant gains in function and independence.

**Factors Influencing Stroke Recovery:**

1. **Severity of the Stroke**: The extent of brain damage and the location of the damage can significantly impact the recovery process.
2. **Age and Overall Health**: Older adults and individuals with pre-existing medical conditions may experience more challenging recovery outcomes.
3. **Rehabilitation Efforts**: The effectiveness of physical, occupational, and speech therapy, as well as other interventions, can significantly influence the recovery process.
4. **Support System**: The presence of a supportive family, friends, and healthcare team can also impact the individual's recovery and overall well-being.

**Rehabilitation Strategies:**

1. **Physical Therapy**: Focuses on improving mobility, balance, and strength.
2. **Occupational Therapy**: Aims to enhance daily living skills, such as bathing, dressing, and cooking.
3. **Speech Therapy**: Targets communication and swallowing difficulties.
4. **Cognitive Rehabilitation**: Addresses cognitive impairments, such as memory, attention, and problem-solving.
5. **Psychological Support**: Provides emotional support and coping strategies to manage stress and anxiety.

**Outcomes and Prognosis:**

The outcome of stroke recovery can vary significantly, and it is difficult to predict the extent of recovery for an individual. Factors such as the severity of the stroke, age, and overall health can influence the likelihood of achieving full or partial recovery. Some individuals may experience significant gains in function and independence, while others may require ongoing support and care.",0.0,0.0,0.0,3622,2840,-782,19.704022988505752,17.272357723577237,-2.4316652649285153
Sustainable Groundwater Management,0.6,0.8,0.8,0.6,0.8,0.8,0.6,0.8,0.8,0.8,0.6,climate action,"Sustainable groundwater management refers to the practices and policies aimed at ensuring the long-term availability and quality of groundwater resources. Groundwater is a vital source of freshwater for drinking, irrigation, industry, and other uses, but its over-extraction and poor management can lead to depletion, contamination, and other environmental and social problems.

The concept of sustainable groundwater management involves a holistic approach that considers the following key aspects:

1. **Assessment and monitoring**: Accurate estimation of groundwater resources, including their quantity, quality, and recharge rates.
2. **Water balance**: Understanding the water balance between groundwater recharge, extraction, and discharge to ensure that the system is in equilibrium.
3. **Water conservation**: Implementing measures to reduce water demand and promote efficient use of groundwater.
4. **Groundwater protection**: Preventing contamination and degradation of groundwater through proper land use, waste management, and agricultural practices.
5. **Adaptive management**: Regularly reviewing and updating management plans to respond to changing hydrological, social, and economic conditions.
6. **Community engagement**: Involving local communities, stakeholders, and decision-makers in the planning and management process to ensure that their needs and concerns are addressed.
7. **Regulatory framework**: Establishing and enforcing laws, regulations, and policies that promote sustainable groundwater management.

Some key strategies for sustainable groundwater management include:

1. **Groundwater recharge**: Artificially recharging groundwater through infiltration ponds, percolation tanks, or other methods to supplement natural recharge.
2. **Water-saving technologies**: Implementing efficient irrigation systems, drip irrigation, and other water-saving technologies to reduce groundwater demand.
3. **Water pricing**: Implementing water pricing mechanisms to reflect the true cost of groundwater extraction and encourage efficient use.
4. **Groundwater monitoring**: Establishing a network of monitoring wells to track groundwater levels, quality, and flow rates.
5. **Integrated water resources management**: Managing groundwater as part of a broader water resources management framework that considers surface water, wastewater, and other water sources.

The benefits of sustainable groundwater management include:

1. **Long-term water security**: Ensuring the availability of groundwater for future generations.
2. **Environmental protection**: Preventing groundwater contamination and degradation.
3. **Economic benefits**: Reducing the costs associated with groundwater over-extraction and contamination.
4. **Social benefits**: Improving public health and well-being by providing a reliable and safe source of drinking water.

Examples of successful sustainable groundwater management initiatives include:

1. **California's Sustainable Groundwater Management Act**: A state law that requires groundwater basins to develop and implement sustainable management plans.
2. **Australia's National Water Initiative**: A national policy framework that promotes sustainable water management, including groundwater management.
3. **The Netherlands' groundwater management**: A well-established system of groundwater management that prioritizes sustainability, water quality, and public health.

Overall, sustainable groundwater management is essential for ensuring the long-term availability and quality of this vital resource, while also protecting the environment and promoting economic and social well-being.",,4.0,4.0,4.0,3639,0.0,14.93,0.0,"Sustainable Groundwater Management refers to the practice of managing groundwater resources in a way that maintains their long-term availability and quality for future generations. This approach involves a combination of technical, institutional, and social measures to ensure that groundwater is used efficiently and sustainably.

Key components of Sustainable Groundwater Management include:

1. **Groundwater Assessment**: Accurate measurement and monitoring of groundwater levels, quality, and recharge rates to understand the aquifer's characteristics and behavior.
2. **Water Balance**: Calculation of the water balance between groundwater recharge, extraction, and discharge to identify areas of over-extraction or under-recharge.
3. **Water Allocation**: Allocation of groundwater rights and permits to ensure that extraction is limited to sustainable levels and that users are aware of their responsibilities.
4. **Water Conservation**: Implementation of measures to reduce water waste and promote efficient use of groundwater, such as water-saving technologies and practices.
5. **Aquifer Protection**: Measures to prevent contamination and degradation of the aquifer, including regulations on land use, waste disposal, and agricultural practices.
6. **Monitoring and Evaluation**: Regular monitoring of groundwater levels, quality, and extraction rates to assess the effectiveness of management strategies and make adjustments as needed.
7. **Stakeholder Engagement**: Collaboration with local communities, farmers, and other stakeholders to raise awareness, build support, and ensure that management decisions are informed by local knowledge and needs.

Sustainable Groundwater Management aims to achieve several goals, including:

1. **Maintaining groundwater levels**: Preventing over-extraction and ensuring that groundwater levels remain stable or increase over time.
2. **Protecting water quality**: Preventing contamination and maintaining the quality of groundwater for human consumption and other uses.
3. **Ensuring water availability**: Ensuring that groundwater is available for future generations, particularly in areas where surface water resources are limited.
4. **Supporting economic development**: Providing a reliable and sustainable source of water for agriculture, industry, and other economic activities.

By adopting Sustainable Groundwater Management practices, communities can reduce the risks associated with groundwater depletion, contamination, and other issues, while also promoting economic development and social well-being.",0.0,0.0,0.0,3639,2566,-1073,23.879160213388403,24.077140672782875,0.19798045939447206
Electrochemical Carbon Capture and Conversion,0.6,0.8,0.8,0.6,0.8,0.8,0.4,0.8,0.8,0.8,0.6,climate action,"A very timely and relevant topic! Electrochemical Carbon Capture and Conversion (ECCC) is a promising technology that combines electrochemistry and carbon capture to mitigate climate change. Here's a detailed explanation:

**What is ECCC?**

ECCC is a process that uses electrochemistry to capture and convert CO2 (carbon dioxide) into valuable chemicals, fuels, or other products. This approach leverages the principles of electrochemistry to selectively capture CO2 from flue gas emissions, industrial processes, or even directly from the atmosphere.

**How does ECCC work?**

The ECCC process involves several key steps:

1. **CO2 capture**: CO2 is extracted from a gas stream using an electrochemical cell. This is typically done using a membrane-based system, where CO2 is selectively transported through a membrane, while other gases are rejected.
2. **Electrochemical reduction**: The captured CO2 is then reduced at the cathode (negative electrode) of an electrochemical cell, using a reducing agent (e.g., water or a chemical compound). This process converts CO2 into a chemical compound, such as formic acid, methanol, or even a solid carbon material.
3. **Conversion**: The reduced CO2 compound is then converted into a more valuable product, such as a chemical, fuel, or material, through a series of chemical reactions.

**Key benefits of ECCC**

ECCC offers several advantages over traditional carbon capture and storage (CCS) methods:

1. **Higher efficiency**: ECCC can achieve higher CO2 capture efficiencies (up to 90%) compared to traditional CCS methods (typically around 10-20%).
2. **Lower energy requirements**: ECCC requires significantly less energy than traditional CCS methods, making it a more energy-efficient and cost-effective option.
3. **Valuable product generation**: ECCC produces valuable chemicals, fuels, or materials, which can be sold or used as feedstocks for other industrial processes.
4. **Scalability**: ECCC can be scaled up or down depending on the application, making it suitable for various industries and settings.

**Applications of ECCC**

ECCC has the potential to be applied in various sectors, including:

1. **Power generation**: ECCC can be used to capture CO2 emissions from power plants, reducing greenhouse gas emissions.
2. **Industrial processes**: ECCC can be applied to capture CO2 emissions from industrial processes, such as cement production or steel manufacturing.
3. **Atmospheric CO2 capture**: ECCC can be used to capture CO2 directly from the atmosphere, potentially mitigating climate change.
4. **Bioenergy with carbon capture and storage (BECCS)**: ECCC can be integrated with BECCS to produce negative emissions.

**Challenges and future directions**

While ECCC shows great promise, there are still challenges to overcome, such as:

1. **Scalability and cost**: ECCC requires significant investment in research and development to scale up and reduce costs.
2. **Material selection**: The selection of suitable materials for ECCC cells and membranes is crucial for efficient CO2 capture and conversion.
3. **System integration**: ECCC must be integrated with existing industrial processes and infrastructure to be effective.

Despite these challenges, ECCC is an exciting and rapidly evolving field, with significant potential to mitigate climate change and create new economic opportunities.",,4.0,4.0,4.0,3368,0.8621448278427124,13.04,0.0,"Electrochemical Carbon Capture and Conversion (EC4) is a process that involves the electrochemical conversion of carbon dioxide (CO2) into valuable chemicals, fuels, or other products. This process is also known as electrochemical CO2 reduction.

**Definition:**

EC4 is a type of electrochemical reaction that occurs at the interface between an electrode and an electrolyte, where CO2 is reduced to form a desired product. The process involves the transfer of electrons from an external power source to the CO2 molecule, which is then converted into a new compound.

**Mechanism:**

The EC4 process typically involves the following steps:

1. CO2 is dissolved in an electrolyte, such as water or an organic solvent.
2. The CO2 is then reduced at the cathode (negative electrode) through an electrochemical reaction, which involves the transfer of electrons from the external power source.
3. The reduced CO2 molecule is then converted into a desired product, such as formic acid, methanol, or methane, through a series of chemical reactions.

**Key components:**

The EC4 process typically involves the following key components:

1. Electrolyte: A solution that facilitates the transfer of ions and electrons between the electrodes.
2. Cathode: The negative electrode where the CO2 is reduced.
3. Anode: The positive electrode where oxidation reactions occur.
4. Power source: An external power source, such as a battery or a solar panel, that provides the necessary electrons for the electrochemical reaction.

**Advantages:**

The EC4 process has several potential advantages, including:

1. High efficiency: EC4 can achieve high conversion rates and selectivities for CO2 reduction.
2. Scalability: EC4 can be scaled up for industrial applications.
3. Flexibility: EC4 can be used to produce a wide range of chemicals and fuels.

**Challenges:**

The EC4 process also faces several challenges, including:

1. Energy efficiency: EC4 requires a significant amount of energy to drive the electrochemical reaction.
2. Cost: EC4 is currently a relatively expensive process compared to traditional methods of CO2 capture and utilization.
3. Scalability: EC4 requires further development and optimization to achieve large-scale industrial applications.

**Applications:**

The EC4 process has several potential applications, including:

1. Carbon capture and utilization: EC4 can be used to convert CO2 into valuable chemicals and fuels, reducing greenhouse gas emissions.
2. Energy storage: EC4 can be used to produce fuels and chemicals that can be stored and used as energy carriers.
3. Chemical synthesis: EC4 can be used to produce a wide range of chemicals and fuels through electrochemical synthesis.",0.8621448278427124,0.0,-0.8621448278427124,3368,2704,-664,17.24486422668241,16.680756218905472,-0.5641080077769374
Disaster Risk Reduction in Drought and Other Climate-Driven Disasters,0.6,0.8,0.8,0.6,0.8,0.6,0.8,0.8,0.8,0.8,0.6,climate action,"Disaster Risk Reduction in Drought and Other Climate-Driven Disasters refers to the strategies and measures taken to mitigate the impact of droughts and other climate-driven disasters on communities and the environment. Climate-driven disasters, such as droughts, heatwaves, and floods, are becoming increasingly frequent and severe due to climate change. These events can have devastating effects on human settlements, agriculture, water resources, and ecosystems.

**Key Aspects of Disaster Risk Reduction in Drought and Other Climate-Driven Disasters:**

1.  **Early Warning Systems**: Establishing early warning systems to detect and predict droughts and other climate-driven disasters, allowing for timely interventions and evacuations.
2.  **Risk Assessment and Mapping**: Conducting risk assessments and mapping to identify areas and communities most vulnerable to droughts and other climate-driven disasters.
3.  **Water Conservation and Management**: Implementing water conservation measures, such as water harvesting and efficient use, to reduce the impact of droughts.
4.  **Agricultural Drought Tolerance**: Promoting drought-tolerant crops and agricultural practices to minimize the impact of droughts on food security.
5.  **Ecosystem-Based Adaptation**: Protecting and restoring natural ecosystems, such as forests and wetlands, which can help mitigate the effects of droughts and other climate-driven disasters.
6.  **Community-Based Disaster Risk Reduction**: Engaging communities in disaster risk reduction efforts, including education, awareness, and preparedness.
7.  **Climate-Resilient Infrastructure**: Designing and building infrastructure, such as buildings and roads, that can withstand the impacts of droughts and other climate-driven disasters.
8.  **Economic Diversification**: Encouraging economic diversification to reduce dependence on climate-sensitive sectors, such as agriculture.
9.  **Social Protection and Resilience**: Implementing social protection programs and promoting community resilience to help vulnerable populations cope with the impacts of droughts and other climate-driven disasters.

**Benefits of Disaster Risk Reduction in Drought and Other Climate-Driven Disasters:**

1.  **Reduced Human and Economic Losses**: Minimizing the impact of droughts and other climate-driven disasters on human settlements and the economy.
2.  **Improved Food Security**: Protecting agricultural production and food security through drought-tolerant crops and agricultural practices.
3.  **Enhanced Ecosystem Services**: Preserving and restoring natural ecosystems, which provide essential services, such as water filtration and carbon sequestration.
4.  **Increased Community Resilience**: Building the capacity of communities to cope with the impacts of droughts and other climate-driven disasters.
5.  **Support for Sustainable Development**: Contributing to the achievement of the Sustainable Development Goals (SDGs), particularly SDG 11 (Sustainable Cities and Communities) and SDG 13 (Climate Action).

**Challenges and Opportunities:**

1.  **Limited Resources**: Securing sufficient resources, including funding and technical expertise, to implement disaster risk reduction measures.
2.  **Climate Uncertainty**: Managing the uncertainty and unpredictability of climate-driven disasters.
3.  **Community Engagement**: Engaging communities in disaster risk reduction efforts, which can be challenging due to factors, such as lack of awareness and capacity.
4.  **Institutional Capacity**: Strengthening institutional capacity to implement and coordinate disaster risk reduction efforts.
5.  **Opportunities for Innovation**: Leveraging new technologies, such as satellite imaging and artificial intelligence, to improve early warning systems and disaster risk reduction efforts.

**Conclusion:**

Disaster Risk Reduction in Drought and Other Climate-Driven Disasters is a critical component of climate change adaptation and sustainable development. By implementing effective strategies and measures, communities can reduce the impact of droughts and other climate-driven disasters, promoting human and economic security, food security, and ecosystem services.",,4.0,4.0,4.0,4200,0.0,15.3,0.0,"Disaster Risk Reduction in Drought and Other Climate-Driven Disasters refers to the systematic and proactive efforts to mitigate the impacts of droughts and other climate-related disasters on communities and ecosystems.

**Definition:**

Disaster Risk Reduction (DRR) is a concept that involves identifying, assessing, and prioritizing risks associated with disasters, and implementing measures to reduce their likelihood and impact. In the context of droughts and other climate-driven disasters, DRR involves understanding the underlying causes and mechanisms of these events, and developing strategies to minimize their effects.

**Causes and Mechanisms:**

Droughts and other climate-driven disasters are often the result of complex interactions between climate variability, land use changes, and socioeconomic factors. Climate change is projected to increase the frequency and severity of droughts, heatwaves, and other extreme weather events. Human activities such as deforestation, urbanization, and intensive agriculture can exacerbate these impacts by altering local climate conditions and increasing vulnerability to disasters.

**Key Components:**

Effective Disaster Risk Reduction in droughts and other climate-driven disasters involves several key components:

1. **Risk Assessment:** Identifying and assessing the likelihood and potential impact of droughts and other climate-related disasters on communities and ecosystems.
2. **Early Warning Systems:** Establishing systems to detect and alert communities to impending disasters, allowing for timely and effective response and mitigation measures.
3. **Vulnerability Reduction:** Implementing measures to reduce the vulnerability of communities and ecosystems to disasters, such as improving water management, enhancing agricultural resilience, and promoting sustainable land use practices.
4. **Emergency Preparedness and Response:** Developing and implementing emergency response plans, including evacuation procedures, emergency supplies, and communication protocols.
5. **Post-Disaster Recovery and Reconstruction:** Supporting communities in recovering from disasters, including rebuilding infrastructure, restoring livelihoods, and promoting sustainable development.

**Benefits:**

Disaster Risk Reduction in droughts and other climate-driven disasters can have numerous benefits, including:

1. **Reduced Loss of Life and Property:** By anticipating and preparing for disasters, communities can minimize the loss of life and property.
2. **Improved Food Security:** By enhancing agricultural resilience and promoting sustainable water management, communities can reduce the risk of food insecurity.
3. **Enhanced Economic Resilience:** By reducing the impact of disasters, communities can maintain economic stability and promote sustainable development.
4. **Environmental Conservation:** By promoting sustainable land use practices and reducing vulnerability to disasters, communities can conserve natural resources and protect ecosystems.

**Challenges and Opportunities:**

While Disaster Risk Reduction in droughts and other climate-driven disasters is essential, it also poses several challenges and opportunities, including:

1. **Limited Resources:** Implementing effective DRR measures often requires significant financial and human resources.
2. **Complexity of Climate-Driven Disasters:** Droughts and other climate-driven disasters are often complex and multifaceted, requiring integrated and adaptive approaches to risk reduction.
3. **Community Engagement and Participation:** Effective DRR requires active engagement and participation from communities, which can be challenging to achieve.
4. **Opportunities for Innovation and Collaboration:** DRR in droughts and other climate-driven disasters also presents opportunities for innovation and collaboration among governments, international organizations, civil society, and the private sector.",0.0,0.0,0.0,4200,3931,-269,23.701587301587303,25.955705200149648,2.2541178985623453
Green Infrastructure Funding Models,0.6,0.8,0.8,0.6,0.8,0.8,0.6,0.8,0.8,0.8,0.6,climate action,"Green infrastructure funding models refer to the various financial mechanisms and strategies used to support the development and implementation of green infrastructure projects. Green infrastructure includes a wide range of projects and initiatives that aim to mitigate the impacts of climate change, improve public health, and enhance the overall quality of life in urban and rural areas. These projects often involve the use of natural systems, such as parks, green spaces, and waterways, to provide ecosystem services and support community development.

Here are some common green infrastructure funding models:

1. **Public-Private Partnerships (PPPs)**: PPPs involve collaboration between public and private sector entities to finance, design, build, and operate green infrastructure projects. This model can provide access to private sector funding and expertise, while also leveraging public sector resources and authority.
2. **Grants and Funding Programs**: Governments and non-profit organizations offer grants and funding programs to support green infrastructure projects. These programs can provide financial assistance for project planning, design, and implementation.
3. **Green Bonds**: Green bonds are a type of bond specifically designed to finance environmentally friendly projects, including green infrastructure. This funding model allows investors to support green infrastructure projects while earning a return on their investment.
4. **Impact Investing**: Impact investing involves investing in projects or companies that generate both financial returns and positive social or environmental impacts. This funding model can provide capital for green infrastructure projects that may not be viable through traditional funding channels.
5. **Community Development Block Grants (CDBGs)**: CDBGs are a type of federal funding program that provides grants to local governments and community-based organizations to support community development projects, including green infrastructure initiatives.
6. **Tax Increment Financing (TIF)**: TIF is a funding model that allows local governments to finance public infrastructure projects, including green infrastructure, by using the increased tax revenue generated by new development.
7. **Green Infrastructure Trusts**: Green infrastructure trusts are specialized funds that invest in green infrastructure projects, such as parks, green spaces, and waterways. These trusts can provide long-term funding for green infrastructure projects.
8. **Crowdfunding**: Crowdfunding involves raising small amounts of money from a large number of people, often through online platforms. This funding model can be used to support small-scale green infrastructure projects or community-led initiatives.
9. **Corporate Social Responsibility (CSR) Funding**: Some companies have established CSR programs that provide funding for green infrastructure projects, often in partnership with local governments or community organizations.
10. **Green Infrastructure Leasing**: Green infrastructure leasing involves leasing green infrastructure assets, such as green roofs or green walls, to property owners or businesses. This funding model can provide a revenue stream for green infrastructure projects.

These funding models can be used individually or in combination to support green infrastructure projects. The choice of funding model will depend on the specific project requirements, community needs, and available resources.",,4.0,4.0,4.0,3470,0.0,13.1,0.0,"Green infrastructure funding models refer to the various methods and mechanisms used to finance the development and maintenance of green infrastructure, which includes natural or semi-natural systems that provide ecosystem services and mitigate the impacts of climate change.

**Definition:** Green infrastructure encompasses a range of natural or semi-natural systems, such as parks, green roofs, rain gardens, green walls, and wetlands, that provide benefits such as stormwater management, air quality improvement, and habitat creation.

**Funding Models:** There are several funding models used to support green infrastructure development and maintenance, including:

1. **Public-Private Partnerships (PPPs):** Collaborative agreements between public and private entities to finance, design, build, and operate green infrastructure projects.
2. **Grants and Subsidies:** Financial assistance provided by governments, foundations, or other organizations to support green infrastructure development and maintenance.
3. **Tax Incentives:** Tax credits, deductions, or exemptions offered to individuals or businesses that invest in green infrastructure.
4. **Green Bonds:** Specialized bonds issued to finance green infrastructure projects, which are typically repaid through a combination of interest payments and principal repayments.
5. **Impact Investing:** Investments made with the intention of generating both financial returns and positive environmental or social impacts.
6. **Green Infrastructure Trust Funds:** Dedicated funds established to finance green infrastructure projects, often through a combination of public and private funding sources.
7. **Cost-Sharing Agreements:** Partnerships between public and private entities to share the costs of green infrastructure development and maintenance.

**Key Characteristics:** Green infrastructure funding models often involve:

1. **Long-term commitments:** Funding agreements that span multiple years or decades to support the long-term maintenance and operation of green infrastructure.
2. **Risk-sharing:** Partnerships between public and private entities to share the risks associated with green infrastructure development and maintenance.
3. **Performance-based funding:** Funding tied to specific performance metrics or outcomes, such as stormwater management or air quality improvement.
4. **Community engagement:** Involvement of local communities in the planning, design, and implementation of green infrastructure projects.

**Benefits:** Green infrastructure funding models can provide numerous benefits, including:

1. **Reduced infrastructure costs:** Green infrastructure can help mitigate the impacts of climate change and reduce the need for traditional infrastructure investments.
2. **Improved ecosystem services:** Green infrastructure can provide a range of ecosystem services, including stormwater management, air quality improvement, and habitat creation.
3. **Job creation and economic growth:** Green infrastructure development and maintenance can create jobs and stimulate local economies.
4. **Enhanced community resilience:** Green infrastructure can help communities adapt to climate change and improve their overall resilience.

**Challenges:** Green infrastructure funding models also face several challenges, including:

1. **High upfront costs:** The initial investment required to develop and implement green infrastructure can be significant.
2. **Long-term maintenance costs:** The ongoing maintenance and operation of green infrastructure can be costly and require long-term commitments.
3. **Risk and uncertainty:** Green infrastructure development and maintenance involve inherent risks and uncertainties, which can make it challenging to secure funding.
4. **Scalability and replication:** Green infrastructure funding models must be scalable and replicable to achieve widespread adoption and impact.",0.0,0.0,0.0,3470,3900,430,17.63224482179511,21.27542393509128,3.6431791132961706
Renewable Energy Certificates (RECs) and the Clean Energy Economy,0.6,0.8,0.8,0.6,0.8,0.8,0.4,0.8,0.8,0.8,0.6,climate action,"Here's an explanation of Renewable Energy Certificates (RECs) and the Clean Energy Economy:

**Renewable Energy Certificates (RECs)**

Renewable Energy Certificates, also known as Green Tags or Renewable Energy Credits, are a tradable commodity that represents the environmental attributes of one megawatt-hour (MWh) of electricity generated from a renewable energy source, such as solar, wind, or geothermal power. RECs are used to track and verify the production of renewable energy, and they provide a way to attribute the environmental benefits of that energy to the end-user.

Here's how RECs work:

1. A renewable energy generator, such as a solar farm or wind farm, produces electricity and sells it to the grid.
2. The generator also generates RECs, which are equivalent to the amount of electricity produced.
3. The RECs are then sold separately from the electricity itself, allowing buyers to purchase the environmental attributes of the renewable energy.
4. The buyer, such as a utility company, a corporation, or an individual, can then use the RECs to demonstrate their commitment to renewable energy and to meet their renewable energy goals.

**The Clean Energy Economy**

The Clean Energy Economy refers to the economic benefits and opportunities that arise from the transition to a low-carbon, renewable energy-based economy. This transition is driven by the increasing demand for clean energy, the decreasing cost of renewable energy technologies, and the growing awareness of the environmental and health impacts of fossil fuels.

The Clean Energy Economy encompasses a wide range of industries and sectors, including:

1. **Renewable energy generation**: Solar, wind, geothermal, and other forms of renewable energy generation.
2. **Energy efficiency**: Improving the efficiency of buildings, appliances, and other energy-using devices.
3. **Clean energy technologies**: Developing and manufacturing technologies that enable the efficient use of renewable energy, such as energy storage, smart grids, and electric vehicles.
4. **Green infrastructure**: Investing in infrastructure that supports the transition to a clean energy economy, such as transmission lines, grid modernization, and energy storage facilities.
5. **Clean energy services**: Providing services that support the adoption of clean energy, such as energy consulting, project development, and financing.

The Clean Energy Economy is expected to create new job opportunities, stimulate economic growth, and reduce greenhouse gas emissions. According to the International Renewable Energy Agency (IRENA), the clean energy sector could support up to 24 million jobs globally by 2030, up from 11 million in 2018.

**Benefits of RECs and the Clean Energy Economy**

The use of RECs and the growth of the Clean Energy Economy offer several benefits, including:

1. **Reduced greenhouse gas emissions**: By promoting the adoption of renewable energy, RECs and the Clean Energy Economy can help reduce greenhouse gas emissions and mitigate climate change.
2. **Job creation**: The Clean Energy Economy is expected to create new job opportunities in the renewable energy sector, energy efficiency, and clean energy technologies.
3. **Economic growth**: The Clean Energy Economy can stimulate economic growth by creating new industries, jobs, and opportunities for investment.
4. **Improved air and water quality**: By reducing the reliance on fossil fuels, the Clean Energy Economy can improve air and water quality, and protect public health.
5. **Increased energy security**: The Clean Energy Economy can improve energy security by reducing dependence on imported fossil fuels and promoting the use of domestic renewable energy resources.

Overall, RECs and the Clean Energy Economy offer a promising path forward for a low-carbon, sustainable future, with benefits for the environment, the economy, and human health.",,4.0,4.0,4.0,3896,0.6302447319030762,15.42,0.0,"**Renewable Energy Certificates (RECs)**

Renewable Energy Certificates (RECs) are a tradable commodity that represents the environmental attributes of one megawatt-hour (MWh) of electricity generated from a renewable energy source, such as solar, wind, or geothermal power. RECs are created when a renewable energy generator produces electricity and are then sold separately from the physical electricity itself.

**Key characteristics of RECs:**

1. **Commodity**: RECs are a tradable commodity, allowing buyers and sellers to negotiate prices and quantities.
2. **Environmental attributes**: RECs represent the environmental benefits of renewable energy, such as reduced greenhouse gas emissions and air pollution.
3. **Separate from physical electricity**: RECs are sold separately from the physical electricity generated, allowing buyers to purchase the environmental attributes of renewable energy without necessarily receiving the physical electricity.

**The Clean Energy Economy**

The Clean Energy Economy refers to the economic sector that produces and delivers clean energy, including renewable energy sources, energy efficiency technologies, and related services. The Clean Energy Economy encompasses various industries, such as:

1. **Renewable energy generation**: Companies that develop, build, and operate renewable energy facilities, such as solar panels and wind turbines.
2. **Energy efficiency**: Companies that provide energy-efficient technologies and services, such as building insulation and smart grid systems.
3. **Clean energy finance**: Companies that provide financing for clean energy projects, such as venture capital firms and project developers.
4. **Clean energy policy and advocacy**: Organizations that advocate for clean energy policies and regulations, such as trade associations and non-profit organizations.

**Relationship between RECs and the Clean Energy Economy**

RECs play a crucial role in the Clean Energy Economy by:

1. **Facilitating market participation**: RECs enable buyers to purchase the environmental attributes of renewable energy, creating a market for clean energy.
2. **Providing revenue streams**: RECs generate revenue for renewable energy generators, allowing them to invest in new projects and expand their operations.
3. **Supporting policy goals**: RECs help states and utilities meet renewable portfolio standards (RPS) and other clean energy policies, promoting the development of the Clean Energy Economy.

**Challenges and limitations**

While RECs have contributed to the growth of the Clean Energy Economy, challenges and limitations exist, including:

1. **Market volatility**: RECs prices can fluctuate, making it difficult for buyers and sellers to negotiate prices.
2. **Regulatory uncertainty**: Changes in regulations and policies can impact the value and demand for RECs.
3. **Counterfeiting and market manipulation**: The RECs market is vulnerable to counterfeiting and market manipulation, which can undermine the integrity of the market.

Overall, RECs and the Clean Energy Economy are interconnected components of a larger system aimed at promoting the development and deployment of renewable energy sources.",0.6302447319030762,0.0,-0.6302447319030762,3896,3193,-703,23.86064572425829,23.934869431643627,0.07422370738533601
Bioconversion and Circular Economy,0.6,0.8,0.8,0.6,0.8,0.8,0.6,0.8,0.8,0.8,0.6,climate action,"A very timely and relevant topic!

**Bioconversion** and **Circular Economy** are two interconnected concepts that aim to transform the way we produce, consume, and waste resources. Here's a detailed explanation:

**Bioconversion:**

Bioconversion refers to the process of converting organic waste or biomass into valuable products, such as fuels, chemicals, or bioproducts. This process involves the use of microorganisms, enzymes, or other biological agents to break down complex organic matter into simpler compounds. Bioconversion can be applied to various types of waste, including agricultural residues, food waste, and sewage sludge.

The benefits of bioconversion include:

1. **Waste reduction**: By converting waste into valuable products, we can reduce the amount of waste sent to landfills and minimize the environmental impacts associated with waste disposal.
2. **Renewable energy**: Bioconversion can produce biofuels, such as ethanol or biodiesel, which can replace fossil fuels and reduce greenhouse gas emissions.
3. **Sustainable chemicals**: Bioconversion can produce biodegradable chemicals, such as bioplastics or biolubricants, which can replace traditional, non-renewable chemicals.

**Circular Economy:**

A Circular Economy is an economic system that aims to reduce waste and the continuous consumption of resources by promoting the reuse and recycling of products. The concept is based on the principles of:

1. **Design for circularity**: Products and services are designed to be recyclable, reusable, or biodegradable.
2. **Sharing and collaboration**: Companies and individuals share resources, expertise, and knowledge to reduce waste and increase efficiency.
3. **Closed-loop production**: Products are designed to be recycled or reused, with the goal of minimizing waste and the use of virgin materials.

The benefits of a Circular Economy include:

1. **Reduced waste**: By promoting recycling, reuse, and biodegradation, we can minimize the amount of waste sent to landfills.
2. **Conservation of resources**: A Circular Economy helps to conserve natural resources, such as water, energy, and raw materials.
3. **Economic benefits**: A Circular Economy can create new business opportunities, jobs, and revenue streams.

**Integration of Bioconversion and Circular Economy:**

Bioconversion and Circular Economy are closely linked, as bioconversion can be a key component of a Circular Economy. By converting waste into valuable products, we can reduce waste, conserve resources, and promote sustainable production and consumption patterns.

In a Circular Economy, bioconversion can be used to:

1. **Close the loop**: Bioconversion can convert waste into products that can be reused or recycled, closing the loop and minimizing waste.
2. **Produce bioproducts**: Bioconversion can produce bioproducts, such as bioplastics or biolubricants, which can replace traditional, non-renewable products.
3. **Promote sustainable consumption**: Bioconversion can promote sustainable consumption patterns by providing alternatives to traditional products and services.

In summary, bioconversion and Circular Economy are two complementary concepts that aim to transform the way we produce, consume, and waste resources. By integrating these concepts, we can create a more sustainable, waste-reduced, and resource-efficient economy.",,4.0,4.0,4.0,3355,0.9109348058700562,12.89,0.0,"**Bioconversion and Circular Economy: A Conceptual Explanation**

Bioconversion and Circular Economy are two related concepts that aim to optimize the use of resources and minimize waste. Here's a neutral, fact-based explanation of these concepts:

**Bioconversion:**

Bioconversion refers to the process of converting organic materials, such as biomass, into valuable products, such as fuels, chemicals, and energy. This process involves the use of microorganisms, enzymes, or other biological agents to break down complex organic molecules into simpler compounds. Bioconversion can be applied to various feedstocks, including agricultural waste, forestry residues, and algae.

**Circular Economy:**

A Circular Economy is an economic model that seeks to reduce waste and the consumption of resources by promoting the reuse and recycling of materials. This approach aims to create a closed-loop system where materials are continuously cycled back into production, minimizing the need for virgin raw materials. The Circular Economy is based on three key principles:

1. **Design for circularity**: Products and services are designed to be recyclable, reusable, and biodegradable.
2. **Sharing and collaboration**: Companies and organizations share resources, expertise, and knowledge to reduce waste and increase efficiency.
3. **Closed-loop production**: Materials are continuously cycled back into production, minimizing the need for virgin raw materials.

**Relationship between Bioconversion and Circular Economy:**

Bioconversion plays a crucial role in the Circular Economy by enabling the conversion of organic waste into valuable products. By utilizing bioconversion technologies, companies can:

1. **Reduce waste**: Convert organic waste into fuels, chemicals, and energy, reducing the amount of waste sent to landfills.
2. **Conservation of resources**: Use renewable biomass feedstocks instead of virgin raw materials, reducing the demand on natural resources.
3. **Closed-loop production**: Create a closed-loop system where materials are continuously cycled back into production, minimizing waste and the consumption of resources.

**Key Benefits:**

The integration of bioconversion and Circular Economy principles can lead to several benefits, including:

1. **Reduced greenhouse gas emissions**: Bioconversion can reduce the carbon footprint of industries by utilizing renewable biomass feedstocks.
2. **Increased resource efficiency**: Closed-loop production and sharing of resources can reduce waste and minimize the consumption of virgin raw materials.
3. **Economic benefits**: Bioconversion and Circular Economy can create new business opportunities and revenue streams for companies.

In summary, bioconversion and Circular Economy are two interconnected concepts that aim to optimize the use of resources and minimize waste. By integrating bioconversion technologies into the Circular Economy framework, companies can reduce waste, conserve resources, and create a more sustainable and efficient production system.",0.9109348058700562,0.0,-0.9109348058700562,3355,3038,-317,19.50011680293676,22.57535014005602,3.0752333371192613
Green Finance,0.8,0.8,0.8,0.6,0.8,0.8,0.6,0.8,0.8,0.8,0.6,climate action,"""Green finance"" refers to the practice of investing in and financing projects, companies, or assets that have a positive impact on the environment and contribute to sustainable development. The goal of green finance is to promote environmentally friendly and socially responsible investments, while also generating financial returns.

Green finance encompasses a wide range of activities, including:

1. **Sustainable investing**: Investing in companies or projects that have a positive environmental, social, and governance (ESG) impact.
2. **Green bonds**: Specialized bonds that are used to finance environmentally friendly projects, such as renewable energy, energy efficiency, and sustainable infrastructure.
3. **Environmental, social, and governance (ESG) investing**: Investing in companies or projects that have strong ESG practices and performance.
4. **Impact investing**: Investing in projects or companies that aim to generate both financial returns and positive social or environmental impact.
5. **Sustainable banking**: Providing financial services and products that support environmentally friendly and socially responsible activities.

The key principles of green finance are:

1. **Environmental sustainability**: Investing in projects or companies that reduce greenhouse gas emissions, promote energy efficiency, and protect biodiversity.
2. **Social responsibility**: Investing in projects or companies that promote social justice, human rights, and community development.
3. **Financial returns**: Green finance investments are expected to generate financial returns, just like traditional investments.
4. **Transparency and disclosure**: Green finance investments require transparent and accurate disclosure of ESG information.

The benefits of green finance include:

1. **Reducing greenhouse gas emissions**: By investing in renewable energy and energy efficiency projects.
2. **Promoting sustainable development**: By investing in projects that support economic growth, social justice, and environmental protection.
3. **Managing climate risk**: By investing in projects that reduce the risk of climate-related disasters and economic losses.
4. **Creating jobs and economic opportunities**: By investing in projects that promote sustainable development and job creation.

Green finance has become increasingly important in recent years, as governments, investors, and companies seek to address the challenges of climate change, sustainable development, and social responsibility.",,4.0,4.0,4.0,2505,0.0,13.98,0.0,"Green finance refers to the integration of environmental and social considerations into financial services and investments. It involves the use of financial instruments and mechanisms to support projects and activities that promote sustainable development, reduce environmental degradation, and mitigate climate change.

The concept of green finance encompasses a range of activities, including:

1. Sustainable investing: Investing in companies or projects that have a positive environmental or social impact.
2. Environmental, social, and governance (ESG) investing: Considering the environmental, social, and governance performance of companies when making investment decisions.
3. Green bonds: Specialized bonds that are issued to finance projects or activities that have a positive environmental impact.
4. Climate risk management: Assessing and managing the financial risks associated with climate change.
5. Sustainable banking: Providing financial services that promote sustainable development and reduce environmental degradation.

Green finance is driven by several factors, including:

1. Regulatory requirements: Governments and regulatory bodies are implementing policies and regulations to encourage green finance.
2. Market demand: Increasing demand from investors and consumers for sustainable and environmentally responsible financial products.
3. Technological advancements: Improvements in data collection and analysis enable more accurate assessment of environmental and social risks.
4. Climate change mitigation: The need to reduce greenhouse gas emissions and transition to a low-carbon economy.

The benefits of green finance include:

1. Reduced environmental degradation
2. Improved social outcomes
3. Enhanced financial stability
4. Increased investor returns
5. Support for sustainable development

However, green finance also faces challenges, such as:

1. Data limitations: Limited availability of data on environmental and social performance.
2. Regulatory uncertainty: Unclear or inconsistent regulatory frameworks.
3. Market barriers: Limited availability of green financial products and services.
4. Cost: Higher costs associated with green finance compared to traditional finance.

Overall, green finance is a rapidly evolving field that aims to integrate environmental and social considerations into financial services and investments. Its development is driven by regulatory requirements, market demand, technological advancements, and the need to mitigate climate change.",0.0,0.0,0.0,2505,2509,4,21.36518218623482,19.910899082568807,-1.454283103666011
Clinical decision support systems,0.8,0.8,0.8,0.6,0.8,0.8,0.4,0.8,0.8,0.8,0.6,good health and well-being,"Clinical Decision Support Systems (CDSSs) are computer-based systems that provide healthcare professionals with clinical decision-making support at the point of care. The primary goal of CDSSs is to improve the quality and safety of patient care by providing relevant, accurate, and up-to-date information to support clinical decisions.

CDSSs typically use a combination of data, algorithms, and knowledge bases to provide recommendations, alerts, or suggestions to healthcare professionals. These systems can be integrated into electronic health records (EHRs), clinical information systems, or other healthcare IT platforms.

Key features of CDSSs:

1. **Knowledge base**: A repository of clinical knowledge, guidelines, and best practices that are used to generate recommendations.
2. **Data integration**: CDSSs can access and analyze various data sources, such as patient demographics, medical history, lab results, and medication lists.
3. **Algorithmic processing**: CDSSs use algorithms to analyze data and generate recommendations based on predefined rules and criteria.
4. **Alerts and notifications**: CDSSs can provide alerts, warnings, or suggestions to healthcare professionals to highlight potential issues or opportunities for improvement.
5. **User interface**: CDSSs typically have a user-friendly interface that allows healthcare professionals to interact with the system and access relevant information.

Types of CDSSs:

1. **Rule-based CDSSs**: These systems use predefined rules and criteria to generate recommendations.
2. **Knowledge-based CDSSs**: These systems use a knowledge base to generate recommendations based on clinical expertise and guidelines.
3. **Machine learning-based CDSSs**: These systems use machine learning algorithms to analyze data and generate recommendations.
4. **Hybrid CDSSs**: These systems combine multiple approaches, such as rule-based and knowledge-based systems.

Benefits of CDSSs:

1. **Improved patient safety**: CDSSs can help reduce medical errors and adverse events by providing timely and accurate information.
2. **Enhanced decision-making**: CDSSs can provide healthcare professionals with relevant information to support clinical decisions.
3. **Increased efficiency**: CDSSs can streamline clinical workflows and reduce the time spent on decision-making.
4. **Cost savings**: CDSSs can help reduce healthcare costs by minimizing unnecessary tests, procedures, and treatments.

Examples of CDSSs:

1. **Medication alerts**: CDSSs can alert healthcare professionals to potential medication interactions, allergies, or dosing errors.
2. **Diagnostic support**: CDSSs can provide healthcare professionals with diagnostic suggestions based on patient symptoms, lab results, and medical history.
3. **Treatment recommendations**: CDSSs can provide healthcare professionals with treatment recommendations based on clinical guidelines and best practices.
4. **Quality improvement**: CDSSs can help healthcare organizations identify areas for quality improvement and provide recommendations for improvement.

Overall, CDSSs have the potential to improve the quality and safety of patient care by providing healthcare professionals with relevant, accurate, and up-to-date information to support clinical decisions.",,3.0,4.0,4.0,3275,0.0,11.54,0.0,"Clinical decision support systems (CDSSs) are computer-based systems designed to provide healthcare professionals with clinical decision-making support. These systems utilize a combination of data, algorithms, and knowledge bases to generate recommendations, alerts, or warnings that can aid in diagnosis, treatment, and patient care.

CDSSs typically consist of three main components:

1. **Knowledge base**: A database that contains clinical knowledge, guidelines, and best practices. This knowledge base is often based on evidence-based medicine, clinical trials, and expert opinions.
2. **Data repository**: A collection of patient data, including medical history, laboratory results, and other relevant information.
3. **Inference engine**: A software component that analyzes the data and knowledge base to generate recommendations or alerts.

CDSSs can be categorized into two main types:

1. **Rule-based systems**: These systems use pre-defined rules and algorithms to generate recommendations. The rules are based on clinical knowledge and are often updated periodically.
2. **Knowledge-based systems**: These systems use a more sophisticated approach, incorporating artificial intelligence and machine learning techniques to generate recommendations.

CDSSs can be used in various clinical settings, including:

1. **Electronic health records (EHRs)**: CDSSs can be integrated into EHRs to provide real-time decision support.
2. **Clinical workflows**: CDSSs can be used to streamline clinical workflows, reducing the time and effort required for decision-making.
3. **Point-of-care devices**: CDSSs can be integrated into point-of-care devices, such as glucometers or blood pressure monitors, to provide immediate decision support.

The benefits of CDSSs include:

1. **Improved patient safety**: CDSSs can reduce the risk of medical errors by providing healthcare professionals with accurate and up-to-date information.
2. **Enhanced clinical decision-making**: CDSSs can aid healthcare professionals in making informed decisions by providing relevant data and recommendations.
3. **Increased efficiency**: CDSSs can streamline clinical workflows, reducing the time and effort required for decision-making.

However, CDSSs also have limitations and challenges, including:

1. **Data quality issues**: CDSSs are only as good as the data they are based on. Poor data quality can lead to inaccurate recommendations.
2. **User acceptance**: Healthcare professionals may resist the use of CDSSs due to concerns about loss of autonomy or increased workload.
3. **Maintenance and updates**: CDSSs require regular maintenance and updates to ensure that they remain accurate and relevant.

Overall, CDSSs have the potential to improve patient care and outcomes by providing healthcare professionals with accurate and timely decision support. However, their effectiveness depends on various factors, including data quality, user acceptance, and maintenance.",0.0,0.0,0.0,3275,2959,-316,18.666522210184183,17.479860842674913,-1.18666136750927
Climate-Smart Tourism and Sustainable Travel,0.8,0.8,0.8,0.6,0.8,0.8,0.8,0.8,0.8,0.8,0.6,climate action,"""Climate-Smart Tourism and Sustainable Travel"" refers to the practice of tourism that takes into account the impact of tourism activities on the environment and the local community, with the goal of minimizing harm and promoting sustainable development. Here's a breakdown of the concept:

**Key Principles:**

1. **Reducing carbon footprint**: Minimizing greenhouse gas emissions from tourism activities, such as transportation, accommodation, and food.
2. **Conserving natural resources**: Protecting and preserving natural resources, like water, energy, and biodiversity, for future generations.
3. **Supporting local communities**: Promoting economic benefits and social justice for local communities, while respecting their culture and traditions.
4. **Adapting to climate change**: Preparing for and responding to the impacts of climate change, such as sea-level rise, droughts, and extreme weather events.

**Practical Strategies:**

1. **Sustainable accommodations**: Choosing hotels, lodges, or eco-lodges that have implemented sustainable practices, such as energy-efficient systems, waste reduction, and water conservation.
2. **Eco-friendly transportation**: Using public transport, carpooling, or electric/hybrid vehicles to reduce emissions.
3. **Responsible food choices**: Selecting local, seasonal, and organic food options to minimize carbon footprint and support local farmers.
4. **Community-based tourism**: Engaging with local communities, supporting their initiatives, and respecting their cultural heritage.
5. **Waste reduction and management**: Minimizing waste, recycling, and properly disposing of waste to prevent pollution and protect the environment.
6. **Supporting conservation efforts**: Contributing to local conservation projects, such as reforestation, wildlife conservation, or marine protected areas.
7. **Education and awareness**: Promoting climate change awareness and sustainable tourism practices among tourists, local communities, and industry stakeholders.

**Benefits:**

1. **Reduced carbon footprint**: Minimizing greenhouse gas emissions and contributing to a more sustainable tourism industry.
2. **Supporting local economies**: Boosting local economies and promoting social justice through community-based tourism.
3. **Enhanced tourist experiences**: Offering unique, authentic, and responsible tourism experiences that foster a deeper connection with local cultures and environments.
4. **Increased resilience**: Preparing for and responding to climate-related challenges, ensuring the long-term sustainability of tourism destinations.

**Challenges and Opportunities:**

1. **Raising awareness**: Educating tourists, local communities, and industry stakeholders about the importance of climate-smart tourism and sustainable travel.
2. **Implementing policies and regulations**: Encouraging governments and industry leaders to develop and enforce policies that promote sustainable tourism practices.
3. **Scaling up sustainable tourism**: Encouraging more tourism operators, destinations, and travelers to adopt climate-smart tourism practices.
4. **Monitoring and evaluating progress**: Tracking the effectiveness of climate-smart tourism initiatives and making adjustments as needed.

By embracing climate-smart tourism and sustainable travel, we can minimize the negative impacts of tourism on the environment and local communities, while promoting a more responsible and sustainable tourism industry for future generations.",,4.0,4.0,4.0,3481,0.0,15.62,0.0,"Climate-Smart Tourism and Sustainable Travel refer to the practices and strategies aimed at reducing the environmental impact of tourism while promoting its economic and social benefits. This concept is based on the understanding that tourism can have both positive and negative effects on the environment, local communities, and the economy.

**Definition:**

Climate-Smart Tourism is a tourism development approach that takes into account the potential impacts of climate change on tourism destinations and the tourism industry. It involves the integration of climate change mitigation and adaptation measures into tourism planning, management, and operations.

**Key Principles:**

1. **Sustainable Tourism:** Focuses on minimizing the negative impacts of tourism on the environment, culture, and local communities.
2. **Climate Change Adaptation:** Aims to reduce the vulnerability of tourism destinations to climate-related hazards and changes.
3. **Climate Change Mitigation:** Seeks to reduce greenhouse gas emissions from tourism activities.

**Strategies:**

1. **Eco-Friendly Accommodations:** Promote environmentally friendly accommodations, such as hotels and resorts, that adopt sustainable practices and reduce energy consumption.
2. **Sustainable Transportation:** Encourage the use of public transportation, electric or hybrid vehicles, and carbon offsetting to reduce emissions.
3. **Responsible Travel Behavior:** Educate tourists on responsible travel practices, such as reducing waste, conserving water, and respecting local cultures.
4. **Community-Based Tourism:** Support local communities in developing and managing tourism activities, ensuring that benefits are shared equitably.
5. **Climate-Resilient Infrastructure:** Invest in infrastructure that can withstand the impacts of climate change, such as sea-level rise, droughts, and extreme weather events.

**Benefits:**

1. **Reduced Environmental Impact:** Climate-Smart Tourism can reduce greenhouse gas emissions, conserve natural resources, and protect biodiversity.
2. **Improved Local Livelihoods:** Sustainable tourism can create jobs, stimulate local economies, and promote cultural heritage.
3. **Enhanced Destination Competitiveness:** Climate-Smart Tourism can enhance the competitiveness of tourism destinations, making them more attractive to tourists.

**Challenges:**

1. **Limited Resources:** Small-scale tourism operators and local communities may lack the resources and capacity to adopt climate-smart practices.
2. **Regulatory Frameworks:** Inadequate regulatory frameworks can hinder the adoption of climate-smart tourism practices.
3. **Behavioral Change:** Encouraging tourists to adopt responsible travel behavior can be a significant challenge.

**Conclusion:**

Climate-Smart Tourism and Sustainable Travel are essential for reducing the environmental impact of tourism while promoting its economic and social benefits. By adopting climate-smart practices, tourism destinations can reduce their vulnerability to climate change, improve local livelihoods, and enhance their competitiveness.",0.0,0.570258617401123,0.570258617401123,3481,3094,-387,23.955763239875388,23.08202288667405,-0.8737403532013381
Sustainable Urban Planning and Human Settlements,0.8,0.8,0.8,0.6,0.8,0.8,0.8,0.8,0.8,0.8,0.6,climate action,"Sustainable urban planning and human settlements refer to the design and management of cities and communities in a way that balances the needs of the present with the needs of the future, while minimizing harm to the environment and promoting social equity. The goal is to create livable, resilient, and thriving cities that support the well-being of all inhabitants, now and in the future.

**Key Principles:**

1. **Environmental Sustainability**: Minimizing the city's ecological footprint by reducing waste, conserving resources, and promoting renewable energy.
2. **Social Equity**: Ensuring that all residents have access to basic services, such as healthcare, education, and housing, regardless of income or social status.
3. **Economic Viability**: Creating jobs, stimulating local economies, and promoting innovation and entrepreneurship.
4. **Inclusivity**: Designing cities that are accessible and welcoming to all, including people with disabilities, older adults, and marginalized communities.
5. **Resilience**: Building cities that can withstand and recover from natural disasters, economic shocks, and other crises.

**Strategies for Sustainable Urban Planning:**

1. **Mixed-use development**: Combining residential, commercial, and recreational spaces to reduce travel distances and promote walkability.
2. **Green infrastructure**: Incorporating parks, green roofs, and green spaces to mitigate the urban heat island effect and improve air quality.
3. **Public transportation**: Developing efficient, reliable, and affordable public transportation systems to reduce reliance on personal vehicles.
4. **Affordable housing**: Providing a range of housing options, including affordable and social housing, to ensure that all residents have a safe and secure place to live.
5. **Community engagement**: Involving residents in the planning process to ensure that their needs and concerns are addressed.
6. **Innovative technologies**: Leveraging technologies, such as smart grids and green buildings, to reduce energy consumption and promote sustainability.
7. **Waste management**: Implementing effective waste management systems to minimize waste and promote recycling.
8. **Climate change mitigation**: Implementing strategies to reduce greenhouse gas emissions and adapt to the impacts of climate change.

**Benefits of Sustainable Urban Planning:**

1. **Improved quality of life**: Sustainable cities provide better living conditions, increased access to services, and enhanced overall well-being.
2. **Economic growth**: Sustainable cities attract businesses, create jobs, and stimulate local economies.
3. **Environmental protection**: Sustainable cities reduce the urban footprint, conserve resources, and mitigate the impacts of climate change.
4. **Social cohesion**: Sustainable cities foster a sense of community, social equity, and inclusivity.
5. **Resilience**: Sustainable cities are better equipped to withstand and recover from crises, ensuring the long-term viability of the community.

**Challenges and Opportunities:**

1. **Urbanization**: The rapid growth of cities poses significant challenges for sustainable urban planning, including the need for affordable housing, public transportation, and green infrastructure.
2. **Climate change**: Cities are particularly vulnerable to the impacts of climate change, including rising temperatures, sea-level rise, and extreme weather events.
3. **Inequality**: Sustainable urban planning must address the social and economic inequalities that exist within cities, including access to services, housing, and economic opportunities.
4. **Innovation**: The integration of new technologies, such as smart grids and green buildings, offers opportunities for sustainable urban planning and human settlements.

In conclusion, sustainable urban planning and human settlements require a holistic approach that balances the needs of the present with the needs of the future. By incorporating the principles and strategies outlined above, cities can become more livable, resilient, and sustainable, ensuring a better quality of life for all inhabitants.",,4.0,4.0,3.0,4124,0.0,14.46,0.0,"Sustainable Urban Planning and Human Settlements refer to the design, development, and management of urban areas with the goal of creating livable, equitable, and environmentally conscious communities. This concept involves integrating various disciplines, including architecture, urban planning, sociology, economics, and environmental science, to create sustainable human settlements.

**Key Principles:**

1. **Environmental Stewardship**: Minimizing the urban area's ecological footprint by reducing waste, conserving resources, and promoting renewable energy.
2. **Social Equity**: Ensuring that all residents have access to basic services, such as healthcare, education, and sanitation, regardless of their socioeconomic status.
3. **Economic Viability**: Creating jobs, stimulating local economies, and promoting economic growth while minimizing the urban area's reliance on external resources.
4. **Innovative Design**: Incorporating green infrastructure, such as parks, green roofs, and green spaces, to mitigate the urban heat island effect and improve air quality.

**Strategies:**

1. **Compact and Connected Urban Form**: Designing cities with a mix of land uses, pedestrian-friendly streets, and public transportation systems to reduce the need for personal vehicles.
2. **Mixed-Income and Mixed-Use Development**: Encouraging diverse housing types, including affordable and market-rate units, and integrating residential, commercial, and recreational spaces.
3. **Green Infrastructure**: Implementing green roofs, rain gardens, and other green spaces to manage stormwater runoff, reduce urban heat island effects, and improve air quality.
4. **Community Engagement**: Involving residents, stakeholders, and local governments in the planning process to ensure that urban development meets the needs and aspirations of the community.

**Benefits:**

1. **Improved Quality of Life**: Sustainable urban planning can lead to better air and water quality, reduced noise pollution, and increased access to green spaces.
2. **Economic Growth**: Sustainable urban planning can stimulate local economies, create jobs, and attract businesses and investments.
3. **Climate Change Mitigation**: By reducing energy consumption, promoting renewable energy, and managing stormwater runoff, sustainable urban planning can help mitigate the impacts of climate change.
4. **Social Equity**: Sustainable urban planning can help reduce poverty, improve health outcomes, and promote social cohesion.

**Challenges:**

1. **Limited Resources**: Urban areas often face budget constraints, limited land availability, and competing demands for resources.
2. **Resistance to Change**: Implementing sustainable urban planning strategies can be met with resistance from residents, businesses, and local governments.
3. **Scalability**: Sustainable urban planning strategies may not be easily replicable in smaller or larger urban areas.
4. **Monitoring and Evaluation**: Measuring the effectiveness of sustainable urban planning strategies can be challenging due to the complexity of urban systems.

In conclusion, Sustainable Urban Planning and Human Settlements is a multifaceted concept that seeks to create livable, equitable, and environmentally conscious communities. By integrating various disciplines and strategies, urban planners and policymakers can create sustainable human settlements that promote social equity, economic viability, and environmental stewardship.",0.0,0.5723633766174316,0.5723633766174316,4124,3462,-662,19.779016393442625,22.948100588550027,3.169084195107402
Waste Heat to Power Technologies,0.6,0.8,0.8,0.6,0.8,0.8,0.4,0.8,0.8,0.8,0.6,climate action,"Waste Heat to Power (WHP) technologies are systems that convert waste heat into electricity, reducing energy losses and increasing overall efficiency. This concept is particularly relevant in industrial settings, where a significant portion of energy is often wasted as heat.

**What is Waste Heat?**

Waste heat is the energy that is lost as heat during various industrial processes, such as:

1. Combustion of fossil fuels (e.g., natural gas, coal, or oil) in power plants, industrial furnaces, or engines.
2. Heat exchangers, boilers, or other equipment used in chemical processing, food processing, or other industries.
3. Exhaust gases from engines, turbines, or other machinery.

**How do Waste Heat to Power Technologies work?**

WHP technologies harness this wasted heat energy to generate electricity. The process typically involves the following steps:

1. **Heat collection**: Waste heat is collected from various sources, such as industrial processes, engines, or exhaust gases.
2. **Heat recovery**: The collected heat is then recovered and concentrated using heat exchangers, heat pumps, or other technologies.
3. **Power generation**: The recovered heat is used to drive a power generation system, such as a steam turbine, gas turbine, or organic Rankine cycle (ORC) system.
4. **Electricity generation**: The power generation system produces electricity, which is then fed into the grid or used on-site.

**Types of Waste Heat to Power Technologies**

Several WHP technologies are available, including:

1. **Organic Rankine Cycle (ORC)**: A closed-loop system that uses a working fluid to convert waste heat into electricity.
2. **Steam Turbine**: A traditional power generation system that uses steam to drive a turbine and generate electricity.
3. **Gas Turbine**: A system that uses the waste heat from a gas turbine to generate electricity.
4. **Heat Exchanger-based Systems**: These systems use heat exchangers to recover waste heat and generate electricity.
5. **Thermoelectric Generators (TEGs)**: These devices convert waste heat directly into electricity using thermoelectric materials.

**Benefits of Waste Heat to Power Technologies**

The adoption of WHP technologies offers several benefits, including:

1. **Energy efficiency**: WHP systems can achieve efficiency rates of 10-20%, compared to traditional power generation systems, which have efficiency rates of around 33-40%.
2. **Reduced greenhouse gas emissions**: By converting waste heat into electricity, WHP systems can reduce the overall carbon footprint of industrial processes.
3. **Cost savings**: WHP systems can help industries save money on energy costs by reducing the amount of energy wasted as heat.
4. **Increased reliability**: WHP systems can provide a reliable source of electricity, even in the event of a power outage.

**Challenges and Limitations**

While WHP technologies offer many benefits, there are also challenges and limitations to consider, such as:

1. **High upfront costs**: WHP systems can be expensive to install and maintain.
2. **Complexity**: WHP systems require specialized expertise and maintenance.
3. **Space requirements**: WHP systems can require significant space to accommodate the heat recovery and power generation equipment.
4. **Material selection**: The selection of materials for WHP systems can be critical to ensure efficiency and reliability.

In conclusion, Waste Heat to Power technologies offer a promising solution for reducing energy waste and increasing efficiency in industrial settings. While there are challenges and limitations to consider, the benefits of WHP systems make them an attractive option for industries looking to reduce their environmental impact and save on energy costs.",,4.0,4.0,4.0,3734,0.0,11.36,0.0,"Waste Heat to Power (WHP) technologies are systems that convert waste heat into electrical energy. This process involves capturing heat that would otherwise be discarded and utilizing it to generate power.

Waste heat is a byproduct of various industrial processes, such as power generation, chemical processing, and manufacturing. It is typically generated as a result of inefficiencies in energy conversion, where some of the input energy is lost as heat rather than being converted into useful work.

WHP technologies operate by capturing this waste heat and using it to drive a heat engine, which generates electricity. The heat engine is typically a type of steam turbine or a gas turbine, which uses the waste heat to produce mechanical energy. This mechanical energy is then converted into electrical energy through a generator.

There are several types of WHP technologies, including:

1. Organic Rankine Cycle (ORC) systems: These systems use a working fluid to capture waste heat and generate power.
2. Steam turbines: These systems use high-pressure steam to drive a turbine, which generates electricity.
3. Gas turbines: These systems use waste heat to drive a gas turbine, which generates electricity.
4. Absorption chillers: These systems use waste heat to generate cooling, which can then be used to drive a power generation system.

The benefits of WHP technologies include:

1. Reduced energy losses: By capturing waste heat, WHP technologies can reduce energy losses and improve overall efficiency.
2. Increased power generation: WHP technologies can generate additional power from waste heat, which can be used to meet energy demands.
3. Emissions reduction: By reducing the amount of waste heat that is discarded, WHP technologies can also reduce greenhouse gas emissions.

However, WHP technologies also have some limitations and challenges, including:

1. High upfront costs: WHP technologies can be expensive to install and maintain.
2. Complexity: WHP systems can be complex and require specialized expertise to operate.
3. Limited applicability: WHP technologies may not be suitable for all types of waste heat sources.

Overall, WHP technologies offer a promising solution for reducing energy losses and generating additional power from waste heat. However, their implementation and effectiveness depend on various factors, including the type and quantity of waste heat, the specific technology used, and the overall system design.",0.0,0.0,0.0,3734,2457,-1277,16.53279660069328,16.9694857421399,0.4366891414466174
Sustainable Agriculture Models,0.8,0.8,0.8,0.6,0.8,0.8,0.6,0.8,0.8,0.8,0.6,climate action,"Sustainable agriculture models are farming practices that prioritize environmental stewardship, social responsibility, and economic viability. These models aim to produce food while minimizing harm to the environment, conserving natural resources, and promoting fair labor practices. Here are some key principles and examples of sustainable agriculture models:

**Key Principles:**

1. **Soil Conservation**: Protecting and enhancing soil health through practices like crop rotation, cover cropping, and reduced tillage.
2. **Water Conservation**: Efficient use of water through drip irrigation, mulching, and rainwater harvesting.
3. **Biodiversity**: Promoting ecological balance by maintaining a diverse range of crops, animals, and beneficial organisms.
4. **Integrated Pest Management (IPM)**: Using a holistic approach to manage pests, diseases, and weeds, minimizing the use of chemical pesticides and fertilizers.
5. **Local and Seasonal Production**: Focusing on local and seasonal production to reduce transportation costs, support local economies, and promote fresh, nutritious food.
6. **Fair Labor Practices**: Ensuring fair wages, safe working conditions, and social protections for farm workers.
7. **Community Engagement**: Building relationships with local communities, promoting education, and fostering a sense of ownership and responsibility.

**Examples of Sustainable Agriculture Models:**

1. **Permaculture**: A holistic design approach that mimics natural ecosystems, promoting biodiversity, soil health, and efficient water use.
2. **Regenerative Agriculture**: Aims to regenerate soil health, biodiversity, and ecosystem services through practices like no-till or reduced-till farming, cover cropping, and integrating livestock.
3. **Organic Farming**: Avoids the use of synthetic fertilizers, pesticides, and genetically modified organisms (GMOs), promoting soil health, biodiversity, and ecosystem services.
4. **Agroecology**: Focuses on the interactions between agriculture, ecology, and society, promoting sustainable food systems, biodiversity, and ecosystem services.
5. **Biodynamic Farming**: A holistic approach that views the farm as a self-contained ecosystem, using natural preparations and practices to promote soil health, biodiversity, and ecosystem services.
6. **Community-Supported Agriculture (CSA)**: A model where consumers purchase a share of the farm's produce, often directly from the farm, promoting local food systems and community engagement.
7. **Urban Agriculture**: Growing food in urban areas, often using innovative techniques like hydroponics, aeroponics, or vertical farming, to increase food security and promote sustainable food systems.

**Benefits of Sustainable Agriculture Models:**

1. **Improved soil health**: Reduced erosion, increased fertility, and enhanced water-holding capacity.
2. **Increased biodiversity**: Promoting ecological balance and supporting beneficial organisms.
3. **Water conservation**: Efficient use of water through practices like drip irrigation and mulching.
4. **Reduced chemical use**: Minimizing the use of synthetic fertilizers and pesticides.
5. **Improved food quality**: Fresh, nutritious, and locally produced food.
6. **Enhanced community engagement**: Building relationships with local communities and promoting education.
7. **Economic viability**: Increased profitability through reduced costs, improved yields, and premium prices for sustainable products.

These sustainable agriculture models offer a promising approach to food production, promoting environmental stewardship, social responsibility, and economic viability.",,4.0,4.0,4.0,3634,0.0,14.76,0.0,"Sustainable Agriculture Models refer to farming practices and systems that aim to maintain the long-term productivity and health of the land, while minimizing the negative environmental and social impacts associated with conventional agriculture.

**Key Characteristics:**

1. **Environmental Stewardship:** Sustainable agriculture models prioritize soil conservation, efficient water use, and reduced chemical inputs to minimize environmental degradation.
2. **Crop Diversification:** These models often involve growing a diverse range of crops to promote ecological balance, reduce reliance on a single crop, and increase resilience to pests and diseases.
3. **Integrated Pest Management (IPM):** Sustainable agriculture models employ IPM techniques, which combine physical, cultural, biological, and chemical controls to manage pests and diseases in a holistic manner.
4. **Soil Conservation:** Practices such as crop rotation, cover cropping, and reduced tillage help maintain soil health, structure, and fertility.
5. **Social Responsibility:** Sustainable agriculture models often prioritize fair labor practices, community engagement, and equitable distribution of benefits among stakeholders.

**Types of Sustainable Agriculture Models:**

1. **Organic Farming:** Excludes the use of synthetic fertilizers, pesticides, and genetically modified organisms (GMOs).
2. **Regenerative Agriculture:** Focuses on regenerating soil health, biodiversity, and ecosystem services through practices like no-till or reduced-till farming, cover cropping, and integrating livestock.
3. **Agroecology:** Emphasizes the use of ecological principles to design and manage farming systems, promoting biodiversity, soil health, and efficient water use.
4. **Permaculture:** A design system that aims to create sustainable, self-sufficient ecosystems by mimicking natural patterns and processes.

**Benefits:**

1. **Improved Soil Health:** Sustainable agriculture models promote soil conservation, fertility, and structure, leading to increased crop yields and reduced erosion.
2. **Water Conservation:** Efficient water use and reduced runoff help conserve this valuable resource.
3. **Biodiversity Conservation:** By promoting ecological balance and diversity, sustainable agriculture models contribute to the preservation of natural habitats and ecosystems.
4. **Climate Change Mitigation:** Practices like reduced tillage, cover cropping, and integrating livestock can help sequester carbon and reduce greenhouse gas emissions.

**Challenges and Limitations:**

1. **Higher Initial Costs:** Implementing sustainable agriculture models can require significant upfront investments in infrastructure, training, and equipment.
2. **Scalability:** These models may not be easily scalable to large commercial farms or industrial agriculture systems.
3. **Regulatory Frameworks:** Existing policies and regulations may not support or incentivize sustainable agriculture practices.

Overall, sustainable agriculture models offer a promising approach to addressing the environmental, social, and economic challenges associated with conventional agriculture. However, their adoption and scalability depend on various factors, including policy support, market demand, and farmer education and training.",0.0,0.5077043771743774,0.5077043771743774,3634,3282,-352,22.38909238909239,22.124064171122996,-0.2650282179693946
Ecological Restoration in Floodplains,0.6,0.8,0.8,0.6,0.8,0.8,0.6,0.8,0.8,0.8,0.6,climate action,"Ecological restoration in floodplains is a conservation approach that aims to revive and maintain the natural ecological processes and biodiversity of floodplain ecosystems. Floodplains are areas of land adjacent to rivers, streams, and lakes that are periodically flooded by water. These areas are highly dynamic and support a wide range of plant and animal species.

**Why is ecological restoration in floodplains important?**

Floodplains play a crucial role in maintaining the health of rivers and streams, as well as the surrounding landscape. They:

1. **Filter water**: Floodplains act as natural filters, removing sediments, nutrients, and pollutants from the water.
2. **Support biodiversity**: Floodplains are home to a diverse array of plant and animal species, many of which are adapted to the dynamic conditions of flooding and drying.
3. **Provide habitat**: Floodplains provide critical habitat for many species, including endangered and threatened species.
4. **Maintain water quality**: Floodplains help maintain water quality by storing and filtering water, reducing the risk of flooding and erosion.

**What is ecological restoration in floodplains?**

Ecological restoration in floodplains involves a range of activities aimed at restoring the natural ecological processes and biodiversity of these areas. This can include:

1. **Removing invasive species**: Removing non-native species that outcompete native species for resources.
2. **Restoring native vegetation**: Planting native vegetation, such as trees, shrubs, and grasses, to restore the natural hydrological and ecological processes.
3. **Reconnecting floodplains**: Reconnecting floodplains to their natural flood regime, allowing water to flow freely and maintaining the natural sediment transport and deposition processes.
4. **Restoring wetlands**: Restoring wetlands, such as marshes and swamps, which are critical habitats for many species.
5. **Managing water levels**: Managing water levels to maintain the natural flood regime and prevent excessive sedimentation or erosion.

**Benefits of ecological restoration in floodplains**

Ecological restoration in floodplains can have numerous benefits, including:

1. **Improved water quality**: Restoring the natural filtering and sedimentation processes can improve water quality.
2. **Increased biodiversity**: Restoring native vegetation and habitats can increase biodiversity and support endangered species.
3. **Reduced flood risk**: Restoring the natural flood regime can reduce the risk of flooding and erosion.
4. **Improved ecosystem services**: Restoring floodplains can improve ecosystem services, such as carbon sequestration, nutrient cycling, and pollination.

**Challenges and limitations**

Ecological restoration in floodplains can be challenging and limited by:

1. **Human activities**: Human activities, such as agriculture, urbanization, and infrastructure development, can alter the natural flood regime and reduce the effectiveness of restoration efforts.
2. **Climate change**: Climate change can alter the frequency and severity of flooding, making restoration efforts more challenging.
3. **Limited funding**: Restoration efforts can be costly and may require significant funding.
4. **Community engagement**: Engaging local communities and stakeholders in restoration efforts can be challenging, particularly if there are conflicting interests or values.

Overall, ecological restoration in floodplains is a critical conservation approach that can help maintain the natural ecological processes and biodiversity of these dynamic ecosystems.",,4.0,4.0,4.0,3602,0.0,12.78,0.0,"Ecological restoration in floodplains refers to the process of rehabilitating degraded or damaged ecosystems in floodplain areas. Floodplains are areas of land adjacent to rivers, streams, or lakes that are subject to periodic flooding. These areas are characterized by unique ecosystems that are adapted to the periodic flooding and drying cycles.

The primary goal of ecological restoration in floodplains is to restore the natural functioning of these ecosystems, which can be disrupted by human activities such as deforestation, urbanization, and agricultural development. Restoration efforts aim to reestablish the natural hydrological and ecological processes that occur in floodplains, including the movement of water, sediment, and nutrients.

Restoration techniques may include:

1. **Revegetation**: Planting native vegetation species that are adapted to the floodplain environment.
2. **Habitat creation**: Creating artificial habitats, such as wetlands or floodplain forests, to provide habitat for native species.
3. **Channel restoration**: Restoring the natural flow of water through the floodplain by removing artificial barriers or modifying channel geometry.
4. **Soil restoration**: Rebuilding soil quality and structure through the addition of organic matter or other amendments.
5. **Water management**: Implementing measures to manage water flow and quality, such as installing flood-control structures or restoring natural floodplain wetlands.

Ecological restoration in floodplains can have several benefits, including:

1. **Improved water quality**: Restoration can help to filter pollutants and sediments from the water, improving water quality.
2. **Increased biodiversity**: Restoration can lead to the recovery of native species and the creation of new habitats.
3. **Enhanced ecosystem services**: Restoration can help to maintain or restore ecosystem services, such as flood control, water filtration, and carbon sequestration.
4. **Improved human well-being**: Restoration can provide recreational and aesthetic benefits, as well as economic benefits through sustainable land use practices.

However, ecological restoration in floodplains can also face challenges, including:

1. **Limited funding**: Restoration efforts often require significant funding, which can be difficult to secure.
2. **Complexity of floodplain ecosystems**: Floodplain ecosystems are complex and dynamic, making it challenging to predict and manage restoration outcomes.
3. **Conflicting land uses**: Floodplains are often subject to competing land uses, such as agriculture, urbanization, and infrastructure development, which can hinder restoration efforts.

Overall, ecological restoration in floodplains is a complex and multifaceted process that requires careful planning, implementation, and management to achieve its goals.",0.0,0.0,0.0,3602,2839,-763,19.761241461241465,20.65575344196034,0.8945119807188746
Sustainable Fisheries and Marine Ecosystem Health,0.8,0.8,0.8,0.6,0.8,0.8,0.8,0.8,0.8,0.8,0.6,climate action,"""Sustainable Fisheries and Marine Ecosystem Health"" refers to the management and conservation of fish populations and marine ecosystems in a way that ensures their long-term health and productivity, while also meeting the needs of human communities that depend on them. This concept involves a holistic approach that considers the interactions between fisheries, marine ecosystems, and the people who use them.

**Key Principles:**

1. **Ecosystem-based management**: This approach considers the entire marine ecosystem, including its physical, biological, and chemical components, when making management decisions.
2. **Sustainable fishing practices**: Fishing methods and gear are designed to minimize harm to the environment, other species, and the fishery itself.
3. **Catch limits and quotas**: Setting limits on the amount of fish that can be caught to prevent overfishing and allow fish populations to recover.
4. **Marine protected areas**: Establishing areas where fishing and other human activities are restricted or prohibited to protect vulnerable species and ecosystems.
5. **Monitoring and enforcement**: Regular monitoring of fish populations and enforcement of regulations to prevent overfishing and ensure compliance with management plans.
6. **Community engagement and participation**: Involving local communities, fishermen, and other stakeholders in the decision-making process to ensure that their needs and concerns are taken into account.
7. **Scientific research and monitoring**: Conducting regular scientific research and monitoring to inform management decisions and ensure that the fishery is being managed sustainably.

**Benefits of Sustainable Fisheries and Marine Ecosystem Health:**

1. **Conservation of fish populations**: Preventing overfishing and allowing fish populations to recover, which helps to maintain the health of the ecosystem.
2. **Protection of marine biodiversity**: Preserving the diversity of marine species and ecosystems, which is essential for maintaining the health and resilience of the ocean.
3. **Food security**: Ensuring a steady supply of fish and seafood for human consumption, which is essential for food security and economic development.
4. **Economic benefits**: Sustainable fisheries can generate significant economic benefits, including jobs, income, and tax revenue.
5. **Improved ecosystem services**: Maintaining the health of marine ecosystems can provide a range of ecosystem services, including coastal protection, water filtration, and carbon sequestration.

**Challenges and Opportunities:**

1. **Overfishing and habitat degradation**: The main drivers of decline in many fish populations and marine ecosystems.
2. **Climate change**: Rising temperatures and ocean acidification are altering the distribution and abundance of marine species.
3. **Human population growth**: Increasing demand for seafood and other marine resources.
4. **Technological advancements**: New technologies, such as fishing gear and monitoring systems, can help to improve the sustainability of fisheries.
5. **International cooperation**: Collaboration among countries and stakeholders is essential for managing shared marine resources and addressing global challenges.

Overall, sustainable fisheries and marine ecosystem health require a coordinated effort from governments, fishermen, scientists, and other stakeholders to ensure the long-term health and productivity of marine ecosystems and the people who depend on them.",,4.0,4.0,4.0,3483,0.0,16.26,0.0,"""Sustainable Fisheries and Marine Ecosystem Health"" refers to the management and conservation of marine ecosystems to ensure the long-term sustainability of fish populations and the health of the ocean environment.

**Definition:**

Sustainable fisheries involve the harvesting of fish and other marine species in a way that maintains the health and productivity of the marine ecosystem. This approach aims to balance human needs, such as food security and economic benefits, with the need to conserve marine biodiversity and ecosystem services.

**Key Components:**

1. **Fisheries Management:** This involves setting catch limits, closed seasons, and other regulations to prevent overfishing and protect vulnerable species.
2. **Marine Protected Areas (MPAs):** MPAs are designated areas that provide a safe haven for marine life to thrive, allowing populations to recover and ecosystems to function healthily.
3. **Ecosystem-Based Fisheries Management (EBFM):** EBFM considers the interactions between fish populations and their environment, including other species, habitats, and ecosystem processes.
4. **Monitoring and Enforcement:** Regular monitoring of fish populations and enforcement of regulations are essential to prevent overfishing and ensure compliance with management plans.
5. **Research and Science:** Continuous research and scientific analysis inform management decisions, helping to improve the effectiveness of conservation efforts.

**Causal Mechanisms:**

1. **Overfishing:** Overfishing can lead to population declines, reduced biodiversity, and ecosystem degradation.
2. **Habitat Degradation:** Human activities, such as coastal development and pollution, can damage habitats and reduce their ability to support marine life.
3. **Climate Change:** Climate change affects marine ecosystems, causing shifts in species distributions, changes in ocean chemistry, and increased frequency of extreme events.
4. **Human Impacts:** Pollution, coastal development, and other human activities can harm marine ecosystems and reduce their resilience to climate change.

**Verifiable Facts:**

1. The world's fish populations are declining, with many species overfished or threatened with extinction.
2. Marine ecosystems provide essential ecosystem services, including shoreline protection, water filtration, and nutrient cycling.
3. Sustainable fisheries management can help maintain the health and productivity of marine ecosystems.
4. Climate change is projected to have significant impacts on marine ecosystems, including changes in species distributions and increased frequency of extreme events.

**Conclusion:**

Sustainable fisheries and marine ecosystem health are critical for maintaining the health and productivity of marine ecosystems. Effective management and conservation efforts require a comprehensive understanding of the complex interactions between fish populations, their environment, and human activities. By adopting a science-based approach and addressing the root causes of ecosystem degradation, it is possible to promote sustainable fisheries and maintain the health of marine ecosystems.",0.0,0.0,0.0,3483,3131,-352,21.911889023368403,20.80606060606061,-1.1058284173077944
Inclusive Public Spaces Design and Planning,0.6,0.8,0.8,0.6,0.8,0.8,0.8,0.8,0.8,0.8,0.6,gender equality,"""Inclusive Public Spaces Design and Planning"" refers to the process of designing and planning public spaces that are accessible, usable, and enjoyable for all members of the community, regardless of their age, ability, culture, language, or other characteristics. The goal is to create spaces that are inclusive, equitable, and welcoming to everyone.

Key principles of inclusive public spaces design and planning include:

1. **Accessibility**: Designing spaces that are physically accessible to people with disabilities, including those with mobility, visual, hearing, or cognitive impairments.
2. **Universal Design**: Creating spaces that are usable by everyone, regardless of age or ability, by incorporating features such as ramps, wide doorways, and accessible restrooms.
3. **Cultural Sensitivity**: Incorporating cultural and linguistic diversity into the design and planning process, including the use of accessible signage, multilingual materials, and culturally sensitive artwork.
4. **Community Engagement**: Involving the community in the design and planning process to ensure that the spaces meet the needs and aspirations of all members of the community.
5. **Equity**: Prioritizing the needs of marginalized or underrepresented groups, such as people with disabilities, older adults, or low-income communities.
6. **Sustainability**: Designing spaces that are environmentally sustainable, energy-efficient, and reduce waste.
7. **Safety**: Creating spaces that are safe and secure for all users, including those with disabilities.

Inclusive public spaces design and planning involves a range of strategies, including:

1. **Participatory design**: Engaging with the community through public meetings, surveys, and focus groups to gather input and feedback.
2. **Co-design**: Collaborating with community members, stakeholders, and experts to design and plan spaces that meet the needs of all users.
3. **Inclusive zoning**: Zoning regulations that prioritize inclusive and accessible design, such as requiring accessible entrances and restrooms.
4. **Design guidelines**: Developing design guidelines that prioritize accessibility, universal design, and cultural sensitivity.
5. **Training and education**: Providing training and education for designers, planners, and community members on inclusive design principles and practices.

Benefits of inclusive public spaces design and planning include:

1. **Increased social cohesion**: Creating spaces that bring people together and foster a sense of community.
2. **Improved health and well-being**: Designing spaces that promote physical activity, social interaction, and mental well-being.
3. **Economic benefits**: Attracting businesses, tourists, and investment to inclusive and accessible public spaces.
4. **Enhanced quality of life**: Creating spaces that are enjoyable, safe, and accessible for all members of the community.

Examples of inclusive public spaces design and planning include:

1. **Accessible parks and playgrounds**: Designing parks and playgrounds with accessible pathways, play equipment, and restrooms.
2. **Inclusive public art**: Creating public art that reflects the diversity of the community and is accessible to all users.
3. **Accessible public transportation**: Designing public transportation systems that are accessible to people with disabilities.
4. **Inclusive public buildings**: Designing public buildings, such as libraries, community centers, and government buildings, with accessible entrances, restrooms, and amenities.

Overall, inclusive public spaces design and planning is essential for creating spaces that are welcoming, accessible, and enjoyable for all members of the community.",,4.0,4.0,3.0,3699,0.0,13.39,0.0,"Inclusive Public Spaces Design and Planning refers to the process of designing and planning public spaces that are accessible, usable, and enjoyable for all members of the community, regardless of their age, ability, culture, or socioeconomic status.

**Key Principles:**

1. **Accessibility**: Public spaces should be physically accessible to people with disabilities, including those with mobility impairments, visual impairments, and hearing impairments.
2. **Inclusivity**: Public spaces should be designed to accommodate diverse cultural, linguistic, and socioeconomic backgrounds.
3. **Equity**: Public spaces should be designed to promote social equity, reducing disparities in access to resources and opportunities.
4. **Participation**: Public spaces should be designed with community participation and engagement, ensuring that the needs and preferences of all stakeholders are considered.

**Design Elements:**

1. **Universal Design**: Incorporating design elements that are usable by people of all ages and abilities, such as ramps, elevators, and accessible restrooms.
2. **Wayfinding**: Clear signage and navigation systems to facilitate access and orientation.
3. **Seating and Amenities**: Providing seating areas, drinking fountains, and other amenities that are accessible and usable by all.
4. **Lighting and Safety**: Designing lighting and safety features that are accessible and usable by people with visual impairments.

**Planning Strategies:**

1. **Community Engagement**: Engaging with community members, stakeholders, and experts to understand their needs and preferences.
2. **Participatory Budgeting**: Involving community members in budgeting decisions to ensure that public spaces are designed and maintained with community needs in mind.
3. **Collaborative Planning**: Working with multiple stakeholders, including government agencies, community organizations, and private developers, to ensure that public spaces are designed and maintained with a shared vision.
4. **Monitoring and Evaluation**: Regularly monitoring and evaluating the effectiveness of public spaces in promoting inclusivity and social equity.

**Benefits:**

1. **Social Cohesion**: Inclusive public spaces can foster social cohesion and community engagement.
2. **Economic Benefits**: Inclusive public spaces can attract businesses, investment, and tourism.
3. **Health and Well-being**: Inclusive public spaces can promote physical activity, social interaction, and mental well-being.
4. **Equity and Social Justice**: Inclusive public spaces can help reduce disparities in access to resources and opportunities.

Overall, Inclusive Public Spaces Design and Planning is a critical aspect of urban planning and design, aiming to create public spaces that are accessible, usable, and enjoyable for all members of the community.",0.0,0.0,0.0,3699,2831,-868,19.46426750637277,20.171937866055515,0.7076703596827443
Digital Health and Wellness,0.8,0.8,0.8,0.6,0.8,0.8,0.6,0.8,0.8,0.8,0.6,good health and well-being,"""Digital Health and Wellness"" refers to the use of digital technologies to promote and maintain physical and mental well-being. It encompasses a wide range of applications, tools, and services that leverage digital platforms to support healthy behaviors, prevent illnesses, and manage chronic conditions. Here are some key aspects of Digital Health and Wellness:

**Key Components:**

1. **Telemedicine**: Remote consultations with healthcare professionals using video conferencing, phone, or messaging apps.
2. **Mobile Health (mHealth)**: Mobile apps and devices that track and monitor health metrics, such as fitness, nutrition, and sleep.
3. **Wearable Technology**: Devices like fitness trackers, smartwatches, and health monitors that track physical activity, heart rate, and other vital signs.
4. **Digital Therapeutics**: Online programs and apps that provide cognitive-behavioral therapy, mindfulness, and other forms of mental health support.
5. **Personalized Medicine**: Genomic analysis and AI-driven insights that help individuals tailor their health and wellness strategies to their unique genetic profiles.
6. **Health Informatics**: The use of data analytics, machine learning, and other digital tools to analyze and interpret health data, identify trends, and inform decision-making.
7. **Digital Health Coaching**: Online coaching and guidance from certified health professionals who provide personalized advice and support.

**Benefits:**

1. **Increased accessibility**: Digital health and wellness platforms can reach underserved populations and provide access to healthcare services in remote or underserved areas.
2. **Improved health outcomes**: Digital interventions can lead to better health outcomes, such as weight loss, improved blood pressure control, and enhanced mental well-being.
3. **Cost savings**: Digital health and wellness platforms can reduce healthcare costs by minimizing the need for in-person visits, hospitalizations, and other costly interventions.
4. **Enhanced patient engagement**: Digital tools can empower individuals to take a more active role in their health and wellness, leading to greater self-awareness and self-management.
5. **Data-driven insights**: Digital health and wellness platforms can provide valuable data and insights that inform healthcare decisions and improve population health.

**Examples:**

1. **Fitbit**: A popular wearable device that tracks physical activity, sleep, and other health metrics.
2. **Calm**: A meditation and mindfulness app that provides guided relaxation and stress-reduction techniques.
3. **Teladoc**: A telemedicine platform that connects patients with healthcare professionals for remote consultations.
4. **MyFitnessPal**: A mobile app that tracks nutrition and calorie intake, helping users set and achieve healthy eating goals.
5. **MindTools**: A digital platform that offers online mental health coaching, cognitive-behavioral therapy, and stress management resources.

**Future Directions:**

1. **Integration with electronic health records (EHRs)**: Digital health and wellness platforms will increasingly integrate with EHRs to provide seamless, patient-centered care.
2. **Artificial intelligence (AI) and machine learning (ML)**: AI and ML will play a larger role in analyzing health data, identifying trends, and informing decision-making.
3. **Personalized medicine**: Digital health and wellness platforms will increasingly incorporate personalized medicine approaches, using genomic analysis and AI-driven insights to tailor health and wellness strategies to individual needs.
4. **Virtual and augmented reality (VR/AR)**: VR/AR technologies will be used to create immersive, interactive experiences that support health and wellness goals.

Overall, Digital Health and Wellness represents a rapidly evolving field that is transforming the way we approach healthcare and wellness. As technology continues to advance, we can expect to see even more innovative applications and tools that support healthy living and improved health outcomes.",,4.0,4.0,4.0,4053,0.0,14.65,0.0,"Digital Health and Wellness refers to the use of digital technologies to promote and maintain physical and mental well-being. This concept encompasses a range of applications, services, and devices that leverage digital tools to support health-related activities, behaviors, and outcomes.

Key aspects of Digital Health and Wellness include:

1. **Health monitoring**: The use of digital devices, such as wearables, mobile apps, and sensors, to track and monitor various health metrics, such as physical activity, sleep patterns, and vital signs.
2. **Personalized health advice**: Digital platforms that provide tailored recommendations and guidance on healthy behaviors, nutrition, and lifestyle choices based on individual data and preferences.
3. **Telemedicine and remote health services**: Digital communication tools, such as video conferencing and messaging apps, that enable patients to access healthcare services remotely, including consultations, monitoring, and support.
4. **Health education and awareness**: Digital resources, such as online courses, tutorials, and educational content, that aim to inform and empower individuals about healthy habits, disease prevention, and management.
5. **Behavioral change support**: Digital tools and interventions designed to encourage and facilitate changes in behavior, such as smoking cessation, weight management, and stress reduction.
6. **Data analytics and insights**: The use of digital data to identify trends, patterns, and correlations that can inform health-related decisions, optimize interventions, and improve outcomes.

Digital Health and Wellness can be categorized into several subfields, including:

1. **Mobile health (mHealth)**: The use of mobile devices to deliver health-related services and interventions.
2. **Telehealth**: The use of digital communication tools to access healthcare services remotely.
3. **EHealth**: The use of digital technologies to support health-related activities, behaviors, and outcomes.
4. **Digital therapeutics**: The use of digital interventions, such as apps and games, to treat and manage medical conditions.

The benefits of Digital Health and Wellness include:

1. **Increased accessibility**: Digital technologies can reach underserved populations and provide access to healthcare services in remote or resource-constrained areas.
2. **Improved engagement**: Digital tools can enhance user engagement and motivation, leading to better health outcomes.
3. **Enhanced data collection and analysis**: Digital data can provide valuable insights into health-related behaviors and outcomes, informing evidence-based interventions.
4. **Cost savings**: Digital Health and Wellness can reduce healthcare costs by minimizing the need for in-person consultations, hospitalizations, and other resource-intensive interventions.

However, Digital Health and Wellness also raises several challenges and concerns, including:

1. **Data security and privacy**: The need to protect sensitive health data and ensure that digital technologies are secure and compliant with regulations.
2. **Equity and access**: The risk of exacerbating existing health disparities and inequalities if digital technologies are not accessible or usable by all populations.
3. **Effectiveness and efficacy**: The need to rigorously evaluate the effectiveness and efficacy of digital Health and Wellness interventions to ensure they are safe and beneficial.

Overall, Digital Health and Wellness represents a rapidly evolving field that holds significant potential for improving health outcomes and promoting well-being. However, it also requires careful consideration of the challenges and limitations associated with its development and implementation.",0.0,0.0,0.0,4053,3730,-323,18.156243976318326,21.334141414141413,3.1778974378230878
Green Manufacturing and Climate Change,0.8,0.8,0.8,0.6,0.8,0.8,0.8,0.8,0.8,0.8,0.6,climate action,"""Green Manufacturing and Climate Change"" refers to the production processes and practices that aim to minimize the environmental impact of manufacturing activities, particularly in relation to climate change. The goal is to reduce greenhouse gas emissions, conserve natural resources, and promote sustainable development. Here's a comprehensive overview:

**Key aspects of Green Manufacturing and Climate Change:**

1. **Reducing greenhouse gas emissions**: Green manufacturing focuses on minimizing the production of greenhouse gases, such as carbon dioxide (CO2), methane (CH4), and nitrous oxide (N2O), which contribute to global warming.
2. **Energy efficiency**: Implementing energy-efficient technologies and practices to reduce energy consumption and lower emissions.
3. **Renewable energy sources**: Transitioning to renewable energy sources, such as solar, wind, and hydroelectric power, to power manufacturing processes.
4. **Sustainable materials**: Using sustainable materials, such as recycled materials, bioplastics, and sustainably sourced wood products, to reduce the environmental impact of production.
5. **Waste reduction and management**: Implementing waste reduction and management strategies to minimize waste generation and promote recycling.
6. **Supply chain sustainability**: Ensuring that suppliers and partners adhere to sustainable practices and standards.
7. **Climate-resilient design**: Designing products and processes that are resilient to climate-related disruptions and can adapt to changing environmental conditions.

**Benefits of Green Manufacturing and Climate Change:**

1. **Reduced greenhouse gas emissions**: Lowering emissions contributes to mitigating climate change.
2. **Cost savings**: Energy-efficient practices and renewable energy sources can lead to cost savings.
3. **Improved brand reputation**: Companies that adopt green manufacturing practices can enhance their brand reputation and appeal to environmentally conscious consumers.
4. **Increased competitiveness**: Green manufacturing can provide a competitive edge in the market.
5. **Job creation**: The transition to green manufacturing can create new job opportunities in the renewable energy and sustainable industries.

**Examples of Green Manufacturing and Climate Change:**

1. **Electric vehicle manufacturing**: Companies like Tesla and Volkswagen are transitioning to electric vehicle production, reducing greenhouse gas emissions and promoting sustainable transportation.
2. **Renewable energy-powered manufacturing**: Some companies, like Google and Amazon, are powering their data centers and manufacturing facilities with renewable energy sources.
3. **Sustainable packaging**: Companies like Unilever and Procter & Gamble are developing sustainable packaging solutions, such as biodegradable and recyclable materials.
4. **Climate-resilient agriculture**: Farmers are adopting climate-resilient agricultural practices, such as precision irrigation and crop rotation, to adapt to changing environmental conditions.

**Challenges and opportunities:**

1. **Higher upfront costs**: Implementing green manufacturing practices can require significant investments.
2. **Regulatory frameworks**: Governments and regulatory bodies can play a crucial role in creating supportive policies and frameworks for green manufacturing.
3. **Public awareness and education**: Raising public awareness and education about the benefits of green manufacturing can help drive demand and adoption.
4. **Collaboration and partnerships**: Companies can collaborate with suppliers, partners, and stakeholders to share knowledge, resources, and best practices.

In conclusion, Green Manufacturing and Climate Change is a critical aspect of sustainable development, aiming to reduce the environmental impact of manufacturing activities and promote climate resilience. By adopting green manufacturing practices, companies can contribute to mitigating climate change, improve their brand reputation, and create new business opportunities.",,4.0,4.0,4.0,4031,0.0,15.15,0.0,"Green manufacturing refers to the production processes and practices that minimize the environmental impact of manufacturing activities. This approach aims to reduce the ecological footprint of industrial operations by adopting sustainable and environmentally friendly methods.

Climate change is a global phenomenon characterized by the warming of the Earth's surface due to the increasing levels of greenhouse gases in the atmosphere. The primary cause of climate change is the emission of carbon dioxide (CO2) and other greenhouse gases, such as methane (CH4) and nitrous oxide (N2O), which trap heat and lead to a rise in global temperatures.

The relationship between green manufacturing and climate change is as follows:

1. **Greenhouse gas emissions**: Manufacturing processes, such as energy consumption, transportation, and material extraction, contribute to greenhouse gas emissions. These emissions are a significant contributor to climate change.
2. **Resource depletion**: The extraction and processing of raw materials for manufacturing can lead to resource depletion, habitat destruction, and water pollution, exacerbating climate change impacts.
3. **Waste generation**: Manufacturing activities generate waste, including hazardous materials, which can contribute to climate change through the production of methane and other potent greenhouse gases.
4. **Energy consumption**: Manufacturing processes require significant amounts of energy, often generated from fossil fuels, which contribute to greenhouse gas emissions.

To mitigate climate change, green manufacturing practices focus on:

1. **Renewable energy sources**: Transitioning to renewable energy sources, such as solar, wind, and hydroelectric power, to reduce dependence on fossil fuels.
2. **Energy efficiency**: Implementing energy-efficient technologies and practices to minimize energy consumption.
3. **Sustainable materials**: Using sustainable materials, such as recycled materials, bioplastics, and low-carbon materials, to reduce resource depletion and waste generation.
4. **Waste reduction and management**: Implementing waste reduction and management strategies, including recycling, reuse, and proper disposal of hazardous materials.
5. **Supply chain management**: Encouraging sustainable practices throughout the supply chain, including sourcing materials from environmentally responsible suppliers.

By adopting green manufacturing practices, industries can reduce their environmental impact, mitigate climate change, and contribute to a more sustainable future.",0.0,0.0,0.0,4031,2559,-1472,22.851718261857428,22.77312955393638,-0.07858870792104966
Wastewater Treatment and Valorization,0.6,0.8,0.8,0.6,0.8,0.8,0.4,0.8,0.8,0.8,0.6,climate action,"Wastewater treatment and valorization is a process that involves the treatment of wastewater to remove contaminants and pollutants, and then converting the treated wastewater into valuable products or energy. The goal of wastewater treatment and valorization is to minimize the environmental impact of wastewater discharge, while also generating revenue and creating economic benefits.

**Wastewater Treatment:**

The first step in wastewater treatment and valorization is to treat the wastewater to remove contaminants and pollutants. This involves a series of physical, chemical, and biological processes to break down and remove organic and inorganic pollutants, pathogens, and other contaminants. The treatment process typically includes:

1. Primary treatment: Physical removal of large particles and debris.
2. Secondary treatment: Biological removal of organic matter using microorganisms.
3. Tertiary treatment: Additional physical, chemical, or biological processes to remove remaining pollutants.

**Wastewater Valorization:**

After the wastewater has been treated, it can be valorized, or converted into valuable products or energy. This can include:

1. **Energy production:** Anaerobic digestion of wastewater to produce biogas (a mixture of methane and carbon dioxide), which can be used to generate electricity or heat.
2. **Water reuse:** Treated wastewater can be reused for non-potable purposes, such as irrigation, toilet flushing, or industrial processes.
3. **Product recovery:** Valuable products can be recovered from the treated wastewater, such as:
	* Nutrients (e.g., nitrogen, phosphorus) for agricultural use.
	* Clean water for reuse in industrial processes.
	* Bioactive compounds (e.g., enzymes, biopolymers) for use in various industries.
4. **Carbon sequestration:** Wastewater treatment and valorization can also involve the capture and utilization of carbon dioxide, which can be used to produce fuels, chemicals, or other products.

**Benefits of Wastewater Treatment and Valorization:**

The benefits of wastewater treatment and valorization include:

1. **Environmental protection:** Reduced wastewater discharge and pollution.
2. **Energy savings:** Generation of renewable energy from wastewater.
3. **Water conservation:** Reuse of treated wastewater for non-potable purposes.
4. **Economic benefits:** Creation of new revenue streams through product recovery and energy sales.
5. **Job creation:** Opportunities for employment in the wastewater treatment and valorization industry.

**Challenges and Future Directions:**

While wastewater treatment and valorization offer many benefits, there are also challenges to be addressed, such as:

1. **Cost:** High capital and operating costs associated with wastewater treatment and valorization.
2. **Regulatory frameworks:** Need for updated regulations and policies to support wastewater treatment and valorization.
3. **Public acceptance:** Education and awareness campaigns to promote the benefits of wastewater treatment and valorization.
4. **Technological advancements:** Continued research and development to improve efficiency, effectiveness, and cost-effectiveness of wastewater treatment and valorization processes.

Overall, wastewater treatment and valorization is a critical component of sustainable water management, and its implementation can have significant environmental, economic, and social benefits.",,3.0,4.0,3.0,3409,0.0,13.41,0.0,"Wastewater treatment and valorization refer to the processes and technologies used to treat wastewater, which is water that has been contaminated with pollutants, and to recover valuable resources from it.

**Wastewater Treatment:**

Wastewater treatment is the process of removing contaminants and pollutants from wastewater to make it safe for discharge into the environment or reuse. The treatment process typically involves several stages, including:

1. Physical removal of large particles and debris
2. Chemical treatment to remove dissolved pollutants
3. Biological treatment to break down organic matter
4. Sludge treatment to remove excess solids

The goal of wastewater treatment is to meet regulatory standards for water quality and to protect public health and the environment.

**Valorization:**

Valorization refers to the process of converting wastewater into valuable products or resources. This can include:

1. Energy production: Wastewater can be treated to produce biogas, which can be used to generate electricity or heat.
2. Water reuse: Treated wastewater can be reused for non-potable purposes, such as irrigation or toilet flushing.
3. Nutrient recovery: Wastewater can be treated to recover nutrients, such as nitrogen and phosphorus, which can be used as fertilizers.
4. Sludge management: Excess solids from wastewater treatment can be converted into valuable products, such as compost or biofuels.

**Technologies and Processes:**

Several technologies and processes are used in wastewater treatment and valorization, including:

1. Activated sludge process
2. Membrane bioreactors
3. Anaerobic digestion
4. Advanced oxidation processes
5. Biological nutrient removal

**Benefits and Challenges:**

The benefits of wastewater treatment and valorization include:

1. Protection of public health and the environment
2. Conservation of water resources
3. Recovery of valuable resources
4. Reduction of greenhouse gas emissions

However, there are also challenges associated with wastewater treatment and valorization, including:

1. High capital and operating costs
2. Complexity of treatment processes
3. Limited public awareness and acceptance
4. Regulatory frameworks and policies that may not support valorization efforts.

Overall, wastewater treatment and valorization are critical components of sustainable water management and resource recovery, and ongoing research and development are needed to improve the efficiency and effectiveness of these processes.",0.0,0.0,0.0,3409,2491,-918,20.263325808878857,17.544013212221305,-2.719312596657552
"Resilient WASH (Water, Sanitation, and Hygiene) Systems",0.6,0.8,0.8,0.6,0.8,0.8,0.4,0.8,0.8,0.8,0.6,climate action,"Resilient WASH (Water, Sanitation, and Hygiene) systems refer to the design, implementation, and management of water, sanitation, and hygiene services that can withstand and recover from various types of shocks and stresses, such as natural disasters, economic crises, or conflicts. The goal of resilient WASH systems is to ensure that communities have access to safe and reliable water, sanitation, and hygiene services, even in the face of adversity.

Resilient WASH systems are characterized by several key features:

1. **Flexibility and adaptability**: The system can adjust to changing circumstances, such as shifts in water availability or changes in population needs.
2. **Robustness**: The system can withstand and recover from shocks and stresses, such as natural disasters or economic crises.
3. **Scalability**: The system can expand or contract in response to changes in population or water demand.
4. **Sustainability**: The system is managed and maintained in a way that ensures its long-term viability and effectiveness.
5. **Community engagement and participation**: The system is designed and managed in collaboration with the community, ensuring that their needs and priorities are taken into account.

Some key components of resilient WASH systems include:

1. **Decentralized water management**: Water management systems that are decentralized and managed at the community or household level, reducing reliance on centralized infrastructure.
2. **Water storage and treatment**: Systems that allow for water storage and treatment at the community or household level, reducing the risk of waterborne diseases.
3. **Sanitation and hygiene infrastructure**: Infrastructure that is designed to be resilient and can withstand various types of shocks and stresses, such as latrines, septic tanks, and handwashing facilities.
4. **Community-based maintenance**: Systems that rely on community-based maintenance and repair, reducing the need for external support and expertise.
5. **Climate-resilient design**: Systems that are designed to be resilient to climate-related shocks and stresses, such as droughts or floods.

The benefits of resilient WASH systems include:

1. **Improved health outcomes**: Resilient WASH systems can reduce the risk of waterborne diseases and improve overall health outcomes.
2. **Increased economic productivity**: Resilient WASH systems can support economic productivity by providing a reliable and safe water supply.
3. **Enhanced community resilience**: Resilient WASH systems can contribute to community resilience by providing a critical service that is essential for human well-being.
4. **Reduced vulnerability**: Resilient WASH systems can reduce vulnerability to shocks and stresses, such as natural disasters or economic crises.

Overall, resilient WASH systems are essential for ensuring that communities have access to safe and reliable water, sanitation, and hygiene services, even in the face of adversity.",,4.0,4.0,4.0,2964,0.0,13.43,0.0,"Resilient WASH (Water, Sanitation, and Hygiene) Systems refer to water, sanitation, and hygiene infrastructure and services that are designed to withstand and recover from disruptions, such as natural disasters, conflicts, or economic shocks.

The concept of resilience in WASH systems is based on the idea that these systems should be able to maintain their functionality and provide essential services to communities even in the face of adversity. This involves designing and implementing WASH systems that are adaptable, flexible, and able to recover quickly from disruptions.

Key characteristics of resilient WASH systems include:

1. **Diversification**: Having multiple sources of water supply, sanitation facilities, and hygiene services to reduce dependence on a single point of failure.
2. **Redundancy**: Having backup systems or alternative infrastructure to ensure continuity of services in case of disruption.
3. **Flexibility**: Designing systems that can be easily modified or adapted to changing circumstances.
4. **Maintenance and repair**: Regular maintenance and repair of infrastructure to prevent breakdowns and ensure prompt recovery.
5. **Community engagement**: Involving communities in the design, implementation, and maintenance of WASH systems to ensure their needs and capacities are taken into account.
6. **Climate resilience**: Designing systems that can withstand and adapt to climate-related hazards, such as floods, droughts, and heatwaves.
7. **Financial sustainability**: Ensuring that WASH systems are financially sustainable and can recover from disruptions without relying on external aid.

Resilient WASH systems can be achieved through various strategies, including:

1. **Investing in infrastructure**: Building robust and adaptable infrastructure that can withstand disruptions.
2. **Implementing maintenance and repair programs**: Regularly maintaining and repairing infrastructure to prevent breakdowns.
3. **Developing emergency response plans**: Establishing plans and procedures for responding to disruptions and restoring services.
4. **Promoting community engagement and participation**: Involving communities in the design, implementation, and maintenance of WASH systems.
5. **Providing training and capacity-building**: Building the skills and knowledge of WASH professionals and community members to ensure they can respond to disruptions.

By designing and implementing resilient WASH systems, communities can reduce their vulnerability to disruptions and ensure continued access to essential water, sanitation, and hygiene services.",0.0,0.0,0.0,2964,2589,-375,18.98200956937799,20.683446712018142,1.7014371426401524
Integrative and Holistic Medicine,0.8,0.8,0.8,0.6,0.8,0.8,0.8,0.8,0.8,0.8,0.6,good health and well-being,"A wonderful topic! Integrative and Holistic Medicine is a comprehensive approach to healthcare that combines conventional Western medicine with evidence-based complementary therapies, emphasizing the interconnectedness of physical, emotional, mental, and spiritual well-being.

**Key Principles:**

1. **Holism**: Recognizing that the body, mind, and spirit are interconnected and that health is a state of balance and harmony among these aspects.
2. **Comprehensive**: Addressing the whole person, not just the symptoms or disease.
3. **Integration**: Combining conventional Western medicine with evidence-based complementary therapies, such as acupuncture, herbal medicine, mind-body therapies, and nutrition.
4. **Patient-centered**: Focusing on the individual's unique needs, values, and experiences.
5. **Preventive**: Emphasizing prevention and early intervention to maintain health and well-being.

**Complementary Therapies:**

1. **Acupuncture**: A traditional Chinese medicine technique that involves inserting fine needles into specific points on the body to restore balance and promote healing.
2. **Herbal Medicine**: Using plants and plant extracts to promote health and prevent disease.
3. **Mind-Body Therapies**: Techniques such as meditation, yoga, and deep breathing to reduce stress and promote relaxation.
4. **Nutrition**: Focusing on whole, nutrient-dense foods to support optimal health.
5. **Massage Therapy**: Manipulating soft tissues to promote relaxation, reduce pain, and improve circulation.
6. **Mindfulness-Based Therapies**: Practices such as mindfulness meditation and cognitive-behavioral therapy to promote mental well-being.
7. **Energy Medicine**: Techniques such as Reiki and qigong to balance and harmonize the body's energy.

**Benefits:**

1. **Improved patient outcomes**: Integrative and holistic medicine can lead to better health outcomes, reduced symptoms, and improved quality of life.
2. **Increased patient satisfaction**: Patients often report higher satisfaction with their care when it is comprehensive and addresses their whole person.
3. **Reduced healthcare costs**: Preventive and early interventions can reduce the need for costly medical procedures and hospitalizations.
4. **Enhanced well-being**: Integrative and holistic medicine can promote overall well-being, including emotional, mental, and spiritual health.

**Challenges and Limitations:**

1. **Lack of standardization**: Integrative and holistic medicine practices can vary widely, making it challenging to establish standards and ensure quality care.
2. **Limited scientific evidence**: While some complementary therapies have been studied, more research is needed to fully understand their effectiveness and safety.
3. **Integration with conventional medicine**: Integrative and holistic medicine may not always be accepted or integrated into conventional medical practice, which can create challenges for patients and healthcare providers.

Overall, Integrative and Holistic Medicine offers a comprehensive and patient-centered approach to healthcare, combining the best of conventional Western medicine with evidence-based complementary therapies to promote optimal health and well-being.",,4.0,4.0,4.0,3213,0.8986608386039734,12.82,0.0,"Integrative and Holistic Medicine refers to a medical approach that combines conventional Western medicine with evidence-based complementary therapies and practices. This approach aims to treat the whole person - physical, emotional, and spiritual - rather than just the symptoms of a disease.

The term ""integrative"" refers to the integration of conventional medicine with complementary therapies, such as acupuncture, herbal medicine, and mind-body therapies. This approach seeks to combine the best of both worlds, leveraging the strengths of conventional medicine while also incorporating the benefits of complementary therapies.

Holistic medicine, on the other hand, focuses on treating the individual as a whole, considering the interconnectedness of physical, emotional, and spiritual aspects of a person's health. This approach recognizes that health and disease are influenced by a complex interplay of factors, including lifestyle, environment, and social determinants.

Key principles of Integrative and Holistic Medicine include:

1. **Patient-centered care**: The patient is seen as an active participant in their healthcare, with a focus on empowering them to take control of their health.
2. **Comprehensive diagnosis**: A thorough assessment of the patient's physical, emotional, and spiritual health is conducted to identify underlying causes of illness.
3. **Multidisciplinary approach**: Conventional medicine is combined with complementary therapies, such as acupuncture, herbal medicine, and mind-body therapies, to create a personalized treatment plan.
4. **Preventive care**: Emphasis is placed on preventing illness through lifestyle modifications, nutrition, and stress management.
5. **Collaboration**: Healthcare providers from different disciplines work together to provide comprehensive care.

Some of the therapies and practices commonly used in Integrative and Holistic Medicine include:

* Acupuncture
* Herbal medicine
* Mind-body therapies (e.g., meditation, yoga, tai chi)
* Nutrition and dietary counseling
* Massage therapy
* Energy medicine (e.g., Reiki, qigong)
* Homeopathy

While some proponents of Integrative and Holistic Medicine claim that it can be more effective than conventional medicine in certain cases, there is limited scientific evidence to support these claims. More research is needed to fully understand the benefits and limitations of this approach.",0.8986608386039734,0.0,-0.8986608386039734,3213,2408,-805,18.573339853300734,19.72701863354037,1.1536787802396375
Electric Vehicles (EVs) and the Energy Transition,0.8,0.8,0.8,0.6,0.8,0.8,0.8,0.8,0.8,0.8,0.6,climate action,"The transition to electric vehicles (EVs) is a crucial aspect of the global energy transition, which aims to reduce greenhouse gas emissions and mitigate climate change. Here's a comprehensive overview:

**What is the Energy Transition?**

The energy transition refers to the shift from fossil fuels (coal, oil, and gas) to cleaner, more sustainable energy sources, such as solar, wind, hydro, and geothermal power. This transition is driven by the need to reduce greenhouse gas emissions, which are primarily responsible for climate change.

**What are Electric Vehicles (EVs)?**

Electric vehicles are vehicles that are powered by electric motors, which are powered by batteries charged from an external power source, such as a wall socket or a charging station. EVs are also known as electric cars, plug-in hybrids, or battery electric vehicles (BEVs).

**Benefits of Electric Vehicles:**

1. **Zero Emissions**: EVs produce no tailpipe emissions, reducing air pollution and greenhouse gas emissions.
2. **Lower Operating Costs**: EVs are generally cheaper to run, with lower fuel costs (electricity is often less expensive than gasoline) and lower maintenance costs (fewer moving parts means less wear and tear).
3. **Improved Performance**: EVs have excellent acceleration and a smooth, quiet ride.
4. **Government Incentives**: Many governments offer tax credits, rebates, or other incentives to encourage the adoption of EVs.

**Types of Electric Vehicles:**

1. **Battery Electric Vehicles (BEVs)**: These vehicles are powered solely by a battery and have no internal combustion engine.
2. **Plug-in Hybrid Electric Vehicles (PHEVs)**: These vehicles have a battery and an internal combustion engine, which can be used for extended periods of time.
3. **Hybrid Electric Vehicles (HEVs)**: These vehicles have a battery and an internal combustion engine, but the engine is always running and the battery is used to assist the engine.

**The Role of Electric Vehicles in the Energy Transition:**

1. **Reducing Emissions**: EVs can significantly reduce greenhouse gas emissions, especially in urban areas where air pollution is a major concern.
2. **Increasing Energy Efficiency**: EVs can improve energy efficiency by using electricity to power vehicles, which is often generated from renewable sources.
3. **Supporting Grid Decarbonization**: As the number of EVs on the road increases, it can help to reduce the demand for fossil fuels and support the transition to a low-carbon grid.
4. **Enabling the Growth of Renewable Energy**: The growth of EVs can create new opportunities for renewable energy sources, such as solar and wind power, to become more integrated into the energy mix.

**Challenges and Opportunities:**

1. **Infrastructure Development**: The widespread adoption of EVs requires the development of a comprehensive charging infrastructure.
2. **Battery Technology**: Improving battery technology is crucial to increase the range and reduce the cost of EVs.
3. **Grid Capacity**: The increased demand for electricity from EVs can put pressure on the grid, requiring upgrades and investments in infrastructure.
4. **Policy and Regulation**: Governments can play a crucial role in promoting the adoption of EVs through policies, incentives, and regulations.

In conclusion, the transition to electric vehicles is a critical aspect of the global energy transition, offering numerous benefits, including reduced emissions, improved energy efficiency, and increased energy security. While there are challenges to be addressed, the opportunities presented by EVs are significant, and their growth can help to drive the transition to a low-carbon, sustainable energy future.",,4.0,4.0,4.0,3693,0.7288822531700134,12.79,0.0,"The concept of Electric Vehicles (EVs) and the Energy Transition refers to the shift from traditional internal combustion engine vehicles to electric vehicles, which are powered by electricity from external sources. This transition is driven by various factors, including environmental concerns, energy efficiency, and technological advancements.

**Definition of Electric Vehicles (EVs):**

Electric Vehicles are vehicles that are powered by one or more electric motors, using electrical energy stored in a battery or other energy storage device. EVs can be charged from an external power source, such as a wall socket or charging station, and can be powered by a variety of energy sources, including electricity generated from fossil fuels, nuclear power, or renewable energy sources like solar or wind power.

**Key Components of EVs:**

1. **Battery:** EVs are equipped with a battery pack that stores electrical energy, which powers the vehicle's electric motor.
2. **Electric Motor:** The electric motor converts electrical energy from the battery into mechanical energy, propelling the vehicle.
3. **Charging System:** EVs have a charging system that allows them to be recharged from an external power source.

**Energy Transition:**

The Energy Transition refers to the shift from traditional energy sources, such as fossil fuels, to renewable energy sources, such as solar and wind power. This transition is driven by various factors, including:

1. **Environmental Concerns:** The increasing awareness of climate change and air pollution has led to a growing demand for cleaner and more sustainable energy sources.
2. **Energy Efficiency:** EVs are generally more energy-efficient than traditional internal combustion engine vehicles, converting about 60-70% of the electrical energy from the grid to power the wheels, compared to 20% for gasoline-powered vehicles.
3. **Technological Advancements:** Improvements in battery technology and charging infrastructure have made EVs more viable and appealing to consumers.

**Benefits of EVs and the Energy Transition:**

1. **Reduced Greenhouse Gas Emissions:** EVs produce zero tailpipe emissions, reducing greenhouse gas emissions and air pollution in urban areas.
2. **Improved Energy Efficiency:** EVs are generally more energy-efficient than traditional vehicles, reducing energy consumption and greenhouse gas emissions.
3. **Increased Energy Security:** The Energy Transition can reduce dependence on fossil fuels, improving energy security and reducing the impact of price volatility.

**Challenges and Limitations:**

1. **Infrastructure:** The widespread adoption of EVs requires the development of a comprehensive charging infrastructure, which can be a significant investment.
2. **Battery Technology:** The development of more efficient and cost-effective battery technology is essential for the widespread adoption of EVs.
3. **Energy Storage:** The integration of renewable energy sources into the grid requires advanced energy storage technologies to ensure a stable and reliable energy supply.

In conclusion, the concept of Electric Vehicles and the Energy Transition is a complex and multifaceted phenomenon, driven by various factors, including environmental concerns, energy efficiency, and technological advancements. While there are benefits to the transition, such as reduced greenhouse gas emissions and improved energy efficiency, there are also challenges and limitations, including infrastructure development, battery technology, and energy storage.",0.7288822531700134,0.0,-0.7288822531700134,3693,3533,-160,18.427916120576672,22.306951208713365,3.8790350881366926
Climate Finance for Small and Renewable Energy Enterprises,0.6,0.8,0.8,0.6,0.8,0.8,0.6,0.8,0.8,0.8,0.6,climate action,"""Climate Finance for Small and Renewable Energy Enterprises"" refers to the provision of financial resources to small and medium-sized enterprises (SMEs) that are engaged in renewable energy and other climate-related activities. These enterprises play a crucial role in the transition to a low-carbon economy, as they can help reduce greenhouse gas emissions, promote energy efficiency, and support the development of renewable energy sources.

The concept of climate finance for small and renewable energy enterprises involves providing access to financial resources, such as loans, grants, and equity investments, to support the growth and development of these businesses. This can include:

1. **Green loans**: Specialized loans that are specifically designed for renewable energy and climate-related projects.
2. **Grants**: Non-repayable funds that can be used to support the development of small and renewable energy enterprises.
3. **Equity investments**: Investments in the form of shares or ownership stakes in small and renewable energy enterprises.
4. **Crowdfunding**: Platforms that allow individuals to invest small amounts of money in renewable energy and climate-related projects.
5. **Impact investing**: Investments that are made with the intention of generating both financial returns and positive social or environmental impact.

The goals of climate finance for small and renewable energy enterprises include:

1. **Promoting the growth and development** of small and renewable energy enterprises, which can help reduce greenhouse gas emissions and promote energy efficiency.
2. **Supporting the transition** to a low-carbon economy by providing access to financial resources for climate-related projects.
3. **Encouraging innovation** and the development of new technologies and business models in the renewable energy and climate sectors.
4. **Creating jobs** and stimulating economic growth in the renewable energy and climate sectors.

Some of the key benefits of climate finance for small and renewable energy enterprises include:

1. **Increased access to finance**: Small and renewable energy enterprises can access financial resources that they may not have been able to access otherwise.
2. **Improved competitiveness**: Small and renewable energy enterprises can become more competitive in the market by accessing financial resources that can help them grow and develop.
3. **Job creation**: Climate finance for small and renewable energy enterprises can lead to the creation of new jobs and economic growth in the sector.
4. **Reduced greenhouse gas emissions**: By supporting the growth and development of small and renewable energy enterprises, climate finance can help reduce greenhouse gas emissions and promote a low-carbon economy.

Examples of organizations that provide climate finance for small and renewable energy enterprises include:

1. **The Green Climate Fund (GCF)**: A global fund that provides financing for climate-related projects, including those related to renewable energy and energy efficiency.
2. **The European Investment Bank (EIB)**: A European bank that provides financing for climate-related projects, including those related to renewable energy and energy efficiency.
3. **The Clean Energy Finance Corporation (CEFC)**: An Australian organization that provides financing for clean energy projects, including those related to renewable energy and energy efficiency.
4. **The Small and Medium Enterprise (SME) Finance Facility**: A global facility that provides financing for SMEs, including those in the renewable energy and climate sectors.",,4.0,4.0,4.0,3602,0.0,12.73,0.0,"Climate finance for small and renewable energy enterprises refers to the provision of financial resources to support the development and operation of small-scale renewable energy projects and enterprises. These enterprises often face challenges in accessing traditional financing channels due to their size, risk profile, or lack of collateral.

**Definition:**

Climate finance for small and renewable energy enterprises typically involves the provision of financial instruments, such as grants, loans, equity investments, or guarantees, to support the development of renewable energy projects, including solar, wind, hydro, and geothermal energy. These financial instruments can be provided by governments, international organizations, development banks, or private sector entities.

**Objectives:**

The primary objectives of climate finance for small and renewable energy enterprises are to:

1. **Promote the development of renewable energy**: By providing financial support, these enterprises can develop and operate renewable energy projects, contributing to the transition to a low-carbon economy.
2. **Address energy access and poverty**: Small and renewable energy enterprises can provide energy access to remote or underserved communities, improving living standards and economic opportunities.
3. **Support sustainable development**: Climate finance for small and renewable energy enterprises can contribute to the achievement of the United Nations' Sustainable Development Goals (SDGs), particularly SDG 7 (Affordable and Clean Energy) and SDG 13 (Climate Action).

**Mechanisms:**

Climate finance for small and renewable energy enterprises can be delivered through various mechanisms, including:

1. **Grants**: Non-repayable financial assistance provided by governments, international organizations, or private sector entities.
2. **Loans**: Repayable financial assistance provided by financial institutions, often with favorable interest rates or terms.
3. **Equity investments**: Investments in small and renewable energy enterprises in exchange for ownership or equity.
4. **Guarantees**: Financial guarantees provided by governments or international organizations to reduce the risk of lending to small and renewable energy enterprises.

**Examples:**

Examples of climate finance initiatives for small and renewable energy enterprises include:

1. The Green Climate Fund (GCF), which provides grants and loans to support the development of renewable energy projects in developing countries.
2. The European Union's (EU) Horizon 2020 program, which provides funding for research and development of renewable energy technologies.
3. The African Development Bank's (AfDB) Renewable Energy Fund, which provides financing for small and renewable energy projects in Africa.

**Challenges:**

Despite the importance of climate finance for small and renewable energy enterprises, several challenges persist, including:

1. **Limited access to finance**: Small and renewable energy enterprises often face difficulties in accessing traditional financing channels.
2. **High transaction costs**: The process of accessing climate finance can be complex and costly.
3. **Risk perception**: Lenders and investors may perceive small and renewable energy enterprises as high-risk due to their size, lack of collateral, or limited track record.

Overall, climate finance for small and renewable energy enterprises is a critical component of the global effort to transition to a low-carbon economy and achieve sustainable development.",0.0,0.0,0.0,3602,3537,-65,21.695013123359583,24.29013539651838,2.595122273158797
Transportation Electrification and Autonomy,0.8,0.8,0.8,0.6,0.8,0.8,0.8,0.8,0.8,0.8,0.6,climate action,"""Transportation Electrification and Autonomy"" refers to the convergence of two significant trends in the transportation industry: the shift towards electric vehicles (EVs) and the increasing adoption of autonomous driving technologies. This concept has far-reaching implications for the way people and goods move around, and it's transforming the transportation landscape in several ways.

**Transportation Electrification:**

Transportation electrification refers to the transition from traditional internal combustion engine (ICE) vehicles to electric vehicles (EVs) powered by batteries. This shift is driven by several factors, including:

1. **Environmental concerns**: EVs produce zero tailpipe emissions, reducing greenhouse gas emissions and air pollution in urban areas.
2. **Energy efficiency**: EVs convert about 60-70% of the electrical energy from the grid to power the wheels, while ICE vehicles only convert about 20% of the energy in gasoline to power the wheels.
3. **Government incentives**: Many governments offer tax credits, rebates, and other incentives to encourage the adoption of EVs.
4. **Technological advancements**: Improvements in battery technology have increased the range and reduced the cost of EVs, making them more appealing to consumers.

**Autonomous Driving:**

Autonomous driving, also known as self-driving or driverless technology, refers to the development of vehicles that can operate without human input. This technology uses a combination of sensors, GPS, and artificial intelligence (AI) to navigate roads and make decisions in real-time.

**Convergence of Transportation Electrification and Autonomy:**

The convergence of transportation electrification and autonomy is creating a new paradigm in the transportation industry. As EVs become more prevalent, the need for charging infrastructure and the integration of autonomous driving technologies become more pressing. This convergence is driving innovation in several areas:

1. **Smart charging**: The integration of EVs with autonomous driving technology enables the development of smart charging systems that can optimize energy consumption and reduce strain on the grid.
2. **Autonomous charging**: Autonomous vehicles can charge themselves, eliminating the need for human intervention and reducing the risk of accidents.
3. **Vehicle-to-Grid (V2G)**: EVs can act as energy storage devices, feeding excess energy back into the grid when not in use, and helping to stabilize the grid.
4. **Increased safety**: Autonomous vehicles can detect and respond to hazards more quickly and accurately than human drivers, reducing the risk of accidents.
5. **Improved mobility**: Autonomous EVs can provide transportation for the elderly, disabled, and those who cannot drive themselves, enhancing mobility and quality of life.

**Challenges and Opportunities:**

While the convergence of transportation electrification and autonomy presents many opportunities, it also poses several challenges, including:

1. **Infrastructure development**: The need for widespread charging infrastructure and the integration of autonomous driving technology into existing transportation systems.
2. **Regulatory frameworks**: Governments must create and update regulations to accommodate the changing transportation landscape.
3. **Cybersecurity**: The increased reliance on technology in transportation systems creates new cybersecurity risks.
4. **Public acceptance**: Gaining public trust and acceptance of autonomous vehicles and EVs will be crucial for widespread adoption.

In summary, transportation electrification and autonomy are converging to create a new era in transportation, with significant implications for the environment, energy efficiency, and public safety. While challenges exist, the opportunities for innovation, improved mobility, and reduced emissions make this convergence an exciting and promising development.",,4.0,4.0,4.0,3917,0.8079251646995544,14.5,0.0,"Transportation Electrification and Autonomy refer to the convergence of two technological trends in the transportation sector: the transition from internal combustion engines to electric propulsion and the development of autonomous driving capabilities.

**Transportation Electrification:**

Transportation Electrification involves the replacement of traditional internal combustion engines with electric motors in vehicles. This shift is driven by several factors, including:

1. **Environmental concerns:** Electric vehicles (EVs) produce zero tailpipe emissions, reducing greenhouse gas emissions and air pollution in urban areas.
2. **Energy efficiency:** Electric motors are generally more efficient than internal combustion engines, converting a higher percentage of electrical energy into kinetic energy.
3. **Government regulations:** Many governments have implemented policies to encourage the adoption of EVs, such as tax incentives, subsidies, and emissions regulations.

**Autonomous Driving:**

Autonomous driving refers to the use of advanced technologies, such as sensors, software, and artificial intelligence, to enable vehicles to operate without human input. This trend is driven by:

1. **Safety improvements:** Autonomous vehicles can detect and respond to hazards more quickly and accurately than human drivers, reducing the risk of accidents.
2. **Increased mobility:** Autonomous vehicles can provide transportation for people who are unable to drive themselves, such as the elderly or those with disabilities.
3. **Improved traffic flow:** Autonomous vehicles can optimize traffic flow and reduce congestion by smoothing acceleration and braking.

**Convergence of Electrification and Autonomy:**

The convergence of Transportation Electrification and Autonomy is driven by several factors, including:

1. **Shared benefits:** Both electrification and autonomy can improve safety, reduce emissions, and increase mobility.
2. **Technological synergies:** Electric vehicles are more suitable for autonomous driving, as they require less complex and heavy mechanical systems.
3. **Economies of scale:** The development of autonomous driving technologies can be accelerated by the widespread adoption of electric vehicles.

**Key Players and Developments:**

Several companies, including Tesla, Waymo, and General Motors, are actively developing and deploying Transportation Electrification and Autonomy technologies. Governments and regulatory bodies are also playing a crucial role in shaping the development and adoption of these technologies.

**Challenges and Limitations:**

While Transportation Electrification and Autonomy hold significant promise, several challenges and limitations remain, including:

1. **Infrastructure development:** The widespread adoption of EVs and autonomous vehicles requires significant investments in charging infrastructure and communication networks.
2. **Regulatory frameworks:** Governments must establish clear regulations and standards for the development and deployment of autonomous vehicles.
3. **Public acceptance:** The adoption of autonomous vehicles will depend on public acceptance and trust in the technology.

Overall, Transportation Electrification and Autonomy represent a significant shift in the transportation sector, driven by technological advancements, environmental concerns, and economic incentives.",0.8079251646995544,0.0,-0.8079251646995544,3917,3383,-534,21.42857142857143,23.22031083670428,1.7917394081328482
Global South Initiatives for Climate Justice,0.6,0.8,0.8,0.6,0.8,0.8,0.8,0.8,0.8,0.8,0.6,climate action,"""Global South Initiatives for Climate Justice"" refers to a collective effort by countries and communities in the Global South (a term used to describe countries in Africa, Asia, Latin America, and the Caribbean) to address the impacts of climate change and advocate for climate justice. The Global South is disproportionately affected by climate change due to various factors, including:

1.  **Vulnerability to climate-related disasters**: Many countries in the Global South are prone to natural disasters such as hurricanes, floods, droughts, and heatwaves, which are exacerbated by climate change.
2.  **Limited economic resources**: The Global South often lacks the financial resources to invest in climate change mitigation and adaptation measures, making them more vulnerable to climate-related impacts.
3.  **Historical responsibility**: The Global North (developed countries) have historically contributed more to greenhouse gas emissions, making them responsible for a significant portion of the climate crisis.
4.  **Social and economic inequality**: The Global South often faces significant social and economic inequalities, which are further exacerbated by climate change.

In response to these challenges, the Global South has initiated various initiatives to promote climate justice and advocate for the rights of vulnerable communities. Some key initiatives include:

1.  **The African Climate Foundation**: A pan-African organization that works to promote climate action and sustainable development across the continent.
2.  **The Climate Justice Now! Network**: A global network of organizations and individuals working to promote climate justice and advocate for the rights of vulnerable communities.
3.  **The Global South Climate Justice Network**: A network of organizations and individuals working to promote climate justice and advocate for the rights of vulnerable communities in the Global South.
4.  **The Climate Action Network (CAN)**: A global network of organizations working to promote climate action and advocate for the rights of vulnerable communities.

These initiatives aim to promote climate justice by:

1.  **Advocating for climate policies**: Global South initiatives advocate for climate policies that prioritize the needs and rights of vulnerable communities.
2.  **Promoting climate action**: Global South initiatives promote climate action and sustainable development across the region.
3.  **Supporting climate resilience**: Global South initiatives support climate resilience and adaptation efforts in vulnerable communities.
4.  **Advocating for climate justice**: Global South initiatives advocate for climate justice and the rights of vulnerable communities.

The Global South Initiatives for Climate Justice are critical in promoting climate justice and advocating for the rights of vulnerable communities. By working together, we can create a more just and equitable world for all.",,4.0,4.0,4.0,2932,0.8098949193954468,13.17,0.0,"Global South Initiatives for Climate Justice refer to a collection of efforts and movements aimed at addressing the impacts of climate change on developing countries and low-income communities. These initiatives often focus on promoting climate justice, which is defined as the fair distribution of the costs and benefits of climate change mitigation and adaptation efforts.

The Global South, comprising countries in Africa, Asia, Latin America, and the Caribbean, is disproportionately affected by climate change due to various factors, including:

1. Vulnerability: Developing countries often lack the resources and infrastructure to adapt to climate-related disasters and changes.
2. Historical responsibility: The Global North, particularly the United States and European countries, have historically contributed significantly to greenhouse gas emissions, which are now affecting the Global South.
3. Economic inequality: The Global South often bears the brunt of climate-related economic losses, while the Global North benefits from the exploitation of natural resources and cheap labor.

Initiatives for Climate Justice in the Global South aim to address these issues through various strategies, including:

1. Climate change mitigation: Efforts to reduce greenhouse gas emissions and transition to renewable energy sources.
2. Climate change adaptation: Strategies to help communities adapt to the impacts of climate change, such as sea-level rise, droughts, and extreme weather events.
3. Climate finance: Advocacy for increased funding and support from the Global North to help developing countries address climate change.
4. Climate governance: Initiatives to strengthen climate governance and ensure that the needs and concerns of the Global South are represented in international climate negotiations.

Examples of Global South Initiatives for Climate Justice include:

1. The African Climate Policy Centre (ACPC), which provides technical assistance and capacity-building support to African countries on climate change policy and governance.
2. The Climate Justice and Energy (CJE) program, which works with communities in the Global South to promote renewable energy and energy access.
3. The Global South Climate Justice Network (GSCJN), which brings together civil society organizations and activists from the Global South to advocate for climate justice.

These initiatives often involve collaboration between governments, civil society organizations, and international institutions to address the complex challenges of climate change in the Global South.",0.8098949193954468,0.0,-0.8098949193954468,2932,2573,-359,17.96800982800983,18.891434540389973,0.9234247123801431
Renewable Energy Mix Optimization,0.6,0.8,0.8,0.6,0.8,0.8,0.6,0.8,0.8,0.8,0.6,climate action,"Renewable Energy Mix Optimization (REMO) is a process used to determine the optimal combination of different renewable energy sources (e.g., solar, wind, hydro, geothermal, biomass) to meet a given energy demand. The goal of REMO is to minimize the cost of energy production while ensuring a reliable and sustainable energy supply.

The REMO process typically involves the following steps:

1. **Energy demand analysis**: Identify the energy demand of the region or system, including the amount of electricity, heat, and other forms of energy required.
2. **Renewable energy resource assessment**: Evaluate the availability and potential of various renewable energy sources in the region, including their technical and economic feasibility.
3. **Cost analysis**: Calculate the costs associated with each renewable energy source, including the capital costs, operating and maintenance costs, and any other relevant expenses.
4. **Technical analysis**: Assess the technical feasibility of each renewable energy source, including their capacity factors, reliability, and any potential technical limitations.
5. **Optimization algorithm**: Apply an optimization algorithm to determine the optimal mix of renewable energy sources that meets the energy demand while minimizing costs.
6. **Sensitivity analysis**: Perform sensitivity analysis to evaluate the impact of changes in energy demand, renewable energy resource availability, and other factors on the optimal energy mix.
7. **Output**: Provide a recommended renewable energy mix that balances the energy demand with the costs and technical feasibility of each source.

The REMO process can be applied at various scales, from a single building to a national or regional energy system. The output of the REMO process can be used to inform energy policy, investment decisions, and grid planning.

Some of the key benefits of REMO include:

1. **Cost savings**: By optimizing the renewable energy mix, costs can be minimized, and the overall cost of energy production can be reduced.
2. **Reliability**: REMO ensures a reliable energy supply by identifying the optimal combination of renewable energy sources that can meet the energy demand.
3. **Sustainability**: REMO promotes the use of renewable energy sources, which are essential for a sustainable energy future.
4. **Flexibility**: REMO allows for flexibility in the energy mix, enabling the integration of new renewable energy sources and technologies as they become available.

Some of the tools and techniques used in REMO include:

1. **Linear programming**: A mathematical optimization technique used to determine the optimal energy mix.
2. **Mixed-integer linear programming**: An extension of linear programming that allows for the inclusion of integer variables.
3. **Genetic algorithms**: A heuristic optimization technique inspired by the process of natural selection.
4. **Machine learning**: Techniques such as neural networks and decision trees can be used to optimize the renewable energy mix.

Overall, REMO is a valuable tool for optimizing the renewable energy mix and promoting a sustainable energy future.",,3.0,4.0,4.0,3129,0.0,14.02,0.0,"Renewable Energy Mix Optimization (REMO) refers to the process of determining the optimal combination and allocation of various renewable energy sources to meet a given energy demand. This process involves analyzing the technical, economic, and environmental characteristics of different renewable energy sources, such as solar, wind, hydro, geothermal, and biomass, to identify the most suitable mix for a specific region or application.

The goal of REMO is to maximize the use of renewable energy while minimizing costs, environmental impacts, and technical complexities. This is achieved by considering factors such as:

1. Energy resource availability and variability
2. Technology costs and performance
3. Infrastructure and grid connectivity requirements
4. Environmental impacts and sustainability considerations
5. Energy demand patterns and load profiles

REMO typically involves the following steps:

1. Data collection and analysis: Gathering data on renewable energy resources, energy demand, and existing infrastructure.
2. Scenario development: Creating hypothetical scenarios that represent different renewable energy mixes and their associated costs, emissions, and technical complexities.
3. Optimization: Using mathematical models and algorithms to identify the optimal renewable energy mix for each scenario.
4. Sensitivity analysis: Evaluating the robustness of the optimized mix by analyzing the impact of changes in input parameters, such as energy demand or technology costs.
5. Decision-making: Presenting the results to stakeholders and decision-makers, who can use the optimized mix as a guide for policy and investment decisions.

REMO can be applied at various scales, from individual buildings to entire countries, and can be used to optimize the mix of renewable energy sources for different applications, such as:

* Power generation
* Heat and cooling
* Transportation
* Industrial processes

The benefits of REMO include:

* Reduced greenhouse gas emissions and environmental impacts
* Improved energy security and reliability
* Enhanced economic competitiveness and job creation
* Increased energy independence and self-sufficiency

However, REMO also faces challenges, such as:

* Data quality and availability
* Complexity of optimization models and algorithms
* Uncertainty and variability of renewable energy resources
* Balancing competing priorities and stakeholder interests

Overall, REMO is a critical tool for optimizing the use of renewable energy sources and achieving a more sustainable and resilient energy system.",0.0,0.0,0.0,3129,2563,-566,21.913003663003664,25.161114313160425,3.248110650156761
Renewable Energy and Land Use,0.8,0.8,0.8,0.6,0.8,0.8,0.8,0.8,0.8,0.8,0.6,climate action,"""Renewable Energy and Land Use"" refers to the intersection of renewable energy production and land management practices. As the world transitions to a low-carbon economy, the demand for renewable energy sources such as solar, wind, hydro, and geothermal power is increasing. However, the production of these energy sources often requires significant land areas, which can lead to conflicts with other land uses, such as agriculture, forestry, and conservation.

**Key Issues:**

1. **Land competition**: Renewable energy projects, particularly large-scale solar and wind farms, require significant land areas, which can lead to conflicts with other land uses, such as agriculture, forestry, and conservation.
2. **Land degradation**: The construction and operation of renewable energy infrastructure can lead to land degradation, habitat destruction, and soil erosion.
3. **Water usage**: Some renewable energy technologies, such as concentrated solar power and geothermal power, require significant water resources, which can strain local water supplies.
4. **Biodiversity impacts**: The siting of renewable energy projects can have unintended consequences for local ecosystems and biodiversity, particularly if they are located in sensitive or protected areas.
5. **Community engagement**: The development of renewable energy projects can have social and economic impacts on local communities, which must be carefully managed through community engagement and benefit-sharing mechanisms.

**Renewable Energy Technologies and Land Use:**

1. **Solar energy**: Solar panels can be installed on existing buildings, rooftops, or in solar farms, which can be located on agricultural land, brownfields, or other underutilized areas.
2. **Wind energy**: Wind turbines can be installed on wind farms, which can be located on agricultural land, hills, or coastal areas.
3. **Hydro energy**: Hydroelectric power plants can be located on rivers, streams, or reservoirs, which can have significant impacts on local ecosystems and water resources.
4. **Geothermal energy**: Geothermal power plants can be located in areas with suitable geology, which can have minimal land use impacts.
5. **Bioenergy**: Bioenergy production can involve the cultivation of energy crops, such as switchgrass or miscanthus, which can compete with food crops for land and water resources.

**Solutions and Best Practices:**

1. **Site selection**: Careful site selection can minimize the impacts of renewable energy projects on local ecosystems and communities.
2. **Land use planning**: Integrating renewable energy planning into land use planning can help to avoid conflicts and ensure that energy production is aligned with broader land use goals.
3. **Community engagement**: Engaging with local communities and stakeholders can help to build support for renewable energy projects and ensure that their social and economic impacts are managed effectively.
4. **Water management**: Implementing water management practices, such as water recycling and efficient use, can help to minimize the water impacts of renewable energy technologies.
5. **Biodiversity conservation**: Implementing biodiversity conservation measures, such as habitat restoration and species protection, can help to minimize the impacts of renewable energy projects on local ecosystems.

**Conclusion:**

Renewable energy and land use are closely linked, and careful consideration must be given to the land use implications of renewable energy production. By adopting best practices, such as site selection, land use planning, community engagement, water management, and biodiversity conservation, we can minimize the conflicts between renewable energy production and other land uses, and ensure a sustainable and equitable transition to a low-carbon economy.",,4.0,4.0,4.0,3800,0.0,14.8,0.0,"Renewable energy and land use is a complex issue that involves the intersection of energy production, land management, and environmental sustainability. Here is a neutral and objective explanation of the topic:

**Definition:** Renewable energy refers to energy generated from natural resources that can be replenished over time, such as solar, wind, hydro, geothermal, and biomass. Land use, on the other hand, refers to the way land is managed and utilized for various purposes, including agriculture, urban development, conservation, and energy production.

**Relationship between Renewable Energy and Land Use:** The production of renewable energy often requires large areas of land for infrastructure development, such as wind farms, solar parks, and hydroelectric dams. This can lead to conflicts over land use, particularly when renewable energy projects are proposed for areas with high conservation value or competing land uses.

**Types of Land Use Conflicts:** There are several types of land use conflicts associated with renewable energy production, including:

1. **Competing land uses:** Renewable energy projects may compete with other land uses, such as agriculture, urban development, or conservation, for access to land and resources.
2. **Habitat disruption:** The construction of renewable energy infrastructure can disrupt habitats and ecosystems, particularly if it involves the destruction of natural habitats or the displacement of wildlife.
3. **Water use:** Renewable energy projects, such as hydroelectric dams, can have significant water use impacts, which can conflict with other water uses, such as irrigation or drinking water supply.
4. **Visual impacts:** The construction of renewable energy infrastructure can have visual impacts, such as the presence of wind turbines or solar panels, which can conflict with aesthetic or cultural values.

**Causal Mechanisms:** The causal mechanisms underlying the relationship between renewable energy and land use are complex and multifaceted. Some of the key factors include:

1. **Scalability:** The scale of renewable energy production can lead to conflicts over land use, particularly if it involves large areas of land.
2. **Infrastructure development:** The construction of renewable energy infrastructure can have significant land use impacts, particularly if it involves the destruction of natural habitats or the displacement of wildlife.
3. **Policy and regulation:** The policies and regulations governing land use and renewable energy production can influence the likelihood and severity of land use conflicts.
4. **Stakeholder engagement:** The engagement of stakeholders, including local communities, environmental groups, and industry representatives, can influence the outcome of land use conflicts.

**Verifiable Facts:** Some verifiable facts about renewable energy and land use include:

1. **Land requirements:** The land requirements for renewable energy production vary by technology, but can be significant. For example, a study found that the land requirements for solar energy production in the United States were approximately 1.3 million acres in 2019.
2. **Habitat disruption:** A study found that the construction of wind farms can lead to habitat disruption and species decline, particularly if it involves the destruction of natural habitats or the displacement of wildlife.
3. **Water use:** A study found that hydroelectric dams can have significant water use impacts, which can conflict with other water uses, such as irrigation or drinking water supply.

Overall, the relationship between renewable energy and land use is complex and multifaceted, involving competing land uses, habitat disruption, water use, and visual impacts. Understanding the causal mechanisms and verifiable facts underlying this relationship is essential for developing effective policies and regulations to mitigate land use conflicts associated with renewable energy production.",0.0,0.0,0.0,3800,3963,163,22.786008499509645,22.46275207591934,-0.3232564235903048
Mental Health Services for Older Adults,0.8,0.8,0.8,0.6,0.8,0.8,0.6,0.8,0.8,0.8,0.6,good health and well-being,"Mental health services for older adults are specialized programs and interventions designed to address the unique mental health needs of older adults, typically defined as individuals aged 65 and older. As people age, they may experience a range of mental health challenges that can impact their quality of life, relationships, and overall well-being.

**Common Mental Health Issues in Older Adults:**

1. **Depression**: A common condition that can affect older adults, often triggered by life changes, loss of a loved one, or chronic illness.
2. **Anxiety**: Can manifest as generalized anxiety, panic disorder, or social anxiety, often related to concerns about health, finances, or relationships.
3. **Cognitive Decline**: Conditions like dementia, Alzheimer's disease, and mild cognitive impairment can impact memory, thinking, and behavior.
4. **Substance Abuse**: Older adults may experience substance abuse or addiction, often related to prescription medications or social isolation.
5. **Trauma**: Older adults may experience trauma related to past experiences, such as abuse, neglect, or loss.
6. **Grief and Bereavement**: Older adults may experience intense grief and bereavement related to the loss of a loved one or significant life changes.
7. **Personality Disorders**: Certain personality disorders, such as borderline personality disorder, can persist into older adulthood.

**Mental Health Services for Older Adults:**

1. **Assessment and Diagnosis**: Trained mental health professionals assess and diagnose mental health conditions, taking into account the individual's medical, social, and cognitive history.
2. **Psychotherapy**: Individual, group, or family therapy can help older adults address mental health concerns, develop coping strategies, and improve relationships.
3. **Medication Management**: Mental health professionals may prescribe or adjust medications to address mental health conditions, taking into account potential interactions with other medications or health conditions.
4. **Cognitive Stimulation**: Programs and activities designed to stimulate cognitive function, such as memory games, exercise, and social engagement.
5. **Support Groups**: Group therapy and support groups provide a safe space for older adults to share experiences, receive support, and connect with others who face similar challenges.
6. **Crisis Intervention**: Trained mental health professionals provide crisis intervention and stabilization services for older adults experiencing acute mental health crises.
7. **Care Coordination**: Mental health services may be integrated with medical care, social services, and other support systems to ensure comprehensive care and support.

**Specialized Services:**

1. **Geriatric Mental Health Clinics**: Specialized clinics that provide mental health services specifically designed for older adults.
2. **Home-Based Services**: Mental health services provided in the comfort of the individual's home, often for those with mobility or cognitive impairments.
3. **Residential Treatment Programs**: Inpatient or residential programs that provide intensive mental health treatment and support for older adults.
4. **Day Treatment Programs**: Programs that provide structured mental health treatment and support during the day, often for those who require more intensive services.

**Key Principles:**

1. **Person-Centered Care**: Services are tailored to the individual's unique needs, preferences, and values.
2. **Interdisciplinary Collaboration**: Mental health professionals work with other healthcare providers, social services, and family members to ensure comprehensive care.
3. **Cultural Sensitivity**: Services are provided with sensitivity to the individual's cultural background, values, and experiences.
4. **Accessibility**: Services are accessible and convenient, taking into account the individual's mobility, cognitive, and social needs.

By providing specialized mental health services for older adults, healthcare systems can help address the unique mental health challenges faced by this population, promoting improved mental health, well-being, and quality of life.",,4.0,4.0,4.0,4149,0.0,13.72,0.0,"Mental Health Services for Older Adults refer to the provision of specialized care and support for older adults (typically defined as individuals aged 65 and above) who experience mental health issues. These services aim to address the unique needs and challenges associated with aging, such as cognitive decline, physical health changes, and social isolation.

**Prevalence of Mental Health Issues in Older Adults**

Research indicates that mental health issues are common among older adults, with approximately 20% experiencing depression, 15% experiencing anxiety, and 5% experiencing dementia. These conditions can significantly impact an individual's quality of life, social relationships, and ability to perform daily activities.

**Types of Mental Health Services for Older Adults**

Mental Health Services for Older Adults may include:

1. **Assessment and Diagnosis**: Comprehensive evaluations to identify underlying mental health conditions, such as depression, anxiety, or dementia.
2. **Counseling and Therapy**: Individual or group therapy sessions to address specific mental health concerns, promote coping skills, and improve overall well-being.
3. **Medication Management**: Prescription and monitoring of medications to manage symptoms and improve mental health outcomes.
4. **Cognitive Stimulation**: Activities and programs designed to stimulate cognitive function, such as memory games, exercise, and social engagement.
5. **Care Coordination**: Collaboration with healthcare providers, family members, and caregivers to ensure comprehensive care and support.
6. **Support Groups**: Group settings where older adults can share experiences, receive emotional support, and connect with others facing similar challenges.

**Delivery of Mental Health Services for Older Adults**

Mental Health Services for Older Adults are typically delivered through various settings, including:

1. **Primary Care Settings**: General practitioners and primary care physicians providing initial assessments and referrals.
2. **Mental Health Clinics**: Specialized clinics offering comprehensive mental health services, including counseling, therapy, and medication management.
3. **Community-Based Organizations**: Non-profit organizations and community centers providing support groups, counseling, and other services.
4. **Residential Care Facilities**: Long-term care facilities offering on-site mental health services and support.
5. **Home-Based Services**: Mental health professionals providing services in the comfort of the individual's home.

**Challenges and Opportunities**

Providing Mental Health Services for Older Adults presents several challenges, including:

1. **Access and Availability**: Limited availability of mental health services, particularly in rural or underserved areas.
2. **Stigma and Barriers**: Social stigma and barriers to seeking mental health care, such as fear of judgment or concerns about confidentiality.
3. **Comorbidities**: Presence of multiple health conditions, which can complicate mental health diagnosis and treatment.

Despite these challenges, there are opportunities to improve mental health outcomes for older adults, including:

1. **Increased Awareness**: Raising awareness about mental health issues and the importance of seeking care.
2. **Integrating Mental Health**: Incorporating mental health services into primary care settings and community-based organizations.
3. **Developing Culturally Sensitive Services**: Tailoring services to meet the unique needs and preferences of diverse older adult populations.

In conclusion, Mental Health Services for Older Adults aim to address the complex mental health needs of this population, promoting improved well-being, quality of life, and social engagement.",0.0,0.0,0.0,4149,3766,-383,18.766826713225665,20.54047919293821,1.7736524797125455
Ecological Engineering,0.4,0.8,0.8,0.6,0.8,0.8,0.6,0.8,0.8,0.8,0.6,climate action,"Ecological engineering is a discipline that combines ecology, engineering, and environmental science to design, construct, and manage ecosystems that provide specific ecological functions and services. It involves the intentional manipulation of natural systems to achieve desired environmental outcomes, such as improving water quality, enhancing biodiversity, or mitigating the effects of climate change.

Ecological engineers use a holistic approach, considering the interactions between living organisms, their environment, and the physical and chemical processes that shape the ecosystem. This approach is distinct from traditional engineering, which focuses on manipulating physical systems, such as buildings or machines.

Key principles of ecological engineering include:

1. **Holism**: Considering the entire ecosystem, including its physical, chemical, and biological components.
2. **Self-organization**: Allowing the ecosystem to self-organize and adapt to changing conditions.
3. **Resilience**: Designing ecosystems to be resilient to disturbances and stressors.
4. **Sustainability**: Ensuring that the ecosystem can maintain its functions and services over time.

Applications of ecological engineering include:

1. **Wetland restoration**: Restoring degraded wetlands to improve water quality, habitat creation, and carbon sequestration.
2. **Erosion control**: Using vegetation and other natural processes to stabilize soil and prevent erosion.
3. **Water treatment**: Designing natural systems to remove pollutants and excess nutrients from water.
4. **Climate change mitigation**: Creating ecosystems that sequester carbon, reduce greenhouse gas emissions, or provide cooling effects.
5. **Biodiversity conservation**: Designing ecosystems that support and enhance local biodiversity.

Ecological engineers use a range of tools and techniques, including:

1. **Ecological modeling**: Using mathematical models to predict ecosystem behavior and outcomes.
2. **Experimental design**: Conducting experiments to test hypotheses and evaluate ecosystem responses.
3. **Monitoring and evaluation**: Tracking ecosystem performance and adjusting designs as needed.
4. **Collaboration**: Working with stakeholders, including scientists, policymakers, and local communities, to ensure that ecological engineering projects meet social and environmental needs.

By applying ecological engineering principles and practices, we can create more resilient, sustainable, and biodiverse ecosystems that provide essential services and benefits to humans and the environment.",,4.0,4.0,4.0,2575,0.0,16.8,0.0,"Ecological engineering is a discipline that involves the deliberate modification of environmental conditions to create a desired ecological outcome. It is a type of environmental management that seeks to restore, enhance, or create ecosystems through the use of technology and design.

The term ""ecological engineering"" was first coined in the 1960s by American ecologist E.N. Anderson, who defined it as ""the design and construction of systems that use living organisms to modify the physical environment.""

Ecological engineering involves the use of various techniques, including:

1. Habitat creation: The design and construction of artificial habitats, such as wetlands, reefs, or forests, to provide a suitable environment for specific plant and animal species.
2. Ecosystem restoration: The rehabilitation of degraded or damaged ecosystems, such as wetlands, rivers, or forests, to restore their natural functions and biodiversity.
3. Ecological manipulation: The use of technology to manipulate environmental conditions, such as water flow, temperature, or light, to create a desired ecological outcome.
4. Bioremediation: The use of living organisms to clean up pollutants or contaminants in the environment.

Ecological engineering can be applied in various fields, including:

1. Environmental conservation: To restore and protect natural ecosystems and biodiversity.
2. Urban planning: To design and create sustainable urban ecosystems and green spaces.
3. Agriculture: To develop more efficient and sustainable agricultural systems.
4. Water management: To design and manage water systems that minimize environmental impacts.

The goals of ecological engineering include:

1. Restoring ecosystem services: Such as water filtration, air purification, and climate regulation.
2. Enhancing biodiversity: By creating habitats for threatened or endangered species.
3. Improving ecosystem resilience: By designing systems that can adapt to changing environmental conditions.
4. Reducing environmental impacts: By minimizing the use of resources and reducing pollution.

Overall, ecological engineering is a multidisciplinary field that seeks to apply scientific and technological principles to create sustainable and resilient ecosystems.",0.0,0.0,0.0,2575,2244,-331,22.655072463768118,20.315844155844157,-2.3392283079239604
The Psychology of Sleep,0.8,0.8,0.8,0.6,0.8,0.8,0.4,0.8,0.8,0.8,0.6,good health and well-being,"The psychology of sleep is a multidisciplinary field that explores the complex relationships between sleep, cognition, emotions, and behavior. It involves understanding the psychological processes that occur during sleep, as well as the psychological factors that influence sleep quality and duration. Here are some key aspects of the psychology of sleep:

**Sleep Stages and Cycles**

Sleep is not a single, uniform state, but rather a series of stages and cycles that occur throughout the night. These stages include:

1. **Stage 1 NREM (Non-Rapid Eye Movement) Sleep**: A light sleep stage characterized by slow eye movements, decreased body temperature, and reduced muscle tone.
2. **Stage 2 NREM Sleep**: A deeper sleep stage marked by slower brain waves, reduced body temperature, and decreased heart rate.
3. **Stage 3 NREM Sleep**: A stage of deep sleep characterized by slow delta waves, reduced body temperature, and decreased heart rate.
4. **REM (Rapid Eye Movement) Sleep**: A stage of sleep characterized by rapid eye movements, increased brain activity, and vivid dreams.

**Sleep Cycles**

Sleep cycles are the repeated patterns of sleep stages that occur throughout the night. A typical sleep cycle lasts around 90-120 minutes and consists of three stages of NREM sleep followed by a stage of REM sleep. Most adults experience 3-5 sleep cycles per night.

**Sleep and Cognition**

Sleep plays a critical role in cognitive function, including:

1. **Memory Consolidation**: Sleep helps to consolidate memories, transferring information from short-term to long-term storage.
2. **Learning**: Sleep is essential for learning and memory formation, particularly for tasks that require attention and working memory.
3. **Problem-Solving**: Sleep can facilitate problem-solving and creativity by allowing the brain to process and consolidate information.
4. **Emotional Regulation**: Sleep helps to regulate emotions, reducing stress and anxiety.

**Sleep and Emotions**

Sleep is closely linked to emotional regulation, with sleep disturbances often associated with:

1. **Anxiety and Depression**: Sleep disturbances are common in individuals with anxiety and depression.
2. **Stress**: Sleep is essential for managing stress, with sleep deprivation exacerbating stress symptoms.
3. **Mood Regulation**: Sleep helps to regulate mood, with sleep disturbances linked to irritability and mood swings.

**Sleep and Behavior**

Sleep influences behavior in various ways, including:

1. **Impulse Control**: Sleep deprivation can impair impulse control, leading to increased risk-taking and impulsive behavior.
2. **Social Behavior**: Sleep disturbances can affect social behavior, including reduced empathy and increased aggression.
3. **Motor Function**: Sleep deprivation can impair motor function, increasing the risk of accidents and injuries.

**Sleep Disorders**

Sleep disorders, such as insomnia, sleep apnea, and restless leg syndrome, can have significant psychological and behavioral consequences. These disorders can lead to:

1. **Anxiety and Depression**: Sleep disorders are often associated with anxiety and depression.
2. **Cognitive Impairment**: Sleep disorders can impair cognitive function, including attention and memory.
3. **Motor Function**: Sleep disorders can affect motor function, increasing the risk of accidents and injuries.

**Sleep and Mental Health**

Sleep is closely linked to mental health, with sleep disturbances often associated with:

1. **Anxiety Disorders**: Sleep disturbances are common in individuals with anxiety disorders.
2. **Depression**: Sleep disturbances are a common symptom of depression.
3. **Bipolar Disorder**: Sleep disturbances are often associated with bipolar disorder.

**Sleep and Physical Health**

Sleep is essential for physical health, with sleep disturbances linked to:

1. **Cardiovascular Disease**: Sleep disturbances are associated with an increased risk of cardiovascular disease.
2. **Metabolic Disorders**: Sleep disturbances are linked to an increased risk of metabolic disorders, including obesity and diabetes.
3. **Immune Function**: Sleep is essential for immune function, with sleep disturbances impairing immune function.

In conclusion, the psychology of sleep is a complex and multifaceted field that explores the relationships between sleep, cognition, emotions, and behavior. Understanding the psychology of sleep is essential for promoting healthy sleep habits, managing sleep disorders, and maintaining overall physical and mental well-being.",,4.0,4.0,4.0,4540,0.6967591643333435,11.21,0.0,"The psychology of sleep refers to the study of the psychological and behavioral aspects of sleep and wakefulness. It is a multidisciplinary field that combines insights from psychology, neuroscience, and sleep medicine to understand the complex processes that govern sleep and wakefulness.

**Sleep Cycles and Stages**

Sleep is characterized by distinct stages, including non-rapid eye movement (NREM) sleep and rapid eye movement (REM) sleep. NREM sleep is further divided into three stages, with stage 1 being the lightest and stage 3 being the deepest. REM sleep is characterized by rapid eye movements, increased brain activity, and vivid dreams.

**Sleep-Wake Homeostasis**

Sleep-wake homeostasis refers to the process by which the body regulates the balance between sleep and wakefulness. This process is influenced by the accumulation of adenosine, a chemical that promotes sleep, and the depletion of neurotransmitters such as dopamine and norepinephrine, which promote wakefulness.

**Sleep Regulation**

Sleep regulation is a complex process that involves the interaction of multiple brain regions, including the suprachiasmatic nucleus (SCN), the pineal gland, and the hypothalamus. The SCN, often referred to as the ""master clock,"" regulates the body's circadian rhythms, while the pineal gland produces melatonin, a hormone that promotes sleep.

**Sleep Disorders**

Sleep disorders, such as insomnia, sleep apnea, and restless leg syndrome, are common and can have significant impacts on daily functioning and quality of life. These disorders can be caused by a variety of factors, including genetic predisposition, environmental factors, and underlying medical conditions.

**Sleep and Cognitive Function**

Sleep plays a critical role in cognitive function, including attention, memory consolidation, and learning. Research has shown that sleep deprivation can impair cognitive performance, while adequate sleep can enhance cognitive function and improve mood.

**Sleep and Emotional Regulation**

Sleep also plays a role in emotional regulation, with research suggesting that sleep deprivation can lead to increased emotional reactivity and decreased emotional regulation. Conversely, adequate sleep can promote emotional well-being and reduce stress.

**Sleep and Physical Health**

Sleep has been linked to a range of physical health outcomes, including cardiovascular disease, obesity, and immune function. Chronic sleep deprivation has been shown to increase the risk of these conditions, while adequate sleep can promote physical health and reduce the risk of disease.

In conclusion, the psychology of sleep is a complex and multifaceted field that seeks to understand the psychological and behavioral aspects of sleep and wakefulness. By examining the underlying mechanisms and processes that govern sleep, researchers can gain a deeper understanding of the importance of sleep for physical and mental health.",0.6967591643333435,0.0,-0.6967591643333435,4540,2935,-1605,17.198499857323387,18.850889814464217,1.65238995714083
Diversity in Health Organizations,0.8,0.8,0.8,0.6,0.8,0.8,0.8,0.8,0.8,0.8,0.6,good health and well-being,"""Diversity in Health Organizations"" refers to the intentional creation of a work environment in healthcare settings that values, respects, and leverages the differences among employees, patients, and stakeholders. This concept encompasses various aspects, including:

1. **Cultural Diversity**: The presence of people from diverse racial, ethnic, and cultural backgrounds within the organization. This diversity is not only about the employees but also about the patients and communities served.

2. **Age Diversity**: The inclusion of people of different ages, including younger and older workers, which can bring different perspectives and experiences to the workplace.

3. **Gender Diversity**: The presence of both men and women in various roles within the organization, including leadership positions. This diversity is crucial for addressing the health needs of both genders and their families.

4. **Disability Diversity**: The inclusion of people with disabilities in the workforce, which can lead to more accessible and inclusive healthcare services for patients with disabilities.

5. **Sexual Orientation and Gender Identity (SOGI) Diversity**: The inclusion of LGBTQ+ individuals in the workforce, which is important for providing culturally competent care to LGBTQ+ patients.

6. **Religious Diversity**: The presence of people from different religious backgrounds, which can enrich the work environment and ensure that the healthcare needs of diverse religious communities are met.

7. **Socioeconomic Diversity**: The inclusion of people from various socioeconomic backgrounds, which can help in understanding and addressing health disparities.

8. **Educational Diversity**: The presence of employees with different educational backgrounds, which can bring diverse perspectives and skills to the workplace.

9. **Generational Diversity**: The inclusion of people from different generations (e.g., Baby Boomers, Gen X, Millennials, Gen Z), each with their own values, work styles, and experiences.

The benefits of diversity in health organizations are numerous:

- **Improved Patient Care**: A diverse workforce can provide more culturally competent care, leading to better health outcomes for patients from diverse backgrounds.

- **Enhanced Creativity and Innovation**: Diversity can lead to a more innovative and creative work environment, as people from different backgrounds bring unique perspectives and ideas.

- **Better Decision Making**: Diverse teams can make more informed decisions, as they consider a broader range of viewpoints and experiences.

- **Increased Employee Engagement and Retention**: When employees feel valued and respected for their differences, they are more likely to be engaged and committed to their work.

- **Competitive Advantage**: Organizations that value diversity are often seen as more attractive to patients, employees, and partners, giving them a competitive advantage in the market.

Implementing diversity in health organizations requires a strategic approach, including:

1. **Leadership Commitment**: Senior leaders must be champions of diversity and inclusion, setting the tone for the organization.

2. **Policy and Procedure Development**: Establishing policies and procedures that promote diversity and inclusion, such as hiring practices, training programs, and grievance procedures.

3. **Training and Education**: Providing ongoing training and education to employees on diversity, inclusion, and cultural competence.

4. **Employee Resource Groups**: Creating employee resource groups (ERGs) to support and empower employees from diverse backgrounds.

5. **Community Engagement**: Engaging with diverse communities and stakeholders to better understand their needs and ensure that the organization is responsive to those needs.

6. **Performance Metrics**: Establishing metrics to measure the success of diversity and inclusion initiatives, such as diversity in hiring, employee engagement, and patient satisfaction.

By embracing diversity and inclusion, health organizations can create a more positive, productive, and patient-centered work environment, ultimately leading to better health outcomes for all.",,4.0,4.0,4.0,4181,0.0,14.45,0.0,"Diversity in health organizations refers to the presence of individuals from various backgrounds, cultures, and identities within a healthcare setting. This concept encompasses a range of characteristics, including but not limited to:

1. **Demographic diversity**: Differences in age, sex, ethnicity, nationality, language, and socioeconomic status.
2. **Cultural diversity**: Variations in cultural backgrounds, values, and practices that influence an individual's behavior and interactions.
3. **Diversity of thought**: Differences in perspectives, experiences, and opinions that contribute to a diverse and inclusive work environment.
4. **Disability diversity**: Inclusion of individuals with physical, sensory, or cognitive disabilities.
5. **Sexual orientation and gender identity diversity**: Recognition and acceptance of individuals who identify as LGBTQ+.

The presence of diversity in health organizations can have several benefits, including:

1. **Improved patient care**: Healthcare providers with diverse backgrounds and experiences can better understand and address the needs of patients from diverse backgrounds.
2. **Enhanced creativity and innovation**: Diverse teams can bring unique perspectives and ideas, leading to improved healthcare services and outcomes.
3. **Increased employee satisfaction and retention**: A diverse and inclusive work environment can lead to higher job satisfaction and reduced turnover rates.
4. **Better representation and access to care**: Health organizations that reflect the diversity of the communities they serve can improve access to care and reduce health disparities.

However, diversity in health organizations can also present challenges, such as:

1. **Cultural and linguistic barriers**: Communication and language barriers can hinder effective care delivery.
2. **Bias and stereotyping**: Unconscious biases and stereotypes can influence healthcare providers' interactions with patients from diverse backgrounds.
3. **Lack of representation and inclusion**: Underrepresentation of diverse groups in leadership positions and decision-making processes can perpetuate health disparities.

To promote diversity in health organizations, strategies such as:

1. **Recruitment and hiring practices**: Implementing inclusive hiring practices and actively seeking out diverse candidates.
2. **Training and education**: Providing cultural competence training and education to healthcare providers.
3. **Policy and procedure development**: Developing policies and procedures that promote diversity, equity, and inclusion.
4. **Employee resource groups**: Establishing employee resource groups to support and empower diverse employees.

By acknowledging and addressing the complexities of diversity in health organizations, healthcare providers can work towards creating a more inclusive and effective healthcare system.",0.0,0.8469831943511963,0.8469831943511963,4181,2872,-1309,20.432323232323235,21.517933432687535,1.0856102003643002
