source_row,perturbation_id,masked_feature_count,unmasked_feature_count,used_fallback_to_all_rows,candidate_count_true,min_tie_count,masked_feature_admissible,exact_match_unmasked,near_match_unmasked_le_0_05,near_match_unmasked_le_0_10,l2_distance_unmasked,hamming_distance_unmasked,reference_full_l2_to_perturbed,reference_full_hamming_to_perturbed,selected_index
1481,0,8,3,True,10507,1,False,False,False,False,0.5656853914260864,2.0,0.7817928194999695,10,4065
1481,1,2,9,True,10507,1,False,False,False,False,0.2828426957130432,2.0,0.42047592997550964,4,7246
1481,2,6,5,True,10507,1,False,False,False,False,0.2828427255153656,2.0,0.5238320231437683,8,8039
1481,3,6,5,True,10507,2,False,False,False,False,0.2828427255153656,2.0,0.475815087556839,8,3318
1481,4,10,1,True,10507,1,False,True,True,True,0.0,0.0,0.4939635396003723,10,8039
1481,5,2,9,False,1619,1,True,False,False,False,0.19999998807907104,1.0,0.20199008285999298,3,4778
1481,6,3,8,False,1,1,True,False,False,False,1.1999999284744263,8.0,1.2004998922348022,11,53
1481,7,5,6,True,10507,1,False,False,False,False,0.19999998807907104,1.0,0.3714834749698639,6,4284
1481,8,4,7,True,10507,1,False,False,False,False,0.2828426957130432,2.0,0.4749736785888672,6,7246
1481,9,2,9,False,2,1,True,False,False,False,0.800000011920929,7.0,0.8004998564720154,9,26
1481,10,5,6,False,1,1,True,False,False,False,0.2828427255153656,2.0,0.28635644912719727,7,8039
1481,11,10,1,True,10507,1,False,False,False,False,0.19999998807907104,1.0,0.8461678624153137,11,7246
1481,12,3,8,True,10507,1,False,True,True,True,0.0,0.0,0.31176915764808655,3,1481
1481,13,2,9,False,2,1,True,False,False,False,0.34641018509864807,3.0,0.3475629687309265,5,8039
1481,14,7,4,True,10507,1,False,False,False,False,0.4472135901451111,2.0,0.755513072013855,9,9873
1481,15,2,9,False,1,1,True,False,False,False,1.1661903858184814,9.0,1.1665332317352295,11,53
1481,16,3,8,False,1,1,True,False,False,False,1.1999999284744263,8.0,1.2004998922348022,11,53
1481,17,2,9,False,4,1,True,False,False,False,0.7483315467834473,5.0,0.7488658428192139,7,6251
1481,18,8,3,True,10507,2,False,True,True,True,0.0,0.0,0.6092618703842163,8,9359
1481,19,1,10,False,25,1,True,False,False,False,0.9797959327697754,7.0,0.9800000786781311,8,7928
1481,20,11,0,True,10507,1,False,,,,,,0.7927168607711792,11,8039
1481,21,2,9,False,25,1,True,False,False,False,0.8944271802902222,6.0,0.8948743343353271,8,7928
1481,22,11,0,True,10507,1,False,,,,,,0.7927168607711792,11,8039
1481,23,4,7,True,10507,1,False,False,False,False,0.19999998807907104,1.0,0.3709447383880615,5,7246
1481,24,4,7,True,10507,1,False,False,False,False,0.2828426957130432,2.0,0.4749736785888672,6,2157
1481,25,11,0,True,10507,1,False,,,,,,0.7927168607711792,11,8039
1481,26,10,1,True,10507,1,False,True,True,True,0.0,0.0,0.7924644947052002,10,8039
1481,27,2,9,False,1,1,True,False,False,False,1.0,8.0,1.0003999471664429,10,26
1481,28,7,4,True,10507,1,False,False,False,False,0.3999999761581421,1.0,0.5956509113311768,8,4065
1481,29,1,10,False,576,2,True,False,False,False,0.44721361994743347,2.0,0.4476606249809265,3,9359
1481,30,10,1,True,10507,1,False,False,False,False,0.20000001788139343,1.0,0.7668116092681885,11,3318
1481,31,5,6,True,10507,1,False,False,False,False,0.3464101552963257,3.0,0.6648308038711548,8,2659
6773,0,4,7,True,10507,11,False,True,True,True,0.0,0.0,0.31240999698638916,4,6523
6773,1,2,9,False,541,2,True,False,False,False,0.19999998807907104,1.0,0.20199008285999298,3,8000
6773,2,11,0,True,10507,1,False,,,,,,0.7927168607711792,11,8039
6773,3,5,6,True,10507,1,False,False,False,False,0.19999998807907104,1.0,0.6016643643379211,6,9938
6773,4,11,0,True,10507,1,False,,,,,,0.7927168607711792,11,8039
6773,5,2,9,False,2,1,True,False,False,False,0.8485281467437744,7.0,0.8489994406700134,9,8974
6773,6,7,4,True,10507,1,False,False,False,False,0.4000000059604645,1.0,0.7285602688789368,8,1964
6773,7,6,5,True,10507,1,False,False,False,False,0.19999998807907104,1.0,0.6887670159339905,7,6315
6773,8,11,0,True,10507,1,False,,,,,,0.7927168607711792,11,8039
6773,9,6,5,True,10507,1,False,False,False,False,0.3464101552963257,3.0,0.6887670755386353,9,5625
6773,10,2,9,False,2,1,True,False,False,False,0.19999998807907104,1.0,0.20199008285999298,3,4142
6773,11,1,10,False,576,2,True,False,False,False,0.19999998807907104,1.0,0.2009975016117096,2,8000
6773,12,9,2,True,10507,1,False,False,False,False,0.4000000059604645,1.0,0.8411896824836731,10,1964
6773,13,4,7,True,10507,1,False,False,False,False,0.20000001788139343,1.0,0.430813193321228,5,428
6773,14,9,2,True,10507,1,False,True,True,True,0.0,0.0,0.6477653980255127,9,1964
6773,15,10,1,True,10507,1,False,True,True,True,0.0,0.0,0.7402702569961548,10,9359
6773,16,5,6,True,10507,2,False,False,False,False,0.3999999761581421,1.0,0.5531726479530334,6,6759
6773,17,9,2,True,10507,1,False,False,False,False,0.19999998807907104,1.0,0.6415606141090393,10,9359
6773,18,8,3,True,10507,2,False,False,False,False,0.2828426957130432,2.0,0.7288347482681274,10,7882
6773,19,4,7,True,10507,3,False,True,True,True,0.0,0.0,0.4749736785888672,4,6521
6773,20,7,4,True,10507,1,False,False,False,False,0.19999998807907104,1.0,0.7005712389945984,8,5641
6773,21,9,2,True,10507,1,False,True,True,True,0.0,0.0,0.8219488859176636,9,7246
6773,22,10,1,True,10507,1,False,False,False,False,0.3999999761581421,1.0,0.6723094582557678,11,4065
6773,23,1,10,False,5,1,True,False,False,False,1.039230465888977,8.0,1.039422869682312,9,8974
6773,24,10,1,True,10507,2,False,False,False,False,0.19999998807907104,1.0,0.7668116092681885,11,3318
6773,25,3,8,False,2,1,True,False,False,False,0.8246211409568787,3.0,0.825348436832428,6,9623
6773,26,6,5,True,10507,1,False,False,False,False,0.4000000059604645,1.0,0.8114185333251953,7,1949
6773,27,11,0,True,10507,1,False,,,,,,0.7927168607711792,11,8039
6773,28,3,8,False,1,1,True,False,False,False,0.4472135901451111,2.0,0.4485532343387604,5,6315
6773,29,1,10,False,53,2,True,False,False,False,0.20000001788139343,1.0,0.20099753141403198,2,369
6773,30,6,5,True,10507,1,False,False,False,False,0.19999998807907104,1.0,0.6019967198371887,7,9359
6773,31,7,4,True,10507,2,False,False,False,False,0.4000000059604645,1.0,0.8116649985313416,8,9359
3382,0,6,5,True,10507,1,False,False,False,False,0.4472135603427887,2.0,0.5462599992752075,8,236
3382,1,9,2,True,10507,1,False,True,True,True,0.0,0.0,0.7922121286392212,9,2157
3382,2,4,7,True,10507,7,False,False,False,False,0.20000001788139343,1.0,0.3709447383880615,5,360
3382,3,5,6,True,10507,1,False,False,False,False,0.3464101552963257,3.0,0.4669046700000763,8,9619
3382,4,8,3,True,10507,1,False,False,False,False,0.4472135603427887,2.0,0.6286493539810181,10,6251
3382,5,9,2,True,10507,1,False,False,False,False,0.19999998807907104,1.0,0.7345747351646423,10,9359
3382,6,11,0,True,10507,1,False,,,,,,0.7927168607711792,11,8039
3382,7,2,9,False,7,1,True,False,False,False,0.20000001788139343,1.0,0.20199011266231537,3,8842
3382,8,10,1,True,10507,1,False,True,True,True,0.0,0.0,0.7402702569961548,10,9359
3382,9,8,3,True,10507,1,False,False,False,False,0.20000001788139343,1.0,0.8168231248855591,9,7246
3382,10,10,1,True,10507,1,False,False,False,False,0.3999999761581421,1.0,0.6723094582557678,11,4065
3382,11,6,5,True,10507,2,False,False,False,False,0.20000001788139343,1.0,0.5607138276100159,7,6056
3382,12,4,7,True,10507,1,False,False,False,False,0.19999998807907104,1.0,0.430813193321228,5,7237
3382,13,5,6,False,1,1,True,False,False,False,0.7745966911315918,6.0,0.775886595249176,11,53
3382,14,6,5,True,10507,1,False,False,False,False,0.19999998807907104,1.0,0.6280127763748169,7,422
3382,15,6,5,True,10507,2,False,False,False,False,0.3999999761581421,4.0,0.6945502161979675,10,8029
3382,16,5,6,True,10507,1,False,False,False,False,0.19999998807907104,1.0,0.3714834749698639,6,5021
3382,17,4,7,True,10507,1,False,False,False,False,0.34641018509864807,3.0,0.4118252098560333,7,7584
3382,18,2,9,False,3,1,True,False,False,False,0.7745966911315918,7.0,0.7751129269599915,9,8974
3382,19,9,2,True,10507,1,False,False,False,False,0.20000001788139343,1.0,0.8170679211616516,10,7246
3382,20,9,2,True,10507,1,False,False,False,False,0.20000001788139343,1.0,0.5325410962104797,10,8039
3382,21,9,2,True,10507,1,False,False,False,False,0.20000001788139343,1.0,0.8170679211616516,10,7246
3382,22,6,5,True,10507,1,False,False,False,False,0.4898979663848877,3.0,0.6216108202934265,9,8039
3382,23,3,8,False,2,1,True,False,False,False,0.8717797994613647,5.0,0.8724677562713623,8,9623
3382,24,10,1,True,10507,1,False,True,True,True,0.0,0.0,0.7402702569961548,10,9359
3382,25,9,2,True,10507,1,False,False,False,False,0.20000001788139343,1.0,0.7665507793426514,10,1964
3382,26,5,6,True,10507,7,False,False,False,False,0.20000001788139343,1.0,0.5603570938110352,6,360
3382,27,4,7,True,10507,2,False,False,False,False,0.2828426957130432,2.0,0.4749736785888672,6,9497
3382,28,4,7,True,10507,1,False,False,False,False,0.2828427255153656,2.0,0.4214261472225189,6,428
3382,29,6,5,True,10507,1,False,False,False,False,0.20000001788139343,1.0,0.6019967198371887,7,9927
3382,30,6,5,True,10507,1,False,False,False,False,0.2828427255153656,2.0,0.634350061416626,8,1964
3382,31,4,7,True,10507,4,False,False,False,False,0.3464101552963257,3.0,0.4118252098560333,7,2663
1930,0,3,8,False,264,8,True,False,False,False,0.2828426957130432,2.0,0.2849561274051666,5,9839
1930,1,6,5,True,10507,2,False,False,False,False,0.19999998807907104,1.0,0.5607138872146606,7,2116
1930,2,2,9,False,2,1,True,False,False,False,0.8246211409568787,3.0,0.8251060843467712,5,9623
1930,3,5,6,True,10507,2,False,True,True,True,0.0,0.0,0.5234501361846924,5,6416
1930,4,11,0,True,10507,1,False,,,,,,0.7927168607711792,11,8039
1930,5,9,2,True,10507,1,False,False,False,False,0.20000001788139343,1.0,0.5325410962104797,10,8039
1930,6,2,9,False,1,1,True,False,False,False,1.2961480617523193,9.0,1.2964566946029663,11,53
1930,7,4,7,True,10507,1,False,False,False,False,0.44721361994743347,2.0,0.5878775715827942,6,10017
1930,8,6,5,True,10507,1,False,False,False,False,0.19999998807907104,1.0,0.6406247019767761,7,9938
1930,9,4,7,True,10507,2,False,True,True,True,0.0,0.0,0.5230678915977478,4,5311
1930,10,6,5,True,10507,1,False,False,False,False,0.20000001788139343,1.0,0.6406247019767761,7,1952
1930,11,1,10,False,10419,427,True,True,True,True,0.0,0.0,0.019999980926513672,1,2721
1930,12,9,2,True,10507,1,False,True,True,True,0.0,0.0,0.7613146305084229,9,6251
1930,13,6,5,True,10507,1,False,True,True,True,0.0,0.0,0.3136877417564392,6,7358
1930,14,7,4,True,10507,1,False,False,False,False,0.4898979067802429,3.0,0.6593936681747437,10,1022
1930,15,2,9,False,49,2,True,True,True,True,0.0,0.0,0.02828427590429783,2,4245
1930,16,5,6,True,10507,1,False,False,False,False,0.3999999761581421,1.0,0.6942622065544128,6,658
1930,17,1,10,False,2983,83,True,True,True,True,0.0,0.0,0.019999995827674866,1,2365
1930,18,8,3,True,10507,2,False,False,False,False,0.4472135901451111,2.0,0.8361818790435791,10,9359
1930,19,8,3,True,10507,1,False,False,False,False,0.4898979067802429,3.0,0.6596968770027161,11,1022
1930,20,2,9,False,1,1,True,False,False,False,1.2961480617523193,9.0,1.2964566946029663,11,53
1930,21,10,1,True,10507,1,False,True,True,True,0.0,0.0,0.7720103859901428,10,1964
1930,22,7,4,True,10507,1,False,False,False,False,0.19999998807907104,1.0,0.48456165194511414,8,9359
1930,23,8,3,True,10507,1,False,False,False,False,0.2828426957130432,2.0,0.7288347482681274,10,8931
1930,24,9,2,True,10507,1,False,True,True,True,0.0,0.0,0.7400000095367432,9,9359
1930,25,2,9,True,10507,12,False,True,True,True,0.0,0.0,0.22090721130371094,2,5032
1930,26,11,0,True,10507,1,False,,,,,,0.7927168607711792,11,8039
1930,27,7,4,True,10507,1,False,False,False,False,0.2828426957130432,2.0,0.634665310382843,9,3318
1930,28,9,2,True,10507,1,False,True,True,True,0.0,0.0,0.7717512845993042,9,1964
1930,29,7,4,True,10507,1,False,False,False,False,0.4898979663848877,3.0,0.7815369367599487,10,5793
1930,30,5,6,True,10507,1,False,False,False,False,0.19999998807907104,1.0,0.8637129068374634,6,9938
1930,31,11,0,True,10507,1,False,,,,,,0.7927168607711792,11,8039
5066,0,2,9,False,1,1,True,False,False,False,0.9165151715278625,7.0,0.9169515371322632,9,8974
5066,1,1,10,False,10419,41,True,True,True,True,0.0,0.0,0.019999980926513672,1,4018
5066,2,8,3,True,10507,1,False,True,True,True,0.0,0.0,0.5396294593811035,8,4065
5066,3,11,0,True,10507,1,False,,,,,,0.7927168607711792,11,8039
5066,4,6,5,True,10507,1,False,False,False,False,0.3464101552963257,3.0,0.5161395072937012,9,8974
5066,5,9,2,True,10507,2,False,True,True,True,0.0,0.0,0.7400000095367432,9,9359
5066,6,2,9,False,1,1,True,False,False,False,0.9591663479804993,6.0,0.9595832824707031,8,26
5066,7,10,1,True,10507,1,False,True,True,True,0.0,0.0,0.5403702259063721,10,4065
5066,8,3,8,True,10507,1,False,False,False,False,0.19999998807907104,1.0,0.5596427321434021,4,1017
5066,9,11,0,True,10507,1,False,,,,,,0.7927168607711792,11,8039
5066,10,1,10,False,576,16,True,True,True,True,0.0,0.0,0.019999995827674866,1,7796
5066,11,11,0,True,10507,1,False,,,,,,0.7927168607711792,11,8039
5066,12,11,0,True,10507,1,False,,,,,,0.7927168607711792,11,8039
5066,13,1,10,False,10419,41,True,True,True,True,0.0,0.0,0.019999980926513672,1,6097
5066,14,1,10,False,10469,41,True,True,True,True,0.0,0.0,0.019999980926513672,1,7437
5066,15,7,4,True,10507,1,False,False,False,False,0.4898979663848877,3.0,0.6219325065612793,10,8974
5066,16,1,10,False,1619,4,True,False,False,False,0.4000000059604645,1.0,0.40049970149993896,2,7070
5066,17,4,7,True,10507,1,False,False,False,False,0.19999998807907104,1.0,0.5600000023841858,5,563
5066,18,5,6,True,10507,1,False,False,False,False,0.20000000298023224,1.0,0.5603570938110352,6,10202
5066,19,5,6,True,10507,1,False,False,False,False,0.19999998807907104,1.0,0.5157518982887268,6,6411
5066,20,7,4,True,10507,1,False,False,False,False,0.44721361994743347,2.0,0.6654322147369385,9,4065
5066,21,4,7,True,10507,2,False,False,False,False,0.3464101552963257,3.0,0.6273754835128784,7,6854
5066,22,8,3,True,10507,2,False,False,False,False,0.19999998807907104,1.0,0.6412488222122192,9,9359
5066,23,8,3,True,10507,2,False,False,False,False,0.4000000059604645,1.0,0.8119113445281982,9,3318
5066,24,8,3,True,10507,2,False,False,False,False,0.19999998807907104,1.0,0.7343024611473083,9,3318
5066,25,11,0,True,10507,1,False,,,,,,0.7927168607711792,11,8039
5066,26,11,0,True,10507,1,False,,,,,,0.7927168607711792,11,8039
5066,27,11,0,True,10507,1,False,,,,,,0.7927168607711792,11,8039
5066,28,11,0,True,10507,1,False,,,,,,0.7927168607711792,11,8039
5066,29,7,4,True,10507,1,False,False,False,False,0.4000000059604645,1.0,0.8407140374183655,8,1964
5066,30,7,4,True,10507,2,False,False,False,False,0.2828426957130432,2.0,0.634665310382843,9,6324
5066,31,2,9,True,10507,2,False,False,False,False,0.2828426957130432,2.0,0.42047592997550964,4,236
1840,0,4,7,True,10507,3,False,False,False,False,0.19999998807907104,1.0,0.5600000023841858,5,7760
1840,1,11,0,True,10507,1,False,,,,,,0.7927168607711792,11,8039
1840,2,2,9,False,24,1,True,False,False,False,0.800000011920929,5.0,0.8004998564720154,7,1159
1840,3,3,8,True,10507,1,False,False,False,False,0.19999998807907104,1.0,0.3704051673412323,4,6849
1840,4,1,10,False,10419,203,True,True,True,True,0.0,0.0,0.019999980926513672,1,451
1840,5,11,0,True,10507,1,False,,,,,,0.7927168607711792,11,8039
1840,6,4,7,True,10507,2,False,False,False,False,0.2828426957130432,2.0,0.5528110265731812,6,3302
1840,7,4,7,False,1,1,True,False,False,False,0.7483315467834473,5.0,0.7493997812271118,9,8039
1840,8,10,1,True,10507,1,False,True,True,True,0.0,0.0,0.7924644947052002,10,8039
1840,9,9,2,True,10507,1,False,False,False,False,0.19999998807907104,1.0,0.6779380440711975,10,1964
1840,10,10,1,True,10507,1,False,False,False,False,0.3999999761581421,1.0,0.6723094582557678,11,4065
1840,11,3,8,False,3,1,True,False,False,False,0.8246211409568787,5.0,0.825348436832428,8,6251
1840,12,2,9,False,2,1,True,False,False,False,0.6928203701972961,6.0,0.6933974623680115,8,8974
1840,13,2,9,False,25,3,True,False,False,False,0.2828426957130432,2.0,0.28425341844558716,4,10070
1840,14,1,10,False,25,1,True,False,False,False,1.0,6.0,1.0002000331878662,7,1159
1840,15,8,3,True,10507,1,False,False,False,False,0.19999998807907104,1.0,0.7868925929069519,9,10017
1840,16,5,6,True,10507,1,False,False,False,False,0.19999998807907104,1.0,0.6648308038711548,6,7233
1840,17,1,10,False,1619,5,True,True,True,True,0.0,0.0,0.02000001072883606,1,7307
1840,18,7,4,True,10507,1,False,False,False,False,0.4898979365825653,3.0,0.6593936681747437,10,5793
1840,19,3,8,True,10507,3,False,True,True,True,0.0,0.0,0.31176915764808655,3,8736
1840,20,4,7,True,10507,2,False,False,False,False,0.3464101552963257,3.0,0.5153639316558838,7,1023
1840,21,4,7,True,10507,9,False,False,False,False,0.20000001788139343,1.0,0.430813193321228,5,370
1840,22,1,10,False,5,1,True,False,False,False,1.0198038816452026,7.0,1.0199999809265137,8,8974
1840,23,7,4,True,10507,1,False,True,True,True,0.0,0.0,0.7607890963554382,7,5625
1840,24,6,5,True,10507,1,False,False,False,False,0.4898979365825653,3.0,0.6590902805328369,9,5793
1840,25,10,1,True,10507,1,False,True,True,True,0.0,0.0,0.4939635396003723,10,8039
1840,26,4,7,True,10507,3,False,True,True,True,0.0,0.0,0.38157567381858826,4,632
1840,27,11,0,True,10507,1,False,,,,,,0.7927168607711792,11,8039
1840,28,5,6,True,10507,4,False,False,False,False,0.3464101552963257,3.0,0.4669046700000763,8,6335
1840,29,9,2,True,10507,1,False,True,True,True,0.0,0.0,0.8506468534469604,9,9938
1840,30,2,9,False,49,3,True,False,False,False,0.19999998807907104,1.0,0.20199008285999298,3,369
1840,31,11,0,True,10507,1,False,,,,,,0.7927168607711792,11,8039
426,0,4,7,True,10507,1,False,False,False,False,0.44721361994743347,2.0,0.6881860494613647,6,295
426,1,8,3,True,10507,2,False,False,False,False,0.19999998807907104,1.0,0.7662897706031799,9,3318
426,2,10,1,True,10507,1,False,True,True,True,0.0,0.0,0.761577308177948,10,6251
426,3,10,1,True,10507,1,False,True,True,True,0.0,0.0,0.761577308177948,10,6251
426,4,3,8,True,10507,2,False,False,False,False,0.19999998807907104,1.0,0.5149757266044617,4,2420
426,5,9,2,True,10507,1,False,True,True,True,0.0,0.0,0.7400000095367432,9,9359
426,6,6,5,True,10507,4,False,False,False,False,0.20000001788139343,1.0,0.5607138276100159,7,9217
426,7,7,4,True,10507,1,False,False,False,False,0.19999998807907104,1.0,0.5317894220352173,8,1964
426,8,11,0,True,10507,1,False,,,,,,0.7927168607711792,11,8039
426,9,6,5,True,10507,1,False,False,False,False,0.4472135901451111,2.0,0.6280127167701721,8,1964
426,10,7,4,True,10507,1,False,False,False,False,0.2828426957130432,2.0,0.7607890963554382,9,2659
426,11,4,7,True,10507,1,False,False,False,False,0.20000001788139343,1.0,0.430813193321228,5,1952
426,12,9,2,True,10507,1,False,True,True,True,0.0,0.0,0.7613146305084229,9,10017
426,13,6,5,True,10507,1,False,False,False,False,0.4000000059604645,1.0,0.5953150987625122,7,2157
426,14,10,1,True,10507,1,False,True,True,True,0.0,0.0,0.7402702569961548,10,9359
426,15,7,4,True,10507,1,False,False,False,False,0.19999998807907104,1.0,0.6023288369178772,8,9359
426,16,4,7,True,10507,3,False,False,False,False,0.19999998807907104,1.0,0.5153639912605286,5,8332
426,17,6,5,True,10507,2,False,False,False,False,0.19999998807907104,1.0,0.6019967198371887,7,676
426,18,7,4,True,10507,1,False,False,False,False,0.5656854510307312,2.0,0.6832276582717896,9,8039
426,19,5,6,True,10507,2,False,True,True,True,0.0,0.0,0.5234501361846924,5,5003
426,20,8,3,True,10507,1,False,True,True,True,0.0,0.0,0.7610518932342529,8,10017
426,21,5,6,True,10507,1,False,False,False,False,0.2828426957130432,2.0,0.5949790477752686,7,1955
426,22,4,7,True,10507,7,False,True,True,True,0.0,0.0,0.31240999698638916,4,4872
426,23,11,0,True,10507,1,False,,,,,,0.7927168607711792,11,8039
426,24,5,6,True,10507,1,False,False,False,False,0.19999998807907104,1.0,0.6648308038711548,6,7767
426,25,5,6,True,10507,1,False,False,False,False,0.4898979663848877,3.0,0.6212890148162842,8,8039
426,26,9,2,True,10507,1,False,False,False,False,0.3999999761581421,1.0,0.6720119118690491,10,4065
426,27,11,0,True,10507,1,False,,,,,,0.7927168607711792,11,8039
426,28,11,0,True,10507,1,False,,,,,,0.7927168607711792,11,8039
426,29,9,2,True,10507,1,False,False,False,False,0.4000000059604645,1.0,0.5963220596313477,10,8039
426,30,1,10,False,10469,427,True,True,True,True,0.0,0.0,0.019999980926513672,1,5169
426,31,6,5,True,10507,1,False,False,False,False,0.4000000059604645,1.0,0.5535340905189514,7,10017
8072,0,9,2,True,10507,1,False,False,False,False,0.4000000059604645,1.0,0.5963220596313477,10,8039
8072,1,10,1,True,10507,2,False,True,True,True,0.0,0.0,0.7402702569961548,10,9359
8072,2,10,1,True,10507,2,False,True,True,True,0.0,0.0,0.7402702569961548,10,3318
8072,3,2,9,False,4,1,True,False,False,False,0.9380831718444824,8.0,0.938509464263916,10,4842
8072,4,5,6,True,10507,4,False,False,False,False,0.4472135901451111,2.0,0.4999999701976776,7,35
8072,5,1,10,False,25,1,True,False,False,False,1.0,8.0,1.0002000331878662,9,7928
8072,6,8,3,True,10507,1,False,True,True,True,0.0,0.0,0.4418144226074219,8,8039
8072,7,7,4,True,10507,1,False,False,False,False,0.44721361994743347,2.0,0.6283311247825623,9,7246
8072,8,8,3,True,10507,1,False,False,False,False,0.4472135603427887,2.0,0.6286493539810181,10,6251
8072,9,8,3,True,10507,2,False,False,False,False,0.19999998807907104,1.0,0.7343024611473083,9,5281
8072,10,3,8,False,220,2,True,True,True,True,0.0,0.0,0.03464100882411003,3,597
8072,11,11,0,True,10507,1,False,,,,,,0.7927168607711792,11,8039
8072,12,2,9,False,2,1,True,False,False,False,1.1313707828521729,7.0,1.1317243576049805,9,6251
8072,13,3,8,True,10507,3,False,False,False,False,0.19999998807907104,1.0,0.4660472273826599,4,8324
8072,14,11,0,True,10507,1,False,,,,,,0.7927168607711792,11,8039
8072,15,5,6,True,10507,2,False,False,False,False,0.19999998807907104,1.0,0.43127715587615967,6,7151
8072,16,10,1,True,10507,1,False,True,True,True,0.0,0.0,0.7924644947052002,10,8039
8072,17,7,4,True,10507,1,False,False,False,False,0.5291502475738525,4.0,0.6890572905540466,11,4842
8072,18,8,3,True,10507,1,False,True,True,True,0.0,0.0,0.7065408825874329,8,1964
8072,19,2,9,True,10507,2,False,False,False,False,0.2828426957130432,2.0,0.42047592997550964,4,1023
8072,20,4,7,True,10507,1,False,False,False,False,0.4898979663848877,3.0,0.5810335874557495,7,8039
8072,21,3,8,False,1,1,True,False,False,False,1.2328827381134033,8.0,1.2333693504333496,11,53
8072,22,2,9,False,1,1,True,False,False,False,1.039230465888977,8.0,1.039615273475647,10,8974
8072,23,5,6,False,7,1,True,False,False,False,0.19999998807907104,1.0,0.20493899285793304,6,8842
8072,24,2,9,False,2920,1,True,True,True,True,0.0,0.0,0.028284255415201187,2,5729
8072,25,9,2,True,10507,1,False,True,True,True,0.0,0.0,0.7717512845993042,9,9927
8072,26,7,4,True,10507,1,False,False,False,False,0.2828426957130432,2.0,0.5956509709358215,9,5973
8072,27,10,1,True,10507,1,False,True,True,True,0.0,0.0,0.7720103859901428,10,1964
8072,28,7,4,True,10507,1,False,False,False,False,0.2828426957130432,2.0,0.7607890963554382,9,9938
8072,29,6,5,True,10507,1,False,False,False,False,0.44721361994743347,2.0,0.5885576009750366,8,8039
8072,30,11,0,True,10507,1,False,,,,,,0.7927168607711792,11,8039
8072,31,7,4,True,10507,1,False,False,False,False,0.19999998807907104,1.0,0.6654322147369385,8,8931
4266,0,11,0,True,10507,1,False,,,,,,0.7927168607711792,11,8039
4266,1,5,6,False,1,1,True,False,False,False,1.039230465888977,5.0,1.0401922464370728,10,26
4266,2,10,1,True,10507,1,False,True,True,True,0.0,0.0,0.4939635396003723,10,8039
4266,3,8,3,True,10507,1,False,False,False,False,0.2828426957130432,2.0,0.7610519528388977,10,9359
4266,4,10,1,True,10507,1,False,True,True,True,0.0,0.0,0.761577308177948,10,8039
4266,5,3,8,False,1,1,True,False,False,False,1.3114876747131348,8.0,1.3119450807571411,11,53
4266,6,1,10,False,3,1,True,False,False,False,1.039230465888977,8.0,1.039422869682312,9,8974
4266,7,11,0,True,10507,1,False,,,,,,0.7927168607711792,11,8039
4266,8,5,6,True,10507,1,False,False,False,False,0.20000001788139343,1.0,0.43127715587615967,6,1952
4266,9,9,2,True,10507,1,False,True,True,True,0.0,0.0,0.7717512845993042,9,1964
4266,10,3,8,False,2,1,True,False,False,False,0.632455587387085,7.0,0.6334035396575928,10,8974
4266,11,8,3,True,10507,1,False,True,True,True,0.0,0.0,0.5396294593811035,8,7246
4266,12,11,0,True,10507,1,False,,,,,,0.7927168607711792,11,8039
4266,13,9,2,True,10507,1,False,False,False,False,0.20000001788139343,1.0,0.7665507793426514,10,3318
4266,14,6,5,True,10507,1,False,False,False,False,0.20000001788139343,1.0,0.5607138276100159,7,1964
4266,15,6,5,True,10507,1,False,False,False,False,0.20000001788139343,1.0,0.6406247019767761,7,9927
4266,16,2,9,True,10507,1,False,False,False,False,0.19999998807907104,1.0,0.369864821434021,3,4284
4266,17,2,9,False,2,1,True,False,False,False,1.216552495956421,7.0,1.216881275177002,9,26
4266,18,5,6,True,10507,2,False,False,False,False,0.20000001788139343,1.0,0.5157518982887268,6,2147
4266,19,2,9,True,10507,1,False,True,True,True,0.0,0.0,0.22090721130371094,2,7584
4266,20,5,6,True,10507,1,False,False,False,False,0.4000000059604645,1.0,0.5531726479530334,6,8039
4266,21,2,9,False,2,1,True,False,False,False,0.8717797994613647,8.0,0.8722385168075562,10,8974
4266,22,11,0,True,10507,1,False,,,,,,0.7927168607711792,11,8039
4266,23,11,0,True,10507,1,False,,,,,,0.7927168607711792,11,8039
4266,24,5,6,True,10507,1,False,False,False,False,0.19999998807907104,1.0,0.3714835047721863,6,1964
4266,25,8,3,True,10507,1,False,True,True,True,0.0,0.0,0.7714921236038208,8,9927
4266,26,6,5,True,10507,2,False,False,False,False,0.19999998807907104,1.0,0.4317406117916107,7,9497
4266,27,7,4,True,10507,1,False,True,True,True,0.0,0.0,0.7607890963554382,7,2157
4266,28,1,10,False,10419,39,True,True,True,True,0.0,0.0,0.019999980926513672,1,8392
4266,29,9,2,True,10507,1,False,False,False,False,0.2828426957130432,2.0,0.7613146901130676,11,9359
4266,30,2,9,True,10507,39,False,True,True,True,0.0,0.0,0.22090721130371094,2,8631
4266,31,10,1,True,10507,1,False,True,True,True,0.0,0.0,0.761577308177948,10,8039
7772,0,6,5,True,10507,1,False,True,True,True,0.0,0.0,0.44090816378593445,6,7045
7772,1,1,10,False,53,1,True,False,False,False,0.4898979961872101,3.0,0.4903060793876648,4,7264
7772,2,5,6,True,10507,1,False,False,False,False,0.2828427255153656,2.0,0.4753945767879486,7,3318
7772,3,8,3,True,10507,1,False,False,False,False,0.20000001788139343,1.0,0.6412488222122192,9,3318
7772,4,5,6,True,10507,1,False,False,False,False,0.20000001788139343,1.0,0.6016644239425659,6,8029
7772,5,11,0,True,10507,1,False,,,,,,0.7927168607711792,11,8039
7772,6,1,10,False,1,1,True,False,False,False,0.8717797994613647,8.0,0.8720091581344604,9,53
7772,7,1,10,False,1619,1,True,False,False,False,0.5291503071784973,4.0,0.5295281410217285,5,3318
7772,8,11,0,True,10507,1,False,,,,,,0.7927168607711792,11,8039
7772,9,4,7,False,2,1,True,False,False,False,0.9380831718444824,5.0,0.9389356374740601,9,4142
7772,10,2,9,False,1,1,True,False,False,False,0.5656853914260864,5.0,0.5663920640945435,7,26
7772,11,6,5,True,10507,1,False,False,False,False,0.34641018509864807,3.0,0.6651315689086914,9,3318
7772,12,10,1,True,10507,2,False,True,True,True,0.0,0.0,0.7402702569961548,10,3318
7772,13,4,7,True,10507,2,False,False,False,False,0.2828427255153656,2.0,0.4749736785888672,6,4065
7772,14,4,7,True,10507,1,False,False,False,False,0.20000001788139343,1.0,0.3709447383880615,5,6029
7772,15,5,6,True,10507,1,False,False,False,False,0.19999998807907104,1.0,0.3714835047721863,6,9359
7772,16,6,5,True,10507,4,False,True,True,True,0.0,0.0,0.5678027868270874,6,2583
7772,17,3,8,True,10507,1,False,False,False,False,0.34641018509864807,3.0,0.5875372886657715,6,3318
7772,18,3,8,True,10507,1,False,False,False,False,0.19999998807907104,1.0,0.4303486943244934,4,5793
7772,19,4,7,True,10507,1,False,False,False,False,0.2828426957130432,2.0,0.4214261472225189,6,9359
7772,20,5,6,True,10507,1,False,False,False,False,0.2828427255153656,2.0,0.5234501361846924,7,4065
7772,21,10,1,True,10507,1,False,True,True,True,0.0,0.0,0.7924644947052002,10,8039
7772,22,11,0,True,10507,1,False,,,,,,0.7927168607711792,11,8039
7772,23,2,9,False,7,1,True,False,False,False,0.44721361994743347,2.0,0.44810718297958374,4,7264
7772,24,11,0,True,10507,1,False,,,,,,0.7927168607711792,11,8039
7772,25,11,0,True,10507,1,False,,,,,,0.7927168607711792,11,8039
7772,26,5,6,True,10507,1,False,False,False,False,0.2828427255153656,2.0,0.5234500765800476,7,4065
7772,27,11,0,True,10507,1,False,,,,,,0.7927168607711792,11,8039
7772,28,5,6,True,10507,1,False,False,False,False,0.19999998807907104,1.0,0.5603570342063904,6,9359
7772,29,1,10,False,1619,1,True,False,False,False,0.5291503071784973,4.0,0.5295281410217285,5,3318
7772,30,3,8,False,1,1,True,False,False,False,0.8246210813522339,6.0,0.825348436832428,9,53
7772,31,9,2,True,10507,1,False,False,False,False,0.2828427255153656,2.0,0.7613146901130676,11,3318
866,0,2,9,False,25,1,True,False,False,False,0.800000011920929,7.0,0.8004998564720154,9,7928
866,1,8,3,True,10507,2,False,False,False,False,0.4000000059604645,1.0,0.8119113445281982,9,3318
866,2,11,0,True,10507,1,False,,,,,,0.7927168607711792,11,8039
866,3,11,0,True,10507,1,False,,,,,,0.7927168607711792,11,8039
866,4,4,7,True,10507,2,False,False,False,False,0.2828426957130432,2.0,0.5946427583694458,6,9937
866,5,2,9,True,10507,1,False,False,False,False,0.19999998807907104,1.0,0.4656178951263428,3,4142
866,6,8,3,True,10507,1,False,False,False,False,0.44721361994743347,2.0,0.6286493539810181,10,8039
866,7,2,9,False,2,1,True,False,False,False,0.8485281467437744,7.0,0.8489994406700134,9,8974
866,8,9,2,True,10507,1,False,True,True,True,0.0,0.0,0.7613146305084229,9,6251
866,9,11,0,True,10507,1,False,,,,,,0.7927168607711792,11,8039
866,10,6,5,True,10507,4,False,True,True,True,0.0,0.0,0.5678027868270874,6,4137
866,11,8,3,True,10507,1,False,False,False,False,0.19999998807907104,1.0,0.6776430010795593,9,1964
866,12,4,7,True,10507,1,False,False,False,False,0.4898979663848877,3.0,0.6209670305252075,7,8039
866,13,4,7,True,10507,2,False,False,False,False,0.3999999761581421,1.0,0.5528109669685364,5,5398
866,14,9,2,True,10507,1,False,True,True,True,0.0,0.0,0.7613146305084229,9,6251
866,15,4,7,False,1,1,True,False,False,False,1.0198038816452026,6.0,1.0205880403518677,10,26
866,16,2,9,False,2,1,True,False,False,False,0.19999998807907104,1.0,0.20199008285999298,3,4142
866,17,11,0,True,10507,1,False,,,,,,0.7927168607711792,11,8039
866,18,8,3,True,10507,1,False,False,False,False,0.4000000059604645,1.0,0.595986545085907,9,8039
866,19,2,9,False,23,6,True,False,False,False,0.6324555277824402,2.0,0.633087694644928,4,7889
866,20,8,3,True,10507,1,False,False,False,False,0.44721361994743347,2.0,0.5892367959022522,10,8039
866,21,6,5,True,10507,2,False,False,False,False,0.2828426957130432,2.0,0.5238320231437683,8,3829
866,22,8,3,True,10507,1,False,False,False,False,0.44721361994743347,2.0,0.6286493539810181,10,8039
866,23,3,8,False,2,1,True,False,False,False,0.7483314871788025,5.0,0.7491328716278076,8,6251
866,24,11,0,True,10507,1,False,,,,,,0.7927168607711792,11,8039
866,25,6,5,True,10507,1,False,False,False,False,0.2828426957130432,2.0,0.634350061416626,8,5278
866,26,10,1,True,10507,1,False,False,False,False,0.3999999761581421,1.0,0.6723094582557678,11,4065
866,27,8,3,True,10507,1,False,True,True,True,0.0,0.0,0.7397297024726868,8,1964
866,28,8,3,True,10507,1,False,True,True,True,0.0,0.0,0.49315309524536133,8,8039
866,29,9,2,True,10507,1,False,False,False,False,0.4000000059604645,1.0,0.5963220596313477,10,8039
866,30,7,4,True,10507,2,False,False,False,False,0.19999998807907104,1.0,0.6023288369178772,8,676
866,31,4,7,True,10507,4,False,False,False,False,0.19999998807907104,1.0,0.5600000023841858,5,9507
6452,0,1,10,False,10419,12,True,True,True,True,0.0,0.0,0.019999980926513672,1,640
6452,1,1,10,False,25,1,True,False,False,False,0.5999999642372131,6.0,0.6003332734107971,7,1159
6452,2,9,2,True,10507,1,False,False,False,False,0.2828426957130432,2.0,0.5249761939048767,11,8039
6452,3,4,7,True,10507,1,False,False,False,False,0.2828426957130432,2.0,0.42142611742019653,6,5973
6452,4,3,8,False,2,2,True,False,False,False,0.6928203105926514,6.0,0.6936858296394348,9,7502
6452,5,1,10,False,53,1,True,False,False,False,0.4472135603427887,2.0,0.44766056537628174,3,405
6452,6,2,9,True,10507,1,False,False,False,False,0.2828426957130432,2.0,0.3588871657848358,4,7278
6452,7,9,2,True,10507,1,False,False,False,False,0.2828426957130432,2.0,0.5249761939048767,11,8039
6452,8,10,1,True,10507,1,False,True,True,True,0.0,0.0,0.7924644947052002,10,8039
6452,9,1,10,False,53,1,True,False,False,False,0.4472135603427887,2.0,0.44766056537628174,3,405
6452,10,6,5,True,10507,1,False,False,False,False,0.2828426957130432,2.0,0.634350061416626,8,5278
6452,11,5,6,True,10507,1,False,False,False,False,0.6000000238418579,3.0,0.6767570376396179,8,6251
6452,12,3,8,False,1,1,True,False,False,False,1.0198040008544922,6.0,1.0203920602798462,9,26
6452,13,10,1,True,10507,1,False,True,True,True,0.0,0.0,0.7402702569961548,10,9359
6452,14,11,0,True,10507,1,False,,,,,,0.7927168607711792,11,8039
6452,15,5,6,True,10507,1,False,False,False,False,0.19999998807907104,1.0,0.5603570342063904,6,7358
6452,16,8,3,True,10507,2,False,False,False,False,0.4000000059604645,1.0,0.8119113445281982,9,9359
6452,17,8,3,True,10507,1,False,False,False,False,0.2828426957130432,2.0,0.8409518599510193,10,4842
6452,18,1,10,False,1,1,True,False,False,False,1.5099668502807617,9.0,1.5100992918014526,10,53
6452,19,11,0,True,10507,1,False,,,,,,0.7927168607711792,11,8039
6452,20,1,10,False,1,1,True,False,False,False,1.5099668502807617,9.0,1.5100992918014526,10,53
6452,21,10,1,True,10507,1,False,True,True,True,0.0,0.0,0.7924644947052002,10,8039
6452,22,6,5,True,10507,1,False,False,False,False,0.19999998807907104,1.0,0.531413197517395,7,1964
6452,23,6,5,True,10507,1,False,False,False,False,0.4000000059604645,1.0,0.8309031128883362,7,6251
6452,24,4,7,True,10507,1,False,False,False,False,0.4000000059604645,4.0,0.5810335874557495,8,4516
6452,25,9,2,True,10507,1,False,True,True,True,0.0,0.0,0.6477653980255127,9,1964
6452,26,10,1,True,10507,1,False,False,False,False,0.19999998807907104,1.0,0.846167802810669,11,4842
6452,27,9,2,True,10507,1,False,False,False,False,0.4000000059604645,1.0,0.6352952122688293,10,4065
6452,28,10,1,True,10507,1,False,True,True,True,0.0,0.0,0.761577308177948,10,6251
6452,29,8,3,True,10507,1,False,False,False,False,0.4472135901451111,2.0,0.6286493539810181,10,8039
6452,30,6,5,True,10507,1,False,False,False,False,0.3464101552963257,3.0,0.6651315689086914,9,3318
6452,31,9,2,True,10507,1,False,False,False,False,0.4472135901451111,2.0,0.6289674043655396,11,8039
6670,0,11,0,True,10507,1,False,,,,,,0.7927168607711792,11,8039
6670,1,10,1,True,10507,1,False,True,True,True,0.0,0.0,0.7924644947052002,10,8039
6670,2,1,10,False,10469,27,True,True,True,True,0.0,0.0,0.019999980926513672,1,5025
6670,3,4,7,True,10507,1,False,False,False,False,0.4472135901451111,5.0,0.6881860494613647,9,8029
6670,4,2,9,False,1,1,True,False,False,False,1.3711309432983398,9.0,1.371422529220581,11,53
6670,5,1,10,False,10419,27,True,True,True,True,0.0,0.0,0.019999980926513672,1,4790
6670,6,2,9,False,49,2,True,False,False,False,0.19999998807907104,1.0,0.20199008285999298,3,418
6670,7,7,4,True,10507,1,False,False,False,False,0.19999998807907104,1.0,0.6023288369178772,8,9359
6670,8,3,8,False,1,1,True,False,False,False,1.2328827381134033,8.0,1.2333693504333496,11,53
6670,9,9,2,True,10507,2,False,False,False,False,0.19999998807907104,1.0,0.7665507793426514,10,3318
6670,10,11,0,True,10507,1,False,,,,,,0.7927168607711792,11,8039
6670,11,5,6,True,10507,2,False,False,False,False,0.19999998807907104,1.0,0.43127715587615967,6,9508
6670,12,5,6,True,10507,1,False,False,False,False,0.34641018509864807,3.0,0.4669046998023987,8,8039
6670,13,9,2,True,10507,2,False,False,False,False,0.19999998807907104,1.0,0.7665507793426514,10,9359
6670,14,5,6,True,10507,2,False,False,False,False,0.3464101552963257,3.0,0.4669046998023987,8,3318
6670,15,2,9,True,10507,1,False,False,False,False,0.19999998807907104,1.0,0.3698648512363434,3,5021
6670,16,3,8,True,10507,1,False,True,True,True,0.0,0.0,0.2218107283115387,3,7278
6670,17,10,1,True,10507,1,False,True,True,True,0.0,0.0,0.7924644947052002,10,8039
6670,18,10,1,True,10507,1,False,False,False,False,0.20000001788139343,1.0,0.7874007821083069,11,8039
6670,19,1,10,False,1619,7,True,True,True,True,0.0,0.0,0.02000001072883606,1,8306
6670,20,10,1,True,10507,1,False,False,False,False,0.20000001788139343,1.0,0.7874007821083069,11,8039
6670,21,11,0,True,10507,1,False,,,,,,0.7927168607711792,11,8039
6670,22,9,2,True,10507,2,False,False,False,False,0.19999998807907104,1.0,0.7665507793426514,10,3318
6670,23,11,0,True,10507,1,False,,,,,,0.7927168607711792,11,8039
6670,24,5,6,True,10507,4,False,False,False,False,0.2828426957130432,2.0,0.4753945469856262,7,7151
6670,25,8,3,True,10507,1,False,True,True,True,0.0,0.0,0.7397297024726868,8,3318
6670,26,4,7,True,10507,5,False,False,False,False,0.2828426957130432,2.0,0.5528110265731812,6,254
6670,27,11,0,True,10507,1,False,,,,,,0.7927168607711792,11,8039
6670,28,8,3,True,10507,2,False,False,False,False,0.20000001788139343,1.0,0.6026607751846313,9,9359
6670,29,8,3,True,10507,1,False,False,False,False,0.20000001788139343,1.0,0.5321654081344604,9,8039
6670,30,11,0,True,10507,1,False,,,,,,0.7927168607711792,11,8039
6670,31,2,9,False,2,1,True,False,False,False,0.6324555277824402,4.0,0.6330876350402832,6,9623
972,0,10,1,True,10507,1,False,False,False,False,0.19999998807907104,1.0,0.5329164862632751,11,8039
972,1,11,0,True,10507,1,False,,,,,,0.7927168607711792,11,8039
972,2,3,8,False,1,1,True,False,False,False,1.1313707828521729,7.0,1.1319010257720947,10,26
972,3,1,10,False,1619,5,True,False,False,False,0.19999998807907104,1.0,0.2009975016117096,2,9308
972,4,5,6,True,10507,1,False,False,False,False,0.3464101552963257,3.0,0.5458937883377075,8,5625
972,5,5,6,True,10507,2,False,False,False,False,0.2828426957130432,2.0,0.7280110120773315,7,9150
972,6,11,0,True,10507,1,False,,,,,,0.7927168607711792,11,8039
972,7,8,3,True,10507,1,False,False,False,False,0.4472135901451111,2.0,0.6657326817512512,10,4065
972,8,4,7,True,10507,1,False,False,False,False,0.19999998807907104,1.0,0.601331889629364,5,9665
972,9,7,4,True,10507,1,False,False,False,False,0.4000000059604645,1.0,0.6948381066322327,8,8974
972,10,1,10,False,1619,5,True,False,False,False,0.19999998807907104,1.0,0.2009975016117096,2,4343
972,11,7,4,True,10507,2,False,True,True,True,0.0,0.0,0.6089335083961487,7,7151
972,12,7,4,True,10507,1,False,False,False,False,0.4000000059604645,1.0,0.8116649985313416,8,8029
972,13,3,8,False,2,1,True,False,False,False,0.8246211409568787,6.0,0.825348436832428,9,8974
972,14,5,6,True,10507,1,False,False,False,False,0.3464101552963257,3.0,0.6648308038711548,8,2659
972,15,2,9,True,10507,1,False,False,False,False,0.3464101552963257,3.0,0.5447935461997986,5,3016
972,16,8,3,True,10507,1,False,True,True,True,0.0,0.0,0.5685068368911743,8,6324
972,17,6,5,True,10507,1,False,False,False,False,0.6000000238418579,3.0,0.7116178870201111,9,8039
972,18,4,7,False,1,1,True,False,False,False,0.4000000059604645,1.0,0.4019950032234192,5,6315
972,19,7,4,True,10507,1,False,True,True,True,0.0,0.0,0.7394592761993408,7,8917
972,20,10,1,True,10507,1,False,True,True,True,0.0,0.0,0.7720103859901428,10,1964
972,21,6,5,True,10507,4,False,False,False,False,0.19999998807907104,1.0,0.601996660232544,7,2956
972,22,4,7,True,10507,1,False,False,False,False,0.5291502475738525,4.0,0.7440429925918579,8,2659
972,23,5,6,True,10507,1,False,False,False,False,0.20000001788139343,1.0,0.6648308038711548,6,1420
972,24,6,5,True,10507,1,False,False,False,False,0.19999998807907104,1.0,0.531413197517395,7,2157
972,25,5,6,True,10507,1,False,False,False,False,0.3464101552963257,3.0,0.5603570342063904,8,9677
972,26,7,4,True,10507,1,False,False,False,False,0.6928203105926514,4.0,0.8501764535903931,11,4842
972,27,2,9,False,25,3,True,False,False,False,0.4472135901451111,2.0,0.44810712337493896,4,10070
972,28,7,4,True,10507,1,False,False,False,False,0.6000000238418579,3.0,0.7448490262031555,10,4065
972,29,7,4,True,10507,1,False,False,False,False,0.19999998807907104,1.0,0.5317894220352173,8,2157
972,30,4,7,True,10507,2,False,True,True,True,0.0,0.0,0.5946428179740906,4,9900
972,31,8,3,True,10507,1,False,True,True,True,0.0,0.0,0.6474565863609314,8,1949
5996,0,1,10,False,53,2,True,False,False,False,0.4898979663848877,3.0,0.4903060495853424,4,9623
5996,1,9,2,True,10507,2,False,True,True,True,0.0,0.0,0.7400000095367432,9,3318
5996,2,8,3,True,10507,1,False,False,False,False,0.20000001788139343,1.0,0.5321654081344604,9,4065
5996,3,1,10,False,10419,1,True,True,True,True,0.0,0.0,0.019999980926513672,1,5996
5996,4,3,8,False,1,1,True,False,False,False,1.2000000476837158,7.0,1.2004998922348022,10,53
5996,5,3,8,False,25,1,True,False,False,False,0.6633249521255493,5.0,0.6642288565635681,8,4142
5996,6,4,7,True,10507,1,False,False,False,False,0.3464101552963257,3.0,0.4664761424064636,7,9873
5996,7,11,0,True,10507,1,False,,,,,,0.7927168607711792,11,8039
5996,8,8,3,True,10507,1,False,False,False,False,0.4472135901451111,2.0,0.5892367959022522,10,8039
5996,9,10,1,True,10507,1,False,False,False,False,0.19999998807907104,1.0,0.5329164862632751,11,8039
5996,10,8,3,True,10507,1,False,False,False,False,0.3464101552963257,3.0,0.516913890838623,11,8039
5996,11,9,2,True,10507,2,False,False,False,False,0.19999998807907104,1.0,0.7665507793426514,10,9359
5996,12,7,4,True,10507,1,False,False,False,False,0.2828427255153656,2.0,0.5242136716842651,9,4065
5996,13,7,4,True,10507,1,False,True,True,True,0.0,0.0,0.7394593358039856,7,9359
5996,14,1,10,False,10469,1,True,True,True,True,0.0,0.0,0.019999980926513672,1,5996
5996,15,9,2,True,10507,1,False,True,True,True,0.0,0.0,0.7613146305084229,9,8039
5996,16,4,7,True,10507,1,False,False,False,False,0.2828427255153656,2.0,0.5946427583694458,6,7264
5996,17,6,5,True,10507,1,False,False,False,False,0.19999998807907104,1.0,0.6406247019767761,7,4771
5996,18,7,4,True,10507,1,False,False,False,False,0.19999998807907104,1.0,0.6023288369178772,8,2147
5996,19,8,3,True,10507,2,False,True,True,True,0.0,0.0,0.7397297024726868,8,3318
5996,20,5,6,True,10507,2,False,False,False,False,0.3464101552963257,3.0,0.4669046998023987,8,6029
5996,21,3,8,True,10507,2,False,False,False,False,0.2828426957130432,2.0,0.3594439923763275,5,5989
5996,22,1,10,False,10469,1,True,True,True,True,0.0,0.0,0.019999980926513672,1,5996
5996,23,7,4,True,10507,2,False,False,False,False,0.2828426957130432,2.0,0.5956509113311768,9,9359
5996,24,5,6,True,10507,1,False,True,True,True,0.0,0.0,0.382099449634552,5,7264
5996,25,5,6,True,10507,2,False,False,False,False,0.3464101552963257,3.0,0.5157518982887268,8,7045
5996,26,1,10,False,10469,1,True,True,True,True,0.0,0.0,0.019999980926513672,1,5996
5996,27,6,5,True,10507,1,False,False,False,False,0.4898979663848877,3.0,0.6216108202934265,9,8039
5996,28,9,2,True,10507,2,False,True,True,True,0.0,0.0,0.7068239450454712,9,9359
5996,29,7,4,True,10507,2,False,False,False,False,0.20000001788139343,1.0,0.73403000831604,8,3318
5996,30,3,8,True,10507,1,False,False,False,False,0.2828426957130432,2.0,0.4745523929595947,5,2301
5996,31,2,9,False,25,1,True,False,False,False,0.6633249521255493,5.0,0.6639276742935181,7,4142
1439,0,3,8,True,10507,1,False,True,True,True,0.0,0.0,0.31176915764808655,3,9330
1439,1,4,7,True,10507,2,False,True,True,True,0.0,0.0,0.5230678915977478,4,5063
1439,2,3,8,True,10507,1,False,False,False,False,0.4000000059604645,4.0,0.6581792831420898,7,5281
1439,3,3,8,False,3,1,True,False,False,False,0.2828426957130432,2.0,0.2849561274051666,5,418
1439,4,5,6,True,10507,1,False,False,False,False,0.4472135901451111,2.0,0.7224956750869751,7,1964
1439,5,4,7,True,10507,1,False,False,False,False,0.4472135901451111,2.0,0.7222188115119934,6,1964
1439,6,5,6,True,10507,4,False,False,False,False,0.19999998807907104,1.0,0.6016643643379211,6,5993
1439,7,9,2,True,10507,1,False,True,True,True,0.0,0.0,0.6095900535583496,9,8974
1439,8,1,10,False,10469,45,True,True,True,True,0.0,0.0,0.019999980926513672,1,545
1439,9,5,6,True,10507,3,False,False,False,False,0.2828426957130432,2.0,0.4753945469856262,7,9871
1439,10,5,6,True,10507,1,False,False,False,False,0.2828426957130432,2.0,0.7280110120773315,7,10020
1439,11,4,7,True,10507,1,False,False,False,False,0.2828426957130432,2.0,0.523067831993103,6,1964
1439,12,5,6,True,10507,1,False,False,False,False,0.2828426957130432,2.0,0.5234500765800476,7,4771
1439,13,6,5,True,10507,3,False,False,False,False,0.2828426957130432,2.0,0.5535340905189514,8,5357
1439,14,8,3,True,10507,2,False,False,False,False,0.19999998807907104,1.0,0.7662897706031799,9,8029
1439,15,6,5,True,10507,1,False,False,False,False,0.2828426957130432,2.0,0.4758150577545166,8,8974
1439,16,7,4,True,10507,1,False,False,False,False,0.19999998807907104,1.0,0.7866384983062744,8,5625
1439,17,2,9,False,25,1,True,False,False,False,0.2828426957130432,2.0,0.28425338864326477,4,4142
1439,18,7,4,True,10507,1,False,False,False,False,0.2828426957130432,2.0,0.634665310382843,9,8974
1439,19,3,8,True,10507,2,False,False,False,False,0.2828426957130432,2.0,0.4209512770175934,5,236
1439,20,11,0,True,10507,1,False,,,,,,0.7927168607711792,11,8039
1439,21,7,4,True,10507,1,False,False,False,False,0.19999998807907104,1.0,0.7866384387016296,8,5625
1439,22,7,4,True,10507,1,False,False,False,False,0.2828426957130432,2.0,0.6714164614677429,9,4771
1439,23,3,8,False,2,1,True,False,False,False,0.2828426957130432,2.0,0.2849561274051666,5,4142
1439,24,6,5,True,10507,1,False,False,False,False,0.5291502475738525,4.0,0.6887670159339905,10,4842
1439,25,5,6,True,10507,1,False,False,False,False,0.19999998807907104,1.0,0.6016643643379211,6,5054
1439,26,3,8,False,6,1,True,False,False,False,0.2828426957130432,2.0,0.2849561274051666,5,405
1439,27,11,0,True,10507,1,False,,,,,,0.7927168607711792,11,8039
1439,28,7,4,True,10507,1,False,False,False,False,0.2828426957130432,2.0,0.5242136716842651,9,10472
1439,29,7,4,True,10507,1,False,True,True,True,0.0,0.0,0.6471475958824158,7,1964
1439,30,3,8,True,10507,1,False,False,False,False,0.2828426957130432,2.0,0.4209512770175934,5,7298
1439,31,11,0,True,10507,1,False,,,,,,0.7927168607711792,11,8039
6441,0,11,0,True,10507,1,False,,,,,,0.7927168607711792,11,8039
6441,1,5,6,False,1,1,True,False,False,False,1.1135528087615967,6.0,1.114450454711914,11,26
6441,2,6,5,True,10507,1,False,False,False,False,0.19999998807907104,1.0,0.601996660232544,7,3318
6441,3,11,0,True,10507,1,False,,,,,,0.7927168607711792,11,8039
6441,4,9,2,True,10507,1,False,True,True,True,0.0,0.0,0.7613146305084229,9,6251
6441,5,4,7,True,10507,1,False,False,False,False,0.4000000059604645,4.0,0.5075430870056152,8,5281
6441,6,7,4,True,10507,1,False,False,False,False,0.20000001788139343,1.0,0.6409368515014648,8,1964
6441,7,6,5,True,10507,1,False,False,False,False,0.4472135901451111,2.0,0.5885575413703918,8,8039
6441,8,7,4,True,10507,1,False,False,False,False,0.4898979663848877,3.0,0.831143856048584,10,9359
6441,9,8,3,True,10507,1,False,False,False,False,0.2828426957130432,2.0,0.8119113445281982,10,4842
6441,10,10,1,True,10507,1,False,True,True,True,0.0,0.0,0.761577308177948,10,8039
6441,11,4,7,True,10507,1,False,False,False,False,0.44721361994743347,2.0,0.6881860494613647,6,10202
6441,12,7,4,True,10507,1,False,False,False,False,0.6000000238418579,3.0,0.711898922920227,10,8039
6441,13,1,10,False,26,1,True,False,False,False,0.4898979663848877,3.0,0.4903060495853424,4,4142
6441,14,5,6,True,10507,1,False,False,False,False,0.19999998807907104,1.0,0.48373547196388245,6,5280
6441,15,4,7,True,10507,1,False,False,False,False,0.2828426957130432,2.0,0.4749736785888672,6,10472
6441,16,8,3,True,10507,1,False,False,False,False,0.6324555277824402,2.0,0.8313843607902527,10,4842
6441,17,5,6,True,10507,6,False,False,False,False,0.2828426957130432,2.0,0.5949789881706238,7,9217
6441,18,1,10,False,10469,3,True,True,True,True,0.0,0.0,0.019999980926513672,1,1003
6441,19,1,10,False,2983,3,True,True,True,True,0.0,0.0,0.019999995827674866,1,3013
6441,20,8,3,True,10507,1,False,False,False,False,0.2828426957130432,2.0,0.7919596433639526,10,5281
6441,21,3,8,False,245,1,True,False,False,False,0.4898979663848877,3.0,0.49112117290496826,6,2127
6441,22,8,3,True,10507,1,False,False,False,False,0.2828426957130432,2.0,0.7919596433639526,10,5281
6441,23,1,10,False,3,1,True,False,False,False,0.9165151715278625,7.0,0.9167333841323853,8,8974
6441,24,10,1,True,10507,1,False,True,True,True,0.0,0.0,0.7924644947052002,10,8039
6441,25,10,1,True,10507,2,False,False,False,False,0.19999998807907104,1.0,0.7668116688728333,11,9359
6441,26,4,7,True,10507,1,False,False,False,False,0.2828426957130432,2.0,0.4749736785888672,6,10472
6441,27,2,9,False,25,1,True,False,False,False,0.4898979663848877,3.0,0.49071377515792847,5,4142
6441,28,1,10,False,2983,3,True,True,True,True,0.0,0.0,0.019999995827674866,1,6441
6441,29,9,2,True,10507,1,False,True,True,True,0.0,0.0,0.7400000691413879,9,1964
6441,30,11,0,True,10507,1,False,,,,,,0.7927168607711792,11,8039
6441,31,5,6,True,10507,1,False,True,True,True,0.0,0.0,0.3130495250225067,5,4082
3169,0,9,2,True,10507,2,False,False,False,False,0.20000001788139343,1.0,0.7345747351646423,10,3318
3169,1,8,3,True,10507,1,False,False,False,False,0.19999998807907104,1.0,0.6776430010795593,9,1964
3169,2,6,5,True,10507,1,False,False,False,False,0.4898979663848877,3.0,0.6216108202934265,9,8039
3169,3,9,2,True,10507,1,False,False,False,False,0.40000003576278687,1.0,0.6352952122688293,10,8039
3169,4,8,3,True,10507,1,False,True,True,True,0.0,0.0,0.5685068368911743,8,2147
3169,5,11,0,True,10507,1,False,,,,,,0.7927168607711792,11,8039
3169,6,7,4,True,10507,5,False,True,True,True,0.0,0.0,0.5242137312889099,7,6512
3169,7,1,10,False,10419,164,True,True,True,True,0.0,0.0,0.019999980926513672,1,266
3169,8,1,10,False,576,3,True,False,False,False,0.19999998807907104,1.0,0.2009975016117096,2,2308
3169,9,2,9,False,220,7,True,True,True,True,0.0,0.0,0.02828427590429783,2,10478
3169,10,7,4,True,10507,1,False,False,False,False,0.44721361994743347,2.0,0.5888972878456116,9,8039
3169,11,5,6,True,10507,1,False,False,False,False,0.2828426957130432,2.0,0.4753945767879486,7,9359
3169,12,2,9,False,1,1,True,False,False,False,1.216552495956421,9.0,1.216881275177002,11,53
3169,13,6,5,True,10507,1,False,False,False,False,0.2828426957130432,2.0,0.7282857298851013,8,9359
3169,14,11,0,True,10507,1,False,,,,,,0.7927168607711792,11,8039
3169,15,10,1,True,10507,1,False,True,True,True,0.0,0.0,0.7402702569961548,10,9359
3169,16,10,1,True,10507,1,False,True,True,True,0.0,0.0,0.7402702569961548,10,3318
3169,17,5,6,True,10507,2,False,True,True,True,0.0,0.0,0.5234501361846924,5,7132
3169,18,3,8,True,10507,1,False,True,True,True,0.0,0.0,0.4745524525642395,3,5716
3169,19,6,5,True,10507,1,False,True,True,True,0.0,0.0,0.5678027868270874,6,1955
3169,20,3,8,False,1,1,True,False,False,False,1.1489125490188599,8.0,1.1494345664978027,11,53
3169,21,5,6,True,10507,1,False,False,False,False,0.2828426957130432,2.0,0.5234501361846924,7,1964
3169,22,3,8,False,1,1,True,False,False,False,1.039230465888977,7.0,1.039807677268982,10,26
3169,23,6,5,True,10507,2,False,True,True,True,0.0,0.0,0.3136877417564392,6,8097
3169,24,4,7,True,10507,1,False,False,False,False,0.19999998807907104,1.0,0.3709447383880615,5,490
3169,25,5,6,True,10507,4,False,False,False,False,0.2828426957130432,2.0,0.36055511236190796,7,2663
3169,26,11,0,True,10507,1,False,,,,,,0.7927168607711792,11,8039
3169,27,9,2,True,10507,1,False,False,False,False,0.3999999761581421,1.0,0.6720119118690491,10,4065
3169,28,5,6,True,10507,7,False,False,False,False,0.20000001788139343,1.0,0.3714834749698639,6,6512
3169,29,6,5,True,10507,1,False,False,False,False,0.19999998807907104,1.0,0.4317406415939331,7,9359
3169,30,6,5,True,10507,1,False,False,False,False,0.3464101552963257,3.0,0.5607137680053711,9,8029
3169,31,3,8,True,10507,1,False,False,False,False,0.34641018509864807,3.0,0.5149757266044617,6,2157
4437,0,11,0,True,10507,1,False,,,,,,0.7927168607711792,11,8039
4437,1,4,7,True,10507,2,False,False,False,False,0.2828426957130432,2.0,0.5528109669685364,6,9597
4437,2,9,2,True,10507,1,False,True,True,True,0.0,0.0,0.7717512845993042,9,1964
4437,3,7,4,True,10507,1,False,True,True,True,0.0,0.0,0.44136151671409607,7,10017
4437,4,1,10,False,25,1,True,False,False,False,0.9380831718444824,8.0,0.938296377658844,9,7928
4437,5,9,2,True,10507,1,False,True,True,True,0.0,0.0,0.7400000095367432,9,9359
4437,6,10,1,True,10507,1,False,True,True,True,0.0,0.0,0.7924644947052002,10,8039
4437,7,7,4,True,10507,2,False,False,False,False,0.2828426957130432,2.0,0.7285602688789368,9,7882
4437,8,11,0,True,10507,1,False,,,,,,0.7927168607711792,11,8039
4437,9,6,5,True,10507,1,False,False,False,False,0.2828426957130432,2.0,0.6590902805328369,8,4516
4437,10,9,2,True,10507,1,False,True,True,True,0.0,0.0,0.7400000095367432,9,9359
4437,11,9,2,True,10507,1,False,True,True,True,0.0,0.0,0.7717512845993042,9,9927
4437,12,6,5,True,10507,1,False,False,False,False,0.2828427255153656,2.0,0.5238320231437683,8,2157
4437,13,3,8,False,1,1,True,False,False,False,1.095445156097412,7.0,1.0959926843643188,10,26
4437,14,8,3,True,10507,1,False,False,False,False,0.4898979365825653,3.0,0.6596969366073608,11,4065
4437,15,9,2,True,10507,2,False,False,False,False,0.19999998807907104,1.0,0.7345747351646423,10,7882
4437,16,2,9,True,10507,1,False,False,False,False,0.3999999761581421,4.0,0.5067543983459473,6,2659
4437,17,8,3,True,10507,1,False,False,False,False,0.2828427255153656,2.0,0.5245950818061829,10,8039
4437,18,9,2,True,10507,2,False,True,True,True,0.0,0.0,0.7400000095367432,9,9359
4437,19,9,2,True,10507,1,False,False,False,False,0.20000001788139343,1.0,0.7345747351646423,10,9359
4437,20,11,0,True,10507,1,False,,,,,,0.7927168607711792,11,8039
4437,21,3,8,False,7,1,True,False,False,False,0.20000001788139343,1.0,0.20297783613204956,4,8842
4437,22,7,4,True,10507,1,False,False,False,False,0.19999998807907104,1.0,0.7005712389945984,8,8931
4437,23,8,3,True,10507,1,False,False,False,False,0.3999999761581421,1.0,0.595986545085907,9,6251
4437,24,11,0,True,10507,1,False,,,,,,0.7927168607711792,11,8039
4437,25,3,8,False,7,1,True,False,False,False,0.20000001788139343,1.0,0.20297783613204956,4,8842
4437,26,8,3,True,10507,2,False,False,False,False,0.19999998807907104,1.0,0.7343024015426636,9,6324
4437,27,7,4,True,10507,1,False,False,False,False,0.40000003576278687,1.0,0.5956509709358215,8,10017
4437,28,2,9,False,510,6,True,False,False,False,0.2828426957130432,2.0,0.28425338864326477,4,5093
4437,29,3,8,True,10507,7,False,True,True,True,0.0,0.0,0.31176915764808655,3,8059
4437,30,5,6,True,10507,1,False,False,False,False,0.20000001788139343,1.0,0.7000000476837158,6,9938
4437,31,11,0,True,10507,1,False,,,,,,0.7927168607711792,11,8039
6812,0,11,0,True,10507,1,False,,,,,,0.7927168607711792,11,8039
6812,1,8,3,True,10507,2,False,False,False,False,0.19999998807907104,1.0,0.700856626033783,9,6324
6812,2,7,4,True,10507,1,False,False,False,False,0.44721361994743347,2.0,0.9092854261398315,9,7246
6812,3,10,1,True,10507,1,False,True,True,True,0.0,0.0,0.7924644947052002,10,8039
6812,4,9,2,True,10507,1,False,True,True,True,0.0,0.0,0.44226688146591187,9,8039
6812,5,4,7,True,10507,1,False,False,False,False,0.19999998807907104,1.0,0.43081316351890564,5,428
6812,6,10,1,True,10507,2,False,True,True,True,0.0,0.0,0.7402702569961548,10,3318
6812,7,1,10,False,3,1,True,False,False,False,1.0,8.0,1.0002000331878662,9,8974
6812,8,7,4,True,10507,1,False,False,False,False,0.2828427255153656,2.0,0.634665310382843,9,9359
6812,9,8,3,True,10507,1,False,False,False,False,0.19999998807907104,1.0,0.7343024611473083,9,9359
6812,10,11,0,True,10507,1,False,,,,,,0.7927168607711792,11,8039
6812,11,7,4,True,10507,1,False,False,False,False,0.20000001788139343,1.0,0.5317894220352173,8,7246
6812,12,1,10,False,10419,50,True,True,True,True,0.0,0.0,0.019999980926513672,1,4460
6812,13,11,0,True,10507,1,False,,,,,,0.7927168607711792,11,8039
6812,14,8,3,True,10507,2,False,False,False,False,0.4000000059604645,1.0,0.8119113445281982,9,3318
6812,15,2,9,True,10507,19,False,True,True,True,0.0,0.0,0.22090721130371094,2,558
6812,16,11,0,True,10507,1,False,,,,,,0.7927168607711792,11,8039
6812,17,3,8,True,10507,1,False,True,True,True,0.0,0.0,0.6334035396575928,3,7767
6812,18,9,2,True,10507,1,False,False,False,False,0.3999999761581421,1.0,0.5963220596313477,10,6251
6812,19,7,4,True,10507,1,False,False,False,False,0.19999998807907104,1.0,0.7660287618637085,8,2659
6812,20,5,6,True,10507,7,False,False,False,False,0.19999998807907104,1.0,0.3714834749698639,6,5388
6812,21,8,3,True,10507,1,False,False,False,False,0.3999999761581421,1.0,0.634980320930481,9,4065
6812,22,8,3,True,10507,1,False,False,False,False,0.4000000059604645,1.0,0.8597674369812012,9,2157
6812,23,9,2,True,10507,2,False,True,True,True,0.0,0.0,0.7400000095367432,9,3318
6812,24,8,3,True,10507,1,False,False,False,False,0.20000001788139343,1.0,0.8168231248855591,9,7246
6812,25,5,6,True,10507,1,False,False,False,False,0.44721361994743347,2.0,0.6276941895484924,7,2157
6812,26,6,5,True,10507,1,False,False,False,False,0.19999998807907104,1.0,0.6406247019767761,7,9927
6812,27,2,9,False,2947,8,True,True,True,True,0.0,0.0,0.028284255415201187,2,7136
6812,28,5,6,True,10507,2,False,False,False,False,0.19999998807907104,1.0,0.5603570342063904,6,8064
6812,29,8,3,True,10507,1,False,False,False,False,0.4000000059604645,1.0,0.8019975423812866,9,6251
6812,30,8,3,True,10507,1,False,False,False,False,0.2828426957130432,2.0,0.7610518932342529,10,3318
6812,31,9,2,True,10507,1,False,True,True,True,0.0,0.0,0.8219488859176636,9,7246
7390,0,5,6,True,10507,1,False,False,False,False,0.2828426957130432,2.0,0.4753945469856262,7,9359
7390,1,9,2,True,10507,1,False,True,True,True,0.0,0.0,0.7717512845993042,9,1964
7390,2,10,1,True,10507,1,False,True,True,True,0.0,0.0,0.7924644947052002,10,8039
7390,3,8,3,True,10507,1,False,False,False,False,0.2828426957130432,2.0,0.6717142462730408,10,3318
7390,4,1,10,False,25,1,True,False,False,False,0.9797959327697754,7.0,0.9800000190734863,8,7928
7390,5,10,1,True,10507,1,False,True,True,True,0.0,0.0,0.8221921920776367,10,7246
7390,6,1,10,False,10419,465,True,True,True,True,0.0,0.0,0.019999980926513672,1,3155
7390,7,5,6,True,10507,5,False,True,True,True,0.0,0.0,0.5234501361846924,5,6565
7390,8,4,7,True,10507,1,False,True,True,True,0.0,0.0,0.38157570362091064,4,10202
7390,9,11,0,True,10507,1,False,,,,,,0.7927168607711792,11,8039
7390,10,2,9,False,1,1,True,False,False,False,1.0198038816452026,7.0,1.0201960802078247,9,8974
7390,11,3,8,True,10507,1,False,True,True,True,0.0,0.0,0.5226854085922241,3,875
7390,12,7,4,True,10507,2,False,False,False,False,0.3464101552963257,3.0,0.7230491042137146,10,6030
7390,13,3,8,True,10507,2,False,False,False,False,0.2828426957130432,2.0,0.5524490475654602,5,6395
7390,14,1,10,False,10469,465,True,True,True,True,0.0,0.0,0.019999980926513672,1,9365
7390,15,9,2,True,10507,1,False,False,False,False,0.2828426957130432,2.0,0.6720119118690491,11,3318
7390,16,7,4,True,10507,1,False,True,True,True,0.0,0.0,0.7917070388793945,7,2157
7390,17,1,10,False,10469,465,True,True,True,True,0.0,0.0,0.019999980926513672,1,2621
7390,18,6,5,True,10507,1,False,False,False,False,0.2828426957130432,2.0,0.5238320231437683,8,8029
7390,19,5,6,True,10507,1,False,False,False,False,0.4000000059604645,1.0,0.5949790477752686,6,1952
7390,20,8,3,True,10507,1,False,False,False,False,0.4472135901451111,2.0,0.6657326817512512,10,4065
7390,21,2,9,False,24,1,True,False,False,False,0.8246211409568787,6.0,0.8251060843467712,8,1159
7390,22,6,5,True,10507,1,False,False,False,False,0.3464101552963257,3.0,0.7552483677864075,9,8931
7390,23,4,7,True,10507,1,False,True,True,True,0.0,0.0,0.31240999698638916,4,6062
7390,24,1,10,False,1,1,True,False,False,False,1.3856406211853027,10.0,1.3857848644256592,11,53
7390,25,8,3,True,10507,1,False,False,False,False,0.2828426957130432,2.0,0.7610518932342529,10,5281
7390,26,6,5,True,10507,1,False,False,False,False,0.2828426957130432,2.0,0.760526180267334,8,1955
7390,27,1,10,False,10469,465,True,True,True,True,0.0,0.0,0.019999980926513672,1,4312
7390,28,11,0,True,10507,1,False,,,,,,0.7927168607711792,11,8039
7390,29,11,0,True,10507,1,False,,,,,,0.7927168607711792,11,8039
7390,30,1,10,False,5,1,True,False,False,False,1.0198038816452026,7.0,1.0199999809265137,8,8974
7390,31,1,10,False,10469,465,True,True,True,True,0.0,0.0,0.019999980926513672,1,5212
5062,0,6,5,True,10507,2,False,False,False,False,0.4000000059604645,1.0,0.6945502161979675,7,7264
5062,1,6,5,True,10507,1,False,False,False,False,0.2828426957130432,2.0,0.6945502758026123,8,1021
5062,2,7,4,True,10507,1,False,True,True,True,0.0,0.0,0.5242137312889099,7,9513
5062,3,10,1,True,10507,2,False,True,True,True,0.0,0.0,0.7402702569961548,10,3318
5062,4,9,2,True,10507,1,False,False,False,False,0.2828426957130432,2.0,0.5249761939048767,11,8039
5062,5,10,1,True,10507,1,False,True,True,True,0.0,0.0,0.5403702259063721,10,4065
5062,6,1,10,False,5,1,True,False,False,False,0.8246211409568787,5.0,0.8248636722564697,6,6251
5062,7,6,5,True,10507,1,False,False,False,False,0.44721361994743347,2.0,0.6887670755386353,8,2938
5062,8,7,4,True,10507,1,False,False,False,False,0.3464101552963257,3.0,0.6654322147369385,10,5278
5062,9,6,5,True,10507,1,False,False,False,False,0.19999998807907104,1.0,0.722772479057312,7,236
5062,10,10,1,True,10507,2,False,False,False,False,0.19999998807907104,1.0,0.7668116092681885,11,3318
5062,11,2,9,True,10507,1,False,False,False,False,0.2828426957130432,2.0,0.5520870089530945,4,5397
5062,12,2,9,False,25,1,True,False,False,False,0.5656853914260864,5.0,0.5663921236991882,7,1159
5062,13,3,8,True,10507,2,False,False,False,False,0.19999998807907104,1.0,0.2986636757850647,4,335
5062,14,9,2,True,10507,1,False,False,False,False,0.4000000059604645,1.0,0.6352952122688293,10,4065
5062,15,6,5,True,10507,1,False,False,False,False,0.2828426957130432,2.0,0.5238320231437683,8,9359
5062,16,7,4,True,10507,3,False,False,False,False,0.19999998807907104,1.0,0.43220362067222595,8,9819
5062,17,4,7,True,10507,1,False,False,False,False,0.2828426957130432,2.0,0.6939740777015686,6,5397
5062,18,5,6,True,10507,1,False,False,False,False,0.4898979365825653,3.0,0.6212890148162842,8,9359
5062,19,9,2,True,10507,1,False,False,False,False,0.19999998807907104,1.0,0.6779381036758423,10,1964
5062,20,2,9,False,1,1,True,False,False,False,0.7211102843284607,2.0,0.7216647863388062,4,6315
5062,21,3,8,False,1,1,True,False,False,False,0.9380831718444824,5.0,0.938722550868988,8,26
5062,22,3,8,True,10507,7,False,True,True,True,0.0,0.0,0.2218107283115387,3,6
5062,23,11,0,True,10507,1,False,,,,,,0.7927168607711792,11,8039
5062,24,1,10,False,53,1,True,False,False,False,0.4472135603427887,2.0,0.44766056537628174,3,405
5062,25,4,7,False,1,1,True,False,False,False,0.8485282063484192,6.0,0.8494704365730286,10,8039
5062,26,6,5,True,10507,1,False,False,False,False,0.3464101552963257,3.0,0.7552483081817627,9,8931
5062,27,11,0,True,10507,1,False,,,,,,0.7927168607711792,11,8039
5062,28,4,7,True,10507,1,False,False,False,False,0.2828426957130432,2.0,0.5946427583694458,6,6041
5062,29,7,4,True,10507,1,False,False,False,False,0.2828426957130432,2.0,0.6346652507781982,9,658
5062,30,1,10,False,3,1,True,False,False,False,0.8944272398948669,6.0,0.8946508169174194,7,8974
5062,31,11,0,True,10507,1,False,,,,,,0.7927168607711792,11,8039
7793,0,10,1,True,10507,1,False,True,True,True,0.0,0.0,0.7924644947052002,10,8039
7793,1,3,8,True,10507,3,False,True,True,True,0.0,0.0,0.31176915764808655,3,7793
7793,2,3,8,False,1,1,True,False,False,False,1.0770330429077148,7.0,1.0775898694992065,10,26
7793,3,8,3,True,10507,1,False,False,False,False,0.19999998807907104,1.0,0.6776430010795593,9,1964
7793,4,2,9,False,53,1,True,False,False,False,0.2828427255153656,2.0,0.28425341844558716,4,422
7793,5,9,2,True,10507,1,False,False,False,False,0.20000001788139343,1.0,0.7345747351646423,10,9359
7793,6,9,2,True,10507,2,False,False,False,False,0.20000001788139343,1.0,0.7345747351646423,10,9359
7793,7,7,4,True,10507,1,False,False,False,False,0.20000001788139343,1.0,0.73403000831604,8,3318
7793,8,8,3,True,10507,1,False,False,False,False,0.20000001788139343,1.0,0.7868925929069519,9,8039
7793,9,4,7,True,10507,1,False,False,False,False,0.2828427255153656,2.0,0.4214261472225189,6,8039
7793,10,8,3,True,10507,2,False,True,True,True,0.0,0.0,0.7397297620773315,8,9359
7793,11,6,5,True,10507,1,False,False,False,False,0.2828427255153656,2.0,0.5238320231437683,8,8039
7793,12,10,1,True,10507,2,False,True,True,True,0.0,0.0,0.7402702569961548,10,9359
7793,13,5,6,True,10507,3,False,True,True,True,0.0,0.0,0.3130495250225067,5,7793
7793,14,7,4,True,10507,2,False,False,False,False,0.2828427255153656,2.0,0.7285602688789368,9,3318
7793,15,6,5,True,10507,1,False,False,False,False,0.20000001788139343,1.0,0.6406247019767761,7,9359
7793,16,9,2,True,10507,1,False,False,False,False,0.20000001788139343,1.0,0.4853864312171936,10,8039
7793,17,11,0,True,10507,1,False,,,,,,0.7927168607711792,11,8039
7793,18,1,10,False,2983,3,True,True,True,True,0.0,0.0,0.019999995827674866,1,8320
7793,19,6,5,True,10507,1,False,False,False,False,0.2828427255153656,2.0,0.5953150987625122,8,9359
7793,20,6,5,True,10507,1,False,False,False,False,0.2828427255153656,2.0,0.42237424850463867,8,9359
7793,21,7,4,True,10507,1,False,True,True,True,0.0,0.0,0.728560209274292,7,8039
7793,22,4,7,True,10507,1,False,False,False,False,0.2828427255153656,2.0,0.4214261472225189,6,8039
7793,23,4,7,True,10507,3,False,True,True,True,0.0,0.0,0.31240999698638916,4,6908
7793,24,2,9,False,1,1,True,False,False,False,0.6928203105926514,6.0,0.6933974623680115,8,8974
7793,25,5,6,True,10507,1,False,False,False,False,0.2828427255153656,2.0,0.4219004511833191,7,9359
7793,26,9,2,True,10507,1,False,True,True,True,0.0,0.0,0.7922120690345764,9,8039
7793,27,2,9,False,25,1,True,False,False,False,0.34641018509864807,3.0,0.3475629687309265,5,8039
7793,28,5,6,True,10507,1,False,True,True,True,0.0,0.0,0.3130495250225067,5,10472
7793,29,5,6,True,10507,1,False,False,False,False,0.34641018509864807,3.0,0.5157518982887268,8,8039
7793,30,8,3,True,10507,1,False,False,False,False,0.20000001788139343,1.0,0.484974205493927,9,8039
7793,31,5,6,True,10507,1,False,False,False,False,0.34641018509864807,3.0,0.5882176756858826,8,9359
200,0,4,7,False,3,2,True,False,False,False,0.2828426957130432,2.0,0.2856571078300476,6,418
200,1,4,7,True,10507,1,False,False,False,False,0.2828426957130432,2.0,0.6939740777015686,6,8931
200,2,6,5,True,10507,1,False,False,False,False,0.44721361994743347,2.0,0.5885576009750366,8,8039
200,3,5,6,True,10507,1,False,False,False,False,0.44721361994743347,2.0,0.8062257766723633,7,9359
200,4,5,6,True,10507,2,False,False,False,False,0.20000001788139343,1.0,0.43127718567848206,6,370
200,5,6,5,True,10507,1,False,False,False,False,0.20000001788139343,1.0,0.733757495880127,7,9359
200,6,5,6,True,10507,1,False,False,False,False,0.2828426957130432,2.0,0.5234500765800476,7,3318
200,7,1,10,False,576,1,True,False,False,False,0.44721361994743347,2.0,0.4476606249809265,3,2127
200,8,4,7,True,10507,1,False,False,False,False,0.5656854510307312,2.0,0.682348906993866,6,8039
200,9,11,0,True,10507,1,False,,,,,,0.7927168607711792,11,8039
200,10,3,8,True,10507,3,False,False,False,False,0.3464101552963257,3.0,0.6878953576087952,6,8931
200,11,3,8,True,10507,2,False,True,True,True,0.0,0.0,0.3810511827468872,3,8282
200,12,3,8,False,2,1,True,False,False,False,0.9591662883758545,6.0,0.9597916603088379,9,26
200,13,4,7,True,10507,2,False,False,False,False,0.20000001788139343,1.0,0.5600000023841858,5,6814
200,14,5,6,True,10507,2,False,False,False,False,0.19999998807907104,1.0,0.5603570342063904,6,6324
200,15,6,5,True,10507,1,False,False,False,False,0.44721361994743347,2.0,0.5462599992752075,8,8039
200,16,11,0,True,10507,1,False,,,,,,0.7927168607711792,11,8039
200,17,1,10,False,2983,18,True,True,True,True,0.0,0.0,0.019999995827674866,1,508
200,18,5,6,True,10507,1,False,False,False,False,0.3464101552963257,3.0,0.6276941895484924,8,5281
200,19,5,6,True,10507,1,False,False,False,False,0.19999998807907104,1.0,0.43127715587615967,6,2147
200,20,11,0,True,10507,1,False,,,,,,0.7927168607711792,11,8039
200,21,9,2,True,10507,1,False,True,True,True,0.0,0.0,0.7922121286392212,9,8039
200,22,2,9,True,10507,1,False,False,False,False,0.3464101552963257,3.0,0.4656178653240204,5,6416
200,23,4,7,True,10507,18,False,True,True,True,0.0,0.0,0.4749736785888672,4,7275
200,24,7,4,True,10507,1,False,False,False,False,0.2828426957130432,2.0,0.8116649389266968,9,4842
200,25,5,6,True,10507,1,False,False,False,False,0.19999998807907104,1.0,0.43127715587615967,6,10472
200,26,7,4,True,10507,1,False,False,False,False,0.5656854510307312,2.0,0.6832276582717896,9,8039
200,27,2,9,True,10507,3,False,False,False,False,0.3464101552963257,3.0,0.687604546546936,5,8931
200,28,9,2,True,10507,1,False,True,True,True,0.0,0.0,0.7291090488433838,9,6251
200,29,10,1,True,10507,1,False,True,True,True,0.0,0.0,0.761577308177948,10,6251
200,30,5,6,True,10507,1,False,False,False,False,0.19999998807907104,1.0,0.6016643643379211,6,3318
200,31,4,7,True,10507,2,False,True,True,True,0.0,0.0,0.31240999698638916,4,8282
8802,0,7,4,True,10507,2,False,False,False,False,0.19999998807907104,1.0,0.6409368515014648,8,9359
8802,1,11,0,True,10507,1,False,,,,,,0.7927168607711792,11,8039
8802,2,7,4,True,10507,1,False,False,False,False,0.20000001788139343,1.0,0.8165782690048218,8,7246
8802,3,7,4,True,10507,1,False,False,False,False,0.20000001788139343,1.0,0.48456165194511414,8,7246
8802,4,11,0,True,10507,1,False,,,,,,0.7927168607711792,11,8039
8802,5,8,3,True,10507,1,False,False,False,False,0.20000001788139343,1.0,0.6412488222122192,9,1964
8802,6,3,8,True,10507,1,False,True,True,True,0.0,0.0,0.31176915764808655,3,2831
8802,7,3,8,True,10507,2,False,False,False,False,0.3464101552963257,3.0,0.4660471975803375,6,9497
8802,8,4,7,False,1,1,True,False,False,False,1.216552495956421,7.0,1.2172099351882935,11,26
8802,9,11,0,True,10507,1,False,,,,,,0.7927168607711792,11,8039
8802,10,4,7,True,10507,1,False,False,False,False,0.44721361994743347,2.0,0.5878775715827942,6,8039
8802,11,3,8,True,10507,1,False,True,True,True,0.0,0.0,0.31176915764808655,3,2831
8802,12,9,2,True,10507,1,False,False,False,False,0.20000001788139343,1.0,0.7665507793426514,10,1964
8802,13,7,4,True,10507,2,False,True,True,True,0.0,0.0,0.5242137312889099,7,8097
8802,14,3,8,True,10507,1,False,True,True,True,0.0,0.0,0.42095133662223816,3,4516
8802,15,3,8,False,2,1,True,False,False,False,0.9797959327697754,5.0,0.9804081320762634,8,9623
8802,16,4,7,True,10507,1,False,False,False,False,0.20000001788139343,1.0,0.601331889629364,5,9927
8802,17,6,5,True,10507,1,False,False,False,False,0.20000001788139343,1.0,0.4841487407684326,7,8039
8802,18,1,10,False,1619,109,True,True,True,True,0.0,0.0,0.02000001072883606,1,6686
8802,19,7,4,True,10507,1,False,True,True,True,0.0,0.0,0.5392587184906006,7,7246
8802,20,6,5,True,10507,1,False,False,False,False,0.20000001788139343,1.0,0.7552483081817627,7,2157
8802,21,9,2,True,10507,1,False,True,True,True,0.0,0.0,0.8219488859176636,9,7246
8802,22,3,8,True,10507,2,False,False,False,False,0.20000001788139343,1.0,0.3704051673412323,4,1023
8802,23,3,8,False,25,3,True,True,True,True,0.0,0.0,0.03464099019765854,3,8889
8802,24,7,4,True,10507,1,False,False,False,False,0.20000001788139343,1.0,0.8165782690048218,8,7246
8802,25,8,3,True,10507,1,False,False,False,False,0.20000001788139343,1.0,0.7343024611473083,9,3318
8802,26,9,2,True,10507,1,False,True,True,True,0.0,0.0,0.7717512845993042,9,1964
8802,27,6,5,True,10507,3,False,False,False,False,0.19999998807907104,1.0,0.4841487407684326,7,6853
8802,28,1,10,False,26,3,True,True,True,True,0.0,0.0,0.019999995827674866,1,8830
8802,29,10,1,True,10507,1,False,True,True,True,0.0,0.0,0.7924644947052002,10,8039
8802,30,3,8,True,10507,4,False,False,False,False,0.2828426957130432,2.0,0.3594440221786499,5,2662
8802,31,3,8,True,10507,1,False,False,False,False,0.20000001788139343,1.0,0.3704051673412323,4,7584
4760,0,10,1,True,10507,1,False,True,True,True,0.0,0.0,0.7924644947052002,10,8039
4760,1,7,4,True,10507,1,False,False,False,False,0.19999998807907104,1.0,0.6773477792739868,8,1964
4760,2,11,0,True,10507,1,False,,,,,,0.7927168607711792,11,8039
4760,3,7,4,True,10507,1,False,False,False,False,0.2828427255153656,2.0,0.47623521089553833,9,8039
4760,4,5,6,True,10507,2,False,False,False,False,0.19999998807907104,1.0,0.3714834749698639,6,10472
4760,5,5,6,False,1,1,True,False,False,False,0.8717797994613647,5.0,0.8729261755943298,10,6251
4760,6,4,7,False,7,1,True,True,True,True,0.0,0.0,0.03999997675418854,4,8842
4760,7,8,3,True,10507,1,False,False,False,False,0.3464101552963257,3.0,0.6657326817512512,11,3318
4760,8,10,1,True,10507,1,False,True,True,True,0.0,0.0,0.7924644947052002,10,8039
4760,9,2,9,False,1,1,True,False,False,False,1.039230465888977,8.0,1.039615273475647,10,8974
4760,10,7,4,True,10507,1,False,True,True,True,0.0,0.0,0.7394593358039856,7,1964
4760,11,7,4,True,10507,1,False,True,True,True,0.0,0.0,0.7607890367507935,7,10017
4760,12,4,7,True,10507,1,False,False,False,False,0.20000001788139343,1.0,0.3709447383880615,5,5973
4760,13,10,1,True,10507,2,False,True,True,True,0.0,0.0,0.7402702569961548,10,3318
4760,14,4,7,True,10507,39,False,True,True,True,0.0,0.0,0.22271056473255157,4,8817
4760,15,4,7,True,10507,1,False,False,False,False,0.20000001788139343,1.0,0.430813193321228,5,1952
4760,16,3,8,True,10507,1,False,False,False,False,0.20000001788139343,1.0,0.3704051673412323,4,10017
4760,17,4,7,True,10507,3,False,False,False,False,0.20000001788139343,1.0,0.5600000023841858,5,1956
4760,18,6,5,True,10507,1,False,False,False,False,0.2828426957130432,2.0,0.6711184978485107,8,1964
4760,19,4,7,False,1,1,True,False,False,False,1.0770329236984253,7.0,1.077775478363037,11,53
4760,20,10,1,True,10507,1,False,True,True,True,0.0,0.0,0.7924644947052002,10,8039
4760,21,7,4,True,10507,4,False,True,True,True,0.0,0.0,0.5681549310684204,7,4137
4760,22,10,1,True,10507,1,False,True,True,True,0.0,0.0,0.7924644947052002,10,8039
4760,23,9,2,True,10507,1,False,True,True,True,0.0,0.0,0.49355849623680115,9,8039
4760,24,11,0,True,10507,1,False,,,,,,0.7927168607711792,11,8039
4760,25,4,7,False,1,1,True,False,False,False,1.1661903858184814,7.0,1.166876196861267,11,53
4760,26,10,1,True,10507,2,False,True,True,True,0.0,0.0,0.7402702569961548,10,3318
4760,27,5,6,True,10507,3,False,False,False,False,0.2828427255153656,2.0,0.4219004511833191,7,2147
4760,28,8,3,True,10507,2,False,False,False,False,0.2828426957130432,2.0,0.634980320930481,10,3318
4760,29,6,5,True,10507,1,False,True,True,True,0.0,0.0,0.4923413395881653,6,7246
4760,30,3,8,True,10507,2,False,False,False,False,0.2828426957130432,2.0,0.4209512770175934,5,9497
4760,31,11,0,True,10507,1,False,,,,,,0.7927168607711792,11,8039
1816,0,4,7,False,2,1,True,False,False,False,0.2828426957130432,2.0,0.2856571078300476,6,4142
1816,1,11,0,True,10507,1,False,,,,,,0.7927168607711792,11,8039
1816,2,4,7,True,10507,1,False,False,False,False,0.2828426957130432,2.0,0.5946427583694458,6,9665
1816,3,9,2,True,10507,1,False,True,True,True,0.0,0.0,0.7613146305084229,9,6251
1816,4,11,0,True,10507,1,False,,,,,,0.7927168607711792,11,8039
1816,5,1,10,False,53,1,True,False,False,False,0.4000000059604645,1.0,0.40049970149993896,2,10030
1816,6,7,4,True,10507,1,False,False,False,False,0.4472135901451111,2.0,0.6283311247825623,9,5793
1816,7,4,7,True,10507,2,False,False,False,False,0.19999998807907104,1.0,0.4833218455314636,5,3283
1816,8,1,10,False,10419,88,True,True,True,True,0.0,0.0,0.019999980926513672,1,286
1816,9,5,6,True,10507,1,False,False,False,False,0.3464101552963257,3.0,0.515751838684082,8,6078
1816,10,1,10,False,53,1,True,False,False,False,0.4000000059604645,1.0,0.40049970149993896,2,10030
1816,11,2,9,False,1,1,True,False,False,False,1.1999999284744263,9.0,1.2003332376480103,11,53
1816,12,7,4,True,10507,1,False,False,False,False,0.4000000059604645,1.0,0.7285602688789368,8,1949
1816,13,2,9,True,10507,17,False,False,False,False,0.19999998807907104,1.0,0.5145872235298157,3,5905
1816,14,4,7,True,10507,2,False,False,False,False,0.3464101552963257,3.0,0.6273755431175232,7,10058
1816,15,4,7,True,10507,1,False,False,False,False,0.4898979663848877,3.0,0.7493997812271118,7,2659
1816,16,4,7,True,10507,3,False,False,False,False,0.2828426957130432,2.0,0.42142611742019653,6,7132
1816,17,9,2,True,10507,1,False,False,False,False,0.19999998807907104,1.0,0.6415606141090393,10,8974
1816,18,8,3,True,10507,1,False,True,True,True,0.0,0.0,0.6474565863609314,8,5793
1816,19,3,8,True,10507,1,False,False,False,False,0.19999998807907104,1.0,0.5149757266044617,4,828
1816,20,1,10,False,53,1,True,False,False,False,0.4000000059604645,1.0,0.40049970149993896,2,10030
1816,21,7,4,True,10507,1,False,True,True,True,0.0,0.0,0.5242137312889099,7,9513
1816,22,9,2,True,10507,1,False,False,False,False,0.2828426957130432,2.0,0.5688585042953491,11,4065
1816,23,8,3,True,10507,1,False,False,False,False,0.4472135901451111,2.0,0.700856626033783,10,7246
1816,24,2,9,True,10507,1,False,True,True,True,0.0,0.0,0.3111270070075989,2,3950
1816,25,4,7,True,10507,1,False,False,False,False,0.2828426957130432,2.0,0.4749736487865448,6,562
1816,26,6,5,True,10507,2,False,False,False,False,0.4898979365825653,3.0,0.7499333620071411,9,1964
1816,27,4,7,True,10507,1,False,True,True,True,0.0,0.0,0.31240999698638916,4,5987
1816,28,3,8,False,1,1,True,False,False,False,0.8246211409568787,6.0,0.825348436832428,9,8974
1816,29,3,8,False,3,1,True,False,False,False,0.2828426957130432,2.0,0.2849561274051666,5,418
1816,30,1,10,False,26,3,True,False,False,False,0.4472135901451111,2.0,0.4476605951786041,3,10070
1816,31,6,5,True,10507,1,False,False,False,False,0.19999998807907104,1.0,0.4317406415939331,7,8542
5621,0,11,0,True,10507,1,False,,,,,,0.7927168607711792,11,8039
5621,1,9,2,True,10507,1,False,False,False,False,0.4000000059604645,1.0,0.6352952122688293,10,8039
5621,2,9,2,True,10507,1,False,False,False,False,0.44721361994743347,2.0,0.6289674043655396,11,8039
5621,3,9,2,True,10507,1,False,False,False,False,0.19999998807907104,1.0,0.7345747351646423,10,8974
5621,4,2,9,False,1,1,True,False,False,False,1.3114876747131348,9.0,1.3117927312850952,11,53
5621,5,9,2,True,10507,1,False,False,False,False,0.5656854510307312,2.0,0.7180529236793518,11,8039
5621,6,11,0,True,10507,1,False,,,,,,0.7927168607711792,11,8039
5621,7,11,0,True,10507,1,False,,,,,,0.7927168607711792,11,8039
5621,8,4,7,True,10507,1,False,False,False,False,0.2828426957130432,2.0,0.5946427583694458,6,1017
5621,9,4,7,False,1,1,True,False,False,False,1.1489125490188599,7.0,1.1496086120605469,11,53
5621,10,6,5,True,10507,1,False,False,False,False,0.4472135901451111,2.0,0.722772479057312,8,1964
5621,11,5,6,True,10507,1,False,True,True,True,0.0,0.0,0.5674504637718201,5,10202
5621,12,6,5,True,10507,1,False,False,False,False,0.4898979663848877,3.0,0.6216108202934265,9,6251
5621,13,2,9,False,1619,4,True,False,False,False,0.4000000059604645,1.0,0.4009987711906433,3,5424
5621,14,4,7,True,10507,2,False,False,False,False,0.3464101552963257,3.0,0.46647611260414124,7,236
5621,15,11,0,True,10507,1,False,,,,,,0.7927168607711792,11,8039
5621,16,5,6,True,10507,4,False,False,False,False,0.19999998807907104,1.0,0.5603570342063904,6,5989
5621,17,7,4,True,10507,1,False,False,False,False,0.19999998807907104,1.0,0.6409368515014648,8,5280
5621,18,8,3,True,10507,1,False,False,False,False,0.2828426957130432,2.0,0.5245950818061829,10,3318
5621,19,4,7,True,10507,1,False,False,False,False,0.2828426957130432,2.0,0.4749736785888672,6,3310
5621,20,11,0,True,10507,1,False,,,,,,0.7927168607711792,11,8039
5621,21,9,2,True,10507,1,False,True,True,True,0.0,0.0,0.7400000095367432,9,8974
5621,22,6,5,True,10507,1,False,False,False,False,0.3999999761581421,4.0,0.7812809944152832,10,6854
5621,23,3,8,False,1,1,True,False,False,False,0.9591662883758545,6.0,0.9597917199134827,9,26
5621,24,11,0,True,10507,1,False,,,,,,0.7927168607711792,11,8039
5621,25,6,5,True,10507,1,False,False,False,False,0.2828426957130432,2.0,0.475815087556839,8,6251
5621,26,7,4,True,10507,1,False,False,False,False,0.6000000238418579,3.0,0.7448490262031555,10,4065
5621,27,4,7,True,10507,1,False,True,True,True,0.0,0.0,0.38157567381858826,4,9619
5621,28,5,6,True,10507,2,False,False,False,False,0.3464101552963257,3.0,0.6276941895484924,8,5278
5621,29,6,5,True,10507,1,False,False,False,False,0.4898979663848877,3.0,0.6945502161979675,9,4065
5621,30,1,10,False,3,1,True,False,False,False,0.8485282063484192,7.0,0.8487638831138611,8,8974
5621,31,8,3,True,10507,1,False,False,False,False,0.4898979365825653,3.0,0.6951258778572083,11,4842
5954,0,2,9,False,297,1,True,False,False,False,0.5656854510307312,5.0,0.5663921236991882,7,9359
5954,1,2,9,False,1,1,True,False,False,False,1.3711308240890503,9.0,1.3714226484298706,11,53
5954,2,2,9,False,220,5,True,True,True,True,0.0,0.0,0.02828427590429783,2,360
5954,3,5,6,True,10507,1,False,False,False,False,0.44721361994743347,2.0,0.5458937883377075,7,8039
5954,4,5,6,True,10507,5,False,False,False,False,0.20000001788139343,1.0,0.5157518982887268,6,2956
5954,5,5,6,True,10507,1,False,False,False,False,0.2828427255153656,2.0,0.4219004511833191,7,8039
5954,6,9,2,True,10507,1,False,False,False,False,0.2828426957130432,2.0,0.7613146901130676,11,9359
5954,7,4,7,False,1,1,True,False,False,False,0.4472135901451111,2.0,0.4489988684654236,6,6315
5954,8,8,3,True,10507,1,False,False,False,False,0.20000001788139343,1.0,0.7557777762413025,9,10017
5954,9,10,1,True,10507,1,False,False,False,False,0.20000001788139343,1.0,0.7874007821083069,11,8039
5954,10,3,8,True,10507,2,False,False,False,False,0.2828426957130432,2.0,0.4745524227619171,5,9497
5954,11,10,1,True,10507,1,False,True,True,True,0.0,0.0,0.8221921920776367,10,7246
5954,12,9,2,True,10507,1,False,False,False,False,0.2828426957130432,2.0,0.6720119118690491,11,9359
5954,13,11,0,True,10507,1,False,,,,,,0.7927168607711792,11,8039
5954,14,8,3,True,10507,1,False,False,False,False,0.20000001788139343,1.0,0.7343024611473083,9,1964
5954,15,7,4,True,10507,1,False,False,False,False,0.4000000059604645,1.0,0.5538952946662903,8,8039
5954,16,1,10,False,10419,146,True,True,True,True,0.0,0.0,0.019999980926513672,1,4270
5954,17,5,6,True,10507,1,False,True,True,True,0.0,0.0,0.6082763075828552,5,1949
5954,18,8,3,True,10507,1,False,False,False,False,0.3464101552963257,3.0,0.665732741355896,11,9359
5954,19,9,2,True,10507,1,False,False,False,False,0.2828426957130432,2.0,0.7613146901130676,11,9359
5954,20,11,0,True,10507,1,False,,,,,,0.7927168607711792,11,8039
5954,21,10,1,True,10507,2,False,True,True,True,0.0,0.0,0.7402702569961548,10,3318
5954,22,6,5,True,10507,1,False,True,True,True,0.0,0.0,0.44090813398361206,6,7246
5954,23,9,2,True,10507,1,False,True,True,True,0.0,0.0,0.8219488859176636,9,7246
5954,24,10,1,True,10507,1,False,False,False,False,0.20000001788139343,1.0,0.7874007821083069,11,8039
5954,25,10,1,True,10507,1,False,True,True,True,0.0,0.0,0.4939635396003723,10,8039
5954,26,3,8,True,10507,1,False,False,False,False,0.2828427255153656,2.0,0.3594440221786499,5,10017
5954,27,8,3,True,10507,1,False,True,True,True,0.0,0.0,0.7919595837593079,8,7246
5954,28,6,5,True,10507,1,False,False,False,False,0.2828426957130432,2.0,0.475815087556839,8,1964
5954,29,7,4,True,10507,1,False,True,True,True,0.0,0.0,0.6089335083961487,7,1964
5954,30,4,7,True,10507,1,False,False,False,False,0.20000001788139343,1.0,0.3709447383880615,5,2831
5954,31,10,1,True,10507,2,False,False,False,False,0.19999998807907104,1.0,0.7668116688728333,11,9359
8313,0,10,1,True,10507,1,False,False,False,False,0.20000001788139343,1.0,0.7874007821083069,11,8039
8313,1,5,6,True,10507,3,False,True,True,True,0.0,0.0,0.44045430421829224,5,1954
8313,2,4,7,True,10507,1,False,False,False,False,0.2828427255153656,2.0,0.5946427583694458,6,428
8313,3,6,5,True,10507,1,False,True,True,True,0.0,0.0,0.5678027868270874,6,9186
8313,4,3,8,True,10507,1,False,False,False,False,0.2828426957130432,2.0,0.3594440221786499,5,5021
8313,5,6,5,True,10507,1,False,False,False,False,0.2828426957130432,2.0,0.5678027868270874,8,4284
8313,6,11,0,True,10507,1,False,,,,,,0.7927168607711792,11,8039
8313,7,6,5,True,10507,1,False,False,False,False,0.4898979663848877,3.0,0.6216108202934265,9,8039
8313,8,2,9,False,1619,47,True,True,True,True,0.0,0.0,0.028284266591072083,2,9100
8313,9,2,9,False,2920,8,True,True,True,True,0.0,0.0,0.028284255415201187,2,3432
8313,10,7,4,True,10507,1,False,False,False,False,0.20000001788139343,1.0,0.7866384387016296,8,2157
8313,11,3,8,False,1,1,True,False,False,False,0.9797959327697754,7.0,0.9804081320762634,10,6251
8313,12,2,9,True,10507,5,False,False,False,False,0.2828427255153656,2.0,0.5067543983459473,4,6712
8313,13,7,4,True,10507,1,False,False,False,False,0.2828427255153656,2.0,0.4762352406978607,9,8039
8313,14,3,8,False,3,1,True,False,False,False,0.2828426957130432,2.0,0.284956157207489,5,423
8313,15,3,8,False,2,1,True,False,False,False,1.0,8.0,1.00059974193573,11,53
8313,16,5,6,True,10507,2,False,False,False,False,0.3464101552963257,3.0,0.7224956750869751,8,5655
8313,17,5,6,True,10507,2,False,False,False,False,0.19999998807907104,1.0,0.5603570938110352,6,9359
8313,18,5,6,False,1,1,True,False,False,False,0.8246211409568787,5.0,0.8258329629898071,10,26
8313,19,1,10,False,576,4,True,False,False,False,0.2828426957130432,2.0,0.28354892134666443,3,4033
8313,20,3,8,False,1,1,True,False,False,False,0.2828426957130432,2.0,0.2849561274051666,5,6315
8313,21,5,6,True,10507,1,False,False,False,False,0.2828427255153656,2.0,0.5234500765800476,7,7246
8313,22,2,9,False,52,8,True,False,False,False,0.20000001788139343,1.0,0.20199011266231537,3,408
8313,23,3,8,True,10507,3,False,False,False,False,0.19999998807907104,1.0,0.3704051673412323,4,8357
8313,24,7,4,True,10507,1,False,False,False,False,0.4472135901451111,2.0,0.6654321551322937,9,4065
8313,25,8,3,True,10507,2,False,True,True,True,0.0,0.0,0.7397297024726868,8,9359
8313,26,8,3,True,10507,1,False,False,False,False,0.19999998807907104,1.0,0.6026607751846313,9,9359
8313,27,11,0,True,10507,1,False,,,,,,0.7927168607711792,11,8039
8313,28,7,4,True,10507,1,False,False,False,False,0.4000000059604645,1.0,0.5956509113311768,8,8039
8313,29,5,6,True,10507,1,False,False,False,False,0.20000001788139343,1.0,0.6016644239425659,6,1964
8313,30,8,3,True,10507,1,False,False,False,False,0.19999998807907104,1.0,0.6412488222122192,9,1964
8313,31,8,3,True,10507,1,False,False,False,False,0.19999998807907104,1.0,0.5321654081344604,9,1964
3145,0,1,10,False,576,2,True,True,True,True,0.0,0.0,0.019999995827674866,1,7714
3145,1,2,9,False,3,1,True,False,False,False,0.8246211409568787,6.0,0.8251060843467712,8,8974
3145,2,11,0,True,10507,1,False,,,,,,0.7927168607711792,11,8039
3145,3,6,5,True,10507,1,False,False,False,False,0.19999998807907104,1.0,0.48414871096611023,7,9927
3145,4,2,9,False,2,1,True,False,False,False,1.2489995956420898,9.0,1.2493197917938232,11,53
3145,5,9,2,True,10507,1,False,False,False,False,0.4000000059604645,1.0,0.5963220596313477,10,8039
3145,6,4,7,True,10507,1,False,False,False,False,0.19999998807907104,1.0,0.6645299196243286,5,9150
3145,7,4,7,False,1,1,True,False,False,False,1.0198038816452026,6.0,1.0205880403518677,10,26
3145,8,4,7,True,10507,1,False,False,False,False,0.2828426957130432,2.0,0.6939740777015686,6,5074
3145,9,2,9,False,25,3,True,False,False,False,0.20000001788139343,1.0,0.20199011266231537,3,10070
3145,10,7,4,True,10507,1,False,False,False,False,0.4000000059604645,1.0,0.5956509709358215,8,2157
3145,11,1,10,False,10419,465,True,True,True,True,0.0,0.0,0.019999980926513672,1,1118
3145,12,8,3,True,10507,1,False,False,False,False,0.4472135901451111,2.0,0.6657326817512512,10,4065
3145,13,2,9,False,23,3,True,True,True,True,0.0,0.0,0.02828427590429783,2,10070
3145,14,5,6,True,10507,1,False,True,True,True,0.0,0.0,0.5234501361846924,5,5679
3145,15,7,4,True,10507,7,False,False,False,False,0.19999998807907104,1.0,0.561070442199707,8,3058
3145,16,1,10,False,25,1,True,False,False,False,0.9797959327697754,7.0,0.9800000190734863,8,7928
3145,17,11,0,True,10507,1,False,,,,,,0.7927168607711792,11,8039
3145,18,1,10,False,5,1,True,False,False,False,1.0198038816452026,7.0,1.0199999809265137,8,8974
3145,19,1,10,False,576,2,True,True,True,True,0.0,0.0,0.019999995827674866,1,7714
3145,20,2,9,False,23,3,True,True,True,True,0.0,0.0,0.02828427590429783,2,10070
3145,21,1,10,False,5,1,True,False,False,False,1.0198038816452026,7.0,1.0199999809265137,8,8974
3145,22,4,7,True,10507,1,False,False,False,False,0.3464101552963257,3.0,0.6645298600196838,7,2171
3145,23,2,9,False,7,1,True,False,False,False,0.2828426957130432,2.0,0.28425338864326477,4,8842
3145,24,8,3,True,10507,1,False,False,False,False,0.4000000059604645,1.0,0.8597674369812012,9,2157
3145,25,5,6,True,10507,1,False,False,False,False,0.19999998807907104,1.0,0.7000000476837158,6,9150
3145,26,7,4,True,10507,1,False,False,False,False,0.19999998807907104,1.0,0.6409368515014648,8,9938
3145,27,8,3,True,10507,2,False,False,False,False,0.19999998807907104,1.0,0.6412488222122192,9,9359
3145,28,2,9,True,10507,1,False,False,False,False,0.2828426957130432,2.0,0.3588871657848358,4,5163
3145,29,11,0,True,10507,1,False,,,,,,0.7927168607711792,11,8039
3145,30,5,6,True,10507,2,False,True,True,True,0.0,0.0,0.5674504637718201,5,370
3145,31,11,0,True,10507,1,False,,,,,,0.7927168607711792,11,8039
7420,0,7,4,True,10507,2,False,False,False,False,0.4472135901451111,2.0,0.7866384387016296,9,1949
7420,1,6,5,True,10507,1,False,False,False,False,0.19999998807907104,1.0,0.7002856731414795,7,9665
7420,2,4,7,True,10507,1,False,False,False,False,0.4898979365825653,3.0,0.6209669709205627,7,4810
7420,3,5,6,True,10507,1,False,False,False,False,0.3464101552963257,3.0,0.6276941895484924,8,10399
7420,4,6,5,True,10507,1,False,False,False,False,0.5656854510307312,2.0,0.6829348802566528,8,6251
7420,5,4,7,True,10507,1,False,False,False,False,0.4898979663848877,3.0,0.5810335278511047,7,9873
7420,6,11,0,True,10507,1,False,,,,,,0.7927168607711792,11,8039
7420,7,6,5,True,10507,2,False,True,True,True,0.0,0.0,0.6086049675941467,6,7151
7420,8,1,10,False,1,1,True,False,False,False,1.2489995956420898,9.0,1.2491596937179565,10,53
7420,9,6,5,True,10507,1,False,True,True,True,0.0,0.0,0.7605261206626892,6,4284
7420,10,6,5,True,10507,1,False,False,False,False,0.20000001788139343,1.0,0.4841487407684326,7,4065
7420,11,3,8,True,10507,1,False,False,False,False,0.3464101552963257,3.0,0.4660471975803375,6,3104
7420,12,4,7,True,10507,3,False,False,False,False,0.19999998807907104,1.0,0.4664761424064636,5,6987
7420,13,6,5,True,10507,1,False,True,True,True,0.0,0.0,0.5678027868270874,6,1608
7420,14,5,6,True,10507,1,False,False,False,False,0.3464101552963257,3.0,0.5157518982887268,8,7237
7420,15,1,10,False,10469,2,True,True,True,True,0.0,0.0,0.019999980926513672,1,7420
7420,16,1,10,False,5,1,True,False,False,False,1.0,8.0,1.0002000331878662,9,8974
7420,17,7,4,True,10507,1,False,False,False,False,0.19999998807907104,1.0,0.48456165194511414,8,384
7420,18,5,6,True,10507,1,False,False,False,False,0.4472135901451111,2.0,0.6276941895484924,7,2157
7420,19,11,0,True,10507,1,False,,,,,,0.7927168607711792,11,8039
7420,20,2,9,False,25,1,True,False,False,False,0.6633249521255493,5.0,0.6639277338981628,7,7809
7420,21,9,2,True,10507,1,False,False,False,False,0.4000000059604645,1.0,0.5963220596313477,10,8039
7420,22,1,10,False,3,1,True,False,False,False,0.8246211409568787,8.0,0.824863612651825,9,8974
7420,23,8,3,True,10507,1,False,False,False,False,0.2828426957130432,2.0,0.5245950818061829,10,8974
7420,24,8,3,True,10507,1,False,False,False,False,0.2828426957130432,2.0,0.5245950818061829,10,3318
7420,25,10,1,True,10507,1,False,True,True,True,0.0,0.0,0.7924644947052002,10,8039
7420,26,6,5,True,10507,1,False,False,False,False,0.4472135901451111,2.0,0.722772479057312,8,295
7420,27,2,9,False,297,13,True,True,True,True,0.0,0.0,0.028284266591072083,2,10248
7420,28,11,0,True,10507,1,False,,,,,,0.7927168607711792,11,8039
7420,29,11,0,True,10507,1,False,,,,,,0.7927168607711792,11,8039
7420,30,11,0,True,10507,1,False,,,,,,0.7927168607711792,11,8039
7420,31,11,0,True,10507,1,False,,,,,,0.7927168607711792,11,8039
2081,0,5,6,True,10507,1,False,False,False,False,0.4472135603427887,5.0,0.7758866548538208,10,10454
2081,1,11,0,True,10507,1,False,,,,,,0.7927168607711792,11,8039
2081,2,7,4,True,10507,1,False,False,False,False,0.44721361994743347,2.0,0.6283311247825623,9,7246
2081,3,8,3,True,10507,1,False,False,False,False,0.20000001788139343,1.0,0.8456949591636658,9,7246
2081,4,11,0,True,10507,1,False,,,,,,0.7927168607711792,11,8039
2081,5,3,8,True,10507,1,False,False,False,False,0.3464101552963257,3.0,0.4660471975803375,6,2659
2081,6,3,8,True,10507,3,False,False,False,False,0.2828426957130432,2.0,0.4745523929595947,5,1956
2081,7,5,6,True,10507,1,False,False,False,False,0.19999998807907104,1.0,0.6016643643379211,6,2831
2081,8,5,6,True,10507,1,False,False,False,False,0.2828426957130432,2.0,0.6340346932411194,7,5281
2081,9,6,5,True,10507,1,False,False,False,False,0.2828426957130432,2.0,0.475815087556839,8,9619
2081,10,8,3,True,10507,1,False,False,False,False,0.4000000059604645,1.0,0.595986545085907,9,8039
2081,11,8,3,True,10507,1,False,False,False,False,0.19999998807907104,1.0,0.7662897706031799,9,2659
2081,12,8,3,True,10507,1,False,False,False,False,0.2828427255153656,2.0,0.5245950818061829,10,8039
2081,13,5,6,True,10507,1,False,False,False,False,0.3464101552963257,3.0,0.6648308038711548,8,5281
2081,14,1,10,False,1,1,True,False,False,False,1.3564659357070923,10.0,1.3566133975982666,11,53
2081,15,9,2,True,10507,1,False,True,True,True,0.0,0.0,0.6095900535583496,9,9359
2081,16,10,1,True,10507,1,False,True,True,True,0.0,0.0,0.4939635396003723,10,8039
2081,17,1,10,False,2983,38,True,True,True,True,0.0,0.0,0.019999995827674866,1,4976
2081,18,3,8,True,10507,1,False,False,False,False,0.3464101552963257,3.0,0.4660471975803375,6,6086
2081,19,8,3,True,10507,1,False,False,False,False,0.19999998807907104,1.0,0.484974205493927,9,10017
2081,20,8,3,True,10507,1,False,True,True,True,0.0,0.0,0.7714921236038208,8,9927
2081,21,8,3,True,10507,1,False,False,False,False,0.20000001788139343,1.0,0.8456949591636658,9,7246
2081,22,2,9,False,7,1,True,False,False,False,0.3464101552963257,3.0,0.3475629389286041,5,8842
2081,23,3,8,False,1,1,True,False,False,False,1.1489125490188599,8.0,1.1494345664978027,11,53
2081,24,3,8,False,1,1,True,False,False,False,1.1832159757614136,7.0,1.183722972869873,10,26
2081,25,4,7,True,10507,2,False,False,False,False,0.19999998807907104,1.0,0.5153639912605286,5,4033
2081,26,2,9,True,10507,1,False,False,False,False,0.20000001788139343,1.0,0.5145872831344604,3,7767
2081,27,6,5,True,10507,1,False,False,False,False,0.19999998807907104,1.0,0.5607138872146606,7,5641
2081,28,3,8,True,10507,1,False,False,False,False,0.19999998807907104,1.0,0.2986636757850647,4,5387
2081,29,7,4,True,10507,1,False,True,True,True,0.0,0.0,0.6089335083961487,7,295
2081,30,2,9,True,10507,1,False,False,False,False,0.3464101552963257,3.0,0.4656178653240204,5,6086
2081,31,10,1,True,10507,1,False,True,True,True,0.0,0.0,0.4939635396003723,10,8039
7240,0,7,4,True,10507,1,False,False,False,False,0.2828427255153656,2.0,0.5956509709358215,9,3318
7240,1,7,4,True,10507,1,False,False,False,False,0.19999998807907104,1.0,0.48456162214279175,8,7246
7240,2,10,1,True,10507,1,False,True,True,True,0.0,0.0,0.761577308177948,10,8039
7240,3,3,8,True,10507,1,False,False,False,False,0.2828426957130432,2.0,0.42095130681991577,5,7246
7240,4,9,2,True,10507,1,False,True,True,True,0.0,0.0,0.7922121286392212,9,7246
7240,5,3,8,True,10507,4,False,False,False,False,0.3464101552963257,3.0,0.41133925318717957,6,2661
7240,6,7,4,True,10507,1,False,False,False,False,0.3464101552963257,3.0,0.5165268778800964,10,8039
7240,7,2,9,False,25,1,True,False,False,False,0.19999998807907104,1.0,0.20199008285999298,3,9111
7240,8,8,3,True,10507,1,False,False,False,False,0.2828426957130432,2.0,0.4766550064086914,10,8039
7240,9,1,10,False,25,1,True,False,False,False,1.0954450368881226,8.0,1.0956276655197144,9,7928
7240,10,7,4,True,10507,1,False,False,False,False,0.2828427255153656,2.0,0.634665310382843,9,9359
7240,11,7,4,True,10507,1,False,False,False,False,0.2828426957130432,2.0,0.5681549310684204,9,9927
7240,12,4,7,True,10507,3,False,False,False,False,0.19999998807907104,1.0,0.3709447383880615,5,7793
7240,13,3,8,False,49,8,True,False,False,False,0.2828426957130432,2.0,0.2849561274051666,5,411
7240,14,1,10,False,3,1,True,False,False,False,0.9797959327697754,7.0,0.9800000786781311,8,8974
7240,15,4,7,True,10507,2,False,False,False,False,0.2828426957130432,2.0,0.4749736487865448,6,7584
7240,16,11,0,True,10507,1,False,,,,,,0.7927168607711792,11,8039
7240,17,4,7,False,2,1,True,False,False,False,0.4000000059604645,4.0,0.4019950330257416,8,8039
7240,18,9,2,True,10507,1,False,False,False,False,0.19999998807907104,1.0,0.532541036605835,10,8039
7240,19,1,10,False,26,1,True,False,False,False,0.19999998807907104,1.0,0.2009975016117096,2,9111
7240,20,4,7,True,10507,1,False,False,False,False,0.4000000059604645,4.0,0.5075430870056152,8,8039
7240,21,7,4,True,10507,1,False,False,False,False,0.2828427255153656,2.0,0.634665310382843,9,3318
7240,22,9,2,True,10507,1,False,True,True,True,0.0,0.0,0.7922120690345764,9,8039
7240,23,8,3,True,10507,1,False,True,True,True,0.0,0.0,0.7919595837593079,8,2157
7240,24,4,7,True,10507,2,False,False,False,False,0.2828426957130432,2.0,0.35999995470046997,6,9497
7240,25,7,4,True,10507,1,False,False,False,False,0.2828427255153656,2.0,0.634665310382843,9,9359
7240,26,10,1,True,10507,1,False,True,True,True,0.0,0.0,0.761577308177948,10,8039
7240,27,5,6,True,10507,1,False,False,False,False,0.19999998807907104,1.0,0.48373544216156006,6,2157
7240,28,9,2,True,10507,2,False,True,True,True,0.0,0.0,0.7400000095367432,9,3318
7240,29,4,7,True,10507,2,False,False,False,False,0.2828426957130432,2.0,0.42142611742019653,6,9497
7240,30,2,9,False,7,1,True,False,False,False,0.2828426957130432,2.0,0.28425338864326477,4,4134
7240,31,7,4,True,10507,2,False,True,True,True,0.0,0.0,0.6089335083961487,7,9359
4688,0,6,5,True,10507,1,False,True,True,True,0.0,0.0,0.44090816378593445,6,3459
4688,1,11,0,True,10507,1,False,,,,,,0.7927168607711792,11,8039
4688,2,4,7,True,10507,1,False,False,False,False,0.19999998807907104,1.0,0.37094470858573914,5,9384
4688,3,6,5,True,10507,3,False,True,True,True,0.0,0.0,0.38262251019477844,6,3745
4688,4,1,10,False,25,1,True,False,False,False,0.8485281467437744,7.0,0.8487638831138611,8,7928
4688,5,7,4,True,10507,1,False,True,True,True,0.0,0.0,0.7394592761993408,7,8917
4688,6,3,8,True,10507,1,False,False,False,False,0.2828426957130432,2.0,0.5071489214897156,5,405
4688,7,1,10,False,2983,29,True,True,True,True,0.0,0.0,0.019999995827674866,1,8959
4688,8,7,4,True,10507,1,False,False,False,False,0.19999998807907104,1.0,0.6023288369178772,8,9186
4688,9,5,6,True,10507,1,False,False,False,False,0.4472135901451111,2.0,0.6884766221046448,7,1160
4688,10,9,2,True,10507,1,False,False,False,False,0.2828426957130432,2.0,0.5249761939048767,11,6251
4688,11,6,5,True,10507,2,False,False,False,False,0.2828426957130432,2.0,0.7282856702804565,8,10058
4688,12,11,0,True,10507,1,False,,,,,,0.7927168607711792,11,8039
4688,13,7,4,True,10507,1,False,False,False,False,0.19999998807907104,1.0,0.5317894220352173,8,5793
4688,14,11,0,True,10507,1,False,,,,,,0.7927168607711792,11,8039
4688,15,5,6,True,10507,1,False,True,True,True,0.0,0.0,0.670820415019989,5,5823
4688,16,4,7,True,10507,9,False,False,False,False,0.19999998807907104,1.0,0.43081316351890564,5,6389
4688,17,3,8,True,10507,1,False,False,False,False,0.4472135901451111,2.0,0.5875372290611267,5,428
4688,18,10,1,True,10507,2,False,True,True,True,0.0,0.0,0.7402702569961548,10,9359
4688,19,4,7,True,10507,1,False,False,False,False,0.4472135901451111,2.0,0.5878775715827942,6,428
4688,20,11,0,True,10507,1,False,,,,,,0.7927168607711792,11,8039
4688,21,5,6,True,10507,1,False,False,False,False,0.19999998807907104,1.0,0.43127715587615967,6,695
4688,22,4,7,True,10507,2,False,True,True,True,0.0,0.0,0.5230678915977478,4,353
4688,23,10,1,True,10507,1,False,True,True,True,0.0,0.0,0.4939635396003723,10,8039
4688,24,3,8,False,1619,22,True,True,True,True,0.0,0.0,0.034641001373529434,3,7883
4688,25,5,6,True,10507,2,False,False,False,False,0.2828426957130432,2.0,0.5234500765800476,7,6853
4688,26,9,2,True,10507,1,False,True,True,True,0.0,0.0,0.49355849623680115,9,8039
4688,27,7,4,True,10507,2,False,False,False,False,0.2828426957130432,2.0,0.7285602688789368,9,5655
4688,28,8,3,True,10507,1,False,False,False,False,0.4472135901451111,2.0,0.6657326817512512,10,4065
4688,29,3,8,False,2,1,True,False,False,False,0.7745966911315918,7.0,0.7753709554672241,10,8974
4688,30,7,4,True,10507,1,False,False,False,False,0.2828426957130432,2.0,0.5956509113311768,9,254
4688,31,10,1,True,10507,1,False,False,False,False,0.19999998807907104,1.0,0.5761944055557251,11,4065
1312,0,11,0,True,10507,1,False,,,,,,0.7927168607711792,11,8039
1312,1,9,2,True,10507,1,False,False,False,False,0.5656854510307312,2.0,0.7180529236793518,11,8039
1312,2,1,10,False,2983,110,True,True,True,True,0.0,0.0,0.019999995827674866,1,5390
1312,3,11,0,True,10507,1,False,,,,,,0.7927168607711792,11,8039
1312,4,1,10,False,5,1,True,False,False,False,0.7745966911315918,6.0,0.774854838848114,7,6251
1312,5,9,2,True,10507,1,False,False,False,False,0.4472135901451111,2.0,0.8364209532737732,11,9359
1312,6,1,10,False,1,1,True,False,False,False,1.4422204494476318,10.0,1.442359209060669,11,53
1312,7,6,5,True,10507,1,False,False,False,False,0.2828426957130432,2.0,0.634350061416626,8,1964
1312,8,3,8,True,10507,2,False,True,True,True,0.0,0.0,0.42095133662223816,3,9900
1312,9,11,0,True,10507,1,False,,,,,,0.7927168607711792,11,8039
1312,10,9,2,True,10507,1,False,True,True,True,0.0,0.0,0.7922121286392212,9,8039
1312,11,7,4,True,10507,1,False,False,False,False,0.4000000059604645,1.0,0.7285602688789368,8,1964
1312,12,3,8,False,2,1,True,False,False,False,0.7745966911315918,6.0,0.7753708958625793,9,6251
1312,13,1,10,False,5,1,True,False,False,False,0.7745966911315918,6.0,0.774854838848114,7,6251
1312,14,5,6,True,10507,1,False,False,False,False,0.3464101552963257,3.0,0.5157518982887268,8,6251
1312,15,4,7,True,10507,1,False,False,False,False,0.19999998807907104,1.0,0.29933255910873413,5,9623
1312,16,4,7,True,10507,1,False,False,False,False,0.4898979365825653,3.0,0.7166589498519897,7,1964
1312,17,1,10,False,25,1,True,False,False,False,0.4898979365825653,6.0,0.49030598998069763,7,1159
1312,18,4,7,False,23,3,True,False,False,False,0.7211102843284607,2.0,0.7222188711166382,6,721
1312,19,2,9,False,1,1,True,False,False,False,1.1489125490188599,8.0,1.1492606401443481,10,26
1312,20,4,7,True,10507,1,False,False,False,False,0.2828426957130432,2.0,0.6337192058563232,6,1964
1312,21,8,3,True,10507,1,False,False,False,False,0.4000000059604645,1.0,0.8119113445281982,9,8974
1312,22,9,2,True,10507,1,False,False,False,False,0.4000000059604645,1.0,0.8411896824836731,10,1964
1312,23,3,8,False,1619,4,True,False,False,False,0.4000000059604645,1.0,0.4014972150325775,4,7067
1312,24,3,8,True,10507,2,False,False,False,False,0.19999998807907104,1.0,0.3704051673412323,4,5969
1312,25,6,5,True,10507,1,False,True,True,True,0.0,0.0,0.6945502161979675,6,9619
1312,26,6,5,True,10507,1,False,False,False,False,0.19999998807907104,1.0,0.4317406415939331,7,8169
1312,27,7,4,True,10507,1,False,False,False,False,0.19999998807907104,1.0,0.48456165194511414,8,6251
1312,28,2,9,True,10507,4,False,False,False,False,0.2828426957130432,2.0,0.5067543983459473,4,3345
1312,29,8,3,True,10507,1,False,False,False,False,0.19999998807907104,1.0,0.6412488222122192,9,3318
1312,30,9,2,True,10507,1,False,True,True,True,0.0,0.0,0.7922121286392212,9,8039
1312,31,5,6,True,10507,1,False,False,False,False,0.3464101552963257,3.0,0.6276941895484924,8,2938
9285,0,1,10,False,53,4,True,False,False,False,0.2828426957130432,2.0,0.2835489511489868,3,421
9285,1,8,3,True,10507,1,False,False,False,False,0.2828426957130432,2.0,0.5245950818061829,10,9359
9285,2,2,9,True,10507,1,False,False,False,False,0.2828426957130432,2.0,0.5067543983459473,4,7412
9285,3,8,3,True,10507,2,False,False,False,False,0.19999998807907104,1.0,0.6412488222122192,9,9359
9285,4,11,0,True,10507,1,False,,,,,,0.7927168607711792,11,8039
9285,5,11,0,True,10507,1,False,,,,,,0.7927168607711792,11,8039
9285,6,2,9,False,1,1,True,False,False,False,1.2806248664855957,8.0,1.2809370756149292,10,26
9285,7,10,1,True,10507,1,False,False,False,False,0.19999998807907104,1.0,0.846167802810669,11,4842
9285,8,8,3,True,10507,1,False,True,True,True,0.0,0.0,0.7397297024726868,8,1949
9285,9,4,7,True,10507,4,False,False,False,False,0.19999998807907104,1.0,0.5153639912605286,5,9198
9285,10,8,3,True,10507,1,False,False,False,False,0.2828426957130432,2.0,0.5245950818061829,10,9359
9285,11,1,10,False,1,1,True,False,False,False,1.3114876747131348,10.0,1.3116401433944702,11,53
9285,12,2,9,False,49,4,True,False,False,False,0.19999998807907104,1.0,0.20199008285999298,3,2656
9285,13,11,0,True,10507,1,False,,,,,,0.7927168607711792,11,8039
9285,14,3,8,True,10507,1,False,True,True,True,0.0,0.0,0.2218107283115387,3,8449
9285,15,8,3,True,10507,1,False,False,False,False,0.4000000059604645,1.0,0.634980320930481,9,7246
9285,16,3,8,False,2,1,True,False,False,False,0.8485281467437744,4.0,0.849234938621521,7,9623
9285,17,9,2,True,10507,1,False,False,False,False,0.4472135603427887,2.0,0.701141893863678,11,4842
9285,18,6,5,True,10507,1,False,False,False,False,0.3464101552963257,3.0,0.5161395072937012,9,8974
9285,19,6,5,True,10507,1,False,False,False,False,0.19999998807907104,1.0,0.5607138276100159,7,8931
9285,20,5,6,True,10507,1,False,False,False,False,0.2828426957130432,2.0,0.5949789881706238,7,8931
9285,21,10,1,True,10507,1,False,False,False,False,0.3999999761581421,1.0,0.6723094582557678,11,4065
9285,22,11,0,True,10507,1,False,,,,,,0.7927168607711792,11,8039
9285,23,8,3,True,10507,1,False,True,True,True,0.0,0.0,0.6092618703842163,8,1964
9285,24,3,8,True,10507,1,False,True,True,True,0.0,0.0,0.31176915764808655,3,2121
9285,25,9,2,True,10507,1,False,True,True,True,0.0,0.0,0.6095900535583496,9,3318
9285,26,2,9,False,10418,266,True,True,True,True,0.0,0.0,0.028284244239330292,2,4787
9285,27,6,5,True,10507,1,False,False,False,False,0.2828427255153656,2.0,0.475815087556839,8,10017
9285,28,5,6,True,10507,2,False,False,False,False,0.19999998807907104,1.0,0.699999988079071,6,8064
9285,29,10,1,True,10507,1,False,True,True,True,0.0,0.0,0.4939635396003723,10,8039
9285,30,2,9,True,10507,1,False,False,False,False,0.19999998807907104,1.0,0.6267375946044922,3,9840
9285,31,2,9,True,10507,5,False,False,False,False,0.19999998807907104,1.0,0.2979932725429535,3,8422
4599,0,3,8,True,10507,2,False,False,False,False,0.19999998807907104,1.0,0.5149757266044617,4,9683
4599,1,7,4,True,10507,1,False,False,False,False,0.2828426957130432,2.0,0.6948381662368774,9,5625
4599,2,6,5,True,10507,1,False,False,False,False,0.44721361994743347,2.0,0.6280127167701721,8,8039
4599,3,9,2,True,10507,1,False,False,False,False,0.19999998807907104,1.0,0.6415606141090393,10,9359
4599,4,10,1,True,10507,1,False,False,False,False,0.3999999761581421,1.0,0.6723094582557678,11,4065
4599,5,11,0,True,10507,1,False,,,,,,0.7927168607711792,11,8039
4599,6,1,10,False,10419,83,True,True,True,True,0.0,0.0,0.019999980926513672,1,9391
4599,7,5,6,True,10507,2,False,True,True,True,0.0,0.0,0.382099449634552,5,370
4599,8,1,10,False,576,8,True,False,False,False,0.2828426957130432,2.0,0.28354892134666443,3,292
4599,9,3,8,True,10507,2,False,False,False,False,0.19999998807907104,1.0,0.3704051673412323,4,3110
4599,10,1,10,False,576,8,True,False,False,False,0.2828426957130432,2.0,0.28354892134666443,3,1460
4599,11,11,0,True,10507,1,False,,,,,,0.7927168607711792,11,8039
4599,12,6,5,True,10507,1,False,False,False,False,0.4000000059604645,1.0,0.6590902805328369,7,9359
4599,13,11,0,True,10507,1,False,,,,,,0.7927168607711792,11,8039
4599,14,2,9,False,2947,83,True,True,True,True,0.0,0.0,0.028284255415201187,2,3786
4599,15,2,9,False,25,1,True,False,False,False,0.19999998807907104,1.0,0.20199008285999298,3,4142
4599,16,3,8,True,10507,1,False,False,False,False,0.19999998807907104,1.0,0.3704051673412323,4,3129
4599,17,9,2,True,10507,2,False,True,True,True,0.0,0.0,0.7400000095367432,9,3318
4599,18,10,1,True,10507,1,False,True,True,True,0.0,0.0,0.7924644947052002,10,8039
4599,19,8,3,True,10507,1,False,False,False,False,0.4472135901451111,2.0,0.7233256697654724,10,3318
4599,20,3,8,False,7,1,True,False,False,False,0.6324555277824402,2.0,0.6334035396575928,5,8842
4599,21,4,7,True,10507,2,False,False,False,False,0.19999998807907104,1.0,0.3709447383880615,5,3110
4599,22,8,3,True,10507,1,False,True,True,True,0.0,0.0,0.7397297620773315,8,9359
4599,23,2,9,True,10507,5,False,False,False,False,0.4000000059604645,4.0,0.5803447365760803,6,4516
4599,24,4,7,True,10507,1,False,False,False,False,0.3464101552963257,3.0,0.6273754835128784,7,254
4599,25,5,6,True,10507,1,False,False,False,False,0.4898979067802429,3.0,0.6587867736816406,8,1022
4599,26,5,6,True,10507,1,False,False,False,False,0.19999998807907104,1.0,0.43127715587615967,6,6416
4599,27,5,6,True,10507,3,False,False,False,False,0.2828426957130432,2.0,0.4753945767879486,7,2147
4599,28,1,10,False,5,1,True,False,False,False,0.8485281467437744,7.0,0.8487638235092163,8,8974
4599,29,11,0,True,10507,1,False,,,,,,0.7927168607711792,11,8039
4599,30,7,4,True,10507,1,False,False,False,False,0.4898979365825653,3.0,0.6948380470275879,10,4842
4599,31,9,2,True,10507,1,False,False,False,False,0.19999998807907104,1.0,0.7345747351646423,10,9359
991,0,6,5,True,10507,1,False,True,True,True,0.0,0.0,0.8212186694145203,6,9938
991,1,11,0,True,10507,1,False,,,,,,0.7927168607711792,11,8039
991,2,1,10,False,5,1,True,False,False,False,1.095445156097412,8.0,1.095627784729004,9,8974
991,3,4,7,False,1,1,True,False,False,False,0.5656854510307312,2.0,0.5670979022979736,6,6315
991,4,2,9,False,2,1,True,False,False,False,1.095445156097412,8.0,1.0958101749420166,10,8974
991,5,11,0,True,10507,1,False,,,,,,0.7927168607711792,11,8039
991,6,7,4,True,10507,2,False,False,False,False,0.4472135901451111,2.0,0.8359426259994507,9,9359
991,7,10,1,True,10507,1,False,True,True,True,0.0,0.0,0.7924644947052002,10,8039
991,8,10,1,True,10507,1,False,True,True,True,0.0,0.0,0.761577308177948,10,6251
991,9,1,10,False,10469,2,True,True,True,True,0.0,0.0,0.019999980926513672,1,991
991,10,2,9,False,4,1,True,False,False,False,0.9165151715278625,7.0,0.9169515371322632,9,8974
991,11,7,4,True,10507,1,False,False,False,False,0.2828426957130432,2.0,0.7917070388793945,9,2659
991,12,4,7,True,10507,1,False,False,False,False,0.2828426957130432,2.0,0.523067831993103,6,2659
991,13,1,10,False,10469,2,True,True,True,True,0.0,0.0,0.019999980926513672,1,991
991,14,7,4,True,10507,2,False,True,True,True,0.0,0.0,0.5681549310684204,7,7151
991,15,1,10,False,576,3,True,False,False,False,0.44721361994743347,2.0,0.4476606249809265,3,7714
991,16,7,4,True,10507,1,False,False,False,False,0.20000001788139343,1.0,0.6409368515014648,8,9359
991,17,9,2,True,10507,1,False,True,True,True,0.0,0.0,0.8506468534469604,9,9938
991,18,10,1,True,10507,1,False,True,True,True,0.0,0.0,0.8221921920776367,10,7246
991,19,10,1,True,10507,2,False,True,True,True,0.0,0.0,0.7402702569961548,10,3318
991,20,1,10,False,3,1,True,False,False,False,1.095445156097412,8.0,1.095627784729004,9,8974
991,21,8,3,True,10507,1,False,True,True,True,0.0,0.0,0.7610518932342529,8,10017
991,22,11,0,True,10507,1,False,,,,,,0.7927168607711792,11,8039
991,23,7,4,True,10507,7,False,False,False,False,0.2828426957130432,2.0,0.5956509113311768,9,9634
991,24,6,5,True,10507,1,False,False,False,False,0.19999998807907104,1.0,0.6019967198371887,7,9938
991,25,7,4,True,10507,1,False,False,False,False,0.20000001788139343,1.0,0.8454585075378418,8,9938
991,26,5,6,True,10507,1,False,False,False,False,0.2828426957130432,2.0,0.7280110120773315,7,1955
991,27,8,3,True,10507,1,False,False,False,False,0.19999998807907104,1.0,0.7662897706031799,9,9938
991,28,11,0,True,10507,1,False,,,,,,0.7927168607711792,11,8039
991,29,8,3,True,10507,1,False,True,True,True,0.0,0.0,0.7714921236038208,8,9927
991,30,9,2,True,10507,1,False,False,False,False,0.2828426957130432,2.0,0.6720119118690491,11,9359
991,31,3,8,False,2,1,True,False,False,False,1.039230465888977,5.0,1.039807677268982,8,6251
815,0,5,6,True,10507,1,False,True,True,True,0.0,0.0,0.5674504637718201,5,1955
815,1,7,4,True,10507,1,False,False,False,False,0.3464101552963257,3.0,0.6654322147369385,10,1964
815,2,5,6,True,10507,1,False,False,False,False,0.20000001788139343,1.0,0.6403124332427979,6,9927
815,3,6,5,True,10507,2,False,False,False,False,0.19999998807907104,1.0,0.4673328697681427,7,423
815,4,10,1,True,10507,1,False,True,True,True,0.0,0.0,0.4939635396003723,10,8039
815,5,6,5,True,10507,1,False,False,False,False,0.2828427255153656,2.0,0.7282856702804565,8,9359
815,6,8,3,True,10507,1,False,False,False,False,0.20000001788139343,1.0,0.484974205493927,9,8039
815,7,3,8,False,1,1,True,False,False,False,0.800000011920929,8.0,0.8007497191429138,11,8974
815,8,4,7,True,10507,1,False,False,False,False,0.4000000059604645,4.0,0.5075430870056152,8,9619
815,9,8,3,True,10507,1,False,False,False,False,0.20000001788139343,1.0,0.484974205493927,9,8039
815,10,5,6,True,10507,1,False,False,False,False,0.3464101552963257,3.0,0.5157518982887268,8,9619
815,11,1,10,False,576,2,True,False,False,False,0.2828426957130432,2.0,0.2835489511489868,3,7730
815,12,2,9,False,2,2,True,False,False,False,1.2806247472763062,8.0,1.2809370756149292,10,7502
815,13,2,9,False,2,1,True,False,False,False,0.800000011920929,8.0,0.8004998564720154,10,8974
815,14,10,1,True,10507,1,False,True,True,True,0.0,0.0,0.7720103859901428,10,1964
815,15,8,3,True,10507,1,False,False,False,False,0.20000001788139343,1.0,0.7662897706031799,9,1964
815,16,6,5,True,10507,2,False,False,False,False,0.19999998807907104,1.0,0.4317406415939331,7,9497
815,17,7,4,True,10507,1,False,False,False,False,0.20000001788139343,1.0,0.816578209400177,8,7246
815,18,9,2,True,10507,1,False,False,False,False,0.20000001788139343,1.0,0.7665507793426514,10,1964
815,19,8,3,True,10507,1,False,False,False,False,0.3464101552963257,3.0,0.7557777762413025,11,9359
815,20,4,7,True,10507,1,False,False,False,False,0.20000001788139343,1.0,0.430813193321228,5,10017
815,21,8,3,True,10507,1,False,False,False,False,0.2828427255153656,2.0,0.7288347482681274,10,9359
815,22,3,8,True,10507,1,False,True,True,True,0.0,0.0,0.2218107283115387,3,5163
815,23,7,4,True,10507,1,False,False,False,False,0.40000003576278687,1.0,0.5956509709358215,8,10017
815,24,3,8,False,245,3,True,False,False,False,0.4472135901451111,5.0,0.448553204536438,8,2127
815,25,11,0,True,10507,1,False,,,,,,0.7927168607711792,11,8039
815,26,1,10,False,26,3,True,True,True,True,0.0,0.0,0.019999995827674866,1,7287
815,27,9,2,True,10507,1,False,False,False,False,0.40000003576278687,1.0,0.6352952122688293,10,8039
815,28,5,6,True,10507,1,False,False,False,False,0.2828427255153656,2.0,0.7602631449699402,7,1949
815,29,3,8,False,1,1,True,False,False,False,0.800000011920929,8.0,0.8007497191429138,11,8974
815,30,4,7,True,10507,1,False,False,False,False,0.34641018509864807,3.0,0.466476172208786,7,2157
815,31,6,5,True,10507,1,False,False,False,False,0.20000001788139343,1.0,0.6406247019767761,7,9927
2801,0,11,0,True,10507,1,False,,,,,,0.7927168607711792,11,8039
2801,1,8,3,True,10507,1,False,False,False,False,0.19999998807907104,1.0,0.6412488222122192,9,9359
2801,2,1,10,False,5,1,True,False,False,False,0.8717797994613647,7.0,0.8720092177391052,8,6251
2801,3,8,3,True,10507,1,False,True,True,True,0.0,0.0,0.6092618703842163,8,1964
2801,4,3,8,False,1,1,True,False,False,False,0.7211102843284607,7.0,0.7219418883323669,10,8974
2801,5,2,9,False,7,1,True,False,False,False,0.4472135901451111,2.0,0.44810715317726135,4,405
2801,6,8,3,True,10507,1,False,False,False,False,0.4898979663848877,3.0,0.6951258778572083,11,4065
2801,7,8,3,True,10507,1,False,False,False,False,0.4472135901451111,2.0,0.6657326817512512,10,2157
2801,8,2,9,False,52,1,True,False,False,False,0.4898979663848877,3.0,0.49071377515792847,5,10030
2801,9,2,9,False,2,1,True,False,False,False,0.8717797994613647,7.0,0.8722385764122009,9,6251
2801,10,8,3,True,10507,2,False,False,False,False,0.4472135901451111,2.0,0.8361818790435791,10,9359
2801,11,3,8,True,10507,1,False,True,True,True,0.0,0.0,0.4745524525642395,3,5794
2801,12,3,8,True,10507,2,False,False,False,False,0.3464101552963257,3.0,0.5875372290611267,6,5625
2801,13,11,0,True,10507,1,False,,,,,,0.7927168607711792,11,8039
2801,14,10,1,True,10507,2,False,True,True,True,0.0,0.0,0.7402702569961548,10,3318
2801,15,3,8,True,10507,1,False,False,False,False,0.2828426957130432,2.0,0.552449107170105,5,5835
2801,16,10,1,True,10507,1,False,True,True,True,0.0,0.0,0.7720103859901428,10,1964
2801,17,8,3,True,10507,1,False,False,False,False,0.2828426957130432,2.0,0.6717142462730408,10,9873
2801,18,7,4,True,10507,1,False,False,False,False,0.5291503071784973,4.0,0.755513072013855,11,4842
2801,19,5,6,True,10507,2,False,False,False,False,0.2828426957130432,2.0,0.5949790477752686,7,5655
2801,20,2,9,False,541,29,True,True,True,True,0.0,0.0,0.028284255415201187,2,3813
2801,21,1,10,False,2983,110,True,True,True,True,0.0,0.0,0.019999995827674866,1,8916
2801,22,9,2,True,10507,1,False,False,False,False,0.19999998807907104,1.0,0.6415606141090393,10,9359
2801,23,9,2,True,10507,1,False,False,False,False,0.4000000059604645,1.0,0.6352952122688293,10,8039
2801,24,9,2,True,10507,1,False,True,True,True,0.0,0.0,0.7613146305084229,9,6251
2801,25,7,4,True,10507,1,False,False,False,False,0.19999998807907104,1.0,0.6023288369178772,8,3318
2801,26,1,10,False,25,1,True,False,False,False,0.6324555277824402,7.0,0.6327716708183289,8,1159
2801,27,3,8,True,10507,1,False,False,False,False,0.2828426957130432,2.0,0.5943063497543335,5,7185
2801,28,9,2,True,10507,1,False,False,False,False,0.4000000059604645,1.0,0.8121576905250549,10,8974
2801,29,8,3,True,10507,2,False,False,False,False,0.20000001788139343,1.0,0.6026607751846313,9,6324
2801,30,1,10,False,26,1,True,False,False,False,0.4898979663848877,3.0,0.4903060495853424,4,7809
2801,31,3,8,True,10507,5,False,False,False,False,0.2828426957130432,2.0,0.6581793427467346,5,6912
7585,0,5,6,True,10507,2,False,True,True,True,0.0,0.0,0.3130495250225067,5,9497
7585,1,2,9,False,2,2,True,False,False,False,1.5099668502807617,9.0,1.5102317333221436,11,7502
7585,2,3,8,True,10507,2,False,False,False,False,0.20000000298023224,1.0,0.3704051673412323,4,9497
7585,3,10,1,True,10507,1,False,True,True,True,0.0,0.0,0.7924644947052002,10,8039
7585,4,4,7,True,10507,4,False,True,True,True,0.0,0.0,0.5230678915977478,4,5993
7585,5,11,0,True,10507,1,False,,,,,,0.7927168607711792,11,8039
7585,6,9,2,True,10507,2,False,True,True,True,0.0,0.0,0.7400000095367432,9,3318
7585,7,4,7,True,10507,1,False,True,True,True,0.0,0.0,0.22271056473255157,4,4146
7585,8,11,0,True,10507,1,False,,,,,,0.7927168607711792,11,8039
7585,9,10,1,True,10507,1,False,True,True,True,0.0,0.0,0.7924644947052002,10,8039
7585,10,8,3,True,10507,1,False,False,False,False,0.20000001788139343,1.0,0.7008566856384277,9,9359
7585,11,1,10,False,10419,22,True,True,True,True,0.0,0.0,0.019999980926513672,1,9212
7585,12,8,3,True,10507,1,False,True,True,True,0.0,0.0,0.7919595837593079,8,7246
7585,13,6,5,True,10507,1,False,True,True,True,0.0,0.0,0.38262251019477844,6,10472
7585,14,3,8,True,10507,1,False,True,True,True,0.0,0.0,0.2218107283115387,3,7584
7585,15,7,4,True,10507,1,False,True,True,True,0.0,0.0,0.5681549310684204,7,1964
7585,16,4,7,True,10507,1,False,True,True,True,0.0,0.0,0.38157567381858826,4,7584
7585,17,10,1,True,10507,2,False,True,True,True,0.0,0.0,0.7402702569961548,10,3318
7585,18,3,8,True,10507,1,False,True,True,True,0.0,0.0,0.31176915764808655,3,7584
7585,19,7,4,True,10507,1,False,False,False,False,0.2828426957130432,2.0,0.5681549310684204,9,9927
7585,20,3,8,False,7,1,True,True,True,True,0.0,0.0,0.034641001373529434,3,4134
7585,21,2,9,False,1,1,True,False,False,False,1.0198040008544922,7.0,1.0201960802078247,9,8974
7585,22,8,3,True,10507,1,False,True,True,True,0.0,0.0,0.4418144226074219,8,10017
7585,23,6,5,True,10507,1,False,True,True,True,0.0,0.0,0.38262253999710083,6,10017
7585,24,5,6,True,10507,1,False,False,False,False,0.20000001788139343,1.0,0.48373547196388245,6,1964
7585,25,5,6,True,10507,4,False,True,True,True,0.0,0.0,0.5674504637718201,5,9217
7585,26,1,10,False,2983,4,True,True,True,True,0.0,0.0,0.019999995827674866,1,9217
7585,27,3,8,True,10507,4,False,True,True,True,0.0,0.0,0.42095133662223816,3,9217
7585,28,1,10,False,1619,22,True,True,True,True,0.0,0.0,0.02000001072883606,1,6594
7585,29,5,6,True,10507,4,False,True,True,True,0.0,0.0,0.4753945767879486,5,9217
7585,30,7,4,True,10507,1,False,True,True,True,0.0,0.0,0.6089335083961487,7,1964
7585,31,8,3,True,10507,1,False,True,True,True,0.0,0.0,0.3836665153503418,8,8039
4625,0,1,10,False,1619,4,True,True,True,True,0.0,0.0,0.02000001072883606,1,5424
4625,1,5,6,True,10507,1,False,False,False,False,0.2828426957130432,2.0,0.670820415019989,7,5057
4625,2,11,0,True,10507,1,False,,,,,,0.7927168607711792,11,8039
4625,3,11,0,True,10507,1,False,,,,,,0.7927168607711792,11,8039
4625,4,5,6,True,10507,3,False,False,False,False,0.4000000059604645,4.0,0.6587867736816406,9,5281
4625,5,11,0,True,10507,1,False,,,,,,0.7927168607711792,11,8039
4625,6,10,1,True,10507,1,False,True,True,True,0.0,0.0,0.7720103859901428,10,1964
4625,7,3,8,True,10507,4,False,True,True,True,0.0,0.0,0.31176915764808655,3,561
4625,8,2,9,True,10507,2,False,True,True,True,0.0,0.0,0.22090721130371094,2,3110
4625,9,2,9,True,10507,2,False,True,True,True,0.0,0.0,0.22090721130371094,2,335
4625,10,11,0,True,10507,1,False,,,,,,0.7927168607711792,11,8039
4625,11,3,8,False,24,1,True,False,False,False,0.5656853914260864,5.0,0.5667450428009033,8,1159
4625,12,8,3,True,10507,1,False,False,False,False,0.19999998807907104,1.0,0.484974205493927,9,10472
4625,13,7,4,True,10507,1,False,True,True,True,0.0,0.0,0.6714164614677429,7,9513
4625,14,7,4,True,10507,2,False,False,False,False,0.4000000059604645,1.0,0.8116649985313416,8,3318
4625,15,5,6,True,10507,2,False,False,False,False,0.4898979365825653,3.0,0.7496666312217712,8,9359
4625,16,2,9,True,10507,1,False,True,True,True,0.0,0.0,0.42047595977783203,2,405
4625,17,11,0,True,10507,1,False,,,,,,0.7927168607711792,11,8039
4625,18,8,3,True,10507,1,False,False,False,False,0.3464101552963257,3.0,0.7868926525115967,11,6854
4625,19,11,0,True,10507,1,False,,,,,,0.7927168607711792,11,8039
4625,20,10,1,True,10507,1,False,True,True,True,0.0,0.0,0.7924644947052002,10,8039
4625,21,7,4,True,10507,1,False,False,False,False,0.3464101552963257,3.0,0.8359426259994507,10,4842
4625,22,10,1,True,10507,1,False,True,True,True,0.0,0.0,0.7924644947052002,10,8039
4625,23,4,7,True,10507,1,False,False,False,False,0.4000000059604645,4.0,0.5810335278511047,8,422
4625,24,5,6,True,10507,1,False,False,False,False,0.6633249521255493,5.0,0.765506386756897,10,4842
4625,25,2,9,False,1,1,True,False,False,False,1.469693899154663,9.0,1.469965934753418,11,53
4625,26,11,0,True,10507,1,False,,,,,,0.7927168607711792,11,8039
4625,27,3,8,True,10507,1,False,False,False,False,0.2828426957130432,2.0,0.5071489214897156,5,5625
4625,28,1,10,False,576,8,True,False,False,False,0.19999998807907104,1.0,0.2009975016117096,2,9525
4625,29,6,5,True,10507,2,False,False,False,False,0.2828426957130432,2.0,0.6945502758026123,8,2643
4625,30,5,6,True,10507,1,False,False,False,False,0.2828426957130432,2.0,0.6942622661590576,7,7233
4625,31,2,9,False,1,1,True,False,False,False,1.469693899154663,9.0,1.469965934753418,11,53
8122,0,7,4,True,10507,1,False,False,False,False,0.2828426957130432,2.0,0.7607890963554382,9,6854
8122,1,2,9,False,7,1,True,False,False,False,0.19999998807907104,1.0,0.20199008285999298,3,405
8122,2,6,5,True,10507,2,False,False,False,False,0.20000001788139343,1.0,0.6406247019767761,7,1949
8122,3,11,0,True,10507,1,False,,,,,,0.7927168607711792,11,8039
8122,4,3,8,True,10507,1,False,False,False,False,0.4000000059604645,4.0,0.5806892514228821,7,10454
8122,5,4,7,True,10507,6,False,False,False,False,0.19999998807907104,1.0,0.5600000023841858,5,1961
8122,6,7,4,True,10507,1,False,True,True,True,0.0,0.0,0.6089335083961487,7,1964
8122,7,11,0,True,10507,1,False,,,,,,0.7927168607711792,11,8039
8122,8,11,0,True,10507,1,False,,,,,,0.7927168607711792,11,8039
8122,9,11,0,True,10507,1,False,,,,,,0.7927168607711792,11,8039
8122,10,3,8,False,2,1,True,True,True,True,0.0,0.0,0.034641001373529434,3,4142
8122,11,10,1,True,10507,1,False,False,False,False,0.19999998807907104,1.0,0.846167802810669,11,4842
8122,12,11,0,True,10507,1,False,,,,,,0.7927168607711792,11,8039
8122,13,3,8,True,10507,2,False,False,False,False,0.19999998807907104,1.0,0.4303486943244934,4,10088
8122,14,2,9,False,52,4,True,False,False,False,0.2828426957130432,2.0,0.28425341844558716,4,421
8122,15,1,10,False,576,1,True,True,True,True,0.0,0.0,0.019999995827674866,1,7997
8122,16,10,1,True,10507,1,False,True,True,True,0.0,0.0,0.7924644947052002,10,8039
8122,17,1,10,False,53,4,True,False,False,False,0.2828426957130432,2.0,0.2835489511489868,3,4245
8122,18,11,0,True,10507,1,False,,,,,,0.7927168607711792,11,8039
8122,19,3,8,False,1,1,True,False,False,False,0.7483315467834473,6.0,0.7491328716278076,9,8974
8122,20,2,9,False,1,1,True,False,False,False,1.2489995956420898,9.0,1.2493197917938232,11,53
8122,21,9,2,True,10507,1,False,False,False,False,0.40000003576278687,1.0,0.6352952122688293,10,8039
8122,22,11,0,True,10507,1,False,,,,,,0.7927168607711792,11,8039
8122,23,4,7,True,10507,2,False,False,False,False,0.3464101552963257,3.0,0.4664761424064636,7,8310
8122,24,6,5,True,10507,1,False,True,True,True,0.0,0.0,0.44090813398361206,6,1952
8122,25,11,0,True,10507,1,False,,,,,,0.7927168607711792,11,8039
8122,26,10,1,True,10507,1,False,True,True,True,0.0,0.0,0.7402702569961548,10,8974
8122,27,11,0,True,10507,1,False,,,,,,0.7927168607711792,11,8039
8122,28,11,0,True,10507,1,False,,,,,,0.7927168607711792,11,8039
8122,29,4,7,True,10507,3,False,False,False,False,0.19999998807907104,1.0,0.430813193321228,5,8736
8122,30,3,8,True,10507,9,False,False,False,False,0.19999998807907104,1.0,0.3704051673412323,4,5257
8122,31,7,4,True,10507,1,False,False,False,False,0.2828426957130432,2.0,0.5242136716842651,9,8029
7381,0,6,5,True,10507,1,False,False,False,False,0.2828426957130432,2.0,0.5238320231437683,8,10472
7381,1,4,7,True,10507,2,False,False,False,False,0.19999998807907104,1.0,0.43081316351890564,5,9125
7381,2,1,10,False,26,3,True,False,False,False,0.20000001788139343,1.0,0.20099753141403198,2,721
7381,3,7,4,True,10507,2,False,False,False,False,0.19999998807907104,1.0,0.6023288369178772,8,9508
7381,4,1,10,False,26,3,True,False,False,False,0.20000001788139343,1.0,0.20099753141403198,2,721
7381,5,11,0,True,10507,1,False,,,,,,0.7927168607711792,11,8039
7381,6,4,7,False,1,1,True,False,False,False,0.9165151715278625,7.0,0.9173876047134399,11,53
7381,7,6,5,True,10507,1,False,True,True,True,0.0,0.0,0.5238320827484131,6,9513
7381,8,8,3,True,10507,1,False,False,False,False,0.2828426957130432,2.0,0.6717142462730408,10,5057
7381,9,10,1,True,10507,1,False,True,True,True,0.0,0.0,0.761577308177948,10,6251
7381,10,2,9,True,10507,5,False,False,False,False,0.20000001788139343,1.0,0.4656178951263428,3,720
7381,11,11,0,True,10507,1,False,,,,,,0.7927168607711792,11,8039
7381,12,2,9,False,2,1,True,False,False,False,1.0198038816452026,7.0,1.0201960802078247,9,8974
7381,13,8,3,True,10507,1,False,False,False,False,0.19999998807907104,1.0,0.6412488222122192,9,1964
7381,14,7,4,True,10507,1,False,False,False,False,0.4472135901451111,2.0,0.6654321551322937,9,4065
7381,15,8,3,True,10507,1,False,False,False,False,0.4472135901451111,2.0,0.8361818194389343,10,9359
7381,16,7,4,True,10507,1,False,False,False,False,0.6324555277824402,4.0,0.7712327837944031,11,4842
7381,17,2,9,False,1,1,True,False,False,False,1.2489995956420898,9.0,1.2493197917938232,11,53
7381,18,9,2,True,10507,1,False,False,False,False,0.19999998807907104,1.0,0.6415606141090393,10,3318
7381,19,11,0,True,10507,1,False,,,,,,0.7927168607711792,11,8039
7381,20,11,0,True,10507,1,False,,,,,,0.7927168607711792,11,8039
7381,21,5,6,True,10507,1,False,False,False,False,0.19999998807907104,1.0,0.5310367345809937,6,9927
7381,22,8,3,True,10507,1,False,False,False,False,0.2828426957130432,2.0,0.5245950818061829,10,8974
7381,23,7,4,True,10507,1,False,False,False,False,0.44721361994743347,2.0,0.6283311247825623,9,8039
7381,24,7,4,True,10507,1,False,False,False,False,0.2828427255153656,2.0,0.5242136716842651,9,8039
7381,25,5,6,True,10507,1,False,False,False,False,0.19999998807907104,1.0,0.48373547196388245,6,5280
7381,26,1,10,False,1,1,True,False,False,False,1.3856406211853027,10.0,1.3857848644256592,11,53
7381,27,5,6,True,10507,1,False,False,False,False,0.19999998807907104,1.0,0.4669046998023987,6,418
7381,28,1,10,False,3,1,True,False,False,False,1.0198038816452026,7.0,1.0199999809265137,8,8974
7381,29,9,2,True,10507,2,False,False,False,False,0.19999998807907104,1.0,0.7665507793426514,10,8029
7381,30,2,9,False,1,1,True,False,False,False,1.2489995956420898,9.0,1.2493197917938232,11,53
7381,31,9,2,True,10507,1,False,False,False,False,0.19999998807907104,1.0,0.6415606141090393,10,8974
2688,0,3,8,True,10507,3,False,True,True,True,0.0,0.0,0.3810511827468872,3,1954
2688,1,4,7,True,10507,3,False,True,True,True,0.0,0.0,0.31240999698638916,4,8434
2688,2,2,9,False,2920,4,True,True,True,True,0.0,0.0,0.028284255415201187,2,5318
2688,3,11,0,True,10507,1,False,,,,,,0.7927168607711792,11,8039
2688,4,11,0,True,10507,1,False,,,,,,0.7927168607711792,11,8039
2688,5,6,5,True,10507,2,False,False,False,False,0.3464101552963257,3.0,0.6651315689086914,9,5057
2688,6,1,10,False,26,6,True,False,False,False,0.2828426957130432,2.0,0.2835489511489868,3,7889
2688,7,11,0,True,10507,1,False,,,,,,0.7927168607711792,11,8039
2688,8,10,1,True,10507,1,False,True,True,True,0.0,0.0,0.8221921920776367,10,7246
2688,9,8,3,True,10507,1,False,False,False,False,0.20000001788139343,1.0,0.7868926525115967,9,2157
2688,10,3,8,True,10507,3,False,False,False,False,0.19999998807907104,1.0,0.3704051673412323,4,1805
2688,11,2,9,False,1,1,True,False,False,False,1.1661903858184814,9.0,1.1665332317352295,11,53
2688,12,4,7,False,245,2,True,False,False,False,0.19999998807907104,1.0,0.20396076142787933,5,9503
2688,13,11,0,True,10507,1,False,,,,,,0.7927168607711792,11,8039
2688,14,8,3,True,10507,2,False,False,False,False,0.19999998807907104,1.0,0.6412488222122192,9,7151
2688,15,11,0,True,10507,1,False,,,,,,0.7927168607711792,11,8039
2688,16,3,8,True,10507,1,False,False,False,False,0.2828426957130432,2.0,0.5943063497543335,5,924
2688,17,1,10,False,10469,34,True,True,True,True,0.0,0.0,0.019999980926513672,1,4500
2688,18,9,2,True,10507,1,False,False,False,False,0.2828426957130432,2.0,0.6720119118690491,11,3318
2688,19,2,9,False,2,1,True,False,False,False,1.1313707828521729,7.0,1.1317243576049805,9,6251
2688,20,1,10,False,25,1,True,False,False,False,0.9165151715278625,7.0,0.9167333245277405,8,7928
2688,21,7,4,True,10507,1,False,True,True,True,0.0,0.0,0.7394593358039856,7,9938
2688,22,3,8,True,10507,5,False,False,False,False,0.19999998807907104,1.0,0.3704051673412323,4,8736
2688,23,1,10,False,1619,20,True,False,False,False,0.19999998807907104,1.0,0.2009975016117096,2,1809
2688,24,4,7,True,10507,3,False,False,False,False,0.2828426957130432,2.0,0.6939740777015686,6,5655
2688,25,6,5,True,10507,1,False,False,False,False,0.19999998807907104,1.0,0.4841487407684326,7,295
2688,26,2,9,False,1,1,True,False,False,False,1.1661903858184814,9.0,1.166533350944519,11,53
2688,27,5,6,True,10507,1,False,False,False,False,0.3999999761581421,4.0,0.5531726479530334,9,5281
2688,28,5,6,True,10507,1,False,False,False,False,0.2828426957130432,2.0,0.5949790477752686,7,6854
2688,29,11,0,True,10507,1,False,,,,,,0.7927168607711792,11,8039
2688,30,2,9,False,7,2,True,False,False,False,0.19999998807907104,1.0,0.20199008285999298,3,405
2688,31,7,4,True,10507,1,False,False,False,False,0.44721361994743347,2.0,0.6283311247825623,9,7246
8019,0,8,3,True,10507,1,False,False,False,False,0.6000000238418579,3.0,0.7766595482826233,11,4065
8019,1,6,5,True,10507,2,False,False,False,False,0.2828426957130432,2.0,0.5953150987625122,8,5311
8019,2,7,4,True,10507,1,False,False,False,False,0.5999999642372131,3.0,0.7448490262031555,10,6251
8019,3,1,10,False,5,1,True,False,False,False,0.9165152311325073,7.0,0.91673344373703,8,8974
8019,4,10,1,True,10507,1,False,False,False,False,0.19999998807907104,1.0,0.8461678624153137,11,7246
8019,5,11,0,True,10507,1,False,,,,,,0.7927168607711792,11,8039
8019,6,10,1,True,10507,1,False,True,True,True,0.0,0.0,0.761577308177948,10,6251
8019,7,11,0,True,10507,1,False,,,,,,0.7927168607711792,11,8039
8019,8,2,9,False,2,2,True,False,False,False,0.8717797994613647,7.0,0.8722385168075562,9,7502
8019,9,4,7,True,10507,6,False,False,False,False,0.3464101552963257,3.0,0.5878775119781494,7,2852
8019,10,1,10,False,2983,23,True,False,False,False,0.19999998807907104,1.0,0.2009975016117096,2,7084
8019,11,1,10,False,10419,3,True,True,True,True,0.0,0.0,0.019999980926513672,1,4481
8019,12,6,5,True,10507,1,False,False,False,False,0.3464101552963257,3.0,0.601996660232544,9,2157
8019,13,8,3,True,10507,1,False,False,False,False,0.44721361994743347,2.0,0.7557777762413025,10,3318
8019,14,1,10,False,53,1,True,False,False,False,0.3464101552963257,3.0,0.3469870388507843,4,6455
8019,15,10,1,True,10507,1,False,False,False,False,0.19999998807907104,1.0,0.5329164862632751,11,8039
8019,16,5,6,True,10507,1,False,False,False,False,0.3464101552963257,3.0,0.6016643643379211,8,4284
8019,17,2,9,True,10507,1,False,False,False,False,0.3464101552963257,3.0,0.465617835521698,5,875
8019,18,7,4,True,10507,1,False,False,False,False,0.3464101552963257,3.0,0.5610703825950623,10,10472
8019,19,2,9,False,1,1,True,False,False,False,1.2000000476837158,8.0,1.2003332376480103,10,53
8019,20,9,2,True,10507,1,False,False,False,False,0.4472135901451111,2.0,0.6289674043655396,11,8039
8019,21,5,6,True,10507,1,False,False,False,False,0.3464101552963257,3.0,0.6276941895484924,8,9938
8019,22,6,5,True,10507,1,False,False,False,False,0.4898979663848877,3.0,0.781281054019928,9,3318
8019,23,11,0,True,10507,1,False,,,,,,0.7927168607711792,11,8039
8019,24,11,0,True,10507,1,False,,,,,,0.7927168607711792,11,8039
8019,25,9,2,True,10507,1,False,False,False,False,0.19999998807907104,1.0,0.7665507793426514,10,8974
8019,26,3,8,False,23,3,True,False,False,False,0.3999999761581421,4.0,0.4014971852302551,7,720
8019,27,4,7,True,10507,1,False,False,False,False,0.3464101552963257,3.0,0.5878775715827942,7,9513
8019,28,5,6,True,10507,4,False,False,False,False,0.2828426957130432,2.0,0.6942622661590576,7,7234
8019,29,3,8,False,1,1,True,False,False,False,0.9797959327697754,6.0,0.9804081320762634,9,26
8019,30,10,1,True,10507,1,False,False,False,False,0.3999999761581421,1.0,0.6723094582557678,11,4065
8019,31,3,8,True,10507,1,False,False,False,False,0.3464101552963257,3.0,0.4660471975803375,6,8064
2714,0,3,8,True,10507,1,False,False,False,False,0.4000000059604645,4.0,0.6206448674201965,7,5281
2714,1,4,7,True,10507,1,False,True,True,True,0.0,0.0,0.31240999698638916,4,6814
2714,2,2,9,False,220,2,True,True,True,True,0.0,0.0,0.02828427590429783,2,6707
2714,3,1,10,False,2983,5,True,True,True,True,0.0,0.0,0.019999995827674866,1,6613
2714,4,2,9,True,10507,1,False,False,False,False,0.3464101552963257,3.0,0.4656178653240204,5,875
2714,5,11,0,True,10507,1,False,,,,,,0.7927168607711792,11,8039
2714,6,1,10,False,10419,93,True,True,True,True,0.0,0.0,0.019999980926513672,1,4457
2714,7,2,9,False,10418,93,True,True,True,True,0.0,0.0,0.028284244239330292,2,952
2714,8,1,10,False,5,1,True,False,False,False,0.9380831718444824,8.0,0.938296377658844,9,8974
2714,9,2,9,False,24,1,True,False,False,False,0.8944271802902222,6.0,0.8948743343353271,8,1159
2714,10,2,9,False,2920,5,True,True,True,True,0.0,0.0,0.028284255415201187,2,5715
2714,11,6,5,True,10507,1,False,False,False,False,0.19999998807907104,1.0,0.4841487407684326,7,10472
2714,12,9,2,True,10507,1,False,False,False,False,0.20000001788139343,1.0,0.4853864312171936,10,8039
2714,13,9,2,True,10507,2,False,False,False,False,0.19999998807907104,1.0,0.7345747351646423,10,6324
2714,14,8,3,True,10507,2,False,False,False,False,0.19999998807907104,1.0,0.7343024015426636,9,6324
2714,15,11,0,True,10507,1,False,,,,,,0.7927168607711792,11,8039
2714,16,10,1,True,10507,1,False,True,True,True,0.0,0.0,0.761577308177948,10,6251
2714,17,4,7,True,10507,1,False,False,False,False,0.19999998807907104,1.0,0.430813193321228,5,5154
2714,18,11,0,True,10507,1,False,,,,,,0.7927168607711792,11,8039
2714,19,5,6,True,10507,1,False,False,False,False,0.20000001788139343,1.0,0.43127718567848206,6,5280
2714,20,2,9,False,23,3,True,False,False,False,0.19999998807907104,1.0,0.20199008285999298,3,7889
2714,21,7,4,True,10507,1,False,False,False,False,0.2828427255153656,2.0,0.5242136716842651,9,8039
2714,22,5,6,True,10507,1,False,False,False,False,0.4472135901451111,2.0,0.5882176756858826,7,10017
2714,23,10,1,True,10507,1,False,True,True,True,0.0,0.0,0.7924644947052002,10,8039
2714,24,7,4,True,10507,1,False,False,False,False,0.20000001788139343,1.0,0.8454585075378418,8,9938
2714,25,6,5,True,10507,2,False,False,False,False,0.19999998807907104,1.0,0.6019967198371887,7,6416
2714,26,8,3,True,10507,1,False,False,False,False,0.4472135901451111,2.0,0.6657326817512512,10,4065
2714,27,8,3,True,10507,1,False,False,False,False,0.3999999761581421,1.0,0.595986545085907,9,6251
2714,28,7,4,True,10507,1,False,False,False,False,0.2828427255153656,2.0,0.4762352406978607,9,8039
2714,29,8,3,True,10507,1,False,False,False,False,0.2828426957130432,2.0,0.6349803805351257,10,9359
2714,30,2,9,False,1,1,True,False,False,False,1.1313707828521729,9.0,1.131724238395691,11,53
2714,31,5,6,True,10507,1,False,False,False,False,0.44721361994743347,2.0,0.5882176756858826,7,2157
9982,0,3,8,True,10507,1,False,True,True,True,0.0,0.0,0.2218107283115387,3,6353
9982,1,4,7,False,1,1,True,False,False,False,1.0,6.0,1.0007996559143066,10,6251
9982,2,1,10,False,26,3,True,True,True,True,0.0,0.0,0.019999995827674866,1,7889
9982,3,3,8,True,10507,2,False,True,True,True,0.0,0.0,0.31176915764808655,3,9221
9982,4,5,6,True,10507,1,False,False,False,False,0.19999998807907104,1.0,0.43127715587615967,6,4146
9982,5,3,8,True,10507,1,False,False,False,False,0.4898979663848877,3.0,0.5806893110275269,6,2157
9982,6,11,0,True,10507,1,False,,,,,,0.7927168607711792,11,8039
9982,7,4,7,True,10507,1,False,False,False,False,0.2828426957130432,2.0,0.5075430870056152,6,4516
9982,8,11,0,True,10507,1,False,,,,,,0.7927168607711792,11,8039
9982,9,5,6,True,10507,1,False,False,False,False,0.2828427255153656,2.0,0.6340346932411194,7,1952
9982,10,9,2,True,10507,1,False,False,False,False,0.20000001788139343,1.0,0.7345747351646423,10,9359
9982,11,8,3,True,10507,1,False,False,False,False,0.19999998807907104,1.0,0.6412488222122192,9,9359
9982,12,6,5,True,10507,1,False,False,False,False,0.2828426957130432,2.0,0.634350061416626,8,6854
9982,13,10,1,True,10507,2,False,False,False,False,0.19999998807907104,1.0,0.7668116092681885,11,3318
9982,14,8,3,True,10507,1,False,True,True,True,0.0,0.0,0.7610518932342529,8,10017
9982,15,1,10,False,26,3,True,True,True,True,0.0,0.0,0.019999995827674866,1,9108
9982,16,10,1,True,10507,1,False,True,True,True,0.0,0.0,0.8221921920776367,10,7246
9982,17,3,8,True,10507,1,False,False,False,False,0.2828427255153656,2.0,0.42095133662223816,5,7584
9982,18,8,3,True,10507,1,False,False,False,False,0.20000001788139343,1.0,0.8168231248855591,9,7246
9982,19,6,5,True,10507,1,False,False,False,False,0.19999998807907104,1.0,0.4841487407684326,7,5280
9982,20,4,7,True,10507,1,False,False,False,False,0.19999998807907104,1.0,0.29933255910873413,5,7278
9982,21,5,6,True,10507,2,False,False,False,False,0.2828426957130432,2.0,0.5949790477752686,7,6324
9982,22,8,3,True,10507,1,False,False,False,False,0.19999998807907104,1.0,0.484974205493927,9,10472
9982,23,10,1,True,10507,1,False,True,True,True,0.0,0.0,0.7924644947052002,10,8039
9982,24,6,5,True,10507,5,False,False,False,False,0.19999998807907104,1.0,0.5607138276100159,7,254
9982,25,3,8,True,10507,1,False,True,True,True,0.0,0.0,0.6334035396575928,3,7130
9982,26,7,4,True,10507,1,False,False,False,False,0.2828427255153656,2.0,0.7607890963554382,9,9927
9982,27,10,1,True,10507,1,False,True,True,True,0.0,0.0,0.7924644947052002,10,8039
9982,28,5,6,True,10507,1,False,False,False,False,0.2828426957130432,2.0,0.5079370141029358,7,4516
9982,29,1,10,False,53,3,True,False,False,False,0.19999998807907104,1.0,0.2009975016117096,2,369
9982,30,11,0,True,10507,1,False,,,,,,0.7927168607711792,11,8039
9982,31,9,2,True,10507,1,False,False,False,False,0.4000000059604645,1.0,0.5963220596313477,10,8039
7872,0,3,8,False,1,1,True,False,False,False,1.0954450368881226,8.0,1.0959926843643188,11,53
7872,1,10,1,True,10507,1,False,False,False,False,0.19999998807907104,1.0,0.5329164862632751,11,8039
7872,2,4,7,True,10507,3,False,False,False,False,0.2828426957130432,2.0,0.5946428179740906,6,10058
7872,3,9,2,True,10507,1,False,False,False,False,0.20000001788139343,1.0,0.7665507793426514,10,3318
7872,4,5,6,True,10507,1,False,False,False,False,0.3464101552963257,3.0,0.5603570342063904,8,9873
7872,5,5,6,True,10507,1,False,False,False,False,0.3999999761581421,4.0,0.5949789881706238,9,4810
7872,6,2,9,False,1,1,True,False,False,False,1.0198038816452026,9.0,1.0201959609985352,11,53
7872,7,10,1,True,10507,1,False,True,True,True,0.0,0.0,0.7924644947052002,10,8039
7872,8,6,5,True,10507,1,False,False,False,False,0.3464101552963257,3.0,0.5607138276100159,9,1481
7872,9,11,0,True,10507,1,False,,,,,,0.7927168607711792,11,8039
7872,10,5,6,True,10507,1,False,False,False,False,0.3999999761581421,4.0,0.5531726479530334,9,5278
7872,11,7,4,True,10507,2,False,False,False,False,0.19999998807907104,1.0,0.7005712389945984,8,9272
7872,12,9,2,True,10507,1,False,True,True,True,0.0,0.0,0.7922121286392212,9,8039
7872,13,1,10,False,2983,2,True,True,True,True,0.0,0.0,0.019999995827674866,1,7925
7872,14,8,3,True,10507,1,False,False,False,False,0.2828426957130432,2.0,0.6092618107795715,10,7246
7872,15,9,2,True,10507,1,False,False,False,False,0.19999998807907104,1.0,0.6415606141090393,10,7264
7872,16,9,2,True,10507,1,False,True,True,True,0.0,0.0,0.7400000691413879,9,1964
7872,17,1,10,False,10469,13,True,True,True,True,0.0,0.0,0.019999980926513672,1,10424
7872,18,4,7,True,10507,1,False,False,False,False,0.2828426957130432,2.0,0.4749736487865448,6,5057
7872,19,8,3,True,10507,1,False,False,False,False,0.19999998807907104,1.0,0.6776430010795593,9,9927
7872,20,2,9,True,10507,1,False,False,False,False,0.19999998807907104,1.0,0.369864821434021,3,9610
7872,21,8,3,True,10507,1,False,False,False,False,0.4898979663848877,3.0,0.6596969366073608,11,4065
7872,22,8,3,True,10507,1,False,False,False,False,0.2828426957130432,2.0,0.5245950818061829,10,8039
7872,23,1,10,False,1619,3,True,False,False,False,0.19999998807907104,1.0,0.2009975016117096,2,3061
7872,24,3,8,False,1,1,True,False,False,False,1.1313707828521729,7.0,1.1319010257720947,10,26
7872,25,11,0,True,10507,1,False,,,,,,0.7927168607711792,11,8039
7872,26,5,6,True,10507,3,False,False,False,False,0.3464101552963257,3.0,0.6276941895484924,8,2147
7872,27,4,7,True,10507,1,False,False,False,False,0.3464101552963257,3.0,0.5153639316558838,7,4771
7872,28,7,4,True,10507,1,False,False,False,False,0.19999998807907104,1.0,0.6409368515014648,8,8029
7872,29,6,5,True,10507,1,False,False,False,False,0.4472135901451111,2.0,0.6280127167701721,8,4065
7872,30,3,8,True,10507,1,False,False,False,False,0.2828426957130432,2.0,0.3594439923763275,5,5973
7872,31,1,10,False,1,1,True,False,False,False,1.0954450368881226,10.0,1.0956276655197144,11,53
2738,0,5,6,True,10507,1,False,False,False,False,0.4898979663848877,3.0,0.7496665716171265,8,8029
2738,1,6,5,True,10507,1,False,False,False,False,0.4000000059604645,1.0,0.6945502161979675,7,1949
2738,2,11,0,True,10507,1,False,,,,,,0.7927168607711792,11,8039
2738,3,8,3,True,10507,1,False,True,True,True,0.0,0.0,0.5396294593811035,8,7246
2738,4,1,10,False,10419,465,True,True,True,True,0.0,0.0,0.019999980926513672,1,3239
2738,5,7,4,True,10507,1,False,False,False,False,0.6324554681777954,4.0,0.706257700920105,11,53
2738,6,3,8,False,2,1,True,False,False,False,0.8246211409568787,6.0,0.825348436832428,9,8974
2738,7,2,9,False,2947,93,True,True,True,True,0.0,0.0,0.028284255415201187,2,4697
2738,8,2,9,False,1,1,True,False,False,False,1.3266499042510986,8.0,1.3269513845443726,10,26
2738,9,3,8,False,23,3,True,True,True,True,0.0,0.0,0.03464100882411003,3,721
2738,10,4,7,True,10507,1,False,True,True,True,0.0,0.0,0.4749737083911896,4,5641
2738,11,9,2,True,10507,1,False,False,False,False,0.2828426957130432,2.0,0.7922121286392212,11,5281
2738,12,11,0,True,10507,1,False,,,,,,0.7927168607711792,11,8039
2738,13,9,2,True,10507,1,False,True,True,True,0.0,0.0,0.7717512845993042,9,9927
2738,14,7,4,True,10507,1,False,False,False,False,0.2828426957130432,2.0,0.5242136716842651,9,9359
2738,15,1,10,False,26,3,True,False,False,False,0.20000001788139343,1.0,0.20099753141403198,2,720
2738,16,2,9,True,10507,2,False,False,False,False,0.2828426957130432,2.0,0.5067543983459473,4,9840
2738,17,1,10,False,5,1,True,False,False,False,1.0198038816452026,7.0,1.0199999809265137,8,8974
2738,18,9,2,True,10507,1,False,False,False,False,0.19999998807907104,1.0,0.7345747351646423,10,9359
2738,19,4,7,True,10507,6,False,True,True,True,0.0,0.0,0.38157567381858826,4,3898
2738,20,7,4,True,10507,1,False,False,False,False,0.20000001788139343,1.0,0.5317894220352173,8,8039
2738,21,3,8,True,10507,2,False,False,False,False,0.2828426957130432,2.0,0.6936858296394348,5,2381
2738,22,9,2,True,10507,2,False,False,False,False,0.4472135901451111,2.0,0.836421012878418,11,3318
2738,23,7,4,True,10507,1,False,False,False,False,0.4898979663848877,3.0,0.8595348000526428,10,2659
2738,24,3,8,False,2,2,True,False,False,False,0.8485281467437744,7.0,0.849234938621521,10,7502
2738,25,11,0,True,10507,1,False,,,,,,0.7927168607711792,11,8039
2738,26,5,6,True,10507,1,False,False,False,False,0.2828426957130432,2.0,0.6587868332862854,7,5625
2738,27,8,3,True,10507,2,False,False,False,False,0.4472135901451111,2.0,0.8361818790435791,10,3318
2738,28,4,7,True,10507,1,False,False,False,False,0.3464101552963257,3.0,0.7222188115119934,7,10454
2738,29,8,3,True,10507,1,False,True,True,True,0.0,0.0,0.6092618703842163,8,1964
2738,30,2,9,False,2,1,True,False,False,False,0.8246211409568787,3.0,0.8251060843467712,5,9623
2738,31,8,3,True,10507,2,False,False,False,False,0.19999998807907104,1.0,0.6412488222122192,9,3318
4712,0,6,5,True,10507,1,False,False,False,False,0.5656854510307312,2.0,0.6829348802566528,8,8039
4712,1,1,10,False,26,1,True,False,False,False,0.19999998807907104,1.0,0.2009975016117096,2,4142
4712,2,2,9,False,1,1,True,False,False,False,1.399999976158142,9.0,1.4002856016159058,11,53
4712,3,10,1,True,10507,1,False,True,True,True,0.0,0.0,0.4939635396003723,10,8039
4712,4,8,3,True,10507,1,False,False,False,False,0.4000000059604645,1.0,0.595986545085907,9,8039
4712,5,8,3,True,10507,1,False,False,False,False,0.19999998807907104,1.0,0.6412488222122192,9,9359
4712,6,9,2,True,10507,1,False,False,False,False,0.20000001788139343,1.0,0.4853864312171936,10,8039
4712,7,5,6,True,10507,1,False,True,True,True,0.0,0.0,0.5234501361846924,5,9513
4712,8,2,9,False,1,1,True,False,False,False,1.183215856552124,7.0,1.18355393409729,9,26
4712,9,8,3,True,10507,1,False,False,False,False,0.5656853914260864,2.0,0.6835203170776367,10,6251
4712,10,1,10,False,2983,62,True,True,True,True,0.0,0.0,0.019999995827674866,1,4712
4712,11,8,3,True,10507,1,False,False,False,False,0.2828426957130432,2.0,0.5245950818061829,10,9359
4712,12,10,1,True,10507,1,False,True,True,True,0.0,0.0,0.7924644947052002,10,8039
4712,13,11,0,True,10507,1,False,,,,,,0.7927168607711792,11,8039
4712,14,6,5,True,10507,1,False,False,False,False,0.5291502475738525,4.0,0.6887669563293457,10,4842
4712,15,5,6,True,10507,1,False,True,True,True,0.0,0.0,0.3130495250225067,5,3134
4712,16,5,6,True,10507,1,False,False,False,False,0.19999998807907104,1.0,0.3714834749698639,6,9513
4712,17,5,6,True,10507,1,False,True,True,True,0.0,0.0,0.5674504637718201,5,8234
4712,18,4,7,True,10507,1,False,False,False,False,0.3464101552963257,3.0,0.5455272793769836,7,422
4712,19,8,3,True,10507,1,False,False,False,False,0.3464101552963257,3.0,0.8361818194389343,11,4842
4712,20,5,6,True,10507,1,False,False,False,False,0.3999999761581421,1.0,0.5079370141029358,6,5989
4712,21,9,2,True,10507,1,False,True,True,True,0.0,0.0,0.7613146305084229,9,6251
4712,22,1,10,False,53,1,True,False,False,False,0.19999998807907104,1.0,0.2009975016117096,2,405
4712,23,4,7,True,10507,1,False,False,False,False,0.3464101552963257,3.0,0.5153639316558838,7,5281
4712,24,2,9,False,1,1,True,False,False,False,1.399999976158142,9.0,1.4002856016159058,11,53
4712,25,4,7,True,10507,1,False,True,True,True,0.0,0.0,0.5670979022979736,4,5280
4712,26,10,1,True,10507,1,False,False,False,False,0.19999998807907104,1.0,0.846167802810669,11,4842
4712,27,5,6,True,10507,1,False,False,False,False,0.4898979365825653,3.0,0.7169379591941833,8,8974
4712,28,4,7,True,10507,2,False,False,False,False,0.3999999761581421,1.0,0.5528109669685364,5,6759
4712,29,1,10,False,2983,62,True,True,True,True,0.0,0.0,0.019999995827674866,1,3985
4712,30,11,0,True,10507,1,False,,,,,,0.7927168607711792,11,8039
4712,31,8,3,True,10507,1,False,False,False,False,0.2828426957130432,2.0,0.7610518932342529,10,3318
7209,0,7,4,True,10507,1,False,False,False,False,0.20000001788139343,1.0,0.5317894220352173,8,2157
7209,1,1,10,False,3,1,True,False,False,False,0.9797959327697754,8.0,0.9800000190734863,9,8974
7209,2,7,4,True,10507,1,False,False,False,False,0.2828426957130432,2.0,0.6714164614677429,9,1964
7209,3,9,2,True,10507,1,False,True,True,True,0.0,0.0,0.7400000095367432,9,3318
7209,4,4,7,True,10507,1,False,False,False,False,0.34641018509864807,3.0,0.466476172208786,7,10017
7209,5,4,7,True,10507,2,False,True,True,True,0.0,0.0,0.22271056473255157,4,352
7209,6,6,5,True,10507,1,False,False,False,False,0.34641018509864807,3.0,0.5607138276100159,9,7246
7209,7,3,8,False,2,1,True,False,False,False,0.9165151715278625,7.0,0.9171695709228516,10,6251
7209,8,10,1,True,10507,1,False,True,True,True,0.0,0.0,0.7924644947052002,10,8039
7209,9,3,8,True,10507,2,False,False,False,False,0.2828427255153656,2.0,0.42095130681991577,5,9125
7209,10,10,1,True,10507,2,False,False,False,False,0.19999998807907104,1.0,0.7668116688728333,11,9359
7209,11,3,8,False,220,7,True,True,True,True,0.0,0.0,0.03464100882411003,3,8306
7209,12,3,8,True,10507,2,False,False,False,False,0.20000001788139343,1.0,0.3704051673412323,4,4246
7209,13,5,6,True,10507,4,False,False,False,False,0.2828427255153656,2.0,0.5531727075576782,7,5993
7209,14,11,0,True,10507,1,False,,,,,,0.7927168607711792,11,8039
7209,15,9,2,True,10507,1,False,True,True,True,0.0,0.0,0.7922121286392212,9,2157
7209,16,11,0,True,10507,1,False,,,,,,0.7927168607711792,11,8039
7209,17,11,0,True,10507,1,False,,,,,,0.7927168607711792,11,8039
7209,18,4,7,True,10507,1,False,False,False,False,0.3464101552963257,3.0,0.5153639316558838,7,5053
7209,19,6,5,True,10507,1,False,False,False,False,0.19999998807907104,1.0,0.4841487407684326,7,10472
7209,20,6,5,True,10507,7,False,True,True,True,0.0,0.0,0.475815087556839,6,8318
7209,21,9,2,True,10507,1,False,False,False,False,0.4000000059604645,1.0,0.5963220596313477,10,8039
7209,22,10,1,True,10507,1,False,True,True,True,0.0,0.0,0.8221921920776367,10,7246
7209,23,8,3,True,10507,1,False,False,False,False,0.44721361994743347,2.0,0.5892367959022522,10,8039
7209,24,5,6,True,10507,2,False,False,False,False,0.20000001788139343,1.0,0.5603570342063904,6,6056
7209,25,1,10,False,5,1,True,False,False,False,0.8717797994613647,8.0,0.8720092177391052,9,8974
7209,26,4,7,False,245,1,True,False,False,False,0.2828426957130432,2.0,0.2856571078300476,6,10486
7209,27,11,0,True,10507,1,False,,,,,,0.7927168607711792,11,8039
7209,28,2,9,False,1,1,True,False,False,False,1.1313707828521729,9.0,1.131724238395691,11,53
7209,29,8,3,True,10507,1,False,False,False,False,0.19999998807907104,1.0,0.7343024611473083,9,6854
7209,30,10,1,True,10507,1,False,False,False,False,0.20000001788139343,1.0,0.7874007821083069,11,8039
7209,31,8,3,True,10507,1,False,True,True,True,0.0,0.0,0.7610518932342529,8,10017
5101,0,6,5,True,10507,1,False,False,False,False,0.3999999761581421,4.0,0.6590902805328369,10,676
5101,1,5,6,True,10507,1,False,False,False,False,0.3464101552963257,3.0,0.7224957346916199,8,2127
5101,2,9,2,True,10507,2,False,False,False,False,0.2828426957130432,2.0,0.7922121286392212,11,3318
5101,3,3,8,False,510,3,True,False,False,False,0.5291503071784973,4.0,0.5302829742431641,7,4234
5101,4,4,7,True,10507,1,False,False,False,False,0.4472135603427887,5.0,0.6881860494613647,9,676
5101,5,6,5,True,10507,2,False,False,False,False,0.6324554681777954,4.0,0.8957678079605103,10,8036
5101,6,8,3,True,10507,1,False,False,False,False,0.6633249521255493,3.0,0.8265591859817505,11,8039
5101,7,9,2,True,10507,1,False,False,False,False,0.2828426957130432,2.0,0.8219489455223083,11,1964
5101,8,4,7,True,10507,2,False,False,False,False,0.5656853914260864,5.0,0.682348906993866,9,370
5101,9,9,2,True,10507,1,False,False,False,False,0.19999998807907104,1.0,0.8170679211616516,10,8039
5101,10,1,10,False,25,6,True,True,True,True,0.0,0.0,0.019999995827674866,1,7503
5101,11,10,1,True,10507,1,False,True,True,True,0.0,0.0,0.5403702259063721,10,4065
5101,12,8,3,True,10507,1,False,False,False,False,0.4000000059604645,1.0,0.8597674369812012,9,4842
5101,13,8,3,True,10507,1,False,False,False,False,0.4472135603427887,2.0,0.7233256101608276,10,6029
5101,14,6,5,True,10507,1,False,False,False,False,0.3464101552963257,3.0,0.5607138276100159,9,6251
5101,15,6,5,True,10507,1,False,False,False,False,0.3999999761581421,4.0,0.8114185929298401,10,3318
5101,16,7,4,True,10507,1,False,False,False,False,0.6324555277824402,2.0,0.8017480969429016,9,4065
5101,17,2,9,False,2,1,True,False,False,False,0.9380831718444824,8.0,0.938509464263916,10,4142
5101,18,2,9,False,1619,4,True,False,False,False,0.8485281467437744,7.0,0.8489994406700134,9,7070
5101,19,4,7,True,10507,1,False,False,False,False,0.44721361994743347,2.0,0.8255907297134399,6,4842
5101,20,8,3,True,10507,1,False,False,False,False,0.5999999642372131,3.0,0.9269304275512695,11,5281
5101,21,3,8,False,7,1,True,False,False,False,0.800000011920929,5.0,0.8007497191429138,8,9623
5101,22,5,6,True,10507,3,False,True,True,True,0.0,0.0,0.3130494952201843,5,7499
5101,23,2,9,False,1,1,True,False,False,False,1.5099669694900513,4.0,1.510231852531433,6,53
5101,24,7,4,True,10507,1,False,False,False,False,0.3464101552963257,3.0,0.7005711793899536,10,7045
5101,25,3,8,True,10507,1,False,False,False,False,0.3999999761581421,4.0,0.6206448078155518,7,3480
5101,26,4,7,True,10507,1,False,True,True,True,0.0,0.0,0.6939740777015686,4,7148
5101,27,3,8,True,10507,1,False,False,False,False,0.4898979365825653,6.0,0.5806892514228821,9,9619
5101,28,7,4,True,10507,1,False,False,False,False,0.5291503071784973,4.0,0.854868471622467,11,1420
5101,29,9,2,True,10507,1,False,False,False,False,0.19999998807907104,1.0,0.4853864312171936,10,6251
5101,30,8,3,True,10507,1,False,False,False,False,0.3464101552963257,3.0,0.7343024015426636,11,1964
5101,31,10,1,True,10507,1,False,False,False,False,0.19999998807907104,1.0,0.7668116092681885,11,8974
9363,0,6,5,True,10507,1,False,False,False,False,0.2828426957130432,2.0,0.5535340905189514,8,8931
9363,1,3,8,False,2,1,True,False,False,False,0.2828426957130432,2.0,0.2849561274051666,5,4142
9363,2,1,10,False,25,1,True,False,False,False,1.039230465888977,8.0,1.039422869682312,9,7928
9363,3,3,8,True,10507,1,False,False,False,False,0.19999998807907104,1.0,0.3704051673412323,4,5973
9363,4,1,10,False,10469,57,True,True,True,True,0.0,0.0,0.019999980926513672,1,9040
9363,5,6,5,True,10507,6,False,False,False,False,0.19999998807907104,1.0,0.6019967198371887,7,3898
9363,6,9,2,True,10507,1,False,False,False,False,0.4000000059604645,1.0,0.5963220596313477,10,8039
9363,7,8,3,True,10507,2,False,False,False,False,0.19999998807907104,1.0,0.7662897706031799,9,5281
9363,8,8,3,True,10507,1,False,True,True,True,0.0,0.0,0.7919595837593079,8,8039
9363,9,9,2,True,10507,1,False,False,False,False,0.20000001788139343,1.0,0.4853864312171936,10,8039
9363,10,8,3,True,10507,1,False,False,False,False,0.4000000059604645,1.0,0.8872429132461548,9,7246
9363,11,2,9,False,4,1,True,False,False,False,0.800000011920929,8.0,0.8004998564720154,10,8974
9363,12,9,2,True,10507,1,False,False,False,False,0.2828426957130432,2.0,0.7613146901130676,11,9359
9363,13,6,5,True,10507,1,False,False,False,False,0.2828426957130432,2.0,0.781281054019928,8,5625
9363,14,10,1,True,10507,1,False,False,False,False,0.19999998807907104,1.0,0.846167802810669,11,4842
9363,15,6,5,True,10507,1,False,False,False,False,0.4000000059604645,1.0,0.5953150391578674,7,8039
9363,16,2,9,False,7,3,True,False,False,False,0.2828426957130432,2.0,0.28425338864326477,4,405
9363,17,1,10,False,1619,57,True,True,True,True,0.0,0.0,0.02000001072883606,1,7073
9363,18,11,0,True,10507,1,False,,,,,,0.7927168607711792,11,8039
9363,19,8,3,True,10507,1,False,False,False,False,0.20000001788139343,1.0,0.7662897706031799,9,9927
9363,20,8,3,True,10507,1,False,True,True,True,0.0,0.0,0.49315309524536133,8,8039
9363,21,11,0,True,10507,1,False,,,,,,0.7927168607711792,11,8039
9363,22,10,1,True,10507,1,False,True,True,True,0.0,0.0,0.4939635396003723,10,8039
9363,23,2,9,False,2947,11,True,True,True,True,0.0,0.0,0.028284255415201187,2,7338
9363,24,7,4,True,10507,1,False,False,False,False,0.3464101552963257,3.0,0.755513072013855,10,6854
9363,25,11,0,True,10507,1,False,,,,,,0.7927168607711792,11,8039
9363,26,7,4,True,10507,1,False,True,True,True,0.0,0.0,0.49274739623069763,7,2157
9363,27,6,5,True,10507,1,False,False,False,False,0.2828426957130432,2.0,0.6945502758026123,8,8931
9363,28,9,2,True,10507,1,False,True,True,True,0.0,0.0,0.7613146305084229,9,10017
9363,29,7,4,True,10507,1,False,False,False,False,0.4000000059604645,1.0,0.634665310382843,8,7246
9363,30,7,4,True,10507,1,False,False,False,False,0.2828427255153656,2.0,0.8116649389266968,9,7246
9363,31,11,0,True,10507,1,False,,,,,,0.7927168607711792,11,8039
3775,0,11,0,True,10507,1,False,,,,,,0.7927168607711792,11,8039
3775,1,9,2,True,10507,1,False,False,False,False,0.19999998807907104,1.0,0.6779381036758423,10,1964
3775,2,8,3,True,10507,1,False,False,False,False,0.4898979365825653,3.0,0.7288346290588379,11,4842
3775,3,1,10,False,10469,4,True,True,True,True,0.0,0.0,0.019999980926513672,1,9084
3775,4,5,6,True,10507,1,False,False,False,False,0.4898979663848877,3.0,0.7496666312217712,8,2831
3775,5,6,5,True,10507,1,False,True,True,True,0.0,0.0,0.5238320827484131,6,5641
3775,6,6,5,True,10507,2,False,False,False,False,0.4472135901451111,2.0,0.6887670755386353,8,3318
3775,7,1,10,False,26,3,True,False,False,False,0.44721361994743347,2.0,0.4476606249809265,3,720
3775,8,3,8,False,220,4,True,False,False,False,0.4000000059604645,1.0,0.4014972150325775,4,7070
3775,9,2,9,False,1619,5,True,False,False,False,0.4000000059604645,1.0,0.4009987711906433,3,2736
3775,10,7,4,True,10507,1,False,False,False,False,0.19999998807907104,1.0,0.73403000831604,8,9359
3775,11,3,8,False,2919,7,True,True,True,True,0.0,0.0,0.03464099019765854,3,4051
3775,12,10,1,True,10507,1,False,False,False,False,0.3999999761581421,1.0,0.6723094582557678,11,4065
3775,13,8,3,True,10507,2,False,False,False,False,0.19999998807907104,1.0,0.7343024015426636,9,3318
3775,14,5,6,True,10507,1,False,False,False,False,0.20000001788139343,1.0,0.6016644239425659,6,5148
3775,15,9,2,True,10507,1,False,False,False,False,0.2828426957130432,2.0,0.8411896228790283,11,4842
3775,16,7,4,True,10507,1,False,False,False,False,0.19999998807907104,1.0,0.6409368515014648,8,9927
3775,17,9,2,True,10507,1,False,False,False,False,0.3999999761581421,1.0,0.5963220596313477,10,6251
3775,18,2,9,False,1,1,True,False,False,False,1.2489995956420898,9.0,1.2493197917938232,11,53
3775,19,10,1,True,10507,1,False,True,True,True,0.0,0.0,0.7924644947052002,10,8039
3775,20,4,7,True,10507,1,False,False,False,False,0.2828426957130432,2.0,0.5528110265731812,6,5625
3775,21,3,8,True,10507,3,False,False,False,False,0.2828426957130432,2.0,0.5943063497543335,5,8099
3775,22,4,7,True,10507,1,False,False,False,False,0.4472135901451111,2.0,0.5878775715827942,6,875
3775,23,11,0,True,10507,1,False,,,,,,0.7927168607711792,11,8039
3775,24,7,4,True,10507,1,False,True,True,True,0.0,0.0,0.7062578201293945,7,5679
3775,25,5,6,True,10507,2,False,True,True,True,0.0,0.0,0.5234501361846924,5,7151
3775,26,7,4,True,10507,1,False,False,False,False,0.19999998807907104,1.0,0.6023288369178772,8,3318
3775,27,2,9,True,10507,2,False,False,False,False,0.19999998807907104,1.0,0.2979932725429535,3,1309
3775,28,5,6,True,10507,1,False,True,True,True,0.0,0.0,0.382099449634552,5,9619
3775,29,5,6,True,10507,1,False,False,False,False,0.4000000059604645,1.0,0.6942622065544128,6,1964
3775,30,2,9,False,1,1,True,False,False,False,1.1135529279708862,9.0,1.1139119863510132,11,53
3775,31,7,4,True,10507,1,False,False,False,False,0.2828426957130432,2.0,0.634665310382843,9,5057
9915,0,9,2,True,10507,1,False,False,False,False,0.4000000059604645,1.0,0.5963220596313477,10,8039
9915,1,11,0,True,10507,1,False,,,,,,0.7927168607711792,11,8039
9915,2,10,1,True,10507,2,False,False,False,False,0.19999998807907104,1.0,0.7668116092681885,11,3318
9915,3,2,9,False,24,3,True,False,False,False,1.0,8.0,1.0003999471664429,10,7148
9915,4,11,0,True,10507,1,False,,,,,,0.7927168607711792,11,8039
9915,5,1,10,False,25,1,True,False,False,False,0.9380831718444824,8.0,0.938296377658844,9,7928
9915,6,3,8,True,10507,13,False,True,True,True,0.0,0.0,0.4745524525642395,3,8316
9915,7,9,2,True,10507,1,False,False,False,False,0.4000000059604645,1.0,0.5963220596313477,10,8039
9915,8,3,8,True,10507,9,False,True,True,True,0.0,0.0,0.31176915764808655,3,3711
9915,9,4,7,True,10507,1,False,True,True,True,0.0,0.0,0.5230678915977478,4,1955
9915,10,2,9,False,2,2,True,False,False,False,1.2806247472763062,8.0,1.2809370756149292,10,7502
9915,11,11,0,True,10507,1,False,,,,,,0.7927168607711792,11,8039
9915,12,10,1,True,10507,2,False,False,False,False,0.19999998807907104,1.0,0.7668116688728333,11,9359
9915,13,9,2,True,10507,1,False,True,True,True,0.0,0.0,0.7717512845993042,9,1964
9915,14,10,1,True,10507,1,False,True,True,True,0.0,0.0,0.4939635396003723,10,8039
9915,15,8,3,True,10507,1,False,False,False,False,0.3999999761581421,1.0,0.6717142462730408,9,4065
9915,16,8,3,True,10507,2,False,False,False,False,0.19999998807907104,1.0,0.6412488222122192,9,3318
9915,17,4,7,True,10507,1,False,False,False,False,0.20000001788139343,1.0,0.5600000023841858,5,9927
9915,18,3,8,True,10507,1,False,False,False,False,0.2828427255153656,2.0,0.3594440221786499,5,7584
9915,19,4,7,True,10507,1,False,False,False,False,0.2828426957130432,2.0,0.36000001430511475,6,4134
9915,20,4,7,True,10507,1,False,False,False,False,0.20000001788139343,1.0,0.5600000023841858,5,1964
9915,21,6,5,True,10507,1,False,False,False,False,0.2828426957130432,2.0,0.475815087556839,8,9359
9915,22,4,7,True,10507,5,False,False,False,False,0.20000001788139343,1.0,0.5153639912605286,5,9217
9915,23,10,1,True,10507,1,False,True,True,True,0.0,0.0,0.4939635396003723,10,8039
9915,24,1,10,False,3,1,True,False,False,False,1.039230465888977,8.0,1.039422869682312,9,8974
9915,25,10,1,True,10507,2,False,True,True,True,0.0,0.0,0.7402702569961548,10,9359
9915,26,3,8,True,10507,1,False,False,False,False,0.2828427255153656,2.0,0.3594440221786499,5,7584
9915,27,10,1,True,10507,1,False,False,False,False,0.3999999761581421,1.0,0.6723094582557678,11,4065
9915,28,7,4,True,10507,1,False,False,False,False,0.19999998807907104,1.0,0.6409368515014648,8,3318
9915,29,6,5,True,10507,1,False,False,False,False,0.2828427255153656,2.0,0.475815087556839,8,8039
9915,30,4,7,True,10507,1,False,False,False,False,0.2828426957130432,2.0,0.35999998450279236,6,4134
9915,31,9,2,True,10507,1,False,False,False,False,0.4000000059604645,1.0,0.5963220596313477,10,8039
3494,0,11,0,True,10507,1,False,,,,,,0.7927168607711792,11,8039
3494,1,8,3,True,10507,1,False,False,False,False,0.2828426957130432,2.0,0.6717142462730408,10,9873
3494,2,7,4,True,10507,1,False,False,False,False,0.2828426957130432,2.0,0.47623521089553833,9,8974
3494,3,6,5,True,10507,4,False,False,False,False,0.19999998807907104,1.0,0.5607138276100159,7,5500
3494,4,11,0,True,10507,1,False,,,,,,0.7927168607711792,11,8039
3494,5,3,8,True,10507,1,False,True,True,True,0.0,0.0,0.31176915764808655,3,10202
3494,6,6,5,True,10507,1,False,False,False,False,0.3464101552963257,3.0,0.5607138276100159,9,9873
3494,7,1,10,False,25,1,True,False,False,False,0.6928203105926514,6.0,0.6931089758872986,7,7928
3494,8,3,8,False,1,1,True,False,False,False,1.1313707828521729,7.0,1.1319010257720947,10,26
3494,9,11,0,True,10507,1,False,,,,,,0.7927168607711792,11,8039
3494,10,8,3,True,10507,1,False,False,False,False,0.44721361994743347,2.0,0.7557777762413025,10,3318
3494,11,4,7,True,10507,5,False,False,False,False,0.19999998807907104,1.0,0.3709447383880615,5,5987
3494,12,10,1,True,10507,1,False,False,False,False,0.19999998807907104,1.0,0.846167802810669,11,4842
3494,13,7,4,True,10507,1,False,False,False,False,0.2828426957130432,2.0,0.5242136716842651,9,9359
3494,14,7,4,True,10507,1,False,False,False,False,0.4472135901451111,2.0,0.6283311247825623,9,2157
3494,15,3,8,True,10507,1,False,False,False,False,0.2828426957130432,2.0,0.5943063497543335,5,8920
3494,16,6,5,True,10507,1,False,False,False,False,0.4472135901451111,2.0,0.7552483081817627,8,1949
3494,17,10,1,True,10507,1,False,False,False,False,0.19999998807907104,1.0,0.846167802810669,11,4842
3494,18,6,5,True,10507,1,False,False,False,False,0.5291502475738525,4.0,0.6529931426048279,10,9873
3494,19,8,3,True,10507,1,False,False,False,False,0.44721361994743347,2.0,0.700856626033783,10,4065
3494,20,1,10,False,25,1,True,False,False,False,0.6928203105926514,6.0,0.6931089758872986,7,7928
3494,21,2,9,False,2,1,True,False,False,False,1.1135528087615967,9.0,1.1139119863510132,11,53
3494,22,2,9,False,541,1,True,True,True,True,0.0,0.0,0.028284255415201187,2,5794
3494,23,11,0,True,10507,1,False,,,,,,0.7927168607711792,11,8039
3494,24,6,5,True,10507,1,False,False,False,False,0.2828426957130432,2.0,0.5953150391578674,8,254
3494,25,10,1,True,10507,1,False,True,True,True,0.0,0.0,0.7924644947052002,10,8039
3494,26,4,7,True,10507,1,False,False,False,False,0.4898979365825653,3.0,0.5810335278511047,7,7264
3494,27,8,3,True,10507,1,False,False,False,False,0.4472135901451111,2.0,0.6657326817512512,10,4065
3494,28,11,0,True,10507,1,False,,,,,,0.7927168607711792,11,8039
3494,29,8,3,True,10507,1,False,False,False,False,0.2828426957130432,2.0,0.6717142462730408,10,9873
3494,30,11,0,True,10507,1,False,,,,,,0.7927168607711792,11,8039
3494,31,4,7,False,1,1,True,False,False,False,0.9380832314491272,7.0,0.9389356374740601,11,6251
1216,0,8,3,True,10507,1,False,False,False,False,0.2828427255153656,2.0,0.5245950818061829,10,8039
1216,1,5,6,True,10507,1,False,True,True,True,0.0,0.0,0.5674504637718201,5,9665
1216,2,7,4,True,10507,1,False,False,False,False,0.20000001788139343,1.0,0.5751521587371826,8,7246
1216,3,6,5,True,10507,1,False,False,False,False,0.2828426957130432,2.0,0.671118438243866,8,9938
1216,4,4,7,True,10507,1,False,False,False,False,0.2828426957130432,2.0,0.42142611742019653,6,6814
1216,5,8,3,True,10507,1,False,False,False,False,0.40000003576278687,1.0,0.634980320930481,9,8039
1216,6,9,2,True,10507,1,False,True,True,True,0.0,0.0,0.8219488859176636,9,7246
1216,7,9,2,True,10507,1,False,False,False,False,0.20000001788139343,1.0,0.7345747351646423,10,3318
1216,8,9,2,True,10507,1,False,True,True,True,0.0,0.0,0.8219488859176636,9,7246
1216,9,5,6,True,10507,1,False,False,False,False,0.2828426957130432,2.0,0.4753945767879486,7,10017
1216,10,5,6,True,10507,3,False,False,False,False,0.2828426957130432,2.0,0.6340346932411194,7,6416
1216,11,10,1,True,10507,1,False,True,True,True,0.0,0.0,0.7924644947052002,10,8039
1216,12,3,8,True,10507,1,False,False,False,False,0.19999998807907104,1.0,0.4303486943244934,4,984
1216,13,5,6,True,10507,1,False,False,False,False,0.3999999761581421,1.0,0.6587867736816406,6,831
1216,14,10,1,True,10507,1,False,True,True,True,0.0,0.0,0.7402702569961548,10,8974
1216,15,1,10,False,10469,93,True,True,True,True,0.0,0.0,0.019999980926513672,1,9377
1216,16,1,10,False,26,3,True,False,False,False,0.2828426957130432,2.0,0.2835489511489868,3,720
1216,17,3,8,True,10507,1,False,False,False,False,0.5291503071784973,4.0,0.6141660809516907,7,10017
1216,18,9,2,True,10507,1,False,False,False,False,0.20000001788139343,1.0,0.7871467471122742,10,8039
1216,19,4,7,True,10507,1,False,False,False,False,0.2828426957130432,2.0,0.5946427583694458,6,8931
1216,20,10,1,True,10507,1,False,True,True,True,0.0,0.0,0.7924644947052002,10,8039
1216,21,6,5,True,10507,3,False,False,False,False,0.19999998807907104,1.0,0.6019967198371887,7,9186
1216,22,2,9,False,2,2,True,False,False,False,1.1489125490188599,8.0,1.1492605209350586,10,7500
1216,23,10,1,True,10507,2,False,False,False,False,0.19999998807907104,1.0,0.7668116092681885,11,3318
1216,24,11,0,True,10507,1,False,,,,,,0.7927168607711792,11,8039
1216,25,3,8,True,10507,1,False,True,True,True,0.0,0.0,0.4745524525642395,3,5823
1216,26,5,6,True,10507,2,False,True,True,True,0.0,0.0,0.3130495250225067,5,5311
1216,27,2,9,False,10418,93,True,True,True,True,0.0,0.0,0.028284244239330292,2,10389
1216,28,3,8,True,10507,1,False,False,False,False,0.19999998807907104,1.0,0.4660472273826599,4,7412
1216,29,2,9,False,7,2,True,False,False,False,0.2828426957130432,2.0,0.28425338864326477,4,405
1216,30,9,2,True,10507,1,False,True,True,True,0.0,0.0,0.5399999618530273,9,7246
1216,31,4,7,True,10507,1,False,True,True,True,0.0,0.0,0.38157567381858826,4,3129
3532,0,6,5,True,10507,1,False,False,False,False,0.2828426957130432,2.0,0.6343501210212708,8,3318
3532,1,11,0,True,10507,1,False,,,,,,0.7927168607711792,11,8039
3532,2,8,3,True,10507,1,False,False,False,False,0.2828426957130432,2.0,0.7065408825874329,10,1964
3532,3,2,9,False,49,1,True,False,False,False,0.6324555277824402,2.0,0.633087694644928,4,423
3532,4,4,7,True,10507,1,False,False,False,False,0.3999999761581421,4.0,0.5528109669685364,8,4842
3532,5,6,5,True,10507,1,False,False,False,False,0.4472135901451111,2.0,0.6280127167701721,8,9873
3532,6,8,3,True,10507,1,False,False,False,False,0.2828426957130432,2.0,0.7610518932342529,10,8974
3532,7,8,3,True,10507,1,False,False,False,False,0.4000000059604645,1.0,0.8119113445281982,9,3318
3532,8,9,2,True,10507,1,False,False,False,False,0.3999999761581421,1.0,0.7291090488433838,10,9359
3532,9,10,1,True,10507,2,False,False,False,False,0.19999998807907104,1.0,0.7668116092681885,11,3318
3532,10,7,4,True,10507,1,False,False,False,False,0.2828426957130432,2.0,0.7285602688789368,9,2953
3532,11,11,0,True,10507,1,False,,,,,,0.7927168607711792,11,8039
3532,12,7,4,True,10507,1,False,False,False,False,0.2828426957130432,2.0,0.634665310382843,9,3318
3532,13,8,3,True,10507,1,False,False,False,False,0.20000000298023224,1.0,0.6026607751846313,9,3318
3532,14,1,10,False,2983,3,True,True,True,True,0.0,0.0,0.019999995827674866,1,3532
3532,15,11,0,True,10507,1,False,,,,,,0.7927168607711792,11,8039
3532,16,9,2,True,10507,1,False,False,False,False,0.44721361994743347,2.0,0.7560423612594604,11,8974
3532,17,4,7,True,10507,1,False,False,False,False,0.5291503071784973,4.0,0.6144917011260986,8,9873
3532,18,10,1,True,10507,1,False,True,True,True,0.0,0.0,0.7402702569961548,10,3318
3532,19,5,6,True,10507,2,False,False,False,False,0.2828427255153656,2.0,0.7280110120773315,7,3318
3532,20,5,6,True,10507,2,False,False,False,False,0.3464101552963257,3.0,0.7549834847450256,8,5057
3532,21,6,5,True,10507,1,False,False,False,False,0.19999998807907104,1.0,0.6651315689086914,7,4694
3532,22,4,7,True,10507,1,False,False,False,False,0.3464101552963257,3.0,0.4664761424064636,7,1022
3532,23,6,5,True,10507,2,False,False,False,False,0.2828426957130432,2.0,0.760526180267334,8,5057
3532,24,1,10,False,10469,3,True,True,True,True,0.0,0.0,0.019999980926513672,1,3476
3532,25,3,8,True,10507,1,False,True,True,True,0.0,0.0,0.2218107283115387,3,3475
3532,26,8,3,True,10507,1,False,False,False,False,0.20000001788139343,1.0,0.7343024611473083,9,3318
3532,27,9,2,True,10507,1,False,False,False,False,0.2828426957130432,2.0,0.8411896228790283,11,4842
3532,28,10,1,True,10507,1,False,True,True,True,0.0,0.0,0.7924644947052002,10,8039
3532,29,5,6,True,10507,1,False,False,False,False,0.2828426957130432,2.0,0.4753945469856262,7,3318
3532,30,8,3,True,10507,1,False,False,False,False,0.2828426957130432,2.0,0.5685067772865295,10,4842
3532,31,7,4,True,10507,1,False,False,False,False,0.2828426957130432,2.0,0.4762352406978607,9,6251
903,0,1,10,False,1619,117,True,True,True,True,0.0,0.0,0.02000001072883606,1,9271
903,1,3,8,True,10507,1,False,False,False,False,0.3464101552963257,3.0,0.5451605319976807,6,4516
903,2,5,6,True,10507,1,False,False,False,False,0.19999998807907104,1.0,0.6648308038711548,6,7767
903,3,5,6,True,10507,1,False,False,False,False,0.19999998807907104,1.0,0.43127715587615967,6,4146
903,4,3,8,True,10507,1,False,False,False,False,0.20000001788139343,1.0,0.4303486943244934,4,914
903,5,5,6,True,10507,1,False,False,False,False,0.3464101552963257,3.0,0.6276941895484924,8,6854
903,6,1,10,False,1,1,True,False,False,False,1.4282857179641724,10.0,1.428425669670105,11,53
903,7,10,1,True,10507,1,False,False,False,False,0.19999998807907104,1.0,0.846167802810669,11,4842
903,8,5,6,True,10507,1,False,False,False,False,0.3464101552963257,3.0,0.6276941895484924,8,924
903,9,2,9,False,2,1,True,False,False,False,0.8485281467437744,7.0,0.8489994406700134,9,8974
903,10,6,5,True,10507,1,False,False,False,False,0.2828426957130432,2.0,0.634350061416626,8,1955
903,11,9,2,True,10507,1,False,False,False,False,0.4472135901451111,2.0,0.6660330295562744,11,4065
903,12,8,3,True,10507,1,False,False,False,False,0.44721361994743347,2.0,0.6286493539810181,10,8039
903,13,4,7,True,10507,1,False,False,False,False,0.3464101552963257,3.0,0.5878775715827942,7,2473
903,14,10,1,True,10507,1,False,False,False,False,0.3999999761581421,1.0,0.6723094582557678,11,4065
903,15,7,4,True,10507,1,False,False,False,False,0.2828426957130432,2.0,0.7607890963554382,9,1955
903,16,10,1,True,10507,1,False,True,True,True,0.0,0.0,0.7924644947052002,10,8039
903,17,10,1,True,10507,1,False,True,True,True,0.0,0.0,0.7924644947052002,10,8039
903,18,4,7,True,10507,2,False,False,False,False,0.19999998807907104,1.0,0.43081316351890564,5,9125
903,19,6,5,True,10507,1,False,False,False,False,0.3464101552963257,3.0,0.6887670755386353,9,422
903,20,10,1,True,10507,1,False,True,True,True,0.0,0.0,0.4939635396003723,10,8039
903,21,3,8,False,7,1,True,False,False,False,0.2828426957130432,2.0,0.2849561274051666,5,8842
903,22,4,7,True,10507,2,False,False,False,False,0.19999998807907104,1.0,0.43081316351890564,5,1023
903,23,8,3,True,10507,1,False,False,False,False,0.19999998807907104,1.0,0.484974205493927,9,10472
903,24,8,3,True,10507,1,False,False,False,False,0.20000001788139343,1.0,0.8456949591636658,9,7246
903,25,7,4,True,10507,1,False,False,False,False,0.2828426957130432,2.0,0.8116649985313416,9,5625
903,26,5,6,True,10507,1,False,False,False,False,0.3464101552963257,3.0,0.7549834847450256,8,2659
903,27,11,0,True,10507,1,False,,,,,,0.7927168607711792,11,8039
903,28,11,0,True,10507,1,False,,,,,,0.7927168607711792,11,8039
903,29,4,7,True,10507,1,False,False,False,False,0.2828426957130432,2.0,0.5946427583694458,6,1955
903,30,6,5,True,10507,1,False,False,False,False,0.4472135901451111,2.0,0.7552483677864075,8,1964
903,31,5,6,True,10507,2,False,False,False,False,0.19999998807907104,1.0,0.43127715587615967,6,1023
9897,0,6,5,True,10507,1,False,False,False,False,0.4000000059604645,1.0,0.7282856702804565,7,1964
9897,1,11,0,True,10507,1,False,,,,,,0.7927168607711792,11,8039
9897,2,3,8,True,10507,1,False,False,False,False,0.4898979663848877,3.0,0.6820557117462158,6,1017
9897,3,3,8,True,10507,1,False,False,False,False,0.4898979663848877,3.0,0.6820557117462158,6,1017
9897,4,6,5,True,10507,1,False,False,False,False,0.20000001788139343,1.0,0.4317406713962555,7,6251
9897,5,3,8,True,10507,7,False,True,True,True,0.0,0.0,0.6581792831420898,3,6
9897,6,1,10,False,10419,16,True,True,True,True,0.0,0.0,0.019999980926513672,1,7453
9897,7,11,0,True,10507,1,False,,,,,,0.7927168607711792,11,8039
9897,8,10,1,True,10507,1,False,True,True,True,0.0,0.0,0.7924644947052002,10,8039
9897,9,6,5,True,10507,1,False,False,False,False,0.4898979365825653,3.0,0.6590902805328369,9,4842
9897,10,5,6,True,10507,1,False,True,True,True,0.0,0.0,0.5234501361846924,5,236
9897,11,5,6,True,10507,1,False,False,False,False,0.4898979663848877,3.0,0.7169379591941833,8,3318
9897,12,8,3,True,10507,1,False,False,False,False,0.4000000059604645,1.0,0.634980320930481,9,4065
9897,13,7,4,True,10507,1,False,False,False,False,0.4000000059604645,1.0,0.634665310382843,8,4065
9897,14,8,3,True,10507,1,False,False,False,False,0.20000000298023224,1.0,0.7662897706031799,9,1964
9897,15,10,1,True,10507,1,False,False,False,False,0.6000000238418579,1.0,0.7771744132041931,11,8039
9897,16,9,2,True,10507,2,False,True,True,True,0.0,0.0,0.7400000095367432,9,3318
9897,17,3,8,True,10507,2,False,False,False,False,0.3464101552963257,3.0,0.5875372290611267,6,8036
9897,18,10,1,True,10507,2,False,True,True,True,0.0,0.0,0.7402702569961548,10,3318
9897,19,9,2,True,10507,1,False,False,False,False,0.4000000059604645,1.0,0.8121576905250549,10,8974
9897,20,1,10,False,53,1,True,False,False,False,0.4000000059604645,1.0,0.40049970149993896,2,9623
9897,21,3,8,True,10507,2,False,False,False,False,0.19999998807907104,1.0,0.3704051673412323,4,10
9897,22,5,6,True,10507,1,False,False,False,False,0.2828426957130432,2.0,0.4753945767879486,7,5280
9897,23,9,2,True,10507,1,False,True,True,True,0.0,0.0,0.7717512845993042,9,1964
9897,24,8,3,True,10507,2,False,False,False,False,0.19999998807907104,1.0,0.7662898302078247,9,9359
9897,25,7,4,True,10507,1,False,False,False,False,0.4472135901451111,2.0,0.7230491042137146,9,3318
9897,26,1,10,False,25,1,True,False,False,False,0.3999999761581421,4.0,0.4004996418952942,5,1159
9897,27,1,10,False,53,1,True,False,False,False,0.4000000059604645,1.0,0.40049970149993896,2,9623
9897,28,6,5,True,10507,1,False,False,False,False,0.4472135901451111,2.0,0.722772479057312,8,9359
9897,29,5,6,True,10507,1,False,False,False,False,0.5656854510307312,2.0,0.7169379591941833,7,4065
9897,30,9,2,True,10507,2,False,False,False,False,0.19999998807907104,1.0,0.6415606141090393,10,3318
9897,31,10,1,True,10507,1,False,True,True,True,0.0,0.0,0.7402702569961548,10,8974
3731,0,11,0,True,10507,1,False,,,,,,0.7927168607711792,11,8039
3731,1,8,3,True,10507,1,False,False,False,False,0.44721361994743347,2.0,0.5892367959022522,10,8039
3731,2,10,1,True,10507,1,False,True,True,True,0.0,0.0,0.7924644947052002,10,8039
3731,3,8,3,True,10507,1,False,False,False,False,0.19999998807907104,1.0,0.6412488222122192,9,8029
3731,4,5,6,True,10507,4,False,False,False,False,0.19999998807907104,1.0,0.3714835047721863,6,8931
3731,5,1,10,False,1,1,True,False,False,False,1.2328827381134033,10.0,1.233044981956482,11,53
3731,6,11,0,True,10507,1,False,,,,,,0.7927168607711792,11,8039
3731,7,7,4,True,10507,2,False,False,False,False,0.3464101552963257,3.0,0.6654322147369385,10,5057
3731,8,2,9,False,1,1,True,False,False,False,1.1661903858184814,9.0,1.166533350944519,11,53
3731,9,5,6,True,10507,1,False,False,False,False,0.2828426957130432,2.0,0.4753945767879486,7,9619
3731,10,4,7,True,10507,1,False,False,False,False,0.19999998807907104,1.0,0.5153639912605286,5,5074
3731,11,11,0,True,10507,1,False,,,,,,0.7927168607711792,11,8039
3731,12,5,6,False,1,1,True,False,False,False,0.9591662883758545,6.0,0.9602082967758179,11,26
3731,13,3,8,True,10507,1,False,False,False,False,0.19999998807907104,1.0,0.2986636757850647,4,8449
3731,14,9,2,True,10507,1,False,False,False,False,0.20000001788139343,1.0,0.7871467471122742,10,8039
3731,15,8,3,True,10507,1,False,True,True,True,0.0,0.0,0.5685068368911743,8,7882
3731,16,11,0,True,10507,1,False,,,,,,0.7927168607711792,11,8039
3731,17,11,0,True,10507,1,False,,,,,,0.7927168607711792,11,8039
3731,18,9,2,True,10507,1,False,False,False,False,0.4472135901451111,2.0,0.6660330295562744,11,4065
3731,19,3,8,False,1,1,True,False,False,False,1.0,8.0,1.00059974193573,11,53
3731,20,6,5,True,10507,3,False,False,False,False,0.19999998807907104,1.0,0.5607138276100159,7,6086
3731,21,5,6,True,10507,2,False,True,True,True,0.0,0.0,0.4753945767879486,5,490
3731,22,4,7,True,10507,1,False,True,True,True,0.0,0.0,0.31240999698638916,4,695
3731,23,3,8,False,1,1,True,False,False,False,1.1313707828521729,7.0,1.1319010257720947,10,26
3731,24,10,1,True,10507,1,False,True,True,True,0.0,0.0,0.7402702569961548,10,3318
3731,25,11,0,True,10507,1,False,,,,,,0.7927168607711792,11,8039
3731,26,8,3,True,10507,1,False,True,True,True,0.0,0.0,0.7397297620773315,8,2659
3731,27,8,3,True,10507,1,False,False,False,False,0.4000000059604645,1.0,0.595986545085907,9,8039
3731,28,8,3,True,10507,1,False,False,False,False,0.2828426957130432,2.0,0.634980320930481,10,9359
3731,29,5,6,True,10507,1,False,False,False,False,0.2828426957130432,2.0,0.6942622661590576,7,10454
3731,30,7,4,True,10507,1,False,False,False,False,0.2828427255153656,2.0,0.5242136716842651,9,7246
3731,31,6,5,True,10507,2,False,False,False,False,0.19999998807907104,1.0,0.8163332939147949,7,10058
6263,0,9,2,True,10507,1,False,True,True,True,0.0,0.0,0.6477653980255127,9,1964
6263,1,2,9,False,297,1,True,False,False,False,0.5656854510307312,5.0,0.5663921236991882,7,9359
6263,2,8,3,True,10507,1,False,False,False,False,0.19999998807907104,1.0,0.6412488222122192,9,1964
6263,3,6,5,True,10507,1,False,False,False,False,0.19999998807907104,1.0,0.4317406415939331,7,1964
6263,4,10,1,True,10507,1,False,True,True,True,0.0,0.0,0.7720103859901428,10,1964
6263,5,1,10,False,576,1,True,False,False,False,0.4000000059604645,4.0,0.40049970149993896,5,4033
6263,6,5,6,False,1,1,True,False,False,False,0.8717797994613647,5.0,0.8729261755943298,10,6251
6263,7,2,9,True,10507,1,False,False,False,False,0.20000001788139343,1.0,0.3698648512363434,3,2831
6263,8,2,9,False,2,1,True,False,False,False,1.039230465888977,5.0,1.0396153926849365,7,9623
6263,9,7,4,True,10507,1,False,False,False,False,0.2828427255153656,2.0,0.634665310382843,9,3318
6263,10,2,9,False,297,1,True,False,False,False,0.5656854510307312,5.0,0.5663921236991882,7,9359
6263,11,6,5,True,10507,1,False,False,False,False,0.2828426957130432,2.0,0.6711184978485107,8,1964
6263,12,10,1,True,10507,1,False,True,True,True,0.0,0.0,0.7924644947052002,10,8039
6263,13,7,4,True,10507,1,False,True,True,True,0.0,0.0,0.5392587184906006,7,7246
6263,14,3,8,False,2,1,True,False,False,False,0.7211102843284607,7.0,0.7219418883323669,10,8974
6263,15,2,9,False,2,1,True,False,False,False,1.216552495956421,7.0,1.216881275177002,9,26
6263,16,6,5,True,10507,1,False,False,False,False,0.2828427255153656,2.0,0.5238320231437683,8,8039
6263,17,8,3,True,10507,6,False,False,False,False,0.19999998807907104,1.0,0.6026607751846313,9,4137
6263,18,4,7,True,10507,1,False,False,False,False,0.34641018509864807,3.0,0.6273755431175232,7,9927
6263,19,4,7,False,1,1,True,False,False,False,0.632455587387085,4.0,0.6337192058563232,8,8039
6263,20,3,8,True,10507,2,False,False,False,False,0.2828426957130432,2.0,0.4209512770175934,5,9497
6263,21,11,0,True,10507,1,False,,,,,,0.7927168607711792,11,8039
6263,22,6,5,True,10507,1,False,False,False,False,0.19999998807907104,1.0,0.4841487407684326,7,1964
6263,23,4,7,True,10507,1,False,False,False,False,0.20000001788139343,1.0,0.601331889629364,5,1952
6263,24,9,2,True,10507,1,False,False,False,False,0.20000001788139343,1.0,0.7665507793426514,10,3318
6263,25,8,3,True,10507,1,False,False,False,False,0.20000001788139343,1.0,0.6412488222122192,9,1964
6263,26,7,4,True,10507,1,False,False,False,False,0.34641018509864807,3.0,0.6283311247825623,10,9359
6263,27,8,3,True,10507,1,False,True,True,True,0.0,0.0,0.6092618703842163,8,1964
6263,28,9,2,True,10507,1,False,False,False,False,0.20000001788139343,1.0,0.7871467471122742,10,8039
6263,29,4,7,True,10507,2,False,False,False,False,0.2828426957130432,2.0,0.4214261472225189,6,1964
6263,30,7,4,True,10507,1,False,False,False,False,0.20000001788139343,1.0,0.73403000831604,8,1964
6263,31,7,4,True,10507,5,False,False,False,False,0.20000001788139343,1.0,0.561070442199707,8,9217
6501,0,5,6,True,10507,1,False,False,False,False,0.4898979663848877,3.0,0.6212890148162842,8,4065
6501,1,3,8,True,10507,1,False,False,False,False,0.4000000059604645,4.0,0.552449107170105,7,5793
6501,2,9,2,True,10507,1,False,False,False,False,0.19999998807907104,1.0,0.8459314703941345,10,6854
6501,3,1,10,False,1619,1,True,False,False,False,0.4898979365825653,3.0,0.49030601978302,4,6315
6501,4,8,3,True,10507,2,False,False,False,False,0.4472135901451111,2.0,0.7233256697654724,10,3318
6501,5,5,6,False,1,1,True,False,False,False,0.9380831718444824,5.0,0.9391486048698425,10,26
6501,6,10,1,True,10507,1,False,True,True,True,0.0,0.0,0.7924644947052002,10,8039
6501,7,11,0,True,10507,1,False,,,,,,0.7927168607711792,11,8039
6501,8,8,3,True,10507,1,False,True,True,True,0.0,0.0,0.4418144226074219,8,6251
6501,9,3,8,True,10507,1,False,True,True,True,0.0,0.0,0.31176915764808655,3,8442
6501,10,8,3,True,10507,2,False,False,False,False,0.19999998807907104,1.0,0.6412488222122192,9,3318
6501,11,3,8,True,10507,1,False,False,False,False,0.2828426957130432,2.0,0.4745523929595947,5,7984
6501,12,2,9,False,1,1,True,False,False,False,0.9591663479804993,8.0,0.9595833420753479,10,8974
6501,13,5,6,True,10507,3,False,False,False,False,0.3464101552963257,3.0,0.699999988079071,8,1954
6501,14,2,9,False,1,1,True,False,False,False,1.0198038816452026,6.0,1.0201960802078247,8,26
6501,15,10,1,True,10507,1,False,False,False,False,0.19999998807907104,1.0,0.8461678624153137,11,7246
6501,16,7,4,True,10507,1,False,False,False,False,0.44721361994743347,2.0,0.8067218065261841,9,8029
6501,17,11,0,True,10507,1,False,,,,,,0.7927168607711792,11,8039
6501,18,7,4,True,10507,1,False,False,False,False,0.19999998807907104,1.0,0.7866384387016296,8,5625
6501,19,4,7,True,10507,3,False,False,False,False,0.3999999761581421,4.0,0.6939740777015686,8,1948
6501,20,8,3,True,10507,1,False,False,False,False,0.6633249521255493,3.0,0.7969943284988403,11,10017
6501,21,2,9,False,53,1,True,False,False,False,0.44721361994743347,2.0,0.44810715317726135,4,9623
6501,22,7,4,True,10507,1,False,False,False,False,0.2828426957130432,2.0,0.7917070388793945,9,9938
6501,23,3,8,True,10507,2,False,False,False,False,0.19999998807907104,1.0,0.3704051673412323,4,2116
6501,24,11,0,True,10507,1,False,,,,,,0.7927168607711792,11,8039
6501,25,2,9,False,1,1,True,False,False,False,0.4898979365825653,3.0,0.4907137453556061,5,6315
6501,26,3,8,True,10507,1,False,False,False,False,0.19999998807907104,1.0,0.5149757266044617,4,2473
6501,27,11,0,True,10507,1,False,,,,,,0.7927168607711792,11,8039
6501,28,11,0,True,10507,1,False,,,,,,0.7927168607711792,11,8039
6501,29,2,9,True,10507,2,False,False,False,False,0.19999998807907104,1.0,0.2979932725429535,3,3948
6501,30,2,9,False,1,1,True,False,False,False,0.9165151715278625,6.0,0.9169515371322632,8,26
6501,31,10,1,True,10507,1,False,True,True,True,0.0,0.0,0.7924644947052002,10,8039
7053,0,6,5,True,10507,1,False,False,False,False,0.20000001788139343,1.0,0.4317406415939331,7,10017
7053,1,8,3,True,10507,1,False,False,False,False,0.20000001788139343,1.0,0.7868926525115967,9,2157
7053,2,10,1,True,10507,1,False,True,True,True,0.0,0.0,0.4939635396003723,10,8039
7053,3,5,6,True,10507,1,False,False,False,False,0.2828427255153656,2.0,0.6340346932411194,7,1949
7053,4,11,0,True,10507,1,False,,,,,,0.7927168607711792,11,8039
7053,5,10,1,True,10507,1,False,True,True,True,0.0,0.0,0.8221921920776367,10,7246
7053,6,2,9,False,23,3,True,True,True,True,0.0,0.0,0.02828427590429783,2,7889
7053,7,5,6,True,10507,1,False,False,False,False,0.2828427255153656,2.0,0.6340346932411194,7,1949
7053,8,1,10,False,2983,7,True,True,True,True,0.0,0.0,0.019999995827674866,1,8318
7053,9,9,2,True,10507,1,False,True,True,True,0.0,0.0,0.49355849623680115,9,8039
7053,10,4,7,True,10507,1,False,False,False,False,0.40000003576278687,4.0,0.5075430870056152,8,8039
7053,11,11,0,True,10507,1,False,,,,,,0.7927168607711792,11,8039
7053,12,10,1,True,10507,1,False,True,True,True,0.0,0.0,0.7402702569961548,10,9359
7053,13,4,7,True,10507,1,False,False,False,False,0.20000001788139343,1.0,0.4833218455314636,5,7246
7053,14,3,8,True,10507,3,False,True,True,True,0.0,0.0,0.4745524525642395,3,3718
7053,15,10,1,True,10507,1,False,True,True,True,0.0,0.0,0.7402702569961548,10,9359
7053,16,6,5,True,10507,1,False,False,False,False,0.34641018509864807,3.0,0.4673328697681427,9,8039
7053,17,10,1,True,10507,2,False,False,False,False,0.19999998807907104,1.0,0.7668116092681885,11,3318
7053,18,8,3,True,10507,1,False,False,False,False,0.19999998807907104,1.0,0.484974205493927,9,9359
7053,19,2,9,False,25,3,True,True,True,True,0.0,0.0,0.028284255415201187,2,7889
7053,20,3,8,False,1,1,True,False,False,False,1.2328827381134033,8.0,1.2333693504333496,11,53
7053,21,7,4,True,10507,1,False,False,False,False,0.2828427255153656,2.0,0.8116649389266968,9,7246
7053,22,6,5,True,10507,1,False,False,False,False,0.2828426957130432,2.0,0.5238320231437683,8,4284
7053,23,10,1,True,10507,1,False,True,True,True,0.0,0.0,0.7720103859901428,10,1964
7053,24,7,4,True,10507,2,False,False,False,False,0.20000001788139343,1.0,0.73403000831604,8,3318
7053,25,10,1,True,10507,1,False,False,False,False,0.20000001788139343,1.0,0.7668116092681885,11,3318
7053,26,6,5,True,10507,7,False,False,False,False,0.19999998807907104,1.0,0.6019967198371887,7,5993
7053,27,1,10,False,53,8,True,True,True,True,0.0,0.0,0.019999995827674866,1,409
7053,28,8,3,True,10507,1,False,False,False,False,0.20000001788139343,1.0,0.7343024611473083,9,1964
7053,29,5,6,True,10507,2,False,True,True,True,0.0,0.0,0.382099449634552,5,1023
7053,30,9,2,True,10507,1,False,True,True,True,0.0,0.0,0.49355846643447876,9,8039
7053,31,4,7,False,1,1,True,False,False,False,1.1999999284744263,6.0,1.2006664276123047,10,26
3111,0,5,6,True,10507,1,False,False,False,False,0.3464101552963257,3.0,0.5603570342063904,8,2301
3111,1,11,0,True,10507,1,False,,,,,,0.7927168607711792,11,8039
3111,2,3,8,True,10507,1,False,False,False,False,0.2828426957130432,2.0,0.552449107170105,5,6923
3111,3,8,3,True,10507,1,False,False,False,False,0.2828426957130432,2.0,0.7610519528388977,10,6854
3111,4,3,8,True,10507,4,False,False,False,False,0.2828426957130432,2.0,0.552449107170105,5,6441
3111,5,10,1,True,10507,1,False,False,False,False,0.19999998807907104,1.0,0.5761944055557251,11,4065
3111,6,9,2,True,10507,2,False,True,True,True,0.0,0.0,0.7400000691413879,9,5057
3111,7,4,7,True,10507,1,False,False,False,False,0.2828426957130432,2.0,0.4214261472225189,6,10202
3111,8,11,0,True,10507,1,False,,,,,,0.7927168607711792,11,8039
3111,9,5,6,True,10507,1,False,False,False,False,0.2828426957130432,2.0,0.5079370141029358,7,5625
3111,10,8,3,True,10507,1,False,False,False,False,0.4000000059604645,1.0,0.8119113445281982,9,8974
3111,11,11,0,True,10507,1,False,,,,,,0.7927168607711792,11,8039
3111,12,5,6,True,10507,1,False,False,False,False,0.19999998807907104,1.0,0.43127718567848206,6,10202
3111,13,4,7,True,10507,2,False,False,False,False,0.4472135901451111,2.0,0.6881860494613647,6,3318
3111,14,9,2,True,10507,2,False,False,False,False,0.19999998807907104,1.0,0.6415606141090393,10,3318
3111,15,1,10,False,1619,1,True,False,False,False,0.4000000059604645,1.0,0.40049970149993896,2,5227
3111,16,9,2,True,10507,1,False,False,False,False,0.2828426957130432,2.0,0.5688585042953491,11,4065
3111,17,1,10,False,26,1,True,False,False,False,0.4898979365825653,3.0,0.49030601978302,4,4142
3111,18,1,10,False,576,5,True,True,True,True,0.0,0.0,0.019999995827674866,1,6900
3111,19,4,7,True,10507,1,False,True,True,True,0.0,0.0,0.4749737083911896,4,1420
3111,20,11,0,True,10507,1,False,,,,,,0.7927168607711792,11,8039
3111,21,9,2,True,10507,1,False,True,True,True,0.0,0.0,0.7922120690345764,9,8039
3111,22,2,9,False,2,1,True,False,False,False,1.039230465888977,7.0,1.0396153926849365,9,26
3111,23,9,2,True,10507,1,False,False,False,False,0.19999998807907104,1.0,0.6415606141090393,10,3318
3111,24,9,2,True,10507,1,False,False,False,False,0.4472135901451111,2.0,0.8364209532737732,11,9359
3111,25,10,1,True,10507,1,False,True,True,True,0.0,0.0,0.7924644947052002,10,8039
3111,26,8,3,True,10507,2,False,True,True,True,0.0,0.0,0.6092618703842163,8,370
3111,27,2,9,False,23,3,True,False,False,False,0.7483315467834473,3.0,0.7488658428192139,5,720
3111,28,11,0,True,10507,1,False,,,,,,0.7927168607711792,11,8039
3111,29,5,6,True,10507,4,False,False,False,False,0.20000001788139343,1.0,0.3714834749698639,6,5058
3111,30,2,9,False,2,1,True,False,False,False,0.7211103439331055,7.0,0.7216647863388062,9,8974
3111,31,2,9,False,49,2,True,False,False,False,0.4898979663848877,3.0,0.49071377515792847,5,423
2463,0,3,8,True,10507,1,False,False,False,False,0.19999998807907104,1.0,0.4660472273826599,4,405
2463,1,6,5,True,10507,1,False,False,False,False,0.2828426957130432,2.0,0.760526180267334,8,6854
2463,2,7,4,True,10507,1,False,False,False,False,0.19999998807907104,1.0,0.8454585075378418,8,6854
2463,3,4,7,True,10507,1,False,False,False,False,0.6000000238418579,3.0,0.676461398601532,7,6251
2463,4,11,0,True,10507,1,False,,,,,,0.7927168607711792,11,8039
2463,5,3,8,False,1,1,True,False,False,False,1.3416407108306885,8.0,1.3420878648757935,11,53
2463,6,9,2,True,10507,1,False,False,False,False,0.19999998807907104,1.0,0.8459314703941345,10,6854
2463,7,8,3,True,10507,1,False,False,False,False,0.20000000298023224,1.0,0.7343024611473083,9,8029
2463,8,7,4,True,10507,1,False,False,False,False,0.2828426957130432,2.0,0.5242136716842651,9,10472
2463,9,1,10,False,5,1,True,False,False,False,0.8246211409568787,6.0,0.8248636722564697,7,8974
2463,10,10,1,True,10507,1,False,False,False,False,0.3999999761581421,1.0,0.6723094582557678,11,4065
2463,11,10,1,True,10507,1,False,False,False,False,0.20000001788139343,1.0,0.7874007821083069,11,8039
2463,12,4,7,True,10507,4,False,False,False,False,0.19999998807907104,1.0,0.5600000023841858,5,9507
2463,13,10,1,True,10507,1,False,False,False,False,0.19999998807907104,1.0,0.846167802810669,11,4842
2463,14,7,4,True,10507,1,False,False,False,False,0.2828426957130432,2.0,0.7062577605247498,9,1964
2463,15,4,7,True,10507,11,False,False,False,False,0.19999998807907104,1.0,0.5600000023841858,5,3909
2463,16,4,7,True,10507,1,False,False,False,False,0.19999998807907104,1.0,0.3709447383880615,5,6814
2463,17,10,1,True,10507,1,False,True,True,True,0.0,0.0,0.7924644947052002,10,8039
2463,18,4,7,False,1,1,True,False,False,False,1.0198038816452026,6.0,1.0205880403518677,10,26
2463,19,3,8,True,10507,4,False,True,True,True,0.0,0.0,0.31176915764808655,3,7365
2463,20,6,5,True,10507,1,False,False,False,False,0.4472135901451111,2.0,0.722772479057312,8,9359
2463,21,1,10,False,2983,62,True,True,True,True,0.0,0.0,0.019999995827674866,1,9109
2463,22,1,10,False,26,1,True,False,False,False,0.19999998807907104,1.0,0.2009975016117096,2,4142
2463,23,6,5,True,10507,1,False,False,False,False,0.4472135901451111,2.0,0.6887670755386353,8,8974
2463,24,2,9,False,1,1,True,False,False,False,0.7483314871788025,3.0,0.7488658428192139,5,6315
2463,25,1,10,False,576,1,True,True,True,True,0.0,0.0,0.019999995827674866,1,2127
2463,26,7,4,True,10507,1,False,False,False,False,0.20000001788139343,1.0,0.5317894220352173,8,8039
2463,27,11,0,True,10507,1,False,,,,,,0.7927168607711792,11,8039
2463,28,6,5,True,10507,1,False,False,False,False,0.2828426957130432,2.0,0.5238320231437683,8,10472
2463,29,11,0,True,10507,1,False,,,,,,0.7927168607711792,11,8039
2463,30,2,9,False,4,1,True,False,False,False,0.8246211409568787,6.0,0.8251060843467712,8,8974
2463,31,3,8,True,10507,2,False,False,False,False,0.2828426957130432,2.0,0.5943063497543335,5,5148
3932,0,4,7,True,10507,3,False,False,False,False,0.19999998807907104,1.0,0.5600000023841858,5,6921
3932,1,2,9,True,10507,1,False,True,True,True,0.0,0.0,0.3111270070075989,2,380
3932,2,2,9,False,1,1,True,False,False,False,1.2806248664855957,8.0,1.2809370756149292,10,26
3932,3,4,7,True,10507,1,False,False,False,False,0.19999998807907104,1.0,0.29933255910873413,5,2892
3932,4,11,0,True,10507,1,False,,,,,,0.7927168607711792,11,8039
3932,5,2,9,False,2,1,True,False,False,False,1.2000000476837158,8.0,1.2003332376480103,10,6251
3932,6,8,3,True,10507,1,False,False,False,False,0.19999998807907104,1.0,0.7343024611473083,9,9359
3932,7,9,2,True,10507,1,False,False,False,False,0.20000001788139343,1.0,0.4853864312171936,10,8039
3932,8,2,9,False,1,1,True,False,False,False,1.1661903858184814,9.0,1.166533350944519,11,53
3932,9,11,0,True,10507,1,False,,,,,,0.7927168607711792,11,8039
3932,10,11,0,True,10507,1,False,,,,,,0.7927168607711792,11,8039
3932,11,5,6,True,10507,2,False,False,False,False,0.19999998807907104,1.0,0.43127715587615967,6,7151
3932,12,4,7,False,1,1,True,False,False,False,0.9165151119232178,7.0,0.9173876047134399,11,53
3932,13,7,4,True,10507,1,False,False,False,False,0.20000001788139343,1.0,0.816578209400177,8,7246
3932,14,6,5,True,10507,1,False,False,False,False,0.19999998807907104,1.0,0.6406247019767761,7,5057
3932,15,11,0,True,10507,1,False,,,,,,0.7927168607711792,11,8039
3932,16,3,8,True,10507,1,False,False,False,False,0.19999998807907104,1.0,0.2986636757850647,4,5638
3932,17,11,0,True,10507,1,False,,,,,,0.7927168607711792,11,8039
3932,18,2,9,True,10507,2,False,False,False,False,0.19999998807907104,1.0,0.5145872235298157,3,3302
3932,19,8,3,True,10507,1,False,False,False,False,0.40000003576278687,1.0,0.634980320930481,9,8039
3932,20,2,9,True,10507,3,False,False,False,False,0.19999998807907104,1.0,0.369864821434021,3,8736
3932,21,2,9,False,1,1,True,False,False,False,1.2000000476837158,8.0,1.2003332376480103,10,26
3932,22,5,6,True,10507,3,False,False,False,False,0.2828426957130432,2.0,0.5234500765800476,7,1948
3932,23,11,0,True,10507,1,False,,,,,,0.7927168607711792,11,8039
3932,24,11,0,True,10507,1,False,,,,,,0.7927168607711792,11,8039
3932,25,4,7,True,10507,2,False,False,False,False,0.3464101552963257,3.0,0.7222188115119934,7,5655
3932,26,3,8,True,10507,1,False,True,True,True,0.0,0.0,0.31176915764808655,3,6062
3932,27,7,4,True,10507,1,False,False,False,False,0.44721361994743347,2.0,0.6283311247825623,9,8039
3932,28,4,7,True,10507,2,False,False,False,False,0.2828426957130432,2.0,0.5528109669685364,6,5655
3932,29,11,0,True,10507,1,False,,,,,,0.7927168607711792,11,8039
3932,30,2,9,False,541,2,True,False,False,False,0.19999998807907104,1.0,0.20199008285999298,3,7997
3932,31,2,9,False,1,1,True,False,False,False,1.1661903858184814,9.0,1.1665332317352295,11,53
1715,0,11,0,True,10507,1,False,,,,,,0.7927168607711792,11,8039
1715,1,5,6,True,10507,2,False,False,False,False,0.20000001788139343,1.0,0.6016643643379211,6,9677
1715,2,2,9,False,1,1,True,False,False,False,1.1661903858184814,9.0,1.1665332317352295,11,53
1715,3,9,2,True,10507,1,False,False,False,False,0.19999998807907104,1.0,0.6779380440711975,10,1964
1715,4,2,9,True,10507,2,False,False,False,False,0.2828426957130432,2.0,0.5520870089530945,4,5823
1715,5,11,0,True,10507,1,False,,,,,,0.7927168607711792,11,8039
1715,6,3,8,True,10507,1,False,False,False,False,0.3464101552963257,3.0,0.5451605319976807,6,8293
1715,7,11,0,True,10507,1,False,,,,,,0.7927168607711792,11,8039
1715,8,11,0,True,10507,1,False,,,,,,0.7927168607711792,11,8039
1715,9,2,9,False,49,3,True,False,False,False,0.19999998807907104,1.0,0.20199008285999298,3,369
1715,10,2,9,False,1,1,True,False,False,False,0.9165151715278625,7.0,0.9169515371322632,9,8974
1715,11,3,8,False,1,1,True,False,False,False,1.0954450368881226,8.0,1.0959926843643188,11,53
1715,12,9,2,True,10507,2,False,False,False,False,0.19999998807907104,1.0,0.7345747351646423,10,7882
1715,13,5,6,True,10507,1,False,False,False,False,0.3999999761581421,1.0,0.6587867736816406,6,831
1715,14,7,4,True,10507,1,False,False,False,False,0.19999998807907104,1.0,0.561070442199707,8,9513
1715,15,11,0,True,10507,1,False,,,,,,0.7927168607711792,11,8039
1715,16,8,3,True,10507,1,False,False,False,False,0.19999998807907104,1.0,0.6412488222122192,9,9359
1715,17,10,1,True,10507,1,False,False,False,False,0.19999998807907104,1.0,0.846167802810669,11,4842
1715,18,6,5,True,10507,1,False,False,False,False,0.6000000238418579,3.0,0.6770524382591248,9,8039
1715,19,7,4,True,10507,2,False,False,False,False,0.19999998807907104,1.0,0.7005712389945984,8,8064
1715,20,5,6,True,10507,1,False,True,True,True,0.0,0.0,0.670820415019989,5,7767
1715,21,7,4,True,10507,1,False,False,False,False,0.4000000059604645,1.0,0.8311437964439392,8,6251
1715,22,7,4,True,10507,1,False,False,False,False,0.4472135901451111,2.0,0.8359426259994507,9,9359
1715,23,7,4,True,10507,1,False,False,False,False,0.19999998807907104,1.0,0.6023288369178772,8,10067
1715,24,8,3,True,10507,1,False,False,False,False,0.4000000059604645,1.0,0.595986545085907,9,8039
1715,25,9,2,True,10507,1,False,True,True,True,0.0,0.0,0.49355849623680115,9,8039
1715,26,1,10,False,2983,62,True,True,True,True,0.0,0.0,0.019999995827674866,1,5306
1715,27,11,0,True,10507,1,False,,,,,,0.7927168607711792,11,8039
1715,28,4,7,True,10507,3,False,False,False,False,0.19999998807907104,1.0,0.3709447383880615,5,8273
1715,29,8,3,True,10507,1,False,False,False,False,0.19999998807907104,1.0,0.6026607751846313,9,9359
1715,30,4,7,True,10507,2,False,False,False,False,0.2828426957130432,2.0,0.5528110265731812,6,3302
1715,31,6,5,True,10507,1,False,False,False,False,0.4472135901451111,2.0,0.5885576009750366,8,8029
4605,0,2,9,False,53,1,True,False,False,False,0.4472135901451111,2.0,0.44810712337493896,4,421
4605,1,3,8,False,52,1,True,False,False,False,0.4472135901451111,2.0,0.4485532343387604,5,421
4605,2,6,5,True,10507,5,False,False,False,False,0.2828426957130432,2.0,0.5953150391578674,8,8931
4605,3,11,0,True,10507,1,False,,,,,,0.7927168607711792,11,8039
4605,4,10,1,True,10507,1,False,False,False,False,0.19999998807907104,1.0,0.5761944055557251,11,4065
4605,5,3,8,True,10507,1,False,True,True,True,0.0,0.0,0.31176915764808655,3,9330
4605,6,8,3,True,10507,1,False,True,True,True,0.0,0.0,0.7397297620773315,8,2659
4605,7,8,3,True,10507,1,False,False,False,False,0.20000001788139343,1.0,0.7557777762413025,9,10017
4605,8,5,6,True,10507,1,False,False,False,False,0.4000000059604645,4.0,0.5079370141029358,9,6251
4605,9,8,3,True,10507,1,False,True,True,True,0.0,0.0,0.6092618703842163,8,3318
4605,10,5,6,True,10507,1,False,False,False,False,0.19999998807907104,1.0,0.6403124332427979,6,9927
4605,11,11,0,True,10507,1,False,,,,,,0.7927168607711792,11,8039
4605,12,1,10,False,576,4,True,False,False,False,0.19999998807907104,1.0,0.2009975016117096,2,9898
4605,13,5,6,True,10507,1,False,False,False,False,0.3464101552963257,3.0,0.5157518982887268,8,4771
4605,14,7,4,True,10507,2,False,False,False,False,0.19999998807907104,1.0,0.7660287618637085,8,5281
4605,15,11,0,True,10507,1,False,,,,,,0.7927168607711792,11,8039
4605,16,5,6,True,10507,2,False,False,False,False,0.19999998807907104,1.0,0.5157518982887268,6,8027
4605,17,4,7,False,1,1,True,False,False,False,0.6928203105926514,6.0,0.6939740777015686,10,6251
4605,18,11,0,True,10507,1,False,,,,,,0.7927168607711792,11,8039
4605,19,9,2,True,10507,1,False,False,False,False,0.19999998807907104,1.0,0.532541036605835,10,8039
4605,20,11,0,True,10507,1,False,,,,,,0.7927168607711792,11,8039
4605,21,8,3,True,10507,1,False,False,False,False,0.4898979365825653,3.0,0.622253954410553,11,6251
4605,22,9,2,True,10507,1,False,False,False,False,0.19999998807907104,1.0,0.5758472084999084,10,4065
4605,23,5,6,True,10507,2,False,False,False,False,0.4472135901451111,2.0,0.6526867747306824,7,5655
4605,24,5,6,True,10507,3,False,False,False,False,0.2828426957130432,2.0,0.6942622661590576,7,7412
4605,25,7,4,True,10507,1,False,False,False,False,0.19999998807907104,1.0,0.6023288369178772,8,10067
4605,26,4,7,True,10507,7,False,False,False,False,0.19999998807907104,1.0,0.5153639912605286,5,9050
4605,27,9,2,True,10507,1,False,False,False,False,0.20000001788139343,1.0,0.8170679211616516,10,7246
4605,28,4,7,True,10507,2,False,False,False,False,0.3464101552963257,3.0,0.4664761424064636,7,9186
4605,29,9,2,True,10507,1,False,False,False,False,0.19999998807907104,1.0,0.6415606141090393,10,3318
4605,30,5,6,True,10507,1,False,False,False,False,0.19999998807907104,1.0,0.5603570342063904,6,1955
4605,31,11,0,True,10507,1,False,,,,,,0.7927168607711792,11,8039
5116,0,11,0,True,10507,1,False,,,,,,0.7927168607711792,11,8039
5116,1,6,5,True,10507,2,False,True,True,True,0.0,0.0,0.6086049675941467,6,7151
5116,2,5,6,True,10507,1,False,False,False,False,0.2828426957130432,2.0,0.5949789881706238,7,6854
5116,3,6,5,True,10507,1,False,False,False,False,0.44721361994743347,2.0,0.5885576009750366,8,8039
5116,4,1,10,False,1619,7,True,True,True,True,0.0,0.0,0.02000001072883606,1,4365
5116,5,4,7,True,10507,1,False,True,True,True,0.0,0.0,0.31240999698638916,4,6814
5116,6,11,0,True,10507,1,False,,,,,,0.7927168607711792,11,8039
5116,7,11,0,True,10507,1,False,,,,,,0.7927168607711792,11,8039
5116,8,2,9,False,2,1,True,False,False,False,0.8485281467437744,7.0,0.8489994406700134,9,8974
5116,9,4,7,True,10507,2,False,True,True,True,0.0,0.0,0.5670979022979736,4,5154
5116,10,7,4,True,10507,1,False,False,False,False,0.4472135901451111,2.0,0.6890573501586914,9,9359
5116,11,8,3,True,10507,1,False,False,False,False,0.2828426957130432,2.0,0.6717142462730408,10,3318
5116,12,8,3,True,10507,1,False,False,False,False,0.4000000059604645,1.0,0.595986545085907,9,8039
5116,13,4,7,True,10507,2,False,False,False,False,0.3999999761581421,1.0,0.5528109669685364,5,5398
5116,14,9,2,True,10507,1,False,False,False,False,0.4000000059604645,1.0,0.8316249251365662,10,6251
5116,15,10,1,True,10507,1,False,True,True,True,0.0,0.0,0.7924644947052002,10,8039
5116,16,11,0,True,10507,1,False,,,,,,0.7927168607711792,11,8039
5116,17,11,0,True,10507,1,False,,,,,,0.7927168607711792,11,8039
5116,18,3,8,True,10507,1,False,True,True,True,0.0,0.0,0.3810511827468872,3,5154
5116,19,2,9,False,1,1,True,False,False,False,1.5099668502807617,9.0,1.5102317333221436,11,53
5116,20,7,4,True,10507,4,False,True,True,True,0.0,0.0,0.5242137312889099,7,561
5116,21,11,0,True,10507,1,False,,,,,,0.7927168607711792,11,8039
5116,22,10,1,True,10507,1,False,False,False,False,0.3999999761581421,1.0,0.6723094582557678,11,4065
5116,23,10,1,True,10507,1,False,False,False,False,0.20000001788139343,1.0,0.7874007821083069,11,8039
5116,24,5,6,True,10507,1,False,False,False,False,0.3464101552963257,3.0,0.515751838684082,8,5281
5116,25,11,0,True,10507,1,False,,,,,,0.7927168607711792,11,8039
5116,26,1,10,False,3,1,True,False,False,False,0.7211102843284607,7.0,0.7213875651359558,8,8974
5116,27,10,1,True,10507,1,False,True,True,True,0.0,0.0,0.7924644947052002,10,8039
5116,28,8,3,True,10507,1,False,False,False,False,0.19999998807907104,1.0,0.8456950187683105,9,6854
5116,29,10,1,True,10507,1,False,True,True,True,0.0,0.0,0.7924644947052002,10,8039
5116,30,9,2,True,10507,2,False,False,False,False,0.19999998807907104,1.0,0.7665507793426514,10,3318
5116,31,5,6,True,10507,4,False,False,False,False,0.3464101552963257,3.0,0.7224956750869751,8,536
7188,0,5,6,True,10507,1,False,False,False,False,0.5291502475738525,4.0,0.6526867747306824,9,8029
7188,1,7,4,True,10507,1,False,False,False,False,0.2828427255153656,2.0,0.4762352406978607,9,8039
7188,2,5,6,True,10507,1,False,False,False,False,0.2828426957130432,2.0,0.5234500765800476,7,4284
7188,3,11,0,True,10507,1,False,,,,,,0.7927168607711792,11,8039
7188,4,9,2,True,10507,1,False,True,True,True,0.0,0.0,0.7400000095367432,9,9359
7188,5,10,1,True,10507,2,False,True,True,True,0.0,0.0,0.7402702569961548,10,3318
7188,6,4,7,True,10507,1,False,True,True,True,0.0,0.0,0.31240999698638916,4,2147
7188,7,11,0,True,10507,1,False,,,,,,0.7927168607711792,11,8039
7188,8,4,7,True,10507,3,False,False,False,False,0.4000000059604645,1.0,0.5528109669685364,5,1954
7188,9,7,4,True,10507,1,False,False,False,False,0.19999998807907104,1.0,0.43220362067222595,8,4146
7188,10,8,3,True,10507,2,False,False,False,False,0.2828426957130432,2.0,0.634980320930481,10,9359
7188,11,1,10,False,576,2,True,False,False,False,0.20000001788139343,1.0,0.20099753141403198,2,4033
7188,12,7,4,True,10507,2,False,False,False,False,0.3999999761581421,4.0,0.5956509113311768,11,5793
7188,13,11,0,True,10507,1,False,,,,,,0.7927168607711792,11,8039
7188,14,3,8,False,1,1,True,False,False,False,1.039230465888977,7.0,1.039807677268982,10,26
7188,15,4,7,False,49,2,True,False,False,False,0.20000001788139343,1.0,0.20396079123020172,5,7594
7188,16,9,2,True,10507,1,False,True,True,True,0.0,0.0,0.8219488859176636,9,7246
7188,17,11,0,True,10507,1,False,,,,,,0.7927168607711792,11,8039
7188,18,5,6,True,10507,1,False,False,False,False,0.2828426957130432,2.0,0.4753945469856262,7,9677
7188,19,4,7,True,10507,2,False,False,False,False,0.19999998807907104,1.0,0.5153639912605286,5,490
7188,20,11,0,True,10507,1,False,,,,,,0.7927168607711792,11,8039
7188,21,4,7,True,10507,2,False,False,False,False,0.2828427255153656,2.0,0.5528110265731812,6,9359
7188,22,9,2,True,10507,2,False,False,False,False,0.20000001788139343,1.0,0.7345747351646423,10,3318
7188,23,5,6,True,10507,2,False,False,False,False,0.2828426957130432,2.0,0.5531727075576782,7,10058
7188,24,11,0,True,10507,1,False,,,,,,0.7927168607711792,11,8039
7188,25,9,2,True,10507,1,False,True,True,True,0.0,0.0,0.7717512845993042,9,9927
7188,26,6,5,True,10507,1,False,False,False,False,0.2828427255153656,2.0,0.5678027868270874,8,7246
7188,27,9,2,True,10507,1,False,False,False,False,0.4472135901451111,2.0,0.6660330295562744,11,4065
7188,28,11,0,True,10507,1,False,,,,,,0.7927168607711792,11,8039
7188,29,4,7,True,10507,1,False,False,False,False,0.34641018509864807,3.0,0.466476172208786,7,8039
7188,30,11,0,True,10507,1,False,,,,,,0.7927168607711792,11,8039
7188,31,11,0,True,10507,1,False,,,,,,0.7927168607711792,11,8039
5134,0,2,9,False,49,3,True,False,False,False,0.19999998807907104,1.0,0.20199008285999298,3,4245
5134,1,11,0,True,10507,1,False,,,,,,0.7927168607711792,11,8039
5134,2,4,7,True,10507,1,False,False,False,False,0.2828426957130432,2.0,0.4749736487865448,6,2659
5134,3,1,10,False,25,1,True,False,False,False,1.0198038816452026,7.0,1.0199999809265137,8,1159
5134,4,9,2,True,10507,1,False,True,True,True,0.0,0.0,0.7613146305084229,9,6251
5134,5,8,3,True,10507,1,False,True,True,True,0.0,0.0,0.8217055797576904,8,9938
5134,6,1,10,False,10419,219,True,True,True,True,0.0,0.0,0.019999980926513672,1,4482
5134,7,4,7,True,10507,1,False,False,False,False,0.19999998807907104,1.0,0.3709447383880615,5,3129
5134,8,3,8,True,10507,1,False,True,True,True,0.0,0.0,0.5226854085922241,3,7767
5134,9,2,9,True,10507,1,False,True,True,True,0.0,0.0,0.4741308093070984,2,7767
5134,10,9,2,True,10507,1,False,False,False,False,0.19999998807907104,1.0,0.7345747351646423,10,9359
5134,11,5,6,True,10507,1,False,False,False,False,0.2828426957130432,2.0,0.6587867736816406,7,422
5134,12,2,9,False,2,1,True,False,False,False,0.7211102843284607,7.0,0.7216647267341614,9,8974
5134,13,3,8,True,10507,1,False,True,True,True,0.0,0.0,0.2218107283115387,3,6603
5134,14,9,2,True,10507,1,False,False,False,False,0.2828426957130432,2.0,0.8411896228790283,11,4842
5134,15,9,2,True,10507,1,False,True,True,True,0.0,0.0,0.7613146305084229,9,6251
5134,16,8,3,True,10507,1,False,False,False,False,0.5999999642372131,3.0,0.7766594886779785,11,4842
5134,17,3,8,True,10507,1,False,False,False,False,0.2828426957130432,2.0,0.5071489214897156,5,5625
5134,18,8,3,True,10507,1,False,True,True,True,0.0,0.0,0.5396294593811035,8,7246
5134,19,9,2,True,10507,2,False,False,False,False,0.19999998807907104,1.0,0.6415606141090393,10,9359
5134,20,1,10,False,53,3,True,False,False,False,0.2828426957130432,2.0,0.2835489511489868,3,4245
5134,21,10,1,True,10507,1,False,True,True,True,0.0,0.0,0.761577308177948,10,6251
5134,22,4,7,True,10507,6,False,True,True,True,0.0,0.0,0.31240999698638916,4,4680
5134,23,8,3,True,10507,1,False,False,False,False,0.19999998807907104,1.0,0.7343024611473083,9,9359
5134,24,2,9,False,25,1,True,False,False,False,0.8246211409568787,6.0,0.8251060843467712,8,1159
5134,25,5,6,True,10507,3,False,False,False,False,0.19999998807907104,1.0,0.6016643643379211,6,6853
5134,26,8,3,True,10507,1,False,False,False,False,0.5656853914260864,2.0,0.7177743315696716,10,6251
5134,27,11,0,True,10507,1,False,,,,,,0.7927168607711792,11,8039
5134,28,3,8,True,10507,2,False,False,False,False,0.19999998807907104,1.0,0.5149757266044617,4,7319
5134,29,6,5,True,10507,1,False,False,False,False,0.2828426957130432,2.0,0.7605261206626892,8,2659
5134,30,1,10,False,10469,219,True,True,True,True,0.0,0.0,0.019999980926513672,1,2528
5134,31,5,6,True,10507,4,False,True,True,True,0.0,0.0,0.5234501361846924,5,2024
1572,0,11,0,True,10507,1,False,,,,,,0.7927168607711792,11,8039
1572,1,10,1,True,10507,1,False,True,True,True,0.0,0.0,0.7720103859901428,10,1964
1572,2,9,2,True,10507,2,False,True,True,True,0.0,0.0,0.7400000095367432,9,9359
1572,3,9,2,True,10507,1,False,True,True,True,0.0,0.0,0.7613146305084229,9,6251
1572,4,4,7,True,10507,1,False,False,False,False,0.3464101552963257,3.0,0.6645299196243286,7,1955
1572,5,9,2,True,10507,1,False,False,False,False,0.4472135901451111,2.0,0.6660330295562744,11,4065
1572,6,3,8,True,10507,1,False,False,False,False,0.2828426957130432,2.0,0.5071489214897156,5,5835
1572,7,6,5,True,10507,1,False,False,False,False,0.6928203105926514,3.0,0.7914543747901917,9,8039
1572,8,4,7,True,10507,2,False,False,False,False,0.3464101552963257,3.0,0.6273754835128784,7,5278
1572,9,4,7,True,10507,1,False,False,False,False,0.2828426957130432,2.0,0.5528109669685364,6,8980
1572,10,8,3,True,10507,1,False,False,False,False,0.40000003576278687,1.0,0.8597674369812012,9,6251
1572,11,1,10,False,10469,263,True,True,True,True,0.0,0.0,0.019999980926513672,1,1325
1572,12,9,2,True,10507,1,False,False,False,False,0.4000000059604645,1.0,0.8411896824836731,10,1964
1572,13,1,10,False,3,1,True,False,False,False,0.9380832314491272,8.0,0.938296377658844,9,8974
1572,14,8,3,True,10507,1,False,False,False,False,0.2828426957130432,2.0,0.5685067772865295,10,9873
1572,15,1,10,False,10469,263,True,True,True,True,0.0,0.0,0.019999980926513672,1,7957
1572,16,6,5,True,10507,1,False,False,False,False,0.2828426957130432,2.0,0.6711184978485107,8,5793
1572,17,2,9,False,1,1,True,False,False,False,1.1135529279708862,9.0,1.1139119863510132,11,53
1572,18,3,8,False,1,1,True,False,False,False,1.0583006143569946,8.0,1.058867335319519,11,26
1572,19,7,4,True,10507,1,False,False,False,False,0.6928203105926514,3.0,0.7917070388793945,10,8039
1572,20,1,10,False,1,1,True,False,False,False,1.2649110555648804,10.0,1.2650691270828247,11,53
1572,21,10,1,True,10507,1,False,False,False,False,0.19999998807907104,1.0,0.8461678624153137,11,7246
1572,22,5,6,True,10507,1,False,False,False,False,0.4472135901451111,5.0,0.5882176756858826,10,2659
1572,23,1,10,False,26,1,True,False,False,False,0.4898979663848877,3.0,0.4903060495853424,4,7809
1572,24,9,2,True,10507,2,False,True,True,True,0.0,0.0,0.7400000095367432,9,9359
1572,25,7,4,True,10507,1,False,False,False,False,0.2828426957130432,2.0,0.5681548714637756,9,9873
1572,26,4,7,True,10507,4,False,True,True,True,0.0,0.0,0.22271056473255157,4,842
1572,27,8,3,True,10507,2,False,False,False,False,0.19999998807907104,1.0,0.6412488222122192,9,3318
1572,28,8,3,True,10507,1,False,False,False,False,0.5656854510307312,2.0,0.7177743315696716,10,8039
1572,29,2,9,False,2947,110,True,True,True,True,0.0,0.0,0.028284255415201187,2,6185
1572,30,1,10,False,1619,5,True,False,False,False,0.4472135901451111,2.0,0.4476605951786041,3,2736
1572,31,10,1,True,10507,1,False,True,True,True,0.0,0.0,0.7924644947052002,10,8039
9687,0,2,9,False,1,1,True,False,False,False,0.9165151715278625,7.0,0.9169515371322632,9,26
9687,1,7,4,True,10507,1,False,False,False,False,0.44721361994743347,2.0,0.6654321551322937,9,8039
9687,2,8,3,True,10507,1,False,False,False,False,0.19999998807907104,1.0,0.484974205493927,9,9359
9687,3,1,10,False,10419,1,True,True,True,True,0.0,0.0,0.019999980926513672,1,9687
9687,4,3,8,False,1,1,True,False,False,False,0.6928203701972961,6.0,0.6936858296394348,9,8039
9687,5,9,2,True,10507,1,False,False,False,False,0.4000000059604645,1.0,0.6352952122688293,10,8039
9687,6,9,2,True,10507,1,False,False,False,False,0.44721361994743347,2.0,0.6289674043655396,11,8039
9687,7,6,5,True,10507,1,False,False,False,False,0.19999998807907104,1.0,0.6019967198371887,7,9359
9687,8,8,3,True,10507,1,False,False,False,False,0.19999998807907104,1.0,0.5321654081344604,9,9873
9687,9,9,2,True,10507,1,False,False,False,False,0.19999998807907104,1.0,0.6415606141090393,10,9359
9687,10,4,7,True,10507,1,False,False,False,False,0.3464101552963257,3.0,0.4664761424064636,7,8974
9687,11,11,0,True,10507,1,False,,,,,,0.7927168607711792,11,8039
9687,12,9,2,True,10507,1,False,False,False,False,0.2828426957130432,2.0,0.5688585042953491,11,4065
9687,13,9,2,True,10507,1,False,False,False,False,0.2828427255153656,2.0,0.7820485830307007,11,8039
9687,14,6,5,True,10507,1,False,False,False,False,0.3464101552963257,3.0,0.5161395072937012,9,7264
9687,15,11,0,True,10507,1,False,,,,,,0.7927168607711792,11,8039
9687,16,5,6,True,10507,1,False,False,False,False,0.4000000059604645,4.0,0.5079370141029358,9,7264
9687,17,9,2,True,10507,1,False,False,False,False,0.20000001788139343,1.0,0.7871467471122742,10,8039
9687,18,9,2,True,10507,1,False,False,False,False,0.19999998807907104,1.0,0.532541036605835,10,4065
9687,19,6,5,True,10507,1,False,False,False,False,0.20000001788139343,1.0,0.5607138276100159,7,5057
9687,20,1,10,False,2983,1,True,True,True,True,0.0,0.0,0.019999995827674866,1,9687
9687,21,5,6,True,10507,1,False,False,False,False,0.34641018509864807,3.0,0.5157518982887268,8,5281
9687,22,6,5,True,10507,1,False,True,True,True,0.0,0.0,0.5678027868270874,6,5057
9687,23,11,0,True,10507,1,False,,,,,,0.7927168607711792,11,8039
9687,24,4,7,True,10507,1,False,False,False,False,0.2828426957130432,2.0,0.5946427583694458,6,7045
9687,25,8,3,True,10507,2,False,False,False,False,0.20000001788139343,1.0,0.6026607751846313,9,9359
9687,26,2,9,False,1619,1,True,False,False,False,0.4472135901451111,2.0,0.44810712337493896,4,2852
9687,27,7,4,True,10507,1,False,False,False,False,0.20000001788139343,1.0,0.6023288369178772,8,3318
9687,28,7,4,True,10507,2,False,False,False,False,0.20000001788139343,1.0,0.73403000831604,8,3318
9687,29,2,9,False,24,1,True,False,False,False,0.5291502475738525,7.0,0.5299056172370911,9,2238
9687,30,2,9,False,1619,1,True,False,False,False,0.4472135901451111,2.0,0.44810712337493896,4,2852
9687,31,8,3,True,10507,1,False,False,False,False,0.3464101552963257,3.0,0.5614267587661743,11,4065
5174,0,3,8,True,10507,1,False,False,False,False,0.44721361994743347,5.0,0.5451605319976807,8,5281
5174,1,8,3,True,10507,1,False,False,False,False,0.44721361994743347,2.0,0.6286493539810181,10,8039
5174,2,11,0,True,10507,1,False,,,,,,0.7927168607711792,11,8039
5174,3,2,9,False,2,1,True,False,False,False,0.800000011920929,7.0,0.8004998564720154,9,6251
5174,4,6,5,True,10507,1,False,False,False,False,0.2828427255153656,2.0,0.5953150987625122,8,3318
5174,5,9,2,True,10507,1,False,True,True,True,0.0,0.0,0.7068239450454712,9,8974
5174,6,5,6,True,10507,1,False,False,False,False,0.2828426957130432,2.0,0.5531727075576782,7,6029
5174,7,4,7,True,10507,2,False,False,False,False,0.2828426957130432,2.0,0.4749736785888672,6,6029
5174,8,6,5,True,10507,1,False,False,False,False,0.2828426957130432,2.0,0.5678027868270874,8,4065
5174,9,9,2,True,10507,1,False,False,False,False,0.19999998807907104,1.0,0.6415606141090393,10,9359
5174,10,4,7,True,10507,1,False,False,False,False,0.3464101552963257,3.0,0.5153639316558838,7,7045
5174,11,6,5,True,10507,1,False,False,False,False,0.2828426957130432,2.0,0.4758150577545166,8,5793
5174,12,10,1,True,10507,2,False,False,False,False,0.19999998807907104,1.0,0.7668116092681885,11,3318
5174,13,11,0,True,10507,1,False,,,,,,0.7927168607711792,11,8039
5174,14,10,1,True,10507,1,False,True,True,True,0.0,0.0,0.7924644947052002,10,8039
5174,15,11,0,True,10507,1,False,,,,,,0.7927168607711792,11,8039
5174,16,5,6,True,10507,1,False,False,False,False,0.3464101552963257,3.0,0.5157518982887268,8,3318
5174,17,3,8,True,10507,1,False,False,False,False,0.4000000059604645,4.0,0.5071489214897156,7,5935
5174,18,6,5,True,10507,1,False,False,False,False,0.3464101552963257,3.0,0.4673328399658203,9,3318
5174,19,9,2,True,10507,1,False,False,False,False,0.20000001788139343,1.0,0.7871467471122742,10,8039
5174,20,9,2,True,10507,1,False,False,False,False,0.19999998807907104,1.0,0.6779380440711975,10,1964
5174,21,4,7,True,10507,2,False,False,False,False,0.2828426957130432,2.0,0.42142611742019653,6,2953
5174,22,10,1,True,10507,1,False,True,True,True,0.0,0.0,0.7924644947052002,10,8039
5174,23,3,8,True,10507,1,False,False,False,False,0.2828426957130432,2.0,0.42095130681991577,5,4193
5174,24,6,5,True,10507,1,False,False,False,False,0.3464101552963257,3.0,0.5607138276100159,9,4771
5174,25,5,6,True,10507,1,False,False,False,False,0.2828426957130432,2.0,0.4219004213809967,7,696
5174,26,4,7,False,2,1,True,False,False,False,0.5291502475738525,4.0,0.5306599736213684,8,4142
5174,27,10,1,True,10507,2,False,True,True,True,0.0,0.0,0.7402702569961548,10,9359
5174,28,8,3,True,10507,1,False,False,False,False,0.2828427255153656,2.0,0.7610518932342529,10,3318
5174,29,1,10,False,26,1,True,False,False,False,0.5291502475738525,4.0,0.5295280814170837,5,4142
5174,30,11,0,True,10507,1,False,,,,,,0.7927168607711792,11,8039
5174,31,4,7,False,2,2,True,False,False,False,0.8944271802902222,6.0,0.8953211307525635,10,7500
9302,0,5,6,True,10507,6,False,True,True,True,0.0,0.0,0.5234501361846924,5,1961
9302,1,11,0,True,10507,1,False,,,,,,0.7927168607711792,11,8039
9302,2,10,1,True,10507,1,False,False,False,False,0.3999999761581421,1.0,0.6723094582557678,11,4065
9302,3,3,8,True,10507,2,False,False,False,False,0.2828426957130432,2.0,0.5524490475654602,5,2381
9302,4,11,0,True,10507,1,False,,,,,,0.7927168607711792,11,8039
9302,5,2,9,False,25,1,True,False,False,False,0.7745966911315918,6.0,0.7751129269599915,8,7928
9302,6,1,10,False,576,2,True,True,True,True,0.0,0.0,0.019999995827674866,1,7714
9302,7,11,0,True,10507,1,False,,,,,,0.7927168607711792,11,8039
9302,8,4,7,True,10507,1,False,True,True,True,0.0,0.0,0.6705222129821777,4,9665
9302,9,11,0,True,10507,1,False,,,,,,0.7927168607711792,11,8039
9302,10,1,10,False,1,1,True,False,False,False,1.3856406211853027,10.0,1.3857848644256592,11,53
9302,11,8,3,True,10507,1,False,True,True,True,0.0,0.0,0.6474565863609314,8,9927
9302,12,1,10,False,1,1,True,False,False,False,1.3856406211853027,10.0,1.3857848644256592,11,53
9302,13,10,1,True,10507,1,False,True,True,True,0.0,0.0,0.7402702569961548,10,8974
9302,14,7,4,True,10507,2,False,False,False,False,0.4472135901451111,2.0,0.7230491042137146,9,3318
9302,15,11,0,True,10507,1,False,,,,,,0.7927168607711792,11,8039
9302,16,5,6,True,10507,1,False,False,False,False,0.19999998807907104,1.0,0.48373544216156006,6,9677
9302,17,2,9,False,2,2,True,False,False,False,1.039230465888977,8.0,1.039615273475647,10,7500
9302,18,1,10,False,3,1,True,False,False,False,1.0198038816452026,7.0,1.0199999809265137,8,8974
9302,19,9,2,True,10507,1,False,False,False,False,0.2828426957130432,2.0,0.7922121286392212,11,5281
9302,20,11,0,True,10507,1,False,,,,,,0.7927168607711792,11,8039
9302,21,5,6,True,10507,1,False,False,False,False,0.3999999761581421,1.0,0.5079370141029358,6,5989
9302,22,8,3,True,10507,1,False,False,False,False,0.2828426957130432,2.0,0.7919596433639526,10,2659
9302,23,9,2,True,10507,1,False,False,False,False,0.19999998807907104,1.0,0.6779380440711975,10,5793
9302,24,7,4,True,10507,1,False,False,False,False,0.6324555277824402,4.0,0.7712327837944031,11,4842
9302,25,5,6,True,10507,1,False,True,True,True,0.0,0.0,0.6082762479782104,5,9927
9302,26,11,0,True,10507,1,False,,,,,,0.7927168607711792,11,8039
9302,27,5,6,True,10507,1,False,False,False,False,0.2828426957130432,2.0,0.4753945469856262,7,7237
9302,28,4,7,True,10507,1,False,True,True,True,0.0,0.0,0.22271056473255157,4,6315
9302,29,5,6,True,10507,1,False,True,True,True,0.0,0.0,0.3130495250225067,5,8273
9302,30,8,3,True,10507,2,False,False,False,False,0.19999998807907104,1.0,0.7343024015426636,9,6324
9302,31,3,8,True,10507,1,False,True,True,True,0.0,0.0,0.2218107283115387,3,6315
1665,0,7,4,True,10507,1,False,False,False,False,0.19999998807907104,1.0,0.73403000831604,8,5679
1665,1,4,7,True,10507,1,False,True,True,True,0.0,0.0,0.31240999698638916,4,676
1665,2,2,9,False,1,1,True,False,False,False,1.1135529279708862,9.0,1.1139119863510132,11,53
1665,3,2,9,False,1,1,True,False,False,False,1.1135529279708862,9.0,1.1139119863510132,11,53
1665,4,10,1,True,10507,1,False,False,False,False,0.19999998807907104,1.0,0.5761944055557251,11,4065
1665,5,10,1,True,10507,1,False,False,False,False,0.4000000059604645,1.0,0.6356099247932434,11,8039
1665,6,11,0,True,10507,1,False,,,,,,0.7927168607711792,11,8039
1665,7,7,4,True,10507,1,False,False,False,False,0.3464101552963257,3.0,0.7866384387016296,10,6854
1665,8,11,0,True,10507,1,False,,,,,,0.7927168607711792,11,8039
1665,9,6,5,True,10507,2,False,False,False,False,0.3464101552963257,3.0,0.6651315689086914,9,8029
1665,10,2,9,False,1619,5,True,False,False,False,0.4472135901451111,2.0,0.44810712337493896,4,4343
1665,11,8,3,True,10507,1,False,False,False,False,0.19999998807907104,1.0,0.6412487626075745,9,3318
1665,12,7,4,True,10507,1,False,False,False,False,0.3999999761581421,4.0,0.6346652507781982,11,4842
1665,13,11,0,True,10507,1,False,,,,,,0.7927168607711792,11,8039
1665,14,11,0,True,10507,1,False,,,,,,0.7927168607711792,11,8039
1665,15,9,2,True,10507,1,False,False,False,False,0.2828426957130432,2.0,0.8411896228790283,11,4842
1665,16,3,8,True,10507,1,False,False,False,False,0.3464101552963257,3.0,0.5149757266044617,6,8930
1665,17,2,9,False,7,1,True,False,False,False,0.6324555277824402,4.0,0.633087694644928,6,8842
1665,18,6,5,True,10507,1,False,False,False,False,0.2828426957130432,2.0,0.5238320231437683,8,3318
1665,19,3,8,False,3,1,True,False,False,False,0.4472135901451111,2.0,0.4485532343387604,5,418
1665,20,9,2,True,10507,2,False,True,True,True,0.0,0.0,0.7400000095367432,9,9359
1665,21,9,2,True,10507,2,False,False,False,False,0.19999998807907104,1.0,0.7665507793426514,10,3318
1665,22,10,1,True,10507,1,False,True,True,True,0.0,0.0,0.761577308177948,10,6251
1665,23,10,1,True,10507,2,False,True,True,True,0.0,0.0,0.7402702569961548,10,3318
1665,24,11,0,True,10507,1,False,,,,,,0.7927168607711792,11,8039
1665,25,5,6,True,10507,1,False,False,False,False,0.2828426957130432,2.0,0.6340346932411194,7,9938
1665,26,11,0,True,10507,1,False,,,,,,0.7927168607711792,11,8039
1665,27,4,7,True,10507,2,False,False,False,False,0.3464101552963257,3.0,0.5153639912605286,7,8029
1665,28,1,10,False,1,1,True,False,False,False,1.2649110555648804,10.0,1.2650691270828247,11,53
1665,29,5,6,True,10507,1,False,False,False,False,0.3464101552963257,3.0,0.515751838684082,8,6029
1665,30,9,2,True,10507,1,False,False,False,False,0.19999998807907104,1.0,0.8459314703941345,10,7246
1665,31,11,0,True,10507,1,False,,,,,,0.7927168607711792,11,8039
7407,0,2,9,False,2,1,True,False,False,False,0.7483314871788025,3.0,0.7488658428192139,5,9623
7407,1,8,3,True,10507,1,False,True,True,True,0.0,0.0,0.7919595837593079,8,2157
7407,2,3,8,False,1,1,True,False,False,False,1.0198038816452026,6.0,1.0203920602798462,9,6251
7407,3,8,3,True,10507,2,False,False,False,False,0.4472135901451111,2.0,0.8361818790435791,10,3318
7407,4,6,5,True,10507,1,False,False,False,False,0.2828426957130432,2.0,0.634350061416626,8,6854
7407,5,9,2,True,10507,1,False,False,False,False,0.19999998807907104,1.0,0.6415606141090393,10,9359
7407,6,1,10,False,576,7,True,False,False,False,0.19999998807907104,1.0,0.2009975016117096,2,5530
7407,7,3,8,True,10507,1,False,False,False,False,0.19999998807907104,1.0,0.4660472273826599,4,4142
7407,8,11,0,True,10507,1,False,,,,,,0.7927168607711792,11,8039
7407,9,1,10,False,2983,62,True,True,True,True,0.0,0.0,0.019999995827674866,1,1237
7407,10,1,10,False,5,1,True,False,False,False,1.0198038816452026,7.0,1.0199999809265137,8,8974
7407,11,11,0,True,10507,1,False,,,,,,0.7927168607711792,11,8039
7407,12,11,0,True,10507,1,False,,,,,,0.7927168607711792,11,8039
7407,13,9,2,True,10507,1,False,False,False,False,0.4000000059604645,1.0,0.8874682784080505,10,7246
7407,14,2,9,False,541,7,True,False,False,False,0.19999998807907104,1.0,0.20199008285999298,3,5446
7407,15,9,2,True,10507,1,False,False,False,False,0.4000000059604645,1.0,0.5963220596313477,10,8039
7407,16,9,2,True,10507,1,False,True,True,True,0.0,0.0,0.8219488859176636,9,7246
7407,17,8,3,True,10507,1,False,True,True,True,0.0,0.0,0.7610519528388977,8,5625
7407,18,2,9,False,25,1,True,False,False,False,0.800000011920929,5.0,0.8004998564720154,7,1159
7407,19,1,10,False,25,1,True,False,False,False,1.0,6.0,1.0002000331878662,7,1159
7407,20,3,8,True,10507,1,False,False,False,False,0.19999998807907104,1.0,0.4660472273826599,4,4142
7407,21,11,0,True,10507,1,False,,,,,,0.7927168607711792,11,8039
7407,22,11,0,True,10507,1,False,,,,,,0.7927168607711792,11,8039
7407,23,4,7,True,10507,1,False,False,False,False,0.3464101552963257,3.0,0.6881860494613647,7,2473
7407,24,10,1,True,10507,1,False,True,True,True,0.0,0.0,0.7924644947052002,10,8039
7407,25,4,7,True,10507,1,False,False,False,False,0.2828426957130432,2.0,0.35999998450279236,6,4134
7407,26,1,10,False,10419,203,True,True,True,True,0.0,0.0,0.019999980926513672,1,5365
7407,27,10,1,True,10507,1,False,False,False,False,0.3999999761581421,1.0,0.6723094582557678,11,4065
7407,28,11,0,True,10507,1,False,,,,,,0.7927168607711792,11,8039
7407,29,4,7,True,10507,1,False,False,False,False,0.19999998807907104,1.0,0.3709447383880615,5,1191
7407,30,5,6,True,10507,2,False,False,False,False,0.2828426957130432,2.0,0.5531726479530334,7,5357
7407,31,4,7,False,1,1,True,False,False,False,0.800000011920929,7.0,0.8009994029998779,11,53
4772,0,9,2,True,10507,1,False,True,True,True,0.0,0.0,0.7922121286392212,9,7246
4772,1,4,7,True,10507,1,False,False,False,False,0.2828427255153656,2.0,0.4749736785888672,6,2831
4772,2,2,9,False,1619,47,True,True,True,True,0.0,0.0,0.028284266591072083,2,3902
4772,3,3,8,True,10507,4,False,False,False,False,0.3464101552963257,3.0,0.41133928298950195,6,2661
4772,4,8,3,True,10507,1,False,False,False,False,0.19999998807907104,1.0,0.484974205493927,9,10472
4772,5,9,2,True,10507,1,False,False,False,False,0.20000001788139343,1.0,0.8170679211616516,10,7246
4772,6,6,5,True,10507,1,False,False,False,False,0.2828427255153656,2.0,0.5238320231437683,8,7246
4772,7,1,10,False,10419,74,True,True,True,True,0.0,0.0,0.019999980926513672,1,3199
4772,8,3,8,True,10507,4,False,True,True,True,0.0,0.0,0.2218107283115387,3,8890
4772,9,2,9,True,10507,5,False,False,False,False,0.2828426957130432,2.0,0.5067543983459473,4,6872
4772,10,11,0,True,10507,1,False,,,,,,0.7927168607711792,11,8039
4772,11,9,2,True,10507,1,False,False,False,False,0.20000001788139343,1.0,0.8170679211616516,10,7246
4772,12,3,8,False,510,4,True,False,False,False,0.2828426957130432,2.0,0.2849561274051666,5,4033
4772,13,5,6,True,10507,1,False,False,False,False,0.2828426957130432,2.0,0.5234500765800476,7,4284
4772,14,8,3,True,10507,1,False,True,True,True,0.0,0.0,0.7397297620773315,8,1964
4772,15,8,3,True,10507,1,False,False,False,False,0.20000001788139343,1.0,0.7868926525115967,9,2157
4772,16,10,1,True,10507,1,False,True,True,True,0.0,0.0,0.8221921920776367,10,7246
4772,17,9,2,True,10507,1,False,True,True,True,0.0,0.0,0.6477653980255127,9,1964
4772,18,4,7,True,10507,2,False,False,False,False,0.20000001788139343,1.0,0.601331889629364,5,1955
4772,19,11,0,True,10507,1,False,,,,,,0.7927168607711792,11,8039
4772,20,5,6,True,10507,7,False,False,False,False,0.20000001788139343,1.0,0.3714835047721863,6,9186
4772,21,5,6,True,10507,4,False,False,False,False,0.3464101552963257,3.0,0.41231057047843933,8,2661
4772,22,10,1,True,10507,2,False,False,False,False,0.19999998807907104,1.0,0.7668116688728333,11,9359
4772,23,1,10,False,26,3,True,False,False,False,0.20000001788139343,1.0,0.20099753141403198,2,7889
4772,24,1,10,False,53,8,True,False,False,False,0.20000001788139343,1.0,0.20099753141403198,2,8836
4772,25,3,8,True,10507,1,False,False,False,False,0.20000001788139343,1.0,0.3704051673412323,4,428
4772,26,1,10,False,576,4,True,False,False,False,0.2828426957130432,2.0,0.28354892134666443,3,8449
4772,27,7,4,True,10507,1,False,False,False,False,0.5291502475738525,4.0,0.6890573501586914,11,5793
4772,28,1,10,False,53,8,True,False,False,False,0.20000001788139343,1.0,0.20099753141403198,2,407
4772,29,5,6,True,10507,1,False,False,False,False,0.20000001788139343,1.0,0.5603570938110352,6,8278
4772,30,10,1,True,10507,1,False,False,False,False,0.20000001788139343,1.0,0.7874007821083069,11,8039
4772,31,11,0,True,10507,1,False,,,,,,0.7927168607711792,11,8039
7199,0,8,3,True,10507,1,False,False,False,False,0.4000000059604645,1.0,0.595986545085907,9,8039
7199,1,8,3,True,10507,1,False,False,False,False,0.4472135901451111,2.0,0.6657326817512512,10,4065
7199,2,10,1,True,10507,1,False,True,True,True,0.0,0.0,0.7924644947052002,10,8039
7199,3,1,10,False,1,1,True,False,False,False,1.4282857179641724,10.0,1.428425669670105,11,53
7199,4,8,3,True,10507,1,False,True,True,True,0.0,0.0,0.6092618703842163,8,9359
7199,5,7,4,True,10507,1,False,False,False,False,0.2828426957130432,2.0,0.634665310382843,9,3318
7199,6,9,2,True,10507,1,False,False,False,False,0.20000001788139343,1.0,0.4853864312171936,10,8039
7199,7,7,4,True,10507,1,False,False,False,False,0.2828426957130432,2.0,0.7607890963554382,9,2659
7199,8,8,3,True,10507,1,False,False,False,False,0.4000000059604645,1.0,0.8409518599510193,9,9927
7199,9,9,2,True,10507,2,False,False,False,False,0.19999998807907104,1.0,0.6415606141090393,10,9359
7199,10,7,4,True,10507,1,False,False,False,False,0.2828426957130432,2.0,0.5956509113311768,9,254
7199,11,6,5,True,10507,1,False,False,False,False,0.19999998807907104,1.0,0.4841487407684326,7,1964
7199,12,5,6,True,10507,1,False,False,False,False,0.3464101552963257,3.0,0.7224957346916199,8,1955
7199,13,6,5,True,10507,3,False,False,False,False,0.19999998807907104,1.0,0.6019967198371887,7,1948
7199,14,5,6,True,10507,1,False,False,False,False,0.3464101552963257,3.0,0.5882176756858826,8,254
7199,15,2,9,True,10507,1,False,False,False,False,0.19999998807907104,1.0,0.5145872235298157,3,7130
7199,16,4,7,True,10507,2,False,False,False,False,0.19999998807907104,1.0,0.43081316351890564,5,1023
7199,17,7,4,True,10507,1,False,False,False,False,0.19999998807907104,1.0,0.5317894220352173,8,1964
7199,18,1,10,False,1619,117,True,True,True,True,0.0,0.0,0.02000001072883606,1,5143
7199,19,1,10,False,10469,427,True,True,True,True,0.0,0.0,0.019999980926513672,1,8776
7199,20,2,9,False,2920,83,True,True,True,True,0.0,0.0,0.028284255415201187,2,6620
7199,21,4,7,True,10507,1,False,False,False,False,0.20000001788139343,1.0,0.430813193321228,5,1952
7199,22,4,7,True,10507,1,False,False,False,False,0.2828426957130432,2.0,0.42142611742019653,6,875
7199,23,8,3,True,10507,1,False,False,False,False,0.2828426957130432,2.0,0.7610518932342529,10,5281
7199,24,1,10,False,1,1,True,False,False,False,1.4282857179641724,10.0,1.428425669670105,11,53
7199,25,8,3,True,10507,1,False,False,False,False,0.19999998807907104,1.0,0.6776430010795593,9,1964
7199,26,7,4,True,10507,3,False,False,False,False,0.19999998807907104,1.0,0.561070442199707,8,8097
7199,27,8,3,True,10507,2,False,True,True,True,0.0,0.0,0.7397297024726868,8,9359
7199,28,7,4,True,10507,1,False,False,False,False,0.19999998807907104,1.0,0.561070442199707,8,5973
7199,29,5,6,True,10507,1,False,False,False,False,0.3999999761581421,4.0,0.5531726479530334,9,5281
7199,30,2,9,False,1,1,True,False,False,False,0.4472135901451111,2.0,0.44810712337493896,4,6315
7199,31,11,0,True,10507,1,False,,,,,,0.7927168607711792,11,8039
7464,0,5,6,True,10507,4,False,False,False,False,0.2828426957130432,2.0,0.5949790477752686,7,5655
7464,1,3,8,False,1,1,True,False,False,False,0.9999999403953552,8.0,1.00059974193573,11,53
7464,2,5,6,True,10507,1,False,False,False,False,0.44721361994743347,2.0,0.6884766221046448,7,8029
7464,3,3,8,False,2919,5,True,True,True,True,0.0,0.0,0.03464099019765854,3,6900
7464,4,4,7,True,10507,1,False,False,False,False,0.5291502475738525,4.0,0.7756288051605225,8,1949
7464,5,2,9,False,4,1,True,False,False,False,0.8485281467437744,6.0,0.8489995002746582,8,6251
7464,6,8,3,True,10507,1,False,False,False,False,0.2828426957130432,2.0,0.7065408825874329,10,1949
7464,7,5,6,True,10507,1,False,False,False,False,0.20000001788139343,1.0,0.5157518982887268,6,9513
7464,8,8,3,True,10507,1,False,False,False,False,0.4472135901451111,2.0,0.9095053672790527,10,7246
7464,9,10,1,True,10507,1,False,False,False,False,0.20000001788139343,1.0,0.7874007821083069,11,8039
7464,10,10,1,True,10507,1,False,False,False,False,0.19999998807907104,1.0,0.5761944055557251,11,4065
7464,11,10,1,True,10507,1,False,True,True,True,0.0,0.0,0.7924644947052002,10,8039
7464,12,6,5,True,10507,1,False,False,False,False,0.2828426957130432,2.0,0.5678027868270874,8,9927
7464,13,7,4,True,10507,1,False,False,False,False,0.4898979663848877,3.0,0.6948381066322327,10,4842
7464,14,4,7,True,10507,1,False,False,False,False,0.2828426957130432,2.0,0.4749736487865448,6,6078
7464,15,6,5,True,10507,1,False,True,True,True,0.0,0.0,0.6086049675941467,6,8029
7464,16,8,3,True,10507,1,False,False,False,False,0.3464101552963257,3.0,0.6026607155799866,11,4842
7464,17,6,5,True,10507,1,False,False,False,False,0.3464101552963257,3.0,0.7552483677864075,9,6854
7464,18,1,10,False,53,1,True,False,False,False,0.4898979663848877,3.0,0.4903060495853424,4,9623
7464,19,9,2,True,10507,2,False,False,False,False,0.19999998807907104,1.0,0.7665507793426514,10,3318
7464,20,9,2,True,10507,1,False,False,False,False,0.6000000238418579,1.0,0.7769169807434082,10,8039
7464,21,5,6,True,10507,1,False,True,True,True,0.0,0.0,0.670820415019989,5,8442
7464,22,10,1,True,10507,1,False,False,False,False,0.19999998807907104,1.0,0.5761944055557251,11,4065
7464,23,7,4,True,10507,1,False,True,True,True,0.0,0.0,0.7607890963554382,7,5625
7464,24,11,0,True,10507,1,False,,,,,,0.7927168607711792,11,8039
7464,25,10,1,True,10507,1,False,False,False,False,0.19999998807907104,1.0,0.8461678624153137,11,7246
7464,26,1,10,False,576,5,True,True,True,True,0.0,0.0,0.019999995827674866,1,7464
7464,27,9,2,True,10507,1,False,False,False,False,0.2828426957130432,2.0,0.7613146901130676,11,3318
7464,28,11,0,True,10507,1,False,,,,,,0.7927168607711792,11,8039
7464,29,4,7,True,10507,1,False,True,True,True,0.0,0.0,0.31240999698638916,4,8442
7464,30,7,4,True,10507,1,False,False,False,False,0.3464101552963257,3.0,0.5610703825950623,10,1964
7464,31,1,10,False,2983,5,True,True,True,True,0.0,0.0,0.019999995827674866,1,5421
7973,0,3,8,True,10507,1,False,False,False,False,0.2828426957130432,2.0,0.5943063497543335,5,1160
7973,1,8,3,True,10507,1,False,False,False,False,0.2828426957130432,2.0,0.6717142462730408,10,5057
7973,2,10,1,True,10507,1,False,True,True,True,0.0,0.0,0.7924644947052002,10,8039
7973,3,6,5,True,10507,1,False,False,False,False,0.4898979663848877,3.0,0.7172169089317322,9,3318
7973,4,4,7,True,10507,1,False,True,True,True,0.0,0.0,0.7600000500679016,4,5625
7973,5,8,3,True,10507,1,False,False,False,False,0.2828426957130432,2.0,0.5245950818061829,10,6251
7973,6,4,7,True,10507,1,False,False,False,False,0.3464101552963257,3.0,0.5153639316558838,7,5278
7973,7,10,1,True,10507,1,False,False,False,False,0.19999998807907104,1.0,0.5761944055557251,11,4065
7973,8,3,8,True,10507,1,False,False,False,False,0.2828426957130432,2.0,0.5943063497543335,5,676
7973,9,3,8,False,1,1,True,False,False,False,0.8944271802902222,6.0,0.8950977921485901,9,26
7973,10,5,6,True,10507,2,False,False,False,False,0.3464101552963257,3.0,0.5157518982887268,8,5280
7973,11,6,5,True,10507,6,False,False,False,False,0.19999998807907104,1.0,0.6019967198371887,7,3909
7973,12,7,4,True,10507,1,False,False,False,False,0.4472135901451111,2.0,0.7555131316184998,9,1964
7973,13,8,3,True,10507,1,False,False,False,False,0.20000000298023224,1.0,0.7662897706031799,9,1964
7973,14,1,10,False,53,1,True,False,False,False,0.4898979365825653,3.0,0.49030601978302,4,9623
7973,15,5,6,True,10507,1,False,False,False,False,0.4898979663848877,3.0,0.6587867736816406,8,4065
7973,16,9,2,True,10507,2,False,True,True,True,0.0,0.0,0.7400000095367432,9,9359
7973,17,3,8,True,10507,2,False,True,True,True,0.0,0.0,0.4745524525642395,3,4694
7973,18,8,3,True,10507,1,False,False,False,False,0.19999998807907104,1.0,0.5321654081344604,9,5793
7973,19,5,6,True,10507,1,False,False,False,False,0.6000000238418579,3.0,0.7443117499351501,8,4065
7973,20,2,9,False,23,3,True,False,False,False,0.8485281467437744,2.0,0.8489994406700134,4,721
7973,21,4,7,True,10507,1,False,False,False,False,0.3464101552963257,3.0,0.754718542098999,7,6854
7973,22,11,0,True,10507,1,False,,,,,,0.7927168607711792,11,8039
7973,23,2,9,False,1,1,True,False,False,False,1.0770329236984253,7.0,1.077404260635376,9,26
7973,24,4,7,True,10507,1,False,False,False,False,0.20000000298023224,1.0,0.3709447383880615,5,10202
7973,25,6,5,True,10507,1,False,False,False,False,0.4472135603427887,5.0,0.5885575413703918,11,4842
7973,26,8,3,True,10507,1,False,False,False,False,0.40000003576278687,1.0,0.7288347482681274,9,8974
7973,27,3,8,True,10507,1,False,False,False,False,0.4898979365825653,3.0,0.6206448674201965,6,9359
7973,28,8,3,True,10507,1,False,False,False,False,0.2828426957130432,2.0,0.634980320930481,10,9359
7973,29,8,3,True,10507,1,False,True,True,True,0.0,0.0,0.7714921236038208,8,1964
7973,30,1,10,False,10419,15,True,True,True,True,0.0,0.0,0.019999980926513672,1,7960
7973,31,5,6,True,10507,1,False,False,False,False,0.3464101552963257,3.0,0.5157518982887268,8,1964
930,0,5,6,True,10507,1,False,False,False,False,0.3999999761581421,1.0,0.5079370141029358,6,3284
930,1,2,9,False,1,1,True,False,False,False,1.2489995956420898,9.0,1.2493197917938232,11,53
930,2,6,5,True,10507,1,False,False,False,False,0.19999998807907104,1.0,0.531413197517395,7,1964
930,3,7,4,True,10507,1,False,False,False,False,0.4000000059604645,1.0,0.5956509709358215,8,2157
930,4,5,6,True,10507,4,False,False,False,False,0.19999998807907104,1.0,0.5157518982887268,6,35
930,5,7,4,True,10507,1,False,True,True,True,0.0,0.0,0.6089335083961487,7,9677
930,6,11,0,True,10507,1,False,,,,,,0.7927168607711792,11,8039
930,7,8,3,True,10507,1,False,False,False,False,0.4000000059604645,1.0,0.634980320930481,9,7246
930,8,3,8,True,10507,1,False,True,True,True,0.0,0.0,0.2218107283115387,3,8449
930,9,10,1,True,10507,1,False,True,True,True,0.0,0.0,0.4939635396003723,10,8039
930,10,2,9,False,1619,5,True,True,True,True,0.0,0.0,0.028284266591072083,2,9308
930,11,5,6,True,10507,3,False,False,False,False,0.19999998807907104,1.0,0.6403124332427979,6,1956
930,12,5,6,True,10507,3,False,False,False,False,0.19999998807907104,1.0,0.5603570342063904,6,3134
930,13,1,10,False,26,3,True,False,False,False,0.20000001788139343,1.0,0.20099753141403198,2,721
930,14,6,5,True,10507,3,False,False,False,False,0.2828426957130432,2.0,0.4758150577545166,8,5148
930,15,7,4,True,10507,1,False,False,False,False,0.2828426957130432,2.0,0.5242136716842651,9,3318
930,16,2,9,True,10507,5,False,False,False,False,0.20000001788139343,1.0,0.4656178951263428,3,10070
930,17,5,6,True,10507,1,False,False,False,False,0.19999998807907104,1.0,0.6016643643379211,6,9938
930,18,10,1,True,10507,2,False,False,False,False,0.19999998807907104,1.0,0.7668116688728333,11,9359
930,19,1,10,False,1,1,True,False,False,False,1.3856406211853027,10.0,1.3857848644256592,11,53
930,20,6,5,True,10507,1,False,False,False,False,0.2828426957130432,2.0,0.7282856702804565,8,5074
930,21,4,7,False,1,1,True,False,False,False,1.183215856552124,7.0,1.1838918924331665,11,26
930,22,6,5,True,10507,1,False,False,False,False,0.4000000059604645,1.0,0.6945502161979675,7,7584
930,23,5,6,True,10507,1,False,False,False,False,0.2828426957130432,2.0,0.6587868332862854,7,5625
930,24,8,3,True,10507,1,False,False,False,False,0.19999998807907104,1.0,0.7343024611473083,9,9359
930,25,8,3,True,10507,1,False,True,True,True,0.0,0.0,0.7397297024726868,8,1964
930,26,9,2,True,10507,2,False,False,False,False,0.19999998807907104,1.0,0.6415606141090393,10,9359
930,27,2,9,False,1,1,True,False,False,False,1.2489995956420898,9.0,1.2493197917938232,11,53
930,28,6,5,True,10507,1,False,False,False,False,0.2828426957130432,2.0,0.5678027868270874,8,5793
930,29,8,3,True,10507,1,False,True,True,True,0.0,0.0,0.7397297620773315,8,9938
930,30,7,4,True,10507,4,False,True,True,True,0.0,0.0,0.5681549310684204,7,5993
930,31,1,10,False,1,1,True,False,False,False,1.3856406211853027,10.0,1.3857848644256592,11,53
1097,0,11,0,True,10507,1,False,,,,,,0.7927168607711792,11,8039
1097,1,11,0,True,10507,1,False,,,,,,0.7927168607711792,11,8039
1097,2,8,3,True,10507,1,False,True,True,True,0.0,0.0,0.7919595837593079,8,8039
1097,3,10,1,True,10507,1,False,True,True,True,0.0,0.0,0.7720103859901428,10,1964
1097,4,8,3,True,10507,1,False,False,False,False,0.4000000059604645,1.0,0.595986545085907,9,8039
1097,5,7,4,True,10507,1,False,False,False,False,0.2828426957130432,2.0,0.6948381662368774,9,5625
1097,6,6,5,True,10507,1,False,False,False,False,0.44721361994743347,2.0,0.6887670755386353,8,9359
1097,7,1,10,False,5,1,True,False,False,False,1.058300495147705,9.0,1.058489441871643,10,8974
1097,8,2,9,False,7,1,True,False,False,False,0.19999998807907104,1.0,0.20199008285999298,3,8842
1097,9,5,6,True,10507,1,False,False,False,False,0.3464101552963257,3.0,0.6276941895484924,8,1955
1097,10,1,10,False,26,6,True,False,False,False,0.19999998807907104,1.0,0.2009975016117096,2,9108
1097,11,6,5,True,10507,1,False,False,False,False,0.2828427255153656,2.0,0.634350061416626,8,1952
1097,12,10,1,True,10507,2,False,True,True,True,0.0,0.0,0.7402702569961548,10,3318
1097,13,1,10,False,10419,117,True,True,True,True,0.0,0.0,0.019999980926513672,1,6682
1097,14,2,9,False,1,1,True,False,False,False,1.3711308240890503,9.0,1.371422529220581,11,53
1097,15,9,2,True,10507,1,False,True,True,True,0.0,0.0,0.7613146305084229,9,6251
1097,16,2,9,False,1,1,True,False,False,False,1.3711308240890503,9.0,1.371422529220581,11,53
1097,17,7,4,True,10507,1,False,False,False,False,0.4000000059604645,1.0,0.5956509113311768,8,8039
1097,18,1,10,False,26,6,True,False,False,False,0.19999998807907104,1.0,0.2009975016117096,2,10070
1097,19,10,1,True,10507,1,False,True,True,True,0.0,0.0,0.4939635396003723,10,8039
1097,20,9,2,True,10507,1,False,False,False,False,0.20000001788139343,1.0,0.4853864312171936,10,8039
1097,21,9,2,True,10507,1,False,False,False,False,0.4000000059604645,1.0,0.8316249251365662,10,6251
1097,22,8,3,True,10507,1,False,False,False,False,0.20000001788139343,1.0,0.8168231248855591,9,7246
1097,23,3,8,True,10507,2,False,True,True,True,0.0,0.0,0.42095133662223816,3,369
1097,24,11,0,True,10507,1,False,,,,,,0.7927168607711792,11,8039
1097,25,10,1,True,10507,2,False,False,False,False,0.19999998807907104,1.0,0.7668116092681885,11,3318
1097,26,11,0,True,10507,1,False,,,,,,0.7927168607711792,11,8039
1097,27,8,3,True,10507,1,False,False,False,False,0.2828426957130432,2.0,0.6349803805351257,10,9359
1097,28,11,0,True,10507,1,False,,,,,,0.7927168607711792,11,8039
1097,29,6,5,True,10507,1,False,False,False,False,0.3464101552963257,3.0,0.6651315689086914,9,3318
1097,30,8,3,True,10507,1,False,False,False,False,0.4472135901451111,2.0,0.7233256697654724,10,3318
1097,31,4,7,False,1,1,True,False,False,False,1.0770329236984253,7.0,1.077775478363037,11,53
234,0,1,10,False,10469,17,True,True,True,True,0.0,0.0,0.019999980926513672,1,6016
234,1,9,2,True,10507,1,False,True,True,True,0.0,0.0,0.6095900535583496,9,3318
234,2,6,5,True,10507,2,False,False,False,False,0.19999998807907104,1.0,0.601996660232544,7,8282
234,3,3,8,False,3,1,True,False,False,False,0.7483315467834473,8.0,0.7491328716278076,11,4842
234,4,4,7,True,10507,1,False,False,False,False,0.3464101552963257,3.0,0.46647611260414124,7,8064
234,5,5,6,True,10507,1,False,False,False,False,0.19999998807907104,1.0,0.48373544216156006,6,7264
234,6,2,9,False,2,1,True,False,False,False,0.8717797994613647,7.0,0.8722385168075562,9,6251
234,7,11,0,True,10507,1,False,,,,,,0.7927168607711792,11,8039
234,8,2,9,False,1,1,True,False,False,False,1.058300495147705,8.0,1.058678388595581,10,26
234,9,4,7,True,10507,1,False,False,False,False,0.2828426957130432,2.0,0.5946427583694458,6,7233
234,10,7,4,True,10507,1,False,False,False,False,0.19999998807907104,1.0,0.48456165194511414,8,3318
234,11,2,9,False,297,4,True,True,True,True,0.0,0.0,0.028284266591072083,2,12
234,12,7,4,True,10507,1,False,False,False,False,0.2828427255153656,2.0,0.5956509709358215,9,8974
234,13,9,2,True,10507,1,False,False,False,False,0.19999998807907104,1.0,0.5758472084999084,10,4065
234,14,9,2,True,10507,1,False,False,False,False,0.2828426957130432,2.0,0.5249761939048767,11,6251
234,15,4,7,True,10507,3,False,False,False,False,0.3464101552963257,3.0,0.46647611260414124,7,236
234,16,3,8,True,10507,1,False,False,False,False,0.40000003576278687,1.0,0.6581793427467346,4,7185
234,17,7,4,True,10507,1,False,False,False,False,0.19999998807907104,1.0,0.73403000831604,8,8974
234,18,3,8,False,2,1,True,False,False,False,0.4472135901451111,5.0,0.4485532343387604,8,8974
234,19,4,7,True,10507,1,False,False,False,False,0.19999998807907104,1.0,0.3709447383880615,5,5989
234,20,4,7,True,10507,3,False,False,False,False,0.2828426957130432,2.0,0.6939740777015686,6,5824
234,21,6,5,True,10507,1,False,True,True,True,0.0,0.0,0.760526180267334,6,5625
234,22,1,10,False,53,1,True,False,False,False,0.3999999761581421,4.0,0.4004996418952942,5,405
234,23,5,6,True,10507,1,False,False,False,False,0.19999998807907104,1.0,0.7334848642349243,6,6854
234,24,8,3,True,10507,1,False,False,False,False,0.19999998807907104,1.0,0.5321653485298157,9,8039
234,25,10,1,True,10507,1,False,True,True,True,0.0,0.0,0.7924644947052002,10,8039
234,26,2,9,False,2,1,True,False,False,False,0.6000000238418579,6.0,0.600666344165802,8,8974
234,27,10,1,True,10507,1,False,True,True,True,0.0,0.0,0.7924644947052002,10,8039
234,28,8,3,True,10507,3,False,False,False,False,0.20000001788139343,1.0,0.6026607751846313,9,3318
234,29,3,8,False,2,2,True,False,False,False,0.6928202509880066,6.0,0.69368577003479,9,7500
234,30,1,10,False,5,1,True,False,False,False,0.7483315467834473,6.0,0.7485987544059753,7,8974
234,31,4,7,False,1,1,True,False,False,False,0.8717798590660095,7.0,0.8726969957351685,11,26
3456,0,6,5,True,10507,1,False,False,False,False,0.4898979365825653,3.0,0.6590902805328369,9,4065
3456,1,5,6,True,10507,1,False,True,True,True,0.0,0.0,0.6708204746246338,5,490
3456,2,11,0,True,10507,1,False,,,,,,0.7927168607711792,11,8039
3456,3,1,10,False,5,1,True,False,False,False,0.8246211409568787,6.0,0.8248636722564697,7,8974
3456,4,8,3,True,10507,1,False,True,True,True,0.0,0.0,0.7919595837593079,8,2157
3456,5,1,10,False,576,2,True,False,False,False,0.19999998807907104,1.0,0.2009975016117096,2,8449
3456,6,6,5,True,10507,4,False,True,True,True,0.0,0.0,0.5238320827484131,6,9217
3456,7,1,10,False,2983,17,True,True,True,True,0.0,0.0,0.019999995827674866,1,8421
3456,8,3,8,True,10507,1,False,True,True,True,0.0,0.0,0.5226854085922241,3,9150
3456,9,6,5,True,10507,1,False,False,False,False,0.19999998807907104,1.0,0.37202146649360657,7,5973
3456,10,1,10,False,5,1,True,False,False,False,0.8246211409568787,6.0,0.8248636722564697,7,8974
3456,11,8,3,True,10507,1,False,False,False,False,0.2828426957130432,2.0,0.6717142462730408,10,3318
3456,12,2,9,True,10507,1,False,False,False,False,0.2828426957130432,2.0,0.42047592997550964,4,9677
3456,13,4,7,True,10507,1,False,False,False,False,0.2828427255153656,2.0,0.4749737083911896,6,10017
3456,14,10,1,True,10507,1,False,True,True,True,0.0,0.0,0.8221921920776367,10,7246
3456,15,4,7,True,10507,2,False,False,False,False,0.2828426957130432,2.0,0.5946427583694458,6,2363
3456,16,6,5,True,10507,1,False,False,False,False,0.2828426957130432,2.0,0.7282857298851013,8,9359
3456,17,10,1,True,10507,1,False,False,False,False,0.20000001788139343,1.0,0.7874007821083069,11,8039
3456,18,7,4,True,10507,1,False,True,True,True,0.0,0.0,0.7394593358039856,7,1964
3456,19,10,1,True,10507,1,False,False,False,False,0.3999999761581421,1.0,0.6723094582557678,11,4065
3456,20,4,7,True,10507,1,False,True,True,True,0.0,0.0,0.38157567381858826,4,8273
3456,21,5,6,True,10507,1,False,False,False,False,0.3464101552963257,3.0,0.5157518982887268,8,5057
3456,22,8,3,True,10507,1,False,False,False,False,0.19999998807907104,1.0,0.6776430010795593,9,5793
3456,23,3,8,False,7,1,True,False,False,False,0.3464101552963257,3.0,0.34813791513442993,6,423
3456,24,11,0,True,10507,1,False,,,,,,0.7927168607711792,11,8039
3456,25,3,8,True,10507,3,False,False,False,False,0.19999998807907104,1.0,0.5149757266044617,4,3718
3456,26,3,8,True,10507,1,False,True,True,True,0.0,0.0,0.4745524525642395,3,8273
3456,27,2,9,False,4,1,True,False,False,False,1.0198038816452026,9.0,1.0201960802078247,11,53
3456,28,11,0,True,10507,1,False,,,,,,0.7927168607711792,11,8039
3456,29,2,9,False,49,8,True,True,True,True,0.0,0.0,0.02828427590429783,2,409
3456,30,11,0,True,10507,1,False,,,,,,0.7927168607711792,11,8039
3456,31,5,6,True,10507,1,False,False,False,False,0.40000003576278687,4.0,0.5531727075576782,9,8039
1726,0,4,7,True,10507,1,False,False,False,False,0.2828426957130432,2.0,0.35999995470046997,6,5716
1726,1,3,8,True,10507,1,False,False,False,False,0.19999998807907104,1.0,0.5149757266044617,4,5823
1726,2,7,4,True,10507,1,False,False,False,False,0.4000000059604645,1.0,0.5538952946662903,8,10017
1726,3,7,4,True,10507,1,False,False,False,False,0.4000000059604645,1.0,0.8870174288749695,8,7246
1726,4,4,7,True,10507,1,False,True,True,True,0.0,0.0,0.22271056473255157,4,6315
1726,5,8,3,True,10507,1,False,False,False,False,0.2828426957130432,2.0,0.7919596433639526,10,5281
1726,6,7,4,True,10507,1,False,True,True,True,0.0,0.0,0.7062577605247498,7,9938
1726,7,9,2,True,10507,1,False,True,True,True,0.0,0.0,0.7717512845993042,9,9927
1726,8,3,8,True,10507,2,False,True,True,True,0.0,0.0,0.2218107283115387,3,3110
1726,9,11,0,True,10507,1,False,,,,,,0.7927168607711792,11,8039
1726,10,4,7,False,1,1,True,False,False,False,1.0198038816452026,6.0,1.0205880403518677,10,26
1726,11,1,10,False,53,2,True,False,False,False,0.20000001788139343,1.0,0.20099753141403198,2,369
1726,12,10,1,True,10507,1,False,False,False,False,0.19999998807907104,1.0,0.846167802810669,11,4842
1726,13,3,8,False,6,1,True,True,True,True,0.0,0.0,0.034641001373529434,3,405
1726,14,3,8,False,1,1,True,False,False,False,1.0954450368881226,8.0,1.0959926843643188,11,53
1726,15,2,9,False,7,1,True,True,True,True,0.0,0.0,0.028284266591072083,2,405
1726,16,8,3,True,10507,2,False,False,False,False,0.19999998807907104,1.0,0.6026607751846313,9,6324
1726,17,2,9,False,4,1,True,False,False,False,1.0198038816452026,6.0,1.0201960802078247,8,6251
1726,18,9,2,True,10507,1,False,True,True,True,0.0,0.0,0.8219488859176636,9,7246
1726,19,10,1,True,10507,1,False,True,True,True,0.0,0.0,0.8221921920776367,10,7246
1726,20,3,8,True,10507,1,False,False,False,False,0.19999998807907104,1.0,0.3704051673412323,4,875
1726,21,8,3,True,10507,1,False,False,False,False,0.19999998807907104,1.0,0.7343024611473083,9,9359
1726,22,1,10,False,25,1,True,False,False,False,0.9797959327697754,7.0,0.9800000190734863,8,7928
1726,23,7,4,True,10507,1,False,True,True,True,0.0,0.0,0.5681549310684204,7,8234
1726,24,11,0,True,10507,1,False,,,,,,0.7927168607711792,11,8039
1726,25,10,1,True,10507,1,False,True,True,True,0.0,0.0,0.761577308177948,10,6251
1726,26,1,10,False,1,1,True,False,False,False,1.3856406211853027,10.0,1.3857848644256592,11,53
1726,27,6,5,True,10507,2,False,False,False,False,0.19999998807907104,1.0,0.6651315689086914,7,5093
1726,28,7,4,True,10507,1,False,False,False,False,0.4000000059604645,1.0,0.8116649985313416,8,8029
1726,29,1,10,False,10469,465,True,True,True,True,0.0,0.0,0.019999980926513672,1,1714
1726,30,5,6,True,10507,2,False,False,False,False,0.19999998807907104,1.0,0.6648308634757996,6,7730
1726,31,10,1,True,10507,1,False,True,True,True,0.0,0.0,0.7924644947052002,10,8039
3321,0,2,9,False,52,1,True,False,False,False,0.20000001788139343,1.0,0.20199011266231537,3,10030
3321,1,10,1,True,10507,1,False,True,True,True,0.0,0.0,0.7924644947052002,10,8039
3321,2,9,2,True,10507,2,False,False,False,False,0.19999998807907104,1.0,0.7665507793426514,10,3318
3321,3,3,8,False,1,1,True,False,False,False,1.095445156097412,7.0,1.0959926843643188,10,26
3321,4,7,4,True,10507,1,False,False,False,False,0.2828426957130432,2.0,0.634665310382843,9,9359
3321,5,4,7,True,10507,1,False,False,False,False,0.2828426957130432,2.0,0.727736234664917,6,1955
3321,6,11,0,True,10507,1,False,,,,,,0.7927168607711792,11,8039
3321,7,10,1,True,10507,1,False,True,True,True,0.0,0.0,0.761577308177948,10,8039
3321,8,7,4,True,10507,1,False,False,False,False,0.2828426957130432,2.0,0.5681548714637756,9,8039
3321,9,9,2,True,10507,1,False,False,False,False,0.20000001788139343,1.0,0.8459314703941345,10,7246
3321,10,8,3,True,10507,1,False,True,True,True,0.0,0.0,0.7397297024726868,8,1949
3321,11,7,4,True,10507,1,False,False,False,False,0.3464101552963257,3.0,0.6283311247825623,10,5973
3321,12,3,8,True,10507,1,False,True,True,True,0.0,0.0,0.42095133662223816,3,10030
3321,13,11,0,True,10507,1,False,,,,,,0.7927168607711792,11,8039
3321,14,11,0,True,10507,1,False,,,,,,0.7927168607711792,11,8039
3321,15,6,5,True,10507,1,False,False,False,False,0.4898979663848877,3.0,0.6590902805328369,9,8039
3321,16,5,6,True,10507,2,False,False,False,False,0.19999998807907104,1.0,0.6403124332427979,6,3283
3321,17,5,6,True,10507,1,False,False,False,False,0.19999998807907104,1.0,0.5603570342063904,6,4257
3321,18,6,5,True,10507,1,False,False,False,False,0.4000000059604645,1.0,0.7282856702804565,7,1949
3321,19,8,3,True,10507,1,False,False,False,False,0.4472135901451111,2.0,0.6657326817512512,10,4065
3321,20,6,5,True,10507,2,False,False,False,False,0.2828426957130432,2.0,0.5953150391578674,8,8278
3321,21,3,8,True,10507,1,False,False,False,False,0.2828426957130432,2.0,0.552449107170105,5,4036
3321,22,10,1,True,10507,1,False,True,True,True,0.0,0.0,0.7924644947052002,10,8039
3321,23,1,10,False,26,3,True,False,False,False,0.3464101552963257,3.0,0.3469870388507843,4,9141
3321,24,5,6,True,10507,3,False,True,True,True,0.0,0.0,0.4219004511833191,5,3013
3321,25,11,0,True,10507,1,False,,,,,,0.7927168607711792,11,8039
3321,26,1,10,False,1619,2,True,True,True,True,0.0,0.0,0.02000001072883606,1,991
3321,27,3,8,False,2,2,True,False,False,False,0.9165151119232178,7.0,0.9171695709228516,10,7502
3321,28,10,1,True,10507,1,False,True,True,True,0.0,0.0,0.8221921920776367,10,7246
3321,29,1,10,False,26,3,True,False,False,False,0.3464101552963257,3.0,0.3469870388507843,4,8830
3321,30,6,5,True,10507,1,False,False,False,False,0.3464101552963257,3.0,0.6280127167701721,9,5278
3321,31,6,5,True,10507,1,False,True,True,True,0.0,0.0,0.7391887307167053,6,1949
8418,0,9,2,True,10507,1,False,False,False,False,0.3999999761581421,1.0,0.6720119118690491,10,4065
8418,1,3,8,False,1,1,True,False,False,False,0.7483315467834473,5.0,0.7491328716278076,8,8039
8418,2,9,2,True,10507,1,False,True,True,True,0.0,0.0,0.7068239450454712,9,8974
8418,3,7,4,True,10507,1,False,False,False,False,0.19999998807907104,1.0,0.5317894220352173,8,1964
8418,4,4,7,True,10507,6,False,False,False,False,0.2828426957130432,2.0,0.35999995470046997,6,35
8418,5,7,4,True,10507,1,False,False,False,False,0.3464101552963257,3.0,0.5610703825950623,10,5793
8418,6,8,3,True,10507,1,False,False,False,False,0.44721361994743347,2.0,0.5892367959022522,10,8039
8418,7,9,2,True,10507,1,False,True,True,True,0.0,0.0,0.49355846643447876,9,8039
8418,8,11,0,True,10507,1,False,,,,,,0.7927168607711792,11,8039
8418,9,9,2,True,10507,1,False,True,True,True,0.0,0.0,0.7922120690345764,9,8039
8418,10,3,8,True,10507,4,False,False,False,False,0.2828426957130432,2.0,0.552449107170105,5,6872
8418,11,2,9,True,10507,1,False,False,False,False,0.19999998807907104,1.0,0.4656178653240204,3,7233
8418,12,3,8,True,10507,2,False,False,False,False,0.20000001788139343,1.0,0.5149757266044617,4,6712
8418,13,9,2,True,10507,1,False,False,False,False,0.4000000059604645,1.0,0.5963220596313477,10,8039
8418,14,5,6,True,10507,2,False,False,False,False,0.3464101552963257,3.0,0.6276941895484924,8,5793
8418,15,3,8,True,10507,1,False,False,False,False,0.2828426957130432,2.0,0.5071489214897156,5,422
8418,16,1,10,False,576,7,True,False,False,False,0.2828426957130432,2.0,0.28354892134666443,3,35
8418,17,3,8,False,1,1,True,False,False,False,0.6324555277824402,2.0,0.6334035396575928,5,6315
8418,18,9,2,True,10507,1,False,False,False,False,0.3999999761581421,1.0,0.6720119118690491,10,4065
8418,19,6,5,True,10507,1,False,False,False,False,0.20000001788139343,1.0,0.4841487407684326,7,8039
8418,20,11,0,True,10507,1,False,,,,,,0.7927168607711792,11,8039
8418,21,8,3,True,10507,1,False,True,True,True,0.0,0.0,0.7714921236038208,8,1964
8418,22,8,3,True,10507,1,False,False,False,False,0.19999998807907104,1.0,0.7343024611473083,9,8974
8418,23,1,10,False,53,1,True,False,False,False,0.3464101552963257,3.0,0.3469870388507843,4,423
8418,24,11,0,True,10507,1,False,,,,,,0.7927168607711792,11,8039
8418,25,10,1,True,10507,1,False,True,True,True,0.0,0.0,0.7924644947052002,10,8039
8418,26,1,10,False,1,1,True,False,False,False,1.4142135381698608,10.0,1.414354920387268,11,53
8418,27,7,4,True,10507,1,False,False,False,False,0.2828427255153656,2.0,0.634665310382843,9,3318
8418,28,3,8,False,49,1,True,False,False,False,0.2828426957130432,2.0,0.284956157207489,5,423
8418,29,11,0,True,10507,1,False,,,,,,0.7927168607711792,11,8039
8418,30,4,7,True,10507,1,False,False,False,False,0.2828426957130432,2.0,0.5528110265731812,6,10202
8418,31,11,0,True,10507,1,False,,,,,,0.7927168607711792,11,8039
4322,0,11,0,True,10507,1,False,,,,,,0.7927168607711792,11,8039
4322,1,11,0,True,10507,1,False,,,,,,0.7927168607711792,11,8039
4322,2,11,0,True,10507,1,False,,,,,,0.7927168607711792,11,8039
4322,3,9,2,True,10507,1,False,True,True,True,0.0,0.0,0.49355849623680115,9,8039
4322,4,3,8,True,10507,5,False,False,False,False,0.20000001788139343,1.0,0.5596427321434021,4,4925
4322,5,5,6,True,10507,2,False,True,True,True,0.0,0.0,0.5234501361846924,5,5311
4322,6,1,10,False,25,1,True,False,False,False,1.0954450368881226,8.0,1.0956276655197144,9,7928
4322,7,11,0,True,10507,1,False,,,,,,0.7927168607711792,11,8039
4322,8,11,0,True,10507,1,False,,,,,,0.7927168607711792,11,8039
4322,9,2,9,False,2,1,True,False,False,False,1.3266499042510986,8.0,1.3269513845443726,10,26
4322,10,9,2,True,10507,1,False,False,False,False,0.4000000059604645,1.0,0.5963220596313477,10,8039
4322,11,1,10,False,53,2,True,True,True,True,0.0,0.0,0.019999995827674866,1,4245
4322,12,11,0,True,10507,1,False,,,,,,0.7927168607711792,11,8039
4322,13,3,8,True,10507,1,False,False,False,False,0.3464101552963257,3.0,0.5875372290611267,6,5823
4322,14,3,8,True,10507,1,False,False,False,False,0.3464101552963257,3.0,0.5451605319976807,6,422
4322,15,11,0,True,10507,1,False,,,,,,0.7927168607711792,11,8039
4322,16,9,2,True,10507,2,False,False,False,False,0.19999998807907104,1.0,0.7665507793426514,10,9359
4322,17,4,7,True,10507,1,False,False,False,False,0.3464101552963257,3.0,0.6273754835128784,7,1955
4322,18,5,6,True,10507,1,False,False,False,False,0.4472135901451111,5.0,0.6884766221046448,10,5281
4322,19,3,8,True,10507,5,False,False,False,False,0.2828426957130432,2.0,0.552449107170105,5,2343
4322,20,10,1,True,10507,1,False,True,True,True,0.0,0.0,0.7924644947052002,10,8039
4322,21,5,6,True,10507,1,False,False,False,False,0.19999998807907104,1.0,0.6016643643379211,6,2831
4322,22,10,1,True,10507,1,False,True,True,True,0.0,0.0,0.8221921920776367,10,7246
4322,23,1,10,False,5,1,True,False,False,False,1.058300495147705,9.0,1.058489441871643,10,8974
4322,24,1,10,False,3,1,True,False,False,False,1.058300495147705,9.0,1.058489441871643,10,8974
4322,25,2,9,False,541,2,True,False,False,False,0.2828426957130432,2.0,0.28425341844558716,4,7714
4322,26,7,4,True,10507,1,False,False,False,False,0.4898979663848877,3.0,0.5820652842521667,10,8039
4322,27,11,0,True,10507,1,False,,,,,,0.7927168607711792,11,8039
4322,28,1,10,False,26,6,True,False,False,False,0.19999998807907104,1.0,0.2009975016117096,2,7287
4322,29,1,10,False,10469,117,True,True,True,True,0.0,0.0,0.019999980926513672,1,6722
4322,30,9,2,True,10507,1,False,False,False,False,0.2828426957130432,2.0,0.8411896228790283,11,4842
4322,31,6,5,True,10507,1,False,False,False,False,0.4000000059604645,1.0,0.8309031128883362,7,10017
4203,0,11,0,True,10507,1,False,,,,,,0.7927168607711792,11,8039
4203,1,3,8,True,10507,1,False,False,False,False,0.19999998807907104,1.0,0.2986637055873871,4,2127
4203,2,9,2,True,10507,2,False,False,False,False,0.4472135901451111,2.0,0.836421012878418,11,3318
4203,3,11,0,True,10507,1,False,,,,,,0.7927168607711792,11,8039
4203,4,4,7,True,10507,1,False,False,False,False,0.2828426957130432,2.0,0.5075430870056152,6,405
4203,5,5,6,True,10507,1,False,False,False,False,0.4472135901451111,2.0,0.5882176756858826,7,7264
4203,6,2,9,False,1,1,True,False,False,False,1.1135529279708862,8.0,1.1139119863510132,10,26
4203,7,2,9,False,2,1,True,False,False,False,0.6000000238418579,3.0,0.600666344165802,5,9623
4203,8,9,2,True,10507,1,False,False,False,False,0.19999998807907104,1.0,0.532541036605835,10,8039
4203,9,4,7,True,10507,3,False,False,False,False,0.2828426957130432,2.0,0.5528109669685364,6,9534
4203,10,5,6,True,10507,1,False,False,False,False,0.2828426957130432,2.0,0.4219004213809967,7,5766
4203,11,3,8,True,10507,1,False,False,False,False,0.19999998807907104,1.0,0.4303486943244934,4,875
4203,12,1,10,False,26,1,True,False,False,False,0.4472135901451111,2.0,0.4476605951786041,3,7809
4203,13,11,0,True,10507,1,False,,,,,,0.7927168607711792,11,8039
4203,14,7,4,True,10507,1,False,False,False,False,0.2828426957130432,2.0,0.5956509113311768,9,8974
4203,15,7,4,True,10507,1,False,False,False,False,0.2828426957130432,2.0,0.634665310382843,9,10067
4203,16,11,0,True,10507,1,False,,,,,,0.7927168607711792,11,8039
4203,17,7,4,True,10507,1,False,False,False,False,0.19999998807907104,1.0,0.6023288369178772,8,6324
4203,18,2,9,False,49,1,True,False,False,False,0.19999998807907104,1.0,0.20199008285999298,3,10030
4203,19,7,4,True,10507,1,False,False,False,False,0.2828426957130432,2.0,0.47623521089553833,9,8974
4203,20,1,10,False,25,1,True,False,False,False,0.7211102843284607,7.0,0.7213875651359558,8,1159
4203,21,4,7,True,10507,1,False,False,False,False,0.2828426957130432,2.0,0.4749736785888672,6,6062
4203,22,5,6,True,10507,1,False,False,False,False,0.3999999761581421,4.0,0.6942622065544128,9,2659
4203,23,11,0,True,10507,1,False,,,,,,0.7927168607711792,11,8039
4203,24,6,5,True,10507,1,False,False,False,False,0.2828426957130432,2.0,0.5238320231437683,8,2301
4203,25,11,0,True,10507,1,False,,,,,,0.7927168607711792,11,8039
4203,26,8,3,True,10507,2,False,False,False,False,0.19999998807907104,1.0,0.6412488222122192,9,3318
4203,27,7,4,True,10507,1,False,False,False,False,0.19999998807907104,1.0,0.48456165194511414,8,7264
4203,28,4,7,True,10507,1,False,False,False,False,0.2828426957130432,2.0,0.4749736785888672,6,8542
4203,29,3,8,False,1,1,True,False,False,False,0.8246211409568787,6.0,0.825348436832428,9,8974
4203,30,5,6,True,10507,1,False,False,False,False,0.2828426957130432,2.0,0.4753945469856262,7,914
4203,31,7,4,True,10507,1,False,False,False,False,0.19999998807907104,1.0,0.6654322147369385,8,5625
10363,0,1,10,False,10419,89,True,True,True,True,0.0,0.0,0.019999980926513672,1,759
10363,1,3,8,False,25,3,True,False,False,False,0.20000001788139343,1.0,0.20297783613204956,4,10070
10363,2,1,10,False,3,1,True,False,False,False,0.9380831718444824,6.0,0.938296377658844,7,8974
10363,3,3,8,True,10507,1,False,True,True,True,0.0,0.0,0.6334035396575928,3,6925
10363,4,3,8,True,10507,2,False,True,True,True,0.0,0.0,0.5226854085922241,3,2121
10363,5,7,4,True,10507,1,False,False,False,False,0.3464101552963257,3.0,0.6654322147369385,10,6854
10363,6,6,5,True,10507,1,False,False,False,False,0.20000001788139343,1.0,0.4841487407684326,7,10017
10363,7,6,5,True,10507,1,False,False,False,False,0.6633248925209045,5.0,0.7002856135368347,11,53
10363,8,9,2,True,10507,2,False,False,False,False,0.19999998807907104,1.0,0.6415606141090393,10,9359
10363,9,4,7,True,10507,2,False,False,False,False,0.3464101552963257,3.0,0.7222188115119934,7,5655
10363,10,4,7,True,10507,1,False,False,False,False,0.19999998807907104,1.0,0.430813193321228,5,8234
10363,11,2,9,False,53,8,True,False,False,False,0.2828426957130432,2.0,0.28425341844558716,4,9712
10363,12,4,7,True,10507,1,False,False,False,False,0.4000000059604645,1.0,0.5075430870056152,5,7584
10363,13,1,10,False,26,3,True,False,False,False,0.20000001788139343,1.0,0.20099753141403198,2,721
10363,14,8,3,True,10507,1,False,False,False,False,0.44721361994743347,2.0,0.6286493539810181,10,8039
10363,15,8,3,True,10507,1,False,False,False,False,0.5656854510307312,2.0,0.6835203170776367,10,8039
10363,16,3,8,True,10507,1,False,False,False,False,0.2828426957130432,2.0,0.5943063497543335,5,1955
10363,17,8,3,True,10507,1,False,True,True,True,0.0,0.0,0.7919595837593079,8,7246
10363,18,7,4,True,10507,1,False,False,False,False,0.4000000059604645,1.0,0.5956509709358215,8,2157
10363,19,11,0,True,10507,1,False,,,,,,0.7927168607711792,11,8039
10363,20,8,3,True,10507,1,False,True,True,True,0.0,0.0,0.49315309524536133,8,7246
10363,21,2,9,False,23,3,True,True,True,True,0.0,0.0,0.02828427590429783,2,721
10363,22,2,9,False,2920,24,True,True,True,True,0.0,0.0,0.028284255415201187,2,9645
10363,23,8,3,True,10507,1,False,False,False,False,0.44721361994743347,2.0,0.9095053672790527,10,7246
10363,24,3,8,True,10507,2,False,False,False,False,0.19999998807907104,1.0,0.3704051673412323,4,9221
10363,25,7,4,True,10507,2,False,False,False,False,0.2828426957130432,2.0,0.8407140374183655,9,10058
10363,26,1,10,False,1619,53,True,True,True,True,0.0,0.0,0.02000001072883606,1,9118
10363,27,6,5,True,10507,1,False,True,True,True,0.0,0.0,0.5678027868270874,6,8273
10363,28,9,2,True,10507,1,False,False,False,False,0.19999998807907104,1.0,0.7345747351646423,10,9359
10363,29,4,7,True,10507,1,False,True,True,True,0.0,0.0,0.6337192058563232,4,9665
10363,30,1,10,False,5,1,True,False,False,False,0.9380831718444824,6.0,0.938296377658844,7,8974
10363,31,1,10,False,3,1,True,False,False,False,0.9380831718444824,6.0,0.938296377658844,7,8974
6872,0,3,8,False,7,1,True,False,False,False,0.6633249521255493,3.0,0.6642289161682129,6,4134
6872,1,5,6,True,10507,1,False,False,False,False,0.34641018509864807,3.0,0.5157518982887268,8,8039
6872,2,6,5,True,10507,1,False,False,False,False,0.19999998807907104,1.0,0.4317406117916107,7,1964
6872,3,7,4,True,10507,1,False,False,False,False,0.2828427255153656,2.0,0.4228474795818329,9,8039
6872,4,7,4,True,10507,1,False,True,True,True,0.0,0.0,0.7607890367507935,7,8039
6872,5,5,6,True,10507,1,False,False,False,False,0.34641018509864807,3.0,0.5603570342063904,8,8039
6872,6,9,2,True,10507,1,False,True,True,True,0.0,0.0,0.7400000095367432,9,9359
6872,7,7,4,True,10507,2,False,True,True,True,0.0,0.0,0.6089335083961487,7,3318
6872,8,3,8,True,10507,1,False,False,False,False,0.40000003576278687,4.0,0.5071489214897156,7,8039
6872,9,1,10,False,5,1,True,False,False,False,0.4472135901451111,5.0,0.44766056537628174,6,8974
6872,10,1,10,False,2983,2,True,True,True,True,0.0,0.0,0.019999995827674866,1,9507
6872,11,9,2,True,10507,1,False,False,False,False,0.20000001788139343,1.0,0.7871467471122742,10,8039
6872,12,7,4,True,10507,1,False,False,False,False,0.2828427255153656,2.0,0.5242136716842651,9,8039
6872,13,10,1,True,10507,2,False,True,True,True,0.0,0.0,0.7402702569961548,10,3318
6872,14,6,5,True,10507,1,False,False,False,False,0.20000001788139343,1.0,0.6651316285133362,7,9359
6872,15,8,3,True,10507,1,False,False,False,False,0.2828427255153656,2.0,0.4766550064086914,10,8039
6872,16,3,8,True,10507,1,False,False,False,False,0.20000001788139343,1.0,0.2986637353897095,4,9359
6872,17,7,4,True,10507,1,False,False,False,False,0.20000001788139343,1.0,0.7005712389945984,8,9359
6872,18,10,1,True,10507,2,False,True,True,True,0.0,0.0,0.7402702569961548,10,3318
6872,19,1,10,False,1,1,True,False,False,False,1.3416407108306885,10.0,1.341789722442627,11,53
6872,20,6,5,True,10507,1,False,False,False,False,0.4472135901451111,2.0,0.5885576009750366,8,4065
6872,21,2,9,False,2,1,True,False,False,False,0.4472135901451111,5.0,0.44810712337493896,7,8974
6872,22,9,2,True,10507,1,False,False,False,False,0.4472135901451111,2.0,0.6660330295562744,11,4065
6872,23,10,1,True,10507,1,False,False,False,False,0.20000001788139343,1.0,0.7668116092681885,11,3318
6872,24,9,2,True,10507,1,False,False,False,False,0.20000001788139343,1.0,0.4853864312171936,10,8039
6872,25,4,7,True,10507,1,False,False,False,False,0.2828427255153656,2.0,0.4214261770248413,6,8039
6872,26,1,10,False,10419,2,True,True,True,True,0.0,0.0,0.019999980926513672,1,6872
6872,27,1,10,False,2983,2,True,True,True,True,0.0,0.0,0.019999995827674866,1,6872
6872,28,6,5,True,10507,1,False,False,False,False,0.2828427255153656,2.0,0.475815087556839,8,8039
6872,29,9,2,True,10507,1,False,True,True,True,0.0,0.0,0.49355849623680115,9,8039
6872,30,5,6,True,10507,1,False,False,False,False,0.20000001788139343,1.0,0.37148353457450867,6,9359
6872,31,2,9,True,10507,1,False,False,False,False,0.40000003576278687,4.0,0.5067543983459473,6,8039
10306,0,1,10,False,2983,81,True,True,True,True,0.0,0.0,0.019999995827674866,1,4975
10306,1,6,5,True,10507,1,False,False,False,False,0.4472135901451111,2.0,0.722772479057312,8,1964
10306,2,5,6,True,10507,2,False,False,False,False,0.3999999761581421,4.0,0.6587867736816406,9,5054
10306,3,11,0,True,10507,1,False,,,,,,0.7927168607711792,11,8039
10306,4,3,8,True,10507,1,False,False,False,False,0.2828426957130432,2.0,0.5071489214897156,5,8293
10306,5,1,10,False,576,1,True,True,True,True,0.0,0.0,0.019999995827674866,1,7997
10306,6,11,0,True,10507,1,False,,,,,,0.7927168607711792,11,8039
10306,7,8,3,True,10507,1,False,False,False,False,0.19999998807907104,1.0,0.6776430010795593,9,1964
10306,8,3,8,True,10507,1,False,False,False,False,0.20000001788139343,1.0,0.6520736217498779,4,6315
10306,9,5,6,True,10507,1,False,False,False,False,0.3464101552963257,3.0,0.7224956750869751,8,10454
10306,10,9,2,True,10507,1,False,False,False,False,0.19999998807907104,1.0,0.6779380440711975,10,5793
10306,11,5,6,True,10507,1,False,False,False,False,0.19999998807907104,1.0,0.29999998211860657,6,4134
10306,12,10,1,True,10507,1,False,True,True,True,0.0,0.0,0.7402702569961548,10,3318
10306,13,7,4,True,10507,2,False,False,False,False,0.2828426957130432,2.0,0.8407140374183655,9,10058
10306,14,3,8,True,10507,1,False,True,True,True,0.0,0.0,0.31176915764808655,3,3129
10306,15,8,3,True,10507,1,False,False,False,False,0.4472135603427887,2.0,0.6286493539810181,10,1022
10306,16,4,7,True,10507,1,False,False,False,False,0.19999998807907104,1.0,0.48332181572914124,5,9677
10306,17,9,2,True,10507,1,False,True,True,True,0.0,0.0,0.7717512845993042,9,1964
10306,18,3,8,True,10507,4,False,True,True,True,0.0,0.0,0.31176915764808655,3,5008
10306,19,7,4,True,10507,1,False,True,True,True,0.0,0.0,0.6089335083961487,7,9677
10306,20,11,0,True,10507,1,False,,,,,,0.7927168607711792,11,8039
10306,21,2,9,False,2,1,True,False,False,False,1.1661903858184814,9.0,1.166533350944519,11,53
10306,22,9,2,True,10507,2,False,False,False,False,0.19999998807907104,1.0,0.7665507793426514,10,3318
10306,23,11,0,True,10507,1,False,,,,,,0.7927168607711792,11,8039
10306,24,1,10,False,1619,22,True,True,True,True,0.0,0.0,0.02000001072883606,1,1980
10306,25,7,4,True,10507,1,False,False,False,False,0.20000001788139343,1.0,0.5317894220352173,8,7246
10306,26,11,0,True,10507,1,False,,,,,,0.7927168607711792,11,8039
10306,27,1,10,False,1,1,True,False,False,False,1.3114876747131348,10.0,1.3116401433944702,11,53
10306,28,2,9,False,52,4,True,False,False,False,0.2828426957130432,2.0,0.28425338864326477,4,2656
10306,29,1,10,False,1,1,True,False,False,False,1.3114876747131348,10.0,1.3116401433944702,11,53
10306,30,8,3,True,10507,1,False,False,False,False,0.4472135901451111,2.0,0.6657326817512512,10,4065
10306,31,9,2,True,10507,1,False,False,False,False,0.19999998807907104,1.0,0.6415606141090393,10,9359
8111,0,2,9,True,10507,9,False,False,False,False,0.19999998807907104,1.0,0.5145872235298157,3,340
8111,1,3,8,False,2,1,True,False,False,False,1.1313707828521729,7.0,1.1319010257720947,10,26
8111,2,7,4,True,10507,1,False,True,True,True,0.0,0.0,0.6471476554870605,7,1952
8111,3,3,8,True,10507,1,False,False,False,False,0.4000000059604645,4.0,0.6206448674201965,7,6854
8111,4,9,2,True,10507,1,False,True,True,True,0.0,0.0,0.8219488859176636,9,7246
8111,5,1,10,False,576,3,True,False,False,False,0.44721361994743347,2.0,0.4476606249809265,3,8000
8111,6,6,5,True,10507,1,False,False,False,False,0.3464101552963257,3.0,0.786384105682373,9,2659
8111,7,4,7,True,10507,1,False,True,True,True,0.0,0.0,0.5230678915977478,4,5679
8111,8,7,4,True,10507,1,False,False,False,False,0.2828427255153656,2.0,0.634665310382843,9,9359
8111,9,3,8,True,10507,1,False,False,False,False,0.2828426957130432,2.0,0.3594440221786499,5,4369
8111,10,4,7,False,1,1,True,False,False,False,1.1661903858184814,7.0,1.1668760776519775,11,53
8111,11,6,5,True,10507,1,False,False,False,False,0.7211102843284607,2.0,0.7863841652870178,8,6251
8111,12,3,8,True,10507,1,False,True,True,True,0.0,0.0,0.31176915764808655,3,8542
8111,13,8,3,True,10507,2,False,False,False,False,0.19999998807907104,1.0,0.6412488222122192,9,9359
8111,14,4,7,True,10507,6,False,True,True,True,0.0,0.0,0.38157567381858826,4,1961
8111,15,5,6,True,10507,1,False,False,False,False,0.4000000059604645,1.0,0.6942622065544128,6,295
8111,16,4,7,True,10507,1,False,False,False,False,0.2828426957130432,2.0,0.727736234664917,6,1955
8111,17,7,4,True,10507,1,False,False,False,False,0.19999998807907104,1.0,0.6409368515014648,8,5280
8111,18,4,7,True,10507,2,False,False,False,False,0.4472135901451111,2.0,0.5455272793769836,6,9497
8111,19,3,8,False,2,1,True,False,False,False,0.7211102843284607,2.0,0.7219418883323669,5,9623
8111,20,10,1,True,10507,1,False,True,True,True,0.0,0.0,0.7924644947052002,10,8039
8111,21,6,5,True,10507,1,False,False,False,False,0.20000001788139343,1.0,0.7002856731414795,7,5679
8111,22,4,7,True,10507,2,False,False,False,False,0.2828426957130432,2.0,0.4749736785888672,6,8310
8111,23,6,5,True,10507,1,False,False,False,False,0.4000000059604645,1.0,0.5953150987625122,7,2157
8111,24,8,3,True,10507,1,False,False,False,False,0.3464101552963257,3.0,0.7868926525115967,11,5281
8111,25,5,6,True,10507,2,False,False,False,False,0.4472135901451111,2.0,0.5458937883377075,7,9497
8111,26,10,1,True,10507,1,False,True,True,True,0.0,0.0,0.8221921920776367,10,7246
8111,27,11,0,True,10507,1,False,,,,,,0.7927168607711792,11,8039
8111,28,4,7,True,10507,1,False,False,False,False,0.4472135901451111,2.0,0.6881860494613647,6,3318
8111,29,10,1,True,10507,1,False,False,False,False,0.19999998807907104,1.0,0.846167802810669,11,4842
8111,30,11,0,True,10507,1,False,,,,,,0.7927168607711792,11,8039
8111,31,8,3,True,10507,1,False,False,False,False,0.4472135901451111,2.0,0.7233256697654724,10,3318
5226,0,4,7,True,10507,2,False,False,False,False,0.19999998807907104,1.0,0.6645299196243286,5,7189
5226,1,8,3,True,10507,1,False,False,False,False,0.19999998807907104,1.0,0.6776430010795593,9,5793
5226,2,3,8,False,49,1,True,False,False,False,0.19999998807907104,1.0,0.20297782123088837,4,7594
5226,3,3,8,True,10507,1,False,True,True,True,0.0,0.0,0.31176915764808655,3,1191
5226,4,9,2,True,10507,1,False,True,True,True,0.0,0.0,0.7717512845993042,9,9927
5226,5,9,2,True,10507,1,False,False,False,False,0.4472135603427887,2.0,0.6289674043655396,11,6251
5226,6,2,9,True,10507,2,False,False,False,False,0.20000001788139343,1.0,0.5145872831344604,3,5823
5226,7,10,1,True,10507,1,False,True,True,True,0.0,0.0,0.4939635396003723,10,8039
5226,8,6,5,True,10507,1,False,False,False,False,0.2828426957130432,2.0,0.5238320231437683,8,9359
5226,9,1,10,False,10419,93,True,True,True,True,0.0,0.0,0.019999980926513672,1,4191
5226,10,11,0,True,10507,1,False,,,,,,0.7927168607711792,11,8039
5226,11,6,5,True,10507,1,False,True,True,True,0.0,0.0,0.6343501210212708,6,5641
5226,12,10,1,True,10507,1,False,False,False,False,0.3999999761581421,1.0,0.6723094582557678,11,4065
5226,13,7,4,True,10507,1,False,True,True,True,0.0,0.0,0.7394593358039856,7,9927
5226,14,5,6,True,10507,1,False,False,False,False,0.19999998807907104,1.0,0.43127715587615967,6,4146
5226,15,10,1,True,10507,1,False,False,False,False,0.3999999761581421,1.0,0.6723094582557678,11,4065
5226,16,7,4,True,10507,1,False,False,False,False,0.44721361994743347,2.0,0.6283311247825623,9,8039
5226,17,4,7,True,10507,3,False,False,False,False,0.19999998807907104,1.0,0.3709447383880615,5,2420
5226,18,1,10,False,1619,11,True,True,True,True,0.0,0.0,0.02000001072883606,1,2177
5226,19,3,8,True,10507,4,False,False,False,False,0.19999998807907104,1.0,0.4660472273826599,4,721
5226,20,6,5,True,10507,2,False,False,False,False,0.19999998807907104,1.0,0.7002857327461243,7,5655
5226,21,10,1,True,10507,2,False,True,True,True,0.0,0.0,0.7402702569961548,10,3318
5226,22,5,6,True,10507,2,False,False,False,False,0.19999998807907104,1.0,0.699999988079071,6,7189
5226,23,8,3,True,10507,1,False,False,False,False,0.3464101552963257,3.0,0.8361818194389343,11,4842
5226,24,2,9,False,297,6,True,False,False,False,0.19999998807907104,1.0,0.20199008285999298,3,12
5226,25,5,6,True,10507,2,False,False,False,False,0.2828426957130432,2.0,0.7280110120773315,7,5655
5226,26,8,3,True,10507,1,False,False,False,False,0.20000001788139343,1.0,0.5321654081344604,9,7246
5226,27,3,8,True,10507,1,False,True,True,True,0.0,0.0,0.31176915764808655,3,5257
5226,28,10,1,True,10507,1,False,True,True,True,0.0,0.0,0.7402702569961548,10,8974
5226,29,3,8,True,10507,3,False,False,False,False,0.19999998807907104,1.0,0.3704051673412323,4,6492
5226,30,8,3,True,10507,1,False,False,False,False,0.19999998807907104,1.0,0.6412488222122192,9,9359
5226,31,8,3,True,10507,1,False,False,False,False,0.19999998807907104,1.0,0.484974205493927,9,10472
5765,0,10,1,True,10507,1,False,False,False,False,0.4000000059604645,1.0,0.6356099247932434,11,8039
5765,1,7,4,True,10507,1,False,False,False,False,0.20000001788139343,1.0,0.7866383790969849,8,8039
5765,2,11,0,True,10507,1,False,,,,,,0.7927168607711792,11,8039
5765,3,8,3,True,10507,1,False,False,False,False,0.4000000059604645,1.0,0.634980320930481,9,4065
5765,4,7,4,True,10507,1,False,False,False,False,0.2828426957130432,2.0,0.634665310382843,9,3318
5765,5,10,1,True,10507,1,False,True,True,True,0.0,0.0,0.7402702569961548,10,8974
5765,6,1,10,False,576,14,True,False,False,False,0.19999998807907104,1.0,0.2009975016117096,2,5753
5765,7,3,8,True,10507,1,False,False,False,False,0.3464101552963257,3.0,0.4660471975803375,6,9359
5765,8,4,7,True,10507,1,False,False,False,False,0.2828427255153656,2.0,0.5946427583694458,6,3318
5765,9,9,2,True,10507,1,False,True,True,True,0.0,0.0,0.49355849623680115,9,4065
5765,10,4,7,True,10507,1,False,False,False,False,0.3464101552963257,3.0,0.4664761424064636,7,9359
5765,11,10,1,True,10507,1,False,False,False,False,0.4000000059604645,1.0,0.6356099247932434,11,8039
5765,12,2,9,True,10507,1,False,False,False,False,0.4000000059604645,4.0,0.5067543983459473,6,5935
5765,13,3,8,False,1,1,True,False,False,False,0.5656853914260864,5.0,0.5667451024055481,8,8974
5765,14,11,0,True,10507,1,False,,,,,,0.7927168607711792,11,8039
5765,15,1,10,False,26,1,True,False,False,False,0.6000000238418579,6.0,0.6003332734107971,7,7809
5765,16,10,1,True,10507,1,False,True,True,True,0.0,0.0,0.7924644947052002,10,8039
5765,17,2,9,False,2920,2,True,True,True,True,0.0,0.0,0.028284255415201187,2,5664
5765,18,1,10,False,2983,2,True,True,True,True,0.0,0.0,0.019999995827674866,1,5664
5765,19,4,7,True,10507,1,False,False,False,False,0.2828426957130432,2.0,0.5946427583694458,6,9359
5765,20,9,2,True,10507,1,False,True,True,True,0.0,0.0,0.5399999618530273,9,4065
5765,21,7,4,True,10507,1,False,False,False,False,0.2828426957130432,2.0,0.634665310382843,9,3318
5765,22,8,3,True,10507,1,False,False,False,False,0.2828426957130432,2.0,0.634980320930481,10,8974
5765,23,8,3,True,10507,1,False,False,False,False,0.20000001788139343,1.0,0.7662897706031799,9,3318
5765,24,10,1,True,10507,1,False,True,True,True,0.0,0.0,0.7402702569961548,10,8974
5765,25,6,5,True,10507,1,False,False,False,False,0.2828426957130432,2.0,0.5238320231437683,8,1022
5765,26,7,4,True,10507,1,False,False,False,False,0.44721361994743347,2.0,0.6283311247825623,9,8039
5765,27,2,9,True,10507,1,False,False,False,False,0.2828427255153656,2.0,0.3588871657848358,4,6029
5765,28,4,7,True,10507,1,False,False,False,False,0.4472135901451111,2.0,0.5455272793769836,6,5973
5765,29,10,1,True,10507,1,False,True,True,True,0.0,0.0,0.5403702259063721,10,4065
5765,30,10,1,True,10507,2,False,False,False,False,0.19999998807907104,1.0,0.7668116092681885,11,3318
5765,31,1,10,False,2983,2,True,True,True,True,0.0,0.0,0.019999995827674866,1,5765
1307,0,7,4,True,10507,1,False,False,False,False,0.20000001788139343,1.0,0.6409368515014648,8,1964
1307,1,7,4,True,10507,1,False,False,False,False,0.2828426957130432,2.0,0.6948381662368774,9,5625
1307,2,3,8,False,49,1,True,False,False,False,0.3464101552963257,3.0,0.34813791513442993,6,10030
1307,3,9,2,True,10507,2,False,False,False,False,0.2828426957130432,2.0,0.6720119118690491,11,9359
1307,4,4,7,True,10507,1,False,False,False,False,0.40000003576278687,1.0,0.6584831476211548,5,676
1307,5,4,7,True,10507,1,False,False,False,False,0.2828426957130432,2.0,0.727736234664917,6,7185
1307,6,6,5,True,10507,1,False,False,False,False,0.4898979663848877,3.0,0.7812809944152832,9,9927
1307,7,11,0,True,10507,1,False,,,,,,0.7927168607711792,11,8039
1307,8,6,5,True,10507,2,False,False,False,False,0.44721361994743347,2.0,0.8064738512039185,8,6324
1307,9,8,3,True,10507,1,False,False,False,False,0.4000000059604645,1.0,0.8409518599510193,9,1964
1307,10,11,0,True,10507,1,False,,,,,,0.7927168607711792,11,8039
1307,11,3,8,False,6,1,True,False,False,False,0.4898979663848877,3.0,0.49112117290496826,6,405
1307,12,5,6,True,10507,1,False,False,False,False,0.4472135901451111,5.0,0.6276941895484924,10,9873
1307,13,3,8,False,2,1,True,False,False,False,0.4898979663848877,3.0,0.49112117290496826,6,9623
1307,14,11,0,True,10507,1,False,,,,,,0.7927168607711792,11,8039
1307,15,2,9,True,10507,2,False,False,False,False,0.19999998807907104,1.0,0.5145872235298157,3,9384
1307,16,11,0,True,10507,1,False,,,,,,0.7927168607711792,11,8039
1307,17,10,1,True,10507,1,False,True,True,True,0.0,0.0,0.7720103859901428,10,1964
1307,18,7,4,True,10507,1,False,False,False,False,0.2828426957130432,2.0,0.5681549310684204,9,1952
1307,19,5,6,True,10507,1,False,False,False,False,0.3464101552963257,3.0,0.515751838684082,8,6029
1307,20,9,2,True,10507,1,False,False,False,False,0.19999998807907104,1.0,0.8459314703941345,10,7246
1307,21,1,10,False,10469,4,True,True,True,True,0.0,0.0,0.019999980926513672,1,1682
1307,22,2,9,False,1619,5,True,False,False,False,0.4898979663848877,3.0,0.49071377515792847,5,2736
1307,23,9,2,True,10507,1,False,False,False,False,0.19999998807907104,1.0,0.6415606141090393,10,8974
1307,24,10,1,True,10507,1,False,False,False,False,0.4000000059604645,1.0,0.6356099247932434,11,8039
1307,25,8,3,True,10507,1,False,False,False,False,0.20000001788139343,1.0,0.7662897706031799,9,5793
1307,26,7,4,True,10507,1,False,False,False,False,0.4898979663848877,3.0,0.7502000331878662,10,3318
1307,27,9,2,True,10507,1,False,True,True,True,0.0,0.0,0.7717512845993042,9,1964
1307,28,1,10,False,10419,4,True,True,True,True,0.0,0.0,0.019999980926513672,1,2560
1307,29,1,10,False,5,1,True,False,False,False,0.8485282063484192,6.0,0.8487638831138611,7,6251
1307,30,2,9,True,10507,1,False,False,False,False,0.3464101552963257,3.0,0.5447935461997986,5,5835
1307,31,2,9,True,10507,6,False,False,False,False,0.3464101552963257,3.0,0.4656178951263428,5,2116
6852,0,3,8,False,1,1,True,False,False,False,0.9591662883758545,6.0,0.9597917199134827,9,26
6852,1,9,2,True,10507,1,False,True,True,True,0.0,0.0,0.7613146305084229,9,6251
6852,2,1,10,False,53,1,True,False,False,False,0.44721361994743347,2.0,0.4476606249809265,3,9623
6852,3,2,9,False,1,1,True,False,False,False,0.9591663479804993,6.0,0.9595832824707031,8,26
6852,4,6,5,True,10507,1,False,False,False,False,0.44721361994743347,2.0,0.6280127167701721,8,4065
6852,5,2,9,False,1,1,True,False,False,False,1.4142135381698608,8.0,1.4144963026046753,10,53
6852,6,10,1,True,10507,2,False,False,False,False,0.19999998807907104,1.0,0.7668116092681885,11,3318
6852,7,5,6,True,10507,1,False,False,False,False,0.44721361994743347,2.0,0.6884766221046448,7,2301
6852,8,3,8,True,10507,1,False,False,False,False,0.4898979663848877,3.0,0.5806892514228821,6,5973
6852,9,11,0,True,10507,1,False,,,,,,0.7927168607711792,11,8039
6852,10,6,5,True,10507,1,False,False,False,False,0.4000000059604645,1.0,0.8014985918998718,7,6251
6852,11,3,8,False,1,1,True,False,False,False,1.399999976158142,7.0,1.4004285335540771,10,53
6852,12,9,2,True,10507,2,False,True,True,True,0.0,0.0,0.7400000095367432,9,3318
6852,13,3,8,True,10507,1,False,False,False,False,0.4472135901451111,2.0,0.6520736217498779,5,1017
6852,14,3,8,True,10507,2,False,False,False,False,0.3464101552963257,3.0,0.5875372886657715,6,4036
6852,15,9,2,True,10507,1,False,False,False,False,0.19999998807907104,1.0,0.5758471488952637,10,4842
6852,16,6,5,True,10507,2,False,False,False,False,0.44721361994743347,2.0,0.6887670755386353,8,6324
6852,17,8,3,True,10507,2,False,False,False,False,0.19999998807907104,1.0,0.7662898302078247,9,9359
6852,18,10,1,True,10507,1,False,True,True,True,0.0,0.0,0.7720103859901428,10,1964
6852,19,11,0,True,10507,1,False,,,,,,0.7927168607711792,11,8039
6852,20,6,5,True,10507,1,False,False,False,False,0.4472135901451111,2.0,0.722772479057312,8,3318
6852,21,6,5,True,10507,2,False,False,False,False,0.20000001788139343,1.0,0.5607138276100159,7,6324
6852,22,9,2,True,10507,2,False,False,False,False,0.4000000059604645,1.0,0.8121576905250549,10,3318
6852,23,4,7,True,10507,2,False,False,False,False,0.3464101552963257,3.0,0.6273755431175232,7,4036
6852,24,11,0,True,10507,1,False,,,,,,0.7927168607711792,11,8039
6852,25,1,10,False,3,1,True,False,False,False,0.9797959327697754,7.0,0.9800000190734863,8,26
6852,26,4,7,True,10507,1,False,False,False,False,0.19999998807907104,1.0,0.3709447383880615,5,676
6852,27,1,10,False,1,1,True,False,False,False,1.536229133605957,9.0,1.536359429359436,10,53
6852,28,10,1,True,10507,1,False,True,True,True,0.0,0.0,0.7924644947052002,10,8039
6852,29,1,10,False,26,1,True,False,False,False,0.6928203105926514,3.0,0.6931089758872986,4,4142
6852,30,2,9,True,10507,1,False,False,False,False,0.4898979663848877,3.0,0.5803447365760803,5,236
6852,31,11,0,True,10507,1,False,,,,,,0.7927168607711792,11,8039
4496,0,8,3,True,10507,1,False,False,False,False,0.4472135603427887,2.0,0.6286493539810181,10,6251
4496,1,11,0,True,10507,1,False,,,,,,0.7927168607711792,11,8039
4496,2,10,1,True,10507,1,False,True,True,True,0.0,0.0,0.4939635396003723,10,8039
4496,3,6,5,True,10507,1,False,False,False,False,0.2828426957130432,2.0,0.4758150577545166,8,9359
4496,4,11,0,True,10507,1,False,,,,,,0.7927168607711792,11,8039
4496,5,6,5,True,10507,1,False,False,False,False,0.19999998807907104,1.0,0.4841487407684326,7,8234
4496,6,6,5,True,10507,1,False,False,False,False,0.19999998807907104,1.0,0.7337574362754822,7,2595
4496,7,1,10,False,3,1,True,False,False,False,0.8485282063484192,7.0,0.8487638831138611,8,8974
4496,8,3,8,False,245,6,True,False,False,False,0.19999998807907104,1.0,0.20297782123088837,4,3531
4496,9,1,10,False,1619,11,True,True,True,True,0.0,0.0,0.02000001072883606,1,749
4496,10,9,2,True,10507,1,False,True,True,True,0.0,0.0,0.6095900535583496,9,3318
4496,11,5,6,True,10507,1,False,False,False,False,0.19999998807907104,1.0,0.6016643643379211,6,2595
4496,12,3,8,False,1,1,True,False,False,False,1.1313707828521729,7.0,1.1319010257720947,10,26
4496,13,4,7,True,10507,2,False,True,True,True,0.0,0.0,0.5230678915977478,4,2121
4496,14,10,1,True,10507,1,False,True,True,True,0.0,0.0,0.4939635396003723,10,8039
4496,15,1,10,False,1,1,True,False,False,False,1.2328827381134033,10.0,1.233044981956482,11,53
4496,16,4,7,True,10507,1,False,False,False,False,0.4898979663848877,3.0,0.5810335278511047,7,8029
4496,17,10,1,True,10507,2,False,False,False,False,0.19999998807907104,1.0,0.7668116092681885,11,3318
4496,18,1,10,False,1619,11,True,True,True,True,0.0,0.0,0.02000001072883606,1,9409
4496,19,7,4,True,10507,1,False,False,False,False,0.44721361994743347,2.0,0.8067218065261841,9,8029
4496,20,8,3,True,10507,1,False,False,False,False,0.19999998807907104,1.0,0.8456950187683105,9,6854
4496,21,9,2,True,10507,2,False,False,False,False,0.4472135901451111,2.0,0.836421012878418,11,9359
4496,22,7,4,True,10507,1,False,False,False,False,0.44721361994743347,2.0,0.6283311247825623,9,7246
4496,23,5,6,False,1,1,True,False,False,False,0.8485281467437744,6.0,0.8497058749198914,11,6251
4496,24,1,10,False,3,1,True,False,False,False,0.8485282063484192,7.0,0.8487638831138611,8,8974
4496,25,2,9,False,1,1,True,False,False,False,1.2000000476837158,8.0,1.2003332376480103,10,26
4496,26,10,1,True,10507,1,False,False,False,False,0.3999999761581421,1.0,0.6723094582557678,11,4065
4496,27,6,5,True,10507,1,False,False,False,False,0.20000001788139343,1.0,0.6406247019767761,7,9927
4496,28,4,7,True,10507,1,False,False,False,False,0.19999998807907104,1.0,0.466476172208786,5,422
4496,29,5,6,True,10507,1,False,False,False,False,0.2828426957130432,2.0,0.4753945469856262,7,5281
4496,30,4,7,False,1,1,True,False,False,False,1.1313707828521729,7.0,1.132077693939209,11,26
4496,31,11,0,True,10507,1,False,,,,,,0.7927168607711792,11,8039
3039,0,3,8,True,10507,1,False,True,True,True,0.0,0.0,0.4745524227619171,3,9513
3039,1,9,2,True,10507,1,False,True,True,True,0.0,0.0,0.7613146305084229,9,8039
3039,2,8,3,True,10507,1,False,True,True,True,0.0,0.0,0.5396294593811035,8,4065
3039,3,9,2,True,10507,2,False,False,False,False,0.2828426957130432,2.0,0.7613146901130676,11,3318
3039,4,9,2,True,10507,2,False,False,False,False,0.19999998807907104,1.0,0.7665507793426514,10,9359
3039,5,9,2,True,10507,1,False,False,False,False,0.19999998807907104,1.0,0.8459314107894897,10,4842
3039,6,3,8,True,10507,2,False,False,False,False,0.4472135901451111,5.0,0.5875372290611267,8,4842
3039,7,6,5,True,10507,1,False,False,False,False,0.2828426957130432,2.0,0.7282856702804565,8,3318
3039,8,7,4,True,10507,1,False,False,False,False,0.4000000059604645,1.0,0.6346652507781982,8,4065
3039,9,4,7,True,10507,3,False,False,False,False,0.19999998807907104,1.0,0.3709447383880615,5,9819
3039,10,11,0,True,10507,1,False,,,,,,0.7927168607711792,11,8039
3039,11,5,6,True,10507,1,False,False,False,False,0.19999998807907104,1.0,0.6648308038711548,6,5625
3039,12,1,10,False,576,13,True,True,True,True,0.0,0.0,0.019999995827674866,1,10091
3039,13,9,2,True,10507,1,False,False,False,False,0.19999998807907104,1.0,0.7345747351646423,10,9359
3039,14,9,2,True,10507,1,False,False,False,False,0.6000000238418579,1.0,0.7769169807434082,10,8039
3039,15,9,2,True,10507,2,False,False,False,False,0.19999998807907104,1.0,0.6415606141090393,10,9359
3039,16,5,6,True,10507,1,False,False,False,False,0.2828426957130432,2.0,0.7602631449699402,7,6854
3039,17,1,10,False,25,2,True,False,False,False,0.3999999761581421,4.0,0.4004996716976166,5,1159
3039,18,7,4,True,10507,1,False,False,False,False,0.44721361994743347,2.0,0.8067218065261841,9,3318
3039,19,4,7,True,10507,1,False,False,False,False,0.20000001788139343,1.0,0.6645299792289734,5,5625
3039,20,5,6,True,10507,1,False,False,False,False,0.2828426957130432,2.0,0.4753945469856262,7,3318
3039,21,2,9,False,3,1,True,False,False,False,0.7745966911315918,6.0,0.7751129865646362,8,8974
3039,22,4,7,True,10507,1,False,False,False,False,0.4472135901451111,2.0,0.7222188711166382,6,9359
3039,23,7,4,True,10507,1,False,False,False,False,0.3464101552963257,3.0,0.6654322147369385,10,5278
3039,24,8,3,True,10507,1,False,False,False,False,0.20000001788139343,1.0,0.7868927121162415,9,5625
3039,25,5,6,True,10507,1,False,False,False,False,0.44721361994743347,2.0,0.5458937883377075,7,6251
3039,26,5,6,True,10507,1,False,False,False,False,0.2828426957130432,2.0,0.5949790477752686,7,3318
3039,27,11,0,True,10507,1,False,,,,,,0.7927168607711792,11,8039
3039,28,5,6,True,10507,2,False,True,True,True,0.0,0.0,0.4219004809856415,5,9623
3039,29,3,8,True,10507,1,False,True,True,True,0.0,0.0,0.31176915764808655,3,5989
3039,30,7,4,True,10507,1,False,False,False,False,0.4000000059604645,4.0,0.7815369963645935,11,6854
3039,31,5,6,True,10507,4,False,False,False,False,0.19999998807907104,1.0,0.5603570342063904,6,4193
9502,0,2,9,False,23,3,True,False,False,False,0.6324555277824402,2.0,0.633087694644928,4,721
9502,1,11,0,True,10507,1,False,,,,,,0.7927168607711792,11,8039
9502,2,11,0,True,10507,1,False,,,,,,0.7927168607711792,11,8039
9502,3,2,9,False,2,1,True,False,False,False,0.8485281467437744,6.0,0.8489995002746582,8,6251
9502,4,10,1,True,10507,1,False,True,True,True,0.0,0.0,0.7402702569961548,10,8974
9502,5,8,3,True,10507,1,False,False,False,False,0.19999998807907104,1.0,0.484974205493927,9,8974
9502,6,1,10,False,1619,4,True,False,False,False,0.19999998807907104,1.0,0.2009975016117096,2,7070
9502,7,6,5,True,10507,1,False,False,False,False,0.19999998807907104,1.0,0.5607138276100159,7,7358
9502,8,11,0,True,10507,1,False,,,,,,0.7927168607711792,11,8039
9502,9,8,3,True,10507,1,False,True,True,True,0.0,0.0,0.6474565863609314,8,1964
9502,10,7,4,True,10507,1,False,False,False,False,0.2828426957130432,2.0,0.5242136716842651,9,9359
9502,11,3,8,True,10507,2,False,True,True,True,0.0,0.0,0.5226854085922241,3,7231
9502,12,3,8,False,23,3,True,False,False,False,0.6324555277824402,2.0,0.6334035396575928,5,10070
9502,13,5,6,True,10507,1,False,True,True,True,0.0,0.0,0.5234501361846924,5,9513
9502,14,6,5,True,10507,1,False,False,False,False,0.4472135901451111,2.0,0.722772479057312,8,9359
9502,15,6,5,True,10507,1,False,True,True,True,0.0,0.0,0.5238320827484131,6,9513
9502,16,1,10,False,576,7,True,True,True,True,0.0,0.0,0.019999995827674866,1,9861
9502,17,10,1,True,10507,2,False,True,True,True,0.0,0.0,0.7402702569961548,10,3318
9502,18,2,9,False,1,1,True,False,False,False,1.3564660549163818,9.0,1.356760859489441,11,53
9502,19,3,8,False,1,1,True,False,False,False,1.039230465888977,7.0,1.039807677268982,10,26
9502,20,9,2,True,10507,1,False,False,False,False,0.19999998807907104,1.0,0.6415606141090393,10,9359
9502,21,6,5,True,10507,6,False,True,True,True,0.0,0.0,0.5678027868270874,6,3898
9502,22,3,8,True,10507,6,False,False,False,False,0.3464101552963257,3.0,0.5451605319976807,6,5397
9502,23,1,10,False,10419,45,True,True,True,True,0.0,0.0,0.019999980926513672,1,8498
9502,24,4,7,True,10507,7,False,False,False,False,0.3464101552963257,3.0,0.6881860494613647,7,6912
9502,25,1,10,False,2983,45,True,True,True,True,0.0,0.0,0.019999995827674866,1,3204
9502,26,6,5,True,10507,1,False,False,False,False,0.6000000238418579,3.0,0.7116178870201111,9,8039
9502,27,9,2,True,10507,1,False,True,True,True,0.0,0.0,0.7717512845993042,9,1964
9502,28,11,0,True,10507,1,False,,,,,,0.7927168607711792,11,8039
9502,29,7,4,True,10507,1,False,False,False,False,0.4000000059604645,1.0,0.7285602688789368,8,1964
9502,30,10,1,True,10507,1,False,False,False,False,0.19999998807907104,1.0,0.5329164862632751,11,8039
9502,31,10,1,True,10507,1,False,True,True,True,0.0,0.0,0.7720103859901428,10,1964
2914,0,3,8,True,10507,1,False,False,False,False,0.3464101552963257,3.0,0.6270565986633301,6,7185
2914,1,8,3,True,10507,1,False,False,False,False,0.4000000059604645,1.0,0.634980320930481,9,7246
2914,2,4,7,True,10507,1,False,False,False,False,0.2828426957130432,2.0,0.5528110265731812,6,7412
2914,3,5,6,True,10507,4,False,True,True,True,0.0,0.0,0.4753945767879486,5,2223
2914,4,6,5,True,10507,1,False,False,False,False,0.4000000059604645,1.0,0.8114185333251953,7,1949
2914,5,9,2,True,10507,1,False,False,False,False,0.4472135901451111,2.0,0.6660330295562744,11,4065
2914,6,7,4,True,10507,1,False,True,True,True,0.0,0.0,0.8214621543884277,7,2659
2914,7,9,2,True,10507,1,False,False,False,False,0.19999998807907104,1.0,0.6415606141090393,10,8974
2914,8,2,9,False,2,1,True,True,True,True,0.0,0.0,0.028284266591072083,2,4142
2914,9,8,3,True,10507,1,False,True,True,True,0.0,0.0,0.6474565863609314,8,1964
2914,10,6,5,True,10507,1,False,False,False,False,0.19999998807907104,1.0,0.5607138276100159,7,8931
2914,11,9,2,True,10507,1,False,True,True,True,0.0,0.0,0.6095900535583496,9,3318
2914,12,3,8,True,10507,1,False,False,False,False,0.19999998807907104,1.0,0.5149757266044617,4,5074
2914,13,7,4,True,10507,1,False,False,False,False,0.19999998807907104,1.0,0.6023288369178772,8,9359
2914,14,11,0,True,10507,1,False,,,,,,0.7927168607711792,11,8039
2914,15,8,3,True,10507,1,False,True,True,True,0.0,0.0,0.6092618703842163,8,3318
2914,16,2,9,False,1,1,True,False,False,False,1.2489995956420898,9.0,1.2493197917938232,11,53
2914,17,10,1,True,10507,2,False,False,False,False,0.19999998807907104,1.0,0.7668116092681885,11,3318
2914,18,6,5,True,10507,1,False,True,True,True,0.0,0.0,0.6468384861946106,6,1952
2914,19,6,5,True,10507,2,False,False,False,False,0.20000001788139343,1.0,0.5607138276100159,7,6056
2914,20,8,3,True,10507,1,False,False,False,False,0.44721361994743347,2.0,0.5892367959022522,10,8039
2914,21,6,5,True,10507,1,False,True,True,True,0.0,0.0,0.4923413395881653,6,9927
2914,22,5,6,True,10507,1,False,False,False,False,0.3464101552963257,3.0,0.6884766221046448,8,422
2914,23,10,1,True,10507,1,False,True,True,True,0.0,0.0,0.4939635396003723,10,8039
2914,24,10,1,True,10507,1,False,True,True,True,0.0,0.0,0.7402702569961548,10,8974
2914,25,5,6,True,10507,1,False,False,False,False,0.2828426957130432,2.0,0.5531727075576782,7,7412
2914,26,3,8,False,6,1,True,False,False,False,0.19999998807907104,1.0,0.20297782123088837,4,405
2914,27,4,7,False,3,2,True,False,False,False,0.2828426957130432,2.0,0.2856571078300476,6,418
2914,28,6,5,True,10507,1,False,False,False,False,0.20000001788139343,1.0,0.4317406713962555,7,10017
2914,29,11,0,True,10507,1,False,,,,,,0.7927168607711792,11,8039
2914,30,2,9,True,10507,4,False,True,True,True,0.0,0.0,0.3111270070075989,2,5015
2914,31,4,7,True,10507,1,False,False,False,False,0.3464101552963257,3.0,0.5455272793769836,7,422
8862,0,8,3,True,10507,1,False,False,False,False,0.4000000059604645,1.0,0.8409518599510193,9,9927
8862,1,2,9,False,1,1,True,False,False,False,1.4422204494476318,9.0,1.4424978494644165,11,53
8862,2,11,0,True,10507,1,False,,,,,,0.7927168607711792,11,8039
8862,3,8,3,True,10507,1,False,False,False,False,0.2828426957130432,2.0,0.634980320930481,10,9359
8862,4,11,0,True,10507,1,False,,,,,,0.7927168607711792,11,8039
8862,5,9,2,True,10507,2,False,False,False,False,0.20000001788139343,1.0,0.7665507793426514,10,1964
8862,6,6,5,True,10507,1,False,True,True,True,0.0,0.0,0.6468384861946106,6,9927
8862,7,4,7,False,1,1,True,False,False,False,1.0770329236984253,7.0,1.077775478363037,11,53
8862,8,2,9,False,2,1,True,False,False,False,1.2328827381134033,8.0,1.2332072257995605,10,26
8862,9,8,3,True,10507,1,False,False,False,False,0.19999998807907104,1.0,0.5321654081344604,9,4284
8862,10,1,10,False,5,1,True,False,False,False,1.058300495147705,9.0,1.058489441871643,10,8974
8862,11,8,3,True,10507,1,False,True,True,True,0.0,0.0,0.7397297024726868,8,3318
8862,12,9,2,True,10507,1,False,True,True,True,0.0,0.0,0.6095900535583496,9,3318
8862,13,3,8,True,10507,8,False,True,True,True,0.0,0.0,0.2218107283115387,3,6954
8862,14,4,7,True,10507,1,False,False,False,False,0.19999998807907104,1.0,0.4664761424064636,5,4516
8862,15,11,0,True,10507,1,False,,,,,,0.7927168607711792,11,8039
8862,16,1,10,False,25,1,True,False,False,False,1.095445156097412,8.0,1.0956276655197144,9,7928
8862,17,8,3,True,10507,1,False,True,True,True,0.0,0.0,0.6474565863609314,8,1952
8862,18,11,0,True,10507,1,False,,,,,,0.7927168607711792,11,8039
8862,19,1,10,False,10419,37,True,True,True,True,0.0,0.0,0.019999980926513672,1,6597
8862,20,5,6,True,10507,1,False,False,False,False,0.44721361994743347,2.0,0.7224956750869751,7,1949
8862,21,11,0,True,10507,1,False,,,,,,0.7927168607711792,11,8039
8862,22,10,1,True,10507,1,False,False,False,False,0.19999998807907104,1.0,0.846167802810669,11,4842
8862,23,6,5,True,10507,1,False,False,False,False,0.19999998807907104,1.0,0.5607138276100159,7,8931
8862,24,1,10,False,10419,37,True,True,True,True,0.0,0.0,0.019999980926513672,1,9311
8862,25,2,9,True,10507,2,False,False,False,False,0.19999998807907104,1.0,0.369864821434021,3,914
8862,26,6,5,True,10507,2,False,False,False,False,0.20000001788139343,1.0,0.733757495880127,7,1949
8862,27,8,3,True,10507,1,False,True,True,True,0.0,0.0,0.49315309524536133,8,2157
8862,28,9,2,True,10507,2,False,False,False,False,0.19999998807907104,1.0,0.7665507793426514,10,9359
8862,29,7,4,True,10507,1,False,True,True,True,0.0,0.0,0.44136151671409607,7,10017
8862,30,7,4,True,10507,1,False,True,True,True,0.0,0.0,0.5681549310684204,7,2147
8862,31,6,5,True,10507,1,False,False,False,False,0.4000000059604645,1.0,0.5535340905189514,7,8039
603,0,9,2,True,10507,1,False,False,False,False,0.4000000059604645,1.0,0.8874682784080505,10,7246
603,1,1,10,False,1,1,True,False,False,False,1.3856406211853027,10.0,1.3857848644256592,11,53
603,2,11,0,True,10507,1,False,,,,,,0.7927168607711792,11,8039
603,3,2,9,False,2,1,True,False,False,False,1.058300495147705,9.0,1.058678388595581,11,8974
603,4,8,3,True,10507,1,False,False,False,False,0.3464101552963257,3.0,0.6657326817512512,11,3318
603,5,2,9,True,10507,1,False,False,False,False,0.44721361994743347,2.0,0.651766836643219,4,295
603,6,9,2,True,10507,1,False,True,True,True,0.0,0.0,0.7922121286392212,9,8039
603,7,8,3,True,10507,1,False,False,False,False,0.19999998807907104,1.0,0.6412487626075745,9,3318
603,8,5,6,True,10507,3,False,False,False,False,0.2828427255153656,2.0,0.4219004511833191,7,5994
603,9,8,3,True,10507,1,False,False,False,False,0.7211102843284607,2.0,0.8168231248855591,10,6251
603,10,9,2,True,10507,1,False,False,False,False,0.4000000059604645,1.0,0.8121576905250549,10,9359
603,11,10,1,True,10507,1,False,True,True,True,0.0,0.0,0.7924644947052002,10,8039
603,12,2,9,False,7,1,True,False,False,False,0.3464101552963257,3.0,0.3475629389286041,5,423
603,13,6,5,True,10507,1,False,False,False,False,0.20000001788139343,1.0,0.6019967198371887,7,295
603,14,11,0,True,10507,1,False,,,,,,0.7927168607711792,11,8039
603,15,7,4,True,10507,1,False,False,False,False,0.4000000059604645,1.0,0.634665310382843,8,7246
603,16,8,3,True,10507,1,False,True,True,True,0.0,0.0,0.49315309524536133,8,8039
603,17,3,8,True,10507,1,False,False,False,False,0.3464101552963257,3.0,0.5451605319976807,6,422
603,18,1,10,False,26,6,True,False,False,False,0.4472135901451111,2.0,0.4476605951786041,3,7889
603,19,11,0,True,10507,1,False,,,,,,0.7927168607711792,11,8039
603,20,5,6,True,10507,2,False,False,False,False,0.19999998807907104,1.0,0.5603570342063904,6,7882
603,21,4,7,True,10507,1,False,False,False,False,0.19999998807907104,1.0,0.5600000023841858,5,4246
603,22,5,6,True,10507,2,False,False,False,False,0.20000001788139343,1.0,0.6016643643379211,6,370
603,23,11,0,True,10507,1,False,,,,,,0.7927168607711792,11,8039
603,24,11,0,True,10507,1,False,,,,,,0.7927168607711792,11,8039
603,25,5,6,True,10507,1,False,False,False,False,0.19999998807907104,1.0,0.43127715587615967,6,295
603,26,3,8,True,10507,1,False,False,False,False,0.19999998807907104,1.0,0.2986636757850647,4,6353
603,27,3,8,True,10507,1,False,False,False,False,0.3464101552963257,3.0,0.41133925318717957,6,5641
603,28,11,0,True,10507,1,False,,,,,,0.7927168607711792,11,8039
603,29,5,6,True,10507,2,False,False,False,False,0.20000001788139343,1.0,0.3714835047721863,6,3134
603,30,10,1,True,10507,1,False,True,True,True,0.0,0.0,0.7924644947052002,10,8039
603,31,9,2,True,10507,1,False,True,True,True,0.0,0.0,0.49355849623680115,9,8039
8511,0,2,9,False,4,1,True,False,False,False,1.0198038816452026,6.0,1.0201960802078247,8,6251
8511,1,7,4,True,10507,2,False,False,False,False,0.19999998807907104,1.0,0.43220362067222595,8,9497
8511,2,5,6,True,10507,9,False,False,False,False,0.19999998807907104,1.0,0.5603570342063904,6,8059
8511,3,10,1,True,10507,2,False,True,True,True,0.0,0.0,0.7402702569961548,10,9359
8511,4,1,10,False,1619,5,True,True,True,True,0.0,0.0,0.02000001072883606,1,9308
8511,5,3,8,False,2,1,True,False,False,False,1.0954450368881226,8.0,1.0959926843643188,11,53
8511,6,8,3,True,10507,2,False,False,False,False,0.19999998807907104,1.0,0.7343024015426636,9,7882
8511,7,8,3,True,10507,1,False,True,True,True,0.0,0.0,0.7714921236038208,8,9927
8511,8,7,4,True,10507,1,False,False,False,False,0.2828426957130432,2.0,0.5956509113311768,9,8974
8511,9,3,8,True,10507,2,False,True,True,True,0.0,0.0,0.6581793427467346,3,7714
8511,10,10,1,True,10507,1,False,True,True,True,0.0,0.0,0.7924644947052002,10,8039
8511,11,5,6,True,10507,1,False,False,False,False,0.19999998807907104,1.0,0.48373544216156006,6,9677
8511,12,6,5,True,10507,1,False,False,False,False,0.4472135901451111,2.0,0.6887670755386353,8,8974
8511,13,10,1,True,10507,1,False,False,False,False,0.3999999761581421,1.0,0.6723094582557678,11,4065
8511,14,4,7,True,10507,9,False,False,False,False,0.19999998807907104,1.0,0.5600000023841858,5,8059
8511,15,9,2,True,10507,1,False,False,False,False,0.4472135603427887,2.0,0.701141893863678,11,4842
8511,16,7,4,True,10507,1,False,False,False,False,0.2828426957130432,2.0,0.7607890963554382,9,5281
8511,17,5,6,True,10507,2,False,False,False,False,0.2828426957130432,2.0,0.4753945469856262,7,9677
8511,18,8,3,True,10507,1,False,False,False,False,0.4000000059604645,1.0,0.8872429132461548,9,7246
8511,19,3,8,True,10507,1,False,True,True,True,0.0,0.0,0.5226854085922241,3,875
8511,20,4,7,True,10507,1,False,False,False,False,0.19999998807907104,1.0,0.3709447383880615,5,6849
8511,21,3,8,False,2,1,True,True,True,True,0.0,0.0,0.034641001373529434,3,4142
8511,22,6,5,True,10507,2,False,False,False,False,0.2828426957130432,2.0,0.8404760956764221,8,5655
8511,23,6,5,True,10507,4,False,False,False,False,0.19999998807907104,1.0,0.37202149629592896,7,2661
8511,24,6,5,True,10507,1,False,False,False,False,0.19999998807907104,1.0,0.4841487407684326,7,3829
8511,25,7,4,True,10507,1,False,False,False,False,0.44721361994743347,2.0,0.6283311247825623,9,8039
8511,26,1,10,False,1,1,True,False,False,False,1.3856406211853027,10.0,1.3857848644256592,11,53
8511,27,8,3,True,10507,1,False,False,False,False,0.2828426957130432,2.0,0.6717142462730408,10,3318
8511,28,11,0,True,10507,1,False,,,,,,0.7927168607711792,11,8039
8511,29,9,2,True,10507,1,False,True,True,True,0.0,0.0,0.7717512845993042,9,1964
8511,30,4,7,False,2,1,True,False,False,False,0.8246211409568787,5.0,0.8255907297134399,9,6251
8511,31,6,5,True,10507,1,False,False,False,False,0.19999998807907104,1.0,0.7863841652870178,7,5625
2423,0,3,8,False,1,1,True,False,False,False,1.1135529279708862,6.0,1.1140915155410767,9,26
2423,1,7,4,True,10507,1,False,False,False,False,0.20000001788139343,1.0,0.5317894220352173,8,4065
2423,2,1,10,False,26,1,True,False,False,False,0.4472135603427887,2.0,0.44766056537628174,3,4142
2423,3,2,9,False,10418,44,True,True,True,True,0.0,0.0,0.028284244239330292,2,5544
2423,4,3,8,False,3,1,True,False,False,False,0.7211102843284607,4.0,0.7219418883323669,7,6251
2423,5,10,1,True,10507,1,False,True,True,True,0.0,0.0,0.7402702569961548,10,8974
2423,6,3,8,True,10507,2,False,False,False,False,0.19999998807907104,1.0,0.3704051673412323,4,5593
2423,7,10,1,True,10507,1,False,False,False,False,0.19999998807907104,1.0,0.846167802810669,11,4842
2423,8,2,9,True,10507,2,False,False,False,False,0.3464101552963257,3.0,0.5871967077255249,5,7411
2423,9,5,6,True,10507,1,False,False,False,False,0.4898979663848877,3.0,0.7169379591941833,8,7264
2423,10,11,0,True,10507,1,False,,,,,,0.7927168607711792,11,8039
2423,11,11,0,True,10507,1,False,,,,,,0.7927168607711792,11,8039
2423,12,2,9,True,10507,2,False,False,False,False,0.20000001788139343,1.0,0.3698648512363434,3,5398
2423,13,11,0,True,10507,1,False,,,,,,0.7927168607711792,11,8039
2423,14,2,9,False,25,1,True,False,False,False,0.4472135603427887,2.0,0.4481070935726166,4,4142
2423,15,6,5,True,10507,3,False,False,False,False,0.19999998807907104,1.0,0.7002856731414795,7,4139
2423,16,6,5,True,10507,1,False,False,False,False,0.2828426957130432,2.0,0.634350061416626,8,5278
2423,17,10,1,True,10507,1,False,False,False,False,0.20000001788139343,1.0,0.7874007821083069,11,8039
2423,18,10,1,True,10507,1,False,True,True,True,0.0,0.0,0.7402702569961548,10,8974
2423,19,3,8,True,10507,1,False,False,False,False,0.2828426957130432,2.0,0.6581793427467346,5,3905
2423,20,10,1,True,10507,1,False,True,True,True,0.0,0.0,0.5403702259063721,10,4065
2423,21,11,0,True,10507,1,False,,,,,,0.7927168607711792,11,8039
2423,22,5,6,False,1,1,True,False,False,False,0.7483315467834473,5.0,0.7496666312217712,10,8039
2423,23,2,9,False,1,1,True,False,False,False,1.341640830039978,8.0,1.341938853263855,10,53
2423,24,7,4,True,10507,2,False,True,True,True,0.0,0.0,0.44136151671409607,7,370
2423,25,9,2,True,10507,2,False,True,True,True,0.0,0.0,0.7400000691413879,9,9359
2423,26,8,3,True,10507,1,False,False,False,False,0.2828426957130432,2.0,0.7610519528388977,10,6854
2423,27,10,1,True,10507,1,False,False,False,False,0.19999998807907104,1.0,0.846167802810669,11,4842
2423,28,10,1,True,10507,1,False,True,True,True,0.0,0.0,0.4939635396003723,10,8039
2423,29,1,10,False,53,1,True,False,False,False,0.4472135603427887,2.0,0.44766056537628174,3,405
2423,30,8,3,True,10507,1,False,False,False,False,0.19999998807907104,1.0,0.6776430010795593,9,1964
2423,31,6,5,True,10507,1,False,False,False,False,0.19999998807907104,1.0,0.6406247019767761,7,3318
359,0,3,8,True,10507,1,False,False,False,False,0.44721361994743347,2.0,0.5451605319976807,5,2157
359,1,10,1,True,10507,1,False,True,True,True,0.0,0.0,0.7924644947052002,10,8039
359,2,3,8,False,220,4,True,True,True,True,0.0,0.0,0.03464100882411003,3,561
359,3,9,2,True,10507,1,False,False,False,False,0.19999998807907104,1.0,0.8170679211616516,10,4842
359,4,9,2,True,10507,1,False,True,True,True,0.0,0.0,0.49355849623680115,9,8039
359,5,5,6,True,10507,1,False,False,False,False,0.19999998807907104,1.0,0.48373547196388245,6,9927
359,6,4,7,True,10507,1,False,False,False,False,0.19999998807907104,1.0,0.6997142434120178,5,9938
359,7,10,1,True,10507,2,False,False,False,False,0.19999998807907104,1.0,0.7668116092681885,11,3318
359,8,4,7,True,10507,1,False,False,False,False,0.2828426957130432,2.0,0.4749736785888672,6,4146
359,9,6,5,True,10507,2,False,False,False,False,0.19999998807907104,1.0,0.601996660232544,7,6324
359,10,9,2,True,10507,1,False,False,False,False,0.19999998807907104,1.0,0.7345747351646423,10,3318
359,11,2,9,False,23,3,True,False,False,False,0.4472135901451111,2.0,0.44810715317726135,4,8830
359,12,6,5,True,10507,1,False,False,False,False,0.3464101552963257,3.0,0.722772479057312,9,8931
359,13,3,8,False,2,1,True,False,False,False,0.3999999761581421,1.0,0.4014972150325775,4,9623
359,14,1,10,False,53,1,True,False,False,False,0.2828426957130432,2.0,0.2835489511489868,3,6353
359,15,4,7,True,10507,1,False,False,False,False,0.6000000238418579,3.0,0.676461398601532,7,6251
359,16,8,3,True,10507,1,False,False,False,False,0.2828426957130432,2.0,0.6717142462730408,10,3318
359,17,2,9,False,1,1,True,False,False,False,1.2489995956420898,9.0,1.2493197917938232,11,53
359,18,11,0,True,10507,1,False,,,,,,0.7927168607711792,11,8039
359,19,7,4,True,10507,1,False,False,False,False,0.44721361994743347,2.0,0.9092854261398315,9,7246
359,20,2,9,False,7,1,True,False,False,False,0.4898979663848877,3.0,0.49071377515792847,5,8842
359,21,10,1,True,10507,1,False,True,True,True,0.0,0.0,0.7924644947052002,10,8039
359,22,11,0,True,10507,1,False,,,,,,0.7927168607711792,11,8039
359,23,3,8,True,10507,2,False,False,False,False,0.3464101552963257,3.0,0.4660471975803375,6,8471
359,24,5,6,True,10507,1,False,False,False,False,0.19999998807907104,1.0,0.43127715587615967,6,10472
359,25,3,8,True,10507,1,False,False,False,False,0.2828426957130432,2.0,0.5943063497543335,5,2831
359,26,10,1,True,10507,1,False,True,True,True,0.0,0.0,0.761577308177948,10,6251
359,27,5,6,True,10507,1,False,False,False,False,0.19999998807907104,1.0,0.43127715587615967,6,9927
359,28,4,7,False,1,1,True,False,False,False,1.1832159757614136,7.0,1.1838918924331665,11,26
359,29,10,1,True,10507,1,False,True,True,True,0.0,0.0,0.761577308177948,10,6251
359,30,1,10,False,1619,19,True,True,True,True,0.0,0.0,0.02000001072883606,1,454
359,31,9,2,True,10507,1,False,True,True,True,0.0,0.0,0.7291090488433838,9,6251
8842,0,11,0,True,10507,1,False,,,,,,0.7927168607711792,11,8039
8842,1,6,5,True,10507,1,False,False,False,False,0.3464101552963257,3.0,0.6280127763748169,9,9359
8842,2,1,10,False,576,1,True,False,False,False,0.632455587387085,4.0,0.6327717304229736,5,4033
8842,3,9,2,True,10507,1,False,True,True,True,0.0,0.0,0.7922120690345764,9,8039
8842,4,3,8,True,10507,2,False,False,False,False,0.2828426957130432,2.0,0.4209512770175934,5,8310
8842,5,7,4,True,10507,1,False,True,True,True,0.0,0.0,0.7917070388793945,7,2157
8842,6,2,9,True,10507,4,False,False,False,False,0.2828426957130432,2.0,0.3588871657848358,4,6335
8842,7,3,8,True,10507,3,False,False,False,False,0.34641018509864807,3.0,0.5875372886657715,6,1956
8842,8,8,3,True,10507,1,False,False,False,False,0.2828427255153656,2.0,0.7817928194999695,10,8039
8842,9,2,9,True,10507,2,False,False,False,False,0.20000000298023224,1.0,0.3698648512363434,3,1023
8842,10,7,4,True,10507,1,False,True,True,True,0.0,0.0,0.6471476554870605,7,1952
8842,11,6,5,True,10507,2,False,False,False,False,0.4000000059604645,4.0,0.6216108202934265,10,9359
8842,12,6,5,True,10507,1,False,False,False,False,0.2828426957130432,2.0,0.5238320231437683,8,4284
8842,13,2,9,True,10507,2,False,False,False,False,0.2828426957130432,2.0,0.42047592997550964,4,8310
8842,14,2,9,True,10507,2,False,False,False,False,0.2828426957130432,2.0,0.42047592997550964,4,8310
8842,15,7,4,True,10507,1,False,False,False,False,0.44721361994743347,2.0,0.5888972878456116,9,8039
8842,16,8,3,True,10507,1,False,True,True,True,0.0,0.0,0.7714921236038208,8,9927
8842,17,11,0,True,10507,1,False,,,,,,0.7927168607711792,11,8039
8842,18,10,1,True,10507,2,False,True,True,True,0.0,0.0,0.7402702569961548,10,9359
8842,19,4,7,True,10507,1,False,False,False,False,0.2828427255153656,2.0,0.6337192058563232,6,1949
8842,20,10,1,True,10507,1,False,True,True,True,0.0,0.0,0.7924644947052002,10,8039
8842,21,5,6,True,10507,1,False,False,False,False,0.2828427255153656,2.0,0.6340347528457642,7,1949
8842,22,4,7,False,1,1,True,False,False,False,1.216552495956421,7.0,1.2172099351882935,11,26
8842,23,11,0,True,10507,1,False,,,,,,0.7927168607711792,11,8039
8842,24,11,0,True,10507,1,False,,,,,,0.7927168607711792,11,8039
8842,25,5,6,True,10507,1,False,False,False,False,0.2828427255153656,2.0,0.6340346932411194,7,1964
8842,26,1,10,False,2983,5,True,False,False,False,0.2828427255153656,2.0,0.2835489511489868,3,360
8842,27,8,3,True,10507,1,False,False,False,False,0.20000001788139343,1.0,0.484974205493927,9,8039
8842,28,11,0,True,10507,1,False,,,,,,0.7927168607711792,11,8039
8842,29,7,4,True,10507,1,False,False,False,False,0.44721361994743347,2.0,0.5888972878456116,9,8039
8842,30,11,0,True,10507,1,False,,,,,,0.7927168607711792,11,8039
8842,31,6,5,True,10507,1,False,False,False,False,0.2828427255153656,2.0,0.475815087556839,8,8039
10286,0,3,8,True,10507,1,False,False,False,False,0.19999998807907104,1.0,0.5149757266044617,4,9150
10286,1,7,4,True,10507,2,False,False,False,False,0.19999998807907104,1.0,0.7005712389945984,8,8064
10286,2,6,5,True,10507,1,False,True,True,True,0.0,0.0,0.4923413395881653,6,1952
10286,3,9,2,True,10507,1,False,False,False,False,0.19999998807907104,1.0,0.6779380440711975,10,5793
10286,4,4,7,True,10507,1,False,True,True,True,0.0,0.0,0.5230678915977478,4,6062
10286,5,6,5,True,10507,1,False,True,True,True,0.0,0.0,0.6086049675941467,6,9677
10286,6,1,10,False,3,1,True,False,False,False,0.9591663479804993,7.0,0.9593747854232788,8,8974
10286,7,9,2,True,10507,1,False,False,False,False,0.20000001788139343,1.0,0.8170679211616516,10,7246
10286,8,6,5,True,10507,1,False,False,False,False,0.20000001788139343,1.0,0.4841487407684326,7,2157
10286,9,11,0,True,10507,1,False,,,,,,0.7927168607711792,11,8039
10286,10,6,5,True,10507,1,False,False,False,False,0.19999998807907104,1.0,0.48414871096611023,7,9677
10286,11,1,10,False,26,3,True,False,False,False,0.20000001788139343,1.0,0.20099753141403198,2,10070
10286,12,2,9,True,10507,1,False,False,False,False,0.19999998807907104,1.0,0.4656178951263428,3,9840
10286,13,9,2,True,10507,2,False,False,False,False,0.19999998807907104,1.0,0.7665507793426514,10,9359
10286,14,5,6,True,10507,1,False,False,False,False,0.19999998807907104,1.0,0.6016644239425659,6,1955
10286,15,11,0,True,10507,1,False,,,,,,0.7927168607711792,11,8039
10286,16,4,7,True,10507,2,False,False,False,False,0.2828426957130432,2.0,0.4214261472225189,6,9497
10286,17,11,0,True,10507,1,False,,,,,,0.7927168607711792,11,8039
10286,18,2,9,True,10507,4,False,True,True,True,0.0,0.0,0.22090721130371094,2,5015
10286,19,10,1,True,10507,2,False,True,True,True,0.0,0.0,0.7402702569961548,10,9359
10286,20,8,3,True,10507,1,False,False,False,False,0.19999998807907104,1.0,0.7343024611473083,9,9359
10286,21,9,2,True,10507,1,False,True,True,True,0.0,0.0,0.7400000095367432,9,1964
10286,22,1,10,False,1619,22,True,True,True,True,0.0,0.0,0.02000001072883606,1,5301
10286,23,4,7,True,10507,9,False,True,True,True,0.0,0.0,0.31240999698638916,4,7079
10286,24,8,3,True,10507,2,False,False,False,False,0.2828426957130432,2.0,0.6717142462730408,10,8029
10286,25,9,2,True,10507,1,False,True,True,True,0.0,0.0,0.7400000095367432,9,1964
10286,26,10,1,True,10507,2,False,False,False,False,0.19999998807907104,1.0,0.7668116688728333,11,9359
10286,27,11,0,True,10507,1,False,,,,,,0.7927168607711792,11,8039
10286,28,4,7,True,10507,1,False,False,False,False,0.19999998807907104,1.0,0.6645299792289734,5,9840
10286,29,3,8,True,10507,1,False,True,True,True,0.0,0.0,0.5226854085922241,3,5823
10286,30,9,2,True,10507,1,False,True,True,True,0.0,0.0,0.7922121286392212,9,2157
10286,31,3,8,False,1,1,True,False,False,False,0.7483314871788025,6.0,0.7491328716278076,9,8974
4233,0,2,9,False,2,1,True,False,False,False,0.7483315467834473,6.0,0.7488658428192139,8,8974
4233,1,2,9,False,49,4,True,False,False,False,0.19999998807907104,1.0,0.20199008285999298,3,369
4233,2,4,7,True,10507,1,False,True,True,True,0.0,0.0,0.4749737083911896,4,490
4233,3,1,10,False,10419,266,True,True,True,True,0.0,0.0,0.019999980926513672,1,3934
4233,4,11,0,True,10507,1,False,,,,,,0.7927168607711792,11,8039
4233,5,2,9,False,2,1,True,False,False,False,0.8485281467437744,4.0,0.8489993810653687,6,9623
4233,6,2,9,False,510,1,True,True,True,True,0.0,0.0,0.028284255415201187,2,7997
4233,7,1,10,False,5,1,True,False,False,False,0.9591663479804993,7.0,0.9593748450279236,8,8974
4233,8,2,9,False,1,1,True,False,False,False,1.1661903858184814,9.0,1.1665332317352295,11,53
4233,9,5,6,True,10507,1,False,False,False,False,0.4000000059604645,1.0,0.6942622065544128,6,9096
4233,10,4,7,True,10507,1,False,False,False,False,0.19999998807907104,1.0,0.430813193321228,5,8234
4233,11,1,10,False,1,1,True,False,False,False,1.3114876747131348,10.0,1.3116401433944702,11,53
4233,12,1,10,False,1619,22,True,True,True,True,0.0,0.0,0.02000001072883606,1,3075
4233,13,2,9,False,1,1,True,False,False,False,1.2489995956420898,9.0,1.2493197917938232,11,53
4233,14,9,2,True,10507,1,False,True,True,True,0.0,0.0,0.7400000095367432,9,1964
4233,15,1,10,False,3,1,True,False,False,False,0.9591663479804993,7.0,0.9593747854232788,8,8974
4233,16,9,2,True,10507,2,False,False,False,False,0.19999998807907104,1.0,0.6415606141090393,10,3318
4233,17,7,4,True,10507,1,False,False,False,False,0.20000001788139343,1.0,0.845458447933197,8,7246
4233,18,1,10,False,26,3,True,False,False,False,0.20000001788139343,1.0,0.20099753141403198,2,10070
4233,19,8,3,True,10507,1,False,False,False,False,0.4000000059604645,1.0,0.595986545085907,9,8039
4233,20,4,7,False,1,1,True,False,False,False,0.9165151715278625,7.0,0.9173876047134399,11,53
4233,21,2,9,False,24,1,True,False,False,False,0.8246211409568787,6.0,0.8251060843467712,8,2238
4233,22,7,4,True,10507,1,False,True,True,True,0.0,0.0,0.6089335083961487,7,1952
4233,23,11,0,True,10507,1,False,,,,,,0.7927168607711792,11,8039
4233,24,2,9,False,1,1,True,False,False,False,1.2489995956420898,9.0,1.2493197917938232,11,53
4233,25,11,0,True,10507,1,False,,,,,,0.7927168607711792,11,8039
4233,26,3,8,True,10507,2,False,True,True,True,0.0,0.0,0.31176915764808655,3,5311
4233,27,10,1,True,10507,1,False,False,False,False,0.3999999761581421,1.0,0.6723094582557678,11,4065
4233,28,11,0,True,10507,1,False,,,,,,0.7927168607711792,11,8039
4233,29,6,5,True,10507,1,False,False,False,False,0.3999999761581421,1.0,0.6945502161979675,7,1160
4233,30,1,10,False,576,1,True,True,True,True,0.0,0.0,0.019999995827674866,1,7997
4233,31,2,9,False,2,1,True,False,False,False,0.8485281467437744,4.0,0.8489993810653687,6,9623
2866,0,9,2,True,10507,1,False,True,True,True,0.0,0.0,0.6095900535583496,9,8974
2866,1,9,2,True,10507,1,False,False,False,False,0.19999998807907104,1.0,0.6415606141090393,10,9359
2866,2,9,2,True,10507,1,False,False,False,False,0.2828426957130432,2.0,0.5249761939048767,11,8039
2866,3,4,7,True,10507,1,False,False,False,False,0.2828426957130432,2.0,0.5946427583694458,6,3318
2866,4,5,6,True,10507,3,False,False,False,False,0.2828426957130432,2.0,0.4219004213809967,7,191
2866,5,3,8,True,10507,3,False,False,False,False,0.19999998807907104,1.0,0.5149757266044617,4,353
2866,6,3,8,True,10507,3,False,False,False,False,0.20000001788139343,1.0,0.5149757266044617,4,8027
2866,7,10,1,True,10507,1,False,True,True,True,0.0,0.0,0.7924644947052002,10,8039
2866,8,2,9,False,1619,2,True,False,False,False,0.2828426957130432,2.0,0.28425338864326477,4,354
2866,9,6,5,True,10507,1,False,False,False,False,0.2828427255153656,2.0,0.5953150987625122,8,8974
2866,10,5,6,True,10507,1,False,False,False,False,0.3464101552963257,3.0,0.6276941895484924,8,8974
2866,11,2,9,False,2,1,True,False,False,False,0.9165151715278625,7.0,0.9169514775276184,9,26
2866,12,4,7,True,10507,1,False,True,True,True,0.0,0.0,0.5230678915977478,4,5824
2866,13,10,1,True,10507,1,False,False,False,False,0.20000001788139343,1.0,0.7874007821083069,11,8039
2866,14,7,4,True,10507,1,False,False,False,False,0.19999998807907104,1.0,0.6023288369178772,8,2147
2866,15,9,2,True,10507,1,False,True,True,True,0.0,0.0,0.7400000095367432,9,8974
2866,16,7,4,True,10507,1,False,False,False,False,0.2828426957130432,2.0,0.47623521089553833,9,8974
2866,17,5,6,True,10507,1,False,False,False,False,0.19999998807907104,1.0,0.3714834749698639,6,2147
2866,18,9,2,True,10507,1,False,False,False,False,0.19999998807907104,1.0,0.6415606141090393,10,7264
2866,19,9,2,True,10507,1,False,False,False,False,0.20000001788139343,1.0,0.7871467471122742,10,8039
2866,20,8,3,True,10507,2,False,False,False,False,0.2828426957130432,2.0,0.7610519528388977,10,9359
2866,21,4,7,False,2,1,True,False,False,False,0.6928203105926514,6.0,0.6939740777015686,10,6251
2866,22,11,0,True,10507,1,False,,,,,,0.7927168607711792,11,8039
2866,23,2,9,False,2,1,True,False,False,False,0.800000011920929,7.0,0.8004998564720154,9,6251
2866,24,1,10,False,25,1,True,False,False,False,0.6324555277824402,7.0,0.6327716708183289,8,2238
2866,25,11,0,True,10507,1,False,,,,,,0.7927168607711792,11,8039
2866,26,8,3,True,10507,1,False,False,False,False,0.19999998807907104,1.0,0.5321653485298157,9,8039
2866,27,6,5,True,10507,1,False,False,False,False,0.3464101552963257,3.0,0.5161395072937012,9,6251
2866,28,8,3,True,10507,2,False,True,True,True,0.0,0.0,0.7397297024726868,8,9359
2866,29,9,2,True,10507,1,False,False,False,False,0.19999998807907104,1.0,0.6415606141090393,10,8974
2866,30,3,8,False,2,1,True,False,False,False,0.4472135901451111,5.0,0.4485532343387604,8,8974
2866,31,5,6,True,10507,5,False,False,False,False,0.2828426957130432,2.0,0.5949790477752686,7,4351
2224,0,10,1,True,10507,1,False,False,False,False,0.20000001788139343,1.0,0.7668116092681885,11,3318
2224,1,8,3,True,10507,1,False,False,False,False,0.2828426957130432,2.0,0.6717142462730408,10,1964
2224,2,9,2,True,10507,1,False,True,True,True,0.0,0.0,0.6095900535583496,9,9359
2224,3,2,9,False,4,1,True,False,False,False,0.8485281467437744,7.0,0.8489995002746582,9,4842
2224,4,6,5,True,10507,1,False,False,False,False,0.4898979663848877,3.0,0.7172169089317322,9,9359
2224,5,11,0,True,10507,1,False,,,,,,0.7927168607711792,11,8039
2224,6,4,7,True,10507,7,False,False,False,False,0.44721361994743347,2.0,0.6881860494613647,6,9618
2224,7,8,3,True,10507,1,False,False,False,False,0.3464101552963257,3.0,0.8361818194389343,11,4842
2224,8,11,0,True,10507,1,False,,,,,,0.7927168607711792,11,8039
2224,9,1,10,False,5,1,True,False,False,False,0.7745966911315918,7.0,0.7748548984527588,8,8974
2224,10,10,1,True,10507,1,False,True,True,True,0.0,0.0,0.7402702569961548,10,9359
2224,11,6,5,True,10507,1,False,False,False,False,0.44721361994743347,2.0,0.5885576009750366,8,8039
2224,12,3,8,True,10507,6,False,False,False,False,0.2828426957130432,2.0,0.42095130681991577,5,5994
2224,13,5,6,True,10507,1,False,False,False,False,0.4472135901451111,2.0,0.6884766221046448,7,9359
2224,14,7,4,True,10507,1,False,False,False,False,0.4472135901451111,2.0,0.7555131316184998,9,1964
2224,15,2,9,False,1,1,True,False,False,False,1.2649110555648804,7.0,1.265227198600769,9,26
2224,16,10,1,True,10507,1,False,True,True,True,0.0,0.0,0.7720103859901428,10,1964
2224,17,9,2,True,10507,1,False,True,True,True,0.0,0.0,0.6477653980255127,9,1964
2224,18,3,8,True,10507,1,False,False,False,False,0.2828426957130432,2.0,0.5943063497543335,5,8931
2224,19,11,0,True,10507,1,False,,,,,,0.7927168607711792,11,8039
2224,20,11,0,True,10507,1,False,,,,,,0.7927168607711792,11,8039
2224,21,4,7,True,10507,9,False,False,False,False,0.19999998807907104,1.0,0.5600000023841858,5,8282
2224,22,8,3,True,10507,2,False,True,True,True,0.0,0.0,0.7397297024726868,8,3318
2224,23,9,2,True,10507,1,False,False,False,False,0.6324555277824402,2.0,0.8316248655319214,11,4842
2224,24,3,8,True,10507,1,False,False,False,False,0.19999998807907104,1.0,0.3704051971435547,4,10202
2224,25,10,1,True,10507,1,False,True,True,True,0.0,0.0,0.7924644947052002,10,8039
2224,26,10,1,True,10507,1,False,True,True,True,0.0,0.0,0.7402702569961548,10,9359
2224,27,1,10,False,25,1,True,False,False,False,0.8246211409568787,6.0,0.8248636722564697,7,7928
2224,28,3,8,True,10507,1,False,False,False,False,0.3464101552963257,3.0,0.5875372290611267,6,254
2224,29,1,10,False,10419,4,True,True,True,True,0.0,0.0,0.019999980926513672,1,9632
2224,30,7,4,True,10507,1,False,False,False,False,0.4000000059604645,1.0,0.5956509113311768,8,8039
2224,31,5,6,True,10507,1,False,False,False,False,0.4000000059604645,4.0,0.7169379591941833,9,5625
10188,0,3,8,True,10507,1,False,False,False,False,0.19999998807907104,1.0,0.4660472273826599,4,405
10188,1,8,3,True,10507,1,False,True,True,True,0.0,0.0,0.6092618703842163,8,1964
10188,2,9,2,True,10507,2,False,True,True,True,0.0,0.0,0.7400000095367432,9,3318
10188,3,7,4,True,10507,1,False,False,False,False,0.6000000238418579,3.0,0.711898922920227,10,8039
10188,4,5,6,True,10507,1,False,False,False,False,0.20000001788139343,1.0,0.6403124332427979,6,1952
10188,5,4,7,True,10507,1,False,False,False,False,0.2828426957130432,2.0,0.5946427583694458,6,6854
10188,6,3,8,False,1,1,True,False,False,False,1.1313707828521729,7.0,1.1319010257720947,10,26
10188,7,8,3,True,10507,1,False,False,False,False,0.4898979067802429,3.0,0.6951258778572083,11,4842
10188,8,11,0,True,10507,1,False,,,,,,0.7927168607711792,11,8039
10188,9,8,3,True,10507,2,False,True,True,True,0.0,0.0,0.7397297024726868,8,3318
10188,10,8,3,True,10507,1,False,False,False,False,0.4898979365825653,3.0,0.6951258778572083,11,4842
10188,11,2,9,False,25,1,True,False,False,False,0.6928203105926514,6.0,0.6933974027633667,8,7928
10188,12,2,9,True,10507,1,False,False,False,False,0.19999998807907104,1.0,0.2979932725429535,3,5163
10188,13,6,5,True,10507,1,False,False,False,False,0.4000000059604645,1.0,0.6945502161979675,7,7584
10188,14,11,0,True,10507,1,False,,,,,,0.7927168607711792,11,8039
10188,15,8,3,True,10507,1,False,False,False,False,0.4898979067802429,3.0,0.6951258778572083,11,4842
10188,16,8,3,True,10507,1,False,False,False,False,0.20000001788139343,1.0,0.484974205493927,9,8039
10188,17,1,10,False,5,1,True,False,False,False,0.9591663479804993,7.0,0.9593748450279236,8,8974
10188,18,9,2,True,10507,1,False,True,True,True,0.0,0.0,0.7400000095367432,9,3318
10188,19,6,5,True,10507,1,False,False,False,False,0.2828426957130432,2.0,0.634350061416626,8,250
10188,20,8,3,True,10507,1,False,False,False,False,0.2828426957130432,2.0,0.7610518932342529,10,6854
10188,21,4,7,True,10507,3,False,False,False,False,0.2828426957130432,2.0,0.6337192058563232,6,7507
10188,22,3,8,True,10507,4,False,False,False,False,0.2828426957130432,2.0,0.5071489214897156,5,410
10188,23,11,0,True,10507,1,False,,,,,,0.7927168607711792,11,8039
10188,24,2,9,True,10507,1,False,False,False,False,0.19999998807907104,1.0,0.5145872235298157,3,9840
10188,25,1,10,False,53,4,True,False,False,False,0.2828426957130432,2.0,0.2835489511489868,3,421
10188,26,9,2,True,10507,1,False,False,False,False,0.19999998807907104,1.0,0.6779381036758423,10,1964
10188,27,1,10,False,2983,81,True,True,True,True,0.0,0.0,0.019999995827674866,1,7220
10188,28,8,3,True,10507,1,False,True,True,True,0.0,0.0,0.7397297024726868,8,3318
10188,29,8,3,True,10507,2,False,False,False,False,0.4000000059604645,1.0,0.8119113445281982,9,9359
10188,30,2,9,False,2,2,True,False,False,False,1.0954450368881226,8.0,1.0958101749420166,10,7500
10188,31,6,5,True,10507,1,False,False,False,False,0.44721361994743347,2.0,0.5462599992752075,8,10017
4527,0,3,8,True,10507,1,False,False,False,False,0.19999998807907104,1.0,0.4660472273826599,4,8293
4527,1,4,7,True,10507,1,False,False,False,False,0.3464101552963257,3.0,0.6645299196243286,7,2659
4527,2,11,0,True,10507,1,False,,,,,,0.7927168607711792,11,8039
4527,3,5,6,True,10507,3,False,True,True,True,0.0,0.0,0.670820415019989,5,4909
4527,4,7,4,True,10507,2,False,False,False,False,0.19999998807907104,1.0,0.7340299487113953,8,6324
4527,5,1,10,False,2983,22,True,True,True,True,0.0,0.0,0.019999995827674866,1,4059
4527,6,5,6,True,10507,2,False,False,False,False,0.19999998807907104,1.0,0.6403124332427979,6,6853
4527,7,7,4,True,10507,1,False,False,False,False,0.2828426957130432,2.0,0.634665310382843,9,5278
4527,8,7,4,True,10507,1,False,False,False,False,0.20000001788139343,1.0,0.6409368515014648,8,1952
4527,9,5,6,True,10507,1,False,False,False,False,0.19999998807907104,1.0,0.4669046998023987,6,8293
4527,10,6,5,True,10507,1,False,False,False,False,0.2828426957130432,2.0,0.671118438243866,8,9927
4527,11,2,9,False,2,1,True,False,False,False,1.058300495147705,9.0,1.058678388595581,11,8974
4527,12,7,4,True,10507,1,False,True,True,True,0.0,0.0,0.6471476554870605,7,9927
4527,13,9,2,True,10507,1,False,False,False,False,0.20000001788139343,1.0,0.7345747351646423,10,9359
4527,14,3,8,True,10507,2,False,False,False,False,0.2828426957130432,2.0,0.3594440221786499,5,5943
4527,15,2,9,False,7,2,True,False,False,False,0.19999998807907104,1.0,0.20199008285999298,3,418
4527,16,10,1,True,10507,1,False,True,True,True,0.0,0.0,0.8221921920776367,10,7246
4527,17,5,6,True,10507,1,False,False,False,False,0.4000000059604645,4.0,0.7810249924659729,9,6854
4527,18,10,1,True,10507,1,False,True,True,True,0.0,0.0,0.7924644947052002,10,8039
4527,19,8,3,True,10507,1,False,False,False,False,0.4000000059604645,1.0,0.8313844203948975,9,6251
4527,20,11,0,True,10507,1,False,,,,,,0.7927168607711792,11,8039
4527,21,5,6,True,10507,1,False,False,False,False,0.19999998807907104,1.0,0.6403124332427979,6,9938
4527,22,4,7,True,10507,3,False,False,False,False,0.2828426957130432,2.0,0.6337192058563232,6,1956
4527,23,5,6,True,10507,1,False,False,False,False,0.3464101552963257,3.0,0.6884766221046448,8,4516
4527,24,7,4,True,10507,1,False,False,False,False,0.5656854510307312,2.0,0.6832276582717896,9,8039
4527,25,10,1,True,10507,1,False,True,True,True,0.0,0.0,0.7402702569961548,10,9359
4527,26,4,7,True,10507,1,False,True,True,True,0.0,0.0,0.31240999698638916,4,7358
4527,27,10,1,True,10507,1,False,True,True,True,0.0,0.0,0.7402702569961548,10,9359
4527,28,11,0,True,10507,1,False,,,,,,0.7927168607711792,11,8039
4527,29,8,3,True,10507,1,False,True,True,True,0.0,0.0,0.49315309524536133,8,2157
4527,30,7,4,True,10507,2,False,False,False,False,0.19999998807907104,1.0,0.6023288369178772,8,6324
4527,31,8,3,True,10507,1,False,False,False,False,0.20000001788139343,1.0,0.7343024611473083,9,9359
3603,0,11,0,True,10507,1,False,,,,,,0.7927168607711792,11,8039
3603,1,11,0,True,10507,1,False,,,,,,0.7927168607711792,11,8039
3603,2,7,4,True,10507,1,False,False,False,False,0.4472135901451111,2.0,0.7555131316184998,9,9927
3603,3,8,3,True,10507,1,False,False,False,False,0.4898979663848877,3.0,0.7288346886634827,11,4842
3603,4,1,10,False,1619,11,True,False,False,False,0.19999998807907104,1.0,0.2009975016117096,2,3089
3603,5,8,3,True,10507,1,False,False,False,False,0.19999998807907104,1.0,0.5754997730255127,9,4065
3603,6,1,10,False,53,1,True,False,False,False,0.4898979365825653,3.0,0.49030601978302,4,7594
3603,7,5,6,True,10507,1,False,False,False,False,0.2828426957130432,2.0,0.4753945767879486,7,5057
3603,8,4,7,True,10507,1,False,False,False,False,0.2828427255153656,2.0,0.5946427583694458,6,8029
3603,9,3,8,True,10507,1,False,False,False,False,0.2828426957130432,2.0,0.4209512770175934,5,5040
3603,10,4,7,True,10507,1,False,False,False,False,0.19999998807907104,1.0,0.5600000023841858,5,6486
3603,11,6,5,True,10507,2,False,False,False,False,0.19999998807907104,1.0,0.6406247019767761,7,370
3603,12,11,0,True,10507,1,False,,,,,,0.7927168607711792,11,8039
3603,13,7,4,True,10507,1,False,False,False,False,0.2828426957130432,2.0,0.6714164614677429,9,5793
3603,14,1,10,False,1,1,True,False,False,False,1.2328827381134033,10.0,1.233044981956482,11,53
3603,15,2,9,True,10507,2,False,False,False,False,0.2828426957130432,2.0,0.5067543983459473,4,2797
3603,16,5,6,True,10507,1,False,False,False,False,0.2828426957130432,2.0,0.4753945767879486,7,5057
3603,17,10,1,True,10507,1,False,False,False,False,0.19999998807907104,1.0,0.8461678624153137,11,7246
3603,18,3,8,True,10507,1,False,False,False,False,0.19999998807907104,1.0,0.5596427917480469,4,5823
3603,19,11,0,True,10507,1,False,,,,,,0.7927168607711792,11,8039
3603,20,6,5,True,10507,1,False,False,False,False,0.6000000238418579,3.0,0.7116178870201111,9,8039
3603,21,9,2,True,10507,1,False,True,True,True,0.0,0.0,0.6095900535583496,9,3318
3603,22,7,4,True,10507,1,False,False,False,False,0.2828426957130432,2.0,0.7062577605247498,9,1949
3603,23,6,5,True,10507,1,False,False,False,False,0.5291503071784973,4.0,0.6887670755386353,10,4065
3603,24,3,8,True,10507,1,False,False,False,False,0.2828426957130432,2.0,0.552449107170105,5,7185
3603,25,11,0,True,10507,1,False,,,,,,0.7927168607711792,11,8039
3603,26,7,4,True,10507,2,False,False,False,False,0.19999998807907104,1.0,0.6409368515014648,8,370
3603,27,7,4,True,10507,2,False,True,True,True,0.0,0.0,0.5681549310684204,7,5994
3603,28,9,2,True,10507,1,False,False,False,False,0.19999998807907104,1.0,0.8459314703941345,10,7246
3603,29,2,9,False,10418,24,True,True,True,True,0.0,0.0,0.028284244239330292,2,5422
3603,30,3,8,True,10507,1,False,True,True,True,0.0,0.0,0.4745524227619171,3,5835
3603,31,11,0,True,10507,1,False,,,,,,0.7927168607711792,11,8039
319,0,6,5,True,10507,1,False,False,False,False,0.2828426957130432,2.0,0.634350061416626,8,8029
319,1,11,0,True,10507,1,False,,,,,,0.7927168607711792,11,8039
319,2,2,9,False,2,1,True,False,False,False,1.1999999284744263,8.0,1.2003333568572998,10,26
319,3,7,4,True,10507,1,False,False,False,False,0.2828426957130432,2.0,0.6714164614677429,9,5057
319,4,5,6,True,10507,1,False,False,False,False,0.4472135901451111,5.0,0.5882176756858826,10,2659
319,5,4,7,True,10507,2,False,False,False,False,0.20000001788139343,1.0,0.5153639912605286,5,7809
319,6,1,10,False,1,1,True,False,False,False,1.2649110555648804,10.0,1.2650691270828247,11,53
319,7,7,4,True,10507,1,False,False,False,False,0.3464101552963257,3.0,0.7005712389945984,10,5281
319,8,11,0,True,10507,1,False,,,,,,0.7927168607711792,11,8039
319,9,1,10,False,576,29,True,True,True,True,0.0,0.0,0.019999995827674866,1,1813
319,10,6,5,True,10507,1,False,False,False,False,0.3464101552963257,3.0,0.7002856731414795,9,2659
319,11,10,1,True,10507,1,False,True,True,True,0.0,0.0,0.7402702569961548,10,8974
319,12,2,9,False,2947,110,True,True,True,True,0.0,0.0,0.028284255415201187,2,322
319,13,6,5,True,10507,1,False,False,False,False,0.19999998807907104,1.0,0.7863841652870178,7,10454
319,14,8,3,True,10507,1,False,True,True,True,0.0,0.0,0.6474565863609314,8,1964
319,15,2,9,False,49,1,True,False,False,False,0.2828426957130432,2.0,0.28425341844558716,4,10030
319,16,1,10,False,1,1,True,False,False,False,1.2649110555648804,10.0,1.2650691270828247,11,53
319,17,9,2,True,10507,1,False,False,False,False,0.4472135901451111,2.0,0.7011419534683228,11,7246
319,18,2,9,False,23,3,True,False,False,False,0.4472135901451111,2.0,0.44810715317726135,4,10070
319,19,8,3,True,10507,1,False,False,False,False,0.4472135901451111,2.0,0.700856626033783,10,7246
319,20,9,2,True,10507,1,False,False,False,False,0.20000001788139343,1.0,0.7665507793426514,10,5793
319,21,7,4,True,10507,1,False,False,False,False,0.44721361994743347,2.0,0.7555131316184998,9,8974
319,22,4,7,True,10507,2,False,False,False,False,0.3464101552963257,3.0,0.6273754835128784,7,6854
319,23,1,10,False,26,1,True,False,False,False,0.4898979663848877,3.0,0.4903060495853424,4,7809
319,24,9,2,True,10507,1,False,False,False,False,0.19999998807907104,1.0,0.5758472084999084,10,4065
319,25,9,2,True,10507,2,False,False,False,False,0.4000000059604645,1.0,0.8121576905250549,10,3318
319,26,3,8,False,3,1,True,False,False,False,0.7483314871788025,5.0,0.7491328716278076,8,6251
319,27,11,0,True,10507,1,False,,,,,,0.7927168607711792,11,8039
319,28,9,2,True,10507,1,False,False,False,False,0.20000001788139343,1.0,0.7665507793426514,10,5793
319,29,6,5,True,10507,1,False,False,False,False,0.2828426957130432,2.0,0.634350061416626,8,8029
319,30,9,2,True,10507,2,False,False,False,False,0.19999998807907104,1.0,0.7665507793426514,10,3318
319,31,6,5,True,10507,1,False,True,True,True,0.0,0.0,0.3136877417564392,6,9513
6252,0,2,9,True,10507,1,False,True,True,True,0.0,0.0,0.22090721130371094,2,5163
6252,1,4,7,True,10507,1,False,False,False,False,0.2828426957130432,2.0,0.523067831993103,6,2222
6252,2,7,4,True,10507,1,False,False,False,False,0.2828426957130432,2.0,0.5242136716842651,9,1964
6252,3,5,6,True,10507,1,False,False,False,False,0.34641018509864807,3.0,0.5157518982887268,8,7246
6252,4,5,6,True,10507,1,False,False,False,False,0.2828426957130432,2.0,0.4753945767879486,7,10202
6252,5,1,10,False,1,1,True,False,False,False,1.2806247472763062,10.0,1.2807809114456177,11,53
6252,6,10,1,True,10507,1,False,True,True,True,0.0,0.0,0.7924644947052002,10,8039
6252,7,7,4,True,10507,1,False,False,False,False,0.20000001788139343,1.0,0.5317894220352173,8,7246
6252,8,11,0,True,10507,1,False,,,,,,0.7927168607711792,11,8039
6252,9,5,6,True,10507,1,False,False,False,False,0.3464101552963257,3.0,0.515751838684082,8,5281
6252,10,9,2,True,10507,1,False,True,True,True,0.0,0.0,0.7400000095367432,9,3318
6252,11,1,10,False,3,1,True,False,False,False,0.9797959327697754,8.0,0.9800000190734863,9,8974
6252,12,7,4,True,10507,1,False,True,True,True,0.0,0.0,0.5392587184906006,7,7246
6252,13,10,1,True,10507,1,False,True,True,True,0.0,0.0,0.8221921920776367,10,7246
6252,14,3,8,True,10507,1,False,False,False,False,0.19999998807907104,1.0,0.3704051673412323,4,695
6252,15,4,7,True,10507,1,False,True,True,True,0.0,0.0,0.5670979022979736,4,1955
6252,16,3,8,True,10507,1,False,False,False,False,0.2828427255153656,2.0,0.5943063497543335,5,428
6252,17,8,3,True,10507,1,False,False,False,False,0.20000001788139343,1.0,0.7343024611473083,9,9359
6252,18,7,4,True,10507,1,False,False,False,False,0.2828426957130432,2.0,0.6714164614677429,9,1964
6252,19,5,6,True,10507,1,False,False,False,False,0.34641018509864807,3.0,0.4669046998023987,8,10017
6252,20,9,2,True,10507,1,False,True,True,True,0.0,0.0,0.7400000095367432,9,3318
6252,21,6,5,True,10507,1,False,True,True,True,0.0,0.0,0.475815087556839,6,7278
6252,22,11,0,True,10507,1,False,,,,,,0.7927168607711792,11,8039
6252,23,7,4,True,10507,1,False,True,True,True,0.0,0.0,0.3831448554992676,7,2147
6252,24,11,0,True,10507,1,False,,,,,,0.7927168607711792,11,8039
6252,25,9,2,True,10507,2,False,False,False,False,0.19999998807907104,1.0,0.7665507793426514,10,5281
6252,26,11,0,True,10507,1,False,,,,,,0.7927168607711792,11,8039
6252,27,5,6,True,10507,1,False,False,False,False,0.3464101552963257,3.0,0.7224956750869751,8,10454
6252,28,7,4,True,10507,2,False,False,False,False,0.2828427255153656,2.0,0.7285602688789368,9,9359
6252,29,4,7,True,10507,7,False,True,True,True,0.0,0.0,0.5230678915977478,4,4418
6252,30,7,4,True,10507,3,False,False,False,False,0.19999998807907104,1.0,0.6409368515014648,8,3283
6252,31,1,10,False,25,1,True,False,False,False,0.8717797994613647,8.0,0.8720092177391052,9,7928
3152,0,2,9,True,10507,1,False,False,False,False,0.3464101552963257,3.0,0.5447935461997986,5,3016
3152,1,4,7,True,10507,1,False,True,True,True,0.0,0.0,0.4749737083911896,4,9541
3152,2,4,7,True,10507,4,False,False,False,False,0.3464101552963257,3.0,0.46647611260414124,7,6086
3152,3,11,0,True,10507,1,False,,,,,,0.7927168607711792,11,8039
3152,4,4,7,True,10507,2,False,False,False,False,0.2828426957130432,2.0,0.4749736487865448,6,10076
3152,5,4,7,True,10507,1,False,False,False,False,0.3999999761581421,4.0,0.5075430870056152,8,8064
3152,6,7,4,True,10507,1,False,False,False,False,0.2828426957130432,2.0,0.5242136716842651,9,8039
3152,7,7,4,True,10507,1,False,False,False,False,0.19999998807907104,1.0,0.7866384387016296,8,5625
3152,8,5,6,True,10507,1,False,False,False,False,0.2828426957130432,2.0,0.36055511236190796,7,6353
3152,9,7,4,True,10507,1,False,False,False,False,0.2828426957130432,2.0,0.7285602688789368,9,7034
3152,10,11,0,True,10507,1,False,,,,,,0.7927168607711792,11,8039
3152,11,3,8,True,10507,1,False,False,False,False,0.2828426957130432,2.0,0.5943063497543335,5,8283
3152,12,8,3,True,10507,1,False,False,False,False,0.19999998807907104,1.0,0.484974205493927,9,8974
3152,13,1,10,False,5,1,True,False,False,False,1.0198038816452026,7.0,1.0199999809265137,8,8974
3152,14,4,7,True,10507,2,False,True,True,True,0.0,0.0,0.65848308801651,4,7714
3152,15,7,4,True,10507,1,False,True,True,True,0.0,0.0,0.6471476554870605,7,1952
3152,16,8,3,True,10507,1,False,True,True,True,0.0,0.0,0.7065408825874329,8,6324
3152,17,5,6,True,10507,1,False,False,False,False,0.2828426957130432,2.0,0.5234500765800476,7,428
3152,18,9,2,True,10507,1,False,True,True,True,0.0,0.0,0.7717512845993042,9,9927
3152,19,9,2,True,10507,2,False,True,True,True,0.0,0.0,0.7400000095367432,9,3318
3152,20,9,2,True,10507,1,False,False,False,False,0.2828426957130432,2.0,0.6720119118690491,11,3318
3152,21,4,7,True,10507,2,False,True,True,True,0.0,0.0,0.5946428179740906,4,9503
3152,22,9,2,True,10507,1,False,False,False,False,0.19999998807907104,1.0,0.5758472084999084,10,4065
3152,23,6,5,True,10507,1,False,False,False,False,0.4472135901451111,2.0,0.5885576009750366,8,10017
3152,24,9,2,True,10507,1,False,False,False,False,0.2828426957130432,2.0,0.5688585042953491,11,4065
3152,25,5,6,True,10507,1,False,False,False,False,0.2828426957130432,2.0,0.5949790477752686,7,5824
3152,26,8,3,True,10507,1,False,True,True,True,0.0,0.0,0.6092618703842163,8,8974
3152,27,2,9,False,220,4,True,False,False,False,0.19999998807907104,1.0,0.20199008285999298,3,4043
3152,28,6,5,True,10507,1,False,False,False,False,0.3464101552963257,3.0,0.5607138276100159,9,9677
3152,29,11,0,True,10507,1,False,,,,,,0.7927168607711792,11,8039
3152,30,3,8,True,10507,7,False,False,False,False,0.3464101552963257,3.0,0.6878953576087952,6,2329
3152,31,11,0,True,10507,1,False,,,,,,0.7927168607711792,11,8039
8245,0,7,4,True,10507,1,False,False,False,False,0.4898979663848877,3.0,0.6219325065612793,10,6251
8245,1,8,3,True,10507,1,False,False,False,False,0.19999998807907104,1.0,0.6412488222122192,9,3318
8245,2,2,9,False,1,1,True,False,False,False,0.4000000059604645,1.0,0.4009987711906433,3,6315
8245,3,10,1,True,10507,2,False,False,False,False,0.19999998807907104,1.0,0.7668116688728333,11,9359
8245,4,1,10,False,26,1,True,False,False,False,0.5291502475738525,4.0,0.5295280814170837,5,7809
8245,5,7,4,True,10507,1,False,False,False,False,0.4898979663848877,3.0,0.6948381066322327,10,4065
8245,6,5,6,True,10507,2,False,False,False,False,0.3464101552963257,3.0,0.7549834847450256,8,5655
8245,7,6,5,True,10507,1,False,False,False,False,0.2828426957130432,2.0,0.671118438243866,8,2659
8245,8,3,8,True,10507,1,False,True,True,True,0.0,0.0,0.4745524525642395,3,9541
8245,9,7,4,True,10507,1,False,True,True,True,0.0,0.0,0.6471475958824158,7,5793
8245,10,3,8,True,10507,1,False,False,False,False,0.4000000059604645,1.0,0.6581792831420898,4,8917
8245,11,4,7,True,10507,1,False,True,True,True,0.0,0.0,0.6939740777015686,4,1309
8245,12,11,0,True,10507,1,False,,,,,,0.7927168607711792,11,8039
8245,13,2,9,False,2,1,True,False,False,False,0.7483314871788025,3.0,0.7488658428192139,5,9623
8245,14,9,2,True,10507,2,False,False,False,False,0.4000000059604645,1.0,0.8121576905250549,10,3318
8245,15,6,5,True,10507,1,False,False,False,False,0.19999998807907104,1.0,0.6651315689086914,7,2473
8245,16,10,1,True,10507,1,False,True,True,True,0.0,0.0,0.761577308177948,10,6251
8245,17,6,5,True,10507,1,False,False,False,False,0.4000000059604645,1.0,0.5535341501235962,7,1117
8245,18,2,9,True,10507,1,False,False,False,False,0.19999998807907104,1.0,0.5145872235298157,3,924
8245,19,5,6,True,10507,2,False,False,False,False,0.3464101552963257,3.0,0.6276942491531372,8,5655
8245,20,1,10,False,3,1,True,False,False,False,1.039230465888977,8.0,1.039422869682312,9,8974
8245,21,9,2,True,10507,1,False,False,False,False,0.4000000059604645,1.0,0.6720119118690491,10,7246
8245,22,11,0,True,10507,1,False,,,,,,0.7927168607711792,11,8039
8245,23,2,9,False,2,1,True,False,False,False,1.1999999284744263,9.0,1.2003332376480103,11,53
8245,24,4,7,True,10507,1,False,False,False,False,0.19999998807907104,1.0,0.430813193321228,5,8169
8245,25,3,8,True,10507,2,False,False,False,False,0.3464101552963257,3.0,0.4660471975803375,6,10
8245,26,7,4,True,10507,1,False,False,False,False,0.19999998807907104,1.0,0.6409368515014648,8,1964
8245,27,9,2,True,10507,1,False,True,True,True,0.0,0.0,0.8506468534469604,9,9938
8245,28,7,4,True,10507,1,False,True,True,True,0.0,0.0,0.7394593358039856,7,9938
8245,29,2,9,False,4,1,True,False,False,False,0.7745966911315918,6.0,0.7751129269599915,8,6251
8245,30,10,1,True,10507,1,False,False,False,False,0.19999998807907104,1.0,0.846167802810669,11,4842
8245,31,4,7,True,10507,1,False,False,False,False,0.3464101552963257,3.0,0.6273754835128784,7,7185
5801,0,6,5,True,10507,1,False,False,False,False,0.4472135901451111,2.0,0.5885576009750366,8,8039
5801,1,1,10,False,10469,1,True,True,True,True,0.0,0.0,0.019999980926513672,1,5801
5801,2,10,1,True,10507,1,False,True,True,True,0.0,0.0,0.761577308177948,10,6251
5801,3,3,8,True,10507,3,False,False,False,False,0.3464101552963257,3.0,0.5875372290611267,6,5846
5801,4,8,3,True,10507,1,False,False,False,False,0.19999998807907104,1.0,0.7343024611473083,9,8974
5801,5,3,8,False,2,2,True,False,False,False,0.800000011920929,7.0,0.800749659538269,10,7500
5801,6,9,2,True,10507,1,False,False,False,False,0.4472135901451111,2.0,0.8364209532737732,11,9359
5801,7,4,7,True,10507,2,False,False,False,False,0.2828426957130432,2.0,0.727736234664917,6,8064
5801,8,2,9,False,2,1,True,False,False,False,0.632455587387085,4.0,0.633087694644928,6,8974
5801,9,4,7,True,10507,9,False,False,False,False,0.2828426957130432,2.0,0.4749736785888672,6,7870
5801,10,3,8,True,10507,2,False,False,False,False,0.2828426957130432,2.0,0.3594440221786499,5,231
5801,11,2,9,False,2,1,True,False,False,False,0.8944272398948669,5.0,0.8948743343353271,7,6251
5801,12,4,7,False,1,1,True,False,False,False,1.1135529279708862,6.0,1.1142710447311401,10,26
5801,13,10,1,True,10507,1,False,False,False,False,0.19999998807907104,1.0,0.5329164862632751,11,8039
5801,14,2,9,False,49,2,True,False,False,False,0.3999999761581421,4.0,0.4009987413883209,6,418
5801,15,8,3,True,10507,1,False,False,False,False,0.4000000059604645,1.0,0.8313844203948975,9,6251
5801,16,8,3,True,10507,1,False,True,True,True,0.0,0.0,0.7610518932342529,8,6251
5801,17,8,3,True,10507,2,False,True,True,True,0.0,0.0,0.7397297620773315,8,5057
5801,18,6,5,True,10507,1,False,False,False,False,0.4898979663848877,3.0,0.6216108202934265,9,8039
5801,19,6,5,True,10507,7,False,False,False,False,0.3464101552963257,3.0,0.6280127167701721,9,6291
5801,20,5,6,True,10507,2,False,False,False,False,0.2828426957130432,2.0,0.4753945469856262,7,3829
5801,21,7,4,True,10507,1,False,True,True,True,0.0,0.0,0.6714164614677429,7,9513
5801,22,11,0,True,10507,1,False,,,,,,0.7927168607711792,11,8039
5801,23,3,8,False,1,1,True,False,False,False,0.7745966911315918,4.0,0.7753708958625793,7,6315
5801,24,3,8,True,10507,1,False,False,False,False,0.3464101552963257,3.0,0.4660471975803375,6,8064
5801,25,8,3,True,10507,1,False,False,False,False,0.3999999761581421,1.0,0.55425626039505,9,6251
5801,26,5,6,True,10507,1,False,True,True,True,0.0,0.0,0.7602631449699402,5,5625
5801,27,3,8,False,1,1,True,False,False,False,1.095445156097412,7.0,1.0959926843643188,10,26
5801,28,10,1,True,10507,2,False,False,False,False,0.19999998807907104,1.0,0.7668116092681885,11,3318
5801,29,8,3,True,10507,1,False,False,False,False,0.2828426957130432,2.0,0.5685067772865295,10,8039
5801,30,4,7,True,10507,1,False,False,False,False,0.3464101552963257,3.0,0.6273754835128784,7,6854
5801,31,2,9,True,10507,1,False,False,False,False,0.2828426957130432,2.0,0.5067543983459473,4,4142
939,0,5,6,True,10507,1,False,True,True,True,0.0,0.0,0.7056911587715149,5,9938
939,1,6,5,True,10507,4,False,False,False,False,0.3464101552963257,3.0,0.4673328399658203,9,2662
939,2,10,1,True,10507,1,False,True,True,True,0.0,0.0,0.4939635396003723,10,8039
939,3,10,1,True,10507,1,False,True,True,True,0.0,0.0,0.7402702569961548,10,8974
939,4,1,10,False,10419,203,True,True,True,True,0.0,0.0,0.019999980926513672,1,5448
939,5,2,9,False,1,1,True,False,False,False,1.3266499042510986,8.0,1.3269513845443726,10,26
939,6,7,4,True,10507,1,False,False,False,False,0.44721361994743347,2.0,0.6283311247825623,9,8039
939,7,6,5,True,10507,1,False,False,False,False,0.4472135901451111,2.0,0.5885575413703918,8,295
939,8,7,4,True,10507,1,False,True,True,True,0.0,0.0,0.6471476554870605,7,9927
939,9,11,0,True,10507,1,False,,,,,,0.7927168607711792,11,8039
939,10,5,6,True,10507,1,False,True,True,True,0.0,0.0,0.5674504637718201,5,5280
939,11,11,0,True,10507,1,False,,,,,,0.7927168607711792,11,8039
939,12,11,0,True,10507,1,False,,,,,,0.7927168607711792,11,8039
939,13,8,3,True,10507,1,False,True,True,True,0.0,0.0,0.8504117131233215,8,9938
939,14,3,8,True,10507,1,False,True,True,True,0.0,0.0,0.6334035396575928,3,7767
939,15,1,10,False,53,3,True,False,False,False,0.2828426957130432,2.0,0.2835489511489868,3,369
939,16,3,8,True,10507,1,False,True,True,True,0.0,0.0,0.3810511827468872,3,6062
939,17,11,0,True,10507,1,False,,,,,,0.7927168607711792,11,8039
939,18,8,3,True,10507,1,False,False,False,False,0.19999998807907104,1.0,0.6026607751846313,9,9359
939,19,5,6,True,10507,2,False,False,False,False,0.2828426957130432,2.0,0.6942622661590576,7,7412
939,20,7,4,True,10507,1,False,False,False,False,0.44721361994743347,2.0,0.5888972878456116,9,8039
939,21,4,7,True,10507,1,False,True,True,True,0.0,0.0,0.22271056473255157,4,8577
939,22,7,4,True,10507,2,False,False,False,False,0.2828426957130432,2.0,0.6948381662368774,9,5357
939,23,10,1,True,10507,2,False,False,False,False,0.19999998807907104,1.0,0.7668116092681885,11,3318
939,24,3,8,True,10507,3,False,False,False,False,0.2828426957130432,2.0,0.5071489214897156,5,7412
939,25,11,0,True,10507,1,False,,,,,,0.7927168607711792,11,8039
939,26,2,9,True,10507,1,False,True,True,True,0.0,0.0,0.22090721130371094,2,8577
939,27,2,9,True,10507,2,False,True,True,True,0.0,0.0,0.22090721130371094,2,1652
939,28,2,9,False,1,1,True,False,False,False,1.1661903858184814,9.0,1.166533350944519,11,53
939,29,1,10,False,10469,203,True,True,True,True,0.0,0.0,0.019999980926513672,1,9450
939,30,1,10,False,25,1,True,False,False,False,1.0,6.0,1.0002000331878662,7,1159
939,31,9,2,True,10507,1,False,False,False,False,0.4000000059604645,1.0,0.8121576905250549,10,8974
5743,0,9,2,True,10507,2,False,False,False,False,0.2828426957130432,2.0,0.7613146901130676,11,9359
5743,1,7,4,True,10507,1,False,False,False,False,0.2828426957130432,2.0,0.5242136716842651,9,3318
5743,2,8,3,True,10507,1,False,False,False,False,0.20000001788139343,1.0,0.7662897706031799,9,1964
5743,3,10,1,True,10507,1,False,True,True,True,0.0,0.0,0.4939635396003723,10,8039
5743,4,10,1,True,10507,2,False,False,False,False,0.19999998807907104,1.0,0.7668116688728333,11,9359
5743,5,5,6,True,10507,3,False,True,True,True,0.0,0.0,0.382099449634552,5,1948
5743,6,5,6,False,1,1,True,False,False,False,0.8485281467437744,4.0,0.8497058749198914,9,26
5743,7,11,0,True,10507,1,False,,,,,,0.7927168607711792,11,8039
5743,8,6,5,True,10507,1,False,False,False,False,0.20000001788139343,1.0,0.7552483081817627,7,10017
5743,9,7,4,True,10507,1,False,True,True,True,0.0,0.0,0.49274739623069763,7,7246
5743,10,7,4,True,10507,1,False,False,False,False,0.2828426957130432,2.0,0.5242137312889099,9,9359
5743,11,1,10,False,2983,5,True,True,True,True,0.0,0.0,0.019999995827674866,1,8319
5743,12,1,10,False,1,1,True,False,False,False,1.3856406211853027,10.0,1.3857849836349487,11,53
5743,13,7,4,True,10507,1,False,False,False,False,0.3464101552963257,3.0,0.6283311247825623,10,9359
5743,14,5,6,True,10507,1,False,False,False,False,0.19999998807907104,1.0,0.48373547196388245,6,4284
5743,15,4,7,False,1,1,True,False,False,False,0.632455587387085,4.0,0.6337192058563232,8,8039
5743,16,8,3,True,10507,1,False,False,False,False,0.20000001788139343,1.0,0.6412488222122192,9,1964
5743,17,6,5,True,10507,1,False,True,True,True,0.0,0.0,0.7391887903213501,6,1949
5743,18,8,3,True,10507,1,False,True,True,True,0.0,0.0,0.6474565863609314,8,9927
5743,19,2,9,False,4,1,True,False,False,False,1.0583006143569946,6.0,1.058678388595581,8,6251
5743,20,9,2,True,10507,2,False,True,True,True,0.0,0.0,0.7400000095367432,9,3318
5743,21,5,6,True,10507,1,False,False,False,False,0.3464101552963257,3.0,0.6276941895484924,8,9359
5743,22,7,4,True,10507,1,False,True,True,True,0.0,0.0,0.6089335083961487,7,1949
5743,23,1,10,False,1619,146,True,True,True,True,0.0,0.0,0.02000001072883606,1,8295
5743,24,1,10,False,3,1,True,False,False,False,1.039230465888977,8.0,1.039422869682312,9,8974
5743,25,8,3,True,10507,1,False,False,False,False,0.20000001788139343,1.0,0.7343024611473083,9,1964
5743,26,10,1,True,10507,1,False,True,True,True,0.0,0.0,0.7924644947052002,10,8039
5743,27,7,4,True,10507,1,False,True,True,True,0.0,0.0,0.7394593358039856,7,1964
5743,28,8,3,True,10507,1,False,False,False,False,0.2828427255153656,2.0,0.7288347482681274,10,9359
5743,29,1,10,False,5,1,True,False,False,False,0.9380831718444824,8.0,0.938296377658844,9,8974
5743,30,9,2,True,10507,1,False,True,True,True,0.0,0.0,0.7717512845993042,9,9927
5743,31,11,0,True,10507,1,False,,,,,,0.7927168607711792,11,8039
5866,0,2,9,True,10507,1,False,False,False,False,0.34641018509864807,3.0,0.4656178951263428,5,10017
5866,1,2,9,False,297,1,True,False,False,False,0.5291502475738525,4.0,0.5299056768417358,6,8098
5866,2,9,2,True,10507,1,False,True,True,True,0.0,0.0,0.7922120690345764,9,8039
5866,3,1,10,False,10419,109,True,True,True,True,0.0,0.0,0.019999980926513672,1,9266
5866,4,1,10,False,3,1,True,False,False,False,1.058300495147705,9.0,1.058489441871643,10,8974
5866,5,8,3,True,10507,1,False,True,True,True,0.0,0.0,0.4418144226074219,8,8039
5866,6,5,6,True,10507,1,False,False,False,False,0.19999998807907104,1.0,0.43127715587615967,6,2222
5866,7,5,6,True,10507,1,False,False,False,False,0.2828427255153656,2.0,0.4753945767879486,7,7246
5866,8,6,5,True,10507,1,False,False,False,False,0.2828426957130432,2.0,0.475815087556839,8,3318
5866,9,6,5,True,10507,1,False,True,True,True,0.0,0.0,0.475815087556839,6,8931
5866,10,5,6,True,10507,1,False,False,False,False,0.19999998807907104,1.0,0.29999998211860657,6,6353
5866,11,4,7,True,10507,1,False,False,False,False,0.44721361994743347,2.0,0.5455272793769836,6,8039
5866,12,6,5,True,10507,1,False,False,False,False,0.4000000059604645,4.0,0.6590903401374817,10,9359
5866,13,3,8,False,1,1,True,False,False,False,0.8717797994613647,8.0,0.8724678158760071,11,8974
5866,14,7,4,True,10507,1,False,True,True,True,0.0,0.0,0.6471476554870605,7,9927
5866,15,1,10,False,1619,109,True,True,True,True,0.0,0.0,0.02000001072883606,1,2298
5866,16,6,5,True,10507,1,False,False,False,False,0.3464101552963257,3.0,0.6651315689086914,9,1964
5866,17,11,0,True,10507,1,False,,,,,,0.7927168607711792,11,8039
5866,18,1,10,False,1,1,True,False,False,False,1.4282857179641724,10.0,1.428425669670105,11,53
5866,19,1,10,False,53,1,True,True,True,True,0.0,0.0,0.019999995827674866,1,421
5866,20,10,1,True,10507,1,False,True,True,True,0.0,0.0,0.8221921920776367,10,7246
5866,21,7,4,True,10507,1,False,True,True,True,0.0,0.0,0.44136151671409607,7,8039
5866,22,9,2,True,10507,1,False,False,False,False,0.20000001788139343,1.0,0.7871467471122742,10,8039
5866,23,4,7,True,10507,1,False,True,True,True,0.0,0.0,0.5230678915977478,4,8931
5866,24,1,10,False,2983,14,True,True,True,True,0.0,0.0,0.019999995827674866,1,8944
5866,25,1,10,False,1619,109,True,True,True,True,0.0,0.0,0.02000001072883606,1,4741
5866,26,3,8,False,1,1,True,False,False,False,1.1313707828521729,7.0,1.1319010257720947,10,26
5866,27,10,1,True,10507,1,False,True,True,True,0.0,0.0,0.7720103859901428,10,1964
5866,28,8,3,True,10507,1,False,False,False,False,0.2828427255153656,2.0,0.634980320930481,10,9359
5866,29,2,9,False,1,1,True,False,False,False,1.058300495147705,9.0,1.058678388595581,11,8974
5866,30,4,7,True,10507,1,False,False,False,False,0.2828427255153656,2.0,0.4749736785888672,6,10017
5866,31,2,9,False,7,2,True,False,False,False,0.19999998807907104,1.0,0.20199008285999298,3,418
6587,0,4,7,True,10507,1,False,False,False,False,0.19999998807907104,1.0,0.3709447383880615,5,1964
6587,1,8,3,True,10507,1,False,False,False,False,0.4000000059604645,1.0,0.595986545085907,9,8039
6587,2,5,6,True,10507,1,False,False,False,False,0.19999998807907104,1.0,0.43127715587615967,6,1964
6587,3,3,8,True,10507,1,False,True,True,True,0.0,0.0,0.2218107283115387,3,7584
6587,4,4,7,True,10507,1,False,False,False,False,0.20000001788139343,1.0,0.601331889629364,5,1949
6587,5,7,4,True,10507,1,False,True,True,True,0.0,0.0,0.7394593358039856,7,1949
6587,6,7,4,True,10507,1,False,True,True,True,0.0,0.0,0.44136154651641846,7,8039
6587,7,9,2,True,10507,1,False,False,False,False,0.4000000059604645,1.0,0.5963220596313477,10,8039
6587,8,4,7,True,10507,12,False,False,False,False,0.20000001788139343,1.0,0.3709447383880615,5,8319
6587,9,3,8,True,10507,2,False,False,False,False,0.2828426957130432,2.0,0.4209512770175934,5,9497
6587,10,2,9,True,10507,39,False,True,True,True,0.0,0.0,0.22090721130371094,2,9962
6587,11,4,7,True,10507,1,False,False,False,False,0.20000001788139343,1.0,0.601331889629364,5,1949
6587,12,7,4,True,10507,1,False,True,True,True,0.0,0.0,0.49274739623069763,7,7246
6587,13,10,1,True,10507,1,False,True,True,True,0.0,0.0,0.7924644947052002,10,8039
6587,14,7,4,True,10507,1,False,True,True,True,0.0,0.0,0.728560209274292,7,10017
6587,15,7,4,True,10507,1,False,False,False,False,0.20000000298023224,1.0,0.5317894220352173,8,8039
6587,16,2,9,True,10507,1,False,True,True,True,0.0,0.0,0.22090721130371094,2,7584
6587,17,6,5,True,10507,2,False,False,False,False,0.2828426957130432,2.0,0.475815087556839,8,9359
6587,18,1,10,False,10469,39,True,True,True,True,0.0,0.0,0.019999980926513672,1,8813
6587,19,6,5,True,10507,1,False,False,False,False,0.2828426957130432,2.0,0.7282857298851013,8,9359
6587,20,1,10,False,2983,14,True,False,False,False,0.20000001788139343,1.0,0.20099753141403198,2,360
6587,21,9,2,True,10507,1,False,True,True,True,0.0,0.0,0.8219488859176636,9,7246
6587,22,3,8,True,10507,1,False,False,False,False,0.19999998807907104,1.0,0.3704051673412323,4,4146
6587,23,10,1,True,10507,1,False,False,False,False,0.20000001788139343,1.0,0.7668116092681885,11,3318
6587,24,7,4,True,10507,1,False,True,True,True,0.0,0.0,0.49274739623069763,7,2157
6587,25,5,6,True,10507,1,False,False,False,False,0.19999998807907104,1.0,0.43127715587615967,6,4284
6587,26,9,2,True,10507,1,False,False,False,False,0.19999998807907104,1.0,0.6779381036758423,10,1964
6587,27,8,3,True,10507,6,False,False,False,False,0.19999998807907104,1.0,0.6026607751846313,9,9217
6587,28,2,9,False,7,1,True,False,False,False,0.3464101552963257,3.0,0.3475629687309265,5,423
6587,29,11,0,True,10507,1,False,,,,,,0.7927168607711792,11,8039
6587,30,4,7,False,7,2,True,False,False,False,0.19999998807907104,1.0,0.20396076142787933,5,4134
6587,31,7,4,True,10507,1,False,False,False,False,0.19999998807907104,1.0,0.48456165194511414,8,4284
5963,0,9,2,True,10507,1,False,False,False,False,0.4000000059604645,1.0,0.8411896824836731,10,1964
5963,1,1,10,False,3,1,True,False,False,False,1.1661903858184814,9.0,1.1663618087768555,10,8974
5963,2,8,3,True,10507,1,False,True,True,True,0.0,0.0,0.7919595837593079,8,7246
5963,3,2,9,True,10507,19,False,False,False,False,0.19999998807907104,1.0,0.2979932725429535,3,5309
5963,4,4,7,True,10507,1,False,False,False,False,0.19999998807907104,1.0,0.5600000023841858,5,2831
5963,5,6,5,True,10507,7,False,False,False,False,0.2828426957130432,2.0,0.5953150391578674,8,5973
5963,6,1,10,False,5,1,True,False,False,False,1.1661903858184814,9.0,1.1663618087768555,10,8974
5963,7,1,10,False,10469,1,True,True,True,True,0.0,0.0,0.019999980926513672,1,5963
5963,8,11,0,True,10507,1,False,,,,,,0.7927168607711792,11,8039
5963,9,4,7,True,10507,3,False,False,False,False,0.3464101552963257,3.0,0.5153639316558838,7,1954
5963,10,3,8,True,10507,5,False,False,False,False,0.20000001788139343,1.0,0.5596427321434021,4,6862
5963,11,7,4,True,10507,1,False,False,False,False,0.5656854510307312,2.0,0.6832276582717896,9,8039
5963,12,10,1,True,10507,1,False,True,True,True,0.0,0.0,0.761577308177948,10,8039
5963,13,5,6,True,10507,1,False,False,False,False,0.2828426957130432,2.0,0.7602631449699402,7,9938
5963,14,9,2,True,10507,1,False,True,True,True,0.0,0.0,0.7613146305084229,9,8039
5963,15,6,5,True,10507,1,False,False,False,False,0.5656854510307312,2.0,0.6468384861946106,8,10017
5963,16,4,7,False,1,1,True,False,False,False,0.9165151715278625,4.0,0.9173876643180847,8,6251
5963,17,10,1,True,10507,1,False,True,True,True,0.0,0.0,0.4939635396003723,10,8039
5963,18,7,4,True,10507,1,False,True,True,True,0.0,0.0,0.8214621543884277,7,9938
5963,19,11,0,True,10507,1,False,,,,,,0.7927168607711792,11,8039
5963,20,9,2,True,10507,1,False,False,False,False,0.6324555277824402,2.0,0.8316248655319214,11,4842
5963,21,2,9,False,1,1,True,False,False,False,0.6000000238418579,3.0,0.600666344165802,5,6315
5963,22,4,7,False,1,1,True,False,False,False,0.800000011920929,4.0,0.8009994029998779,8,8039
5963,23,1,10,False,5,1,True,False,False,False,1.1661903858184814,9.0,1.1663618087768555,10,8974
5963,24,1,10,False,2983,23,True,False,False,False,0.19999998807907104,1.0,0.2009975016117096,2,7064
5963,25,6,5,True,10507,3,False,False,False,False,0.19999998807907104,1.0,0.6019967198371887,7,6853
5963,26,9,2,True,10507,2,False,False,False,False,0.19999998807907104,1.0,0.7665507793426514,10,9359
5963,27,9,2,True,10507,1,False,True,True,True,0.0,0.0,0.8219488859176636,9,7246
5963,28,6,5,True,10507,1,False,True,True,True,0.0,0.0,0.475815087556839,6,7358
5963,29,5,6,True,10507,1,False,False,False,False,0.19999998807907104,1.0,0.48373544216156006,6,2157
5963,30,6,5,True,10507,1,False,False,False,False,0.2828426957130432,2.0,0.5953150987625122,8,5973
5963,31,9,2,True,10507,2,False,False,False,False,0.19999998807907104,1.0,0.7665507793426514,10,3318
7940,0,11,0,True,10507,1,False,,,,,,0.7927168607711792,11,8039
7940,1,7,4,True,10507,1,False,False,False,False,0.19999998807907104,1.0,0.48456165194511414,8,10472
7940,2,8,3,True,10507,1,False,False,False,False,0.2828426957130432,2.0,0.8119112849235535,10,10017
7940,3,3,8,True,10507,2,False,False,False,False,0.20000001788139343,1.0,0.5596427917480469,4,6921
7940,4,10,1,True,10507,1,False,False,False,False,0.19999998807907104,1.0,0.5761944055557251,11,4065
7940,5,11,0,True,10507,1,False,,,,,,0.7927168607711792,11,8039
7940,6,3,8,True,10507,1,False,True,True,True,0.0,0.0,0.31176915764808655,3,4148
7940,7,6,5,True,10507,1,False,False,False,False,0.4000000059604645,1.0,0.6945502161979675,7,3318
7940,8,8,3,True,10507,1,False,False,False,False,0.2828426957130432,2.0,0.5245950818061829,10,10017
7940,9,8,3,True,10507,1,False,False,False,False,0.4000000059604645,1.0,0.634980320930481,9,8039
7940,10,1,10,False,2983,9,True,True,True,True,0.0,0.0,0.019999995827674866,1,106
7940,11,9,2,True,10507,1,False,False,False,False,0.19999998807907104,1.0,0.5758472084999084,10,4065
7940,12,2,9,False,1,1,True,False,False,False,1.1661903858184814,9.0,1.166533350944519,11,53
7940,13,2,9,False,541,3,True,True,True,True,0.0,0.0,0.028284255415201187,2,5394
7940,14,4,7,True,10507,2,False,False,False,False,0.2828426957130432,2.0,0.5946427583694458,6,5054
7940,15,9,2,True,10507,1,False,False,False,False,0.19999998807907104,1.0,0.5758472084999084,10,4065
7940,16,7,4,True,10507,1,False,False,False,False,0.4472135901451111,2.0,0.6654321551322937,9,7246
7940,17,10,1,True,10507,1,False,False,False,False,0.19999998807907104,1.0,0.5761944055557251,11,4065
7940,18,6,5,True,10507,1,False,False,False,False,0.2828426957130432,2.0,0.5238320231437683,8,2157
7940,19,11,0,True,10507,1,False,,,,,,0.7927168607711792,11,8039
7940,20,10,1,True,10507,1,False,True,True,True,0.0,0.0,0.7924644947052002,10,8039
7940,21,10,1,True,10507,1,False,False,False,False,0.20000001788139343,1.0,0.7874007821083069,11,8039
7940,22,11,0,True,10507,1,False,,,,,,0.7927168607711792,11,8039
7940,23,6,5,True,10507,1,False,False,False,False,0.19999998807907104,1.0,0.4317406415939331,7,6029
7940,24,8,3,True,10507,1,False,False,False,False,0.5656854510307312,2.0,0.6835203170776367,10,8039
7940,25,2,9,False,1,1,True,False,False,False,1.0770329236984253,9.0,1.077404260635376,11,53
7940,26,5,6,True,10507,2,False,False,False,False,0.4472135901451111,5.0,0.5882176756858826,10,4810
7940,27,11,0,True,10507,1,False,,,,,,0.7927168607711792,11,8039
7940,28,5,6,True,10507,3,False,False,False,False,0.2828426957130432,2.0,0.5531726479530334,7,7189
7940,29,11,0,True,10507,1,False,,,,,,0.7927168607711792,11,8039
7940,30,8,3,True,10507,2,False,False,False,False,0.19999998807907104,1.0,0.7662898302078247,9,9359
7940,31,2,9,False,1,1,True,False,False,False,1.1661903858184814,9.0,1.1665332317352295,11,53
822,0,2,9,True,10507,1,False,False,False,False,0.2828427255153656,2.0,0.42047592997550964,4,914
822,1,7,4,True,10507,1,False,False,False,False,0.20000001788139343,1.0,0.48456165194511414,8,8039
822,2,9,2,True,10507,1,False,True,True,True,0.0,0.0,0.7922121286392212,9,8039
822,3,9,2,True,10507,1,False,False,False,False,0.4000000059604645,1.0,0.8874682784080505,10,7246
822,4,3,8,False,1,1,True,False,False,False,1.1832159757614136,7.0,1.183722972869873,10,26
822,5,11,0,True,10507,1,False,,,,,,0.7927168607711792,11,8039
822,6,2,9,False,2,1,True,False,False,False,0.2828426957130432,2.0,0.28425338864326477,4,4142
822,7,6,5,True,10507,1,False,False,False,False,0.34641018509864807,3.0,0.5161395072937012,9,8039
822,8,2,9,False,53,3,True,False,False,False,0.2828426957130432,2.0,0.28425341844558716,4,369
822,9,2,9,False,52,3,True,False,False,False,0.2828426957130432,2.0,0.28425341844558716,4,4245
822,10,9,2,True,10507,1,False,False,False,False,0.20000001788139343,1.0,0.7560423612594604,10,6251
822,11,9,2,True,10507,1,False,True,True,True,0.0,0.0,0.7613146305084229,9,6251
822,12,9,2,True,10507,1,False,False,False,False,0.19999998807907104,1.0,0.8459314703941345,10,6854
822,13,11,0,True,10507,1,False,,,,,,0.7927168607711792,11,8039
822,14,11,0,True,10507,1,False,,,,,,0.7927168607711792,11,8039
822,15,6,5,True,10507,1,False,False,False,False,0.3464101552963257,3.0,0.5885576009750366,9,8931
822,16,1,10,False,1619,63,True,True,True,True,0.0,0.0,0.02000001072883606,1,6469
822,17,5,6,True,10507,1,False,False,False,False,0.44721361994743347,2.0,0.5882176756858826,7,2157
822,18,1,10,False,5,1,True,False,False,False,1.039230465888977,8.0,1.039422869682312,9,8974
822,19,11,0,True,10507,1,False,,,,,,0.7927168607711792,11,8039
822,20,4,7,True,10507,1,False,False,False,False,0.2828426957130432,2.0,0.5230678915977478,6,295
822,21,1,10,False,25,1,True,False,False,False,1.0198038816452026,7.0,1.0199999809265137,8,1159
822,22,4,7,True,10507,6,False,False,False,False,0.20000001788139343,1.0,0.3709447383880615,5,2024
822,23,3,8,False,1,1,True,False,False,False,1.1489125490188599,8.0,1.1494345664978027,11,53
822,24,3,8,True,10507,1,False,False,False,False,0.19999998807907104,1.0,0.2986636757850647,4,5641
822,25,3,8,True,10507,1,False,False,False,False,0.20000001788139343,1.0,0.4660472273826599,4,7767
822,26,1,10,False,26,6,True,False,False,False,0.3464101552963257,3.0,0.3469870388507843,4,720
822,27,6,5,True,10507,1,False,False,False,False,0.2828426957130432,2.0,0.6711184978485107,8,9927
822,28,6,5,True,10507,1,False,False,False,False,0.4472135901451111,2.0,0.6887670755386353,8,9359
822,29,2,9,False,25,6,True,False,False,False,0.3464101552963257,3.0,0.3475629389286041,5,7889
822,30,7,4,True,10507,1,False,False,False,False,0.2828426957130432,2.0,0.7285602688789368,9,8931
822,31,4,7,True,10507,2,False,False,False,False,0.3464101552963257,3.0,0.5153639316558838,7,2171
5868,0,11,0,True,10507,1,False,,,,,,0.7927168607711792,11,8039
5868,1,7,4,True,10507,1,False,False,False,False,0.20000001788139343,1.0,0.48456165194511414,8,8039
5868,2,2,9,True,10507,1,False,True,True,True,0.0,0.0,0.3111269772052765,2,7298
5868,3,2,9,True,10507,1,False,False,False,False,0.2828426957130432,2.0,0.3588871657848358,4,7278
5868,4,8,3,True,10507,1,False,False,False,False,0.4000000059604645,1.0,0.634980320930481,9,4065
5868,5,5,6,True,10507,1,False,False,False,False,0.3464101552963257,3.0,0.7861297726631165,8,5278
5868,6,1,10,False,576,16,True,True,True,True,0.0,0.0,0.019999995827674866,1,1916
5868,7,5,6,True,10507,4,False,True,True,True,0.0,0.0,0.475394606590271,5,4142
5868,8,7,4,True,10507,2,False,False,False,False,0.4000000059604645,1.0,0.8116649985313416,8,9359
5868,9,5,6,True,10507,3,False,False,False,False,0.19999998807907104,1.0,0.5157518982887268,6,6980
5868,10,11,0,True,10507,1,False,,,,,,0.7927168607711792,11,8039
5868,11,11,0,True,10507,1,False,,,,,,0.7927168607711792,11,8039
5868,12,4,7,False,7,1,True,False,False,False,0.8717797994613647,3.0,0.8726969957351685,7,8842
5868,13,5,6,False,1,1,True,False,False,False,0.4000000059604645,1.0,0.4024922251701355,6,9623
5868,14,2,9,False,25,1,True,False,False,False,0.3999999761581421,1.0,0.4009987413883209,3,4142
5868,15,3,8,True,10507,1,False,True,True,True,0.0,0.0,0.31176915764808655,3,7298
5868,16,9,2,True,10507,1,False,True,True,True,0.0,0.0,0.7613146305084229,9,6251
5868,17,3,8,True,10507,1,False,False,False,False,0.4472135901451111,2.0,0.5875372290611267,5,384
5868,18,5,6,True,10507,1,False,False,False,False,0.5656854510307312,2.0,0.6826419234275818,7,8039
5868,19,7,4,True,10507,4,False,True,True,True,0.0,0.0,0.5681549310684204,7,9871
5868,20,8,3,True,10507,1,False,True,True,True,0.0,0.0,0.5396294593811035,8,4065
5868,21,5,6,True,10507,1,False,False,False,False,0.2828426957130432,2.0,0.5234500765800476,7,9359
5868,22,10,1,True,10507,2,False,True,True,True,0.0,0.0,0.7402702569961548,10,9359
5868,23,10,1,True,10507,1,False,True,True,True,0.0,0.0,0.7924644947052002,10,8039
5868,24,7,4,True,10507,5,False,False,False,False,0.4000000059604645,1.0,0.6593936681747437,8,2956
5868,25,3,8,True,10507,1,False,False,False,False,0.3464101552963257,3.0,0.6878953576087952,6,3905
5868,26,10,1,True,10507,1,False,True,True,True,0.0,0.0,0.7924644947052002,10,8039
5868,27,9,2,True,10507,1,False,False,False,False,0.2828426957130432,2.0,0.8411896228790283,11,4842
5868,28,7,4,True,10507,1,False,False,False,False,0.2828426957130432,2.0,0.5242136716842651,9,3318
5868,29,6,5,True,10507,3,False,False,False,False,0.19999998807907104,1.0,0.4317406415939331,7,2583
5868,30,10,1,True,10507,2,False,False,False,False,0.19999998807907104,1.0,0.7668116688728333,11,9359
5868,31,6,5,True,10507,2,False,True,True,True,0.0,0.0,0.6711184978485107,6,5063
8878,0,1,10,False,25,1,True,False,False,False,1.0198038816452026,7.0,1.0199999809265137,8,7928
8878,1,5,6,True,10507,1,False,True,True,True,0.0,0.0,0.44045430421829224,5,1952
8878,2,5,6,True,10507,2,False,False,False,False,0.20000001788139343,1.0,0.6016644239425659,6,2147
8878,3,8,3,True,10507,1,False,True,True,True,0.0,0.0,0.4418144226074219,8,8039
8878,4,8,3,True,10507,1,False,False,False,False,0.2828426957130432,2.0,0.6717142462730408,10,3318
8878,5,4,7,True,10507,5,False,True,True,True,0.0,0.0,0.5230678915977478,4,9606
8878,6,11,0,True,10507,1,False,,,,,,0.7927168607711792,11,8039
8878,7,4,7,True,10507,1,False,False,False,False,0.2828427255153656,2.0,0.727736234664917,6,9927
8878,8,7,4,True,10507,1,False,False,False,False,0.20000000298023224,1.0,0.48456165194511414,8,8039
8878,9,7,4,True,10507,1,False,True,True,True,0.0,0.0,0.821462094783783,7,7246
8878,10,11,0,True,10507,1,False,,,,,,0.7927168607711792,11,8039
8878,11,4,7,True,10507,2,False,True,True,True,0.0,0.0,0.31240999698638916,4,1023
8878,12,4,7,True,10507,1,False,False,False,False,0.20000001788139343,1.0,0.3709447383880615,5,7584
8878,13,11,0,True,10507,1,False,,,,,,0.7927168607711792,11,8039
8878,14,9,2,True,10507,2,False,False,False,False,0.19999998807907104,1.0,0.6415606141090393,10,3318
8878,15,1,10,False,53,8,True,True,True,True,0.0,0.0,0.019999995827674866,1,8818
8878,16,1,10,False,5,1,True,False,False,False,0.9380831718444824,8.0,0.938296377658844,9,8974
8878,17,7,4,True,10507,1,False,False,False,False,0.20000001788139343,1.0,0.73403000831604,8,1949
8878,18,1,10,False,3,1,True,False,False,False,1.039230465888977,8.0,1.039422869682312,9,8974
8878,19,6,5,True,10507,4,False,False,False,False,0.19999998807907104,1.0,0.37202149629592896,7,2661
8878,20,5,6,True,10507,5,False,False,False,False,0.20000001788139343,1.0,0.5603570342063904,6,5993
8878,21,2,9,False,2,1,True,False,False,False,1.216552495956421,7.0,1.216881275177002,9,6251
8878,22,3,8,False,1,1,True,False,False,False,0.4472135901451111,2.0,0.4485532343387604,5,6315
8878,23,8,3,True,10507,1,False,True,True,True,0.0,0.0,0.5396294593811035,8,7246
8878,24,9,2,True,10507,1,False,False,False,False,0.2828427255153656,2.0,0.7613146901130676,11,3318
8878,25,6,5,True,10507,1,False,False,False,False,0.20000001788139343,1.0,0.4841487407684326,7,7246
8878,26,2,9,False,2,1,True,False,False,False,1.216552495956421,7.0,1.216881275177002,9,6251
8878,27,1,10,False,5,1,True,False,False,False,0.9380831718444824,8.0,0.938296377658844,9,8974
8878,28,4,7,True,10507,1,False,False,False,False,0.34641018509864807,3.0,0.5153639912605286,7,8039
8878,29,4,7,True,10507,2,False,True,True,True,0.0,0.0,0.38157567381858826,4,9125
8878,30,6,5,True,10507,1,False,False,False,False,0.20000000298023224,1.0,0.4317406415939331,7,10017
8878,31,7,4,True,10507,1,False,False,False,False,0.2828426957130432,2.0,0.5242137312889099,9,9359
4891,0,9,2,True,10507,1,False,True,True,True,0.0,0.0,0.7400000095367432,9,9359
4891,1,3,8,True,10507,4,False,False,False,False,0.19999998807907104,1.0,0.3704051673412323,4,2644
4891,2,8,3,True,10507,1,False,True,True,True,0.0,0.0,0.6474565863609314,8,1964
4891,3,8,3,True,10507,1,False,False,False,False,0.19999998807907104,1.0,0.6776430010795593,9,1964
4891,4,5,6,True,10507,1,False,True,True,True,0.0,0.0,0.3130495250225067,5,4246
4891,5,11,0,True,10507,1,False,,,,,,0.7927168607711792,11,8039
4891,6,5,6,True,10507,1,False,False,False,False,0.2828426957130432,2.0,0.36055511236190796,7,4134
4891,7,11,0,True,10507,1,False,,,,,,0.7927168607711792,11,8039
4891,8,7,4,True,10507,1,False,True,True,True,0.0,0.0,0.5392587184906006,7,7246
4891,9,9,2,True,10507,1,False,False,False,False,0.20000001788139343,1.0,0.8459314703941345,10,7246
4891,10,10,1,True,10507,1,False,True,True,True,0.0,0.0,0.4939635396003723,10,8039
4891,11,8,3,True,10507,1,False,True,True,True,0.0,0.0,0.8217055201530457,8,7246
4891,12,3,8,False,52,8,True,False,False,False,0.20000001788139343,1.0,0.20297783613204956,4,6598
4891,13,3,8,True,10507,1,False,True,True,True,0.0,0.0,0.2218107283115387,3,4246
4891,14,1,10,False,5,1,True,False,False,False,0.8485281467437744,7.0,0.8487638831138611,8,8974
4891,15,10,1,True,10507,1,False,False,False,False,0.20000001788139343,1.0,0.7874007821083069,11,8039
4891,16,10,1,True,10507,1,False,True,True,True,0.0,0.0,0.4939635396003723,10,8039
4891,17,8,3,True,10507,1,False,False,False,False,0.19999998807907104,1.0,0.7343024611473083,9,9359
4891,18,6,5,True,10507,5,False,True,True,True,0.0,0.0,0.5238320827484131,6,360
4891,19,1,10,False,576,4,True,False,False,False,0.2828426957130432,2.0,0.2835489511489868,3,2308
4891,20,4,7,True,10507,2,False,False,False,False,0.19999998807907104,1.0,0.6997142434120178,5,8040
4891,21,7,4,True,10507,1,False,False,False,False,0.2828427255153656,2.0,0.6714164614677429,9,9927
4891,22,2,9,False,10418,74,True,True,True,True,0.0,0.0,0.028284244239330292,2,1089
4891,23,1,10,False,53,8,True,False,False,False,0.20000001788139343,1.0,0.20099753141403198,2,408
4891,24,1,10,False,576,4,True,False,False,False,0.2828426957130432,2.0,0.28354892134666443,3,7730
4891,25,1,10,False,1619,47,True,True,True,True,0.0,0.0,0.02000001072883606,1,6258
4891,26,3,8,False,2,1,True,False,False,False,0.2828426957130432,2.0,0.2849561274051666,5,4142
4891,27,7,4,True,10507,1,False,True,True,True,0.0,0.0,0.7394593358039856,7,9927
4891,28,1,10,False,1619,47,True,True,True,True,0.0,0.0,0.02000001072883606,1,4859
4891,29,11,0,True,10507,1,False,,,,,,0.7927168607711792,11,8039
4891,30,2,9,False,53,8,True,False,False,False,0.20000001788139343,1.0,0.20199011266231537,3,8836
4891,31,4,7,True,10507,1,False,False,False,False,0.20000001788139343,1.0,0.3709447383880615,5,2345
6796,0,8,3,True,10507,1,False,True,True,True,0.0,0.0,0.7919595837593079,8,2157
6796,1,8,3,True,10507,1,False,True,True,True,0.0,0.0,0.6474565863609314,8,9927
6796,2,5,6,True,10507,1,False,False,False,False,0.3464101552963257,3.0,0.6884766221046448,8,422
6796,3,4,7,True,10507,4,False,True,True,True,0.0,0.0,0.22271056473255157,4,2024
6796,4,6,5,True,10507,1,False,False,False,False,0.4000000059604645,1.0,0.781281054019928,7,5641
6796,5,3,8,True,10507,1,False,True,True,True,0.0,0.0,0.31176915764808655,3,7358
6796,6,8,3,True,10507,1,False,False,False,False,0.44721361994743347,2.0,0.8361818194389343,10,1964
6796,7,3,8,True,10507,23,False,True,True,True,0.0,0.0,0.42095133662223816,3,6801
6796,8,8,3,True,10507,1,False,False,False,False,0.20000001788139343,1.0,0.7343024611473083,9,9359
6796,9,1,10,False,3,1,True,False,False,False,1.1135529279708862,9.0,1.1137324571609497,10,8974
6796,10,10,1,True,10507,1,False,True,True,True,0.0,0.0,0.8221921920776367,10,7246
6796,11,7,4,True,10507,2,False,False,False,False,0.4000000059604645,1.0,0.8116649985313416,8,3318
6796,12,9,2,True,10507,1,False,False,False,False,0.19999998807907104,1.0,0.6779381036758423,10,1964
6796,13,6,5,True,10507,1,False,False,False,False,0.3464101552963257,3.0,0.786384105682373,9,2659
6796,14,6,5,True,10507,1,False,False,False,False,0.44721361994743347,2.0,0.5885576009750366,8,8039
6796,15,8,3,True,10507,1,False,False,False,False,0.4000000059604645,1.0,0.595986545085907,9,8039
6796,16,4,7,True,10507,5,False,True,True,True,0.0,0.0,0.38157567381858826,4,6862
6796,17,10,1,True,10507,1,False,True,True,True,0.0,0.0,0.4939635396003723,10,8039
6796,18,5,6,True,10507,1,False,False,False,False,0.19999998807907104,1.0,0.43127715587615967,6,4146
6796,19,8,3,True,10507,1,False,True,True,True,0.0,0.0,0.8217055797576904,8,9938
6796,20,7,4,True,10507,1,False,False,False,False,0.3464101552963257,3.0,0.7866383790969849,10,2659
6796,21,5,6,True,10507,1,False,False,False,False,0.2828426957130432,2.0,0.5234500765800476,7,9927
6796,22,9,2,True,10507,1,False,True,True,True,0.0,0.0,0.7613146305084229,9,10017
6796,23,9,2,True,10507,1,False,False,False,False,0.19999998807907104,1.0,0.6779381036758423,10,1964
6796,24,11,0,True,10507,1,False,,,,,,0.7927168607711792,11,8039
6796,25,5,6,True,10507,6,False,False,False,False,0.20000001788139343,1.0,0.5603570342063904,6,1961
6796,26,1,10,False,3,1,True,False,False,False,1.1135529279708862,9.0,1.1137324571609497,10,8974
6796,27,2,9,False,1,1,True,False,False,False,1.399999976158142,8.0,1.4002857208251953,10,26
6796,28,2,9,True,10507,4,False,False,False,False,0.2828426957130432,2.0,0.5067543983459473,4,5531
6796,29,1,10,False,25,1,True,False,False,False,1.1489125490188599,8.0,1.149086594581604,9,7928
6796,30,7,4,True,10507,1,False,True,True,True,0.0,0.0,0.6089335083961487,7,295
6796,31,4,7,True,10507,3,False,False,False,False,0.2828426957130432,2.0,0.4749736785888672,6,1948
6942,0,6,5,True,10507,1,False,False,False,False,0.19999998807907104,1.0,0.6019967198371887,7,9359
6942,1,10,1,True,10507,1,False,False,False,False,0.3999999761581421,1.0,0.6723094582557678,11,4065
6942,2,11,0,True,10507,1,False,,,,,,0.7927168607711792,11,8039
6942,3,8,3,True,10507,1,False,False,False,False,0.44721361994743347,2.0,0.5892367959022522,10,8039
6942,4,7,4,True,10507,1,False,False,False,False,0.20000001788139343,1.0,0.43220365047454834,8,8039
6942,5,3,8,True,10507,1,False,False,False,False,0.44721361994743347,2.0,0.5451605319976807,5,2157
6942,6,11,0,True,10507,1,False,,,,,,0.7927168607711792,11,8039
6942,7,6,5,True,10507,1,False,False,False,False,0.2828426957130432,2.0,0.634350061416626,8,9359
6942,8,5,6,True,10507,1,False,True,True,True,0.0,0.0,0.6340347528457642,5,5823
6942,9,10,1,True,10507,1,False,True,True,True,0.0,0.0,0.7402702569961548,10,8974
6942,10,1,10,False,25,1,True,False,False,False,1.0,6.0,1.0002000331878662,7,5760
6942,11,5,6,True,10507,1,False,True,True,True,0.0,0.0,0.5234501361846924,5,9665
6942,12,10,1,True,10507,1,False,True,True,True,0.0,0.0,0.761577308177948,10,8039
6942,13,9,2,True,10507,2,False,False,False,False,0.4000000059604645,1.0,0.8121576905250549,10,3318
6942,14,11,0,True,10507,1,False,,,,,,0.7927168607711792,11,8039
6942,15,10,1,True,10507,1,False,False,False,False,0.19999998807907104,1.0,0.846167802810669,11,4842
6942,16,2,9,False,2,1,True,False,False,False,0.4898979663848877,6.0,0.4907137453556061,8,8974
6942,17,6,5,True,10507,1,False,False,False,False,0.4898979663848877,3.0,0.5817216634750366,9,8039
6942,18,11,0,True,10507,1,False,,,,,,0.7927168607711792,11,8039
6942,19,4,7,True,10507,2,False,False,False,False,0.19999998807907104,1.0,0.2993325889110565,5,695
6942,20,4,7,True,10507,1,False,False,False,False,0.44721361994743347,2.0,0.5455272793769836,6,2157
6942,21,10,1,True,10507,1,False,True,True,True,0.0,0.0,0.7402702569961548,10,3318
6942,22,3,8,False,23,3,True,False,False,False,0.4000000059604645,1.0,0.4014972150325775,4,720
6942,23,11,0,True,10507,1,False,,,,,,0.7927168607711792,11,8039
6942,24,9,2,True,10507,2,False,True,True,True,0.0,0.0,0.7400000095367432,9,9359
6942,25,11,0,True,10507,1,False,,,,,,0.7927168607711792,11,8039
6942,26,11,0,True,10507,1,False,,,,,,0.7927168607711792,11,8039
6942,27,4,7,True,10507,2,False,True,True,True,0.0,0.0,0.6337192058563232,4,490
6942,28,9,2,True,10507,1,False,True,True,True,0.0,0.0,0.7922121286392212,9,8039
6942,29,3,8,False,1619,16,True,False,False,False,0.20000001788139343,1.0,0.20297783613204956,4,749
6942,30,3,8,True,10507,1,False,False,False,False,0.19999998807907104,1.0,0.5149757266044617,4,10067
6942,31,2,9,False,23,3,True,False,False,False,0.4000000059604645,1.0,0.4009987711906433,3,10070
4566,0,8,3,True,10507,1,False,False,False,False,0.20000001788139343,1.0,0.484974205493927,9,8039
4566,1,8,3,True,10507,2,False,False,False,False,0.2828426957130432,2.0,0.7288347482681274,10,6324
4566,2,11,0,True,10507,1,False,,,,,,0.7927168607711792,11,8039
4566,3,5,6,True,10507,1,False,False,False,False,0.3464101552963257,3.0,0.5458937883377075,8,4516
4566,4,2,9,False,25,1,True,False,False,False,0.19999998807907104,1.0,0.20199008285999298,3,4142
4566,5,3,8,True,10507,2,False,False,False,False,0.19999998807907104,1.0,0.5149757266044617,4,5716
4566,6,4,7,True,10507,2,False,False,False,False,0.3999999761581421,4.0,0.6209669709205627,8,5357
4566,7,4,7,True,10507,2,False,False,False,False,0.2828426957130432,2.0,0.4214261472225189,6,676
4566,8,6,5,True,10507,6,False,False,False,False,0.19999998807907104,1.0,0.6019967198371887,7,4137
4566,9,2,9,False,2,1,True,False,False,False,0.9591662883758545,6.0,0.9595832824707031,8,6251
4566,10,8,3,True,10507,1,False,False,False,False,0.4898979365825653,3.0,0.6951258778572083,11,4842
4566,11,10,1,True,10507,1,False,True,True,True,0.0,0.0,0.761577308177948,10,6251
4566,12,1,10,False,3,1,True,False,False,False,0.8485281467437744,7.0,0.8487638235092163,8,8974
4566,13,9,2,True,10507,1,False,False,False,False,0.19999998807907104,1.0,0.7345747351646423,10,9359
4566,14,2,9,False,2,1,True,False,False,False,0.9591662883758545,6.0,0.9595832824707031,8,6251
4566,15,2,9,True,10507,2,False,False,False,False,0.19999998807907104,1.0,0.687604546546936,3,5943
4566,16,1,10,False,53,1,True,True,True,True,0.0,0.0,0.019999995827674866,1,405
4566,17,1,10,False,10469,83,True,True,True,True,0.0,0.0,0.019999980926513672,1,6516
4566,18,5,6,True,10507,4,False,True,True,True,0.0,0.0,0.5234501361846924,5,2024
4566,19,9,2,True,10507,1,False,True,True,True,0.0,0.0,0.7400000691413879,9,9359
4566,20,8,3,True,10507,1,False,True,True,True,0.0,0.0,0.7714921236038208,8,1964
4566,21,9,2,True,10507,1,False,False,False,False,0.4000000059604645,1.0,0.8121576905250549,10,9359
4566,22,4,7,True,10507,1,False,False,False,False,0.3464101552963257,3.0,0.5878775715827942,7,7233
4566,23,8,3,True,10507,1,False,True,True,True,0.0,0.0,0.7397297024726868,8,1964
4566,24,7,4,True,10507,2,False,True,True,True,0.0,0.0,0.5242137312889099,7,6814
4566,25,8,3,True,10507,1,False,False,False,False,0.2828426957130432,2.0,0.7919596433639526,10,5281
4566,26,1,10,False,576,8,True,False,False,False,0.2828426957130432,2.0,0.28354892134666443,3,7081
4566,27,11,0,True,10507,1,False,,,,,,0.7927168607711792,11,8039
4566,28,2,9,False,10418,83,True,True,True,True,0.0,0.0,0.028284244239330292,2,4566
4566,29,4,7,True,10507,1,False,False,False,False,0.3464101552963257,3.0,0.5455272793769836,7,422
4566,30,10,1,True,10507,2,False,False,False,False,0.19999998807907104,1.0,0.7668116688728333,11,9359
4566,31,4,7,True,10507,1,False,False,False,False,0.2828426957130432,2.0,0.5946427583694458,6,8931
1189,0,3,8,True,10507,2,False,False,False,False,0.19999998807907104,1.0,0.3704051673412323,4,2116
1189,1,5,6,True,10507,3,False,False,False,False,0.19999998807907104,1.0,0.5603570342063904,6,7132
1189,2,6,5,True,10507,1,False,False,False,False,0.2828426957130432,2.0,0.671118438243866,8,9927
1189,3,7,4,True,10507,1,False,False,False,False,0.19999998807907104,1.0,0.6023288369178772,8,2147
1189,4,1,10,False,25,1,True,False,False,False,1.0954450368881226,8.0,1.0956276655197144,9,7928
1189,5,2,9,False,1,1,True,False,False,False,1.058300495147705,9.0,1.058678388595581,11,8974
1189,6,10,1,True,10507,1,False,True,True,True,0.0,0.0,0.8221921920776367,10,7246
1189,7,8,3,True,10507,1,False,False,False,False,0.20000001788139343,1.0,0.484974205493927,9,8039
1189,8,3,8,True,10507,3,False,False,False,False,0.20000001788139343,1.0,0.3704051673412323,4,5308
1189,9,8,3,True,10507,1,False,False,False,False,0.20000001788139343,1.0,0.484974205493927,9,8039
1189,10,8,3,True,10507,2,False,False,False,False,0.19999998807907104,1.0,0.7343024611473083,9,6324
1189,11,4,7,True,10507,1,False,False,False,False,0.20000001788139343,1.0,0.6645299196243286,5,7767
1189,12,9,2,True,10507,2,False,False,False,False,0.4472135901451111,2.0,0.836421012878418,11,3318
1189,13,9,2,True,10507,1,False,True,True,True,0.0,0.0,0.5399999618530273,9,7246
1189,14,10,1,True,10507,1,False,True,True,True,0.0,0.0,0.7924644947052002,10,8039
1189,15,9,2,True,10507,1,False,True,True,True,0.0,0.0,0.49355846643447876,9,8039
1189,16,2,9,True,10507,1,False,False,False,False,0.19999998807907104,1.0,0.369864821434021,3,6086
1189,17,4,7,False,220,22,True,True,True,True,0.0,0.0,0.039999984204769135,4,4221
1189,18,5,6,True,10507,1,False,False,False,False,0.19999998807907104,1.0,0.6016643643379211,6,2831
1189,19,1,10,False,2983,22,True,True,True,True,0.0,0.0,0.019999995827674866,1,4095
1189,20,6,5,True,10507,1,False,False,False,False,0.4472135901451111,2.0,0.7552483677864075,8,1964
1189,21,4,7,True,10507,2,False,True,True,True,0.0,0.0,0.4214261770248413,4,4245
1189,22,2,9,False,1,1,True,False,False,False,1.3711308240890503,9.0,1.371422529220581,11,53
1189,23,9,2,True,10507,1,False,False,False,False,0.19999998807907104,1.0,0.6415606141090393,10,3318
1189,24,11,0,True,10507,1,False,,,,,,0.7927168607711792,11,8039
1189,25,10,1,True,10507,1,False,True,True,True,0.0,0.0,0.4939635396003723,10,8039
1189,26,4,7,True,10507,1,False,False,False,False,0.4000000059604645,4.0,0.780768871307373,8,2659
1189,27,9,2,True,10507,1,False,True,True,True,0.0,0.0,0.5399999618530273,9,7246
1189,28,6,5,True,10507,1,False,True,True,True,0.0,0.0,0.44090813398361206,6,10017
1189,29,9,2,True,10507,1,False,True,True,True,0.0,0.0,0.8219488859176636,9,7246
1189,30,7,4,True,10507,1,False,False,False,False,0.3464101552963257,3.0,0.7866383790969849,10,2659
1189,31,8,3,True,10507,1,False,False,False,False,0.19999998807907104,1.0,0.6776430010795593,9,1964
2550,0,3,8,True,10507,1,False,False,False,False,0.2828426957130432,2.0,0.6936858296394348,5,7185
2550,1,1,10,False,5,1,True,False,False,False,0.9165151715278625,7.0,0.9167333841323853,8,8974
2550,2,7,4,True,10507,3,False,False,False,False,0.2828426957130432,2.0,0.47623521089553833,9,2583
2550,3,6,5,True,10507,1,False,False,False,False,0.6000000238418579,3.0,0.7116178870201111,9,6251
2550,4,10,1,True,10507,2,False,True,True,True,0.0,0.0,0.7402702569961548,10,3318
2550,5,9,2,True,10507,1,False,False,False,False,0.4000000059604645,1.0,0.8121576905250549,10,8974
2550,6,11,0,True,10507,1,False,,,,,,0.7927168607711792,11,8039
2550,7,11,0,True,10507,1,False,,,,,,0.7927168607711792,11,8039
2550,8,1,10,False,2983,32,True,True,True,True,0.0,0.0,0.019999995827674866,1,1734
2550,9,4,7,True,10507,1,False,False,False,False,0.2828426957130432,2.0,0.5946427583694458,6,5824
2550,10,4,7,True,10507,1,False,False,False,False,0.3464101552963257,3.0,0.6273754835128784,7,8283
2550,11,5,6,True,10507,7,False,False,False,False,0.2828426957130432,2.0,0.5949789881706238,7,6291
2550,12,7,4,True,10507,1,False,False,False,False,0.2828426957130432,2.0,0.5956509113311768,9,254
2550,13,5,6,True,10507,1,False,False,False,False,0.3464101552963257,3.0,0.6648308038711548,8,9938
2550,14,3,8,True,10507,2,False,False,False,False,0.3464101552963257,3.0,0.5875372290611267,6,2797
2550,15,9,2,True,10507,1,False,False,False,False,0.19999998807907104,1.0,0.8170679211616516,10,2157
2550,16,3,8,False,1,1,True,False,False,False,1.0,8.0,1.00059974193573,11,53
2550,17,9,2,True,10507,2,False,False,False,False,0.4472135901451111,2.0,0.836421012878418,11,3318
2550,18,8,3,True,10507,1,False,False,False,False,0.19999998807907104,1.0,0.6412488222122192,9,3318
2550,19,9,2,True,10507,1,False,False,False,False,0.2828426957130432,2.0,0.8411896228790283,11,4842
2550,20,3,8,True,10507,1,False,False,False,False,0.2828426957130432,2.0,0.4745524227619171,5,875
2550,21,6,5,True,10507,1,False,False,False,False,0.3464101552963257,3.0,0.5607138276100159,9,9927
2550,22,8,3,True,10507,1,False,False,False,False,0.4472135901451111,2.0,0.7233256697654724,10,9359
2550,23,10,1,True,10507,1,False,False,False,False,0.19999998807907104,1.0,0.846167802810669,11,4842
2550,24,8,3,True,10507,1,False,False,False,False,0.40000003576278687,1.0,0.8597674369812012,9,6251
2550,25,10,1,True,10507,1,False,False,False,False,0.20000001788139343,1.0,0.7874007821083069,11,8039
2550,26,2,9,False,7,1,True,False,False,False,0.3464101552963257,3.0,0.3475629389286041,5,405
2550,27,9,2,True,10507,2,False,False,False,False,0.4472135901451111,2.0,0.836421012878418,11,3318
2550,28,2,9,False,2,1,True,False,False,False,1.1135529279708862,8.0,1.1139119863510132,10,26
2550,29,8,3,True,10507,1,False,False,False,False,0.4898979365825653,3.0,0.7288346886634827,11,7246
2550,30,1,10,False,53,1,True,False,False,False,0.4472135901451111,2.0,0.4476605951786041,3,6455
2550,31,10,1,True,10507,1,False,False,False,False,0.19999998807907104,1.0,0.8461678624153137,11,7246
1452,0,8,3,True,10507,2,False,False,False,False,0.19999998807907104,1.0,0.7662897706031799,9,5057
1452,1,10,1,True,10507,1,False,False,False,False,0.19999998807907104,1.0,0.846167802810669,11,4842
1452,2,6,5,True,10507,1,False,False,False,False,0.6633249521255493,5.0,0.796492338180542,11,4810
1452,3,2,9,True,10507,4,False,True,True,True,0.0,0.0,0.22090721130371094,2,1682
1452,4,6,5,True,10507,1,False,False,False,False,0.19999998807907104,1.0,0.7657676339149475,7,8917
1452,5,4,7,True,10507,1,False,False,False,False,0.2828426957130432,2.0,0.4749736785888672,6,6806
1452,6,7,4,True,10507,1,False,False,False,False,0.2828426957130432,2.0,0.5681549310684204,9,9927
1452,7,3,8,True,10507,1,False,False,False,False,0.3464101552963257,3.0,0.4660471975803375,6,893
1452,8,3,8,False,2,1,True,False,False,False,1.039230465888977,7.0,1.039807677268982,10,26
1452,9,11,0,True,10507,1,False,,,,,,0.7927168607711792,11,8039
1452,10,1,10,False,5,1,True,False,False,False,0.8717797994613647,7.0,0.8720092177391052,8,6251
1452,11,8,3,True,10507,1,False,False,False,False,0.6928203105926514,3.0,0.7919596433639526,11,8039
1452,12,8,3,True,10507,1,False,False,False,False,0.4898979365825653,3.0,0.7504665851593018,11,9359
1452,13,8,3,True,10507,1,False,False,False,False,0.6928203105926514,3.0,0.7919596433639526,11,8039
1452,14,2,9,True,10507,1,False,False,False,False,0.2828426957130432,2.0,0.5067543983459473,4,5835
1452,15,2,9,False,49,1,True,False,False,False,0.2828426957130432,2.0,0.28425341844558716,4,10030
1452,16,11,0,True,10507,1,False,,,,,,0.7927168607711792,11,8039
1452,17,5,6,True,10507,1,False,False,False,False,0.19999998807907104,1.0,0.699999988079071,6,250
1452,18,6,5,True,10507,1,False,False,False,False,0.4898979663848877,3.0,0.8309031128883362,9,8029
1452,19,5,6,True,10507,1,False,True,True,True,0.0,0.0,0.670820415019989,5,8442
1452,20,6,5,True,10507,1,False,False,False,False,0.4472135901451111,2.0,0.7552483677864075,8,1964
1452,21,1,10,False,10419,263,True,True,True,True,0.0,0.0,0.019999980926513672,1,3244
1452,22,8,3,True,10507,1,False,False,False,False,0.4000000059604645,1.0,0.634980320930481,9,8039
1452,23,8,3,True,10507,2,False,False,False,False,0.4472135901451111,2.0,0.8361818790435791,10,3318
1452,24,9,2,True,10507,2,False,False,False,False,0.4472135901451111,2.0,0.836421012878418,11,9359
1452,25,4,7,True,10507,1,False,False,False,False,0.3464101552963257,3.0,0.6273754835128784,7,1160
1452,26,4,7,True,10507,1,False,False,False,False,0.19999998807907104,1.0,0.6881860494613647,5,3948
1452,27,4,7,True,10507,6,False,True,True,True,0.0,0.0,0.38157567381858826,4,7870
1452,28,11,0,True,10507,1,False,,,,,,0.7927168607711792,11,8039
1452,29,3,8,True,10507,4,False,True,True,True,0.0,0.0,0.2218107283115387,3,1307
1452,30,3,8,True,10507,1,False,True,True,True,0.0,0.0,0.4745524227619171,3,8936
1452,31,4,7,True,10507,1,False,False,False,False,0.2828426957130432,2.0,0.5528109669685364,6,9687
387,0,7,4,True,10507,1,False,False,False,False,0.2828426957130432,2.0,0.634665310382843,9,3318
387,1,7,4,True,10507,1,False,False,False,False,0.2828427255153656,2.0,0.7815369367599487,9,8039
387,2,8,3,True,10507,1,False,False,False,False,0.2828427255153656,2.0,0.634980320930481,10,9359
387,3,5,6,True,10507,1,False,False,False,False,0.34641018509864807,3.0,0.4669046998023987,8,8039
387,4,1,10,False,26,2,True,False,False,False,0.5291503071784973,4.0,0.5295281410217285,5,8039
387,5,6,5,True,10507,1,False,False,False,False,0.19999998807907104,1.0,0.4317406415939331,7,10472
387,6,6,5,True,10507,1,False,False,False,False,0.19999998807907104,1.0,0.6019967198371887,7,2147
387,7,3,8,False,1,1,True,False,False,False,1.0198040008544922,6.0,1.0203920602798462,9,26
387,8,4,7,True,10507,1,False,False,False,False,0.19999998807907104,1.0,0.466476172208786,5,422
387,9,2,9,False,53,2,True,False,False,False,0.19999998807907104,1.0,0.20199008285999298,3,423
387,10,10,1,True,10507,1,False,True,True,True,0.0,0.0,0.4939635396003723,10,8039
387,11,5,6,True,10507,1,False,False,False,False,0.19999998807907104,1.0,0.48373547196388245,6,10472
387,12,5,6,True,10507,1,False,False,False,False,0.2828426957130432,2.0,0.7280110120773315,7,6854
387,13,8,3,True,10507,1,False,True,True,True,0.0,0.0,0.49315309524536133,8,8039
387,14,11,0,True,10507,1,False,,,,,,0.7927168607711792,11,8039
387,15,1,10,False,10469,8,True,True,True,True,0.0,0.0,0.019999980926513672,1,598
387,16,10,1,True,10507,1,False,True,True,True,0.0,0.0,0.4939635396003723,10,8039
387,17,6,5,True,10507,2,False,False,False,False,0.2828426957130432,2.0,0.7282856702804565,8,3318
387,18,4,7,True,10507,1,False,False,False,False,0.3464101552963257,3.0,0.5600000023841858,7,1964
387,19,4,7,True,10507,1,False,False,False,False,0.4000000059604645,1.0,0.5528109669685364,5,8039
387,20,9,2,True,10507,1,False,True,True,True,0.0,0.0,0.49355849623680115,9,8039
387,21,5,6,True,10507,1,False,False,False,False,0.19999998807907104,1.0,0.6648308038711548,6,8931
387,22,7,4,True,10507,1,False,False,False,False,0.3464101552963257,3.0,0.6654322147369385,10,9359
387,23,8,3,True,10507,2,False,True,True,True,0.0,0.0,0.7397297024726868,8,3318
387,24,2,9,True,10507,3,False,False,False,False,0.2828426957130432,2.0,0.5067543983459473,4,4516
387,25,3,8,True,10507,1,False,True,True,True,0.0,0.0,0.2218107283115387,3,3134
387,26,2,9,True,10507,6,False,True,True,True,0.0,0.0,0.4741308093070984,2,9826
387,27,7,4,True,10507,1,False,False,False,False,0.20000001788139343,1.0,0.755513072013855,8,8039
387,28,11,0,True,10507,1,False,,,,,,0.7927168607711792,11,8039
387,29,3,8,False,2,1,True,False,False,False,0.8246211409568787,8.0,0.8253484964370728,11,8974
387,30,1,10,False,25,1,True,False,False,False,0.9797958731651306,7.0,0.9800000190734863,8,7928
387,31,7,4,True,10507,1,False,False,False,False,0.19999998807907104,1.0,0.6409368515014648,8,3318
5910,0,5,6,True,10507,1,False,False,False,False,0.4472135901451111,2.0,0.8544003367424011,7,10017
5910,1,7,4,True,10507,1,False,False,False,False,0.19999998807907104,1.0,0.48456165194511414,8,10017
5910,2,11,0,True,10507,1,False,,,,,,0.7927168607711792,11,8039
5910,3,4,7,True,10507,1,False,False,False,False,0.3464101552963257,3.0,0.7222188115119934,7,8931
5910,4,4,7,True,10507,1,False,False,False,False,0.19999998807907104,1.0,0.3709447383880615,5,9683
5910,5,5,6,True,10507,2,False,False,False,False,0.19999998807907104,1.0,0.48373547196388245,6,6853
5910,6,10,1,True,10507,2,False,False,False,False,0.19999998807907104,1.0,0.7668116688728333,11,9359
5910,7,3,8,True,10507,1,False,False,False,False,0.3464101552963257,3.0,0.5149757266044617,6,2659
5910,8,3,8,True,10507,1,False,False,False,False,0.3464101552963257,3.0,0.4660471975803375,6,295
5910,9,5,6,True,10507,2,False,False,False,False,0.20000001788139343,1.0,0.6016643643379211,6,370
5910,10,6,5,True,10507,1,False,False,False,False,0.2828426957130432,2.0,0.6711184978485107,8,9927
5910,11,8,3,True,10507,1,False,False,False,False,0.19999998807907104,1.0,0.6776430010795593,9,1964
5910,12,7,4,True,10507,1,False,True,True,True,0.0,0.0,0.5242137312889099,7,3134
5910,13,5,6,True,10507,1,False,False,False,False,0.3464101552963257,3.0,0.6648308038711548,8,1949
5910,14,5,6,True,10507,1,False,False,False,False,0.4000000059604645,1.0,0.5949790477752686,6,2157
5910,15,11,0,True,10507,1,False,,,,,,0.7927168607711792,11,8039
5910,16,8,3,True,10507,1,False,False,False,False,0.19999998807907104,1.0,0.484974205493927,9,10017
5910,17,7,4,True,10507,1,False,False,False,False,0.2828426957130432,2.0,0.7285602688789368,9,8931
5910,18,10,1,True,10507,2,False,False,False,False,0.19999998807907104,1.0,0.7668116092681885,11,3318
5910,19,4,7,True,10507,1,False,False,False,False,0.3464101552963257,3.0,0.4664761424064636,7,295
5910,20,9,2,True,10507,1,False,False,False,False,0.20000001788139343,1.0,0.8170679211616516,10,7246
5910,21,7,4,True,10507,1,False,False,False,False,0.6928203105926514,4.0,0.8214621543884277,11,4842
5910,22,9,2,True,10507,1,False,False,False,False,0.20000001788139343,1.0,0.7560423612594604,10,6251
5910,23,7,4,True,10507,1,False,False,False,False,0.4472135901451111,2.0,0.8548684120178223,9,10017
5910,24,8,3,True,10507,1,False,False,False,False,0.44721361994743347,2.0,0.5892367959022522,10,8039
5910,25,6,5,True,10507,1,False,False,False,False,0.3464101552963257,3.0,0.722772479057312,9,8931
5910,26,2,9,False,1619,63,True,True,True,True,0.0,0.0,0.028284266591072083,2,2754
5910,27,2,9,True,10507,1,False,False,False,False,0.2828427255153656,2.0,0.5067543983459473,4,7767
5910,28,6,5,True,10507,1,False,False,False,False,0.4000000059604645,1.0,0.5953150987625122,7,2157
5910,29,10,1,True,10507,1,False,False,False,False,0.20000001788139343,1.0,0.7874007821083069,11,8039
5910,30,6,5,True,10507,2,False,False,False,False,0.19999998807907104,1.0,0.601996660232544,7,6324
5910,31,5,6,True,10507,2,False,False,False,False,0.2828426957130432,2.0,0.4753945469856262,7,1023
5254,0,2,9,False,2,1,True,True,True,True,0.0,0.0,0.028284266591072083,2,4142
5254,1,3,8,True,10507,3,False,False,False,False,0.19999998807907104,1.0,0.4303486943244934,4,1954
5254,2,6,5,True,10507,2,False,False,False,False,0.2828426957130432,2.0,0.4223742187023163,8,9497
5254,3,7,4,True,10507,1,False,True,True,True,0.0,0.0,0.6471476554870605,7,1952
5254,4,3,8,True,10507,9,False,False,False,False,0.19999998807907104,1.0,0.3704051673412323,4,8059
5254,5,6,5,True,10507,1,False,True,True,True,0.0,0.0,0.5238320827484131,6,5641
5254,6,7,4,True,10507,1,False,False,False,False,0.44721361994743347,2.0,0.6654322147369385,9,8039
5254,7,10,1,True,10507,1,False,False,False,False,0.19999998807907104,1.0,0.846167802810669,11,4842
5254,8,7,4,True,10507,1,False,True,True,True,0.0,0.0,0.6471476554870605,7,1949
5254,9,8,3,True,10507,1,False,False,False,False,0.4898979365825653,3.0,0.6951258778572083,11,4842
5254,10,9,2,True,10507,2,False,False,False,False,0.20000001788139343,1.0,0.7665507793426514,10,1964
5254,11,11,0,True,10507,1,False,,,,,,0.7927168607711792,11,8039
5254,12,11,0,True,10507,1,False,,,,,,0.7927168607711792,11,8039
5254,13,5,6,False,3,2,True,False,False,False,0.2828426957130432,2.0,0.2863563895225525,7,423
5254,14,10,1,True,10507,1,False,True,True,True,0.0,0.0,0.7402702569961548,10,3318
5254,15,5,6,True,10507,1,False,True,True,True,0.0,0.0,0.5234501361846924,5,5641
5254,16,5,6,True,10507,1,False,False,False,False,0.3464101552963257,3.0,0.6276941895484924,8,254
5254,17,2,9,True,10507,1,False,False,False,False,0.19999998807907104,1.0,0.2979932725429535,3,5163
5254,18,7,4,True,10507,1,False,False,False,False,0.2828426957130432,2.0,0.7285602688789368,9,8931
5254,19,3,8,True,10507,2,False,False,False,False,0.3464101552963257,3.0,0.4660471975803375,6,9125
5254,20,1,10,False,576,1,True,True,True,True,0.0,0.0,0.019999995827674866,1,7997
5254,21,2,9,False,297,15,True,False,False,False,0.19999998807907104,1.0,0.20199008285999298,3,7002
5254,22,9,2,True,10507,1,False,True,True,True,0.0,0.0,0.8219488859176636,9,7246
5254,23,11,0,True,10507,1,False,,,,,,0.7927168607711792,11,8039
5254,24,2,9,False,1,1,True,False,False,False,1.1661903858184814,9.0,1.1665332317352295,11,53
5254,25,5,6,True,10507,1,False,False,False,False,0.19999998807907104,1.0,0.43127715587615967,6,4146
5254,26,10,1,True,10507,1,False,True,True,True,0.0,0.0,0.7924644947052002,10,8039
5254,27,9,2,True,10507,1,False,False,False,False,0.20000001788139343,1.0,0.8459314703941345,10,7246
5254,28,2,9,False,1,1,True,False,False,False,1.2489995956420898,9.0,1.2493197917938232,11,53
5254,29,2,9,True,10507,1,False,False,False,False,0.19999998807907104,1.0,0.4656178951263428,3,9840
5254,30,4,7,True,10507,1,False,False,False,False,0.19999998807907104,1.0,0.6645299196243286,5,9150
5254,31,5,6,True,10507,11,False,False,False,False,0.19999998807907104,1.0,0.6016644239425659,6,312
4769,0,3,8,False,2,1,True,True,True,True,0.0,0.0,0.034641001373529434,3,4142
4769,1,7,4,True,10507,1,False,False,False,False,0.4898979067802429,3.0,0.6948380470275879,10,4842
4769,2,4,7,True,10507,1,False,False,False,False,0.2828426957130432,2.0,0.42142611742019653,6,6814
4769,3,6,5,True,10507,1,False,False,False,False,0.4898979663848877,3.0,0.6216108202934265,9,8039
4769,4,10,1,True,10507,1,False,True,True,True,0.0,0.0,0.7924644947052002,10,8039
4769,5,8,3,True,10507,1,False,False,False,False,0.3999999761581421,1.0,0.6717142462730408,9,4065
4769,6,2,9,True,10507,1,False,False,False,False,0.2828426957130432,2.0,0.5067543983459473,4,7412
4769,7,7,4,True,10507,1,False,False,False,False,0.5656854510307312,2.0,0.6832276582717896,9,8039
4769,8,11,0,True,10507,1,False,,,,,,0.7927168607711792,11,8039
4769,9,8,3,True,10507,1,False,False,False,False,0.4000000059604645,1.0,0.595986545085907,9,8039
4769,10,2,9,False,1619,3,True,True,True,True,0.0,0.0,0.028284266591072083,2,9398
4769,11,11,0,True,10507,1,False,,,,,,0.7927168607711792,11,8039
4769,12,2,9,False,3,1,True,False,False,False,0.4472135901451111,5.0,0.44810712337493896,7,8974
4769,13,7,4,True,10507,1,False,False,False,False,0.4472135603427887,2.0,0.6283311247825623,9,1022
4769,14,7,4,True,10507,1,False,False,False,False,0.19999998807907104,1.0,0.6023288369178772,8,9359
4769,15,8,3,True,10507,3,False,False,False,False,0.2828426957130432,2.0,0.7610519528388977,10,5057
4769,16,3,8,True,10507,1,False,True,True,True,0.0,0.0,0.31176915764808655,3,4280
4769,17,8,3,True,10507,1,False,False,False,False,0.20000001788139343,1.0,0.6412488222122192,9,1964
4769,18,5,6,True,10507,1,False,False,False,False,0.20000000298023224,1.0,0.5603570938110352,6,10202
4769,19,3,8,True,10507,1,False,False,False,False,0.2828426957130432,2.0,0.5071489214897156,5,7412
4769,20,5,6,True,10507,1,False,False,False,False,0.4898979365825653,3.0,0.6212890148162842,8,9359
4769,21,4,7,True,10507,2,False,False,False,False,0.19999998807907104,1.0,0.6997142434120178,5,8064
4769,22,8,3,True,10507,1,False,False,False,False,0.4472135901451111,2.0,0.6657326817512512,10,4065
4769,23,11,0,True,10507,1,False,,,,,,0.7927168607711792,11,8039
4769,24,4,7,False,1,1,True,False,False,False,0.5999999642372131,3.0,0.601331889629364,7,9623
4769,25,3,8,False,510,15,True,False,False,False,0.19999998807907104,1.0,0.20297782123088837,4,7003
4769,26,11,0,True,10507,1,False,,,,,,0.7927168607711792,11,8039
4769,27,5,6,True,10507,1,False,False,False,False,0.2828426957130432,2.0,0.5234500765800476,7,10472
4769,28,3,8,False,1,1,True,False,False,False,1.1313707828521729,7.0,1.1319010257720947,10,26
4769,29,4,7,False,7,1,True,False,False,False,0.6633249521255493,3.0,0.6645299792289734,7,8842
4769,30,1,10,False,10469,81,True,True,True,True,0.0,0.0,0.019999980926513672,1,5233
4769,31,9,2,True,10507,1,False,False,False,False,0.2828426957130432,2.0,0.8411896228790283,11,4842
5775,0,10,1,True,10507,1,False,True,True,True,0.0,0.0,0.4939635396003723,10,8039
5775,1,9,2,True,10507,2,False,False,False,False,0.19999998807907104,1.0,0.7665507793426514,10,3318
5775,2,1,10,False,1,1,True,False,False,False,1.3856406211853027,10.0,1.3857849836349487,11,53
5775,3,2,9,False,1,1,True,False,False,False,0.9797959327697754,7.0,0.9802041053771973,9,26
5775,4,3,8,False,7,1,True,False,False,False,0.6324555277824402,2.0,0.6334035396575928,5,8842
5775,5,3,8,True,10507,2,False,False,False,False,0.19999998807907104,1.0,0.5149757266044617,4,8430
5775,6,7,4,True,10507,1,False,True,True,True,0.0,0.0,0.5681549310684204,7,2147
5775,7,5,6,True,10507,2,False,False,False,False,0.19999998807907104,1.0,0.6016643643379211,6,6854
5775,8,6,5,True,10507,1,False,False,False,False,0.34641018509864807,3.0,0.4673328399658203,9,8039
5775,9,5,6,True,10507,1,False,False,False,False,0.19999998807907104,1.0,0.48373547196388245,6,3318
5775,10,4,7,True,10507,1,False,True,True,True,0.0,0.0,0.31240999698638916,4,5021
5775,11,4,7,False,1,1,True,False,False,False,0.4000000059604645,4.0,0.4019950032234192,8,9623
5775,12,4,7,True,10507,1,False,False,False,False,0.3464101552963257,3.0,0.6273754835128784,7,658
5775,13,8,3,True,10507,1,False,False,False,False,0.2828426957130432,2.0,0.5685067772865295,10,4065
5775,14,3,8,True,10507,1,False,False,False,False,0.19999998807907104,1.0,0.4660472273826599,4,3703
5775,15,8,3,True,10507,1,False,False,False,False,0.40000003576278687,1.0,0.634980320930481,9,8039
5775,16,4,7,True,10507,1,False,False,False,False,0.3464101552963257,3.0,0.4664761424064636,7,9359
5775,17,7,4,True,10507,1,False,False,False,False,0.2828426957130432,2.0,0.5681548714637756,9,4065
5775,18,9,2,True,10507,1,False,False,False,False,0.20000001788139343,1.0,0.4853864312171936,10,8039
5775,19,3,8,False,1,1,True,False,False,False,1.1832159757614136,8.0,1.183722972869873,11,53
5775,20,10,1,True,10507,1,False,True,True,True,0.0,0.0,0.7402702569961548,10,3318
5775,21,6,5,True,10507,1,False,False,False,False,0.34641018509864807,3.0,0.4673328697681427,9,8039
5775,22,8,3,True,10507,1,False,False,False,False,0.20000001788139343,1.0,0.7343024611473083,9,9359
5775,23,11,0,True,10507,1,False,,,,,,0.7927168607711792,11,8039
5775,24,8,3,True,10507,1,False,True,True,True,0.0,0.0,0.7397297620773315,8,9359
5775,25,4,7,False,3,1,True,True,True,True,0.0,0.0,0.03999999165534973,4,423
5775,26,8,3,True,10507,1,False,False,False,False,0.20000001788139343,1.0,0.7343024611473083,9,9359
5775,27,2,9,True,10507,3,False,False,False,False,0.2828427255153656,2.0,0.5067543983459473,4,8931
5775,28,5,6,True,10507,2,False,False,False,False,0.3464101552963257,3.0,0.5603570342063904,8,9873
5775,29,7,4,True,10507,1,False,False,False,False,0.20000001788139343,1.0,0.6023288369178772,8,3318
5775,30,8,3,True,10507,1,False,False,False,False,0.2828426957130432,2.0,0.5685067772865295,10,4065
5775,31,4,7,True,10507,1,False,True,True,True,0.0,0.0,0.31240999698638916,4,6573
10400,0,9,2,True,10507,1,False,True,True,True,0.0,0.0,0.6095900535583496,9,8974
10400,1,11,0,True,10507,1,False,,,,,,0.7927168607711792,11,8039
10400,2,1,10,False,10469,1,True,True,True,True,0.0,0.0,0.019999980926513672,1,10400
10400,3,4,7,False,1,1,True,False,False,False,0.6324555277824402,4.0,0.6337192058563232,8,8974
10400,4,7,4,True,10507,1,False,True,True,True,0.0,0.0,0.44136151671409607,7,8974
10400,5,11,0,True,10507,1,False,,,,,,0.7927168607711792,11,8039
10400,6,7,4,True,10507,1,False,False,False,False,0.4000000059604645,1.0,0.5538952946662903,8,6251
10400,7,5,6,True,10507,1,False,True,True,True,0.0,0.0,0.5674504637718201,5,2301
10400,8,3,8,True,10507,1,False,True,True,True,0.0,0.0,0.31176915764808655,3,7264
10400,9,7,4,True,10507,1,False,True,True,True,0.0,0.0,0.44136151671409607,7,7045
10400,10,6,5,True,10507,1,False,False,False,False,0.4000000059604645,1.0,0.5953150391578674,7,4065
10400,11,6,5,True,10507,2,False,False,False,False,0.20000000298023224,1.0,0.6019967198371887,7,5793
10400,12,11,0,True,10507,1,False,,,,,,0.7927168607711792,11,8039
10400,13,8,3,True,10507,1,False,False,False,False,0.19999998807907104,1.0,0.7343024611473083,9,8974
10400,14,7,4,True,10507,1,False,False,False,False,0.4472135901451111,2.0,0.6890573501586914,9,8974
10400,15,2,9,True,10507,1,False,False,False,False,0.3464101552963257,3.0,0.4656178653240204,5,3829
10400,16,10,1,True,10507,1,False,True,True,True,0.0,0.0,0.761577308177948,10,8039
10400,17,2,9,False,2920,1,True,True,True,True,0.0,0.0,0.028284255415201187,2,10400
10400,18,6,5,True,10507,2,False,True,True,True,0.0,0.0,0.7059745788574219,6,9359
10400,19,4,7,False,1,1,True,False,False,False,0.6324555277824402,4.0,0.6337192058563232,8,8974
10400,20,10,1,True,10507,1,False,True,True,True,0.0,0.0,0.7402702569961548,10,8974
10400,21,8,3,True,10507,2,False,True,True,True,0.0,0.0,0.7397297024726868,8,3318
10400,22,5,6,True,10507,1,False,False,False,False,0.2828427255153656,2.0,0.4219004511833191,7,6251
10400,23,2,9,False,49,1,True,False,False,False,0.4000000059604645,4.0,0.4009987413883209,6,422
10400,24,6,5,True,10507,1,False,False,False,False,0.3464101552963257,3.0,0.6651315689086914,9,5278
10400,25,9,2,True,10507,1,False,True,True,True,0.0,0.0,0.49355849623680115,9,4065
10400,26,6,5,True,10507,1,False,True,True,True,0.0,0.0,0.38262251019477844,6,6324
10400,27,8,3,True,10507,2,False,True,True,True,0.0,0.0,0.7065408825874329,8,3318
10400,28,7,4,True,10507,2,False,False,False,False,0.19999998807907104,1.0,0.6023288369178772,8,1608
10400,29,6,5,True,10507,1,False,False,False,False,0.19999998807907104,1.0,0.601996660232544,7,3318
10400,30,11,0,True,10507,1,False,,,,,,0.7927168607711792,11,8039
10400,31,7,4,True,10507,1,False,True,True,True,0.0,0.0,0.728560209274292,7,8039
2881,0,10,1,True,10507,1,False,True,True,True,0.0,0.0,0.4939635396003723,10,8039
2881,1,6,5,True,10507,1,False,False,False,False,0.19999998807907104,1.0,0.4317406415939331,7,695
2881,2,7,4,True,10507,2,False,True,True,True,0.0,0.0,0.5681549310684204,7,5994
2881,3,10,1,True,10507,1,False,True,True,True,0.0,0.0,0.7924644947052002,10,8039
2881,4,10,1,True,10507,1,False,True,True,True,0.0,0.0,0.7924644947052002,10,8039
2881,5,6,5,True,10507,2,False,False,False,False,0.4472135901451111,2.0,0.722772479057312,8,3318
2881,6,10,1,True,10507,1,False,False,False,False,0.20000001788139343,1.0,0.7874007821083069,11,8039
2881,7,10,1,True,10507,1,False,True,True,True,0.0,0.0,0.7924644947052002,10,8039
2881,8,2,9,False,1,1,True,False,False,False,1.341640830039978,8.0,1.341938853263855,10,53
2881,9,4,7,True,10507,10,False,False,False,False,0.2828426957130432,2.0,0.4749736785888672,6,370
2881,10,5,6,True,10507,1,False,False,False,False,0.19999998807907104,1.0,0.5157518982887268,6,2563
2881,11,1,10,False,10469,43,True,True,True,True,0.0,0.0,0.019999980926513672,1,9110
2881,12,1,10,False,26,1,True,False,False,False,0.4472135603427887,2.0,0.44766056537628174,3,4142
2881,13,2,9,True,10507,5,False,False,False,False,0.2828426957130432,2.0,0.5067543983459473,4,800
2881,14,5,6,True,10507,5,False,False,False,False,0.19999998807907104,1.0,0.5157518982887268,6,9030
2881,15,9,2,True,10507,2,False,True,True,True,0.0,0.0,0.7400000691413879,9,9359
2881,16,3,8,False,7,1,True,False,False,False,0.8944271802902222,4.0,0.8950977921485901,7,8842
2881,17,8,3,True,10507,1,False,True,True,True,0.0,0.0,0.7397297024726868,8,8974
2881,18,5,6,True,10507,3,False,False,False,False,0.19999998807907104,1.0,0.5157518982887268,6,2924
2881,19,7,4,True,10507,1,False,False,False,False,0.44721361994743347,2.0,0.6283311247825623,9,4065
2881,20,4,7,True,10507,1,False,False,False,False,0.5291503071784973,4.0,0.6144917011260986,8,4065
2881,21,5,6,True,10507,1,False,False,False,False,0.2828426957130432,2.0,0.4753945469856262,7,9619
2881,22,10,1,True,10507,1,False,True,True,True,0.0,0.0,0.7402702569961548,10,8974
2881,23,11,0,True,10507,1,False,,,,,,0.7927168607711792,11,8039
2881,24,8,3,True,10507,1,False,False,False,False,0.20000001788139343,1.0,0.5321654081344604,9,4065
2881,25,2,9,False,23,3,True,False,False,False,0.6324555277824402,2.0,0.633087694644928,4,720
2881,26,1,10,False,10469,43,True,True,True,True,0.0,0.0,0.019999980926513672,1,7802
2881,27,5,6,True,10507,1,False,False,False,False,0.20000000298023224,1.0,0.5603570342063904,6,1160
2881,28,5,6,True,10507,1,False,False,False,False,0.2828426957130432,2.0,0.6340347528457642,7,6854
2881,29,7,4,True,10507,1,False,True,True,True,0.0,0.0,0.3831448554992676,7,2147
2881,30,5,6,True,10507,1,False,False,False,False,0.4898979663848877,3.0,0.6212890148162842,8,4065
2881,31,2,9,False,23,3,True,False,False,False,0.6324555277824402,2.0,0.633087694644928,4,720
7332,0,7,4,True,10507,1,False,True,True,True,0.0,0.0,0.6089335083961487,7,8029
7332,1,3,8,True,10507,1,False,False,False,False,0.20000001788139343,1.0,0.4303487241268158,4,9677
7332,2,9,2,True,10507,1,False,False,False,False,0.4000000059604645,1.0,0.8411896824836731,10,5793
7332,3,1,10,False,10419,4,True,True,True,True,0.0,0.0,0.019999980926513672,1,7332
7332,4,5,6,True,10507,2,False,False,False,False,0.2828426957130432,2.0,0.7280110120773315,7,5655
7332,5,9,2,True,10507,1,False,False,False,False,0.20000001788139343,1.0,0.4853864312171936,10,8039
7332,6,4,7,True,10507,1,False,False,False,False,0.2828426957130432,2.0,0.35999995470046997,6,5641
7332,7,6,5,True,10507,1,False,False,False,False,0.4000000059604645,1.0,0.5953150987625122,7,2157
7332,8,2,9,True,10507,4,False,True,True,True,0.0,0.0,0.42047592997550964,2,7332
7332,9,6,5,True,10507,1,False,True,True,True,0.0,0.0,0.44090813398361206,6,9677
7332,10,5,6,True,10507,4,False,False,False,False,0.2828426957130432,2.0,0.5234500765800476,7,1948
7332,11,6,5,True,10507,1,False,False,False,False,0.34641018509864807,3.0,0.5607138276100159,9,8039
7332,12,4,7,True,10507,1,False,False,False,False,0.3464101552963257,3.0,0.4664761424064636,7,5281
7332,13,6,5,True,10507,1,False,False,False,False,0.2828427255153656,2.0,0.5238320231437683,8,7246
7332,14,4,7,True,10507,1,False,False,False,False,0.2828427255153656,2.0,0.4214261472225189,6,9677
7332,15,9,2,True,10507,1,False,False,False,False,0.4472135901451111,2.0,0.6660330295562744,11,4065
7332,16,8,3,True,10507,1,False,False,False,False,0.2828426957130432,2.0,0.7610518932342529,10,9359
7332,17,4,7,True,10507,1,False,True,True,True,0.0,0.0,0.4749737083911896,4,10067
7332,18,11,0,True,10507,1,False,,,,,,0.7927168607711792,11,8039
7332,19,2,9,True,10507,1,False,False,False,False,0.2828427255153656,2.0,0.42047592997550964,4,9677
7332,20,9,2,True,10507,1,False,False,False,False,0.20000001788139343,1.0,0.8459314703941345,10,7246
7332,21,10,1,True,10507,1,False,True,True,True,0.0,0.0,0.4939635396003723,10,8039
7332,22,8,3,True,10507,1,False,False,False,False,0.4472135901451111,2.0,0.6657326817512512,10,4065
7332,23,11,0,True,10507,1,False,,,,,,0.7927168607711792,11,8039
7332,24,3,8,True,10507,1,False,False,False,False,0.2828427255153656,2.0,0.552449107170105,5,9677
7332,25,7,4,True,10507,1,False,False,False,False,0.2828426957130432,2.0,0.5956509113311768,9,9359
7332,26,2,9,True,10507,1,False,False,False,False,0.2828427255153656,2.0,0.42047592997550964,4,9677
7332,27,5,6,True,10507,2,False,False,False,False,0.20000001788139343,1.0,0.5157518982887268,6,9359
7332,28,8,3,True,10507,2,False,True,True,True,0.0,0.0,0.6092618703842163,8,9359
7332,29,7,4,True,10507,1,False,False,False,False,0.19999998807907104,1.0,0.561070442199707,8,8974
7332,30,1,10,False,3,1,True,False,False,False,0.800000011920929,5.0,0.8002499938011169,6,8974
7332,31,10,1,True,10507,1,False,False,False,False,0.20000001788139343,1.0,0.7874007821083069,11,8039
4903,0,11,0,True,10507,1,False,,,,,,0.7927168607711792,11,8039
4903,1,10,1,True,10507,1,False,True,True,True,0.0,0.0,0.8221921920776367,10,7246
4903,2,1,10,False,26,3,True,True,True,True,0.0,0.0,0.019999995827674866,1,8830
4903,3,7,4,True,10507,1,False,False,False,False,0.2828426957130432,2.0,0.634665310382843,9,1964
4903,4,5,6,True,10507,3,False,True,True,True,0.0,0.0,0.5674504637718201,5,1954
4903,5,1,10,False,25,1,True,False,False,False,1.0198038816452026,7.0,1.0199999809265137,8,7928
4903,6,10,1,True,10507,1,False,True,True,True,0.0,0.0,0.8221921920776367,10,7246
4903,7,3,8,True,10507,2,False,True,True,True,0.0,0.0,0.31176915764808655,3,1023
4903,8,11,0,True,10507,1,False,,,,,,0.7927168607711792,11,8039
4903,9,5,6,True,10507,2,False,False,False,False,0.3464101552963257,3.0,0.6276941895484924,8,9359
4903,10,11,0,True,10507,1,False,,,,,,0.7927168607711792,11,8039
4903,11,2,9,True,10507,1,False,False,False,False,0.2828427255153656,2.0,0.3588871657848358,4,10017
4903,12,7,4,True,10507,1,False,True,True,True,0.0,0.0,0.7917070388793945,7,7246
4903,13,10,1,True,10507,1,False,True,True,True,0.0,0.0,0.761577308177948,10,8039
4903,14,5,6,True,10507,2,False,False,False,False,0.2828427255153656,2.0,0.7280110120773315,7,2659
4903,15,3,8,False,6,1,True,False,False,False,0.2828426957130432,2.0,0.284956157207489,5,423
4903,16,4,7,True,10507,1,False,False,False,False,0.20000001788139343,1.0,0.5600000023841858,5,1952
4903,17,5,6,True,10507,1,False,False,False,False,0.2828427255153656,2.0,0.6340347528457642,7,9927
4903,18,1,10,False,576,1,True,False,False,False,0.4000000059604645,4.0,0.40049970149993896,5,4033
4903,19,2,9,True,10507,1,False,False,False,False,0.20000001788139343,1.0,0.2979933023452759,3,7584
4903,20,11,0,True,10507,1,False,,,,,,0.7927168607711792,11,8039
4903,21,5,6,True,10507,1,False,False,False,False,0.20000001788139343,1.0,0.6016643643379211,6,1949
4903,22,4,7,True,10507,1,False,False,False,False,0.20000001788139343,1.0,0.5600000023841858,5,1949
4903,23,5,6,True,10507,6,False,False,False,False,0.19999998807907104,1.0,0.3714834749698639,6,9217
4903,24,11,0,True,10507,1,False,,,,,,0.7927168607711792,11,8039
4903,25,9,2,True,10507,1,False,True,True,True,0.0,0.0,0.7922121286392212,9,7246
4903,26,7,4,True,10507,1,False,False,False,False,0.3464101552963257,3.0,0.6654322147369385,10,9359
4903,27,1,10,False,3,1,True,False,False,False,1.039230465888977,8.0,1.039422869682312,9,8974
4903,28,6,5,True,10507,1,False,False,False,False,0.3464101552963257,3.0,0.5161395072937012,9,9359
4903,29,9,2,True,10507,1,False,True,True,True,0.0,0.0,0.7922121286392212,9,7246
4903,30,7,4,True,10507,1,False,False,False,False,0.20000001788139343,1.0,0.6023288369178772,8,1964
4903,31,11,0,True,10507,1,False,,,,,,0.7927168607711792,11,8039
6914,0,10,1,True,10507,1,False,False,False,False,0.20000001788139343,1.0,0.7874007821083069,11,8039
6914,1,11,0,True,10507,1,False,,,,,,0.7927168607711792,11,8039
6914,2,10,1,True,10507,1,False,False,False,False,0.20000001788139343,1.0,0.7874007821083069,11,8039
6914,3,9,2,True,10507,1,False,False,False,False,0.5656853914260864,2.0,0.7820485830307007,11,4065
6914,4,5,6,False,3,1,True,False,False,False,0.2828426957130432,2.0,0.2863564193248749,7,423
6914,5,2,9,True,10507,3,False,False,False,False,0.2828426957130432,2.0,0.3588871657848358,4,8422
6914,6,10,1,True,10507,1,False,True,True,True,0.0,0.0,0.7924644947052002,10,8039
6914,7,5,6,True,10507,1,False,False,False,False,0.2828426957130432,2.0,0.670820415019989,7,9927
6914,8,8,3,True,10507,1,False,False,False,False,0.2828426957130432,2.0,0.6092618703842163,10,7246
6914,9,7,4,True,10507,1,False,False,False,False,0.2828426957130432,2.0,0.7607890963554382,9,8029
6914,10,8,3,True,10507,1,False,False,False,False,0.19999998807907104,1.0,0.5321654081344604,9,7246
6914,11,2,9,True,10507,1,False,True,True,True,0.0,0.0,0.4741308093070984,2,8028
6914,12,3,8,False,1,1,True,False,False,False,0.2828426957130432,2.0,0.2849561274051666,5,6315
6914,13,8,3,True,10507,1,False,False,False,False,0.19999998807907104,1.0,0.7662897706031799,9,9927
6914,14,10,1,True,10507,1,False,True,True,True,0.0,0.0,0.7720103859901428,10,1964
6914,15,6,5,True,10507,1,False,False,False,False,0.2828426957130432,2.0,0.6343501210212708,8,1964
6914,16,9,2,True,10507,1,False,True,True,True,0.0,0.0,0.7717512845993042,9,1964
6914,17,4,7,True,10507,1,False,False,False,False,0.2828426957130432,2.0,0.35999995470046997,6,6315
6914,18,6,5,True,10507,1,False,True,True,True,0.0,0.0,0.5238320827484131,6,9186
6914,19,4,7,True,10507,1,False,True,True,True,0.0,0.0,0.38157567381858826,4,8273
6914,20,7,4,True,10507,1,False,False,False,False,0.2828426957130432,2.0,0.5242136716842651,9,10017
6914,21,4,7,True,10507,1,False,True,True,True,0.0,0.0,0.5230678915977478,4,10067
6914,22,1,10,False,1,1,True,False,False,False,1.2328827381134033,10.0,1.233044981956482,11,53
6914,23,10,1,True,10507,1,False,True,True,True,0.0,0.0,0.7924644947052002,10,8039
6914,24,9,2,True,10507,1,False,False,False,False,0.19999998807907104,1.0,0.8170679211616516,10,2157
6914,25,6,5,True,10507,1,False,True,True,True,0.0,0.0,0.5678027868270874,6,1964
6914,26,8,3,True,10507,1,False,False,False,False,0.4472135901451111,2.0,0.6657326817512512,10,7246
6914,27,4,7,True,10507,2,False,False,False,False,0.3464101552963257,3.0,0.5153639316558838,7,8310
6914,28,1,10,False,2983,17,True,True,True,True,0.0,0.0,0.019999995827674866,1,5750
6914,29,8,3,True,10507,1,False,False,False,False,0.4898979365825653,3.0,0.6596968770027161,11,1022
6914,30,3,8,True,10507,1,False,False,False,False,0.2828426957130432,2.0,0.3594439923763275,5,6086
6914,31,1,10,False,1,1,True,False,False,False,1.2328827381134033,10.0,1.233044981956482,11,53
8116,0,9,2,True,10507,1,False,False,False,False,0.20000001788139343,1.0,0.7871467471122742,10,8039
8116,1,3,8,False,3,2,True,False,False,False,0.19999998807907104,1.0,0.20297782123088837,4,418
8116,2,9,2,True,10507,1,False,True,True,True,0.0,0.0,0.7400000095367432,9,3318
8116,3,5,6,True,10507,4,False,False,False,False,0.19999998807907104,1.0,0.5603570342063904,6,3747
8116,4,6,5,True,10507,1,False,False,False,False,0.3464101552963257,3.0,0.5161395072937012,9,1964
8116,5,11,0,True,10507,1,False,,,,,,0.7927168607711792,11,8039
8116,6,8,3,True,10507,1,False,False,False,False,0.19999998807907104,1.0,0.6412488222122192,9,3318
8116,7,7,4,True,10507,1,False,True,True,True,0.0,0.0,0.5681549310684204,7,7882
8116,8,4,7,False,245,1,True,True,True,True,0.0,0.0,0.03999997675418854,4,10486
8116,9,4,7,True,10507,1,False,False,False,False,0.2828426957130432,2.0,0.5528110265731812,6,4036
8116,10,3,8,True,10507,1,False,False,False,False,0.2828426957130432,2.0,0.42095130681991577,5,10202
8116,11,7,4,True,10507,1,False,False,False,False,0.2828426957130432,2.0,0.6948381662368774,9,5625
8116,12,10,1,True,10507,2,False,True,True,True,0.0,0.0,0.7402702569961548,10,9359
8116,13,11,0,True,10507,1,False,,,,,,0.7927168607711792,11,8039
8116,14,3,8,True,10507,1,False,False,False,False,0.2828426957130432,2.0,0.552449107170105,5,4036
8116,15,5,6,True,10507,1,False,False,False,False,0.4000000059604645,4.0,0.6587867736816406,9,7264
8116,16,9,2,True,10507,1,False,False,False,False,0.20000001788139343,1.0,0.7871467471122742,10,8039
8116,17,11,0,True,10507,1,False,,,,,,0.7927168607711792,11,8039
8116,18,6,5,True,10507,1,False,False,False,False,0.19999998807907104,1.0,0.6770524382591248,7,1964
8116,19,6,5,True,10507,6,False,False,False,False,0.19999998807907104,1.0,0.6019967198371887,7,9217
8116,20,4,7,True,10507,2,False,False,False,False,0.3464101552963257,3.0,0.4664761424064636,7,8029
8116,21,4,7,True,10507,1,False,False,False,False,0.19999998807907104,1.0,0.3709447383880615,5,236
8116,22,2,9,False,49,2,True,False,False,False,0.19999998807907104,1.0,0.20199008285999298,3,418
8116,23,3,8,True,10507,6,False,False,False,False,0.2828426957130432,2.0,0.552449107170105,5,800
8116,24,10,1,True,10507,2,False,True,True,True,0.0,0.0,0.7402702569961548,10,9359
8116,25,10,1,True,10507,1,False,True,True,True,0.0,0.0,0.4939635396003723,10,8039
8116,26,11,0,True,10507,1,False,,,,,,0.7927168607711792,11,8039
8116,27,8,3,True,10507,1,False,True,True,True,0.0,0.0,0.49315309524536133,8,8039
8116,28,7,4,True,10507,1,False,False,False,False,0.2828426957130432,2.0,0.47623521089553833,9,6029
8116,29,11,0,True,10507,1,False,,,,,,0.7927168607711792,11,8039
8116,30,7,4,True,10507,1,False,False,False,False,0.4898979663848877,3.0,0.6593936681747437,10,4065
8116,31,8,3,True,10507,1,False,False,False,False,0.4000000059604645,1.0,0.595986545085907,9,8039
8185,0,11,0,True,10507,1,False,,,,,,0.7927168607711792,11,8039
8185,1,4,7,False,1,1,True,False,False,False,1.1313709020614624,7.0,1.132077693939209,11,6251
8185,2,5,6,True,10507,2,False,True,True,True,0.0,0.0,0.5234501361846924,5,6821
8185,3,2,9,False,25,3,True,True,True,True,0.0,0.0,0.028284255415201187,2,721
8185,4,4,7,True,10507,1,False,False,False,False,0.3464101552963257,3.0,0.5455272793769836,7,7412
8185,5,6,5,True,10507,1,False,False,False,False,0.19999998807907104,1.0,0.531413197517395,7,9677
8185,6,2,9,False,1,1,True,False,False,False,1.2489995956420898,9.0,1.2493197917938232,11,53
8185,7,10,1,True,10507,1,False,True,True,True,0.0,0.0,0.4939635396003723,10,8039
8185,8,1,10,False,53,4,True,False,False,False,0.19999998807907104,1.0,0.2009975016117096,2,369
8185,9,9,2,True,10507,2,False,False,False,False,0.4472135901451111,2.0,0.836421012878418,11,9359
8185,10,8,3,True,10507,1,False,False,False,False,0.19999998807907104,1.0,0.6412488222122192,9,8029
8185,11,2,9,True,10507,1,False,False,False,False,0.3464101552963257,3.0,0.5447935461997986,5,7412
8185,12,9,2,True,10507,1,False,True,True,True,0.0,0.0,0.7922120690345764,9,8039
8185,13,6,5,True,10507,3,False,False,False,False,0.3464101552963257,3.0,0.6280127167701721,9,9272
8185,14,1,10,False,1,1,True,False,False,False,1.3856406211853027,10.0,1.3857849836349487,11,53
8185,15,9,2,True,10507,1,False,True,True,True,0.0,0.0,0.6095900535583496,9,3318
8185,16,5,6,True,10507,1,False,False,False,False,0.19999998807907104,1.0,0.7334848642349243,6,1955
8185,17,4,7,True,10507,2,False,False,False,False,0.19999998807907104,1.0,0.43081316351890564,5,2831
8185,18,5,6,True,10507,11,False,False,False,False,0.19999998807907104,1.0,0.6016644239425659,6,3787
8185,19,6,5,True,10507,1,False,False,False,False,0.3464101552963257,3.0,0.5161395072937012,9,9359
8185,20,9,2,True,10507,1,False,False,False,False,0.4000000059604645,1.0,0.5963220596313477,10,8039
8185,21,9,2,True,10507,1,False,False,False,False,0.4000000059604645,1.0,0.8411896824836731,10,1964
8185,22,9,2,True,10507,1,False,True,True,True,0.0,0.0,0.7922120690345764,9,8039
8185,23,3,8,True,10507,2,False,False,False,False,0.2828426957130432,2.0,0.4209512770175934,5,1023
8185,24,7,4,True,10507,2,False,False,False,False,0.2828426957130432,2.0,0.7607890963554382,9,5281
8185,25,1,10,False,5,1,True,False,False,False,0.9797959327697754,8.0,0.9800000786781311,9,8974
8185,26,6,5,True,10507,1,False,True,True,True,0.0,0.0,0.6086049675941467,6,3318
8185,27,6,5,True,10507,1,False,False,False,False,0.4000000059604645,1.0,0.6216108202934265,7,4694
8185,28,4,7,True,10507,1,False,False,False,False,0.2828427255153656,2.0,0.4214261770248413,6,10017
8185,29,11,0,True,10507,1,False,,,,,,0.7927168607711792,11,8039
8185,30,4,7,True,10507,2,False,True,True,True,0.0,0.0,0.5230678915977478,4,7132
8185,31,2,9,False,1,1,True,False,False,False,1.2489995956420898,9.0,1.2493197917938232,11,53
8289,0,8,3,True,10507,1,False,False,False,False,0.2828427255153656,2.0,0.7610518932342529,10,5793
8289,1,11,0,True,10507,1,False,,,,,,0.7927168607711792,11,8039
8289,2,7,4,True,10507,1,False,False,False,False,0.3464101552963257,3.0,0.755513072013855,10,8029
8289,3,8,3,True,10507,1,False,False,False,False,0.3464101552963257,3.0,0.6026607751846313,11,7246
8289,4,4,7,True,10507,1,False,False,False,False,0.3999999761581421,4.0,0.5075430870056152,8,7928
8289,5,7,4,True,10507,1,False,False,False,False,0.40000003576278687,1.0,0.6714164018630981,8,4065
8289,6,11,0,True,10507,1,False,,,,,,0.7927168607711792,11,8039
8289,7,1,10,False,53,2,True,False,False,False,0.6633249521255493,3.0,0.6636264324188232,4,421
8289,8,4,7,True,10507,1,False,False,False,False,0.2828426957130432,2.0,0.4749736785888672,6,9619
8289,9,10,1,True,10507,1,False,True,True,True,0.0,0.0,0.7924644947052002,10,8039
8289,10,10,1,True,10507,1,False,False,False,False,0.20000001788139343,1.0,0.7874007821083069,11,8039
8289,11,3,8,True,10507,3,False,False,False,False,0.19999998807907104,1.0,0.3704051673412323,4,2345
8289,12,11,0,True,10507,1,False,,,,,,0.7927168607711792,11,8039
8289,13,4,7,True,10507,1,False,False,False,False,0.4000000059604645,4.0,0.5075430870056152,8,10017
8289,14,7,4,True,10507,1,False,False,False,False,0.19999998807907104,1.0,0.6023288369178772,8,6029
8289,15,4,7,True,10507,1,False,False,False,False,0.19999998807907104,1.0,0.3709447383880615,5,5935
8289,16,1,10,False,1,1,True,False,False,False,1.1313707828521729,9.0,1.1315475702285767,10,53
8289,17,10,1,True,10507,1,False,True,True,True,0.0,0.0,0.7924644947052002,10,8039
8289,18,10,1,True,10507,2,False,True,True,True,0.0,0.0,0.7402702569961548,10,3318
8289,19,4,7,False,1,1,True,False,False,False,0.8717797994613647,5.0,0.8726969957351685,9,26
8289,20,6,5,True,10507,1,False,False,False,False,0.4000000059604645,4.0,0.6590903401374817,10,9359
8289,21,11,0,True,10507,1,False,,,,,,0.7927168607711792,11,8039
8289,22,5,6,True,10507,2,False,False,False,False,0.2828426957130432,2.0,0.6340346932411194,7,10076
8289,23,10,1,True,10507,1,False,True,True,True,0.0,0.0,0.7720103859901428,10,1964
8289,24,4,7,True,10507,2,False,False,False,False,0.2828426957130432,2.0,0.6939740777015686,6,9605
8289,25,8,3,True,10507,1,False,False,False,False,0.2828426957130432,2.0,0.7065408825874329,10,4810
8289,26,5,6,True,10507,3,False,False,False,False,0.19999998807907104,1.0,0.5603570938110352,6,10058
8289,27,2,9,False,25,1,True,False,False,False,0.3464101552963257,3.0,0.3475629389286041,5,7809
8289,28,5,6,True,10507,1,False,False,False,False,0.2828426957130432,2.0,0.4753945767879486,7,1022
8289,29,1,10,False,5,1,True,False,False,False,0.800000011920929,7.0,0.8002500534057617,8,8974
8289,30,8,3,True,10507,1,False,False,False,False,0.2828426957130432,2.0,0.634980320930481,10,9359
8289,31,10,1,True,10507,1,False,True,True,True,0.0,0.0,0.7402702569961548,10,8974
76,0,3,8,True,10507,1,False,False,False,False,0.2828426957130432,2.0,0.3594440221786499,5,9111
76,1,11,0,True,10507,1,False,,,,,,0.7927168607711792,11,8039
76,2,1,10,False,10469,21,True,True,True,True,0.0,0.0,0.019999980926513672,1,4110
76,3,10,1,True,10507,1,False,True,True,True,0.0,0.0,0.7924644947052002,10,8039
76,4,5,6,True,10507,1,False,False,False,False,0.2828426957130432,2.0,0.7602631449699402,7,1949
76,5,5,6,True,10507,1,False,True,True,True,0.0,0.0,0.5234501361846924,5,5280
76,6,1,10,False,10419,21,True,True,True,True,0.0,0.0,0.019999980926513672,1,1181
76,7,1,10,False,5,1,True,False,False,False,1.0,8.0,1.0002000331878662,9,8974
76,8,9,2,True,10507,1,False,False,False,False,0.20000001788139343,1.0,0.7871467471122742,10,8039
76,9,9,2,True,10507,1,False,False,False,False,0.20000001788139343,1.0,0.4853864312171936,10,8039
76,10,1,10,False,10469,21,True,True,True,True,0.0,0.0,0.019999980926513672,1,4297
76,11,7,4,True,10507,1,False,False,False,False,0.19999998807907104,1.0,0.73403000831604,8,9359
76,12,1,10,False,25,1,True,False,False,False,1.058300495147705,8.0,1.058489441871643,9,7928
76,13,2,9,False,24,1,True,False,False,False,0.9591662883758545,6.0,0.9595832824707031,8,1159
76,14,2,9,False,4,1,True,False,False,False,0.8000000715255737,7.0,0.8004999160766602,9,8974
76,15,4,7,False,220,8,True,True,True,True,0.0,0.0,0.039999984204769135,4,6591
76,16,1,10,False,26,3,True,False,False,False,0.2828426957130432,2.0,0.2835489511489868,3,8889
76,17,7,4,True,10507,1,False,False,False,False,0.19999998807907104,1.0,0.48456165194511414,8,10017
76,18,3,8,True,10507,1,False,False,False,False,0.19999998807907104,1.0,0.2986636757850647,4,9111
76,19,2,9,False,52,2,True,False,False,False,0.2828426957130432,2.0,0.28425341844558716,4,7594
76,20,3,8,False,2,1,True,False,False,False,0.774596631526947,4.0,0.7753708958625793,7,9623
76,21,2,9,False,1,1,True,False,False,False,1.216552495956421,9.0,1.216881275177002,11,53
76,22,5,6,True,10507,4,False,False,False,False,0.4472135901451111,2.0,0.5882176756858826,7,3829
76,23,6,5,True,10507,1,False,False,False,False,0.3464101552963257,3.0,0.5161395072937012,9,9359
76,24,3,8,True,10507,1,False,False,False,False,0.19999998807907104,1.0,0.2986636757850647,4,9111
76,25,2,9,False,10418,21,True,True,True,True,0.0,0.0,0.028284244239330292,2,1181
76,26,7,4,True,10507,1,False,False,False,False,0.4000000059604645,4.0,0.6593937277793884,11,9359
76,27,6,5,True,10507,1,False,False,False,False,0.2828426957130432,2.0,0.634350061416626,8,3318
76,28,5,6,True,10507,1,False,False,False,False,0.4898979365825653,3.0,0.5385165214538574,8,6251
76,29,8,3,True,10507,1,False,True,True,True,0.0,0.0,0.8504117131233215,8,9938
76,30,7,4,True,10507,1,False,False,False,False,0.2828426957130432,2.0,0.6714164614677429,9,1964
76,31,7,4,True,10507,1,False,True,True,True,0.0,0.0,0.7394593358039856,7,9938
8374,0,7,4,True,10507,1,False,False,False,False,0.20000001788139343,1.0,0.48456165194511414,8,8039
8374,1,9,2,True,10507,1,False,True,True,True,0.0,0.0,0.6095900535583496,9,9359
8374,2,4,7,True,10507,1,False,False,False,False,0.44721361994743347,2.0,0.5878775715827942,6,2157
8374,3,1,10,False,10419,1,True,True,True,True,0.0,0.0,0.019999980926513672,1,8374
8374,4,6,5,True,10507,7,False,False,False,False,0.19999998807907104,1.0,0.5607138276100159,7,9826
8374,5,3,8,True,10507,2,False,False,False,False,0.19999998807907104,1.0,0.5596427917480469,4,5003
8374,6,3,8,True,10507,4,False,False,False,False,0.2828426957130432,2.0,0.5071489214897156,5,7340
8374,7,10,1,True,10507,1,False,False,False,False,0.19999998807907104,1.0,0.5761944055557251,11,4065
8374,8,9,2,True,10507,1,False,False,False,False,0.2828426957130432,2.0,0.8411896228790283,11,4842
8374,9,6,5,True,10507,1,False,False,False,False,0.6000000238418579,3.0,0.6770524382591248,9,8039
8374,10,6,5,True,10507,1,False,False,False,False,0.2828426957130432,2.0,0.6711184978485107,8,7241
8374,11,2,9,True,10507,1,False,True,True,True,0.0,0.0,0.3111270070075989,2,5005
8374,12,2,9,False,3,1,True,False,False,False,0.800000011920929,8.0,0.8004998564720154,10,8974
8374,13,6,5,True,10507,1,False,False,False,False,0.19999998807907104,1.0,0.733757495880127,7,1955
8374,14,2,9,False,2,1,True,False,False,False,0.7745966911315918,4.0,0.7751129269599915,6,9623
8374,15,1,10,False,576,1,True,False,False,False,0.19999998807907104,1.0,0.2009975016117096,2,2308
8374,16,1,10,False,1,1,True,False,False,False,1.3114876747131348,10.0,1.3116401433944702,11,53
8374,17,8,3,True,10507,1,False,False,False,False,0.19999998807907104,1.0,0.6776430010795593,9,1964
8374,18,10,1,True,10507,1,False,True,True,True,0.0,0.0,0.4939635396003723,10,8039
8374,19,1,10,False,10419,1,True,True,True,True,0.0,0.0,0.019999980926513672,1,8374
8374,20,5,6,True,10507,1,False,False,False,False,0.4898979365825653,6.0,0.5813776254653931,11,4842
8374,21,10,1,True,10507,1,False,True,True,True,0.0,0.0,0.8221921920776367,10,7246
8374,22,11,0,True,10507,1,False,,,,,,0.7927168607711792,11,8039
8374,23,2,9,False,1,1,True,False,False,False,0.2828426957130432,2.0,0.28425338864326477,4,6315
8374,24,10,1,True,10507,1,False,True,True,True,0.0,0.0,0.7924644947052002,10,8039
8374,25,8,3,True,10507,2,False,False,False,False,0.3464101552963257,3.0,0.8644073605537415,11,10058
8374,26,6,5,True,10507,1,False,False,False,False,0.20000001788139343,1.0,0.4841487407684326,7,2157
8374,27,4,7,True,10507,1,False,False,False,False,0.2828427255153656,2.0,0.4749737083911896,6,1952
8374,28,9,2,True,10507,1,False,True,True,True,0.0,0.0,0.7400000095367432,9,3318
8374,29,2,9,False,7,1,True,False,False,False,0.2828426957130432,2.0,0.28425338864326477,4,405
8374,30,1,10,False,576,1,True,False,False,False,0.19999998807907104,1.0,0.2009975016117096,2,2308
8374,31,11,0,True,10507,1,False,,,,,,0.7927168607711792,11,8039
2080,0,5,6,True,10507,1,False,False,False,False,0.19999998807907104,1.0,0.43127715587615967,6,7150
2080,1,1,10,False,1,1,True,False,False,False,1.4966628551483154,10.0,1.4967964887619019,11,53
2080,2,3,8,True,10507,2,False,False,False,False,0.3464101552963257,3.0,0.4660472273826599,6,9359
2080,3,6,5,True,10507,3,False,False,False,False,0.2828426957130432,2.0,0.475815087556839,8,1964
2080,4,3,8,False,1,1,True,False,False,False,0.7745966911315918,7.0,0.7753708958625793,10,8974
2080,5,6,5,True,10507,1,False,False,False,False,0.3999999761581421,4.0,0.5953150391578674,10,5793
2080,6,2,9,False,1,1,True,False,False,False,1.3711309432983398,9.0,1.371422529220581,11,53
2080,7,4,7,True,10507,1,False,False,False,False,0.19999998807907104,1.0,0.4664761424064636,5,422
2080,8,1,10,False,5,1,True,False,False,False,0.6324555277824402,7.0,0.6327716708183289,8,8974
2080,9,6,5,True,10507,1,False,False,False,False,0.2828427255153656,2.0,0.760526180267334,8,1964
2080,10,11,0,True,10507,1,False,,,,,,0.7927168607711792,11,8039
2080,11,1,10,False,1619,7,True,True,True,True,0.0,0.0,0.02000001072883606,1,10482
2080,12,1,10,False,26,1,True,False,False,False,0.2828426957130432,2.0,0.28354892134666443,3,4142
2080,13,3,8,False,1,1,True,False,False,False,0.9165151715278625,7.0,0.9171695709228516,10,6251
2080,14,1,10,False,576,1,True,False,False,False,0.2828426957130432,2.0,0.28354892134666443,3,10486
2080,15,7,4,True,10507,1,False,True,True,True,0.0,0.0,0.7394592761993408,7,1964
2080,16,11,0,True,10507,1,False,,,,,,0.7927168607711792,11,8039
2080,17,9,2,True,10507,2,False,False,False,False,0.2828426957130432,2.0,0.7613146901130676,11,9359
2080,18,4,7,True,10507,1,False,False,False,False,0.19999998807907104,1.0,0.4664761424064636,5,422
2080,19,9,2,True,10507,1,False,False,False,False,0.19999998807907104,1.0,0.7345747351646423,10,9359
2080,20,1,10,False,3,1,True,False,False,False,0.7745966911315918,7.0,0.774854838848114,8,8974
2080,21,11,0,True,10507,1,False,,,,,,0.7927168607711792,11,8039
2080,22,5,6,True,10507,1,False,False,False,False,0.4898979663848877,3.0,0.6212890148162842,8,8039
2080,23,10,1,True,10507,1,False,True,True,True,0.0,0.0,0.7720103859901428,10,1964
2080,24,6,5,True,10507,1,False,True,True,True,0.0,0.0,0.5678027868270874,6,2147
2080,25,11,0,True,10507,1,False,,,,,,0.7927168607711792,11,8039
2080,26,9,2,True,10507,1,False,False,False,False,0.20000001788139343,1.0,0.4853864312171936,10,8039
2080,27,7,4,True,10507,1,False,False,False,False,0.19999998807907104,1.0,0.5317894220352173,8,1964
2080,28,8,3,True,10507,1,False,False,False,False,0.20000001788139343,1.0,0.6026607751846313,9,9359
2080,29,9,2,True,10507,1,False,True,True,True,0.0,0.0,0.7922121286392212,9,8039
2080,30,5,6,True,10507,5,False,False,False,False,0.2828427255153656,2.0,0.5531727075576782,7,5993
2080,31,2,9,False,2,1,True,False,False,False,0.9165151715278625,7.0,0.9169514775276184,9,6251
8666,0,11,0,True,10507,1,False,,,,,,0.7927168607711792,11,8039
8666,1,10,1,True,10507,1,False,True,True,True,0.0,0.0,0.8221921920776367,10,7246
8666,2,6,5,True,10507,1,False,False,False,False,0.19999998807907104,1.0,0.6019967198371887,7,1955
8666,3,3,8,False,23,6,True,False,False,False,0.19999998807907104,1.0,0.20297782123088837,4,7287
8666,4,9,2,True,10507,2,False,False,False,False,0.19999998807907104,1.0,0.7665507793426514,10,9359
8666,5,7,4,True,10507,1,False,False,False,False,0.19999998807907104,1.0,0.6023288369178772,8,2831
8666,6,6,5,True,10507,1,False,False,False,False,0.2828426957130432,2.0,0.6945502758026123,8,5625
8666,7,5,6,True,10507,3,False,False,False,False,0.2828426957130432,2.0,0.4753945469856262,7,6853
8666,8,8,3,True,10507,1,False,False,False,False,0.19999998807907104,1.0,0.7343024611473083,9,9359
8666,9,6,5,True,10507,1,False,False,False,False,0.2828426957130432,2.0,0.6945502758026123,8,8931
8666,10,9,2,True,10507,1,False,False,False,False,0.4000000059604645,1.0,0.8121576905250549,10,9359
8666,11,6,5,True,10507,2,False,False,False,False,0.3999999761581421,4.0,0.7499333620071411,10,6030
8666,12,4,7,True,10507,1,False,False,False,False,0.2828426957130432,2.0,0.4749736785888672,6,5278
8666,13,3,8,True,10507,1,False,False,False,False,0.19999998807907104,1.0,0.3704051673412323,4,6062
8666,14,7,4,True,10507,1,False,False,False,False,0.2828426957130432,2.0,0.6948381662368774,9,5625
8666,15,2,9,False,1,1,True,False,False,False,1.2961480617523193,9.0,1.2964566946029663,11,53
8666,16,8,3,True,10507,1,False,False,False,False,0.19999998807907104,1.0,0.6412488222122192,9,3318
8666,17,2,9,False,1,1,True,False,False,False,0.9797959327697754,8.0,0.9802041053771973,10,8974
8666,18,8,3,True,10507,1,False,False,False,False,0.2828426957130432,2.0,0.6717142462730408,10,1964
8666,19,4,7,True,10507,2,False,False,False,False,0.2828426957130432,2.0,0.6939740777015686,6,2643
8666,20,11,0,True,10507,1,False,,,,,,0.7927168607711792,11,8039
8666,21,7,4,True,10507,2,False,False,False,False,0.3464101552963257,3.0,0.8641759753227234,10,5655
8666,22,3,8,False,1,1,True,False,False,False,1.2806248664855957,8.0,1.2810932397842407,11,26
8666,23,4,7,True,10507,1,False,False,False,False,0.3464101552963257,3.0,0.6273754835128784,7,254
8666,24,1,10,False,10419,89,True,True,True,True,0.0,0.0,0.019999980926513672,1,6965
8666,25,3,8,True,10507,3,False,False,False,False,0.19999998807907104,1.0,0.3704051673412323,4,8273
8666,26,1,10,False,1,1,True,False,False,False,1.3564659357070923,10.0,1.3566133975982666,11,53
8666,27,9,2,True,10507,1,False,False,False,False,0.2828426957130432,2.0,0.8411896228790283,11,4842
8666,28,5,6,True,10507,1,False,False,False,False,0.4000000059604645,1.0,0.7280110120773315,6,1949
8666,29,2,9,True,10507,1,False,True,True,True,0.0,0.0,0.22090721130371094,2,5005
8666,30,3,8,True,10507,1,False,False,False,False,0.19999998807907104,1.0,0.5149757266044617,4,5823
8666,31,1,10,False,10469,89,True,True,True,True,0.0,0.0,0.019999980926513672,1,3400
1454,0,8,3,True,10507,2,False,False,False,False,0.4472135901451111,2.0,0.7233256697654724,10,9359
1454,1,9,2,True,10507,1,False,False,False,False,0.44721361994743347,2.0,0.7011419534683228,11,4065
1454,2,11,0,True,10507,1,False,,,,,,0.7927168607711792,11,8039
1454,3,2,9,False,510,5,True,True,True,True,0.0,0.0,0.028284255415201187,2,8410
1454,4,7,4,True,10507,1,False,False,False,False,0.4898979365825653,3.0,0.6219325065612793,10,9359
1454,5,1,10,False,1,1,True,False,False,False,1.1832159757614136,10.0,1.183384895324707,11,53
1454,6,7,4,True,10507,1,False,True,True,True,0.0,0.0,0.6089335083961487,7,8029
1454,7,2,9,False,1,1,True,False,False,False,1.0198038816452026,9.0,1.0201959609985352,11,53
1454,8,7,4,True,10507,1,False,False,False,False,0.19999998807907104,1.0,0.6409368515014648,8,5057
1454,9,10,1,True,10507,1,False,True,True,True,0.0,0.0,0.7924644947052002,10,8039
1454,10,2,9,False,2,1,True,False,False,False,0.8717797994613647,7.0,0.8722385764122009,9,6251
1454,11,5,6,True,10507,4,False,False,False,False,0.19999998807907104,1.0,0.5603570342063904,6,2230
1454,12,8,3,True,10507,1,False,True,True,True,0.0,0.0,0.6092618703842163,8,8029
1454,13,3,8,False,1,1,True,False,False,False,0.8717797994613647,7.0,0.8724678158760071,10,26
1454,14,1,10,False,10419,48,True,True,True,True,0.0,0.0,0.019999980926513672,1,2819
1454,15,5,6,True,10507,3,False,False,False,False,0.19999998807907104,1.0,0.6648308038711548,6,6030
1454,16,3,8,True,10507,2,False,False,False,False,0.19999998807907104,1.0,0.3704051673412323,4,2116
1454,17,1,10,False,2983,43,True,True,True,True,0.0,0.0,0.019999995827674866,1,6317
1454,18,2,9,False,2947,43,True,True,True,True,0.0,0.0,0.028284255415201187,2,1319
1454,19,9,2,True,10507,1,False,False,False,False,0.2828426957130432,2.0,0.5688585042953491,11,4065
1454,20,5,6,True,10507,1,False,False,False,False,0.4472135901451111,2.0,0.6276941895484924,7,2222
1454,21,4,7,False,7,1,True,False,False,False,0.5291502475738525,4.0,0.5306599736213684,8,8842
1454,22,8,3,True,10507,1,False,False,False,False,0.4898979663848877,3.0,0.7288347482681274,11,4065
1454,23,5,6,True,10507,1,False,False,False,False,0.4898979663848877,3.0,0.6212890148162842,8,6251
1454,24,3,8,True,10507,1,False,False,False,False,0.3464101552963257,3.0,0.4660471975803375,6,3310
1454,25,6,5,True,10507,1,False,False,False,False,0.19999998807907104,1.0,0.4317406415939331,7,6029
1454,26,10,1,True,10507,1,False,False,False,False,0.19999998807907104,1.0,0.5761944055557251,11,4065
1454,27,3,8,True,10507,1,False,False,False,False,0.3999999761581421,4.0,0.5524490475654602,7,562
1454,28,1,10,False,25,1,True,False,False,False,0.6000000238418579,6.0,0.6003332138061523,7,1159
1454,29,9,2,True,10507,1,False,False,False,False,0.5656854510307312,2.0,0.7180529236793518,11,8039
1454,30,6,5,True,10507,1,False,False,False,False,0.4898979663848877,3.0,0.6216108202934265,9,6251
1454,31,10,1,True,10507,1,False,True,True,True,0.0,0.0,0.7924644947052002,10,8039
6628,0,7,4,True,10507,1,False,False,False,False,0.2828426957130432,2.0,0.6948381662368774,9,5625
6628,1,9,2,True,10507,1,False,True,True,True,0.0,0.0,0.7400000095367432,9,9359
6628,2,11,0,True,10507,1,False,,,,,,0.7927168607711792,11,8039
6628,3,3,8,False,7,1,True,False,False,False,0.6633249521255493,3.0,0.6642289161682129,6,8842
6628,4,4,7,True,10507,2,False,False,False,False,0.19999998807907104,1.0,0.5153639912605286,5,9937
6628,5,7,4,True,10507,1,False,False,False,False,0.2828426957130432,2.0,0.6714164018630981,9,5281
6628,6,11,0,True,10507,1,False,,,,,,0.7927168607711792,11,8039
6628,7,7,4,True,10507,1,False,False,False,False,0.3999999761581421,1.0,0.728560209274292,8,384
6628,8,2,9,False,297,1,True,False,False,False,0.19999998807907104,1.0,0.20199008285999298,3,2127
6628,9,5,6,True,10507,1,False,False,False,False,0.4898979365825653,3.0,0.6587867736816406,8,4065
6628,10,9,2,True,10507,1,False,True,True,True,0.0,0.0,0.7400000095367432,9,9359
6628,11,7,4,True,10507,1,False,False,False,False,0.2828426957130432,2.0,0.634665310382843,9,10202
6628,12,7,4,True,10507,1,False,False,False,False,0.4000000059604645,1.0,0.6948381066322327,8,9359
6628,13,5,6,True,10507,3,False,False,False,False,0.20000001788139343,1.0,0.30000001192092896,6,3134
6628,14,4,7,True,10507,2,False,False,False,False,0.20000001788139343,1.0,0.3709447383880615,5,5994
6628,15,2,9,False,1,1,True,False,False,False,1.5099668502807617,9.0,1.5102317333221436,11,53
6628,16,4,7,True,10507,1,False,False,False,False,0.19999998807907104,1.0,0.3709447383880615,5,6416
6628,17,10,1,True,10507,1,False,True,True,True,0.0,0.0,0.4939635396003723,10,8039
6628,18,4,7,True,10507,3,False,False,False,False,0.2828426957130432,2.0,0.5946427583694458,6,309
6628,19,5,6,True,10507,4,False,False,False,False,0.19999998807907104,1.0,0.6884765625,6,9683
6628,20,1,10,False,2983,38,True,True,True,True,0.0,0.0,0.019999995827674866,1,8568
6628,21,8,3,True,10507,1,False,False,False,False,0.19999998807907104,1.0,0.6776430010795593,9,1964
6628,22,8,3,True,10507,1,False,False,False,False,0.19999998807907104,1.0,0.7343024611473083,9,6854
6628,23,7,4,True,10507,7,False,False,False,False,0.19999998807907104,1.0,0.561070442199707,8,5388
6628,24,11,0,True,10507,1,False,,,,,,0.7927168607711792,11,8039
6628,25,7,4,True,10507,1,False,False,False,False,0.3999999761581421,4.0,0.5956509113311768,11,5793
6628,26,8,3,True,10507,1,False,False,False,False,0.2828427255153656,2.0,0.5245950818061829,10,8039
6628,27,6,5,True,10507,1,False,False,False,False,0.5656853914260864,5.0,0.6829348802566528,11,5793
6628,28,5,6,True,10507,3,False,False,False,False,0.20000001788139343,1.0,0.30000001192092896,6,6814
6628,29,11,0,True,10507,1,False,,,,,,0.7927168607711792,11,8039
6628,30,6,5,True,10507,1,False,False,False,False,0.20000001788139343,1.0,0.4841487407684326,7,8039
6628,31,8,3,True,10507,1,False,True,True,True,0.0,0.0,0.7610518932342529,8,6251
7104,0,6,5,True,10507,1,False,False,False,False,0.3464101552963257,3.0,0.7002856731414795,9,5281
7104,1,1,10,False,1619,3,True,True,True,True,0.0,0.0,0.02000001072883606,1,6683
7104,2,11,0,True,10507,1,False,,,,,,0.7927168607711792,11,8039
7104,3,5,6,True,10507,1,False,False,False,False,0.4000000059604645,4.0,0.6942622065544128,9,8029
7104,4,10,1,True,10507,1,False,False,False,False,0.3999999761581421,1.0,0.6723094582557678,11,4065
7104,5,1,10,False,5,1,True,False,False,False,0.7211102843284607,7.0,0.7213875651359558,8,8974
7104,6,9,2,True,10507,1,False,False,False,False,0.4000000059604645,1.0,0.5963220596313477,10,8039
7104,7,9,2,True,10507,2,False,False,False,False,0.19999998807907104,1.0,0.6415606141090393,10,3318
7104,8,5,6,True,10507,2,False,False,False,False,0.2828426957130432,2.0,0.7280110120773315,7,7882
7104,9,11,0,True,10507,1,False,,,,,,0.7927168607711792,11,8039
7104,10,4,7,True,10507,1,False,False,False,False,0.2828426957130432,2.0,0.727736234664917,6,6854
7104,11,9,2,True,10507,1,False,True,True,True,0.0,0.0,0.49355846643447876,9,8039
7104,12,9,2,True,10507,1,False,False,False,False,0.20000001788139343,1.0,0.7560423612594604,10,6251
7104,13,7,4,True,10507,1,False,False,False,False,0.3999999761581421,4.0,0.5956509113311768,11,5793
7104,14,7,4,True,10507,1,False,False,False,False,0.2828427255153656,2.0,0.5242136716842651,9,8039
7104,15,9,2,True,10507,1,False,False,False,False,0.3999999761581421,1.0,0.6720119118690491,10,4065
7104,16,10,1,True,10507,1,False,True,True,True,0.0,0.0,0.7402702569961548,10,9359
7104,17,11,0,True,10507,1,False,,,,,,0.7927168607711792,11,8039
7104,18,2,9,False,1,1,True,False,False,False,1.4422204494476318,9.0,1.4424978494644165,11,53
7104,19,5,6,True,10507,1,False,False,False,False,0.34641018509864807,3.0,0.4669046998023987,8,8039
7104,20,3,8,False,1,1,True,False,False,False,1.3856406211853027,8.0,1.3860734701156616,11,53
7104,21,1,10,False,10469,20,True,True,True,True,0.0,0.0,0.019999980926513672,1,3847
7104,22,11,0,True,10507,1,False,,,,,,0.7927168607711792,11,8039
7104,23,10,1,True,10507,1,False,True,True,True,0.0,0.0,0.7924644947052002,10,8039
7104,24,5,6,True,10507,1,False,False,False,False,0.4472135901451111,2.0,0.7224956750869751,7,384
7104,25,7,4,True,10507,1,False,False,False,False,0.2828426957130432,2.0,0.7607890963554382,9,6854
7104,26,6,5,True,10507,1,False,False,False,False,0.2828426957130432,2.0,0.475815087556839,8,9619
7104,27,11,0,True,10507,1,False,,,,,,0.7927168607711792,11,8039
7104,28,7,4,True,10507,4,False,False,False,False,0.20000001788139343,1.0,0.561070442199707,8,5993
7104,29,8,3,True,10507,1,False,False,False,False,0.20000001788139343,1.0,0.7662897706031799,9,1964
7104,30,11,0,True,10507,1,False,,,,,,0.7927168607711792,11,8039
7104,31,5,6,True,10507,2,False,True,True,True,0.0,0.0,0.382099449634552,5,9488
2494,0,6,5,True,10507,1,False,False,False,False,0.19999998807907104,1.0,0.6406247019767761,7,9938
2494,1,2,9,False,1,1,True,False,False,False,1.3856406211853027,9.0,1.3859292268753052,11,26
2494,2,4,7,True,10507,4,False,False,False,False,0.2828426957130432,2.0,0.35999995470046997,6,842
2494,3,7,4,True,10507,1,False,True,True,True,0.0,0.0,0.44136151671409607,7,10017
2494,4,1,10,False,5,1,True,False,False,False,1.039230465888977,8.0,1.039422869682312,9,8974
2494,5,2,9,False,49,2,True,True,True,True,0.0,0.0,0.02828427590429783,2,4245
2494,6,5,6,True,10507,1,False,False,False,False,0.44721361994743347,2.0,0.7224956750869751,7,295
2494,7,4,7,True,10507,2,False,False,False,False,0.19999998807907104,1.0,0.5153639912605286,5,2420
2494,8,4,7,True,10507,2,False,False,False,False,0.2828426957130432,2.0,0.4749736785888672,6,1023
2494,9,11,0,True,10507,1,False,,,,,,0.7927168607711792,11,8039
2494,10,8,3,True,10507,1,False,False,False,False,0.4472135901451111,2.0,0.7233256697654724,10,9359
2494,11,8,3,True,10507,2,False,True,True,True,0.0,0.0,0.6092618703842163,8,370
2494,12,2,9,False,1,1,True,False,False,False,1.3856406211853027,9.0,1.3859292268753052,11,26
2494,13,3,8,False,1,1,True,False,False,False,0.8485281467437744,7.0,0.8492349982261658,10,8974
2494,14,11,0,True,10507,1,False,,,,,,0.7927168607711792,11,8039
2494,15,10,1,True,10507,2,False,False,False,False,0.19999998807907104,1.0,0.7668116688728333,11,9359
2494,16,10,1,True,10507,2,False,False,False,False,0.19999998807907104,1.0,0.7668116092681885,11,3318
2494,17,7,4,True,10507,1,False,True,True,True,0.0,0.0,0.5681549310684204,7,9359
2494,18,5,6,True,10507,4,False,False,False,False,0.19999998807907104,1.0,0.5603570342063904,6,9507
2494,19,10,1,True,10507,1,False,True,True,True,0.0,0.0,0.7402702569961548,10,9359
2494,20,3,8,True,10507,1,False,False,False,False,0.2828426957130432,2.0,0.5071489214897156,5,8293
2494,21,8,3,True,10507,1,False,False,False,False,0.20000001788139343,1.0,0.484974205493927,9,8039
2494,22,2,9,True,10507,1,False,False,False,False,0.2828426957130432,2.0,0.42047590017318726,4,875
2494,23,7,4,True,10507,1,False,False,False,False,0.44721361994743347,2.0,0.5888972878456116,9,8039
2494,24,7,4,True,10507,1,False,False,False,False,0.2828426957130432,2.0,0.5242136716842651,9,10472
2494,25,8,3,True,10507,1,False,False,False,False,0.4000000059604645,1.0,0.8409518599510193,9,1964
2494,26,6,5,True,10507,1,False,True,True,True,0.0,0.0,0.5678027868270874,6,9186
2494,27,5,6,True,10507,1,False,False,False,False,0.44721361994743347,2.0,0.5458937883377075,7,10017
2494,28,10,1,True,10507,1,False,True,True,True,0.0,0.0,0.7924644947052002,10,8039
2494,29,7,4,True,10507,1,False,False,False,False,0.2828426957130432,2.0,0.7607890963554382,9,5281
2494,30,10,1,True,10507,1,False,False,False,False,0.3999999761581421,1.0,0.6723094582557678,11,4065
2494,31,7,4,True,10507,1,False,False,False,False,0.20000001788139343,1.0,0.7660287618637085,8,9927
3002,0,9,2,True,10507,1,False,False,False,False,0.2828427255153656,2.0,0.7820485830307007,11,8039
3002,1,3,8,True,10507,1,False,False,False,False,0.2828426957130432,2.0,0.42095130681991577,5,5054
3002,2,8,3,True,10507,1,False,False,False,False,0.20000001788139343,1.0,0.7343024611473083,9,6854
3002,3,2,9,False,1,1,True,False,False,False,1.1313707828521729,8.0,1.1317243576049805,10,53
3002,4,5,6,True,10507,1,False,False,False,False,0.20000001788139343,1.0,0.48373547196388245,6,4065
3002,5,9,2,True,10507,1,False,True,True,True,0.0,0.0,0.6095900535583496,9,8974
3002,6,1,10,False,25,1,True,False,False,False,0.5999999642372131,6.0,0.6003332138061523,7,7928
3002,7,2,9,False,52,1,True,False,False,False,0.34641018509864807,3.0,0.3475629687309265,5,7264
3002,8,9,2,True,10507,1,False,False,False,False,0.20000001788139343,1.0,0.6415606141090393,10,3318
3002,9,5,6,True,10507,1,False,False,False,False,0.2828427255153656,2.0,0.4753945767879486,7,3318
3002,10,10,1,True,10507,2,False,True,True,True,0.0,0.0,0.7402702569961548,10,9359
3002,11,7,4,True,10507,1,False,False,False,False,0.20000001788139343,1.0,0.6023288369178772,8,7264
3002,12,1,10,False,576,6,True,False,False,False,0.20000001788139343,1.0,0.20099753141403198,2,696
3002,13,4,7,True,10507,2,False,False,False,False,0.2828426957130432,2.0,0.4214261472225189,6,8931
3002,14,9,2,True,10507,1,False,False,False,False,0.19999998807907104,1.0,0.532541036605835,10,8039
3002,15,3,8,False,3,1,True,False,False,False,0.2828426957130432,2.0,0.284956157207489,5,422
3002,16,6,5,True,10507,1,False,False,False,False,0.20000000298023224,1.0,0.733757495880127,7,8029
3002,17,7,4,True,10507,1,False,False,False,False,0.3464101552963257,3.0,0.561070442199707,10,8039
3002,18,5,6,True,10507,1,False,False,False,False,0.2828426957130432,2.0,0.4219004213809967,7,236
3002,19,6,5,True,10507,1,False,False,False,False,0.5291503071784973,4.0,0.615142285823822,10,8039
3002,20,6,5,True,10507,1,False,True,True,True,0.0,0.0,0.5238320827484131,6,3765
3002,21,3,8,True,10507,3,False,False,False,False,0.19999998807907104,1.0,0.3704051673412323,4,6908
3002,22,6,5,True,10507,1,False,False,False,False,0.20000001788139343,1.0,0.6019967198371887,7,6854
3002,23,1,10,False,576,6,True,False,False,False,0.20000001788139343,1.0,0.20099753141403198,2,2953
3002,24,1,10,False,26,1,True,False,False,False,0.5291503071784973,4.0,0.5295281410217285,5,7809
3002,25,6,5,True,10507,1,False,False,False,False,0.44721361994743347,2.0,0.6280127167701721,8,4065
3002,26,4,7,False,3,1,True,False,False,False,0.2828426957130432,2.0,0.28565713763237,6,422
3002,27,8,3,True,10507,1,False,False,False,False,0.20000001788139343,1.0,0.7868925929069519,9,8039
3002,28,10,1,True,10507,1,False,True,True,True,0.0,0.0,0.7924644947052002,10,8039
3002,29,2,9,False,541,6,True,False,False,False,0.20000001788139343,1.0,0.20199011266231537,3,696
3002,30,11,0,True,10507,1,False,,,,,,0.7927168607711792,11,8039
3002,31,4,7,True,10507,1,False,False,False,False,0.19999998807907104,1.0,0.3709447383880615,5,5054
9351,0,9,2,True,10507,1,False,True,True,True,0.0,0.0,0.7922121286392212,9,2157
9351,1,2,9,True,10507,1,False,False,False,False,0.2828426957130432,2.0,0.3588871657848358,4,6086
9351,2,11,0,True,10507,1,False,,,,,,0.7927168607711792,11,8039
9351,3,7,4,True,10507,1,False,False,False,False,0.2828426957130432,2.0,0.6714164614677429,9,5057
9351,4,10,1,True,10507,1,False,True,True,True,0.0,0.0,0.7402702569961548,10,8974
9351,5,7,4,True,10507,1,False,True,True,True,0.0,0.0,0.44136151671409607,7,2157
9351,6,1,10,False,1,1,True,False,False,False,1.3416407108306885,10.0,1.3417898416519165,11,53
9351,7,1,10,False,576,1,True,True,True,True,0.0,0.0,0.019999995827674866,1,6315
9351,8,10,1,True,10507,2,False,True,True,True,0.0,0.0,0.7402702569961548,10,3318
9351,9,7,4,True,10507,1,False,False,False,False,0.2828426957130432,2.0,0.5242136716842651,9,3318
9351,10,7,4,True,10507,1,False,True,True,True,0.0,0.0,0.6471476554870605,7,9927
9351,11,1,10,False,10419,53,True,True,True,True,0.0,0.0,0.019999980926513672,1,10182
9351,12,10,1,True,10507,1,False,True,True,True,0.0,0.0,0.7924644947052002,10,8039
9351,13,9,2,True,10507,1,False,True,True,True,0.0,0.0,0.8219488859176636,9,7246
9351,14,6,5,True,10507,1,False,True,True,True,0.0,0.0,0.4923413395881653,6,2157
9351,15,10,1,True,10507,1,False,False,False,False,0.20000001788139343,1.0,0.7668116092681885,11,3318
9351,16,11,0,True,10507,1,False,,,,,,0.7927168607711792,11,8039
9351,17,3,8,False,1,1,True,False,False,False,1.2000000476837158,6.0,1.2004998922348022,9,26
9351,18,11,0,True,10507,1,False,,,,,,0.7927168607711792,11,8039
9351,19,5,6,True,10507,1,False,False,False,False,0.20000001788139343,1.0,0.6648308634757996,6,7730
9351,20,3,8,True,10507,1,False,True,True,True,0.0,0.0,0.5226854085922241,3,9665
9351,21,3,8,False,1,1,True,False,False,False,1.3416407108306885,7.0,1.3420878648757935,10,26
9351,22,5,6,True,10507,1,False,False,False,False,0.20000001788139343,1.0,0.6648308634757996,6,7730
9351,23,4,7,True,10507,1,False,False,False,False,0.4000000059604645,1.0,0.5075430870056152,5,7584
9351,24,7,4,True,10507,1,False,False,False,False,0.4898979663848877,3.0,0.831143856048584,10,9359
9351,25,6,5,True,10507,1,False,False,False,False,0.19999998807907104,1.0,0.601996660232544,7,10067
9351,26,10,1,True,10507,1,False,False,False,False,0.20000001788139343,1.0,0.7668116092681885,11,3318
9351,27,2,9,False,2,1,True,False,False,False,0.20000001788139343,1.0,0.20199011266231537,3,4142
9351,28,5,6,True,10507,1,False,False,False,False,0.4000000059604645,1.0,0.5531726479530334,6,10017
9351,29,1,10,False,1619,53,True,True,True,True,0.0,0.0,0.02000001072883606,1,3064
9351,30,2,9,False,4,1,True,False,False,False,0.7483315467834473,6.0,0.7488658428192139,8,8974
9351,31,4,7,True,10507,1,False,False,False,False,0.4000000059604645,1.0,0.5528109669685364,5,2157
4035,0,2,9,False,25,1,True,False,False,False,0.8246211409568787,6.0,0.8251060843467712,8,7928
4035,1,4,7,False,1,1,True,False,False,False,1.058300495147705,6.0,1.0590561628341675,10,26
4035,2,7,4,True,10507,1,False,True,True,True,0.0,0.0,0.7394593358039856,7,1949
4035,3,5,6,True,10507,1,False,False,False,False,0.44721361994743347,2.0,0.5458937883377075,7,8039
4035,4,2,9,False,2,2,True,False,False,False,1.4282857179641724,8.0,1.4285657405853271,10,7502
4035,5,6,5,True,10507,1,False,False,False,False,0.2828427255153656,2.0,0.5953150987625122,8,9359
4035,6,8,3,True,10507,1,False,False,False,False,0.20000001788139343,1.0,0.7868925929069519,9,7246
4035,7,5,6,True,10507,2,False,True,True,True,0.0,0.0,0.382099449634552,5,9125
4035,8,9,2,True,10507,1,False,True,True,True,0.0,0.0,0.8219488859176636,9,7246
4035,9,5,6,True,10507,2,False,False,False,False,0.2828426957130432,2.0,0.4753945767879486,7,9497
4035,10,8,3,True,10507,1,False,True,True,True,0.0,0.0,0.4418144226074219,8,8039
4035,11,3,8,True,10507,1,False,False,False,False,0.20000001788139343,1.0,0.2986637055873871,4,5973
4035,12,7,4,True,10507,1,False,False,False,False,0.2828427255153656,2.0,0.634665310382843,9,3318
4035,13,11,0,True,10507,1,False,,,,,,0.7927168607711792,11,8039
4035,14,4,7,True,10507,2,False,False,False,False,0.20000001788139343,1.0,0.5600000023841858,5,2147
4035,15,6,5,True,10507,1,False,False,False,False,0.2828426957130432,2.0,0.475815087556839,8,10472
4035,16,6,5,True,10507,1,False,False,False,False,0.2828426957130432,2.0,0.634350061416626,8,1964
4035,17,6,5,True,10507,4,False,True,True,True,0.0,0.0,0.5678027868270874,6,4137
4035,18,8,3,True,10507,1,False,True,True,True,0.0,0.0,0.7397297620773315,8,1964
4035,19,7,4,True,10507,1,False,False,False,False,0.34641018509864807,3.0,0.6283311247825623,10,9359
4035,20,7,4,True,10507,1,False,False,False,False,0.20000001788139343,1.0,0.73403000831604,8,9927
4035,21,8,3,True,10507,1,False,False,False,False,0.19999998807907104,1.0,0.6412488222122192,9,1964
4035,22,6,5,True,10507,1,False,False,False,False,0.2828426957130432,2.0,0.475815087556839,8,1964
4035,23,11,0,True,10507,1,False,,,,,,0.7927168607711792,11,8039
4035,24,3,8,True,10507,1,False,False,False,False,0.20000001788139343,1.0,0.5596427321434021,4,1952
4035,25,6,5,True,10507,1,False,False,False,False,0.2828427255153656,2.0,0.6711184978485107,8,9927
4035,26,3,8,False,2,2,True,False,False,False,1.2961481809616089,7.0,1.296610951423645,10,7502
4035,27,7,4,True,10507,1,False,False,False,False,0.2828426957130432,2.0,0.5242136716842651,9,3318
4035,28,11,0,True,10507,1,False,,,,,,0.7927168607711792,11,8039
4035,29,2,9,False,2,1,True,False,False,False,1.039230465888977,5.0,1.0396153926849365,7,9623
4035,30,8,3,True,10507,1,False,False,False,False,0.20000001788139343,1.0,0.7557777762413025,9,8039
4035,31,11,0,True,10507,1,False,,,,,,0.7927168607711792,11,8039
8766,0,4,7,True,10507,2,False,False,False,False,0.19999998807907104,1.0,0.2993325889110565,5,9194
8766,1,5,6,True,10507,2,False,False,False,False,0.2828427255153656,2.0,0.4753945767879486,7,5793
8766,2,5,6,True,10507,1,False,False,False,False,0.4472135901451111,2.0,0.5,7,7264
8766,3,2,9,True,10507,1,False,True,True,True,0.0,0.0,0.42047592997550964,2,8766
8766,4,7,4,True,10507,1,False,False,False,False,0.2828426957130432,2.0,0.634665310382843,9,7264
8766,5,5,6,True,10507,1,False,False,False,False,0.19999998807907104,1.0,0.3714834749698639,6,7264
8766,6,11,0,True,10507,1,False,,,,,,0.7927168607711792,11,8039
8766,7,1,10,False,2983,2,True,False,False,False,0.19999998807907104,1.0,0.2009975016117096,2,5052
8766,8,6,5,True,10507,4,False,False,False,False,0.19999998807907104,1.0,0.5607138276100159,7,9217
8766,9,1,10,False,576,2,True,False,False,False,0.19999998807907104,1.0,0.2009975016117096,2,9194
8766,10,4,7,True,10507,1,False,False,False,False,0.2828427255153656,2.0,0.5946427583694458,6,2629
8766,11,1,10,False,1619,3,True,False,False,False,0.3464101552963257,3.0,0.3469870388507843,4,3061
8766,12,2,9,False,220,10,True,False,False,False,0.4000000059604645,4.0,0.4009987413883209,6,3006
8766,13,6,5,True,10507,1,False,False,False,False,0.2828426957130432,2.0,0.42237424850463867,8,8974
8766,14,5,6,True,10507,3,False,False,False,False,0.2828426957130432,2.0,0.4753945767879486,7,1964
8766,15,3,8,True,10507,1,False,False,False,False,0.4472135901451111,2.0,0.49919936060905457,5,7264
8766,16,6,5,True,10507,1,False,False,False,False,0.44721361994743347,2.0,0.722772479057312,8,3318
8766,17,9,2,True,10507,2,False,False,False,False,0.19999998807907104,1.0,0.7665507793426514,10,5057
8766,18,8,3,True,10507,1,False,True,True,True,0.0,0.0,0.6092618703842163,8,5793
8766,19,9,2,True,10507,1,False,False,False,False,0.19999998807907104,1.0,0.5758472084999084,10,4065
8766,20,11,0,True,10507,1,False,,,,,,0.7927168607711792,11,8039
8766,21,4,7,True,10507,1,False,False,False,False,0.3464101552963257,3.0,0.4664761424064636,7,5278
8766,22,11,0,True,10507,1,False,,,,,,0.7927168607711792,11,8039
8766,23,1,10,False,1619,3,True,False,False,False,0.3464101552963257,3.0,0.3469870388507843,4,3061
8766,24,7,4,True,10507,1,False,False,False,False,0.19999998807907104,1.0,0.6023288369178772,8,7264
8766,25,9,2,True,10507,1,False,False,False,False,0.19999998807907104,1.0,0.6415606141090393,10,9359
8766,26,2,9,False,2,1,True,False,False,False,0.5291502475738525,4.0,0.5299056768417358,6,4142
8766,27,7,4,True,10507,1,False,False,False,False,0.19999998807907104,1.0,0.6023288369178772,8,9272
8766,28,5,6,True,10507,2,False,False,False,False,0.2828426957130432,2.0,0.36055511236190796,7,8310
8766,29,5,6,True,10507,1,False,False,False,False,0.19999998807907104,1.0,0.699999988079071,6,8917
8766,30,6,5,True,10507,1,False,False,False,False,0.6000000238418579,3.0,0.6770524382591248,9,8039
8766,31,11,0,True,10507,1,False,,,,,,0.7927168607711792,11,8039
8382,0,3,8,True,10507,1,False,False,False,False,0.4472135901451111,2.0,0.6520736217498779,5,7185
8382,1,9,2,True,10507,1,False,False,False,False,0.19999998807907104,1.0,0.6415606141090393,10,8974
8382,2,10,1,True,10507,1,False,True,True,True,0.0,0.0,0.7402702569961548,10,3318
8382,3,10,1,True,10507,2,False,False,False,False,0.19999998807907104,1.0,0.7668116688728333,11,9359
8382,4,10,1,True,10507,2,False,True,True,True,0.0,0.0,0.7402702569961548,10,9359
8382,5,6,5,True,10507,2,False,False,False,False,0.3464101552963257,3.0,0.4673328399658203,9,8310
8382,6,2,9,False,1,1,True,False,False,False,1.1489125490188599,8.0,1.1492606401443481,10,26
8382,7,11,0,True,10507,1,False,,,,,,0.7927168607711792,11,8039
8382,8,7,4,True,10507,1,False,False,False,False,0.19999998807907104,1.0,0.6409368515014648,8,1964
8382,9,7,4,True,10507,1,False,False,False,False,0.19999998807907104,1.0,0.7866384387016296,8,5625
8382,10,4,7,False,1,1,True,False,False,False,0.8485282063484192,7.0,0.8494704365730286,11,53
8382,11,1,10,False,1619,22,True,False,False,False,0.19999998807907104,1.0,0.2009975016117096,2,10160
8382,12,8,3,True,10507,1,False,False,False,False,0.2828426957130432,2.0,0.5245950818061829,10,6251
8382,13,6,5,True,10507,5,False,False,False,False,0.19999998807907104,1.0,0.516139566898346,7,601
8382,14,1,10,False,25,1,True,False,False,False,0.8485281467437744,7.0,0.8487638235092163,8,2238
8382,15,3,8,True,10507,4,False,False,False,False,0.2828426957130432,2.0,0.552449107170105,5,6994
8382,16,7,4,True,10507,1,False,False,False,False,0.2828426957130432,2.0,0.634665310382843,9,8974
8382,17,6,5,True,10507,1,False,False,False,False,0.2828426957130432,2.0,0.671118438243866,8,9677
8382,18,3,8,True,10507,1,False,False,False,False,0.19999998807907104,1.0,0.2986636757850647,4,5935
8382,19,5,6,True,10507,1,False,True,True,True,0.0,0.0,0.6587867736816406,5,6315
8382,20,2,9,False,25,3,True,False,False,False,0.4472135901451111,2.0,0.44810712337493896,4,721
8382,21,6,5,True,10507,1,False,False,False,False,0.2828426957130432,2.0,0.3611093759536743,8,9623
8382,22,6,5,True,10507,1,False,False,False,False,0.2828426957130432,2.0,0.475815087556839,8,8974
8382,23,11,0,True,10507,1,False,,,,,,0.7927168607711792,11,8039
8382,24,1,10,False,1619,22,True,False,False,False,0.19999998807907104,1.0,0.2009975016117096,2,3074
8382,25,7,4,True,10507,1,False,True,True,True,0.0,0.0,0.6471476554870605,7,1952
8382,26,1,10,False,53,1,True,False,False,False,0.4472135901451111,2.0,0.4476605951786041,3,10030
8382,27,4,7,True,10507,2,False,False,False,False,0.19999998807907104,1.0,0.5600000023841858,5,5311
8382,28,9,2,True,10507,1,False,False,False,False,0.4472135901451111,2.0,0.6289674043655396,11,8039
8382,29,3,8,True,10507,4,False,False,False,False,0.2828426957130432,2.0,0.4209512770175934,5,3917
8382,30,7,4,True,10507,1,False,False,False,False,0.19999998807907104,1.0,0.6409368515014648,8,9359
8382,31,1,10,False,10419,23,True,True,True,True,0.0,0.0,0.019999980926513672,1,3970
4533,0,3,8,False,6,1,True,False,False,False,0.3999999761581421,1.0,0.4014971852302551,4,405
4533,1,2,9,True,10507,2,False,False,False,False,0.3464101552963257,3.0,0.4656178653240204,5,9610
4533,2,9,2,True,10507,2,False,False,False,False,0.19999998807907104,1.0,0.6415606141090393,10,3318
4533,3,5,6,True,10507,1,False,False,False,False,0.2828426957130432,2.0,0.6340347528457642,7,1955
4533,4,4,7,True,10507,2,False,False,False,False,0.2828426957130432,2.0,0.5946427583694458,6,3542
4533,5,7,4,True,10507,2,False,False,False,False,0.4000000059604645,1.0,0.7285602688789368,8,4810
4533,6,3,8,True,10507,1,False,False,False,False,0.4000000059604645,1.0,0.6581792831420898,4,8283
4533,7,6,5,True,10507,1,False,False,False,False,0.19999998807907104,1.0,0.7002856731414795,7,7034
4533,8,6,5,True,10507,1,False,False,False,False,0.5656854510307312,2.0,0.7709734439849854,8,384
4533,9,5,6,True,10507,1,False,True,True,True,0.0,0.0,0.382099449634552,5,8542
4533,10,5,6,True,10507,1,False,False,False,False,0.4472135901451111,2.0,0.6276941895484924,7,4810
4533,11,2,9,False,1,1,True,False,False,False,1.2649110555648804,7.0,1.265227198600769,9,26
4533,12,8,3,True,10507,1,False,True,True,True,0.0,0.0,0.6092618703842163,8,295
4533,13,5,6,True,10507,1,False,False,False,False,0.2828426957130432,2.0,0.6340346932411194,7,3743
4533,14,9,2,True,10507,1,False,False,False,False,0.2828426957130432,2.0,0.7922121286392212,11,5281
4533,15,11,0,True,10507,1,False,,,,,,0.7927168607711792,11,8039
4533,16,5,6,True,10507,1,False,False,False,False,0.2828426957130432,2.0,0.4753945469856262,7,4060
4533,17,1,10,False,576,3,True,True,True,True,0.0,0.0,0.019999995827674866,1,5072
4533,18,8,3,True,10507,1,False,False,False,False,0.4000000059604645,1.0,0.8119113445281982,9,8974
4533,19,8,3,True,10507,1,False,True,True,True,0.0,0.0,0.6474565863609314,8,1949
4533,20,5,6,True,10507,2,False,True,True,True,0.0,0.0,0.7810249924659729,5,8000
4533,21,10,1,True,10507,2,False,False,False,False,0.19999998807907104,1.0,0.7668116688728333,11,9359
4533,22,7,4,True,10507,1,False,False,False,False,0.2828426957130432,2.0,0.7285602688789368,9,5074
4533,23,7,4,True,10507,1,False,False,False,False,0.2828426957130432,2.0,0.7285602688789368,9,7233
4533,24,11,0,True,10507,1,False,,,,,,0.7927168607711792,11,8039
4533,25,2,9,False,2,1,True,False,False,False,1.1832159757614136,8.0,1.18355393409729,10,53
4533,26,3,8,False,1,1,True,False,False,False,0.9165151119232178,7.0,0.9171695709228516,10,8974
4533,27,7,4,True,10507,1,False,True,True,True,0.0,0.0,0.49274739623069763,7,2157
4533,28,8,3,True,10507,2,False,False,False,False,0.19999998807907104,1.0,0.6412488222122192,9,9359
4533,29,1,10,False,26,1,True,False,False,False,0.5656853914260864,5.0,0.5660388469696045,6,7809
4533,30,5,6,True,10507,2,False,True,True,True,0.0,0.0,0.7810249924659729,5,7714
4533,31,4,7,True,10507,1,False,True,True,True,0.0,0.0,0.38157567381858826,4,3129
8670,0,5,6,True,10507,1,False,True,True,True,0.0,0.0,0.6082762479782104,5,1952
8670,1,1,10,False,25,1,True,False,False,False,0.9797959327697754,7.0,0.9800000190734863,8,7928
8670,2,10,1,True,10507,1,False,True,True,True,0.0,0.0,0.7924644947052002,10,8039
8670,3,10,1,True,10507,1,False,False,False,False,0.3999999761581421,1.0,0.6723094582557678,11,4065
8670,4,11,0,True,10507,1,False,,,,,,0.7927168607711792,11,8039
8670,5,1,10,False,10469,465,True,True,True,True,0.0,0.0,0.019999980926513672,1,7805
8670,6,11,0,True,10507,1,False,,,,,,0.7927168607711792,11,8039
8670,7,11,0,True,10507,1,False,,,,,,0.7927168607711792,11,8039
8670,8,3,8,True,10507,1,False,True,True,True,0.0,0.0,0.5226854085922241,3,4257
8670,9,9,2,True,10507,1,False,False,False,False,0.19999998807907104,1.0,0.6415606141090393,10,8974
8670,10,7,4,True,10507,1,False,True,True,True,0.0,0.0,0.6714164614677429,7,9513
8670,11,1,10,False,576,2,True,True,True,True,0.0,0.0,0.019999995827674866,1,7714
8670,12,10,1,True,10507,2,False,True,True,True,0.0,0.0,0.7402702569961548,10,9359
8670,13,1,10,False,1,1,True,False,False,False,1.3856406211853027,10.0,1.3857848644256592,11,53
8670,14,11,0,True,10507,1,False,,,,,,0.7927168607711792,11,8039
8670,15,8,3,True,10507,1,False,False,False,False,0.4898979067802429,3.0,0.6951258778572083,11,4842
8670,16,7,4,True,10507,1,False,False,False,False,0.19999998807907104,1.0,0.48456165194511414,8,5280
8670,17,10,1,True,10507,1,False,True,True,True,0.0,0.0,0.7924644947052002,10,8039
8670,18,2,9,False,2,1,True,False,False,False,0.8246211409568787,6.0,0.8251060843467712,8,8974
8670,19,10,1,True,10507,1,False,True,True,True,0.0,0.0,0.7924644947052002,10,8039
8670,20,10,1,True,10507,1,False,True,True,True,0.0,0.0,0.8221921920776367,10,7246
8670,21,7,4,True,10507,2,False,False,False,False,0.19999998807907104,1.0,0.43220362067222595,8,9497
8670,22,3,8,True,10507,4,False,False,False,False,0.2828426957130432,2.0,0.6936858296394348,5,7130
8670,23,3,8,True,10507,4,False,False,False,False,0.3999999761581421,4.0,0.6206448078155518,7,5835
8670,24,11,0,True,10507,1,False,,,,,,0.7927168607711792,11,8039
8670,25,1,10,False,1,1,True,False,False,False,1.3856406211853027,10.0,1.3857848644256592,11,53
8670,26,1,10,False,576,2,True,True,True,True,0.0,0.0,0.019999995827674866,1,7714
8670,27,6,5,True,10507,1,False,False,False,False,0.4898979663848877,3.0,0.8593020439147949,9,2659
8670,28,11,0,True,10507,1,False,,,,,,0.7927168607711792,11,8039
8670,29,11,0,True,10507,1,False,,,,,,0.7927168607711792,11,8039
8670,30,10,1,True,10507,2,False,True,True,True,0.0,0.0,0.7402702569961548,10,3318
8670,31,3,8,False,7,1,True,False,False,False,0.2828426957130432,2.0,0.2849561274051666,5,8842
8000,0,6,5,True,10507,1,False,False,False,False,0.4898979067802429,3.0,0.6590902805328369,9,1022
8000,1,10,1,True,10507,1,False,True,True,True,0.0,0.0,0.7402702569961548,10,8974
8000,2,4,7,True,10507,4,False,False,False,False,0.19999998807907104,1.0,0.29933255910873413,5,1067
8000,3,5,6,True,10507,1,False,False,False,False,0.2828426957130432,2.0,0.5234501361846924,7,9927
8000,4,8,3,True,10507,1,False,False,False,False,0.19999998807907104,1.0,0.7662897706031799,9,9938
8000,5,11,0,True,10507,1,False,,,,,,0.7927168607711792,11,8039
8000,6,11,0,True,10507,1,False,,,,,,0.7927168607711792,11,8039
8000,7,8,3,True,10507,1,False,False,False,False,0.4000000059604645,1.0,0.8597674369812012,9,2157
8000,8,11,0,True,10507,1,False,,,,,,0.7927168607711792,11,8039
8000,9,9,2,True,10507,1,False,False,False,False,0.4000000059604645,1.0,0.8121576905250549,10,8974
8000,10,2,9,False,10418,2,True,True,True,True,0.0,0.0,0.028284244239330292,2,8000
8000,11,10,1,True,10507,2,False,False,False,False,0.19999998807907104,1.0,0.7668116092681885,11,3318
8000,12,6,5,True,10507,1,False,False,False,False,0.19999998807907104,1.0,0.37202146649360657,7,9513
8000,13,9,2,True,10507,2,False,False,False,False,0.19999998807907104,1.0,0.6415606141090393,10,3318
8000,14,5,6,True,10507,1,False,True,True,True,0.0,0.0,0.6082762479782104,5,1952
8000,15,1,10,False,3,1,True,False,False,False,1.0770330429077148,7.0,1.0772186517715454,8,8974
8000,16,11,0,True,10507,1,False,,,,,,0.7927168607711792,11,8039
8000,17,4,7,True,10507,1,False,True,True,True,0.0,0.0,0.65848308801651,4,6315
8000,18,10,1,True,10507,1,False,True,True,True,0.0,0.0,0.8221921920776367,10,7246
8000,19,11,0,True,10507,1,False,,,,,,0.7927168607711792,11,8039
8000,20,11,0,True,10507,1,False,,,,,,0.7927168607711792,11,8039
8000,21,8,3,True,10507,1,False,False,False,False,0.4000000059604645,1.0,0.7288347482681274,9,1964
8000,22,4,7,True,10507,1,False,False,False,False,0.2828426957130432,2.0,0.4749736785888672,6,1964
8000,23,1,10,False,10469,2,True,True,True,True,0.0,0.0,0.019999980926513672,1,8000
8000,24,10,1,True,10507,1,False,True,True,True,0.0,0.0,0.7924644947052002,10,8039
8000,25,5,6,True,10507,1,False,False,False,False,0.2828426957130432,2.0,0.6340346932411194,7,250
8000,26,10,1,True,10507,1,False,False,False,False,0.3999999761581421,1.0,0.6723094582557678,11,4065
8000,27,6,5,True,10507,1,False,False,False,False,0.44721361994743347,2.0,0.8357033729553223,8,9927
8000,28,2,9,True,10507,4,False,False,False,False,0.20000000298023224,1.0,0.5145872831344604,3,3774
8000,29,7,4,True,10507,1,False,True,True,True,0.0,0.0,0.8214621543884277,7,9938
8000,30,3,8,True,10507,3,False,False,False,False,0.2828426957130432,2.0,0.5943063497543335,5,1948
8000,31,9,2,True,10507,1,False,False,False,False,0.3999999761581421,1.0,0.6720119118690491,10,4065
3254,0,4,7,True,10507,1,False,False,False,False,0.19999998807907104,1.0,0.430813193321228,5,875
3254,1,1,10,False,1619,5,True,True,True,True,0.0,0.0,0.02000001072883606,1,9308
3254,2,10,1,True,10507,1,False,True,True,True,0.0,0.0,0.761577308177948,10,6251
3254,3,6,5,True,10507,2,False,False,False,False,0.19999998807907104,1.0,0.4317406415939331,7,9497
3254,4,8,3,True,10507,1,False,False,False,False,0.5656854510307312,2.0,0.6835203170776367,10,8039
3254,5,5,6,True,10507,8,False,False,False,False,0.19999998807907104,1.0,0.3714834749698639,6,8840
3254,6,3,8,True,10507,2,False,True,True,True,0.0,0.0,0.5226854085922241,3,5003
3254,7,5,6,True,10507,2,False,False,False,False,0.19999998807907104,1.0,0.43127715587615967,6,3829
3254,8,9,2,True,10507,1,False,False,False,False,0.3999999761581421,1.0,0.6720119118690491,10,4065
3254,9,1,10,False,26,3,True,False,False,False,0.20000001788139343,1.0,0.20099753141403198,2,720
3254,10,11,0,True,10507,1,False,,,,,,0.7927168607711792,11,8039
3254,11,10,1,True,10507,2,False,False,False,False,0.19999998807907104,1.0,0.7668116092681885,11,3318
3254,12,10,1,True,10507,1,False,False,False,False,0.19999998807907104,1.0,0.846167802810669,11,4842
3254,13,11,0,True,10507,1,False,,,,,,0.7927168607711792,11,8039
3254,14,3,8,True,10507,1,False,False,False,False,0.2828426957130432,2.0,0.3594439923763275,5,5163
3254,15,5,6,True,10507,1,False,False,False,False,0.4000000059604645,1.0,0.6942622065544128,6,1949
3254,16,10,1,True,10507,1,False,False,False,False,0.3999999761581421,1.0,0.6723094582557678,11,4065
3254,17,4,7,True,10507,2,False,False,False,False,0.19999998807907104,1.0,0.3709447383880615,5,3718
3254,18,4,7,True,10507,9,False,False,False,False,0.19999998807907104,1.0,0.5600000023841858,5,5257
3254,19,6,5,True,10507,1,False,False,False,False,0.6000000238418579,3.0,0.6770524382591248,9,6251
3254,20,8,3,True,10507,1,False,False,False,False,0.4000000059604645,1.0,0.8872429132461548,9,7246
3254,21,7,4,True,10507,2,False,False,False,False,0.2828426957130432,2.0,0.8407140374183655,9,10058
3254,22,5,6,True,10507,1,False,False,False,False,0.2828426957130432,2.0,0.5531726479530334,7,7233
3254,23,9,2,True,10507,1,False,True,True,True,0.0,0.0,0.49355849623680115,9,8039
3254,24,7,4,True,10507,1,False,False,False,False,0.20000001788139343,1.0,0.8165782690048218,8,2157
3254,25,6,5,True,10507,1,False,True,True,True,0.0,0.0,0.6711184978485107,6,7767
3254,26,10,1,True,10507,1,False,True,True,True,0.0,0.0,0.4939635396003723,10,8039
3254,27,7,4,True,10507,2,False,False,False,False,0.19999998807907104,1.0,0.6023288369178772,8,7882
3254,28,5,6,True,10507,1,False,True,True,True,0.0,0.0,0.5234501361846924,5,8273
3254,29,5,6,True,10507,1,False,True,True,True,0.0,0.0,0.5234501361846924,5,7358
3254,30,1,10,False,576,2,True,True,True,True,0.0,0.0,0.019999995827674866,1,7714
3254,31,5,6,True,10507,1,False,True,True,True,0.0,0.0,0.5674504637718201,5,9665
1013,0,1,10,False,1,1,True,False,False,False,1.624807596206665,10.0,1.624930739402771,11,53
1013,1,11,0,True,10507,1,False,,,,,,0.7927168607711792,11,8039
1013,2,6,5,True,10507,1,False,False,False,False,0.4898979663848877,3.0,0.6216108202934265,9,8039
1013,3,1,10,False,25,1,True,False,False,False,0.800000011920929,7.0,0.8002499938011169,8,7928
1013,4,4,7,True,10507,2,False,False,False,False,0.19999998807907104,1.0,0.5153639912605286,5,9683
1013,5,2,9,False,25,1,True,False,False,False,0.19999998807907104,1.0,0.20199008285999298,3,4142
1013,6,11,0,True,10507,1,False,,,,,,0.7927168607711792,11,8039
1013,7,2,9,True,10507,1,False,False,False,False,0.19999998807907104,1.0,0.369864821434021,3,6416
1013,8,10,1,True,10507,1,False,True,True,True,0.0,0.0,0.7924644947052002,10,8039
1013,9,6,5,True,10507,1,False,False,False,False,0.2828426957130432,2.0,0.7914543747901917,8,5281
1013,10,10,1,True,10507,1,False,True,True,True,0.0,0.0,0.7924644947052002,10,8039
1013,11,7,4,True,10507,1,False,False,False,False,0.19999998807907104,1.0,0.6023288369178772,8,9359
1013,12,9,2,True,10507,1,False,False,False,False,0.3999999761581421,1.0,0.6720119118690491,10,4065
1013,13,5,6,True,10507,1,False,False,False,False,0.2828426957130432,2.0,0.5949789881706238,7,1420
1013,14,10,1,True,10507,1,False,True,True,True,0.0,0.0,0.7924644947052002,10,8039
1013,15,6,5,True,10507,2,False,False,False,False,0.3999999761581421,1.0,0.5535340905189514,7,6759
1013,16,11,0,True,10507,1,False,,,,,,0.7927168607711792,11,8039
1013,17,11,0,True,10507,1,False,,,,,,0.7927168607711792,11,8039
1013,18,10,1,True,10507,1,False,True,True,True,0.0,0.0,0.4939635396003723,10,8039
1013,19,11,0,True,10507,1,False,,,,,,0.7927168607711792,11,8039
1013,20,9,2,True,10507,1,False,True,True,True,0.0,0.0,0.7613146305084229,9,6251
1013,21,8,3,True,10507,1,False,False,False,False,0.4472135901451111,2.0,0.6657326817512512,10,4065
1013,22,6,5,True,10507,1,False,False,False,False,0.2828426957130432,2.0,0.5238320231437683,8,3459
1013,23,5,6,True,10507,2,False,False,False,False,0.19999998807907104,1.0,0.5603570342063904,6,8064
1013,24,2,9,True,10507,2,False,False,False,False,0.19999998807907104,1.0,0.2979932725429535,3,3110
1013,25,7,4,True,10507,1,False,False,False,False,0.5656854510307312,2.0,0.6832276582717896,9,8039
1013,26,10,1,True,10507,1,False,True,True,True,0.0,0.0,0.7924644947052002,10,8039
1013,27,4,7,True,10507,2,False,False,False,False,0.19999998807907104,1.0,0.601331889629364,5,9508
1013,28,3,8,False,2,1,True,False,False,False,0.19999998807907104,1.0,0.20297782123088837,4,4142
1013,29,8,3,True,10507,1,False,False,False,False,0.3999999761581421,1.0,0.7288346886634827,9,384
1013,30,4,7,True,10507,1,False,False,False,False,0.4472135901451111,2.0,0.5878775119781494,6,1964
1013,31,7,4,True,10507,1,False,False,False,False,0.19999998807907104,1.0,0.6409368515014648,8,1964
7298,0,4,7,True,10507,1,False,False,False,False,0.20000001788139343,1.0,0.3709447383880615,5,5989
7298,1,7,4,True,10507,1,False,False,False,False,0.2828426957130432,2.0,0.5242136716842651,9,10472
7298,2,7,4,True,10507,2,False,False,False,False,0.2828426957130432,2.0,0.6714164614677429,9,9359
7298,3,1,10,False,2983,1,True,True,True,True,0.0,0.0,0.019999995827674866,1,7298
7298,4,10,1,True,10507,1,False,True,True,True,0.0,0.0,0.4939635396003723,10,8039
7298,5,9,2,True,10507,1,False,False,False,False,0.20000001788139343,1.0,0.7665507793426514,10,3318
7298,6,3,8,True,10507,1,False,False,False,False,0.3464101552963257,3.0,0.41133925318717957,6,8974
7298,7,8,3,True,10507,1,False,False,False,False,0.2828426957130432,2.0,0.8409518599510193,10,4842
7298,8,4,7,False,7,1,True,False,False,False,0.8944271802902222,4.0,0.8953211903572083,8,8842
7298,9,8,3,True,10507,1,False,False,False,False,0.5656854510307312,2.0,0.6835203170776367,10,8039
7298,10,2,9,True,10507,1,False,True,True,True,0.0,0.0,0.3111269772052765,2,7298
7298,11,9,2,True,10507,1,False,False,False,False,0.19999998807907104,1.0,0.6415606141090393,10,7264
7298,12,4,7,True,10507,1,False,False,False,False,0.20000001788139343,1.0,0.3709447383880615,5,5989
7298,13,9,2,True,10507,1,False,True,True,True,0.0,0.0,0.7613146305084229,9,8039
7298,14,1,10,False,10469,1,True,True,True,True,0.0,0.0,0.019999980926513672,1,7298
7298,15,8,3,True,10507,1,False,True,True,True,0.0,0.0,0.49315309524536133,8,8039
7298,16,7,4,True,10507,1,False,False,False,False,0.2828426957130432,2.0,0.5681548714637756,9,4842
7298,17,7,4,True,10507,1,False,False,False,False,0.19999998807907104,1.0,0.6023288369178772,8,6029
7298,18,2,9,False,220,3,True,False,False,False,0.20000001788139343,1.0,0.20199011266231537,3,2223
7298,19,3,8,True,10507,1,False,True,True,True,0.0,0.0,0.31176915764808655,3,6075
7298,20,11,0,True,10507,1,False,,,,,,0.7927168607711792,11,8039
7298,21,4,7,True,10507,1,False,False,False,False,0.20000001788139343,1.0,0.3709447383880615,5,3129
7298,22,9,2,True,10507,1,False,True,True,True,0.0,0.0,0.7717512845993042,9,1964
7298,23,10,1,True,10507,1,False,False,False,False,0.19999998807907104,1.0,0.846167802810669,11,4842
7298,24,8,3,True,10507,1,False,False,False,False,0.2828426957130432,2.0,0.5685067772865295,10,4842
7298,25,10,1,True,10507,1,False,True,True,True,0.0,0.0,0.761577308177948,10,8039
7298,26,5,6,True,10507,1,False,False,False,False,0.4000000059604645,1.0,0.6942622661590576,6,9096
7298,27,6,5,True,10507,3,False,False,False,False,0.4898979663848877,3.0,0.6216108202934265,9,4842
7298,28,11,0,True,10507,1,False,,,,,,0.7927168607711792,11,8039
7298,29,4,7,True,10507,1,False,False,False,False,0.3464101552963257,3.0,0.5878775119781494,7,7987
7298,30,7,4,True,10507,1,False,False,False,False,0.4000000059604645,1.0,0.634665310382843,8,4065
7298,31,3,8,True,10507,7,False,False,False,False,0.3464101552963257,3.0,0.41133925318717957,6,3740
6564,0,7,4,True,10507,1,False,True,True,True,0.0,0.0,0.6471475958824158,7,1964
6564,1,5,6,True,10507,1,False,False,False,False,0.3464101552963257,3.0,0.6276941895484924,8,5281
6564,2,2,9,False,49,1,True,True,True,True,0.0,0.0,0.02828427590429783,2,421
6564,3,5,6,True,10507,5,False,True,True,True,0.0,0.0,0.4753945767879486,5,9606
6564,4,9,2,True,10507,1,False,False,False,False,0.20000001788139343,1.0,0.8170679211616516,10,7246
6564,5,9,2,True,10507,1,False,True,True,True,0.0,0.0,0.7717512845993042,9,1964
6564,6,7,4,True,10507,1,False,False,False,False,0.4000000059604645,1.0,0.5956509113311768,8,8039
6564,7,7,4,True,10507,3,False,False,False,False,0.3464101552963257,3.0,0.6654322147369385,10,5281
6564,8,10,1,True,10507,1,False,True,True,True,0.0,0.0,0.7924644947052002,10,8039
6564,9,8,3,True,10507,1,False,True,True,True,0.0,0.0,0.6474565863609314,8,9927
6564,10,3,8,False,24,3,True,False,False,False,0.9165151119232178,7.0,0.9171695709228516,10,7148
6564,11,7,4,True,10507,1,False,False,False,False,0.20000001788139343,1.0,0.6409368515014648,8,1949
6564,12,8,3,True,10507,1,False,True,True,True,0.0,0.0,0.7919595837593079,8,2157
6564,13,1,10,False,1,1,True,False,False,False,1.4282857179641724,10.0,1.428425669670105,11,53
6564,14,10,1,True,10507,1,False,True,True,True,0.0,0.0,0.8221921920776367,10,7246
6564,15,7,4,True,10507,1,False,False,False,False,0.40000003576278687,1.0,0.634665310382843,8,8039
6564,16,9,2,True,10507,2,False,False,False,False,0.2828426957130432,2.0,0.7613146901130676,11,9359
6564,17,4,7,True,10507,1,False,False,False,False,0.34641018509864807,3.0,0.4664761424064636,7,10017
6564,18,11,0,True,10507,1,False,,,,,,0.7927168607711792,11,8039
6564,19,8,3,True,10507,1,False,True,True,True,0.0,0.0,0.49315309524536133,8,8039
6564,20,4,7,False,23,3,True,True,True,True,0.0,0.0,0.039999984204769135,4,8830
6564,21,2,9,False,4,1,True,False,False,False,1.0,6.0,1.0003999471664429,8,6251
6564,22,11,0,True,10507,1,False,,,,,,0.7927168607711792,11,8039
6564,23,10,1,True,10507,1,False,True,True,True,0.0,0.0,0.7720103859901428,10,1964
6564,24,11,0,True,10507,1,False,,,,,,0.7927168607711792,11,8039
6564,25,6,5,True,10507,1,False,False,False,False,0.2828427255153656,2.0,0.475815087556839,8,8039
6564,26,1,10,False,26,3,True,True,True,True,0.0,0.0,0.019999995827674866,1,8830
6564,27,4,7,False,1,1,True,False,False,False,0.8944272398948669,6.0,0.8953211903572083,10,26
6564,28,8,3,True,10507,2,False,False,False,False,0.2828426957130432,2.0,0.7610518932342529,10,5281
6564,29,10,1,True,10507,1,False,True,True,True,0.0,0.0,0.7924644947052002,10,8039
6564,30,3,8,True,10507,6,False,False,False,False,0.20000001788139343,1.0,0.2986637055873871,4,2147
6564,31,7,4,True,10507,1,False,True,True,True,0.0,0.0,0.49274739623069763,7,7246
8679,0,7,4,True,10507,1,False,False,False,False,0.4000000059604645,1.0,0.6948381066322327,8,295
8679,1,11,0,True,10507,1,False,,,,,,0.7927168607711792,11,8039
8679,2,2,9,False,1,1,True,False,False,False,1.2961480617523193,9.0,1.2964566946029663,11,53
8679,3,1,10,False,1,1,True,False,False,False,1.4282857179641724,10.0,1.428425669670105,11,53
8679,4,11,0,True,10507,1,False,,,,,,0.7927168607711792,11,8039
8679,5,7,4,True,10507,1,False,False,False,False,0.20000001788139343,1.0,0.845458447933197,8,7246
8679,6,8,3,True,10507,1,False,False,False,False,0.2828426957130432,2.0,0.7288347482681274,10,8931
8679,7,10,1,True,10507,1,False,True,True,True,0.0,0.0,0.4939635396003723,10,8039
8679,8,9,2,True,10507,2,False,False,False,False,0.19999998807907104,1.0,0.6415606141090393,10,9359
8679,9,6,5,True,10507,1,False,False,False,False,0.19999998807907104,1.0,0.7002857327461243,7,5641
8679,10,5,6,True,10507,1,False,False,False,False,0.2828426957130432,2.0,0.5949790477752686,7,1420
8679,11,6,5,True,10507,5,False,False,False,False,0.2828426957130432,2.0,0.6590902805328369,8,422
8679,12,6,5,True,10507,1,False,False,False,False,0.4000000059604645,1.0,0.6945502161979675,7,295
8679,13,9,2,True,10507,1,False,False,False,False,0.3999999761581421,1.0,0.5963220596313477,10,6251
8679,14,8,3,True,10507,6,False,False,False,False,0.19999998807907104,1.0,0.6026607751846313,9,8282
8679,15,10,1,True,10507,2,False,True,True,True,0.0,0.0,0.7402702569961548,10,9359
8679,16,5,6,True,10507,1,False,False,False,False,0.2828426957130432,2.0,0.5234500765800476,7,9677
8679,17,6,5,True,10507,2,False,False,False,False,0.19999998807907104,1.0,0.4317406415939331,7,676
8679,18,5,6,True,10507,8,False,False,False,False,0.19999998807907104,1.0,0.3714834749698639,6,5132
8679,19,3,8,False,2,1,True,False,False,False,0.8246211409568787,3.0,0.825348436832428,6,9623
8679,20,10,1,True,10507,2,False,False,False,False,0.19999998807907104,1.0,0.7668116688728333,11,9359
8679,21,7,4,True,10507,2,False,False,False,False,0.2828426957130432,2.0,0.7285602688789368,9,7882
8679,22,7,4,True,10507,1,False,False,False,False,0.2828426957130432,2.0,0.7607890963554382,9,5281
8679,23,11,0,True,10507,1,False,,,,,,0.7927168607711792,11,8039
8679,24,2,9,False,2,1,True,False,False,False,1.039230465888977,8.0,1.039615273475647,10,8974
8679,25,2,9,False,1,1,True,False,False,False,0.4472135901451111,2.0,0.44810712337493896,4,6315
8679,26,5,6,True,10507,1,False,False,False,False,0.19999998807907104,1.0,0.5603570342063904,6,3743
8679,27,2,9,False,1,1,True,False,False,False,1.3266499042510986,8.0,1.3269513845443726,10,26
8679,28,4,7,True,10507,3,False,False,False,False,0.19999998807907104,1.0,0.43081316351890564,5,1948
8679,29,5,6,True,10507,1,False,False,False,False,0.44721361994743347,2.0,0.5458937883377075,7,10017
8679,30,1,10,False,1619,117,True,True,True,True,0.0,0.0,0.02000001072883606,1,4524
8679,31,3,8,False,1,1,True,False,False,False,1.1489125490188599,8.0,1.1494345664978027,11,53
1675,0,1,10,False,26,3,True,False,False,False,0.20000001788139343,1.0,0.20099753141403198,2,10070
1675,1,3,8,True,10507,1,False,False,False,False,0.19999998807907104,1.0,0.3704051673412323,4,1309
1675,2,7,4,True,10507,1,False,False,False,False,0.4898979663848877,3.0,0.7501999735832214,10,8029
1675,3,11,0,True,10507,1,False,,,,,,0.7927168607711792,11,8039
1675,4,11,0,True,10507,1,False,,,,,,0.7927168607711792,11,8039
1675,5,9,2,True,10507,1,False,False,False,False,0.4472135603427887,2.0,0.701141893863678,11,4842
1675,6,4,7,True,10507,1,False,False,False,False,0.19999998807907104,1.0,0.6645299196243286,5,9150
1675,7,6,5,True,10507,1,False,False,False,False,0.2828426957130432,2.0,0.6945502758026123,8,7233
1675,8,5,6,True,10507,1,False,False,False,False,0.5656854510307312,2.0,0.6465292572975159,7,10017
1675,9,3,8,True,10507,1,False,False,False,False,0.2828426957130432,2.0,0.3594439923763275,5,5163
1675,10,11,0,True,10507,1,False,,,,,,0.7927168607711792,11,8039
1675,11,3,8,False,1,1,True,False,False,False,1.0954450368881226,8.0,1.0959926843643188,11,53
1675,12,8,3,True,10507,1,False,True,True,True,0.0,0.0,0.7397297024726868,8,1964
1675,13,3,8,False,49,2,True,True,True,True,0.0,0.0,0.03464100882411003,3,4245
1675,14,5,6,True,10507,1,False,False,False,False,0.19999998807907104,1.0,0.3714834749698639,6,6814
1675,15,4,7,True,10507,1,False,False,False,False,0.2828426957130432,2.0,0.35999995470046997,6,5163
1675,16,10,1,True,10507,1,False,True,True,True,0.0,0.0,0.4939635396003723,10,8039
1675,17,9,2,True,10507,1,False,False,False,False,0.4472135603427887,2.0,0.701141893863678,11,4842
1675,18,2,9,False,1,1,True,False,False,False,1.2489995956420898,9.0,1.2493197917938232,11,53
1675,19,2,9,False,1619,5,True,True,True,True,0.0,0.0,0.028284266591072083,2,4343
1675,20,7,4,True,10507,2,False,False,False,False,0.19999998807907104,1.0,0.7005712389945984,8,8278
1675,21,10,1,True,10507,2,False,True,True,True,0.0,0.0,0.7402702569961548,10,9359
1675,22,6,5,True,10507,1,False,True,True,True,0.0,0.0,0.38262251019477844,6,8542
1675,23,3,8,True,10507,4,False,True,True,True,0.0,0.0,0.6581792831420898,3,8335
1675,24,4,7,True,10507,2,False,True,True,True,0.0,0.0,0.4749737083911896,4,2116
1675,25,8,3,True,10507,1,False,False,False,False,0.4898979067802429,3.0,0.6951258778572083,11,4842
1675,26,2,9,True,10507,1,False,False,False,False,0.2828426957130432,2.0,0.3588871657848358,4,5163
1675,27,2,9,False,23,3,True,True,True,True,0.0,0.0,0.02828427590429783,2,10070
1675,28,5,6,True,10507,1,False,False,False,False,0.19999998807907104,1.0,0.5603570342063904,6,10067
1675,29,3,8,True,10507,2,False,True,True,True,0.0,0.0,0.2218107283115387,3,3110
1675,30,4,7,True,10507,2,False,False,False,False,0.19999998807907104,1.0,0.3709447383880615,5,3718
1675,31,3,8,False,1,1,True,False,False,False,1.095445156097412,8.0,1.0959926843643188,11,53
4557,0,10,1,True,10507,1,False,True,True,True,0.0,0.0,0.7924644947052002,10,8039
4557,1,6,5,True,10507,1,False,True,True,True,0.0,0.0,0.5678027868270874,6,5280
4557,2,3,8,True,10507,1,False,False,False,False,0.2828426957130432,2.0,0.5071489214897156,5,4142
4557,3,8,3,True,10507,1,False,False,False,False,0.20000001788139343,1.0,0.484974205493927,9,8039
4557,4,10,1,True,10507,2,False,False,False,False,0.19999998807907104,1.0,0.7668116092681885,11,3318
4557,5,6,5,True,10507,1,False,True,True,True,0.0,0.0,0.6086049675941467,6,9359
4557,6,11,0,True,10507,1,False,,,,,,0.7927168607711792,11,8039
4557,7,8,3,True,10507,2,False,True,True,True,0.0,0.0,0.6092618703842163,8,370
4557,8,11,0,True,10507,1,False,,,,,,0.7927168607711792,11,8039
4557,9,10,1,True,10507,2,False,True,True,True,0.0,0.0,0.7402702569961548,10,3318
4557,10,11,0,True,10507,1,False,,,,,,0.7927168607711792,11,8039
4557,11,8,3,True,10507,1,False,False,False,False,0.4472135901451111,2.0,0.6657326817512512,10,4065
4557,12,1,10,False,53,1,True,False,False,False,0.19999998807907104,1.0,0.2009975016117096,2,405
4557,13,11,0,True,10507,1,False,,,,,,0.7927168607711792,11,8039
4557,14,11,0,True,10507,1,False,,,,,,0.7927168607711792,11,8039
4557,15,7,4,True,10507,1,False,False,False,False,0.20000001788139343,1.0,0.7866383790969849,8,8039
4557,16,9,2,True,10507,1,False,True,True,True,0.0,0.0,0.7922120690345764,9,8039
4557,17,10,1,True,10507,1,False,False,False,False,0.3999999761581421,1.0,0.6723094582557678,11,4065
4557,18,10,1,True,10507,1,False,True,True,True,0.0,0.0,0.7924644947052002,10,8039
4557,19,4,7,True,10507,1,False,True,True,True,0.0,0.0,0.31240999698638916,4,8357
4557,20,11,0,True,10507,1,False,,,,,,0.7927168607711792,11,8039
4557,21,10,1,True,10507,2,False,False,False,False,0.19999998807907104,1.0,0.7668116092681885,11,3318
4557,22,1,10,False,10419,38,True,True,True,True,0.0,0.0,0.019999980926513672,1,4958
4557,23,9,2,True,10507,1,False,True,True,True,0.0,0.0,0.7613146305084229,9,6251
4557,24,10,1,True,10507,2,False,False,False,False,0.19999998807907104,1.0,0.7668116688728333,11,9359
4557,25,4,7,True,10507,1,False,False,False,False,0.4898979663848877,3.0,0.5810335874557495,7,8039
4557,26,11,0,True,10507,1,False,,,,,,0.7927168607711792,11,8039
4557,27,4,7,True,10507,6,False,False,False,False,0.20000001788139343,1.0,0.3709447383880615,5,561
4557,28,2,9,True,10507,3,False,False,False,False,0.3464101552963257,3.0,0.5447935461997986,5,7412
4557,29,8,3,True,10507,1,False,False,False,False,0.19999998807907104,1.0,0.7343024611473083,9,9359
4557,30,3,8,True,10507,3,False,False,False,False,0.20000001788139343,1.0,0.4303486943244934,4,8282
4557,31,4,7,True,10507,3,False,False,False,False,0.19999998807907104,1.0,0.430813193321228,5,9186
9804,0,11,0,True,10507,1,False,,,,,,0.7927168607711792,11,8039
9804,1,10,1,True,10507,1,False,True,True,True,0.0,0.0,0.4939635396003723,10,8039
9804,2,7,4,True,10507,1,False,False,False,False,0.19999998807907104,1.0,0.48456165194511414,8,295
9804,3,8,3,True,10507,1,False,False,False,False,0.19999998807907104,1.0,0.6776430010795593,9,1952
9804,4,9,2,True,10507,1,False,False,False,False,0.20000001788139343,1.0,0.7560423612594604,10,6251
9804,5,9,2,True,10507,1,False,True,True,True,0.0,0.0,0.6095900535583496,9,9359
9804,6,4,7,True,10507,14,False,False,False,False,0.2828426957130432,2.0,0.5528109669685364,6,8326
9804,7,1,10,False,25,1,True,False,False,False,1.0198038816452026,7.0,1.0199999809265137,8,1159
9804,8,4,7,True,10507,1,False,False,False,False,0.19999998807907104,1.0,0.3709447383880615,5,4246
9804,9,9,2,True,10507,1,False,False,False,False,0.19999998807907104,1.0,0.6779380440711975,10,1964
9804,10,10,1,True,10507,1,False,True,True,True,0.0,0.0,0.7402702569961548,10,9359
9804,11,4,7,True,10507,1,False,True,True,True,0.0,0.0,0.5230678915977478,4,984
9804,12,11,0,True,10507,1,False,,,,,,0.7927168607711792,11,8039
9804,13,10,1,True,10507,1,False,True,True,True,0.0,0.0,0.761577308177948,10,6251
9804,14,10,1,True,10507,1,False,True,True,True,0.0,0.0,0.7924644947052002,10,8039
9804,15,1,10,False,53,3,True,False,False,False,0.2828426957130432,2.0,0.2835489511489868,3,369
9804,16,7,4,True,10507,1,False,False,False,False,0.4898979663848877,3.0,0.6219325065612793,10,8039
9804,17,8,3,True,10507,2,False,True,True,True,0.0,0.0,0.7397297024726868,8,3318
9804,18,11,0,True,10507,1,False,,,,,,0.7927168607711792,11,8039
9804,19,3,8,True,10507,1,False,True,True,True,0.0,0.0,0.5226854085922241,3,984
9804,20,1,10,False,3,1,True,False,False,False,0.9380831718444824,8.0,0.938296377658844,9,8974
9804,21,2,9,False,2,1,True,False,False,False,1.1313707828521729,7.0,1.1317243576049805,9,6251
9804,22,6,5,True,10507,1,False,False,False,False,0.2828426957130432,2.0,0.760526180267334,8,6854
9804,23,5,6,False,1,1,True,False,False,False,1.0198038816452026,6.0,1.0207840204238892,11,26
9804,24,4,7,True,10507,1,False,False,False,False,0.5291503071784973,4.0,0.6523802876472473,8,7246
9804,25,10,1,True,10507,1,False,True,True,True,0.0,0.0,0.8221921920776367,10,7246
9804,26,3,8,True,10507,1,False,False,False,False,0.3464101552963257,3.0,0.4660471975803375,6,875
9804,27,9,2,True,10507,1,False,False,False,False,0.20000001788139343,1.0,0.7871467471122742,10,8039
9804,28,10,1,True,10507,1,False,True,True,True,0.0,0.0,0.7924644947052002,10,8039
9804,29,2,9,False,220,7,True,True,True,True,0.0,0.0,0.02828427590429783,2,4365
9804,30,9,2,True,10507,2,False,False,False,False,0.4472135901451111,2.0,0.836421012878418,11,3318
9804,31,5,6,True,10507,1,False,False,False,False,0.44721361994743347,2.0,0.6276941895484924,7,7246
6984,0,8,3,True,10507,1,False,True,True,True,0.0,0.0,0.7610518932342529,8,8039
6984,1,5,6,True,10507,3,False,False,False,False,0.20000001788139343,1.0,0.6016644239425659,6,425
6984,2,3,8,False,264,6,True,False,False,False,0.20000001788139343,1.0,0.20297783613204956,4,9534
6984,3,4,7,True,10507,1,False,False,False,False,0.2828426957130432,2.0,0.5946427583694458,6,5793
6984,4,9,2,True,10507,1,False,False,False,False,0.40000003576278687,1.0,0.6720119118690491,10,4065
6984,5,6,5,True,10507,1,False,False,False,False,0.20000001788139343,1.0,0.37202149629592896,7,3318
6984,6,11,0,True,10507,1,False,,,,,,0.7927168607711792,11,8039
6984,7,9,2,True,10507,1,False,False,False,False,0.20000001788139343,1.0,0.7665507793426514,10,5793
6984,8,8,3,True,10507,1,False,False,False,False,0.4472135901451111,2.0,0.8827230930328369,10,7246
6984,9,10,1,True,10507,2,False,True,True,True,0.0,0.0,0.7402702569961548,10,9359
6984,10,4,7,True,10507,2,False,False,False,False,0.34641018509864807,3.0,0.5878775715827942,7,1160
6984,11,7,4,True,10507,2,False,False,False,False,0.19999998807907104,1.0,0.7005712389945984,8,831
6984,12,8,3,True,10507,1,False,True,True,True,0.0,0.0,0.5396294593811035,8,4065
6984,13,8,3,True,10507,1,False,False,False,False,0.19999998807907104,1.0,0.5321653485298157,9,4842
6984,14,8,3,True,10507,1,False,False,False,False,0.2828427255153656,2.0,0.634980320930481,10,8974
6984,15,8,3,True,10507,1,False,False,False,False,0.44721361994743347,2.0,0.5892367959022522,10,8039
6984,16,9,2,True,10507,1,False,False,False,False,0.44721361994743347,2.0,0.6289674043655396,11,8039
6984,17,9,2,True,10507,1,False,True,True,True,0.0,0.0,0.5399999618530273,9,4065
6984,18,8,3,True,10507,1,False,False,False,False,0.2828426957130432,2.0,0.6092618107795715,10,4842
6984,19,6,5,True,10507,1,False,False,False,False,0.19999998807907104,1.0,0.4317406713962555,7,9359
6984,20,8,3,True,10507,1,False,False,False,False,0.20000001788139343,1.0,0.484974205493927,9,7264
6984,21,2,9,True,10507,2,False,False,False,False,0.3464101552963257,3.0,0.5871967673301697,5,10058
6984,22,5,6,True,10507,1,False,False,False,False,0.20000001788139343,1.0,0.6016643643379211,6,5793
6984,23,1,10,False,1,1,True,False,False,False,0.9591662883758545,9.0,0.9593747854232788,10,53
6984,24,3,8,True,10507,1,False,False,False,False,0.2828427255153656,2.0,0.552449107170105,5,1160
6984,25,3,8,True,10507,2,False,False,False,False,0.3464101552963257,3.0,0.6270566582679749,6,5655
6984,26,3,8,False,1,1,True,False,False,False,0.9165151119232178,7.0,0.9171695709228516,10,53
6984,27,5,6,True,10507,1,False,False,False,False,0.4000000059604645,4.0,0.5531726479530334,9,4842
6984,28,1,10,False,1,1,True,False,False,False,0.9591662883758545,9.0,0.9593747854232788,10,53
6984,29,3,8,True,10507,3,False,False,False,False,0.3464101552963257,3.0,0.4660472273826599,6,2230
6984,30,5,6,True,10507,1,False,False,False,False,0.4898979663848877,3.0,0.6212890148162842,8,8974
6984,31,11,0,True,10507,1,False,,,,,,0.7927168607711792,11,8039
5887,0,5,6,True,10507,1,False,False,False,False,0.19999998807907104,1.0,0.6016643643379211,6,1952
5887,1,9,2,True,10507,1,False,False,False,False,0.3999999761581421,1.0,0.6720119118690491,10,4065
5887,2,2,9,True,10507,1,False,False,False,False,0.19999998807907104,1.0,0.4656178951263428,3,7233
5887,3,4,7,True,10507,1,False,False,False,False,0.4472135901451111,2.0,0.5878775715827942,6,2157
5887,4,7,4,True,10507,2,False,False,False,False,0.20000001788139343,1.0,0.6023288369178772,8,2147
5887,5,6,5,True,10507,1,False,False,False,False,0.20000001788139343,1.0,0.733757495880127,7,8029
5887,6,8,3,True,10507,1,False,False,False,False,0.19999998807907104,1.0,0.6026607751846313,9,9359
5887,7,11,0,True,10507,1,False,,,,,,0.7927168607711792,11,8039
5887,8,5,6,True,10507,1,False,False,False,False,0.2828426957130432,2.0,0.6340346932411194,7,1949
5887,9,8,3,True,10507,1,False,True,True,True,0.0,0.0,0.6474565863609314,8,1964
5887,10,2,9,True,10507,1,False,False,False,False,0.2828426957130432,2.0,0.3588871657848358,4,6086
5887,11,8,3,True,10507,1,False,False,False,False,0.19999998807907104,1.0,0.6776430010795593,9,5793
5887,12,10,1,True,10507,1,False,True,True,True,0.0,0.0,0.7924644947052002,10,8039
5887,13,11,0,True,10507,1,False,,,,,,0.7927168607711792,11,8039
5887,14,1,10,False,576,2,True,False,False,False,0.19999998807907104,1.0,0.2009975016117096,2,827
5887,15,7,4,True,10507,1,False,False,False,False,0.19999998807907104,1.0,0.5317894220352173,8,7246
5887,16,4,7,True,10507,7,False,False,False,False,0.20000001788139343,1.0,0.3709447383880615,5,9606
5887,17,7,4,True,10507,1,False,False,False,False,0.2828426957130432,2.0,0.5681548714637756,9,7246
5887,18,8,3,True,10507,1,False,False,False,False,0.4000000059604645,1.0,0.595986545085907,9,8039
5887,19,9,2,True,10507,1,False,False,False,False,0.4000000059604645,1.0,0.5963220596313477,10,8039
5887,20,2,9,False,1,1,True,False,False,False,1.2961480617523193,9.0,1.2964566946029663,11,53
5887,21,8,3,True,10507,1,False,True,True,True,0.0,0.0,0.7397297024726868,8,1964
5887,22,2,9,False,53,8,True,False,False,False,0.2828426957130432,2.0,0.28425338864326477,4,8836
5887,23,4,7,True,10507,2,False,False,False,False,0.3464101552963257,3.0,0.6273754835128784,7,8029
5887,24,9,2,True,10507,1,False,False,False,False,0.3999999761581421,1.0,0.6720119118690491,10,4065
5887,25,1,10,False,5,1,True,False,False,False,0.6928203701972961,6.0,0.6931089758872986,7,8974
5887,26,4,7,True,10507,1,False,False,False,False,0.19999998807907104,1.0,0.430813193321228,5,8234
5887,27,4,7,True,10507,2,False,False,False,False,0.2828426957130432,2.0,0.5946427583694458,6,1949
5887,28,6,5,True,10507,1,False,False,False,False,0.2828426957130432,2.0,0.5083306431770325,8,422
5887,29,1,10,False,1,1,True,False,False,False,1.2328827381134033,10.0,1.233044981956482,11,53
5887,30,1,10,False,10469,34,True,True,True,True,0.0,0.0,0.019999980926513672,1,3077
5887,31,3,8,True,10507,1,False,False,False,False,0.2828426957130432,2.0,0.4745524227619171,5,1481
2366,0,5,6,True,10507,3,False,False,False,False,0.4472135603427887,2.0,0.5458937287330627,7,4193
2366,1,4,7,True,10507,1,False,False,False,False,0.5291503071784973,4.0,0.6144917011260986,8,8029
2366,2,8,3,True,10507,1,False,False,False,False,0.2828426957130432,2.0,0.634980320930481,10,3318
2366,3,5,6,True,10507,1,False,False,False,False,0.19999998807907104,1.0,0.5157518982887268,6,490
2366,4,2,9,False,24,1,True,False,False,False,0.8717797994613647,8.0,0.8722385168075562,10,2238
2366,5,9,2,True,10507,1,False,False,False,False,0.20000001788139343,1.0,0.7871467471122742,10,8039
2366,6,9,2,True,10507,1,False,False,False,False,0.4000000059604645,1.0,0.5963220596313477,10,8039
2366,7,3,8,True,10507,6,False,False,False,False,0.19999998807907104,1.0,0.2986636757850647,4,682
2366,8,9,2,True,10507,1,False,True,True,True,0.0,0.0,0.7922121286392212,9,8039
2366,9,6,5,True,10507,1,False,False,False,False,0.19999998807907104,1.0,0.5607138872146606,7,490
2366,10,4,7,True,10507,1,False,False,False,False,0.19999998807907104,1.0,0.3709447383880615,5,8234
2366,11,8,3,True,10507,1,False,False,False,False,0.2828427255153656,2.0,0.5245950818061829,10,8039
2366,12,4,7,True,10507,1,False,False,False,False,0.44721361994743347,2.0,0.5455272793769836,6,2157
2366,13,4,7,False,2,2,True,False,False,False,0.8944271802902222,6.0,0.8953211307525635,10,7502
2366,14,2,9,True,10507,1,False,False,False,False,0.4000000059604645,4.0,0.5067543983459473,6,2659
2366,15,9,2,True,10507,1,False,True,True,True,0.0,0.0,0.49355849623680115,9,8039
2366,16,3,8,True,10507,1,False,False,False,False,0.19999998807907104,1.0,0.5596427917480469,4,7552
2366,17,1,10,False,576,3,True,False,False,False,0.19999998807907104,1.0,0.2009975016117096,2,2420
2366,18,1,10,False,1619,6,True,False,False,False,0.19999998807907104,1.0,0.2009975016117096,2,7184
2366,19,4,7,True,10507,3,False,False,False,False,0.19999998807907104,1.0,0.5600000023841858,5,2116
2366,20,6,5,True,10507,2,False,False,False,False,0.19999998807907104,1.0,0.7863841652870178,7,10058
2366,21,5,6,True,10507,1,False,True,True,True,0.0,0.0,0.5674504637718201,5,9938
2366,22,4,7,True,10507,1,False,False,False,False,0.20000001788139343,1.0,0.5600000023841858,5,9677
2366,23,9,2,True,10507,1,False,False,False,False,0.4472135901451111,2.0,0.6660330295562744,11,4065
2366,24,1,10,False,10419,5,True,True,True,True,0.0,0.0,0.019999980926513672,1,7196
2366,25,1,10,False,10469,5,True,True,True,True,0.0,0.0,0.019999980926513672,1,1223
2366,26,7,4,True,10507,1,False,True,True,True,0.0,0.0,0.7917070388793945,7,2157
2366,27,4,7,True,10507,1,False,False,False,False,0.44721361994743347,2.0,0.5878775715827942,6,7246
2366,28,8,3,True,10507,1,False,False,False,False,0.2828427255153656,2.0,0.8409518599510193,10,7246
2366,29,2,9,False,25,6,True,False,False,False,0.4898979663848877,3.0,0.49071377515792847,5,720
2366,30,6,5,True,10507,2,False,True,True,True,0.0,0.0,0.5238320827484131,6,7693
2366,31,4,7,True,10507,1,False,False,False,False,0.20000001788139343,1.0,0.3709447383880615,5,2377
3444,0,2,9,False,1,1,True,False,False,False,1.095445156097412,7.0,1.0958101749420166,9,26
3444,1,7,4,True,10507,1,False,False,False,False,0.19999998807907104,1.0,0.43220362067222595,8,6324
3444,2,4,7,True,10507,1,False,False,False,False,0.2828426957130432,2.0,0.5528110265731812,6,5625
3444,3,11,0,True,10507,1,False,,,,,,0.7927168607711792,11,8039
3444,4,4,7,True,10507,1,False,False,False,False,0.2828426957130432,2.0,0.42142611742019653,6,8974
3444,5,6,5,True,10507,3,False,False,False,False,0.3464101552963257,3.0,0.5161395072937012,9,4149
3444,6,8,3,True,10507,1,False,True,True,True,0.0,0.0,0.7919595837593079,8,8039
3444,7,4,7,True,10507,1,False,True,True,True,0.0,0.0,0.38157570362091064,4,10202
3444,8,8,3,True,10507,1,False,False,False,False,0.4472135901451111,2.0,0.8069697022438049,10,8974
3444,9,5,6,True,10507,1,False,False,False,False,0.2828426957130432,2.0,0.4753945469856262,7,9359
3444,10,4,7,True,10507,1,False,False,False,False,0.19999998807907104,1.0,0.430813193321228,5,3129
3444,11,2,9,True,10507,1,False,False,False,False,0.2828426957130432,2.0,0.5520870089530945,4,5397
3444,12,9,2,True,10507,2,False,True,True,True,0.0,0.0,0.7400000095367432,9,9359
3444,13,7,4,True,10507,1,False,False,False,False,0.19999998807907104,1.0,0.6023288369178772,8,9272
3444,14,6,5,True,10507,5,False,False,False,False,0.3999999761581421,1.0,0.6590902805328369,7,9694
3444,15,2,9,False,3,1,True,False,False,False,0.5291502475738525,4.0,0.5299056768417358,6,8974
3444,16,3,8,False,220,4,True,False,False,False,0.19999998807907104,1.0,0.20297782123088837,4,7067
3444,17,11,0,True,10507,1,False,,,,,,0.7927168607711792,11,8039
3444,18,10,1,True,10507,1,False,True,True,True,0.0,0.0,0.7402702569961548,10,8974
3444,19,1,10,False,5,1,True,False,False,False,0.8000000715255737,5.0,0.8002500534057617,6,8974
3444,20,11,0,True,10507,1,False,,,,,,0.7927168607711792,11,8039
3444,21,11,0,True,10507,1,False,,,,,,0.7927168607711792,11,8039
3444,22,5,6,True,10507,1,False,False,False,False,0.2828426957130432,2.0,0.4753945469856262,7,9359
3444,23,3,8,True,10507,2,False,True,True,True,0.0,0.0,0.5226854085922241,3,5063
3444,24,8,3,True,10507,1,False,True,True,True,0.0,0.0,0.7065408825874329,8,6324
3444,25,4,7,True,10507,6,False,True,True,True,0.0,0.0,0.38157567381858826,4,3898
3444,26,6,5,True,10507,1,False,False,False,False,0.4000000059604645,1.0,0.7282856702804565,7,1964
3444,27,3,8,True,10507,1,False,False,False,False,0.2828426957130432,2.0,0.552449107170105,5,5397
3444,28,11,0,True,10507,1,False,,,,,,0.7927168607711792,11,8039
3444,29,7,4,True,10507,1,False,True,True,True,0.0,0.0,0.6471475958824158,7,1964
3444,30,9,2,True,10507,2,False,False,False,False,0.19999998807907104,1.0,0.7665507793426514,10,9359
3444,31,1,10,False,25,1,True,False,False,False,0.6928203105926514,6.0,0.6931089162826538,7,1159
4962,0,8,3,True,10507,1,False,False,False,False,0.4472135901451111,2.0,0.6657326817512512,10,4065
4962,1,8,3,True,10507,1,False,False,False,False,0.44721361994743347,2.0,0.6286493539810181,10,8039
4962,2,2,9,False,52,2,True,False,False,False,0.2828426957130432,2.0,0.28425338864326477,4,405
4962,3,10,1,True,10507,1,False,True,True,True,0.0,0.0,0.7402702569961548,10,8974
4962,4,9,2,True,10507,1,False,False,False,False,0.19999998807907104,1.0,0.6415606141090393,10,8974
4962,5,10,1,True,10507,1,False,False,False,False,0.19999998807907104,1.0,0.846167802810669,11,4842
4962,6,5,6,True,10507,3,False,False,False,False,0.19999998807907104,1.0,0.6016643643379211,6,9186
4962,7,3,8,False,2,1,True,False,False,False,0.4472135901451111,5.0,0.4485532343387604,8,8974
4962,8,1,10,False,2983,51,True,True,True,True,0.0,0.0,0.019999995827674866,1,5807
4962,9,4,7,True,10507,2,False,False,False,False,0.2828426957130432,2.0,0.6337192058563232,6,5057
4962,10,4,7,True,10507,2,False,False,False,False,0.19999998807907104,1.0,0.601331889629364,5,5281
4962,11,6,5,True,10507,2,False,False,False,False,0.2828426957130432,2.0,0.634350061416626,8,5057
4962,12,2,9,True,10507,1,False,True,True,True,0.0,0.0,0.3111270070075989,2,9485
4962,13,11,0,True,10507,1,False,,,,,,0.7927168607711792,11,8039
4962,14,4,7,True,10507,2,False,False,False,False,0.19999998807907104,1.0,0.601331889629364,5,7151
4962,15,3,8,True,10507,1,False,True,True,True,0.0,0.0,0.42095133662223816,3,5625
4962,16,2,9,False,2,1,True,False,False,False,0.7483315467834473,6.0,0.7488658428192139,8,8974
4962,17,5,6,True,10507,1,False,True,True,True,0.0,0.0,0.5949790477752686,5,5625
4962,18,1,10,False,1619,2,True,True,True,True,0.0,0.0,0.02000001072883606,1,8757
4962,19,9,2,True,10507,1,False,True,True,True,0.0,0.0,0.49355849623680115,9,8039
4962,20,6,5,True,10507,2,False,False,False,False,0.19999998807907104,1.0,0.6406247019767761,7,3318
4962,21,8,3,True,10507,1,False,False,False,False,0.2828426957130432,2.0,0.7065408825874329,10,1964
4962,22,5,6,True,10507,1,False,True,True,True,0.0,0.0,0.5674504637718201,5,3129
4962,23,7,4,True,10507,1,False,False,False,False,0.5291502475738525,4.0,0.6890572905540466,11,4842
4962,24,2,9,True,10507,1,False,True,True,True,0.0,0.0,0.3111270070075989,2,9485
4962,25,10,1,True,10507,1,False,False,False,False,0.19999998807907104,1.0,0.846167802810669,11,4842
4962,26,5,6,True,10507,1,False,False,False,False,0.2828426957130432,2.0,0.5234501361846924,7,9096
4962,27,7,4,True,10507,1,False,False,False,False,0.2828427255153656,2.0,0.634665310382843,9,9096
4962,28,4,7,True,10507,1,False,False,False,False,0.2828426957130432,2.0,0.4749736785888672,6,5278
4962,29,3,8,False,1,1,True,False,False,False,1.2649110555648804,8.0,1.2653852701187134,11,53
4962,30,6,5,True,10507,1,False,True,True,True,0.0,0.0,0.5678027868270874,6,3129
4962,31,1,10,False,25,1,True,False,False,False,0.7745966911315918,6.0,0.774854838848114,7,7928
7162,0,8,3,True,10507,1,False,False,False,False,0.3464101552963257,3.0,0.8361818194389343,11,4842
7162,1,1,10,False,10469,3,True,True,True,True,0.0,0.0,0.019999980926513672,1,7516
7162,2,2,9,True,10507,1,False,False,False,False,0.3464101552963257,3.0,0.5447935461997986,5,7233
7162,3,9,2,True,10507,1,False,True,True,True,0.0,0.0,0.49355846643447876,9,8039
7162,4,1,10,False,3,1,True,False,False,False,0.7483315467834473,6.0,0.7485987544059753,7,8974
7162,5,10,1,True,10507,2,False,False,False,False,0.19999998807907104,1.0,0.7668116092681885,11,3318
7162,6,5,6,True,10507,1,False,False,False,False,0.2828427255153656,2.0,0.7810249924659729,7,5625
7162,7,2,9,True,10507,1,False,False,False,False,0.3464101552963257,3.0,0.5447935461997986,5,7233
7162,8,7,4,True,10507,1,False,False,False,False,0.2828426957130432,2.0,0.47623521089553833,9,8974
7162,9,10,1,True,10507,1,False,True,True,True,0.0,0.0,0.7924644947052002,10,8039
7162,10,3,8,True,10507,1,False,False,False,False,0.2828426957130432,2.0,0.6936858296394348,5,7233
7162,11,6,5,True,10507,1,False,False,False,False,0.2828427255153656,2.0,0.781281054019928,8,5625
7162,12,5,6,True,10507,1,False,True,True,True,0.0,0.0,0.5234501361846924,5,8273
7162,13,1,10,False,10469,3,True,True,True,True,0.0,0.0,0.019999980926513672,1,7516
7162,14,2,9,False,1,1,True,False,False,False,1.536229133605957,9.0,1.536489486694336,11,53
7162,15,5,6,True,10507,1,False,False,False,False,0.19999998807907104,1.0,0.5603570342063904,6,10067
7162,16,2,9,False,24,1,True,False,False,False,0.7211102247238159,5.0,0.7216647267341614,7,7148
7162,17,1,10,False,1619,3,True,True,True,True,0.0,0.0,0.02000001072883606,1,7516
7162,18,1,10,False,25,1,True,False,False,False,0.800000011920929,5.0,0.8002499938011169,6,7928
7162,19,4,7,True,10507,1,False,False,False,False,0.6324555277824402,4.0,0.7386474013328552,8,5793
7162,20,10,1,True,10507,1,False,True,True,True,0.0,0.0,0.4939635396003723,10,8039
7162,21,7,4,True,10507,1,False,False,False,False,0.20000001788139343,1.0,0.48456165194511414,8,8039
7162,22,7,4,True,10507,1,False,False,False,False,0.4000000059604645,1.0,0.5956509113311768,8,8039
7162,23,9,2,True,10507,1,False,False,False,False,0.20000001788139343,1.0,0.7665507793426514,10,3318
7162,24,2,9,False,1,1,True,False,False,False,1.3416407108306885,7.0,1.341938853263855,9,26
7162,25,4,7,True,10507,4,False,False,False,False,0.2828426957130432,2.0,0.5946427583694458,6,6872
7162,26,7,4,True,10507,1,False,False,False,False,0.4898979365825653,3.0,0.6219325065612793,10,9359
7162,27,4,7,True,10507,1,False,False,False,False,0.2828426957130432,2.0,0.5946427583694458,6,8931
7162,28,11,0,True,10507,1,False,,,,,,0.7927168607711792,11,8039
7162,29,9,2,True,10507,1,False,True,True,True,0.0,0.0,0.7068239450454712,9,8974
7162,30,1,10,False,1619,3,True,True,True,True,0.0,0.0,0.02000001072883606,1,7162
7162,31,2,9,False,510,1,True,False,False,False,0.2828427255153656,2.0,0.28425341844558716,4,10202
1355,0,5,6,True,10507,2,False,False,False,False,0.2828426957130432,2.0,0.5949790477752686,7,10058
1355,1,11,0,True,10507,1,False,,,,,,0.7927168607711792,11,8039
1355,2,3,8,True,10507,2,False,False,False,False,0.19999998807907104,1.0,0.3704051673412323,4,5763
1355,3,2,9,False,1,1,True,False,False,False,1.058300495147705,8.0,1.058678388595581,10,26
1355,4,5,6,True,10507,1,False,False,False,False,0.5656854510307312,5.0,0.8012490272521973,10,2659
1355,5,2,9,False,4,1,True,False,False,False,0.7745966911315918,6.0,0.7751129269599915,8,6251
1355,6,10,1,True,10507,2,False,False,False,False,0.19999998807907104,1.0,0.7668116688728333,11,9359
1355,7,8,3,True,10507,1,False,False,False,False,0.3464101552963257,3.0,0.8361818194389343,11,4842
1355,8,7,4,True,10507,1,False,False,False,False,0.2828426957130432,2.0,0.7607890963554382,9,8029
1355,9,5,6,True,10507,2,False,False,False,False,0.3464101552963257,3.0,0.6276941895484924,8,5278
1355,10,4,7,True,10507,1,False,False,False,False,0.4472135901451111,2.0,0.6881860494613647,6,5057
1355,11,10,1,True,10507,1,False,False,False,False,0.19999998807907104,1.0,0.846167802810669,11,4842
1355,12,10,1,True,10507,1,False,False,False,False,0.19999998807907104,1.0,0.846167802810669,11,4842
1355,13,4,7,True,10507,2,False,False,False,False,0.3464101552963257,3.0,0.6273754835128784,7,5278
1355,14,5,6,True,10507,2,False,False,False,False,0.3464101552963257,3.0,0.5157518982887268,8,5793
1355,15,6,5,True,10507,1,False,False,False,False,0.19999998807907104,1.0,0.4841487407684326,7,1964
1355,16,4,7,True,10507,1,False,False,False,False,0.19999998807907104,1.0,0.37094470858573914,5,9384
1355,17,8,3,True,10507,1,False,False,False,False,0.4898979365825653,3.0,0.7504665851593018,11,9359
1355,18,10,1,True,10507,1,False,False,False,False,0.19999998807907104,1.0,0.8461678624153137,11,7246
1355,19,5,6,True,10507,2,False,False,False,False,0.3464101552963257,3.0,0.6276941895484924,8,6854
1355,20,2,9,True,10507,3,False,False,False,False,0.19999998807907104,1.0,0.5145872235298157,3,193
1355,21,5,6,True,10507,1,False,False,False,False,0.3464101552963257,3.0,0.5157518982887268,8,6251
1355,22,4,7,False,2,1,True,False,False,False,0.4472135901451111,2.0,0.44899889826774597,6,4142
1355,23,9,2,True,10507,1,False,False,False,False,0.19999998807907104,1.0,0.8170679211616516,10,2157
1355,24,3,8,True,10507,1,False,False,False,False,0.19999998807907104,1.0,0.2986636757850647,4,9384
1355,25,10,1,True,10507,2,False,False,False,False,0.19999998807907104,1.0,0.7668116688728333,11,9359
1355,26,3,8,True,10507,1,False,False,False,False,0.2828426957130432,2.0,0.7491328716278076,5,3950
1355,27,9,2,True,10507,1,False,True,True,True,0.0,0.0,0.6477653980255127,9,1964
1355,28,5,6,True,10507,1,False,False,False,False,0.19999998807907104,1.0,0.6016643643379211,6,5583
1355,29,2,9,False,1,1,True,False,False,False,1.1135529279708862,9.0,1.1139119863510132,11,53
1355,30,3,8,False,7,1,True,False,False,False,0.6324555277824402,4.0,0.6334035396575928,7,8842
1355,31,4,7,True,10507,1,False,False,False,False,0.3464101552963257,3.0,0.754718542098999,7,1955
4830,0,9,2,True,10507,1,False,False,False,False,0.4472135901451111,2.0,0.6660330295562744,11,4065
4830,1,7,4,True,10507,1,False,True,True,True,0.0,0.0,0.5681549310684204,7,2147
4830,2,5,6,True,10507,1,False,False,False,False,0.19999998807907104,1.0,0.6648308038711548,6,6854
4830,3,2,9,False,220,14,True,True,True,True,0.0,0.0,0.02828427590429783,2,4874
4830,4,3,8,True,10507,1,False,False,False,False,0.19999998807907104,1.0,0.4660472273826599,4,422
4830,5,3,8,True,10507,3,False,False,False,False,0.2828426957130432,2.0,0.4209512770175934,5,676
4830,6,4,7,True,10507,1,False,False,False,False,0.19999998807907104,1.0,0.6273755431175232,5,422
4830,7,8,3,True,10507,1,False,True,True,True,0.0,0.0,0.6092618703842163,8,3318
4830,8,11,0,True,10507,1,False,,,,,,0.7927168607711792,11,8039
4830,9,1,10,False,5,1,True,False,False,False,0.7211102843284607,7.0,0.7213875651359558,8,8974
4830,10,5,6,True,10507,2,False,False,False,False,0.2828426957130432,2.0,0.4753945469856262,7,7150
4830,11,1,10,False,26,1,True,False,False,False,0.4472135901451111,2.0,0.4476605951786041,3,4142
4830,12,8,3,True,10507,1,False,False,False,False,0.4000000059604645,1.0,0.55425626039505,9,8039
4830,13,4,7,True,10507,1,False,False,False,False,0.2828426957130432,2.0,0.6337192058563232,6,5281
4830,14,1,10,False,576,1,True,False,False,False,0.3999999761581421,4.0,0.4004996716976166,5,8098
4830,15,11,0,True,10507,1,False,,,,,,0.7927168607711792,11,8039
4830,16,6,5,True,10507,1,False,True,True,True,0.0,0.0,0.5678027868270874,6,7882
4830,17,5,6,True,10507,1,False,False,False,False,0.44721361994743347,2.0,0.6276941895484924,7,8039
4830,18,4,7,True,10507,6,False,False,False,False,0.19999998807907104,1.0,0.5153639912605286,5,8931
4830,19,1,10,False,1619,14,True,True,True,True,0.0,0.0,0.02000001072883606,1,4281
4830,20,7,4,True,10507,2,False,False,False,False,0.19999998807907104,1.0,0.6409368515014648,8,9359
4830,21,2,9,False,1,1,True,False,False,False,1.5099668502807617,9.0,1.5102317333221436,11,53
4830,22,8,3,True,10507,1,False,False,False,False,0.40000003576278687,1.0,0.634980320930481,9,8039
4830,23,1,10,False,1619,14,True,True,True,True,0.0,0.0,0.02000001072883606,1,424
4830,24,7,4,True,10507,2,False,False,False,False,0.19999998807907104,1.0,0.6409368515014648,8,9359
4830,25,1,10,False,10419,13,True,True,True,True,0.0,0.0,0.019999980926513672,1,9914
4830,26,6,5,True,10507,1,False,False,False,False,0.19999998807907104,1.0,0.4841487407684326,7,1964
4830,27,4,7,True,10507,2,False,False,False,False,0.19999998807907104,1.0,0.430813193321228,5,9488
4830,28,6,5,True,10507,1,False,False,False,False,0.20000001788139343,1.0,0.6019967198371887,7,9359
4830,29,7,4,True,10507,1,False,False,False,False,0.20000001788139343,1.0,0.7005712389945984,8,1964
4830,30,9,2,True,10507,1,False,False,False,False,0.19999998807907104,1.0,0.7345747351646423,10,9359
4830,31,10,1,True,10507,1,False,True,True,True,0.0,0.0,0.7402702569961548,10,3318
1977,0,7,4,True,10507,1,False,False,False,False,0.20000001788139343,1.0,0.755513072013855,8,10017
1977,1,6,5,True,10507,5,False,True,True,True,0.0,0.0,0.5238320827484131,6,8319
1977,2,11,0,True,10507,1,False,,,,,,0.7927168607711792,11,8039
1977,3,4,7,True,10507,1,False,True,True,True,0.0,0.0,0.31240999698638916,4,4246
1977,4,6,5,True,10507,1,False,False,False,False,0.2828426957130432,2.0,0.42237424850463867,8,9359
1977,5,4,7,True,10507,4,False,False,False,False,0.3464101552963257,3.0,0.4118252098560333,7,2662
1977,6,3,8,True,10507,1,False,False,False,False,0.2828426957130432,2.0,0.4209512770175934,5,695
1977,7,10,1,True,10507,1,False,True,True,True,0.0,0.0,0.7924644947052002,10,8039
1977,8,11,0,True,10507,1,False,,,,,,0.7927168607711792,11,8039
1977,9,3,8,True,10507,7,False,True,True,True,0.0,0.0,0.31176915764808655,3,1087
1977,10,9,2,True,10507,1,False,False,False,False,0.4000000059604645,1.0,0.5963220596313477,10,8039
1977,11,6,5,True,10507,1,False,True,True,True,0.0,0.0,0.6086049675941467,6,1952
1977,12,11,0,True,10507,1,False,,,,,,0.7927168607711792,11,8039
1977,13,4,7,True,10507,1,False,False,False,False,0.40000003576278687,4.0,0.5528110265731812,8,8039
1977,14,10,1,True,10507,1,False,True,True,True,0.0,0.0,0.7924644947052002,10,8039
1977,15,1,10,False,10419,74,True,True,True,True,0.0,0.0,0.019999980926513672,1,8305
1977,16,3,8,False,2,1,True,False,False,False,0.9380831718444824,5.0,0.938722550868988,8,9623
1977,17,2,9,True,10507,1,False,True,True,True,0.0,0.0,0.22090721130371094,2,4246
1977,18,6,5,True,10507,1,False,False,False,False,0.2828427255153656,2.0,0.6343501210212708,8,9927
1977,19,11,0,True,10507,1,False,,,,,,0.7927168607711792,11,8039
1977,20,1,10,False,25,1,True,False,False,False,0.8485281467437744,7.0,0.8487638235092163,8,7928
1977,21,4,7,True,10507,1,False,False,False,False,0.2828426957130432,2.0,0.35999998450279236,6,4134
1977,22,2,9,True,10507,1,False,False,False,False,0.20000001788139343,1.0,0.3698648512363434,3,6086
1977,23,11,0,True,10507,1,False,,,,,,0.7927168607711792,11,8039
1977,24,5,6,True,10507,2,False,False,False,False,0.20000001788139343,1.0,0.6016644239425659,6,1949
1977,25,2,9,True,10507,1,False,False,False,False,0.2828427255153656,2.0,0.3588871657848358,4,7584
1977,26,11,0,True,10507,1,False,,,,,,0.7927168607711792,11,8039
1977,27,11,0,True,10507,1,False,,,,,,0.7927168607711792,11,8039
1977,28,7,4,True,10507,1,False,True,True,True,0.0,0.0,0.6089335083961487,7,1949
1977,29,5,6,True,10507,2,False,False,False,False,0.3999999761581421,4.0,0.6587867736816406,9,8029
1977,30,11,0,True,10507,1,False,,,,,,0.7927168607711792,11,8039
1977,31,5,6,True,10507,1,False,False,False,False,0.20000001788139343,1.0,0.43127715587615967,6,10017
8304,0,9,2,True,10507,1,False,False,False,False,0.4000000059604645,1.0,0.5963220596313477,10,8039
8304,1,4,7,True,10507,1,False,False,False,False,0.2828426957130432,2.0,0.42142611742019653,6,2831
8304,2,11,0,True,10507,1,False,,,,,,0.7927168607711792,11,8039
8304,3,11,0,True,10507,1,False,,,,,,0.7927168607711792,11,8039
8304,4,8,3,True,10507,1,False,False,False,False,0.2828426957130432,2.0,0.8119113445281982,10,4842
8304,5,9,2,True,10507,1,False,False,False,False,0.20000001788139343,1.0,0.7665507793426514,10,3318
8304,6,3,8,False,7,1,True,False,False,False,0.19999998807907104,1.0,0.20297782123088837,4,8842
8304,7,1,10,False,10419,12,True,True,True,True,0.0,0.0,0.019999980926513672,1,9222
8304,8,10,1,True,10507,2,False,False,False,False,0.19999998807907104,1.0,0.7668116092681885,11,3318
8304,9,6,5,True,10507,1,False,False,False,False,0.19999998807907104,1.0,0.4841487407684326,7,4284
8304,10,4,7,True,10507,4,False,False,False,False,0.20000001788139343,1.0,0.3709447383880615,5,9846
8304,11,10,1,True,10507,1,False,True,True,True,0.0,0.0,0.7924644947052002,10,8039
8304,12,1,10,False,576,1,True,False,False,False,0.4000000059604645,1.0,0.40049970149993896,2,6315
8304,13,6,5,True,10507,1,False,True,True,True,0.0,0.0,0.44090813398361206,6,10017
8304,14,9,2,True,10507,1,False,True,True,True,0.0,0.0,0.8219488859176636,9,7246
8304,15,4,7,True,10507,1,False,False,False,False,0.44721361994743347,2.0,0.5455272793769836,6,10017
8304,16,5,6,True,10507,1,False,False,False,False,0.3464101552963257,3.0,0.6276941895484924,8,8931
8304,17,11,0,True,10507,1,False,,,,,,0.7927168607711792,11,8039
8304,18,3,8,True,10507,1,False,False,False,False,0.3464101552963257,3.0,0.6270566582679749,6,1955
8304,19,9,2,True,10507,1,False,True,True,True,0.0,0.0,0.49355846643447876,9,8039
8304,20,2,9,True,10507,2,False,False,False,False,0.20000001788139343,1.0,0.2979933023452759,3,5311
8304,21,5,6,True,10507,1,False,False,False,False,0.5656854510307312,2.0,0.6826419234275818,7,8039
8304,22,10,1,True,10507,1,False,False,False,False,0.19999998807907104,1.0,0.846167802810669,11,4842
8304,23,10,1,True,10507,1,False,True,True,True,0.0,0.0,0.7924644947052002,10,8039
8304,24,11,0,True,10507,1,False,,,,,,0.7927168607711792,11,8039
8304,25,11,0,True,10507,1,False,,,,,,0.7927168607711792,11,8039
8304,26,6,5,True,10507,1,False,False,False,False,0.4898979663848877,3.0,0.7499333620071411,9,1964
8304,27,9,2,True,10507,1,False,True,True,True,0.0,0.0,0.8219488859176636,9,7246
8304,28,11,0,True,10507,1,False,,,,,,0.7927168607711792,11,8039
8304,29,4,7,True,10507,1,False,False,False,False,0.44721361994743347,2.0,0.5455272793769836,6,10017
8304,30,10,1,True,10507,1,False,True,True,True,0.0,0.0,0.7720103859901428,10,1964
8304,31,6,5,True,10507,3,False,False,False,False,0.19999998807907104,1.0,0.6406247019767761,7,1948
4901,0,9,2,True,10507,1,False,False,False,False,0.20000001788139343,1.0,0.7345747351646423,10,9359
4901,1,4,7,True,10507,3,False,False,False,False,0.3464101552963257,3.0,0.6273754835128784,7,5280
4901,2,1,10,False,25,1,True,False,False,False,1.039230465888977,8.0,1.039422869682312,9,7928
4901,3,7,4,True,10507,1,False,False,False,False,0.20000001788139343,1.0,0.7866383790969849,8,7246
4901,4,5,6,True,10507,1,False,False,False,False,0.3464101552963257,3.0,0.6648308038711548,8,1964
4901,5,8,3,True,10507,1,False,False,False,False,0.20000001788139343,1.0,0.7343024611473083,9,9359
4901,6,7,4,True,10507,1,False,True,True,True,0.0,0.0,0.6089335083961487,7,1949
4901,7,8,3,True,10507,1,False,False,False,False,0.20000001788139343,1.0,0.7343024611473083,9,9359
4901,8,10,1,True,10507,1,False,True,True,True,0.0,0.0,0.7720103859901428,10,1964
4901,9,7,4,True,10507,4,False,False,False,False,0.19999998807907104,1.0,0.37255868315696716,8,2661
4901,10,1,10,False,3,1,True,False,False,False,1.058300495147705,9.0,1.058489441871643,10,8974
4901,11,8,3,True,10507,1,False,False,False,False,0.20000001788139343,1.0,0.7343024611473083,9,9359
4901,12,3,8,True,10507,2,False,False,False,False,0.20000001788139343,1.0,0.2986637055873871,4,9125
4901,13,5,6,True,10507,1,False,False,False,False,0.44721361994743347,2.0,0.5458937883377075,7,8039
4901,14,6,5,True,10507,1,False,False,False,False,0.20000001788139343,1.0,0.4841487407684326,7,8039
4901,15,2,9,False,510,1,True,False,False,False,0.3464101552963257,3.0,0.3475629389286041,5,4033
4901,16,6,5,True,10507,1,False,False,False,False,0.20000001788139343,1.0,0.7002857327461243,7,3318
4901,17,5,6,True,10507,1,False,False,False,False,0.20000001788139343,1.0,0.3714835047721863,6,7584
4901,18,11,0,True,10507,1,False,,,,,,0.7927168607711792,11,8039
4901,19,5,6,True,10507,1,False,True,True,True,0.0,0.0,0.5674504637718201,5,7882
4901,20,4,7,True,10507,1,False,True,True,True,0.0,0.0,0.5946428179740906,4,4516
4901,21,4,7,True,10507,4,False,False,False,False,0.20000001788139343,1.0,0.5600000023841858,5,9217
4901,22,6,5,True,10507,5,False,False,False,False,0.20000001788139343,1.0,0.5607138276100159,7,5993
4901,23,8,3,True,10507,1,False,False,False,False,0.20000001788139343,1.0,0.484974205493927,9,8039
4901,24,9,2,True,10507,1,False,False,False,False,0.20000001788139343,1.0,0.6415606141090393,10,9359
4901,25,6,5,True,10507,4,False,False,False,False,0.20000001788139343,1.0,0.5607138276100159,7,9217
4901,26,10,1,True,10507,1,False,True,True,True,0.0,0.0,0.7402702569961548,10,3318
4901,27,11,0,True,10507,1,False,,,,,,0.7927168607711792,11,8039
4901,28,7,4,True,10507,2,False,False,False,False,0.2828426957130432,2.0,0.7607890963554382,9,5281
4901,29,1,10,False,2983,14,True,True,True,True,0.0,0.0,0.019999995827674866,1,6390
4901,30,10,1,True,10507,1,False,False,False,False,0.20000001788139343,1.0,0.7874007821083069,11,8039
4901,31,5,6,True,10507,1,False,True,True,True,0.0,0.0,0.670820415019989,5,1955
796,0,10,1,True,10507,1,False,True,True,True,0.0,0.0,0.7924644947052002,10,8039
796,1,8,3,True,10507,1,False,False,False,False,0.19999998807907104,1.0,0.6776430010795593,9,1964
796,2,1,10,False,10419,93,True,True,True,True,0.0,0.0,0.019999980926513672,1,5186
796,3,4,7,True,10507,1,False,False,False,False,0.3999999761581421,4.0,0.5528109669685364,8,5281
796,4,8,3,True,10507,1,False,False,False,False,0.4000000059604645,1.0,0.595986545085907,9,8039
796,5,9,2,True,10507,2,False,True,True,True,0.0,0.0,0.7400000095367432,9,9359
796,6,5,6,True,10507,1,False,False,False,False,0.5291502475738525,4.0,0.7443117499351501,9,8029
796,7,10,1,True,10507,1,False,True,True,True,0.0,0.0,0.7924644947052002,10,8039
796,8,10,1,True,10507,1,False,False,False,False,0.19999998807907104,1.0,0.846167802810669,11,4842
796,9,9,2,True,10507,1,False,False,False,False,0.4000000059604645,1.0,0.5963220596313477,10,8039
796,10,2,9,False,52,1,True,True,True,True,0.0,0.0,0.028284255415201187,2,405
796,11,4,7,True,10507,1,False,False,False,False,0.2828426957130432,2.0,0.5075430870056152,6,5625
796,12,4,7,True,10507,2,False,True,True,True,0.0,0.0,0.6939740777015686,4,3110
796,13,9,2,True,10507,1,False,False,False,False,0.19999998807907104,1.0,0.7345747351646423,10,8974
796,14,11,0,True,10507,1,False,,,,,,0.7927168607711792,11,8039
796,15,6,5,True,10507,1,False,False,False,False,0.2828426957130432,2.0,0.6945502758026123,8,5074
796,16,3,8,False,23,3,True,False,False,False,0.6000000238418579,1.0,0.6009991765022278,4,10070
796,17,9,2,True,10507,1,False,True,True,True,0.0,0.0,0.7717512845993042,9,1964
796,18,5,6,True,10507,1,False,False,False,False,0.4472135901451111,2.0,0.5882176160812378,7,1964
796,19,4,7,True,10507,1,False,True,True,True,0.0,0.0,0.5230678915977478,4,8273
796,20,8,3,True,10507,1,False,False,False,False,0.5656854510307312,2.0,0.6835203170776367,10,8039
796,21,1,10,False,3,1,True,False,False,False,0.8246211409568787,6.0,0.8248636722564697,7,8974
796,22,7,4,True,10507,1,False,False,False,False,0.2828426957130432,2.0,0.5242136716842651,9,8974
796,23,7,4,True,10507,2,False,True,True,True,0.0,0.0,0.6714164614677429,7,7231
796,24,8,3,True,10507,1,False,True,True,True,0.0,0.0,0.7714921236038208,8,1964
796,25,10,1,True,10507,1,False,True,True,True,0.0,0.0,0.4939635396003723,10,8039
796,26,6,5,True,10507,3,False,False,False,False,0.19999998807907104,1.0,0.5607138276100159,7,8097
796,27,10,1,True,10507,1,False,False,False,False,0.3999999761581421,1.0,0.6723094582557678,11,4065
796,28,5,6,True,10507,1,False,False,False,False,0.19999998807907104,1.0,0.30000001192092896,6,2127
796,29,10,1,True,10507,1,False,False,False,False,0.19999998807907104,1.0,0.846167802810669,11,4842
796,30,8,3,True,10507,2,False,False,False,False,0.19999998807907104,1.0,0.7343024611473083,9,6324
796,31,5,6,False,1,1,True,False,False,False,0.8246211409568787,5.0,0.8258329629898071,10,26
3867,0,9,2,True,10507,1,False,False,False,False,0.19999998807907104,1.0,0.6415606141090393,10,3318
3867,1,8,3,True,10507,1,False,False,False,False,0.4472135901451111,2.0,0.9095053672790527,10,7246
3867,2,9,2,True,10507,1,False,False,False,False,0.19999998807907104,1.0,0.8459314703941345,10,7246
3867,3,1,10,False,2983,7,True,True,True,True,0.0,0.0,0.019999995827674866,1,7081
3867,4,8,3,True,10507,1,False,False,False,False,0.4472135901451111,2.0,0.5892367959022522,10,6251
3867,5,9,2,True,10507,2,False,False,False,False,0.4000000059604645,1.0,0.8121576905250549,10,9359
3867,6,10,1,True,10507,1,False,True,True,True,0.0,0.0,0.761577308177948,10,6251
3867,7,4,7,True,10507,2,False,True,True,True,0.0,0.0,0.4749737083911896,4,4532
3867,8,9,2,True,10507,1,False,True,True,True,0.0,0.0,0.7922121286392212,9,8039
3867,9,1,10,False,10469,29,True,True,True,True,0.0,0.0,0.019999980926513672,1,3414
3867,10,10,1,True,10507,1,False,True,True,True,0.0,0.0,0.7402702569961548,10,8974
3867,11,5,6,True,10507,1,False,False,False,False,0.2828426957130432,2.0,0.5531726479530334,7,5625
3867,12,7,4,True,10507,2,False,False,False,False,0.4472135901451111,2.0,0.7230491042137146,9,3318
3867,13,5,6,True,10507,2,False,False,False,False,0.3464101552963257,3.0,0.5157518982887268,8,6853
3867,14,3,8,True,10507,1,False,True,True,True,0.0,0.0,0.6334035396575928,3,5093
3867,15,6,5,True,10507,1,False,False,False,False,0.4472135901451111,2.0,0.722772479057312,8,1964
3867,16,7,4,True,10507,1,False,False,False,False,0.3999999761581421,4.0,0.7815369367599487,11,6854
3867,17,7,4,True,10507,1,False,False,False,False,0.4472135901451111,2.0,0.7230491638183594,9,9359
3867,18,10,1,True,10507,1,False,True,True,True,0.0,0.0,0.761577308177948,10,6251
3867,19,1,10,False,25,1,True,False,False,False,0.5999999642372131,6.0,0.6003332138061523,7,1159
3867,20,10,1,True,10507,1,False,True,True,True,0.0,0.0,0.7720103859901428,10,1964
3867,21,5,6,True,10507,1,False,True,True,True,0.0,0.0,0.670820415019989,5,9513
3867,22,8,3,True,10507,1,False,False,False,False,0.20000001788139343,1.0,0.7662897706031799,9,5793
3867,23,5,6,True,10507,2,False,False,False,False,0.2828426957130432,2.0,0.5949789881706238,7,2953
3867,24,4,7,True,10507,1,False,False,False,False,0.3464101552963257,3.0,0.5153639316558838,7,1964
3867,25,10,1,True,10507,1,False,False,False,False,0.6000000238418579,1.0,0.7771744132041931,11,8039
3867,26,9,2,True,10507,1,False,True,True,True,0.0,0.0,0.7717512845993042,9,1964
3867,27,9,2,True,10507,1,False,False,False,False,0.20000000298023224,1.0,0.7665507793426514,10,1964
3867,28,3,8,False,1,1,True,False,False,False,1.2000000476837158,8.0,1.2004998922348022,11,26
3867,29,4,7,True,10507,4,False,False,False,False,0.2828426957130432,2.0,0.5946427583694458,6,943
3867,30,6,5,True,10507,1,False,False,False,False,0.4898979365825653,3.0,0.7499334216117859,9,9359
3867,31,8,3,True,10507,1,False,True,True,True,0.0,0.0,0.6474565863609314,8,5793
9454,0,3,8,True,10507,2,False,True,True,True,0.0,0.0,0.2218107283115387,3,8705
9454,1,7,4,True,10507,2,False,False,False,False,0.3464101552963257,3.0,0.8641759753227234,10,5655
9454,2,4,7,True,10507,2,False,False,False,False,0.4000000059604645,4.0,0.6209670305252075,8,5655
9454,3,4,7,True,10507,1,False,False,False,False,0.2828426957130432,2.0,0.5528110265731812,6,5625
9454,4,7,4,True,10507,2,False,False,False,False,0.3464101552963257,3.0,0.8641759753227234,10,10058
9454,5,10,1,True,10507,1,False,False,False,False,0.19999998807907104,1.0,0.846167802810669,11,4842
9454,6,7,4,True,10507,4,False,True,True,True,0.0,0.0,0.5681549310684204,7,5993
9454,7,11,0,True,10507,1,False,,,,,,0.7927168607711792,11,8039
9454,8,5,6,True,10507,1,False,False,False,False,0.2828426957130432,2.0,0.6587867736816406,7,422
9454,9,6,5,True,10507,1,False,False,False,False,0.4000000059604645,1.0,0.7282856702804565,7,1949
9454,10,1,10,False,53,4,True,False,False,False,0.19999998807907104,1.0,0.2009975016117096,2,2656
9454,11,8,3,True,10507,1,False,True,True,True,0.0,0.0,0.49315309524536133,8,2157
9454,12,2,9,False,2,1,True,False,False,False,1.2806248664855957,8.0,1.2809371948242188,10,26
9454,13,7,4,True,10507,1,False,False,False,False,0.20000001788139343,1.0,0.48456165194511414,8,2157
9454,14,8,3,True,10507,1,False,False,False,False,0.4000000059604645,1.0,0.8119113445281982,9,9359
9454,15,10,1,True,10507,2,False,True,True,True,0.0,0.0,0.7402702569961548,10,9359
9454,16,3,8,True,10507,3,False,True,True,True,0.0,0.0,0.5226854085922241,3,9221
9454,17,11,0,True,10507,1,False,,,,,,0.7927168607711792,11,8039
9454,18,10,1,True,10507,1,False,False,False,False,0.19999998807907104,1.0,0.846167802810669,11,4842
9454,19,10,1,True,10507,1,False,True,True,True,0.0,0.0,0.7402702569961548,10,3318
9454,20,7,4,True,10507,1,False,False,False,False,0.5656854510307312,2.0,0.6832276582717896,9,8039
9454,21,6,5,True,10507,1,False,False,False,False,0.2828426957130432,2.0,0.6343501210212708,8,5278
9454,22,1,10,False,3,1,True,False,False,False,1.0,9.0,1.0002000331878662,10,8974
9454,23,6,5,True,10507,1,False,False,False,False,0.5656854510307312,2.0,0.6829348802566528,8,8039
9454,24,6,5,True,10507,1,False,False,False,False,0.2828426957130432,2.0,0.5238320231437683,8,1964
9454,25,3,8,True,10507,2,False,True,True,True,0.0,0.0,0.31176915764808655,3,3718
9454,26,3,8,True,10507,3,False,False,False,False,0.3464101552963257,3.0,0.5875372290611267,6,490
9454,27,11,0,True,10507,1,False,,,,,,0.7927168607711792,11,8039
9454,28,7,4,True,10507,1,False,False,False,False,0.4472135901451111,2.0,0.7230491042137146,9,9359
9454,29,7,4,True,10507,1,False,False,False,False,0.20000001788139343,1.0,0.5317894220352173,8,7246
9454,30,4,7,False,1,1,True,False,False,False,1.058300495147705,6.0,1.0590561628341675,10,26
9454,31,2,9,False,1,1,True,False,False,False,1.3564660549163818,8.0,1.356760859489441,10,26
3402,0,9,2,True,10507,1,False,False,False,False,0.20000001788139343,1.0,0.7665507793426514,10,3318
3402,1,3,8,True,10507,4,False,True,True,True,0.0,0.0,0.4745524525642395,3,5993
3402,2,5,6,True,10507,1,False,True,True,True,0.0,0.0,0.382099449634552,5,2157
3402,3,7,4,True,10507,1,False,True,True,True,0.0,0.0,0.7285602688789368,7,2157
3402,4,3,8,True,10507,2,False,False,False,False,0.19999998807907104,1.0,0.2986636757850647,4,8310
3402,5,8,3,True,10507,1,False,True,True,True,0.0,0.0,0.7714921236038208,8,9927
3402,6,2,9,False,1,1,True,False,False,False,1.3266499042510986,9.0,1.3269513845443726,11,53
3402,7,6,5,True,10507,7,False,False,False,False,0.19999998807907104,1.0,0.6019967198371887,7,8282
3402,8,5,6,True,10507,1,False,True,True,True,0.0,0.0,0.5674504637718201,5,1952
3402,9,10,1,True,10507,2,False,False,False,False,0.19999998807907104,1.0,0.7668116092681885,11,3318
3402,10,1,10,False,5,1,True,False,False,False,0.8717797994613647,8.0,0.8720092177391052,9,8974
3402,11,2,9,False,25,6,True,False,False,False,0.20000001788139343,1.0,0.20199011266231537,3,9141
3402,12,6,5,True,10507,6,False,False,False,False,0.19999998807907104,1.0,0.5607138276100159,7,5994
3402,13,8,3,True,10507,1,False,True,True,True,0.0,0.0,0.6092618703842163,8,1964
3402,14,9,2,True,10507,1,False,False,False,False,0.4000000059604645,1.0,0.5963220596313477,10,8039
3402,15,6,5,True,10507,1,False,False,False,False,0.20000001788139343,1.0,0.733757495880127,7,9927
3402,16,7,4,True,10507,1,False,False,False,False,0.2828426957130432,2.0,0.634665310382843,9,1964
3402,17,10,1,True,10507,1,False,True,True,True,0.0,0.0,0.7924644947052002,10,8039
3402,18,3,8,True,10507,1,False,False,False,False,0.19999998807907104,1.0,0.2986636757850647,4,4146
3402,19,5,6,True,10507,1,False,True,True,True,0.0,0.0,0.6942622065544128,5,2157
3402,20,8,3,True,10507,2,False,True,True,True,0.0,0.0,0.7065408825874329,8,9359
3402,21,4,7,True,10507,1,False,False,False,False,0.2828427255153656,2.0,0.4214261770248413,6,8039
3402,22,4,7,True,10507,1,False,True,True,True,0.0,0.0,0.5230678915977478,4,1949
3402,23,4,7,True,10507,2,False,False,False,False,0.19999998807907104,1.0,0.3709447383880615,5,10472
3402,24,6,5,True,10507,1,False,True,True,True,0.0,0.0,0.44090816378593445,6,8039
3402,25,5,6,True,10507,8,False,False,False,False,0.20000001788139343,1.0,0.3714835047721863,6,8097
3402,26,2,9,False,25,6,True,False,False,False,0.20000001788139343,1.0,0.20199011266231537,3,8830
3402,27,6,5,True,10507,1,False,True,True,True,0.0,0.0,0.7282856702804565,6,2157
3402,28,4,7,True,10507,1,False,False,False,False,0.19999998807907104,1.0,0.43081316351890564,5,4284
3402,29,2,9,True,10507,1,False,False,False,False,0.20000000298023224,1.0,0.3698648512363434,3,10017
3402,30,11,0,True,10507,1,False,,,,,,0.7927168607711792,11,8039
3402,31,10,1,True,10507,1,False,True,True,True,0.0,0.0,0.761577308177948,10,8039
4290,0,8,3,True,10507,1,False,True,True,True,0.0,0.0,0.7610518932342529,8,10017
4290,1,8,3,True,10507,1,False,False,False,False,0.3464101552963257,3.0,0.8361818194389343,11,4842
4290,2,8,3,True,10507,1,False,False,False,False,0.4000000059604645,1.0,0.7288347482681274,9,1964
4290,3,5,6,True,10507,5,False,False,False,False,0.4000000059604645,1.0,0.6587867736816406,6,2956
4290,4,5,6,True,10507,1,False,False,False,False,0.2828426957130432,2.0,0.5234501361846924,7,9927
4290,5,6,5,True,10507,1,False,True,True,True,0.0,0.0,0.3136877417564392,6,6814
4290,6,5,6,True,10507,3,False,False,False,False,0.19999998807907104,1.0,0.6016643643379211,6,6853
4290,7,1,10,False,53,2,True,False,False,False,0.20000001788139343,1.0,0.20099753141403198,2,4245
4290,8,8,3,True,10507,1,False,True,True,True,0.0,0.0,0.6474565863609314,8,1949
4290,9,11,0,True,10507,1,False,,,,,,0.7927168607711792,11,8039
4290,10,5,6,True,10507,1,False,False,False,False,0.19999998807907104,1.0,0.6403124332427979,6,9927
4290,11,11,0,True,10507,1,False,,,,,,0.7927168607711792,11,8039
4290,12,9,2,True,10507,1,False,False,False,False,0.19999998807907104,1.0,0.6415606141090393,10,9359
4290,13,1,10,False,576,2,True,False,False,False,0.19999998807907104,1.0,0.2009975016117096,2,8000
4290,14,6,5,True,10507,1,False,False,False,False,0.19999998807907104,1.0,0.4841487407684326,7,1964
4290,15,4,7,True,10507,1,False,False,False,False,0.3464101552963257,3.0,0.6273754835128784,7,254
4290,16,6,5,True,10507,1,False,False,False,False,0.4000000059604645,1.0,0.6945502161979675,7,1964
4290,17,1,10,False,2983,83,True,True,True,True,0.0,0.0,0.019999995827674866,1,958
4290,18,9,2,True,10507,1,False,False,False,False,0.19999998807907104,1.0,0.6779381036758423,10,1964
4290,19,10,1,True,10507,1,False,True,True,True,0.0,0.0,0.8221921920776367,10,7246
4290,20,11,0,True,10507,1,False,,,,,,0.7927168607711792,11,8039
4290,21,6,5,True,10507,1,False,False,False,False,0.2828426957130432,2.0,0.671118438243866,8,2659
4290,22,4,7,True,10507,1,False,False,False,False,0.3464101552963257,3.0,0.5455272793769836,7,4516
4290,23,5,6,True,10507,1,False,False,False,False,0.2828426957130432,2.0,0.6340346932411194,7,9927
4290,24,1,10,False,1,1,True,False,False,False,1.4282857179641724,10.0,1.428425669670105,11,53
4290,25,1,10,False,5,1,True,False,False,False,1.039230465888977,8.0,1.039422869682312,9,8974
4290,26,7,4,True,10507,1,False,False,False,False,0.2828426957130432,2.0,0.5681549310684204,9,4284
4290,27,1,10,False,10419,427,True,True,True,True,0.0,0.0,0.019999980926513672,1,8166
4290,28,8,3,True,10507,1,False,False,False,False,0.4472135901451111,2.0,0.7557777762413025,10,1964
4290,29,1,10,False,1,1,True,False,False,False,1.4282857179641724,10.0,1.428425669670105,11,53
4290,30,11,0,True,10507,1,False,,,,,,0.7927168607711792,11,8039
4290,31,3,8,True,10507,2,False,False,False,False,0.2828426957130432,2.0,0.4745524227619171,5,9125
10104,0,5,6,True,10507,1,False,False,False,False,0.19999998807907104,1.0,0.6648308038711548,6,7809
10104,1,7,4,True,10507,1,False,False,False,False,0.3464101552963257,3.0,0.5165268778800964,10,6251
10104,2,5,6,True,10507,1,False,False,False,False,0.4000000059604645,4.0,0.5079370141029358,9,7264
10104,3,8,3,True,10507,1,False,False,False,False,0.4472135901451111,2.0,0.6657326817512512,10,4065
10104,4,6,5,True,10507,1,False,False,False,False,0.19999998807907104,1.0,0.37202146649360657,7,4193
10104,5,5,6,True,10507,1,False,True,True,True,0.0,0.0,0.3130495250225067,5,9433
10104,6,7,4,True,10507,1,False,False,False,False,0.20000001788139343,1.0,0.6409368515014648,8,1964
10104,7,10,1,True,10507,1,False,True,True,True,0.0,0.0,0.7924644947052002,10,8039
10104,8,5,6,True,10507,2,False,False,False,False,0.20000001788139343,1.0,0.43127718567848206,6,2222
10104,9,5,6,True,10507,8,False,False,False,False,0.19999998807907104,1.0,0.5157518982887268,6,8422
10104,10,9,2,True,10507,1,False,False,False,False,0.19999998807907104,1.0,0.7345747351646423,10,8974
10104,11,3,8,True,10507,1,False,False,False,False,0.3464101552963257,3.0,0.5875372290611267,6,3104
10104,12,11,0,True,10507,1,False,,,,,,0.7927168607711792,11,8039
10104,13,10,1,True,10507,1,False,True,True,True,0.0,0.0,0.7402702569961548,10,8974
10104,14,1,10,False,10469,17,True,True,True,True,0.0,0.0,0.019999980926513672,1,9324
10104,15,3,8,True,10507,9,False,False,False,False,0.2828426957130432,2.0,0.4209512770175934,5,2341
10104,16,10,1,True,10507,1,False,True,True,True,0.0,0.0,0.4939635396003723,10,8039
10104,17,10,1,True,10507,1,False,True,True,True,0.0,0.0,0.7402702569961548,10,8974
10104,18,6,5,True,10507,2,False,False,False,False,0.2828426957130432,2.0,0.634350061416626,8,9359
10104,19,2,9,True,10507,1,False,False,False,False,0.19999998807907104,1.0,0.5145872235298157,3,3319
10104,20,6,5,True,10507,1,False,False,False,False,0.2828426957130432,2.0,0.5238320231437683,8,7241
10104,21,8,3,True,10507,1,False,False,False,False,0.19999998807907104,1.0,0.5754997730255127,9,7246
10104,22,10,1,True,10507,2,False,False,False,False,0.19999998807907104,1.0,0.7668116688728333,11,9359
10104,23,2,9,False,1,1,True,False,False,False,1.1661903858184814,9.0,1.1665332317352295,11,53
10104,24,10,1,True,10507,1,False,True,True,True,0.0,0.0,0.7924644947052002,10,8039
10104,25,8,3,True,10507,1,False,False,False,False,0.4898979663848877,3.0,0.6596969366073608,11,4065
10104,26,2,9,False,7,1,True,False,False,False,0.4472135901451111,2.0,0.44810712337493896,4,8842
10104,27,7,4,True,10507,1,False,False,False,False,0.4898979663848877,3.0,0.6593936681747437,10,4065
10104,28,2,9,True,10507,1,False,False,False,False,0.19999998807907104,1.0,0.2979932725429535,3,925
10104,29,9,2,True,10507,2,False,True,True,True,0.0,0.0,0.7400000095367432,9,3318
10104,30,6,5,True,10507,1,False,True,True,True,0.0,0.0,0.5678027868270874,6,2147
10104,31,3,8,True,10507,1,False,False,False,False,0.3464101552963257,3.0,0.5149757266044617,6,428
3829,0,8,3,True,10507,1,False,True,True,True,0.0,0.0,0.4418144226074219,8,8039
3829,1,5,6,True,10507,1,False,False,False,False,0.19999998807907104,1.0,0.48373547196388245,6,9096
3829,2,11,0,True,10507,1,False,,,,,,0.7927168607711792,11,8039
3829,3,3,8,False,2,2,True,False,False,False,0.6000000238418579,3.0,0.6009991765022278,6,8039
3829,4,5,6,True,10507,2,False,False,False,False,0.19999998807907104,1.0,0.6016643643379211,6,9508
3829,5,5,6,True,10507,1,False,False,False,False,0.2828426957130432,2.0,0.5949790477752686,7,9359
3829,6,9,2,True,10507,1,False,True,True,True,0.0,0.0,0.7613146305084229,9,8039
3829,7,7,4,True,10507,1,False,False,False,False,0.4000000059604645,1.0,0.5538952946662903,8,8039
3829,8,2,9,False,10418,1,True,True,True,True,0.0,0.0,0.028284244239330292,2,3829
3829,9,7,4,True,10507,1,False,True,True,True,0.0,0.0,0.7062577605247498,7,3318
3829,10,2,9,True,10507,1,False,True,True,True,0.0,0.0,0.3111270070075989,2,3829
3829,11,6,5,True,10507,1,False,False,False,False,0.3464101552963257,3.0,0.5161395072937012,9,5793
3829,12,8,3,True,10507,1,False,False,False,False,0.2828426957130432,2.0,0.634980320930481,10,8974
3829,13,10,1,True,10507,1,False,True,True,True,0.0,0.0,0.761577308177948,10,8039
3829,14,6,5,True,10507,1,False,True,True,True,0.0,0.0,0.6945502161979675,6,8039
3829,15,11,0,True,10507,1,False,,,,,,0.7927168607711792,11,8039
3829,16,2,9,False,2,2,True,False,False,False,1.216552495956421,7.0,1.2168811559677124,9,7502
3829,17,6,5,True,10507,2,False,False,False,False,0.19999998807907104,1.0,0.733757495880127,7,3318
3829,18,2,9,True,10507,1,False,False,False,False,0.19999998807907104,1.0,0.369864821434021,3,9096
3829,19,4,7,True,10507,1,False,False,False,False,0.4000000059604645,1.0,0.5075430870056152,5,8039
3829,20,5,6,True,10507,1,False,False,False,False,0.3464101552963257,3.0,0.5882176756858826,8,9359
3829,21,11,0,True,10507,1,False,,,,,,0.7927168607711792,11,8039
3829,22,6,5,True,10507,1,False,False,False,False,0.4472135603427887,2.0,0.5885575413703918,8,6251
3829,23,1,10,False,1619,4,True,False,False,False,0.3464101552963257,3.0,0.3469870388507843,4,354
3829,24,8,3,True,10507,1,False,False,False,False,0.3999999761581421,1.0,0.595986545085907,9,4065
3829,25,10,1,True,10507,1,False,False,False,False,0.3999999761581421,1.0,0.6723094582557678,11,4065
3829,26,4,7,False,1,1,True,False,False,False,0.8944272398948669,6.0,0.8953211903572083,10,26
3829,27,4,7,True,10507,1,False,False,False,False,0.44721361994743347,2.0,0.5878775715827942,6,8039
3829,28,4,7,True,10507,1,False,False,False,False,0.20000001788139343,1.0,0.5600000023841858,5,9508
3829,29,6,5,True,10507,1,False,False,False,False,0.4472135603427887,2.0,0.5462599992752075,8,6251
3829,30,9,2,True,10507,2,False,False,False,False,0.19999998807907104,1.0,0.7665507793426514,10,9359
3829,31,11,0,True,10507,1,False,,,,,,0.7927168607711792,11,8039
7779,0,5,6,True,10507,1,False,False,False,False,0.4472135901451111,2.0,0.6884765625,7,1160
7779,1,5,6,True,10507,1,False,False,False,False,0.3464101552963257,3.0,0.5603570342063904,8,5793
7779,2,5,6,True,10507,2,False,True,True,True,0.0,0.0,0.4753945767879486,5,601
7779,3,10,1,True,10507,1,False,False,False,False,0.19999998807907104,1.0,0.846167802810669,11,4842
7779,4,10,1,True,10507,1,False,True,True,True,0.0,0.0,0.7924644947052002,10,8039
7779,5,2,9,False,4,1,True,False,False,False,0.8246211409568787,8.0,0.8251060843467712,10,4842
7779,6,4,7,True,10507,1,False,False,False,False,0.2828426957130432,2.0,0.5528109669685364,6,7233
7779,7,10,1,True,10507,1,False,True,True,True,0.0,0.0,0.7924644947052002,10,8039
7779,8,10,1,True,10507,1,False,True,True,True,0.0,0.0,0.7402702569961548,10,8974
7779,9,10,1,True,10507,1,False,True,True,True,0.0,0.0,0.7924644947052002,10,8039
7779,10,7,4,True,10507,1,False,False,False,False,0.4000000059604645,1.0,0.8116649985313416,8,1964
7779,11,7,4,True,10507,2,False,False,False,False,0.19999998807907104,1.0,0.48456165194511414,8,7151
7779,12,3,8,True,10507,2,False,False,False,False,0.19999998807907104,1.0,0.5149757266044617,4,2643
7779,13,2,9,False,1,1,True,False,False,False,1.399999976158142,9.0,1.4002856016159058,11,53
7779,14,4,7,True,10507,1,False,False,False,False,0.20000001788139343,1.0,0.3709447383880615,5,7358
7779,15,2,9,False,2,1,True,False,False,False,1.1313707828521729,7.0,1.1317243576049805,9,26
7779,16,2,9,False,2,1,True,False,False,False,0.7483315467834473,6.0,0.7488658428192139,8,8974
7779,17,10,1,True,10507,1,False,True,True,True,0.0,0.0,0.7402702569961548,10,3318
7779,18,7,4,True,10507,1,False,False,False,False,0.2828426957130432,2.0,0.5681549310684204,9,5793
7779,19,9,2,True,10507,1,False,False,False,False,0.3999999761581421,1.0,0.6720119118690491,10,4065
7779,20,10,1,True,10507,1,False,True,True,True,0.0,0.0,0.7924644947052002,10,8039
7779,21,1,10,False,1619,3,True,True,True,True,0.0,0.0,0.02000001072883606,1,9398
7779,22,1,10,False,2983,81,True,True,True,True,0.0,0.0,0.019999995827674866,1,10095
7779,23,2,9,False,4,1,True,False,False,False,0.8246211409568787,8.0,0.8251060843467712,10,4842
7779,24,6,5,True,10507,1,False,False,False,False,0.4472135901451111,2.0,0.7552483677864075,8,1964
7779,25,1,10,False,3,1,True,False,False,False,0.7483315467834473,6.0,0.7485987544059753,7,8974
7779,26,11,0,True,10507,1,False,,,,,,0.7927168607711792,11,8039
7779,27,6,5,True,10507,1,False,False,False,False,0.4472135901451111,2.0,0.7552483677864075,8,1964
7779,28,9,2,True,10507,1,False,False,False,False,0.4000000059604645,1.0,0.5963220596313477,10,8039
7779,29,8,3,True,10507,1,False,False,False,False,0.2828426957130432,2.0,0.634980320930481,10,8974
7779,30,4,7,True,10507,1,False,True,True,True,0.0,0.0,0.38157567381858826,4,3829
7779,31,5,6,True,10507,1,False,True,True,True,0.0,0.0,0.4219004809856415,5,4142
9637,0,8,3,True,10507,1,False,False,False,False,0.19999998807907104,1.0,0.484974205493927,9,6251
9637,1,4,7,True,10507,1,False,True,True,True,0.0,0.0,0.31240999698638916,4,9513
9637,2,2,9,True,10507,5,False,False,False,False,0.19999998807907104,1.0,0.3698648512363434,3,5943
9637,3,10,1,True,10507,1,False,True,True,True,0.0,0.0,0.761577308177948,10,6251
9637,4,9,2,True,10507,1,False,False,False,False,0.19999998807907104,1.0,0.6415606141090393,10,3318
9637,5,9,2,True,10507,1,False,False,False,False,0.19999998807907104,1.0,0.7345747351646423,10,8974
9637,6,10,1,True,10507,1,False,False,False,False,0.19999998807907104,1.0,0.846167802810669,11,4842
9637,7,10,1,True,10507,1,False,True,True,True,0.0,0.0,0.7924644947052002,10,8039
9637,8,6,5,True,10507,1,False,False,False,False,0.4898979365825653,3.0,0.7499333620071411,9,4771
9637,9,4,7,True,10507,1,False,False,False,False,0.6000000238418579,3.0,0.676461398601532,7,7264
9637,10,8,3,True,10507,2,False,False,False,False,0.4472135901451111,2.0,0.7233256697654724,10,9359
9637,11,4,7,True,10507,2,False,False,False,False,0.3464101552963257,3.0,0.5878775715827942,7,7278
9637,12,11,0,True,10507,1,False,,,,,,0.7927168607711792,11,8039
9637,13,7,4,True,10507,1,False,False,False,False,0.3464101552963257,3.0,0.5610703825950623,10,5281
9637,14,7,4,True,10507,1,False,False,False,False,0.19999998807907104,1.0,0.48456165194511414,8,6251
9637,15,5,6,True,10507,1,False,False,False,False,0.19999998807907104,1.0,0.5157518982887268,6,9623
9637,16,11,0,True,10507,1,False,,,,,,0.7927168607711792,11,8039
9637,17,11,0,True,10507,1,False,,,,,,0.7927168607711792,11,8039
9637,18,4,7,True,10507,6,False,False,False,False,0.20000001788139343,1.0,0.3709447383880615,5,4129
9637,19,11,0,True,10507,1,False,,,,,,0.7927168607711792,11,8039
9637,20,11,0,True,10507,1,False,,,,,,0.7927168607711792,11,8039
9637,21,10,1,True,10507,1,False,True,True,True,0.0,0.0,0.7924644947052002,10,8039
9637,22,11,0,True,10507,1,False,,,,,,0.7927168607711792,11,8039
9637,23,6,5,True,10507,1,False,False,False,False,0.3999999761581421,4.0,0.6590902805328369,10,7987
9637,24,3,8,False,1,1,True,False,False,False,0.9591662883758545,6.0,0.9597917199134827,9,26
9637,25,10,1,True,10507,1,False,False,False,False,0.19999998807907104,1.0,0.5761944055557251,11,4065
9637,26,5,6,True,10507,1,False,True,True,True,0.0,0.0,0.3820994794368744,5,10202
9637,27,1,10,False,25,1,True,False,False,False,0.5999999642372131,6.0,0.6003332138061523,7,1159
9637,28,10,1,True,10507,1,False,False,False,False,0.19999998807907104,1.0,0.5761944055557251,11,4065
9637,29,8,3,True,10507,1,False,False,False,False,0.4000000059604645,1.0,0.7288347482681274,9,1964
9637,30,3,8,True,10507,6,False,True,True,True,0.0,0.0,0.3810511827468872,3,3898
9637,31,2,9,False,52,1,True,False,False,False,0.2828426957130432,2.0,0.28425338864326477,4,405
7136,0,5,6,True,10507,1,False,False,False,False,0.4898979067802429,3.0,0.6587867736816406,8,1022
7136,1,8,3,True,10507,1,False,False,False,False,0.2828426957130432,2.0,0.7288347482681274,10,3318
7136,2,1,10,False,5,1,True,False,False,False,0.9165151715278625,7.0,0.9167333841323853,8,8974
7136,3,3,8,True,10507,1,False,False,False,False,0.2828426957130432,2.0,0.3594439923763275,5,9683
7136,4,6,5,True,10507,1,False,False,False,False,0.2828426957130432,2.0,0.6711184978485107,8,1964
7136,5,3,8,False,1,1,True,False,False,False,1.4560219049453735,8.0,1.4564340114593506,11,53
7136,6,5,6,True,10507,1,False,False,False,False,0.2828427255153656,2.0,0.5949790477752686,7,9359
7136,7,9,2,True,10507,1,False,False,False,False,0.19999998807907104,1.0,0.6779380440711975,10,1964
7136,8,5,6,True,10507,2,False,True,True,True,0.0,0.0,0.44045430421829224,5,370
7136,9,6,5,True,10507,1,False,False,False,False,0.2828426957130432,2.0,0.7282856702804565,8,6854
7136,10,2,9,False,25,1,True,False,False,False,0.8944271802902222,6.0,0.8948743343353271,8,1159
7136,11,9,2,True,10507,1,False,True,True,True,0.0,0.0,0.7613146305084229,9,8039
7136,12,3,8,True,10507,1,False,False,False,False,0.4472135901451111,2.0,0.49919936060905457,5,2892
7136,13,2,9,False,24,1,True,False,False,False,0.6633249521255493,5.0,0.6639276742935181,7,1159
7136,14,3,8,True,10507,2,False,False,False,False,0.2828426957130432,2.0,0.552449107170105,5,7882
7136,15,1,10,False,10469,8,True,True,True,True,0.0,0.0,0.019999980926513672,1,4576
7136,16,4,7,True,10507,3,False,False,False,False,0.19999998807907104,1.0,0.601331889629364,5,9186
7136,17,3,8,False,264,1,True,False,False,False,0.3464101552963257,3.0,0.34813788533210754,6,8098
7136,18,3,8,False,1,1,True,False,False,False,1.3856406211853027,8.0,1.3860735893249512,11,53
7136,19,9,2,True,10507,1,False,True,True,True,0.0,0.0,0.7613146305084229,9,6251
7136,20,2,9,False,23,1,True,False,False,False,0.632455587387085,4.0,0.633087694644928,6,8039
7136,21,1,10,False,2983,8,True,True,True,True,0.0,0.0,0.019999995827674866,1,5702
7136,22,9,2,True,10507,1,False,False,False,False,0.20000001788139343,1.0,0.6415606141090393,10,9359
7136,23,11,0,True,10507,1,False,,,,,,0.7927168607711792,11,8039
7136,24,3,8,True,10507,1,False,False,False,False,0.3464101552963257,3.0,0.5875372290611267,6,8931
7136,25,3,8,True,10507,18,False,True,True,True,0.0,0.0,0.4745524525642395,3,625
7136,26,7,4,True,10507,1,False,False,False,False,0.2828426957130432,2.0,0.5242137312889099,9,9359
7136,27,2,9,False,1,1,True,False,False,False,1.1135529279708862,8.0,1.1139119863510132,10,26
7136,28,1,10,False,53,1,True,False,False,False,0.19999998807907104,1.0,0.2009975016117096,2,405
7136,29,7,4,True,10507,1,False,True,True,True,0.0,0.0,0.728560209274292,7,6251
7136,30,11,0,True,10507,1,False,,,,,,0.7927168607711792,11,8039
7136,31,4,7,True,10507,1,False,False,False,False,0.3464101552963257,3.0,0.5455272793769836,7,422
7767,0,2,9,True,10507,1,False,False,False,False,0.19999998807907104,1.0,0.2979932725429535,3,8875
7767,1,10,1,True,10507,1,False,False,False,False,0.3999999761581421,1.0,0.6723094582557678,11,4065
7767,2,9,2,True,10507,1,False,True,True,True,0.0,0.0,0.7613146305084229,9,6251
7767,3,11,0,True,10507,1,False,,,,,,0.7927168607711792,11,8039
7767,4,5,6,True,10507,1,False,False,False,False,0.5656853914260864,2.0,0.6826419234275818,7,6251
7767,5,4,7,True,10507,1,False,False,False,False,0.4472135901451111,2.0,0.6881860494613647,6,5641
7767,6,3,8,False,1,1,True,False,False,False,1.1489125490188599,8.0,1.1494345664978027,11,53
7767,7,5,6,True,10507,1,False,False,False,False,0.19999998807907104,1.0,0.43127715587615967,6,9938
7767,8,7,4,True,10507,1,False,False,False,False,0.2828427255153656,2.0,0.4762352406978607,9,9359
7767,9,1,10,False,10419,1,True,True,True,True,0.0,0.0,0.019999980926513672,1,7767
7767,10,7,4,True,10507,1,False,False,False,False,0.4000000059604645,1.0,0.5538952946662903,8,8039
7767,11,10,1,True,10507,1,False,False,False,False,0.3999999761581421,1.0,0.6723094582557678,11,4065
7767,12,2,9,False,1,1,True,False,False,False,0.6324555277824402,4.0,0.633087694644928,6,6315
7767,13,8,3,True,10507,1,False,False,False,False,0.44721361994743347,2.0,0.5892367959022522,10,8039
7767,14,8,3,True,10507,2,False,False,False,False,0.4000000059604645,1.0,0.8119113445281982,9,3318
7767,15,9,2,True,10507,2,False,False,False,False,0.4000000059604645,1.0,0.8121576905250549,10,9359
7767,16,7,4,True,10507,1,False,True,True,True,0.0,0.0,0.49274739623069763,7,7246
7767,17,8,3,True,10507,1,False,False,False,False,0.19999998807907104,1.0,0.7662897706031799,9,9938
7767,18,5,6,True,10507,1,False,False,False,False,0.6000000238418579,3.0,0.6767569780349731,8,6251
7767,19,1,10,False,3,1,True,False,False,False,0.9797959327697754,7.0,0.9800000786781311,8,8974
7767,20,4,7,True,10507,1,False,False,False,False,0.3464101552963257,3.0,0.5455272793769836,7,422
7767,21,11,0,True,10507,1,False,,,,,,0.7927168607711792,11,8039
7767,22,9,2,True,10507,2,False,True,True,True,0.0,0.0,0.7400000095367432,9,3318
7767,23,9,2,True,10507,1,False,False,False,False,0.20000001788139343,1.0,0.7871467471122742,10,8039
7767,24,11,0,True,10507,1,False,,,,,,0.7927168607711792,11,8039
7767,25,1,10,False,26,4,True,False,False,False,0.4000000059604645,4.0,0.4004996716976166,5,8889
7767,26,2,9,False,10418,1,True,True,True,True,0.0,0.0,0.028284244239330292,2,7767
7767,27,3,8,True,10507,1,False,False,False,False,0.4898979663848877,3.0,0.6206448674201965,6,7246
7767,28,4,7,True,10507,1,False,False,False,False,0.2828426957130432,2.0,0.727736234664917,6,9938
7767,29,10,1,True,10507,1,False,True,True,True,0.0,0.0,0.7924644947052002,10,8039
7767,30,3,8,True,10507,1,False,False,False,False,0.19999998807907104,1.0,0.5596427917480469,4,984
7767,31,3,8,True,10507,1,False,False,False,False,0.19999998807907104,1.0,0.5149757266044617,4,8330
1612,0,8,3,True,10507,1,False,False,False,False,0.4000000059604645,1.0,0.8409518599510193,9,9927
1612,1,10,1,True,10507,1,False,True,True,True,0.0,0.0,0.7402702569961548,10,8974
1612,2,5,6,True,10507,2,False,False,False,False,0.4472135901451111,2.0,0.6884766221046448,7,5053
1612,3,4,7,True,10507,1,False,False,False,False,0.20000001788139343,1.0,0.3709447383880615,5,1117
1612,4,3,8,True,10507,1,False,False,False,False,0.3464101552963257,3.0,0.5149757266044617,6,9677
1612,5,2,9,False,510,1,True,True,True,True,0.0,0.0,0.028284255415201187,2,5511
1612,6,3,8,True,10507,2,False,False,False,False,0.2828426957130432,2.0,0.4745524227619171,5,1967
1612,7,1,10,False,1619,5,True,True,True,True,0.0,0.0,0.02000001072883606,1,4989
1612,8,3,8,True,10507,2,False,False,False,False,0.2828426957130432,2.0,0.42095130681991577,5,5398
1612,9,7,4,True,10507,1,False,False,False,False,0.2828426957130432,2.0,0.4762352406978607,9,6251
1612,10,11,0,True,10507,1,False,,,,,,0.7927168607711792,11,8039
1612,11,8,3,True,10507,2,False,True,True,True,0.0,0.0,0.7397297620773315,8,5057
1612,12,6,5,True,10507,1,False,False,False,False,0.4000000059604645,1.0,0.7282856702804565,7,295
1612,13,3,8,False,52,3,True,False,False,False,0.4472135901451111,2.0,0.4485532343387604,5,6455
1612,14,5,6,True,10507,1,False,False,False,False,0.3464101552963257,3.0,0.515751838684082,8,562
1612,15,7,4,True,10507,1,False,False,False,False,0.2828426957130432,2.0,0.7607890963554382,9,5278
1612,16,4,7,True,10507,2,False,False,False,False,0.2828426957130432,2.0,0.5946427583694458,6,7189
1612,17,4,7,True,10507,1,False,False,False,False,0.19999998807907104,1.0,0.43081316351890564,5,2595
1612,18,9,2,True,10507,1,False,True,True,True,0.0,0.0,0.7717512845993042,9,9927
1612,19,7,4,True,10507,4,False,False,False,False,0.19999998807907104,1.0,0.561070442199707,8,9694
1612,20,1,10,False,1,1,True,False,False,False,1.2649110555648804,10.0,1.2650691270828247,11,53
1612,21,11,0,True,10507,1,False,,,,,,0.7927168607711792,11,8039
1612,22,8,3,True,10507,1,False,False,False,False,0.4472135901451111,2.0,0.5892367959022522,10,6251
1612,23,8,3,True,10507,1,False,False,False,False,0.19999998807907104,1.0,0.6412488222122192,9,9359
1612,24,11,0,True,10507,1,False,,,,,,0.7927168607711792,11,8039
1612,25,2,9,False,2,1,True,False,False,False,1.039230465888977,8.0,1.039615273475647,10,8974
1612,26,10,1,True,10507,1,False,True,True,True,0.0,0.0,0.4939635396003723,10,8039
1612,27,8,3,True,10507,1,False,False,False,False,0.19999998807907104,1.0,0.5321654081344604,9,4284
1612,28,10,1,True,10507,2,False,False,False,False,0.19999998807907104,1.0,0.7668116092681885,11,3318
1612,29,9,2,True,10507,1,False,False,False,False,0.4000000059604645,1.0,0.8411896824836731,10,5793
1612,30,1,10,False,26,3,True,False,False,False,0.4472135901451111,2.0,0.4476605951786041,3,720
1612,31,3,8,True,10507,1,False,False,False,False,0.19999998807907104,1.0,0.6878953576087952,4,4369
5712,0,9,2,True,10507,2,False,True,True,True,0.0,0.0,0.7068239450454712,9,9359
5712,1,10,1,True,10507,1,False,True,True,True,0.0,0.0,0.5403702259063721,10,4065
5712,2,8,3,True,10507,1,False,True,True,True,0.0,0.0,0.4418144226074219,8,4065
5712,3,5,6,True,10507,4,False,False,False,False,0.4000000059604645,1.0,0.6212890148162842,6,2230
5712,4,9,2,True,10507,1,False,True,True,True,0.0,0.0,0.7613146305084229,9,6251
5712,5,9,2,True,10507,1,False,True,True,True,0.0,0.0,0.49355849623680115,9,4065
5712,6,9,2,True,10507,1,False,False,False,False,0.2828426957130432,2.0,0.8411896228790283,11,4842
5712,7,5,6,True,10507,1,False,False,False,False,0.3464101552963257,3.0,0.5458937883377075,8,422
5712,8,5,6,True,10507,1,False,False,False,False,0.4000000059604645,1.0,0.5531726479530334,6,8039
5712,9,7,4,True,10507,1,False,False,False,False,0.2828426957130432,2.0,0.5242136716842651,9,9359
5712,10,5,6,True,10507,2,False,False,False,False,0.20000001788139343,1.0,0.43127718567848206,6,482
5712,11,2,9,False,2,1,True,False,False,False,0.8246211409568787,8.0,0.8251060843467712,10,8974
5712,12,10,1,True,10507,1,False,True,True,True,0.0,0.0,0.7924644947052002,10,8039
5712,13,9,2,True,10507,2,False,False,False,False,0.19999998807907104,1.0,0.7665507793426514,10,9359
5712,14,11,0,True,10507,1,False,,,,,,0.7927168607711792,11,8039
5712,15,7,4,True,10507,1,False,False,False,False,0.4000000059604645,1.0,0.8311437964439392,8,8039
5712,16,4,7,True,10507,3,False,False,False,False,0.2828426957130432,2.0,0.4214261472225189,6,4139
5712,17,1,10,False,25,2,True,False,False,False,0.8246211409568787,6.0,0.8248636722564697,7,5760
5712,18,5,6,True,10507,1,False,False,False,False,0.4472135901451111,2.0,0.5458937883377075,7,7264
5712,19,6,5,True,10507,1,False,False,False,False,0.2828426957130432,2.0,0.7282856702804565,8,8931
5712,20,1,10,False,10419,8,True,True,True,True,0.0,0.0,0.019999980926513672,1,9851
5712,21,9,2,True,10507,1,False,False,False,False,0.4000000059604645,1.0,0.8316249251365662,10,6251
5712,22,7,4,True,10507,1,False,False,False,False,0.20000000298023224,1.0,0.43220365047454834,8,6251
5712,23,9,2,True,10507,1,False,False,False,False,0.2828426957130432,2.0,0.8411896228790283,11,4842
5712,24,7,4,True,10507,1,False,True,True,True,0.0,0.0,0.728560209274292,7,6251
5712,25,8,3,True,10507,1,False,False,False,False,0.20000000298023224,1.0,0.484974205493927,9,6251
5712,26,10,1,True,10507,2,False,False,False,False,0.19999998807907104,1.0,0.7668116092681885,11,3318
5712,27,11,0,True,10507,1,False,,,,,,0.7927168607711792,11,8039
5712,28,7,4,True,10507,2,False,False,False,False,0.19999998807907104,1.0,0.7005712389945984,8,6324
5712,29,6,5,True,10507,1,False,True,True,True,0.0,0.0,0.38262251019477844,6,6251
5712,30,10,1,True,10507,1,False,True,True,True,0.0,0.0,0.761577308177948,10,8039
5712,31,9,2,True,10507,1,False,True,True,True,0.0,0.0,0.7613146305084229,9,6251
457,0,10,1,True,10507,1,False,True,True,True,0.0,0.0,0.761577308177948,10,6251
457,1,5,6,True,10507,1,False,False,False,False,0.2828426957130432,2.0,0.4219004511833191,7,487
457,2,9,2,True,10507,1,False,False,False,False,0.20000001788139343,1.0,0.4853864312171936,10,8039
457,3,7,4,True,10507,1,False,False,False,False,0.20000001788139343,1.0,0.5317894220352173,8,4065
457,4,9,2,True,10507,1,False,True,True,True,0.0,0.0,0.7291090488433838,9,6251
457,5,6,5,True,10507,1,False,False,False,False,0.2828427255153656,2.0,0.475815087556839,8,8039
457,6,10,1,True,10507,1,False,True,True,True,0.0,0.0,0.5403702259063721,10,4065
457,7,7,4,True,10507,1,False,False,False,False,0.20000001788139343,1.0,0.755513072013855,8,8039
457,8,10,1,True,10507,2,False,True,True,True,0.0,0.0,0.7402702569961548,10,9359
457,9,9,2,True,10507,1,False,False,False,False,0.20000001788139343,1.0,0.7560423612594604,10,6251
457,10,7,4,True,10507,2,False,False,False,False,0.19999998807907104,1.0,0.6023288369178772,8,6324
457,11,4,7,True,10507,1,False,False,False,False,0.44721361994743347,2.0,0.5878775715827942,6,6251
457,12,11,0,True,10507,1,False,,,,,,0.7927168607711792,11,8039
457,13,9,2,True,10507,1,False,False,False,False,0.20000001788139343,1.0,0.7560423612594604,10,8039
457,14,6,5,True,10507,1,False,False,False,False,0.2828426957130432,2.0,0.5678027868270874,8,1964
457,15,1,10,False,1,1,True,False,False,False,1.5099669694900513,9.0,1.5100994110107422,10,53
457,16,11,0,True,10507,1,False,,,,,,0.7927168607711792,11,8039
457,17,5,6,True,10507,1,False,False,False,False,0.2828427255153656,2.0,0.5949790477752686,7,384
457,18,1,10,False,53,1,True,False,False,False,0.4898979365825653,3.0,0.49030598998069763,4,405
457,19,7,4,True,10507,2,False,False,False,False,0.19999998807907104,1.0,0.561070442199707,8,2147
457,20,7,4,True,10507,1,False,False,False,False,0.2828426957130432,2.0,0.6346652507781982,9,3318
457,21,9,2,True,10507,1,False,False,False,False,0.19999998807907104,1.0,0.6779380440711975,10,1964
457,22,3,8,True,10507,2,False,False,False,False,0.2828426957130432,2.0,0.4209512770175934,5,6759
457,23,8,3,True,10507,1,False,False,False,False,0.20000001788139343,1.0,0.484974205493927,9,8039
457,24,8,3,True,10507,2,False,False,False,False,0.2828426957130432,2.0,0.634980320930481,10,3318
457,25,8,3,True,10507,1,False,False,False,False,0.20000001788139343,1.0,0.7557777762413025,9,6251
457,26,6,5,True,10507,1,False,False,False,False,0.19999998807907104,1.0,0.5161395072937012,7,8931
457,27,4,7,True,10507,1,False,False,False,False,0.19999998807907104,1.0,0.3709447383880615,5,4060
457,28,1,10,False,53,1,True,False,False,False,0.4898979365825653,3.0,0.49030598998069763,4,405
457,29,10,1,True,10507,1,False,True,True,True,0.0,0.0,0.7924644947052002,10,8039
457,30,8,3,True,10507,1,False,False,False,False,0.20000001788139343,1.0,0.7557777762413025,9,8039
457,31,5,6,True,10507,1,False,False,False,False,0.19999998807907104,1.0,0.43127715587615967,6,10472
5203,0,3,8,False,2,1,True,False,False,False,0.4898979365825653,3.0,0.4911211431026459,6,4142
5203,1,8,3,True,10507,1,False,True,True,True,0.0,0.0,0.49315309524536133,8,8039
5203,2,2,9,False,1,1,True,False,False,False,1.216552495956421,8.0,1.216881275177002,10,53
5203,3,6,5,True,10507,2,False,True,True,True,0.0,0.0,0.5238320827484131,6,5994
5203,4,4,7,True,10507,1,False,False,False,False,0.20000001788139343,1.0,0.466476172208786,5,422
5203,5,11,0,True,10507,1,False,,,,,,0.7927168607711792,11,8039
5203,6,6,5,True,10507,1,False,False,False,False,0.20000001788139343,1.0,0.4841487407684326,7,4065
5203,7,10,1,True,10507,2,False,False,False,False,0.19999998807907104,1.0,0.7668116092681885,11,3318
5203,8,7,4,True,10507,1,False,False,False,False,0.20000000298023224,1.0,0.7005712389945984,8,8029
5203,9,1,10,False,10419,4,True,True,True,True,0.0,0.0,0.019999980926513672,1,6118
5203,10,10,1,True,10507,2,False,False,False,False,0.19999998807907104,1.0,0.7668116688728333,11,9359
5203,11,7,4,True,10507,1,False,False,False,False,0.3464101552963257,3.0,0.5165268778800964,10,8974
5203,12,11,0,True,10507,1,False,,,,,,0.7927168607711792,11,8039
5203,13,9,2,True,10507,2,False,False,False,False,0.19999998807907104,1.0,0.7665507793426514,10,9359
5203,14,3,8,True,10507,1,False,False,False,False,0.4000000059604645,4.0,0.5071489214897156,7,9873
5203,15,9,2,True,10507,1,False,False,False,False,0.20000001788139343,1.0,0.4853864312171936,10,8039
5203,16,11,0,True,10507,1,False,,,,,,0.7927168607711792,11,8039
5203,17,11,0,True,10507,1,False,,,,,,0.7927168607711792,11,8039
5203,18,1,10,False,3,1,True,False,False,False,0.6928203105926514,6.0,0.6931089162826538,7,8974
5203,19,6,5,True,10507,1,False,False,False,False,0.2828426957130432,2.0,0.4223742187023163,8,7264
5203,20,2,9,False,1,1,True,False,False,False,0.9380831718444824,5.0,0.938509464263916,7,26
5203,21,9,2,True,10507,1,False,True,True,True,0.0,0.0,0.7922120690345764,9,8039
5203,22,11,0,True,10507,1,False,,,,,,0.7927168607711792,11,8039
5203,23,8,3,True,10507,1,False,False,False,False,0.20000001788139343,1.0,0.7343024611473083,9,6854
5203,24,4,7,False,1,1,True,False,False,False,0.9591663479804993,6.0,0.9600000381469727,10,6251
5203,25,6,5,True,10507,1,False,False,False,False,0.20000001788139343,1.0,0.733757495880127,7,6854
5203,26,3,8,False,7,1,True,False,False,False,0.5291503071784973,4.0,0.5302829742431641,7,7264
5203,27,2,9,True,10507,2,False,False,False,False,0.2828426957130432,2.0,0.42047590017318726,4,7298
5203,28,6,5,True,10507,1,False,False,False,False,0.2828426957130432,2.0,0.6945502758026123,8,5625
5203,29,7,4,True,10507,1,False,False,False,False,0.20000001788139343,1.0,0.48456165194511414,8,4065
5203,30,7,4,True,10507,1,False,False,False,False,0.19999998807907104,1.0,0.6409368515014648,8,7241
5203,31,7,4,True,10507,1,False,False,False,False,0.2828427255153656,2.0,0.7607890963554382,9,3318
4879,0,6,5,True,10507,2,False,True,True,True,0.0,0.0,0.7605261206626892,6,2157
4879,1,9,2,True,10507,1,False,False,False,False,0.20000001788139343,1.0,0.7871467471122742,10,8039
4879,2,6,5,True,10507,1,False,False,False,False,0.20000001788139343,1.0,0.733757495880127,7,1964
4879,3,10,1,True,10507,1,False,True,True,True,0.0,0.0,0.761577308177948,10,8039
4879,4,6,5,True,10507,2,False,False,False,False,0.2828427255153656,2.0,0.5953150987625122,8,9359
4879,5,6,5,True,10507,1,False,False,False,False,0.3464101552963257,3.0,0.6651315689086914,9,1964
4879,6,8,3,True,10507,1,False,False,False,False,0.2828426957130432,2.0,0.6717142462730408,10,3318
4879,7,4,7,True,10507,3,False,True,True,True,0.0,0.0,0.38157567381858826,4,1948
4879,8,2,9,False,52,8,True,True,True,True,0.0,0.0,0.028284255415201187,2,8836
4879,9,7,4,True,10507,1,False,False,False,False,0.2828427255153656,2.0,0.634665310382843,9,9359
4879,10,6,5,True,10507,1,False,False,False,False,0.19999998807907104,1.0,0.48414871096611023,7,4284
4879,11,7,4,True,10507,1,False,False,False,False,0.44721361994743347,2.0,0.5888972878456116,9,8039
4879,12,8,3,True,10507,1,False,True,True,True,0.0,0.0,0.7919595837593079,8,7246
4879,13,7,4,True,10507,1,False,False,False,False,0.20000001788139343,1.0,0.7660287618637085,8,9927
4879,14,2,9,True,10507,2,False,True,True,True,0.0,0.0,0.22090721130371094,2,1023
4879,15,1,10,False,10419,146,True,True,True,True,0.0,0.0,0.019999980926513672,1,4824
4879,16,6,5,True,10507,1,False,False,False,False,0.20000001788139343,1.0,0.786384105682373,7,2157
4879,17,8,3,True,10507,1,False,False,False,False,0.3464101552963257,3.0,0.6657326817512512,11,3318
4879,18,4,7,False,7,1,True,True,True,True,0.0,0.0,0.03999999165534973,4,8842
4879,19,1,10,False,1619,146,True,True,True,True,0.0,0.0,0.02000001072883606,1,9132
4879,20,10,1,True,10507,1,False,True,True,True,0.0,0.0,0.7720103859901428,10,1964
4879,21,10,1,True,10507,1,False,True,True,True,0.0,0.0,0.7924644947052002,10,8039
4879,22,4,7,True,10507,1,False,False,False,False,0.20000001788139343,1.0,0.2993325889110565,5,5973
4879,23,5,6,True,10507,1,False,False,False,False,0.4898979663848877,3.0,0.6212890148162842,8,8039
4879,24,10,1,True,10507,1,False,False,False,False,0.20000001788139343,1.0,0.7874007821083069,11,8039
4879,25,5,6,True,10507,1,False,False,False,False,0.20000001788139343,1.0,0.7334848642349243,6,1949
4879,26,3,8,True,10507,6,False,False,False,False,0.19999998807907104,1.0,0.4660472273826599,4,254
4879,27,11,0,True,10507,1,False,,,,,,0.7927168607711792,11,8039
4879,28,5,6,True,10507,1,False,False,False,False,0.20000001788139343,1.0,0.6403124332427979,6,1949
4879,29,11,0,True,10507,1,False,,,,,,0.7927168607711792,11,8039
4879,30,9,2,True,10507,1,False,True,True,True,0.0,0.0,0.7922121286392212,9,7246
4879,31,10,1,True,10507,1,False,True,True,True,0.0,0.0,0.761577308177948,10,8039
3804,0,11,0,True,10507,1,False,,,,,,0.7927168607711792,11,8039
3804,1,2,9,True,10507,3,False,False,False,False,0.3464101552963257,3.0,0.5447935461997986,5,7412
3804,2,4,7,True,10507,8,False,False,False,False,0.19999998807907104,1.0,0.3709447383880615,5,340
3804,3,2,9,False,25,3,True,False,False,False,0.20000001788139343,1.0,0.20199011266231537,3,720
3804,4,5,6,True,10507,1,False,False,False,False,0.19999998807907104,1.0,0.5310367345809937,6,9927
3804,5,1,10,False,5,1,True,False,False,False,1.0198038816452026,7.0,1.0199999809265137,8,8974
3804,6,7,4,True,10507,1,False,False,False,False,0.2828426957130432,2.0,0.5242136716842651,9,10472
3804,7,1,10,False,26,3,True,False,False,False,0.20000001788139343,1.0,0.20099753141403198,2,10070
3804,8,7,4,True,10507,1,False,False,False,False,0.4472135901451111,2.0,0.755513072013855,9,5793
3804,9,2,9,False,2920,93,True,True,True,True,0.0,0.0,0.028284255415201187,2,2359
3804,10,9,2,True,10507,1,False,False,False,False,0.4000000059604645,1.0,0.8411896824836731,10,1964
3804,11,2,9,False,52,2,True,False,False,False,0.20000001788139343,1.0,0.20199011266231537,3,369
3804,12,11,0,True,10507,1,False,,,,,,0.7927168607711792,11,8039
3804,13,9,2,True,10507,1,False,True,True,True,0.0,0.0,0.7717512845993042,9,1964
3804,14,10,1,True,10507,1,False,True,True,True,0.0,0.0,0.7402702569961548,10,8974
3804,15,7,4,True,10507,2,False,False,False,False,0.4898979365825653,3.0,0.7502000331878662,10,5057
3804,16,1,10,False,25,1,True,False,False,False,0.9797959327697754,7.0,0.9800000190734863,8,7928
3804,17,6,5,True,10507,1,False,False,False,False,0.4898979365825653,3.0,0.6590902805328369,9,5793
3804,18,3,8,False,1,1,True,False,False,False,1.1832159757614136,7.0,1.183722972869873,10,26
3804,19,11,0,True,10507,1,False,,,,,,0.7927168607711792,11,8039
3804,20,11,0,True,10507,1,False,,,,,,0.7927168607711792,11,8039
3804,21,10,1,True,10507,1,False,True,True,True,0.0,0.0,0.7720103859901428,10,1964
3804,22,8,3,True,10507,2,False,True,True,True,0.0,0.0,0.7397297024726868,8,9359
3804,23,5,6,True,10507,1,False,False,False,False,0.2828426957130432,2.0,0.7280110120773315,7,7233
3804,24,1,10,False,1,1,True,False,False,False,1.3856406211853027,10.0,1.3857848644256592,11,53
3804,25,2,9,False,2920,93,True,True,True,True,0.0,0.0,0.028284255415201187,2,4626
3804,26,7,4,True,10507,1,False,False,False,False,0.6324555277824402,4.0,0.7712327837944031,11,4842
3804,27,4,7,True,10507,5,False,True,True,True,0.0,0.0,0.5670979022979736,4,6565
3804,28,1,10,False,576,2,True,True,True,True,0.0,0.0,0.019999995827674866,1,7714
3804,29,8,3,True,10507,1,False,False,False,False,0.4000000059604645,1.0,0.595986545085907,9,8039
3804,30,9,2,True,10507,1,False,False,False,False,0.4000000059604645,1.0,0.5963220596313477,10,8039
3804,31,7,4,True,10507,1,False,False,False,False,0.2828426957130432,2.0,0.6714164018630981,9,2659
2035,0,1,10,False,1,1,True,False,False,False,1.3114876747131348,10.0,1.3116401433944702,11,53
2035,1,5,6,True,10507,1,False,False,False,False,0.4472135901451111,2.0,0.7224956750869751,7,1949
2035,2,3,8,False,1,1,True,False,False,False,0.6928203701972961,6.0,0.6936858296394348,9,8974
2035,3,7,4,True,10507,2,False,False,False,False,0.4472135901451111,2.0,0.8359426259994507,9,3318
2035,4,7,4,True,10507,1,False,False,False,False,0.4472135603427887,2.0,0.6890572905540466,9,2938
2035,5,4,7,True,10507,1,False,True,True,True,0.0,0.0,0.6337192058563232,4,5641
2035,6,7,4,True,10507,1,False,False,False,False,0.20000001788139343,1.0,0.5317894220352173,8,8039
2035,7,1,10,False,2983,62,True,True,True,True,0.0,0.0,0.019999995827674866,1,462
2035,8,5,6,True,10507,7,False,False,False,False,0.19999998807907104,1.0,0.5603570342063904,6,5388
2035,9,4,7,True,10507,1,False,False,False,False,0.19999998807907104,1.0,0.5153639912605286,5,5625
2035,10,7,4,True,10507,1,False,False,False,False,0.4000000059604645,1.0,0.8595348000526428,8,2157
2035,11,8,3,True,10507,1,False,False,False,False,0.4000000059604645,1.0,0.8119113445281982,9,8029
2035,12,9,2,True,10507,2,False,False,False,False,0.4472135901451111,2.0,0.836421012878418,11,3318
2035,13,8,3,True,10507,1,False,False,False,False,0.19999998807907104,1.0,0.6026607751846313,9,9359
2035,14,1,10,False,25,1,True,False,False,False,1.0,6.0,1.0002000331878662,7,1159
2035,15,4,7,True,10507,2,False,False,False,False,0.2828426957130432,2.0,0.5946427583694458,6,2139
2035,16,2,9,False,4,1,True,False,False,False,0.8246211409568787,6.0,0.8251060843467712,8,8974
2035,17,7,4,True,10507,3,False,False,False,False,0.2828426957130432,2.0,0.6714164614677429,9,1948
2035,18,10,1,True,10507,1,False,True,True,True,0.0,0.0,0.7924644947052002,10,8039
2035,19,2,9,False,52,3,True,False,False,False,0.2828426957130432,2.0,0.28425338864326477,4,6455
2035,20,3,8,True,10507,4,False,False,False,False,0.3464101552963257,3.0,0.4660471975803375,6,6086
2035,21,1,10,False,2983,62,True,True,True,True,0.0,0.0,0.019999995827674866,1,5931
2035,22,5,6,True,10507,1,False,False,False,False,0.2828426957130432,2.0,0.5234500765800476,7,10472
2035,23,1,10,False,2983,62,True,True,True,True,0.0,0.0,0.019999995827674866,1,462
2035,24,1,10,False,2983,62,True,True,True,True,0.0,0.0,0.019999995827674866,1,2915
2035,25,1,10,False,25,1,True,False,False,False,1.0,6.0,1.0002000331878662,7,1159
2035,26,5,6,True,10507,1,False,False,False,False,0.2828426957130432,2.0,0.4753945767879486,7,3829
2035,27,1,10,False,25,1,True,False,False,False,1.0,6.0,1.0002000331878662,7,1159
2035,28,8,3,True,10507,1,False,False,False,False,0.19999998807907104,1.0,0.6412488222122192,9,9359
2035,29,5,6,True,10507,1,False,False,False,False,0.2828426957130432,2.0,0.5234500765800476,7,5057
2035,30,8,3,True,10507,1,False,False,False,False,0.19999998807907104,1.0,0.6776430010795593,9,1964
2035,31,3,8,False,1,1,True,False,False,False,1.095445156097412,7.0,1.0959926843643188,10,26
7946,0,7,4,True,10507,2,False,False,False,False,0.4472135901451111,2.0,0.6283311247825623,9,9873
7946,1,3,8,False,1,1,True,False,False,False,0.4472135901451111,2.0,0.4485532343387604,5,9623
7946,2,4,7,True,10507,1,False,False,False,False,0.632455587387085,4.0,0.6705222129821777,8,7264
7946,3,9,2,True,10507,1,False,False,False,False,0.4000000059604645,1.0,0.6352952122688293,10,8039
7946,4,3,8,False,1,1,True,False,False,False,0.8485281467437744,7.0,0.8492349982261658,10,8974
7946,5,2,9,True,10507,1,False,False,False,False,0.19999998807907104,1.0,0.4656178653240204,3,9833
7946,6,11,0,True,10507,1,False,,,,,,0.7927168607711792,11,8039
7946,7,1,10,False,25,1,True,False,False,False,0.4472135901451111,5.0,0.44766056537628174,6,2238
7946,8,3,8,False,1,1,True,False,False,False,1.2806248664855957,7.0,1.2810932397842407,10,53
7946,9,1,10,False,26,1,True,False,False,False,0.5656853914260864,2.0,0.5660388469696045,3,4142
7946,10,7,4,True,10507,1,False,False,False,False,0.20000001788139343,1.0,0.6409368515014648,8,1964
7946,11,9,2,True,10507,1,False,True,True,True,0.0,0.0,0.7400000095367432,9,3318
7946,12,8,3,True,10507,1,False,False,False,False,0.20000000298023224,1.0,0.5754997730255127,9,4065
7946,13,5,6,True,10507,1,False,False,False,False,0.19999998807907104,1.0,0.5157518982887268,6,9623
7946,14,4,7,True,10507,1,False,False,False,False,0.6000000238418579,3.0,0.7440429925918579,7,4065
7946,15,11,0,True,10507,1,False,,,,,,0.7927168607711792,11,8039
7946,16,7,4,True,10507,1,False,False,False,False,0.6000000238418579,3.0,0.711898922920227,10,8039
7946,17,6,5,True,10507,1,False,False,False,False,0.3464101552963257,3.0,0.6280127763748169,9,8974
7946,18,8,3,True,10507,1,False,False,False,False,0.20000001788139343,1.0,0.484974205493927,9,7264
7946,19,9,2,True,10507,1,False,False,False,False,0.19999998807907104,1.0,0.5758471488952637,10,4842
7946,20,3,8,False,2,1,True,False,False,False,0.8717797994613647,5.0,0.8724678158760071,8,26
7946,21,4,7,True,10507,1,False,False,False,False,0.3999999761581421,4.0,0.5075430870056152,8,5057
7946,22,1,10,False,26,1,True,False,False,False,0.5656853914260864,2.0,0.5660388469696045,3,4142
7946,23,10,1,True,10507,1,False,True,True,True,0.0,0.0,0.7924644947052002,10,8039
7946,24,6,5,True,10507,1,False,False,False,False,0.19999998807907104,1.0,0.4317406415939331,7,3459
7946,25,7,4,True,10507,1,False,False,False,False,0.19999998807907104,1.0,0.6773477792739868,8,1964
7946,26,11,0,True,10507,1,False,,,,,,0.7927168607711792,11,8039
7946,27,11,0,True,10507,1,False,,,,,,0.7927168607711792,11,8039
7946,28,1,10,False,3,1,True,False,False,False,0.8485282063484192,7.0,0.8487638235092163,8,8974
7946,29,4,7,True,10507,1,False,False,False,False,0.2828426957130432,2.0,0.6939740777015686,6,5625
7946,30,1,10,False,26,1,True,False,False,False,0.5656853914260864,2.0,0.5660388469696045,3,4142
7946,31,8,3,True,10507,1,False,False,False,False,0.4472135901451111,2.0,0.7233256697654724,10,9359
8140,0,4,7,True,10507,1,False,False,False,False,0.2828427255153656,2.0,0.5946427583694458,6,5824
8140,1,3,8,True,10507,7,False,False,False,False,0.19999998807907104,1.0,0.2986636757850647,4,842
8140,2,3,8,True,10507,1,False,False,False,False,0.20000001788139343,1.0,0.3704051673412323,4,9330
8140,3,4,7,True,10507,1,False,False,False,False,0.2828426957130432,2.0,0.4214261472225189,6,236
8140,4,1,10,False,25,1,True,False,False,False,0.5656853914260864,8.0,0.5660388469696045,9,2238
8140,5,1,10,False,1,1,True,False,False,False,1.2489995956420898,10.0,1.2491596937179565,11,53
8140,6,1,10,False,25,1,True,False,False,False,0.5656853914260864,8.0,0.5660388469696045,9,2238
8140,7,3,8,True,10507,1,False,False,False,False,0.3464101552963257,3.0,0.4660472273826599,6,5935
8140,8,5,6,True,10507,1,False,False,False,False,0.2828427255153656,2.0,0.5949790477752686,7,5824
8140,9,2,9,False,1,1,True,False,False,False,1.2328827381134033,9.0,1.2332072257995605,11,53
8140,10,8,3,True,10507,1,False,False,False,False,0.2828426957130432,2.0,0.5245950818061829,10,4065
8140,11,9,2,True,10507,1,False,True,True,True,0.0,0.0,0.7400000095367432,9,8974
8140,12,1,10,False,2983,3,True,True,True,True,0.0,0.0,0.019999995827674866,1,8164
8140,13,9,2,True,10507,2,False,False,False,False,0.19999998807907104,1.0,0.7665507793426514,10,9359
8140,14,1,10,False,2983,3,True,True,True,True,0.0,0.0,0.019999995827674866,1,8140
8140,15,4,7,True,10507,1,False,False,False,False,0.2828426957130432,2.0,0.4749736487865448,6,5057
8140,16,2,9,True,10507,1,False,False,False,False,0.4000000059604645,4.0,0.45694640278816223,6,6029
8140,17,11,0,True,10507,1,False,,,,,,0.7927168607711792,11,8039
8140,18,2,9,False,7,2,True,False,False,False,0.6324555277824402,4.0,0.633087694644928,6,405
8140,19,9,2,True,10507,1,False,False,False,False,0.19999998807907104,1.0,0.5758472084999084,10,4065
8140,20,9,2,True,10507,1,False,True,True,True,0.0,0.0,0.7922120690345764,9,8039
8140,21,1,10,False,53,2,True,False,False,False,0.632455587387085,4.0,0.6327717304229736,5,423
8140,22,6,5,True,10507,1,False,False,False,False,0.2828426957130432,2.0,0.6711184978485107,8,5057
8140,23,6,5,True,10507,1,False,False,False,False,0.4898979663848877,3.0,0.6590902805328369,9,4065
8140,24,2,9,False,220,12,True,False,False,False,0.4472135901451111,2.0,0.44810712337493896,4,5782
8140,25,11,0,True,10507,1,False,,,,,,0.7927168607711792,11,8039
8140,26,8,3,True,10507,1,False,False,False,False,0.5656854510307312,2.0,0.7177743315696716,10,8039
8140,27,3,8,False,52,2,True,False,False,False,0.632455587387085,4.0,0.6334035396575928,7,423
8140,28,6,5,True,10507,2,False,False,False,False,0.2828426957130432,2.0,0.634350061416626,8,6029
8140,29,11,0,True,10507,1,False,,,,,,0.7927168607711792,11,8039
8140,30,2,9,False,1,1,True,False,False,False,1.2328827381134033,9.0,1.2332072257995605,11,53
8140,31,1,10,False,3,1,True,False,False,False,0.7483315467834473,6.0,0.7485987544059753,7,8974
7090,0,5,6,True,10507,1,False,False,False,False,0.44721361994743347,2.0,0.5882176756858826,7,8039
7090,1,3,8,True,10507,1,False,True,True,True,0.0,0.0,0.3810511827468872,3,914
7090,2,11,0,True,10507,1,False,,,,,,0.7927168607711792,11,8039
7090,3,3,8,True,10507,1,False,True,True,True,0.0,0.0,0.2218107283115387,3,6603
7090,4,7,4,True,10507,1,False,False,False,False,0.20000001788139343,1.0,0.73403000831604,8,9359
7090,5,9,2,True,10507,1,False,False,False,False,0.20000001788139343,1.0,0.8170679211616516,10,7246
7090,6,3,8,False,1,1,True,False,False,False,1.1832159757614136,7.0,1.183722972869873,10,26
7090,7,8,3,True,10507,2,False,False,False,False,0.4472135901451111,2.0,0.7233256697654724,10,3318
7090,8,11,0,True,10507,1,False,,,,,,0.7927168607711792,11,8039
7090,9,3,8,True,10507,1,False,False,False,False,0.19999998807907104,1.0,0.3704051673412323,4,6086
7090,10,6,5,True,10507,1,False,False,False,False,0.3464101552963257,3.0,0.7552483677864075,9,9938
7090,11,2,9,False,2,1,True,False,False,False,0.2828426957130432,2.0,0.28425338864326477,4,4142
7090,12,6,5,True,10507,1,False,False,False,False,0.44721361994743347,2.0,0.5885576009750366,8,8039
7090,13,11,0,True,10507,1,False,,,,,,0.7927168607711792,11,8039
7090,14,3,8,True,10507,2,False,True,True,True,0.0,0.0,0.31176915764808655,3,3718
7090,15,4,7,True,10507,3,False,False,False,False,0.20000001788139343,1.0,0.6645299196243286,5,6521
7090,16,9,2,True,10507,1,False,False,False,False,0.4000000059604645,1.0,0.8121576905250549,10,9359
7090,17,11,0,True,10507,1,False,,,,,,0.7927168607711792,11,8039
7090,18,6,5,True,10507,1,False,False,False,False,0.4000000059604645,4.0,0.5535340905189514,10,8974
7090,19,1,10,False,10419,117,True,True,True,True,0.0,0.0,0.019999980926513672,1,9983
7090,20,9,2,True,10507,1,False,False,False,False,0.6000000238418579,1.0,0.7453858256340027,10,6251
7090,21,3,8,True,10507,2,False,True,True,True,0.0,0.0,0.5226854085922241,3,6821
7090,22,8,3,True,10507,1,False,False,False,False,0.2828426957130432,2.0,0.8119113445281982,10,5625
7090,23,6,5,True,10507,1,False,False,False,False,0.19999998807907104,1.0,0.6019967198371887,7,2147
7090,24,2,9,False,4,1,True,False,False,False,1.0583006143569946,6.0,1.058678388595581,8,6251
7090,25,2,9,False,297,1,True,False,False,False,0.3464101552963257,3.0,0.3475629389286041,5,2127
7090,26,7,4,True,10507,1,False,False,False,False,0.3464101552963257,3.0,0.7866384387016296,10,5281
7090,27,4,7,True,10507,1,False,False,False,False,0.19999998807907104,1.0,0.3709447383880615,5,4246
7090,28,10,1,True,10507,2,False,False,False,False,0.19999998807907104,1.0,0.7668116688728333,11,9359
7090,29,11,0,True,10507,1,False,,,,,,0.7927168607711792,11,8039
7090,30,8,3,True,10507,1,False,True,True,True,0.0,0.0,0.8217055201530457,8,7246
7090,31,7,4,True,10507,1,False,True,True,True,0.0,0.0,0.7062578201293945,7,5679
9342,0,5,6,True,10507,2,False,False,False,False,0.3464101552963257,3.0,0.6648308038711548,8,5053
9342,1,6,5,True,10507,1,False,False,False,False,0.19999998807907104,1.0,0.5607138276100159,7,8931
9342,2,10,1,True,10507,1,False,True,True,True,0.0,0.0,0.7924644947052002,10,8039
9342,3,7,4,True,10507,1,False,False,False,False,0.2828426957130432,2.0,0.6346652507781982,9,5281
9342,4,7,4,True,10507,1,False,False,False,False,0.3464101552963257,3.0,0.6283311247825623,10,8974
9342,5,8,3,True,10507,1,False,False,False,False,0.20000001788139343,1.0,0.6412488222122192,9,1964
9342,6,1,10,False,10419,266,True,True,True,True,0.0,0.0,0.019999980926513672,1,10176
9342,7,7,4,True,10507,1,False,False,False,False,0.20000001788139343,1.0,0.43220365047454834,8,10017
9342,8,4,7,True,10507,9,False,True,True,True,0.0,0.0,0.31240999698638916,4,6354
9342,9,11,0,True,10507,1,False,,,,,,0.7927168607711792,11,8039
9342,10,4,7,True,10507,1,False,False,False,False,0.3464101552963257,3.0,0.7222188115119934,7,10454
9342,11,11,0,True,10507,1,False,,,,,,0.7927168607711792,11,8039
9342,12,5,6,True,10507,1,False,False,False,False,0.4472135901451111,2.0,0.5882176160812378,7,1964
9342,13,3,8,True,10507,1,False,False,False,False,0.2828426957130432,2.0,0.5071489214897156,5,7412
9342,14,7,4,True,10507,1,False,False,False,False,0.44721361994743347,2.0,0.5888972878456116,9,8039
9342,15,5,6,True,10507,3,False,False,False,False,0.19999998807907104,1.0,0.3714834749698639,6,2420
9342,16,9,2,True,10507,1,False,True,True,True,0.0,0.0,0.49355849623680115,9,8039
9342,17,11,0,True,10507,1,False,,,,,,0.7927168607711792,11,8039
9342,18,10,1,True,10507,1,False,True,True,True,0.0,0.0,0.8221921920776367,10,7246
9342,19,9,2,True,10507,1,False,True,True,True,0.0,0.0,0.7613146305084229,9,10017
9342,20,4,7,True,10507,4,False,False,False,False,0.2828426957130432,2.0,0.4214261472225189,6,6335
9342,21,1,10,False,53,4,True,False,False,False,0.2828426957130432,2.0,0.2835489511489868,3,369
9342,22,7,4,True,10507,1,False,False,False,False,0.4898979365825653,3.0,0.6219324469566345,10,6251
9342,23,10,1,True,10507,1,False,True,True,True,0.0,0.0,0.8221921920776367,10,7246
9342,24,3,8,True,10507,9,False,False,False,False,0.19999998807907104,1.0,0.5596427321434021,4,4872
9342,25,9,2,True,10507,1,False,False,False,False,0.4472135603427887,2.0,0.701141893863678,11,4842
9342,26,1,10,False,10419,266,True,True,True,True,0.0,0.0,0.019999980926513672,1,8461
9342,27,4,7,True,10507,2,False,False,False,False,0.19999998807907104,1.0,0.6645299196243286,5,7189
9342,28,1,10,False,3,1,True,False,False,False,0.9591663479804993,7.0,0.9593747854232788,8,8974
9342,29,7,4,True,10507,1,False,False,False,False,0.2828426957130432,2.0,0.634665310382843,9,9359
9342,30,9,2,True,10507,1,False,True,True,True,0.0,0.0,0.7717512845993042,9,9927
9342,31,1,10,False,26,3,True,False,False,False,0.20000001788139343,1.0,0.20099753141403198,2,10070
4662,0,11,0,True,10507,1,False,,,,,,0.7927168607711792,11,8039
4662,1,10,1,True,10507,1,False,True,True,True,0.0,0.0,0.4939635396003723,10,8039
4662,2,4,7,True,10507,1,False,False,False,False,0.20000001788139343,1.0,0.430813193321228,5,914
4662,3,3,8,True,10507,2,False,False,False,False,0.2828426957130432,2.0,0.5524490475654602,5,2381
4662,4,9,2,True,10507,1,False,False,False,False,0.19999998807907104,1.0,0.6415606141090393,10,9359
4662,5,4,7,True,10507,1,False,False,False,False,0.19999998807907104,1.0,0.7222188115119934,5,1309
4662,6,6,5,True,10507,1,False,False,False,False,0.2828426957130432,2.0,0.634350061416626,8,3743
4662,7,7,4,True,10507,1,False,False,False,False,0.44721361994743347,2.0,0.5888972878456116,9,8039
4662,8,7,4,True,10507,1,False,False,False,False,0.44721361994743347,2.0,0.6283311247825623,9,8039
4662,9,9,2,True,10507,1,False,False,False,False,0.2828426957130432,2.0,0.8411896228790283,11,4842
4662,10,3,8,True,10507,1,False,False,False,False,0.2828426957130432,2.0,0.552449107170105,5,7233
4662,11,9,2,True,10507,1,False,False,False,False,0.4472135603427887,2.0,0.701141893863678,11,4842
4662,12,8,3,True,10507,1,False,True,True,True,0.0,0.0,0.6092618703842163,8,295
4662,13,3,8,False,24,1,True,False,False,False,0.5656853914260864,5.0,0.5667450428009033,8,1159
4662,14,2,9,False,2,1,True,False,False,False,1.1832159757614136,7.0,1.18355393409729,9,6251
4662,15,10,1,True,10507,1,False,False,False,False,0.3999999761581421,1.0,0.6723094582557678,11,4065
4662,16,7,4,True,10507,1,False,False,False,False,0.19999998807907104,1.0,0.6409368515014648,8,9359
4662,17,8,3,True,10507,1,False,False,False,False,0.4000000059604645,1.0,0.8409518599510193,9,5793
4662,18,5,6,True,10507,1,False,False,False,False,0.20000001788139343,1.0,0.5310367345809937,6,2157
4662,19,1,10,False,53,2,True,False,False,False,0.20000001788139343,1.0,0.20099753141403198,2,4245
4662,20,7,4,True,10507,1,False,False,False,False,0.44721361994743347,2.0,0.6283311247825623,9,8039
4662,21,1,10,False,3,1,True,False,False,False,1.0198038816452026,7.0,1.0199999809265137,8,8974
4662,22,10,1,True,10507,1,False,True,True,True,0.0,0.0,0.7924644947052002,10,8039
4662,23,6,5,True,10507,1,False,True,True,True,0.0,0.0,0.5678027868270874,6,9665
4662,24,8,3,True,10507,1,False,True,True,True,0.0,0.0,0.8217055797576904,8,9938
4662,25,1,10,False,576,2,True,True,True,True,0.0,0.0,0.019999995827674866,1,8000
4662,26,10,1,True,10507,1,False,True,True,True,0.0,0.0,0.7402702569961548,10,8974
4662,27,1,10,False,25,1,True,False,False,False,0.9797959327697754,7.0,0.9800000190734863,8,7928
4662,28,11,0,True,10507,1,False,,,,,,0.7927168607711792,11,8039
4662,29,7,4,True,10507,1,False,False,False,False,0.4472135901451111,2.0,0.7555131316184998,9,5793
4662,30,4,7,True,10507,2,False,False,False,False,0.2828426957130432,2.0,0.5946427583694458,6,6395
4662,31,6,5,True,10507,1,False,False,False,False,0.3464101552963257,3.0,0.5607138276100159,9,5057
10155,0,10,1,True,10507,1,False,False,False,False,0.19999998807907104,1.0,0.846167802810669,11,4842
10155,1,8,3,True,10507,1,False,False,False,False,0.2828426957130432,2.0,0.7288347482681274,10,8931
10155,2,9,2,True,10507,1,False,False,False,False,0.19999998807907104,1.0,0.6415606141090393,10,7264
10155,3,3,8,False,2919,44,True,True,True,True,0.0,0.0,0.03464099019765854,3,111
10155,4,9,2,True,10507,1,False,True,True,True,0.0,0.0,0.44226688146591187,9,6251
10155,5,9,2,True,10507,1,False,True,True,True,0.0,0.0,0.7613146305084229,9,6251
10155,6,9,2,True,10507,1,False,False,False,False,0.2828426957130432,2.0,0.7068238854408264,11,1964
10155,7,8,3,True,10507,1,False,False,False,False,0.4472135901451111,2.0,0.6657326817512512,10,4842
10155,8,9,2,True,10507,1,False,False,False,False,0.4000000059604645,1.0,0.8121576905250549,10,8974
10155,9,1,10,False,1,1,True,False,False,False,1.469693899154663,9.0,1.4698299169540405,10,53
10155,10,9,2,True,10507,1,False,False,False,False,0.4000000059604645,1.0,0.6352952122688293,10,4065
10155,11,3,8,True,10507,2,False,False,False,False,0.2828426957130432,2.0,0.3594440221786499,5,6814
10155,12,10,1,True,10507,1,False,True,True,True,0.0,0.0,0.7402702569961548,10,8974
10155,13,9,2,True,10507,1,False,False,False,False,0.20000001788139343,1.0,0.4853864312171936,10,8039
10155,14,7,4,True,10507,1,False,False,False,False,0.4000000059604645,1.0,0.5538952946662903,8,6251
10155,15,10,1,True,10507,1,False,False,False,False,0.19999998807907104,1.0,0.846167802810669,11,4842
10155,16,4,7,False,1,1,True,False,False,False,0.9380831718444824,5.0,0.9389356374740601,9,26
10155,17,9,2,True,10507,2,False,False,False,False,0.19999998807907104,1.0,0.7665507793426514,10,3318
10155,18,11,0,True,10507,1,False,,,,,,0.7927168607711792,11,8039
10155,19,4,7,True,10507,1,False,False,False,False,0.4000000059604645,1.0,0.5075430870056152,5,6029
10155,20,4,7,True,10507,1,False,False,False,False,0.19999998807907104,1.0,0.430813193321228,5,9619
10155,21,1,10,False,5,1,True,False,False,False,0.9165151715278625,7.0,0.9167333841323853,8,8974
10155,22,5,6,True,10507,1,False,False,False,False,0.4898979663848877,3.0,0.5813776850700378,8,7264
10155,23,7,4,True,10507,1,False,False,False,False,0.2828427255153656,2.0,0.47623521089553833,9,8039
10155,24,6,5,True,10507,1,False,False,False,False,0.5656854510307312,2.0,0.6829348802566528,8,8039
10155,25,5,6,True,10507,2,False,False,False,False,0.2828426957130432,2.0,0.6942622661590576,7,7412
10155,26,2,9,False,2,2,True,False,False,False,0.8246211409568787,6.0,0.8251060843467712,8,7500
10155,27,2,9,True,10507,2,False,False,False,False,0.3464101552963257,3.0,0.5871967077255249,5,2608
10155,28,6,5,True,10507,6,False,False,False,False,0.19999998807907104,1.0,0.516139566898346,7,7162
10155,29,7,4,True,10507,1,False,False,False,False,0.2828426957130432,2.0,0.7285602688789368,9,8931
10155,30,10,1,True,10507,1,False,False,False,False,0.19999998807907104,1.0,0.846167802810669,11,4842
10155,31,11,0,True,10507,1,False,,,,,,0.7927168607711792,11,8039
710,0,5,6,True,10507,1,False,False,False,False,0.2828426957130432,2.0,0.4753945767879486,7,7264
710,1,7,4,True,10507,1,False,False,False,False,0.4472135901451111,2.0,0.7005712389945984,9,7246
710,2,6,5,True,10507,1,False,False,False,False,0.4472135901451111,2.0,0.8357033133506775,8,8917
710,3,1,10,False,3,1,True,False,False,False,0.8485282063484192,7.0,0.8487638831138611,8,8974
710,4,8,3,True,10507,1,False,False,False,False,0.19999998807907104,1.0,0.6412488222122192,9,8974
710,5,9,2,True,10507,1,False,False,False,False,0.5656854510307312,2.0,0.7180529236793518,11,8039
710,6,4,7,True,10507,1,False,False,False,False,0.3999999761581421,4.0,0.7493997812271118,8,1955
710,7,7,4,True,10507,1,False,False,False,False,0.2828426957130432,2.0,0.47623521089553833,9,3318
710,8,5,6,True,10507,1,False,False,False,False,0.19999998807907104,1.0,0.6016643643379211,6,1964
710,9,3,8,True,10507,1,False,False,False,False,0.4000000059604645,4.0,0.6206448078155518,7,1955
710,10,6,5,True,10507,1,False,False,False,False,0.2828426957130432,2.0,0.5238320231437683,8,4065
710,11,1,10,False,3,1,True,False,False,False,0.8485282063484192,7.0,0.8487638831138611,8,8974
710,12,5,6,True,10507,2,False,False,False,False,0.2828426957130432,2.0,0.4753945469856262,7,8917
710,13,9,2,True,10507,1,False,False,False,False,0.5656854510307312,2.0,0.7180529236793518,11,8039
710,14,10,1,True,10507,1,False,True,True,True,0.0,0.0,0.7402702569961548,10,8974
710,15,3,8,True,10507,1,False,False,False,False,0.3464101552963257,3.0,0.4660471975803375,6,9272
710,16,7,4,True,10507,1,False,False,False,False,0.3464101552963257,3.0,0.7005712389945984,10,9873
710,17,6,5,True,10507,3,False,False,False,False,0.5291502475738525,4.0,0.6529931426048279,10,1022
710,18,7,4,True,10507,1,False,False,False,False,0.2828426957130432,2.0,0.5956509709358215,9,8974
710,19,3,8,True,10507,1,False,False,False,False,0.3464101552963257,3.0,0.5875372886657715,6,5625
710,20,5,6,True,10507,1,False,False,False,False,0.2828427255153656,2.0,0.7280110120773315,7,7185
710,21,1,10,False,5,2,True,False,False,False,0.8485282063484192,7.0,0.8487638831138611,8,8974
710,22,5,6,True,10507,1,False,False,False,False,0.3464101552963257,3.0,0.4669046998023987,8,8974
710,23,1,10,False,25,1,True,False,False,False,0.6324555277824402,7.0,0.6327716708183289,8,7148
710,24,4,7,True,10507,2,False,False,False,False,0.2828426957130432,2.0,0.5528110265731812,6,5652
710,25,7,4,True,10507,1,False,False,False,False,0.2828426957130432,2.0,0.47623521089553833,9,3318
710,26,9,2,True,10507,1,False,False,False,False,0.2828426957130432,2.0,0.8411896228790283,11,4842
710,27,8,3,True,10507,1,False,True,True,True,0.0,0.0,0.7919595837593079,8,4284
710,28,2,9,False,4,2,True,False,False,False,0.7483314871788025,8.0,0.7488658428192139,10,4842
710,29,4,7,True,10507,1,False,False,False,False,0.4000000059604645,1.0,0.6584831476211548,5,1157
710,30,7,4,True,10507,1,False,True,True,True,0.0,0.0,0.6089335083961487,7,1964
710,31,4,7,False,2,1,True,False,False,False,0.6000000238418579,3.0,0.601331889629364,7,9623
3709,0,4,7,True,10507,1,False,False,False,False,0.19999998807907104,1.0,0.601331889629364,5,9938
3709,1,4,7,True,10507,2,False,False,False,False,0.19999998807907104,1.0,0.466476172208786,5,423
3709,2,8,3,True,10507,1,False,True,True,True,0.0,0.0,0.7919595837593079,8,2157
3709,3,6,5,True,10507,1,False,False,False,False,0.2828427255153656,2.0,0.475815087556839,8,2157
3709,4,8,3,True,10507,1,False,False,False,False,0.4000000059604645,1.0,0.595986545085907,9,8039
3709,5,9,2,True,10507,1,False,True,True,True,0.0,0.0,0.7613146305084229,9,10017
3709,6,7,4,True,10507,1,False,False,False,False,0.20000001788139343,1.0,0.7660287618637085,8,9927
3709,7,11,0,True,10507,1,False,,,,,,0.7927168607711792,11,8039
3709,8,4,7,False,1,1,True,False,False,False,0.9165151715278625,7.0,0.9173876047134399,11,6251
3709,9,11,0,True,10507,1,False,,,,,,0.7927168607711792,11,8039
3709,10,4,7,True,10507,1,False,False,False,False,0.3464101552963257,3.0,0.5153639316558838,7,9677
3709,11,3,8,True,10507,1,False,False,False,False,0.2828427255153656,2.0,0.42095130681991577,5,428
3709,12,9,2,True,10507,1,False,True,True,True,0.0,0.0,0.7400000095367432,9,1964
3709,13,7,4,True,10507,1,False,False,False,False,0.20000001788139343,1.0,0.6409368515014648,8,9927
3709,14,10,1,True,10507,2,False,False,False,False,0.19999998807907104,1.0,0.7668116092681885,11,3318
3709,15,1,10,False,2983,27,True,True,True,True,0.0,0.0,0.019999995827674866,1,8377
3709,16,3,8,True,10507,1,False,False,False,False,0.20000001788139343,1.0,0.4660472273826599,4,4516
3709,17,5,6,True,10507,2,False,False,False,False,0.19999998807907104,1.0,0.6016644239425659,6,9488
3709,18,3,8,True,10507,5,False,False,False,False,0.2828426957130432,2.0,0.552449107170105,5,9507
3709,19,5,6,True,10507,1,False,False,False,False,0.20000001788139343,1.0,0.6016644239425659,6,9927
3709,20,2,9,False,25,1,True,False,False,False,0.6324554681777954,7.0,0.6330876350402832,9,7928
3709,21,7,4,True,10507,1,False,False,False,False,0.20000001788139343,1.0,0.48456165194511414,8,2157
3709,22,3,8,False,1,1,True,False,False,False,1.1313707828521729,7.0,1.1319010257720947,10,26
3709,23,5,6,True,10507,4,False,False,False,False,0.20000001788139343,1.0,0.30000001192092896,6,6846
3709,24,5,6,True,10507,2,False,False,False,False,0.2828426957130432,2.0,0.7280110120773315,7,10058
3709,25,3,8,False,1,1,True,False,False,False,0.3464101552963257,3.0,0.34813788533210754,6,6315
3709,26,8,3,True,10507,1,False,False,False,False,0.19999998807907104,1.0,0.6026607751846313,9,9359
3709,27,8,3,True,10507,1,False,False,False,False,0.4472135901451111,2.0,0.6657326817512512,10,4065
3709,28,10,1,True,10507,1,False,False,False,False,0.3999999761581421,1.0,0.6723094582557678,11,4065
3709,29,4,7,True,10507,1,False,False,False,False,0.2828427255153656,2.0,0.5230678915977478,6,2157
3709,30,3,8,True,10507,1,False,False,False,False,0.20000001788139343,1.0,0.6642289161682129,4,1955
3709,31,9,2,True,10507,1,False,False,False,False,0.20000001788139343,1.0,0.8170679211616516,10,7246
7330,0,10,1,True,10507,1,False,True,True,True,0.0,0.0,0.7924644947052002,10,8039
7330,1,7,4,True,10507,1,False,False,False,False,0.5291502475738525,4.0,0.6890572905540466,11,4842
7330,2,3,8,True,10507,1,False,True,True,True,0.0,0.0,0.4745524227619171,3,6062
7330,3,3,8,False,1,1,True,False,False,False,0.19999998807907104,1.0,0.20297782123088837,4,6315
7330,4,10,1,True,10507,1,False,True,True,True,0.0,0.0,0.4939635396003723,10,8039
7330,5,4,7,True,10507,2,False,True,True,True,0.0,0.0,0.31240999698638916,4,8282
7330,6,1,10,False,26,3,True,False,False,False,0.2828426957130432,2.0,0.2835489511489868,3,720
7330,7,4,7,True,10507,1,False,False,False,False,0.19999998807907104,1.0,0.466476172208786,5,4142
7330,8,2,9,False,25,1,True,False,False,False,0.7483314871788025,5.0,0.7488658428192139,7,7928
7330,9,7,4,True,10507,2,False,False,False,False,0.19999998807907104,1.0,0.7005712389945984,8,8064
7330,10,4,7,True,10507,1,False,False,False,False,0.44721361994743347,2.0,0.5878775715827942,6,7246
7330,11,3,8,True,10507,1,False,False,False,False,0.20000001788139343,1.0,0.2986637055873871,4,380
7330,12,7,4,True,10507,2,False,True,True,True,0.0,0.0,0.7062577605247498,7,8029
7330,13,5,6,True,10507,1,False,False,False,False,0.3464101552963257,3.0,0.5458937883377075,8,8293
7330,14,9,2,True,10507,1,False,False,False,False,0.20000001788139343,1.0,0.5325410962104797,10,8039
7330,15,9,2,True,10507,1,False,False,False,False,0.4000000059604645,1.0,0.8874682784080505,10,7246
7330,16,8,3,True,10507,1,False,False,False,False,0.19999998807907104,1.0,0.484974205493927,9,10017
7330,17,6,5,True,10507,1,False,False,False,False,0.2828426957130432,2.0,0.634350061416626,8,6854
7330,18,8,3,True,10507,1,False,False,False,False,0.3464101552963257,3.0,0.6657326817512512,11,3318
7330,19,4,7,True,10507,1,False,False,False,False,0.19999998807907104,1.0,0.5600000023841858,5,7233
7330,20,11,0,True,10507,1,False,,,,,,0.7927168607711792,11,8039
7330,21,9,2,True,10507,1,False,False,False,False,0.3999999761581421,1.0,0.6352952122688293,10,4065
7330,22,3,8,True,10507,1,False,True,True,True,0.0,0.0,0.31176915764808655,3,5257
7330,23,9,2,True,10507,2,False,True,True,True,0.0,0.0,0.7400000095367432,9,3318
7330,24,4,7,True,10507,2,False,False,False,False,0.3464101552963257,3.0,0.5878775715827942,7,5655
7330,25,1,10,False,2983,10,True,True,True,True,0.0,0.0,0.019999995827674866,1,8853
7330,26,6,5,True,10507,1,False,True,True,True,0.0,0.0,0.7059745192527771,6,9665
7330,27,4,7,True,10507,1,False,False,False,False,0.19999998807907104,1.0,0.48332181572914124,5,1952
7330,28,1,10,False,5,1,True,False,False,False,0.9380831718444824,6.0,0.938296377658844,7,8974
7330,29,6,5,True,10507,1,False,False,False,False,0.4472135901451111,2.0,0.722772479057312,8,8029
7330,30,9,2,True,10507,2,False,False,False,False,0.19999998807907104,1.0,0.7665507793426514,10,3318
7330,31,3,8,True,10507,1,False,False,False,False,0.2828426957130432,2.0,0.4209512770175934,5,695
7934,0,1,10,False,26,1,True,False,False,False,0.4472135901451111,2.0,0.4476605951786041,3,7809
7934,1,5,6,True,10507,2,False,False,False,False,0.3464101552963257,3.0,0.515751838684082,8,1023
7934,2,7,4,True,10507,1,False,False,False,False,0.2828426957130432,2.0,0.634665310382843,9,6029
7934,3,10,1,True,10507,1,False,False,False,False,0.19999998807907104,1.0,0.8461678624153137,11,7246
7934,4,1,10,False,1619,5,True,False,False,False,0.2828426957130432,2.0,0.28354892134666443,3,1809
7934,5,2,9,False,1,1,True,False,False,False,0.4472135901451111,2.0,0.44810712337493896,4,6315
7934,6,6,5,True,10507,1,False,False,False,False,0.2828426957130432,2.0,0.4758150577545166,8,8542
7934,7,7,4,True,10507,1,False,False,False,False,0.2828426957130432,2.0,0.6714164614677429,9,4771
7934,8,4,7,False,1,1,True,False,False,False,0.4472135901451111,2.0,0.4489988684654236,6,6315
7934,9,10,1,True,10507,2,False,True,True,True,0.0,0.0,0.7402702569961548,10,3318
7934,10,6,5,True,10507,1,False,False,False,False,0.2828426957130432,2.0,0.7282856702804565,8,5824
7934,11,9,2,True,10507,1,False,False,False,False,0.19999998807907104,1.0,0.532541036605835,10,8039
7934,12,10,1,True,10507,1,False,True,True,True,0.0,0.0,0.7924644947052002,10,8039
7934,13,5,6,True,10507,1,False,False,False,False,0.19999998807907104,1.0,0.3714834749698639,6,7358
7934,14,2,9,True,10507,1,False,False,False,False,0.2828426957130432,2.0,0.5067543983459473,4,3016
7934,15,1,10,False,10469,88,True,True,True,True,0.0,0.0,0.019999980926513672,1,10430
7934,16,5,6,False,1,1,True,False,False,False,0.7483314871788025,5.0,0.7496666312217712,10,26
7934,17,9,2,True,10507,1,False,False,False,False,0.19999998807907104,1.0,0.5758472084999084,10,4065
7934,18,11,0,True,10507,1,False,,,,,,0.7927168607711792,11,8039
7934,19,2,9,False,297,7,True,True,True,True,0.0,0.0,0.028284266591072083,2,1460
7934,20,2,9,False,2,1,True,False,False,False,1.1999999284744263,8.0,1.2003333568572998,10,26
7934,21,10,1,True,10507,1,False,False,False,False,0.19999998807907104,1.0,0.5329164862632751,11,8039
7934,22,9,2,True,10507,2,False,True,True,True,0.0,0.0,0.7400000095367432,9,9359
7934,23,10,1,True,10507,1,False,False,False,False,0.19999998807907104,1.0,0.5761944055557251,11,4065
7934,24,9,2,True,10507,1,False,True,True,True,0.0,0.0,0.7400000095367432,9,8974
7934,25,2,9,True,10507,1,False,False,False,False,0.2828426957130432,2.0,0.3588871657848358,4,8577
7934,26,8,3,True,10507,1,False,False,False,False,0.4898979365825653,3.0,0.7288346886634827,11,7246
7934,27,2,9,False,2947,45,True,True,True,True,0.0,0.0,0.028284255415201187,2,9944
7934,28,2,9,False,2,2,True,False,False,False,0.7483315467834473,8.0,0.7488658428192139,10,7502
7934,29,2,9,False,10418,88,True,True,True,True,0.0,0.0,0.028284244239330292,2,1283
7934,30,10,1,True,10507,1,False,True,True,True,0.0,0.0,0.7924644947052002,10,8039
7934,31,9,2,True,10507,2,False,False,False,False,0.19999998807907104,1.0,0.6415606141090393,10,9359
1729,0,8,3,True,10507,1,False,False,False,False,0.4000000059604645,1.0,0.8597674369812012,9,2157
1729,1,4,7,True,10507,2,False,False,False,False,0.2828426957130432,2.0,0.4749736785888672,6,1023
1729,2,7,4,True,10507,1,False,False,False,False,0.4000000059604645,1.0,0.6948381066322327,8,295
1729,3,7,4,True,10507,1,False,False,False,False,0.5656854510307312,2.0,0.6832276582717896,9,8039
1729,4,9,2,True,10507,1,False,True,True,True,0.0,0.0,0.7717512845993042,9,1964
1729,5,6,5,True,10507,1,False,False,False,False,0.19999998807907104,1.0,0.4841487407684326,7,1964
1729,6,10,1,True,10507,1,False,True,True,True,0.0,0.0,0.4939635396003723,10,8039
1729,7,9,2,True,10507,1,False,False,False,False,0.19999998807907104,1.0,0.6779381036758423,10,1964
1729,8,7,4,True,10507,6,False,False,False,False,0.19999998807907104,1.0,0.6023288369178772,8,5994
1729,9,9,2,True,10507,1,False,False,False,False,0.4000000059604645,1.0,0.8411896824836731,10,1964
1729,10,4,7,True,10507,1,False,True,True,True,0.0,0.0,0.22271056473255157,4,8449
1729,11,4,7,True,10507,1,False,True,True,True,0.0,0.0,0.22271056473255157,4,6315
1729,12,11,0,True,10507,1,False,,,,,,0.7927168607711792,11,8039
1729,13,3,8,False,1,1,True,False,False,False,1.095445156097412,8.0,1.0959926843643188,11,53
1729,14,7,4,True,10507,1,False,False,False,False,0.3464101552963257,3.0,0.6654321551322937,10,5281
1729,15,10,1,True,10507,1,False,True,True,True,0.0,0.0,0.8221921920776367,10,7246
1729,16,8,3,True,10507,1,False,False,False,False,0.4472135901451111,2.0,0.7557777762413025,10,5793
1729,17,3,8,True,10507,1,False,True,True,True,0.0,0.0,0.31176915764808655,3,3129
1729,18,5,6,True,10507,2,False,False,False,False,0.19999998807907104,1.0,0.5603570342063904,6,8278
1729,19,5,6,True,10507,2,False,True,True,True,0.0,0.0,0.5234501361846924,5,2121
1729,20,2,9,False,1,1,True,False,False,False,1.2489995956420898,9.0,1.2493197917938232,11,53
1729,21,7,4,True,10507,2,False,False,False,False,0.3464101552963257,3.0,0.6654321551322937,10,5053
1729,22,10,1,True,10507,1,False,True,True,True,0.0,0.0,0.7402702569961548,10,8974
1729,23,6,5,True,10507,1,False,False,False,False,0.2828426957130432,2.0,0.634350061416626,8,2659
1729,24,3,8,True,10507,1,False,False,False,False,0.19999998807907104,1.0,0.4303486943244934,4,875
1729,25,7,4,True,10507,1,False,False,False,False,0.4472135901451111,2.0,0.755513072013855,9,5793
1729,26,7,4,True,10507,1,False,False,False,False,0.19999998807907104,1.0,0.6409368515014648,8,5280
1729,27,5,6,True,10507,1,False,False,False,False,0.19999998807907104,1.0,0.7000000476837158,6,5823
1729,28,9,2,True,10507,1,False,True,True,True,0.0,0.0,0.8219488859176636,9,7246
1729,29,3,8,False,2,1,True,False,False,False,0.8246211409568787,6.0,0.825348436832428,9,8974
1729,30,11,0,True,10507,1,False,,,,,,0.7927168607711792,11,8039
1729,31,9,2,True,10507,1,False,False,False,False,0.4000000059604645,1.0,0.8411896824836731,10,5793
6612,0,1,10,False,26,1,True,False,False,False,0.19999998807907104,1.0,0.2009975016117096,2,4142
6612,1,7,4,True,10507,1,False,True,True,True,0.0,0.0,0.7394592761993408,7,1964
6612,2,10,1,True,10507,1,False,True,True,True,0.0,0.0,0.7402702569961548,10,9359
6612,3,1,10,False,25,1,True,False,False,False,0.800000011920929,7.0,0.8002499938011169,8,7928
6612,4,1,10,False,1619,22,True,True,True,True,0.0,0.0,0.02000001072883606,1,6702
6612,5,1,10,False,26,1,True,False,False,False,0.19999998807907104,1.0,0.2009975016117096,2,4142
6612,6,10,1,True,10507,2,False,True,True,True,0.0,0.0,0.7402702569961548,10,3318
6612,7,1,10,False,53,1,True,True,True,True,0.0,0.0,0.019999995827674866,1,405
6612,8,10,1,True,10507,1,False,True,True,True,0.0,0.0,0.4939635396003723,10,8039
6612,9,9,2,True,10507,1,False,True,True,True,0.0,0.0,0.7400000095367432,9,9359
6612,10,4,7,False,1,1,True,False,False,False,1.0954450368881226,7.0,1.0961750745773315,11,26
6612,11,10,1,True,10507,2,False,True,True,True,0.0,0.0,0.7402702569961548,10,3318
6612,12,2,9,False,2,1,True,False,False,False,1.095445156097412,7.0,1.0958101749420166,9,26
6612,13,7,4,True,10507,1,False,False,False,False,0.3464101552963257,3.0,0.5610703825950623,10,8029
6612,14,1,10,False,10469,83,True,True,True,True,0.0,0.0,0.019999980926513672,1,958
6612,15,7,4,True,10507,1,False,False,False,False,0.4472135901451111,2.0,0.6654321551322937,9,4065
6612,16,11,0,True,10507,1,False,,,,,,0.7927168607711792,11,8039
6612,17,3,8,True,10507,1,False,False,False,False,0.19999998807907104,1.0,0.3704051673412323,4,6416
6612,18,3,8,True,10507,1,False,True,True,True,0.0,0.0,0.2218107283115387,3,6603
6612,19,3,8,True,10507,5,False,False,False,False,0.4000000059604645,4.0,0.5806892514228821,7,4516
6612,20,1,10,False,2983,83,True,True,True,True,0.0,0.0,0.019999995827674866,1,4674
6612,21,3,8,False,1,1,True,False,False,False,0.7483315467834473,5.0,0.7491328716278076,8,8039
6612,22,3,8,True,10507,1,False,True,True,True,0.0,0.0,0.42095133662223816,3,405
6612,23,1,10,False,576,8,True,False,False,False,0.2828426957130432,2.0,0.28354892134666443,3,292
6612,24,5,6,True,10507,1,False,False,False,False,0.2828426957130432,2.0,0.5949790477752686,7,8931
6612,25,7,4,True,10507,1,False,False,False,False,0.19999998807907104,1.0,0.5317894220352173,8,1964
6612,26,10,1,True,10507,1,False,False,False,False,0.3999999761581421,1.0,0.6723094582557678,11,4065
6612,27,7,4,True,10507,1,False,False,False,False,0.4000000059604645,1.0,0.8116649985313416,8,9359
6612,28,10,1,True,10507,1,False,True,True,True,0.0,0.0,0.761577308177948,10,6251
6612,29,1,10,False,10469,83,True,True,True,True,0.0,0.0,0.019999980926513672,1,3783
6612,30,3,8,True,10507,2,False,False,False,False,0.19999998807907104,1.0,0.2986636757850647,4,5943
6612,31,9,2,True,10507,1,False,False,False,False,0.20000001788139343,1.0,0.7665507793426514,10,1964
2897,0,4,7,True,10507,1,False,False,False,False,0.19999998807907104,1.0,0.5153639912605286,5,7809
2897,1,7,4,True,10507,1,False,False,False,False,0.2828426957130432,2.0,0.5681549310684204,9,9677
2897,2,4,7,True,10507,1,False,False,False,False,0.19999998807907104,1.0,0.43081316351890564,5,7507
2897,3,11,0,True,10507,1,False,,,,,,0.7927168607711792,11,8039
2897,4,5,6,True,10507,1,False,False,False,False,0.19999998807907104,1.0,0.5603570342063904,6,1157
2897,5,5,6,True,10507,1,False,False,False,False,0.19999998807907104,1.0,0.6016644239425659,6,8930
2897,6,11,0,True,10507,1,False,,,,,,0.7927168607711792,11,8039
2897,7,2,9,False,1,1,True,False,False,False,1.2961481809616089,9.0,1.2964566946029663,11,26
2897,8,10,1,True,10507,1,False,True,True,True,0.0,0.0,0.8221921920776367,10,7246
2897,9,4,7,True,10507,3,False,False,False,False,0.19999998807907104,1.0,0.4833218455314636,5,1954
2897,10,8,3,True,10507,1,False,False,False,False,0.44721361994743347,2.0,0.665732741355896,10,8039
2897,11,11,0,True,10507,1,False,,,,,,0.7927168607711792,11,8039
2897,12,1,10,False,2983,30,True,True,True,True,0.0,0.0,0.019999995827674866,1,4022
2897,13,1,10,False,10469,23,True,True,True,True,0.0,0.0,0.019999980926513672,1,6242
2897,14,8,3,True,10507,1,False,False,False,False,0.4000000059604645,1.0,0.8409518599510193,9,5793
2897,15,5,6,True,10507,2,False,False,False,False,0.3464101552963257,3.0,0.4669046700000763,8,9497
2897,16,9,2,True,10507,1,False,True,True,True,0.0,0.0,0.6095900535583496,9,3318
2897,17,2,9,False,52,1,True,False,False,False,0.4472135901451111,2.0,0.44810712337493896,4,10030
2897,18,1,10,False,25,1,True,False,False,False,0.8485281467437744,7.0,0.8487638235092163,8,2238
2897,19,4,7,True,10507,1,False,False,False,False,0.2828426957130432,2.0,0.42142611742019653,6,7298
2897,20,7,4,True,10507,1,False,False,False,False,0.4000000059604645,1.0,0.8116649389266968,8,3318
2897,21,6,5,True,10507,1,False,True,True,True,0.0,0.0,0.5238320827484131,6,490
2897,22,10,1,True,10507,2,False,True,True,True,0.0,0.0,0.7402702569961548,10,9359
2897,23,10,1,True,10507,1,False,True,True,True,0.0,0.0,0.7402702569961548,10,8974
2897,24,11,0,True,10507,1,False,,,,,,0.7927168607711792,11,8039
2897,25,2,9,True,10507,2,False,False,False,False,0.19999998807907104,1.0,0.2979932725429535,3,1911
2897,26,10,1,True,10507,1,False,False,False,False,0.19999998807907104,1.0,0.5761944055557251,11,4065
2897,27,9,2,True,10507,1,False,False,False,False,0.19999998807907104,1.0,0.5758472084999084,10,4065
2897,28,5,6,True,10507,1,False,False,False,False,0.3464101552963257,3.0,0.4669046700000763,8,6029
2897,29,10,1,True,10507,1,False,False,False,False,0.19999998807907104,1.0,0.846167802810669,11,4842
2897,30,5,6,True,10507,1,False,False,False,False,0.3464101552963257,3.0,0.5458937883377075,8,422
2897,31,8,3,True,10507,1,False,False,False,False,0.19999998807907104,1.0,0.6026607751846313,9,8974
8665,0,1,10,False,26,6,True,False,False,False,0.2828426957130432,2.0,0.2835489511489868,3,9108
8665,1,8,3,True,10507,1,False,False,False,False,0.4000000059604645,1.0,0.8119113445281982,9,8029
8665,2,11,0,True,10507,1,False,,,,,,0.7927168607711792,11,8039
8665,3,2,9,False,52,3,True,False,False,False,0.2828426957130432,2.0,0.28425341844558716,4,369
8665,4,8,3,True,10507,1,False,False,False,False,0.20000001788139343,1.0,0.7662897706031799,9,9927
8665,5,10,1,True,10507,1,False,False,False,False,0.3999999761581421,1.0,0.6723094582557678,11,4065
8665,6,1,10,False,10469,34,True,True,True,True,0.0,0.0,0.019999980926513672,1,298
8665,7,6,5,True,10507,1,False,False,False,False,0.19999998807907104,1.0,0.6651315689086914,7,10454
8665,8,5,6,True,10507,1,False,True,True,True,0.0,0.0,0.5674504637718201,5,5679
8665,9,1,10,False,2983,4,True,True,True,True,0.0,0.0,0.019999995827674866,1,3675
8665,10,7,4,True,10507,1,False,False,False,False,0.3464101552963257,3.0,0.5165268778800964,10,8974
8665,11,1,10,False,1,1,True,False,False,False,1.3114876747131348,10.0,1.3116401433944702,11,53
8665,12,10,1,True,10507,2,False,True,True,True,0.0,0.0,0.7402702569961548,10,9359
8665,13,9,2,True,10507,1,False,False,False,False,0.20000001788139343,1.0,0.5325410962104797,10,8039
8665,14,3,8,True,10507,2,False,False,False,False,0.19999998807907104,1.0,0.6270566582679749,4,9840
8665,15,11,0,True,10507,1,False,,,,,,0.7927168607711792,11,8039
8665,16,2,9,False,2920,4,True,True,True,True,0.0,0.0,0.028284255415201187,2,8236
8665,17,5,6,True,10507,3,False,False,False,False,0.19999998807907104,1.0,0.5603570342063904,6,9221
8665,18,11,0,True,10507,1,False,,,,,,0.7927168607711792,11,8039
8665,19,4,7,False,7,1,True,False,False,False,0.20000001788139343,1.0,0.20396079123020172,5,8842
8665,20,9,2,True,10507,1,False,False,False,False,0.2828426957130432,2.0,0.7613146901130676,11,9359
8665,21,9,2,True,10507,1,False,False,False,False,0.4472135901451111,2.0,0.6660330295562744,11,4065
8665,22,3,8,False,1,1,True,False,False,False,1.0954450368881226,8.0,1.0959926843643188,11,53
8665,23,4,7,True,10507,1,False,False,False,False,0.2828426957130432,2.0,0.5528109669685364,6,5074
8665,24,7,4,True,10507,1,False,False,False,False,0.4898979067802429,3.0,0.6593936681747437,10,1022
8665,25,9,2,True,10507,1,False,True,True,True,0.0,0.0,0.7400000095367432,9,8974
8665,26,1,10,False,10469,34,True,True,True,True,0.0,0.0,0.019999980926513672,1,7789
8665,27,11,0,True,10507,1,False,,,,,,0.7927168607711792,11,8039
8665,28,8,3,True,10507,1,False,False,False,False,0.20000001788139343,1.0,0.5754997730255127,9,7246
8665,29,3,8,True,10507,2,False,False,False,False,0.2828426957130432,2.0,0.4745524227619171,5,2831
8665,30,8,3,True,10507,1,False,False,False,False,0.4472135901451111,2.0,0.6657326817512512,10,4065
8665,31,11,0,True,10507,1,False,,,,,,0.7927168607711792,11,8039
8987,0,10,1,True,10507,1,False,True,True,True,0.0,0.0,0.7924644947052002,10,8039
8987,1,5,6,True,10507,2,False,False,False,False,0.3464101552963257,3.0,0.7224956750869751,8,10058
8987,2,3,8,True,10507,1,False,False,False,False,0.2828426957130432,2.0,0.4209512770175934,5,7237
8987,3,8,3,True,10507,1,False,False,False,False,0.4000000059604645,1.0,0.595986545085907,9,8039
8987,4,5,6,True,10507,1,False,True,True,True,0.0,0.0,0.5674504637718201,5,8234
8987,5,2,9,False,4,1,True,False,False,False,0.7483315467834473,6.0,0.7488658428192139,8,8974
8987,6,8,3,True,10507,1,False,False,False,False,0.19999998807907104,1.0,0.5321654081344604,9,4284
8987,7,5,6,False,7,1,True,False,False,False,0.19999998807907104,1.0,0.20493899285793304,6,8842
8987,8,4,7,True,10507,1,False,False,False,False,0.4000000059604645,1.0,0.5946427583694458,5,2157
8987,9,8,3,True,10507,1,False,False,False,False,0.4000000059604645,1.0,0.8119113445281982,9,8029
8987,10,6,5,True,10507,1,False,True,True,True,0.0,0.0,0.4923413395881653,6,7246
8987,11,8,3,True,10507,1,False,True,True,True,0.0,0.0,0.49315309524536133,8,8039
8987,12,6,5,True,10507,1,False,False,False,False,0.4000000059604645,1.0,0.8309031128883362,7,10017
8987,13,11,0,True,10507,1,False,,,,,,0.7927168607711792,11,8039
8987,14,5,6,True,10507,4,False,False,False,False,0.19999998807907104,1.0,0.3714834749698639,6,6335
8987,15,3,8,True,10507,1,False,False,False,False,0.19999998807907104,1.0,0.6642289161682129,4,9150
8987,16,4,7,True,10507,1,False,False,False,False,0.20000001788139343,1.0,0.3709447383880615,5,10017
8987,17,2,9,False,1,1,True,False,False,False,1.1999999284744263,9.0,1.2003332376480103,11,53
8987,18,6,5,True,10507,1,False,False,False,False,0.4000000059604645,1.0,0.5953150391578674,7,8039
8987,19,9,2,True,10507,1,False,False,False,False,0.6324555277824402,2.0,0.8316248655319214,11,4842
8987,20,3,8,False,2,1,True,False,False,False,0.4472135901451111,5.0,0.4485532343387604,8,8974
8987,21,6,5,True,10507,1,False,False,False,False,0.5291502475738525,4.0,0.615142285823822,10,9359
8987,22,6,5,True,10507,1,False,False,False,False,0.4000000059604645,1.0,0.886792004108429,7,7246
8987,23,9,2,True,10507,1,False,True,True,True,0.0,0.0,0.49355846643447876,9,8039
8987,24,6,5,True,10507,1,False,False,False,False,0.4000000059604645,1.0,0.6945502758026123,7,9096
8987,25,9,2,True,10507,2,False,False,False,False,0.19999998807907104,1.0,0.6415606141090393,10,3318
8987,26,1,10,False,576,1,True,True,True,True,0.0,0.0,0.019999995827674866,1,6315
8987,27,1,10,False,3,1,True,False,False,False,0.9591663479804993,7.0,0.9593748450279236,8,8974
8987,28,11,0,True,10507,1,False,,,,,,0.7927168607711792,11,8039
8987,29,1,10,False,576,1,True,True,True,True,0.0,0.0,0.019999995827674866,1,6315
8987,30,2,9,False,1,1,True,False,False,False,1.1999999284744263,9.0,1.2003332376480103,11,53
8987,31,11,0,True,10507,1,False,,,,,,0.7927168607711792,11,8039
668,0,5,6,True,10507,1,False,False,False,False,0.2828426957130432,2.0,0.5234500765800476,7,1964
668,1,1,10,False,1619,1,True,False,False,False,0.4000000059604645,1.0,0.40049970149993896,2,770
668,2,2,9,True,10507,1,False,False,False,False,0.19999998807907104,1.0,0.5145872235298157,3,1121
668,3,8,3,True,10507,1,False,False,False,False,0.4898979663848877,3.0,0.622253954410553,11,8039
668,4,9,2,True,10507,1,False,False,False,False,0.4472135901451111,2.0,0.6660330295562744,11,4065
668,5,7,4,True,10507,1,False,False,False,False,0.20000001788139343,1.0,0.7866383790969849,8,8039
668,6,8,3,True,10507,1,False,False,False,False,0.4898979663848877,3.0,0.6596969366073608,11,4065
668,7,8,3,True,10507,2,False,False,False,False,0.20000001788139343,1.0,0.7343024611473083,9,9359
668,8,11,0,True,10507,1,False,,,,,,0.7927168607711792,11,8039
668,9,3,8,True,10507,1,False,False,False,False,0.3464101552963257,3.0,0.6270565986633301,6,1964
668,10,6,5,True,10507,1,False,False,False,False,0.3464101552963257,3.0,0.7552483081817627,9,8029
668,11,8,3,True,10507,2,False,False,False,False,0.2828426957130432,2.0,0.7610519528388977,10,8029
668,12,11,0,True,10507,1,False,,,,,,0.7927168607711792,11,8039
668,13,7,4,True,10507,1,False,False,False,False,0.20000001788139343,1.0,0.6409368515014648,8,5793
668,14,9,2,True,10507,1,False,True,True,True,0.0,0.0,0.7717512845993042,9,1964
668,15,6,5,True,10507,1,False,False,False,False,0.3464101552963257,3.0,0.5161395072937012,9,7264
668,16,5,6,True,10507,1,False,False,False,False,0.3464101552963257,3.0,0.5603570342063904,8,1022
668,17,7,4,True,10507,1,False,False,False,False,0.2828426957130432,2.0,0.6089335083961487,9,4065
668,18,4,7,True,10507,2,False,False,False,False,0.3464101552963257,3.0,0.6273755431175232,7,7045
668,19,11,0,True,10507,1,False,,,,,,0.7927168607711792,11,8039
668,20,5,6,True,10507,1,False,False,False,False,0.3464101552963257,3.0,0.6276942491531372,8,8029
668,21,3,8,True,10507,2,False,False,False,False,0.2828426957130432,2.0,0.552449107170105,5,4036
668,22,1,10,False,576,1,True,True,True,True,0.0,0.0,0.019999995827674866,1,10486
668,23,7,4,True,10507,1,False,False,False,False,0.19999998807907104,1.0,0.6409368515014648,8,9359
668,24,2,9,False,1,1,True,False,False,False,0.7745967507362366,7.0,0.7751129865646362,9,8974
668,25,4,7,True,10507,2,False,False,False,False,0.2828426957130432,2.0,0.42142611742019653,6,9619
668,26,7,4,True,10507,1,False,False,False,False,0.3464101552963257,3.0,0.5165268778800964,10,8974
668,27,1,10,False,53,1,True,False,False,False,0.5291502475738525,4.0,0.5295280814170837,5,405
668,28,5,6,True,10507,1,False,False,False,False,0.2828426957130432,2.0,0.5949790477752686,7,10202
668,29,3,8,True,10507,1,False,False,False,False,0.2828426957130432,2.0,0.4209512770175934,5,4193
668,30,2,9,False,24,1,True,False,False,False,0.4898979365825653,6.0,0.4907137155532837,8,2238
668,31,8,3,True,10507,1,False,False,False,False,0.2828427255153656,2.0,0.634980320930481,10,8974
9298,0,4,7,True,10507,1,False,False,False,False,0.3464101552963257,3.0,0.5878775715827942,7,1955
9298,1,9,2,True,10507,1,False,False,False,False,0.20000001788139343,1.0,0.4853864312171936,10,8039
9298,2,7,4,True,10507,1,False,False,False,False,0.3464101552963257,3.0,0.7866384387016296,10,5281
9298,3,10,1,True,10507,1,False,True,True,True,0.0,0.0,0.761577308177948,10,6251
9298,4,6,5,True,10507,1,False,True,True,True,0.0,0.0,0.5678027868270874,6,295
9298,5,10,1,True,10507,1,False,True,True,True,0.0,0.0,0.761577308177948,10,6251
9298,6,10,1,True,10507,1,False,True,True,True,0.0,0.0,0.8221921920776367,10,7246
9298,7,2,9,False,3,1,True,False,False,False,0.9380831718444824,8.0,0.9385095238685608,10,8974
9298,8,11,0,True,10507,1,False,,,,,,0.7927168607711792,11,8039
9298,9,2,9,False,4,1,True,False,False,False,1.039230465888977,5.0,1.0396153926849365,7,6251
9298,10,8,3,True,10507,1,False,True,True,True,0.0,0.0,0.7714921236038208,8,9927
9298,11,5,6,True,10507,1,False,False,False,False,0.44721361994743347,2.0,0.5458937883377075,7,10017
9298,12,9,2,True,10507,1,False,True,True,True,0.0,0.0,0.7922120690345764,9,8039
9298,13,7,4,True,10507,1,False,False,False,False,0.4000000059604645,1.0,0.5956509113311768,8,8039
9298,14,6,5,True,10507,1,False,False,False,False,0.44721361994743347,2.0,0.8064738512039185,8,1964
9298,15,2,9,False,1,1,True,False,False,False,1.4422204494476318,9.0,1.4424978494644165,11,53
9298,16,6,5,True,10507,1,False,False,False,False,0.4898979663848877,3.0,0.6216108202934265,9,1964
9298,17,2,9,True,10507,1,False,False,False,False,0.2828426957130432,2.0,0.3588871657848358,4,4369
9298,18,5,6,True,10507,1,False,False,False,False,0.44721361994743347,2.0,0.6884766221046448,7,10202
9298,19,5,6,True,10507,1,False,False,False,False,0.20000001788139343,1.0,0.6016644239425659,6,9927
9298,20,7,4,True,10507,2,False,False,False,False,0.19999998807907104,1.0,0.6023288369178772,8,6324
9298,21,3,8,True,10507,3,False,False,False,False,0.19999998807907104,1.0,0.2986636757850647,4,430
9298,22,6,5,True,10507,1,False,False,False,False,0.20000001788139343,1.0,0.6406247019767761,7,1952
9298,23,3,8,False,1,1,True,False,False,False,1.1313707828521729,7.0,1.1319010257720947,10,26
9298,24,1,10,False,10469,117,True,True,True,True,0.0,0.0,0.019999980926513672,1,9570
9298,25,5,6,True,10507,1,False,False,False,False,0.19999998807907104,1.0,0.29999998211860657,6,4134
9298,26,4,7,True,10507,23,False,True,True,True,0.0,0.0,0.4214261770248413,4,5594
9298,27,7,4,True,10507,1,False,False,False,False,0.3464101552963257,3.0,0.6654322147369385,10,6854
9298,28,1,10,False,25,1,True,False,False,False,1.1489125490188599,8.0,1.149086594581604,9,7928
9298,29,3,8,True,10507,1,False,False,False,False,0.2828426957130432,2.0,0.5071489214897156,5,4516
9298,30,9,2,True,10507,1,False,True,True,True,0.0,0.0,0.7613146305084229,9,6251
9298,31,7,4,True,10507,1,False,False,False,False,0.4000000059604645,1.0,0.7285602688789368,8,9927
5808,0,9,2,True,10507,1,False,True,True,True,0.0,0.0,0.6095900535583496,9,8974
5808,1,7,4,True,10507,1,False,False,False,False,0.19999998807907104,1.0,0.6023288369178772,8,3129
5808,2,4,7,True,10507,1,False,False,False,False,0.19999998807907104,1.0,0.3709447383880615,5,4082
5808,3,6,5,True,10507,1,False,False,False,False,0.19999998807907104,1.0,0.6019967198371887,7,9359
5808,4,7,4,True,10507,1,False,False,False,False,0.3464101552963257,3.0,0.5610703825950623,10,5793
5808,5,6,5,True,10507,1,False,False,False,False,0.2828426957130432,2.0,0.5238320231437683,8,9359
5808,6,10,1,True,10507,1,False,False,False,False,0.19999998807907104,1.0,0.5329164862632751,11,8039
5808,7,10,1,True,10507,2,False,False,False,False,0.19999998807907104,1.0,0.7668116092681885,11,3318
5808,8,9,2,True,10507,1,False,True,True,True,0.0,0.0,0.7922120690345764,9,8039
5808,9,4,7,True,10507,1,False,False,False,False,0.19999998807907104,1.0,0.6645299196243286,5,5824
5808,10,10,1,True,10507,1,False,False,False,False,0.19999998807907104,1.0,0.846167802810669,11,4842
5808,11,8,3,True,10507,1,False,True,True,True,0.0,0.0,0.6474565863609314,8,1964
5808,12,11,0,True,10507,1,False,,,,,,0.7927168607711792,11,8039
5808,13,6,5,True,10507,1,False,False,False,False,0.19999998807907104,1.0,0.531413197517395,7,1964
5808,14,4,7,True,10507,1,False,False,False,False,0.2828426957130432,2.0,0.5528110265731812,6,7278
5808,15,1,10,False,1,1,True,False,False,False,1.4560219049453735,10.0,1.4561593532562256,11,53
5808,16,9,2,True,10507,1,False,True,True,True,0.0,0.0,0.6095900535583496,9,8974
5808,17,8,3,True,10507,1,False,False,False,False,0.4472135901451111,2.0,0.6286493539810181,10,8039
5808,18,11,0,True,10507,1,False,,,,,,0.7927168607711792,11,8039
5808,19,6,5,True,10507,1,False,False,False,False,0.19999998807907104,1.0,0.4841487407684326,7,1964
5808,20,5,6,True,10507,1,False,False,False,False,0.3464101552963257,3.0,0.5603570342063904,8,5057
5808,21,5,6,True,10507,1,False,False,False,False,0.20000001788139343,1.0,0.5603570342063904,6,8974
5808,22,8,3,True,10507,1,False,False,False,False,0.44721361994743347,2.0,0.665732741355896,10,8039
5808,23,11,0,True,10507,1,False,,,,,,0.7927168607711792,11,8039
5808,24,11,0,True,10507,1,False,,,,,,0.7927168607711792,11,8039
5808,25,2,9,False,24,1,True,False,False,False,0.5656853914260864,5.0,0.5663920640945435,7,2238
5808,26,8,3,True,10507,1,False,False,False,False,0.2828426957130432,2.0,0.634980320930481,10,9359
5808,27,5,6,True,10507,1,False,False,False,False,0.19999998807907104,1.0,0.4669046998023987,6,4142
5808,28,10,1,True,10507,2,False,True,True,True,0.0,0.0,0.7402702569961548,10,3318
5808,29,4,7,True,10507,1,False,False,False,False,0.4000000059604645,4.0,0.65848308801651,8,8029
5808,30,11,0,True,10507,1,False,,,,,,0.7927168607711792,11,8039
5808,31,11,0,True,10507,1,False,,,,,,0.7927168607711792,11,8039
965,0,1,10,False,53,2,True,False,False,False,0.20000001788139343,1.0,0.20099753141403198,2,4245
965,1,5,6,True,10507,1,False,False,False,False,0.19999998807907104,1.0,0.6648308634757996,6,7130
965,2,9,2,True,10507,1,False,True,True,True,0.0,0.0,0.6095900535583496,9,9359
965,3,10,1,True,10507,1,False,True,True,True,0.0,0.0,0.7402702569961548,10,9359
965,4,6,5,True,10507,1,False,False,False,False,0.20000001788139343,1.0,0.5607138872146606,7,7358
965,5,3,8,False,7,1,True,False,False,False,0.19999998807907104,1.0,0.20297782123088837,4,8842
965,6,11,0,True,10507,1,False,,,,,,0.7927168607711792,11,8039
965,7,5,6,True,10507,1,False,False,False,False,0.4000000059604645,1.0,0.6942622661590576,6,9927
965,8,8,3,True,10507,1,False,False,False,False,0.4000000059604645,1.0,0.634980320930481,9,7246
965,9,1,10,False,25,1,True,False,False,False,1.0,8.0,1.0002000331878662,9,7928
965,10,1,10,False,3,1,True,False,False,False,1.039230465888977,8.0,1.039422869682312,9,8974
965,11,5,6,True,10507,1,False,False,False,False,0.632455587387085,4.0,0.7056911587715149,9,8039
965,12,6,5,True,10507,1,False,False,False,False,0.4898979663848877,3.0,0.6216108202934265,9,8039
965,13,4,7,True,10507,1,False,False,False,False,0.2828426957130432,2.0,0.5946427583694458,6,5823
965,14,5,6,True,10507,1,False,False,False,False,0.3464101552963257,3.0,0.6276941895484924,8,1955
965,15,3,8,True,10507,12,False,True,True,True,0.0,0.0,0.2218107283115387,3,10288
965,16,5,6,True,10507,1,False,False,False,False,0.19999998807907104,1.0,0.5603570342063904,6,5973
965,17,2,9,False,2,1,True,False,False,False,1.039230465888977,8.0,1.039615273475647,10,8974
965,18,9,2,True,10507,2,False,False,False,False,0.4472135901451111,2.0,0.836421012878418,11,9359
965,19,11,0,True,10507,1,False,,,,,,0.7927168607711792,11,8039
965,20,1,10,False,53,2,True,False,False,False,0.20000001788139343,1.0,0.20099753141403198,2,369
965,21,1,10,False,576,2,True,False,False,False,0.19999998807907104,1.0,0.2009975016117096,2,7714
965,22,5,6,True,10507,1,False,False,False,False,0.19999998807907104,1.0,0.43127715587615967,6,9619
965,23,5,6,True,10507,1,False,False,False,False,0.19999998807907104,1.0,0.43127715587615967,6,7237
965,24,8,3,True,10507,1,False,False,False,False,0.20000001788139343,1.0,0.7662897706031799,9,1964
965,25,8,3,True,10507,1,False,False,False,False,0.4000000059604645,1.0,0.595986545085907,9,8039
965,26,3,8,True,10507,1,False,False,False,False,0.3464101552963257,3.0,0.6270565986633301,6,924
965,27,8,3,True,10507,1,False,True,True,True,0.0,0.0,0.6474565863609314,8,1949
965,28,11,0,True,10507,1,False,,,,,,0.7927168607711792,11,8039
965,29,2,9,False,220,22,True,True,True,True,0.0,0.0,0.02828427590429783,2,4221
965,30,5,6,True,10507,3,False,False,False,False,0.19999998807907104,1.0,0.6016643643379211,6,1948
965,31,10,1,True,10507,2,False,False,False,False,0.19999998807907104,1.0,0.7668116092681885,11,3318
2380,0,3,8,True,10507,1,False,False,False,False,0.4472135901451111,5.0,0.6878952980041504,8,7185
2380,1,5,6,True,10507,6,False,True,True,True,0.0,0.0,0.382099449634552,5,6356
2380,2,10,1,True,10507,1,False,False,False,False,0.19999998807907104,1.0,0.846167802810669,11,4842
2380,3,8,3,True,10507,1,False,False,False,False,0.4000000059604645,1.0,0.8409518599510193,9,9927
2380,4,10,1,True,10507,1,False,True,True,True,0.0,0.0,0.4939635396003723,10,8039
2380,5,10,1,True,10507,1,False,True,True,True,0.0,0.0,0.8221921920776367,10,7246
2380,6,1,10,False,53,2,True,False,False,False,0.20000001788139343,1.0,0.20099753141403198,2,4245
2380,7,5,6,True,10507,6,False,True,True,True,0.0,0.0,0.382099449634552,5,9618
2380,8,4,7,True,10507,1,False,False,False,False,0.3464101552963257,3.0,0.5878775715827942,7,7233
2380,9,7,4,True,10507,5,False,False,False,False,0.4000000059604645,1.0,0.6593936681747437,8,2956
2380,10,7,4,True,10507,1,False,False,False,False,0.19999998807907104,1.0,0.8641759157180786,8,9938
2380,11,8,3,True,10507,1,False,False,False,False,0.2828426957130432,2.0,0.7919596433639526,10,2659
2380,12,8,3,True,10507,1,False,True,True,True,0.0,0.0,0.7919595837593079,8,2157
2380,13,9,2,True,10507,1,False,False,False,False,0.19999998807907104,1.0,0.6779381036758423,10,1964
2380,14,4,7,True,10507,1,False,False,False,False,0.2828426957130432,2.0,0.42142611742019653,6,1309
2380,15,2,9,False,52,2,True,False,False,False,0.20000001788139343,1.0,0.20199011266231537,3,4245
2380,16,1,10,False,576,2,True,False,False,False,0.19999998807907104,1.0,0.2009975016117096,2,8000
2380,17,3,8,False,1,1,True,False,False,False,1.095445156097412,7.0,1.0959926843643188,10,26
2380,18,8,3,True,10507,1,False,False,False,False,0.2828426957130432,2.0,0.634980320930481,10,3318
2380,19,9,2,True,10507,1,False,True,True,True,0.0,0.0,0.8219488859176636,9,7246
2380,20,10,1,True,10507,1,False,True,True,True,0.0,0.0,0.7402702569961548,10,9359
2380,21,7,4,True,10507,6,False,False,False,False,0.2828426957130432,2.0,0.5956509113311768,9,9217
2380,22,9,2,True,10507,1,False,False,False,False,0.20000001788139343,1.0,0.8459314703941345,10,7246
2380,23,2,9,True,10507,2,False,True,True,True,0.0,0.0,0.3111269772052765,2,5308
2380,24,2,9,True,10507,1,False,False,False,False,0.19999998807907104,1.0,0.4656178653240204,3,7130
2380,25,11,0,True,10507,1,False,,,,,,0.7927168607711792,11,8039
2380,26,10,1,True,10507,1,False,True,True,True,0.0,0.0,0.7924644947052002,10,8039
2380,27,5,6,True,10507,1,False,False,False,False,0.5656854510307312,2.0,0.6465292572975159,7,10017
2380,28,3,8,True,10507,1,False,False,False,False,0.44721361994743347,2.0,0.5451605319976807,5,7584
2380,29,11,0,True,10507,1,False,,,,,,0.7927168607711792,11,8039
2380,30,6,5,True,10507,2,False,False,False,False,0.2828426957130432,2.0,0.4758150577545166,8,1117
2380,31,9,2,True,10507,1,False,True,True,True,0.0,0.0,0.7613146305084229,9,6251
4719,0,6,5,True,10507,1,False,False,False,False,0.3999999761581421,4.0,0.6945502161979675,10,2171
4719,1,9,2,True,10507,2,False,True,True,True,0.0,0.0,0.7400000095367432,9,9359
4719,2,6,5,True,10507,1,False,True,True,True,0.0,0.0,0.6711184978485107,6,8442
4719,3,2,9,False,25,1,True,False,False,False,0.4898979365825653,3.0,0.4907137453556061,5,7809
4719,4,5,6,True,10507,1,False,False,False,False,0.6000000238418579,3.0,0.7113367915153503,8,7264
4719,5,6,5,True,10507,4,False,False,False,False,0.19999998807907104,1.0,0.5607138276100159,7,9694
4719,6,10,1,True,10507,1,False,False,False,False,0.19999998807907104,1.0,0.5329164862632751,11,8039
4719,7,3,8,True,10507,2,False,True,True,True,0.0,0.0,0.5226854085922241,3,6061
4719,8,8,3,True,10507,1,False,False,False,False,0.4000000059604645,1.0,0.8313844203948975,9,6251
4719,9,10,1,True,10507,1,False,False,False,False,0.19999998807907104,1.0,0.846167802810669,11,4842
4719,10,1,10,False,53,1,True,False,False,False,0.4472135901451111,2.0,0.4476605951786041,3,6455
4719,11,4,7,True,10507,3,False,False,False,False,0.19999998807907104,1.0,0.5153639912605286,5,5794
4719,12,5,6,True,10507,1,False,False,False,False,0.3464101552963257,3.0,0.515751838684082,8,2659
4719,13,2,9,False,1,1,True,False,False,False,1.1661903858184814,9.0,1.166533350944519,11,53
4719,14,7,4,True,10507,1,False,False,False,False,0.2828426957130432,2.0,0.7285602688789368,9,250
4719,15,7,4,True,10507,1,False,False,False,False,0.2828426957130432,2.0,0.7607890963554382,9,6854
4719,16,9,2,True,10507,1,False,False,False,False,0.2828426957130432,2.0,0.5688585042953491,11,4065
4719,17,5,6,False,1,1,True,False,False,False,0.8485282063484192,6.0,0.8497058749198914,11,26
4719,18,1,10,False,3,1,True,False,False,False,0.8000000715255737,7.0,0.8002500534057617,8,8974
4719,19,1,10,False,10469,37,True,True,True,True,0.0,0.0,0.019999980926513672,1,1784
4719,20,9,2,True,10507,2,False,False,False,False,0.19999998807907104,1.0,0.7665507793426514,10,9359
4719,21,4,7,True,10507,2,False,False,False,False,0.3464101552963257,3.0,0.7222188115119934,7,7767
4719,22,3,8,False,1,1,True,False,False,False,1.0,8.0,1.00059974193573,11,53
4719,23,5,6,True,10507,1,False,False,False,False,0.44721361994743347,2.0,0.6884766221046448,7,8029
4719,24,3,8,True,10507,1,False,False,False,False,0.2828426957130432,2.0,0.6936858296394348,5,7185
4719,25,7,4,True,10507,1,False,False,False,False,0.5291502475738525,4.0,0.6890572905540466,11,4842
4719,26,3,8,False,1,1,True,False,False,False,1.0,8.0,1.00059974193573,11,53
4719,27,6,5,True,10507,2,False,False,False,False,0.3464101552963257,3.0,0.722772479057312,9,10058
4719,28,8,3,True,10507,1,False,False,False,False,0.2828426957130432,2.0,0.5245950818061829,10,8039
4719,29,1,10,False,10419,37,True,True,True,True,0.0,0.0,0.019999980926513672,1,1445
4719,30,8,3,True,10507,1,False,False,False,False,0.19999998807907104,1.0,0.5321653485298157,9,8039
4719,31,7,4,True,10507,1,False,False,False,False,0.44721361994743347,2.0,0.7555131316184998,9,3318
4646,0,1,10,False,576,11,True,True,True,True,0.0,0.0,0.019999995827674866,1,9579
4646,1,7,4,True,10507,2,False,False,False,False,0.19999998807907104,1.0,0.6409368515014648,8,3318
4646,2,10,1,True,10507,1,False,True,True,True,0.0,0.0,0.761577308177948,10,6251
4646,3,5,6,True,10507,2,False,False,False,False,0.2828426957130432,2.0,0.7280110120773315,7,5804
4646,4,2,9,False,1,1,True,False,False,False,1.1489125490188599,8.0,1.1492606401443481,10,53
4646,5,5,6,True,10507,1,False,True,True,True,0.0,0.0,0.4753945767879486,5,3947
4646,6,1,10,False,10419,6,True,True,True,True,0.0,0.0,0.019999980926513672,1,3238
4646,7,3,8,True,10507,1,False,False,False,False,0.2828426957130432,2.0,0.3594440221786499,5,7795
4646,8,5,6,True,10507,3,False,False,False,False,0.2828426957130432,2.0,0.5531727075576782,7,6970
4646,9,1,10,False,10469,6,True,True,True,True,0.0,0.0,0.019999980926513672,1,4948
4646,10,3,8,True,10507,1,False,False,False,False,0.19999998807907104,1.0,0.4303486943244934,4,984
4646,11,6,5,True,10507,1,False,False,False,False,0.19999998807907104,1.0,0.37202149629592896,7,696
4646,12,4,7,True,10507,1,False,False,False,False,0.3464101552963257,3.0,0.5153639316558838,7,9873
4646,13,10,1,True,10507,1,False,True,True,True,0.0,0.0,0.7924644947052002,10,8039
4646,14,3,8,False,2,1,True,False,False,False,0.4898979067802429,3.0,0.4911211431026459,6,4142
4646,15,11,0,True,10507,1,False,,,,,,0.7927168607711792,11,8039
4646,16,3,8,False,1,1,True,False,False,False,0.9165151715278625,6.0,0.9171696305274963,9,6251
4646,17,3,8,False,220,1,True,False,False,False,0.19999998807907104,1.0,0.20297782123088837,4,5227
4646,18,7,4,True,10507,2,False,False,False,False,0.2828426957130432,2.0,0.5242136716842651,9,7045
4646,19,8,3,True,10507,1,False,False,False,False,0.40000003576278687,1.0,0.8597674369812012,9,6251
4646,20,6,5,True,10507,1,False,False,False,False,0.19999998807907104,1.0,0.4317406415939331,7,6416
4646,21,10,1,True,10507,1,False,False,False,False,0.19999998807907104,1.0,0.8461678624153137,11,7246
4646,22,11,0,True,10507,1,False,,,,,,0.7927168607711792,11,8039
4646,23,9,2,True,10507,1,False,False,False,False,0.19999998807907104,1.0,0.6415606141090393,10,9359
4646,24,11,0,True,10507,1,False,,,,,,0.7927168607711792,11,8039
4646,25,3,8,True,10507,1,False,False,False,False,0.3999999761581421,4.0,0.6581792831420898,7,785
4646,26,6,5,True,10507,1,False,False,False,False,0.5656854510307312,2.0,0.6829348802566528,8,6251
4646,27,1,10,False,10419,6,True,True,True,True,0.0,0.0,0.019999980926513672,1,3238
4646,28,1,10,False,10469,6,True,True,True,True,0.0,0.0,0.019999980926513672,1,3238
4646,29,11,0,True,10507,1,False,,,,,,0.7927168607711792,11,8039
4646,30,11,0,True,10507,1,False,,,,,,0.7927168607711792,11,8039
4646,31,7,4,True,10507,1,False,False,False,False,0.4898979365825653,3.0,0.7815369367599487,10,4810
5715,0,2,9,False,220,2,True,True,True,True,0.0,0.0,0.02828427590429783,2,8239
5715,1,6,5,True,10507,1,False,False,False,False,0.3464101552963257,3.0,0.6651315689086914,9,1964
5715,2,3,8,False,1,1,True,False,False,False,1.3856406211853027,8.0,1.3860735893249512,11,53
5715,3,2,9,False,510,1,True,False,False,False,0.19999998807907104,1.0,0.20199008285999298,3,8098
5715,4,11,0,True,10507,1,False,,,,,,0.7927168607711792,11,8039
5715,5,10,1,True,10507,1,False,True,True,True,0.0,0.0,0.7402702569961548,10,9359
5715,6,2,9,True,10507,5,False,True,True,True,0.0,0.0,0.4741308093070984,2,9683
5715,7,7,4,True,10507,1,False,False,False,False,0.2828426957130432,2.0,0.634665310382843,9,3318
5715,8,11,0,True,10507,1,False,,,,,,0.7927168607711792,11,8039
5715,9,1,10,False,3,1,True,False,False,False,0.7211102843284607,7.0,0.7213875651359558,8,8974
5715,10,10,1,True,10507,1,False,True,True,True,0.0,0.0,0.761577308177948,10,6251
5715,11,3,8,True,10507,5,False,True,True,True,0.0,0.0,0.4745524227619171,3,6522
5715,12,1,10,False,3,1,True,False,False,False,0.7211102843284607,7.0,0.7213875651359558,8,8974
5715,13,7,4,True,10507,2,False,True,True,True,0.0,0.0,0.7394592761993408,7,3318
5715,14,7,4,True,10507,1,False,False,False,False,0.20000001788139343,1.0,0.755513072013855,8,6251
5715,15,3,8,False,25,1,True,False,False,False,0.3464101552963257,3.0,0.34813788533210754,6,4142
5715,16,5,6,True,10507,1,False,False,False,False,0.3464101552963257,3.0,0.6276941895484924,8,3318
5715,17,5,6,True,10507,1,False,False,False,False,0.3464101552963257,3.0,0.5157518982887268,8,9619
5715,18,7,4,True,10507,1,False,False,False,False,0.20000001788139343,1.0,0.48456165194511414,8,8039
5715,19,8,3,True,10507,1,False,False,False,False,0.2828426957130432,2.0,0.7288347482681274,10,9359
5715,20,4,7,False,1,1,True,False,False,False,0.5999999642372131,6.0,0.601331889629364,10,8974
5715,21,5,6,True,10507,1,False,False,False,False,0.44721361994743347,2.0,0.5882176756858826,7,8039
5715,22,5,6,True,10507,1,False,False,False,False,0.3464101552963257,3.0,0.4669046998023987,8,9359
5715,23,1,10,False,5,1,True,False,False,False,0.7211102843284607,7.0,0.7213875651359558,8,8974
5715,24,4,7,True,10507,1,False,False,False,False,0.3464101552963257,3.0,0.5153639316558838,7,9096
5715,25,4,7,True,10507,1,False,False,False,False,0.2828426957130432,2.0,0.50754314661026,6,422
5715,26,10,1,True,10507,1,False,False,False,False,0.3999999761581421,1.0,0.6723094582557678,11,4065
5715,27,8,3,True,10507,2,False,False,False,False,0.2828426957130432,2.0,0.7288347482681274,10,7882
5715,28,7,4,True,10507,1,False,False,False,False,0.2828427255153656,2.0,0.5242136716842651,9,8039
5715,29,11,0,True,10507,1,False,,,,,,0.7927168607711792,11,8039
5715,30,8,3,True,10507,1,False,False,False,False,0.2828427255153656,2.0,0.4766550064086914,10,8039
5715,31,8,3,True,10507,1,False,False,False,False,0.4898979365825653,3.0,0.6596969366073608,11,4065
8622,0,4,7,False,3,1,True,False,False,False,0.19999998807907104,1.0,0.20396076142787933,5,418
8622,1,8,3,True,10507,1,False,False,False,False,0.20000001788139343,1.0,0.7662897706031799,9,1964
8622,2,8,3,True,10507,1,False,False,False,False,0.4000000059604645,1.0,0.595986545085907,9,8039
8622,3,4,7,False,1,1,True,False,False,False,0.9797958731651306,7.0,0.98061203956604,11,53
8622,4,3,8,True,10507,2,False,True,True,True,0.0,0.0,0.31176915764808655,3,9740
8622,5,2,9,True,10507,5,False,False,False,False,0.4000000059604645,4.0,0.5803447365760803,6,4516
8622,6,6,5,True,10507,1,False,False,False,False,0.5656853914260864,5.0,0.6829348206520081,11,4842
8622,7,2,9,False,25,6,True,False,False,False,0.2828426957130432,2.0,0.28425341844558716,4,9108
8622,8,7,4,True,10507,1,False,False,False,False,0.19999998807907104,1.0,0.6409368515014648,8,9359
8622,9,10,1,True,10507,2,False,True,True,True,0.0,0.0,0.7402702569961548,10,3318
8622,10,2,9,False,1,1,True,False,False,False,1.2961480617523193,9.0,1.2964566946029663,11,53
8622,11,6,5,True,10507,1,False,False,False,False,0.2828426957130432,2.0,0.4223741888999939,8,9513
8622,12,2,9,False,510,2,True,False,False,False,0.19999998807907104,1.0,0.20199008285999298,3,8000
8622,13,3,8,True,10507,3,False,False,False,False,0.19999998807907104,1.0,0.3704051673412323,4,8357
8622,14,10,1,True,10507,2,False,False,False,False,0.19999998807907104,1.0,0.7668116092681885,11,3318
8622,15,9,2,True,10507,1,False,False,False,False,0.20000001788139343,1.0,0.8170679211616516,10,7246
8622,16,4,7,True,10507,1,False,False,False,False,0.19999998807907104,1.0,0.5600000023841858,5,6062
8622,17,6,5,True,10507,1,False,False,False,False,0.19999998807907104,1.0,0.531413197517395,7,1964
8622,18,4,7,True,10507,3,False,True,True,True,0.0,0.0,0.5230678915977478,4,4909
8622,19,7,4,True,10507,1,False,True,True,True,0.0,0.0,0.5681549310684204,7,9359
8622,20,8,3,True,10507,2,False,False,False,False,0.19999998807907104,1.0,0.6412488222122192,9,3318
8622,21,11,0,True,10507,1,False,,,,,,0.7927168607711792,11,8039
8622,22,4,7,True,10507,1,False,False,False,False,0.44721361994743347,2.0,0.6881860494613647,6,295
8622,23,6,5,True,10507,1,False,True,True,True,0.0,0.0,0.5678027868270874,6,9186
8622,24,7,4,True,10507,1,False,False,False,False,0.3464101552963257,3.0,0.7555131316184998,10,6854
8622,25,2,9,True,10507,1,False,False,False,False,0.19999998807907104,1.0,0.4656178653240204,3,7130
8622,26,11,0,True,10507,1,False,,,,,,0.7927168607711792,11,8039
8622,27,10,1,True,10507,1,False,True,True,True,0.0,0.0,0.4939635396003723,10,8039
8622,28,4,7,False,1,1,True,False,False,False,0.9591662883758545,6.0,0.9600000381469727,10,6251
8622,29,11,0,True,10507,1,False,,,,,,0.7927168607711792,11,8039
8622,30,3,8,False,2,1,True,False,False,False,0.8485281467437744,7.0,0.8492349982261658,10,8974
8622,31,10,1,True,10507,1,False,True,True,True,0.0,0.0,0.7924644947052002,10,8039
4217,0,5,6,True,10507,1,False,False,False,False,0.2828426957130432,2.0,0.5674504637718201,7,4284
4217,1,5,6,True,10507,1,False,False,False,False,0.4898979663848877,3.0,0.7496666312217712,8,2659
4217,2,9,2,True,10507,1,False,False,False,False,0.2828426957130432,2.0,0.8411896228790283,11,4842
4217,3,1,10,False,25,1,True,False,False,False,0.9797959327697754,7.0,0.9800000190734863,8,7928
4217,4,8,3,True,10507,1,False,False,False,False,0.19999998807907104,1.0,0.6776430010795593,9,5793
4217,5,6,5,True,10507,2,False,False,False,False,0.3999999761581421,1.0,0.5535340905189514,7,5398
4217,6,11,0,True,10507,1,False,,,,,,0.7927168607711792,11,8039
4217,7,4,7,True,10507,8,False,False,False,False,0.19999998807907104,1.0,0.3709447383880615,5,4758
4217,8,9,2,True,10507,1,False,True,True,True,0.0,0.0,0.7613146305084229,9,6251
4217,9,7,4,True,10507,4,False,True,True,True,0.0,0.0,0.5242137312889099,7,5707
4217,10,11,0,True,10507,1,False,,,,,,0.7927168607711792,11,8039
4217,11,5,6,True,10507,1,False,True,True,True,0.0,0.0,0.44045430421829224,5,1952
4217,12,9,2,True,10507,2,False,True,True,True,0.0,0.0,0.7400000095367432,9,3318
4217,13,5,6,True,10507,1,False,True,True,True,0.0,0.0,0.382099449634552,5,6062
4217,14,2,9,False,4,1,True,False,False,False,1.0198038816452026,6.0,1.0201960802078247,8,6251
4217,15,3,8,True,10507,1,False,True,True,True,0.0,0.0,0.4745524525642395,3,8449
4217,16,7,4,True,10507,1,False,True,True,True,0.0,0.0,0.7607890367507935,7,10017
4217,17,8,3,True,10507,1,False,False,False,False,0.44721361994743347,2.0,0.6286493539810181,10,8039
4217,18,6,5,True,10507,1,False,False,False,False,0.2828426957130432,2.0,0.5953150391578674,8,8931
4217,19,11,0,True,10507,1,False,,,,,,0.7927168607711792,11,8039
4217,20,4,7,False,1,1,True,False,False,False,1.1832159757614136,7.0,1.1838918924331665,11,26
4217,21,11,0,True,10507,1,False,,,,,,0.7927168607711792,11,8039
4217,22,2,9,False,2,1,True,False,False,False,1.0198038816452026,7.0,1.0201960802078247,9,8974
4217,23,6,5,True,10507,1,False,False,False,False,0.19999998807907104,1.0,0.6406247019767761,7,9938
4217,24,8,3,True,10507,1,False,False,False,False,0.4000000059604645,1.0,0.8409518599510193,9,1964
4217,25,2,9,False,10418,465,True,True,True,True,0.0,0.0,0.028284244239330292,2,1970
4217,26,10,1,True,10507,2,False,False,False,False,0.19999998807907104,1.0,0.7668116092681885,11,3318
4217,27,6,5,True,10507,1,False,False,False,False,0.19999998807907104,1.0,0.48414871096611023,7,9927
4217,28,6,5,True,10507,1,False,False,False,False,0.19999998807907104,1.0,0.5607138276100159,7,10067
4217,29,8,3,True,10507,2,False,False,False,False,0.19999998807907104,1.0,0.6412488222122192,9,9359
4217,30,5,6,True,10507,1,False,False,False,False,0.2828426957130432,2.0,0.6587868332862854,7,5625
4217,31,7,4,True,10507,1,False,False,False,False,0.4000000059604645,1.0,0.5956509113311768,8,8039
6748,0,3,8,True,10507,2,False,False,False,False,0.20000000298023224,1.0,0.5596427917480469,4,370
6748,1,7,4,True,10507,1,False,False,False,False,0.4000000059604645,1.0,0.634665310382843,8,4065
6748,2,9,2,True,10507,1,False,False,False,False,0.4000000059604645,1.0,0.6352952122688293,10,4065
6748,3,4,7,True,10507,2,False,True,True,True,0.0,0.0,0.38157567381858826,4,370
6748,4,7,4,True,10507,1,False,False,False,False,0.44721361994743347,2.0,0.8067218065261841,9,3318
6748,5,4,7,True,10507,1,False,False,False,False,0.4472135901451111,2.0,0.6881860494613647,6,3318
6748,6,6,5,True,10507,1,False,False,False,False,0.4898979663848877,3.0,0.7499334216117859,9,9359
6748,7,3,8,True,10507,1,False,False,False,False,0.5291502475738525,4.0,0.6141660809516907,7,4842
6748,8,9,2,True,10507,1,False,False,False,False,0.2828426957130432,2.0,0.6720119118690491,11,9359
6748,9,10,1,True,10507,2,False,False,False,False,0.19999998807907104,1.0,0.7668116688728333,11,9359
6748,10,3,8,True,10507,1,False,False,False,False,0.44721361994743347,2.0,0.49919936060905457,5,6251
6748,11,2,9,False,297,2,True,True,True,True,0.0,0.0,0.028284266591072083,2,6748
6748,12,9,2,True,10507,1,False,True,True,True,0.0,0.0,0.7613146305084229,9,6251
6748,13,2,9,False,1619,1,True,False,False,False,0.40000003576278687,1.0,0.4009987711906433,3,4082
6748,14,5,6,True,10507,1,False,False,False,False,0.4000000059604645,1.0,0.5531726479530334,6,4065
6748,15,10,1,True,10507,1,False,False,False,False,0.6000000238418579,1.0,0.7771744132041931,11,8039
6748,16,8,3,True,10507,2,False,True,True,True,0.0,0.0,0.7288346886634827,8,6251
6748,17,5,6,True,10507,1,False,False,False,False,0.2828426957130432,2.0,0.4753945469856262,7,9873
6748,18,5,6,True,10507,1,False,False,False,False,0.20000001788139343,1.0,0.43127715587615967,6,6251
6748,19,8,3,True,10507,1,False,False,False,False,0.19999998807907104,1.0,0.6412488222122192,9,3318
6748,20,7,4,True,10507,1,False,False,False,False,0.4472135901451111,2.0,0.6283311247825623,9,9873
6748,21,4,7,True,10507,1,False,False,False,False,0.4898979663848877,3.0,0.6209670305252075,7,9359
6748,22,11,0,True,10507,1,False,,,,,,0.7927168607711792,11,8039
6748,23,3,8,False,2,1,True,False,False,False,0.7483314871788025,5.0,0.7491328716278076,8,26
6748,24,6,5,True,10507,1,False,False,False,False,0.2828426957130432,2.0,0.5238320231437683,8,3318
6748,25,3,8,True,10507,1,False,False,False,False,0.2828427255153656,2.0,0.4745524227619171,5,6251
6748,26,9,2,True,10507,1,False,False,False,False,0.6000000238418579,1.0,0.7769169807434082,10,8039
6748,27,2,9,False,1,1,True,False,False,False,1.399999976158142,7.0,1.4002857208251953,9,53
6748,28,7,4,True,10507,1,False,False,False,False,0.4000000059604645,1.0,0.5538952946662903,8,4065
6748,29,1,10,False,1,1,True,False,False,False,1.4142135381698608,8.0,1.4143550395965576,9,53
6748,30,9,2,True,10507,1,False,False,False,False,0.4000000059604645,1.0,0.8316249251365662,10,8039
6748,31,6,5,True,10507,1,False,False,False,False,0.2828426957130432,2.0,0.6343501210212708,8,9359
8193,0,1,10,False,5,1,True,False,False,False,0.7483314871788025,5.0,0.7485987544059753,6,6251
8193,1,8,3,True,10507,1,False,False,False,False,0.2828426957130432,2.0,0.6717142462730408,10,3318
8193,2,1,10,False,10419,41,True,True,True,True,0.0,0.0,0.019999980926513672,1,4928
8193,3,8,3,True,10507,1,False,False,False,False,0.4000000059604645,1.0,0.634980320930481,9,4065
8193,4,11,0,True,10507,1,False,,,,,,0.7927168607711792,11,8039
8193,5,8,3,True,10507,1,False,False,False,False,0.5656854510307312,2.0,0.7177743315696716,10,8039
8193,6,11,0,True,10507,1,False,,,,,,0.7927168607711792,11,8039
8193,7,2,9,False,510,16,True,True,True,True,0.0,0.0,0.028284255415201187,2,7473
8193,8,11,0,True,10507,1,False,,,,,,0.7927168607711792,11,8039
8193,9,6,5,True,10507,1,False,False,False,False,0.2828427255153656,2.0,0.475815087556839,8,6251
8193,10,3,8,False,1,1,True,False,False,False,0.9380831718444824,5.0,0.938722550868988,8,26
8193,11,7,4,True,10507,1,False,False,False,False,0.19999998807907104,1.0,0.5317894220352173,8,7045
8193,12,6,5,True,10507,1,False,False,False,False,0.3464101552963257,3.0,0.7552483677864075,9,5824
8193,13,7,4,True,10507,1,False,False,False,False,0.44721361994743347,2.0,0.6654322147369385,9,4065
8193,14,7,4,True,10507,1,False,False,False,False,0.19999998807907104,1.0,0.5317894220352173,8,9873
8193,15,5,6,True,10507,2,False,False,False,False,0.4472135901451111,2.0,0.6884766221046448,7,3318
8193,16,1,10,False,1,1,True,False,False,False,1.4282857179641724,9.0,1.428425669670105,10,53
8193,17,6,5,True,10507,4,False,True,True,True,0.0,0.0,0.5678027868270874,6,2583
8193,18,3,8,True,10507,2,False,False,False,False,0.3464101552963257,3.0,0.6270566582679749,6,5278
8193,19,1,10,False,3,1,True,False,False,False,0.9165151715278625,7.0,0.9167333841323853,8,8974
8193,20,7,4,True,10507,1,False,False,False,False,0.3464101552963257,3.0,0.5610703825950623,10,4842
8193,21,8,3,True,10507,2,False,True,True,True,0.0,0.0,0.7397297024726868,8,3318
8193,22,2,9,False,2,2,True,False,False,False,0.4898979365825653,6.0,0.4907137155532837,8,7500
8193,23,2,9,True,10507,1,False,False,False,False,0.20000000298023224,1.0,0.3698648512363434,3,3284
8193,24,9,2,True,10507,1,False,False,False,False,0.20000000298023224,1.0,0.5758472084999084,10,4065
8193,25,11,0,True,10507,1,False,,,,,,0.7927168607711792,11,8039
8193,26,2,9,True,10507,1,False,True,True,True,0.0,0.0,0.3111270070075989,2,9619
8193,27,10,1,True,10507,1,False,True,True,True,0.0,0.0,0.7924644947052002,10,8039
8193,28,9,2,True,10507,1,False,False,False,False,0.4000000059604645,1.0,0.6352952122688293,10,4065
8193,29,10,1,True,10507,1,False,False,False,False,0.4000000059604645,1.0,0.6356099247932434,11,8039
8193,30,9,2,True,10507,1,False,True,True,True,0.0,0.0,0.7400000095367432,9,8974
8193,31,2,9,False,1,1,True,False,False,False,0.9591663479804993,6.0,0.9595832824707031,8,26
9716,0,1,10,False,26,3,True,False,False,False,0.2828426957130432,2.0,0.2835489511489868,3,720
9716,1,8,3,True,10507,1,False,True,True,True,0.0,0.0,0.49315309524536133,8,2157
9716,2,6,5,True,10507,1,False,True,True,True,0.0,0.0,0.5678027868270874,6,6062
9716,3,1,10,False,2983,51,True,True,True,True,0.0,0.0,0.019999995827674866,1,9376
9716,4,11,0,True,10507,1,False,,,,,,0.7927168607711792,11,8039
9716,5,7,4,True,10507,1,False,False,False,False,0.19999998807907104,1.0,0.48456165194511414,8,10017
9716,6,1,10,False,25,1,True,False,False,False,0.9797959327697754,7.0,0.9800000190734863,8,7928
9716,7,6,5,True,10507,3,False,True,True,True,0.0,0.0,0.38262251019477844,6,3745
9716,8,6,5,True,10507,1,False,False,False,False,0.19999998807907104,1.0,0.516139566898346,7,6315
9716,9,10,1,True,10507,2,False,True,True,True,0.0,0.0,0.7402702569961548,10,3318
9716,10,5,6,True,10507,2,False,False,False,False,0.19999998807907104,1.0,0.43127715587615967,6,7151
9716,11,4,7,False,1,1,True,False,False,False,0.8485281467437744,6.0,0.8494704365730286,10,26
9716,12,11,0,True,10507,1,False,,,,,,0.7927168607711792,11,8039
9716,13,1,10,False,5,1,True,False,False,False,0.9591663479804993,7.0,0.9593748450279236,8,8974
9716,14,10,1,True,10507,1,False,True,True,True,0.0,0.0,0.8221921920776367,10,7246
9716,15,6,5,True,10507,1,False,False,False,False,0.19999998807907104,1.0,0.516139566898346,7,2892
9716,16,7,4,True,10507,7,False,False,False,False,0.19999998807907104,1.0,0.561070442199707,8,5388
9716,17,4,7,True,10507,4,False,False,False,False,0.19999998807907104,1.0,0.5600000023841858,5,9272
9716,18,3,8,True,10507,1,False,False,False,False,0.2828426957130432,2.0,0.4745524227619171,5,9677
9716,19,8,3,True,10507,1,False,True,True,True,0.0,0.0,0.6092618703842163,8,8029
9716,20,10,1,True,10507,1,False,True,True,True,0.0,0.0,0.4939635396003723,10,8039
9716,21,8,3,True,10507,1,False,False,False,False,0.2828426957130432,2.0,0.6717142462730408,10,1964
9716,22,3,8,True,10507,3,False,False,False,False,0.19999998807907104,1.0,0.3704051673412323,4,8273
9716,23,6,5,True,10507,1,False,False,False,False,0.19999998807907104,1.0,0.8639444708824158,7,9938
9716,24,9,2,True,10507,1,False,False,False,False,0.19999998807907104,1.0,0.6415606141090393,10,3318
9716,25,9,2,True,10507,1,False,False,False,False,0.2828426957130432,2.0,0.7068238854408264,11,1964
9716,26,9,2,True,10507,1,False,False,False,False,0.40000003576278687,1.0,0.6352952122688293,10,8039
9716,27,6,5,True,10507,1,False,True,True,True,0.0,0.0,0.6086049675941467,6,9677
9716,28,5,6,True,10507,1,False,True,True,True,0.0,0.0,0.670820415019989,5,9665
9716,29,7,4,True,10507,1,False,False,False,False,0.20000001788139343,1.0,0.6023288369178772,8,3318
9716,30,10,1,True,10507,1,False,True,True,True,0.0,0.0,0.7402702569961548,10,3318
9716,31,7,4,True,10507,1,False,False,False,False,0.4000000059604645,1.0,0.8116649985313416,8,8029
1914,0,8,3,True,10507,1,False,False,False,False,0.20000001788139343,1.0,0.7343024611473083,9,8029
1914,1,3,8,False,2,1,True,False,False,False,0.7211102843284607,7.0,0.7219418883323669,10,8974
1914,2,4,7,True,10507,6,False,False,False,False,0.2828426957130432,2.0,0.5528110265731812,6,2563
1914,3,6,5,True,10507,1,False,False,False,False,0.2828426957130432,2.0,0.634350061416626,8,384
1914,4,2,9,False,1,1,True,False,False,False,1.1661903858184814,9.0,1.166533350944519,11,53
1914,5,2,9,False,220,3,True,False,False,False,0.19999998807907104,1.0,0.20199008285999298,3,5227
1914,6,2,9,False,1619,15,True,False,False,False,0.2828426957130432,2.0,0.28425338864326477,4,10061
1914,7,5,6,True,10507,1,False,False,False,False,0.4898979663848877,3.0,0.6212890148162842,8,2157
1914,8,2,9,True,10507,1,False,False,False,False,0.2828426957130432,2.0,0.42047590017318726,4,3104
1914,9,7,4,True,10507,1,False,False,False,False,0.2828426957130432,2.0,0.47623521089553833,9,10472
1914,10,1,10,False,26,1,True,False,False,False,0.3999999761581421,4.0,0.4004996716976166,5,7809
1914,11,6,5,True,10507,1,False,False,False,False,0.2828426957130432,2.0,0.5678027868270874,8,9873
1914,12,4,7,True,10507,3,False,False,False,False,0.2828426957130432,2.0,0.5528110265731812,6,353
1914,13,2,9,False,510,9,True,False,False,False,0.19999998807907104,1.0,0.20199008285999298,3,10021
1914,14,3,8,True,10507,1,False,True,True,True,0.0,0.0,0.31176915764808655,3,3301
1914,15,9,2,True,10507,1,False,False,False,False,0.2828426957130432,2.0,0.7613146901130676,11,9359
1914,16,9,2,True,10507,1,False,False,False,False,0.2828426957130432,2.0,0.5688585042953491,11,4065
1914,17,3,8,True,10507,1,False,False,False,False,0.4000000059604645,4.0,0.5524490475654602,7,428
1914,18,6,5,True,10507,2,False,True,True,True,0.0,0.0,0.38262251019477844,6,5994
1914,19,11,0,True,10507,1,False,,,,,,0.7927168607711792,11,8039
1914,20,2,9,True,10507,1,False,False,False,False,0.19999998807907104,1.0,0.4656178951263428,3,3016
1914,21,9,2,True,10507,2,False,False,False,False,0.19999998807907104,1.0,0.7345747351646423,10,6324
1914,22,3,8,True,10507,1,False,True,True,True,0.0,0.0,0.42095133662223816,3,3905
1914,23,5,6,True,10507,1,False,True,True,True,0.0,0.0,0.4753945767879486,5,2852
1914,24,4,7,True,10507,1,False,True,True,True,0.0,0.0,0.5670979022979736,4,2210
1914,25,8,3,True,10507,1,False,False,False,False,0.2828427255153656,2.0,0.4766550064086914,10,8039
1914,26,5,6,True,10507,1,False,False,False,False,0.2828426957130432,2.0,0.4753945767879486,7,3310
1914,27,7,4,True,10507,1,False,False,False,False,0.3464101552963257,3.0,0.5610703825950623,10,9873
1914,28,4,7,True,10507,1,False,True,True,True,0.0,0.0,0.5670979022979736,4,2210
1914,29,4,7,True,10507,1,False,True,True,True,0.0,0.0,0.22271056473255157,4,7966
1914,30,9,2,True,10507,1,False,False,False,False,0.2828426957130432,2.0,0.7613146901130676,11,9359
1914,31,10,1,True,10507,1,False,True,True,True,0.0,0.0,0.761577308177948,10,6251
3888,0,9,2,True,10507,1,False,False,False,False,0.19999998807907104,1.0,0.7345747351646423,10,8974
3888,1,1,10,False,25,1,True,False,False,False,0.3999999761581421,4.0,0.4004996716976166,5,7928
3888,2,1,10,False,53,1,True,False,False,False,0.5999999642372131,3.0,0.6003332138061523,4,405
3888,3,2,9,True,10507,3,False,False,False,False,0.19999998807907104,1.0,0.4656178951263428,3,3175
3888,4,9,2,True,10507,1,False,False,False,False,0.20000001788139343,1.0,0.5325410962104797,10,4065
3888,5,4,7,True,10507,1,False,False,False,False,0.19999998807907104,1.0,0.3709447383880615,5,6075
3888,6,5,6,True,10507,2,False,False,False,False,0.3464101552963257,3.0,0.6648308038711548,8,9359
3888,7,6,5,True,10507,2,False,False,False,False,0.2828426957130432,2.0,0.760526180267334,8,8029
3888,8,1,10,False,10419,11,True,True,True,True,0.0,0.0,0.019999980926513672,1,6928
3888,9,7,4,True,10507,1,False,False,False,False,0.44721361994743347,2.0,0.6283311247825623,9,4065
3888,10,7,4,True,10507,1,False,True,True,True,0.0,0.0,0.49274739623069763,7,4065
3888,11,1,10,False,26,1,True,False,False,False,0.4472135603427887,2.0,0.44766056537628174,3,4142
3888,12,8,3,True,10507,1,False,False,False,False,0.4000000059604645,1.0,0.595986545085907,9,4065
3888,13,5,6,True,10507,1,False,False,False,False,0.19999998807907104,1.0,0.48373544216156006,6,7928
3888,14,3,8,True,10507,1,False,False,False,False,0.2828426957130432,2.0,0.3594440221786499,5,6029
3888,15,1,10,False,1619,12,True,False,False,False,0.19999998807907104,1.0,0.2009975016117096,2,2223
3888,16,5,6,True,10507,5,False,True,True,True,0.0,0.0,0.4753945767879486,5,8319
3888,17,7,4,True,10507,1,False,False,False,False,0.19999998807907104,1.0,0.6023288369178772,8,8029
3888,18,9,2,True,10507,1,False,False,False,False,0.20000000298023224,1.0,0.5325410962104797,10,8039
3888,19,10,1,True,10507,1,False,False,False,False,0.20000001788139343,1.0,0.7874007821083069,11,8039
3888,20,7,4,True,10507,2,False,False,False,False,0.3464101552963257,3.0,0.6654321551322937,10,5054
3888,21,1,10,False,1619,12,True,False,False,False,0.19999998807907104,1.0,0.2009975016117096,2,3035
3888,22,4,7,True,10507,2,False,False,False,False,0.3464101552963257,3.0,0.5878775715827942,7,5625
3888,23,10,1,True,10507,2,False,True,True,True,0.0,0.0,0.7402702569961548,10,9359
3888,24,8,3,True,10507,2,False,False,False,False,0.2828426957130432,2.0,0.7610519528388977,10,8029
3888,25,8,3,True,10507,2,False,False,False,False,0.2828426957130432,2.0,0.7610519528388977,10,8029
3888,26,9,2,True,10507,1,False,False,False,False,0.20000001788139343,1.0,0.6415606141090393,10,3318
3888,27,5,6,True,10507,1,False,False,False,False,0.3464101552963257,3.0,0.4669046700000763,8,9873
3888,28,9,2,True,10507,1,False,True,True,True,0.0,0.0,0.5399999618530273,9,4065
3888,29,7,4,True,10507,2,False,False,False,False,0.4472135901451111,2.0,0.6283311247825623,9,9873
3888,30,11,0,True,10507,1,False,,,,,,0.7927168607711792,11,8039
3888,31,6,5,True,10507,1,False,False,False,False,0.2828427255153656,2.0,0.475815087556839,8,4065
5247,0,7,4,True,10507,1,False,False,False,False,0.4472135603427887,2.0,0.6283311247825623,9,1022
5247,1,11,0,True,10507,1,False,,,,,,0.7927168607711792,11,8039
5247,2,2,9,False,1,1,True,False,False,False,0.3464101552963257,3.0,0.3475629389286041,5,6315
5247,3,6,5,True,10507,2,False,False,False,False,0.19999998807907104,1.0,0.4317406415939331,7,9497
5247,4,4,7,True,10507,2,False,False,False,False,0.19999998807907104,1.0,0.5153639912605286,5,9937
5247,5,4,7,True,10507,1,False,True,True,True,0.0,0.0,0.31240999698638916,4,8278
5247,6,1,10,False,25,1,True,False,False,False,0.8717797994613647,8.0,0.8720092177391052,9,7928
5247,7,9,2,True,10507,1,False,False,False,False,0.4472135901451111,2.0,0.6660330295562744,11,4065
5247,8,11,0,True,10507,1,False,,,,,,0.7927168607711792,11,8039
5247,9,6,5,True,10507,1,False,False,False,False,0.19999998807907104,1.0,0.6406247019767761,7,9938
5247,10,10,1,True,10507,1,False,True,True,True,0.0,0.0,0.7720103859901428,10,1964
5247,11,7,4,True,10507,1,False,False,False,False,0.19999998807907104,1.0,0.48456165194511414,8,3318
5247,12,5,6,True,10507,2,False,False,False,False,0.3464101552963257,3.0,0.5458937883377075,8,5625
5247,13,3,8,True,10507,2,False,False,False,False,0.19999998807907104,1.0,0.3704051673412323,4,8471
5247,14,9,2,True,10507,1,False,False,False,False,0.4472135901451111,2.0,0.6660330295562744,11,4065
5247,15,7,4,True,10507,1,False,False,False,False,0.4898979663848877,3.0,0.7815369367599487,10,5793
5247,16,4,7,True,10507,2,False,False,False,False,0.19999998807907104,1.0,0.6645299196243286,5,490
5247,17,9,2,True,10507,1,False,False,False,False,0.19999998807907104,1.0,0.6779381036758423,10,1964
5247,18,7,4,True,10507,2,False,False,False,False,0.2828427255153656,2.0,0.5956509709358215,9,3318
5247,19,4,7,True,10507,1,False,False,False,False,0.19999998807907104,1.0,0.5153639912605286,5,490
5247,20,4,7,True,10507,4,False,False,False,False,0.19999998807907104,1.0,0.3709447383880615,5,8434
5247,21,4,7,False,3,2,True,False,False,False,0.19999998807907104,1.0,0.20396076142787933,5,423
5247,22,10,1,True,10507,2,False,False,False,False,0.19999998807907104,1.0,0.7668116688728333,11,9359
5247,23,2,9,False,4,1,True,False,False,False,0.9165151715278625,7.0,0.9169514775276184,9,6251
5247,24,11,0,True,10507,1,False,,,,,,0.7927168607711792,11,8039
5247,25,6,5,True,10507,1,False,False,False,False,0.4898979663848877,3.0,0.6216108202934265,9,8039
5247,26,4,7,True,10507,1,False,False,False,False,0.20000001788139343,1.0,0.601331889629364,5,1949
5247,27,5,6,True,10507,2,False,True,True,True,0.0,0.0,0.382099449634552,5,3397
5247,28,9,2,True,10507,1,False,True,True,True,0.0,0.0,0.7400000095367432,9,9359
5247,29,11,0,True,10507,1,False,,,,,,0.7927168607711792,11,8039
5247,30,3,8,True,10507,2,False,False,False,False,0.19999998807907104,1.0,0.3704051673412323,4,8471
5247,31,5,6,True,10507,1,False,False,False,False,0.20000001788139343,1.0,0.48373547196388245,6,10017
4723,0,1,10,False,53,1,True,False,False,False,0.4898979365825653,3.0,0.49030601978302,4,7594
4723,1,8,3,True,10507,1,False,False,False,False,0.20000001788139343,1.0,0.7868925929069519,9,8039
4723,2,3,8,True,10507,1,False,False,False,False,0.2828426957130432,2.0,0.3594439923763275,5,3947
4723,3,7,4,True,10507,1,False,False,False,False,0.2828427255153656,2.0,0.5956509709358215,9,8974
4723,4,3,8,False,245,12,True,False,False,False,0.19999998807907104,1.0,0.20297782123088837,4,9522
4723,5,11,0,True,10507,1,False,,,,,,0.7927168607711792,11,8039
4723,6,2,9,True,10507,2,False,False,False,False,0.19999998807907104,1.0,0.2979932725429535,3,4937
4723,7,6,5,True,10507,1,False,False,False,False,0.3464101552963257,3.0,0.6651315689086914,9,9873
4723,8,5,6,True,10507,1,False,False,False,False,0.20000001788139343,1.0,0.43127718567848206,6,3459
4723,9,4,7,True,10507,1,False,False,False,False,0.2828426957130432,2.0,0.4749736785888672,6,5281
4723,10,5,6,True,10507,2,False,False,False,False,0.2828426957130432,2.0,0.4753945767879486,7,2222
4723,11,9,2,True,10507,1,False,False,False,False,0.19999998807907104,1.0,0.8459314703941345,10,7246
4723,12,1,10,False,10419,9,True,True,True,True,0.0,0.0,0.019999980926513672,1,4723
4723,13,7,4,True,10507,1,False,False,False,False,0.4898979663848877,3.0,0.6219324469566345,10,8039
4723,14,7,4,True,10507,1,False,True,True,True,0.0,0.0,0.7917070388793945,7,4284
4723,15,10,1,True,10507,1,False,True,True,True,0.0,0.0,0.7924644947052002,10,8039
4723,16,2,9,True,10507,2,False,False,False,False,0.19999998807907104,1.0,0.4656178951263428,3,3016
4723,17,4,7,True,10507,1,False,False,False,False,0.2828426957130432,2.0,0.42142611742019653,6,5054
4723,18,5,6,True,10507,1,False,False,False,False,0.19999998807907104,1.0,0.48373547196388245,6,2222
4723,19,10,1,True,10507,2,False,False,False,False,0.19999998807907104,1.0,0.7668116092681885,11,3318
4723,20,11,0,True,10507,1,False,,,,,,0.7927168607711792,11,8039
4723,21,3,8,True,10507,1,False,True,True,True,0.0,0.0,0.31176915764808655,3,6140
4723,22,4,7,True,10507,1,False,False,False,False,0.2828427255153656,2.0,0.5946427583694458,6,8029
4723,23,4,7,True,10507,1,False,False,False,False,0.20000001788139343,1.0,0.5600000619888306,5,8930
4723,24,4,7,True,10507,1,False,False,False,False,0.3464101552963257,3.0,0.5153639316558838,7,6075
4723,25,7,4,True,10507,1,False,False,False,False,0.19999998807907104,1.0,0.6773477792739868,8,9927
4723,26,3,8,True,10507,1,False,False,False,False,0.3464101552963257,3.0,0.5875372290611267,6,7156
4723,27,6,5,True,10507,1,False,False,False,False,0.3464101552963257,3.0,0.5607137680053711,9,10017
4723,28,11,0,True,10507,1,False,,,,,,0.7927168607711792,11,8039
4723,29,8,3,True,10507,3,False,False,False,False,0.20000001788139343,1.0,0.7343024611473083,9,8029
4723,30,9,2,True,10507,1,False,False,False,False,0.20000001788139343,1.0,0.7345747351646423,10,3318
4723,31,5,6,True,10507,1,False,False,False,False,0.2828427255153656,2.0,0.5949790477752686,7,8029
8808,0,10,1,True,10507,1,False,False,False,False,0.20000001788139343,1.0,0.7874007821083069,11,8039
8808,1,6,5,True,10507,2,False,False,False,False,0.3464101552963257,3.0,0.6280127763748169,9,9359
8808,2,8,3,True,10507,2,False,False,False,False,0.2828426957130432,2.0,0.634980320930481,10,3318
8808,3,5,6,True,10507,1,False,False,False,False,0.20000001788139343,1.0,0.48373547196388245,6,7246
8808,4,2,9,False,4,1,True,False,False,False,0.7211102843284607,7.0,0.7216647863388062,9,8974
8808,5,2,9,False,4,1,True,False,False,False,0.7211102843284607,7.0,0.7216647863388062,9,8974
8808,6,6,5,True,10507,1,False,True,True,True,0.0,0.0,0.38262251019477844,6,7584
8808,7,9,2,True,10507,1,False,True,True,True,0.0,0.0,0.7717512845993042,9,1964
8808,8,3,8,False,245,1,True,False,False,False,0.5656854510307312,5.0,0.5667451024055481,8,9359
8808,9,9,2,True,10507,1,False,True,True,True,0.0,0.0,0.7922121286392212,9,7246
8808,10,7,4,True,10507,1,False,False,False,False,0.44721361994743347,2.0,0.5888972878456116,9,8039
8808,11,2,9,True,10507,1,False,False,False,False,0.20000001788139343,1.0,0.2979933023452759,3,7584
8808,12,9,2,True,10507,1,False,True,True,True,0.0,0.0,0.49355849623680115,9,8039
8808,13,7,4,True,10507,1,False,True,True,True,0.0,0.0,0.49274739623069763,7,8039
8808,14,5,6,True,10507,1,False,True,True,True,0.0,0.0,0.5674504637718201,5,1949
8808,15,3,8,False,245,1,True,False,False,False,0.5656854510307312,5.0,0.5667451024055481,8,9359
8808,16,9,2,True,10507,1,False,True,True,True,0.0,0.0,0.7922120690345764,9,8039
8808,17,4,7,True,10507,1,False,False,False,False,0.44721361994743347,2.0,0.5878775715827942,6,8039
8808,18,2,9,True,10507,2,False,False,False,False,0.20000001788139343,1.0,0.2979933023452759,3,9737
8808,19,10,1,True,10507,1,False,True,True,True,0.0,0.0,0.7924644947052002,10,8039
8808,20,10,1,True,10507,2,False,False,False,False,0.19999998807907104,1.0,0.7668116688728333,11,9359
8808,21,8,3,True,10507,1,False,True,True,True,0.0,0.0,0.49315309524536133,8,8039
8808,22,7,4,True,10507,1,False,True,True,True,0.0,0.0,0.38314488530158997,7,10017
8808,23,3,8,True,10507,6,False,False,False,False,0.20000001788139343,1.0,0.4660472273826599,4,4516
8808,24,1,10,False,1,1,True,False,False,False,1.3856406211853027,10.0,1.3857849836349487,11,53
8808,25,4,7,True,10507,9,False,False,False,False,0.19999998807907104,1.0,0.5600000023841858,5,4137
8808,26,2,9,True,10507,1,False,False,False,False,0.20000001788139343,1.0,0.3698648512363434,3,2831
8808,27,9,2,True,10507,2,False,False,False,False,0.19999998807907104,1.0,0.7665507793426514,10,9359
8808,28,9,2,True,10507,1,False,True,True,True,0.0,0.0,0.7922121286392212,9,2157
8808,29,9,2,True,10507,1,False,True,True,True,0.0,0.0,0.49355849623680115,9,8039
8808,30,9,2,True,10507,2,False,True,True,True,0.0,0.0,0.7400000095367432,9,3318
8808,31,10,1,True,10507,1,False,False,False,False,0.20000001788139343,1.0,0.7874007821083069,11,8039
1343,0,3,8,True,10507,1,False,True,True,True,0.0,0.0,0.4745524227619171,3,8936
1343,1,7,4,True,10507,1,False,False,False,False,0.6000000238418579,3.0,0.7448490262031555,10,4065
1343,2,8,3,True,10507,1,False,False,False,False,0.3464101552963257,3.0,0.6026607155799866,11,4842
1343,3,5,6,True,10507,2,False,False,False,False,0.3464101552963257,3.0,0.6276941895484924,8,6854
1343,4,1,10,False,2983,110,True,True,True,True,0.0,0.0,0.019999995827674866,1,8995
1343,5,6,5,True,10507,1,False,False,False,False,0.6000000238418579,3.0,0.7116178870201111,9,10017
1343,6,9,2,True,10507,1,False,False,False,False,0.20000001788139343,1.0,0.7665507793426514,10,5793
1343,7,11,0,True,10507,1,False,,,,,,0.7927168607711792,11,8039
1343,8,10,1,True,10507,1,False,True,True,True,0.0,0.0,0.7720103859901428,10,1964
1343,9,7,4,True,10507,2,False,False,False,False,0.4898979365825653,3.0,0.7502000331878662,10,1964
1343,10,3,8,True,10507,1,False,False,False,False,0.3464101552963257,3.0,0.4660471975803375,6,73
1343,11,9,2,True,10507,1,False,True,True,True,0.0,0.0,0.7613146305084229,9,6251
1343,12,9,2,True,10507,1,False,True,True,True,0.0,0.0,0.7717512845993042,9,1964
1343,13,11,0,True,10507,1,False,,,,,,0.7927168607711792,11,8039
1343,14,6,5,True,10507,1,False,False,False,False,0.19999998807907104,1.0,0.6770524382591248,7,1952
1343,15,5,6,True,10507,2,False,False,False,False,0.4472135901451111,2.0,0.6884766221046448,7,6821
1343,16,9,2,True,10507,1,False,False,False,False,0.19999998807907104,1.0,0.6415606141090393,10,3318
1343,17,7,4,True,10507,1,False,False,False,False,0.4472135901451111,2.0,0.7230491042137146,9,3318
1343,18,8,3,True,10507,2,False,False,False,False,0.4472135901451111,2.0,0.7233256697654724,10,9359
1343,19,4,7,True,10507,1,False,False,False,False,0.4472135901451111,5.0,0.5878775715827942,9,2659
1343,20,11,0,True,10507,1,False,,,,,,0.7927168607711792,11,8039
1343,21,11,0,True,10507,1,False,,,,,,0.7927168607711792,11,8039
1343,22,1,10,False,576,29,True,True,True,True,0.0,0.0,0.019999995827674866,1,5865
1343,23,5,6,True,10507,2,False,False,False,False,0.19999998807907104,1.0,0.3714834749698639,6,2116
1343,24,3,8,True,10507,1,False,False,False,False,0.19999998807907104,1.0,0.2986636757850647,4,9384
1343,25,1,10,False,576,29,True,True,True,True,0.0,0.0,0.019999995827674866,1,9998
1343,26,2,9,False,1,1,True,False,False,False,1.058300495147705,8.0,1.058678388595581,10,26
1343,27,10,1,True,10507,1,False,True,True,True,0.0,0.0,0.761577308177948,10,6251
1343,28,4,7,True,10507,2,False,True,True,True,0.0,0.0,0.4749737083911896,4,5484
1343,29,7,4,True,10507,1,False,False,False,False,0.2828426957130432,2.0,0.634665310382843,9,8974
1343,30,10,1,True,10507,1,False,True,True,True,0.0,0.0,0.761577308177948,10,6251
1343,31,6,5,True,10507,1,False,False,False,False,0.44721361994743347,2.0,0.7552483677864075,8,3318
5384,0,5,6,True,10507,2,False,False,False,False,0.2828426957130432,2.0,0.4219004213809967,7,2953
5384,1,6,5,True,10507,1,False,False,False,False,0.2828427255153656,2.0,0.42237424850463867,8,6251
5384,2,9,2,True,10507,1,False,False,False,False,0.20000001788139343,1.0,0.5325410962104797,10,4065
5384,3,10,1,True,10507,1,False,False,False,False,0.20000001788139343,1.0,0.7874007821083069,11,8039
5384,4,4,7,True,10507,2,False,False,False,False,0.19999998807907104,1.0,0.43081316351890564,5,5398
5384,5,1,10,False,576,5,True,False,False,False,0.19999998807907104,1.0,0.2009975016117096,2,7244
5384,6,5,6,True,10507,1,False,False,False,False,0.19999998807907104,1.0,0.6016643643379211,6,5278
5384,7,10,1,True,10507,1,False,True,True,True,0.0,0.0,0.7924644947052002,10,8039
5384,8,8,3,True,10507,1,False,True,True,True,0.0,0.0,0.7397297024726868,8,9359
5384,9,5,6,True,10507,1,False,False,False,False,0.19999998807907104,1.0,0.43127715587615967,6,4060
5384,10,10,1,True,10507,2,False,True,True,True,0.0,0.0,0.7402702569961548,10,9359
5384,11,10,1,True,10507,1,False,True,True,True,0.0,0.0,0.4939635396003723,10,8039
5384,12,9,2,True,10507,2,False,False,False,False,0.19999998807907104,1.0,0.6415606141090393,10,9359
5384,13,9,2,True,10507,1,False,True,True,True,0.0,0.0,0.7922121286392212,9,8039
5384,14,5,6,True,10507,1,False,False,False,False,0.2828427255153656,2.0,0.7496665716171265,7,6251
5384,15,10,1,True,10507,1,False,True,True,True,0.0,0.0,0.7924644947052002,10,8039
5384,16,2,9,False,297,5,True,False,False,False,0.19999998807907104,1.0,0.20199008285999298,3,5073
5384,17,10,1,True,10507,1,False,True,True,True,0.0,0.0,0.4939635396003723,10,8039
5384,18,6,5,True,10507,1,False,False,False,False,0.20000001788139343,1.0,0.6019967198371887,7,384
5384,19,10,1,True,10507,1,False,True,True,True,0.0,0.0,0.761577308177948,10,6251
5384,20,8,3,True,10507,1,False,False,False,False,0.20000001788139343,1.0,0.7868925929069519,9,8039
5384,21,3,8,True,10507,1,False,False,False,False,0.2828427255153656,2.0,0.552449107170105,5,658
5384,22,11,0,True,10507,1,False,,,,,,0.7927168607711792,11,8039
5384,23,11,0,True,10507,1,False,,,,,,0.7927168607711792,11,8039
5384,24,1,10,False,25,1,True,False,False,False,0.6928203105926514,6.0,0.6931089162826538,7,7928
5384,25,3,8,True,10507,1,False,True,True,True,0.0,0.0,0.3810511827468872,3,482
5384,26,10,1,True,10507,1,False,True,True,True,0.0,0.0,0.7924644947052002,10,8039
5384,27,8,3,True,10507,1,False,False,False,False,0.19999998807907104,1.0,0.6412487626075745,9,7264
5384,28,7,4,True,10507,1,False,False,False,False,0.2828426957130432,2.0,0.634665310382843,9,9359
5384,29,9,2,True,10507,1,False,True,True,True,0.0,0.0,0.7922120690345764,9,8039
5384,30,1,10,False,25,1,True,False,False,False,0.6928203105926514,6.0,0.6931089162826538,7,7928
5384,31,7,4,True,10507,1,False,False,False,False,0.20000001788139343,1.0,0.48456165194511414,8,8039
8247,0,4,7,True,10507,2,False,False,False,False,0.3999999761581421,4.0,0.6209669709205627,8,5357
8247,1,8,3,True,10507,1,False,False,False,False,0.20000001788139343,1.0,0.5321654081344604,9,8039
8247,2,11,0,True,10507,1,False,,,,,,0.7927168607711792,11,8039
8247,3,1,10,False,10419,83,True,True,True,True,0.0,0.0,0.019999980926513672,1,6677
8247,4,4,7,True,10507,1,False,False,False,False,0.4000000059604645,4.0,0.7166589498519897,8,422
8247,5,2,9,True,10507,1,False,False,False,False,0.3464101552963257,3.0,0.5447935461997986,5,4516
8247,6,1,10,False,26,1,True,False,False,False,0.19999998807907104,1.0,0.2009975016117096,2,4142
8247,7,11,0,True,10507,1,False,,,,,,0.7927168607711792,11,8039
8247,8,9,2,True,10507,1,False,True,True,True,0.0,0.0,0.7717512845993042,9,1964
8247,9,2,9,True,10507,1,False,False,False,False,0.19999998807907104,1.0,0.369864821434021,3,6416
8247,10,9,2,True,10507,1,False,False,False,False,0.20000001788139343,1.0,0.4853864312171936,10,8039
8247,11,4,7,True,10507,1,False,False,False,False,0.2828426957130432,2.0,0.5946427583694458,6,5278
8247,12,11,0,True,10507,1,False,,,,,,0.7927168607711792,11,8039
8247,13,4,7,True,10507,1,False,False,False,False,0.19999998807907104,1.0,0.3709447383880615,5,6416
8247,14,7,4,True,10507,1,False,False,False,False,0.44721361994743347,2.0,0.5888972878456116,9,8039
8247,15,3,8,True,10507,1,False,False,False,False,0.19999998807907104,1.0,0.3704051673412323,4,6416
8247,16,3,8,False,52,1,True,True,True,True,0.0,0.0,0.03464099019765854,3,405
8247,17,7,4,True,10507,1,False,False,False,False,0.2828426957130432,2.0,0.5956509709358215,9,9513
8247,18,7,4,True,10507,1,False,False,False,False,0.3464101552963257,3.0,0.8359426259994507,10,4842
8247,19,5,6,True,10507,1,False,False,False,False,0.4472135603427887,2.0,0.6276941895484924,7,384
8247,20,1,10,False,10469,83,True,True,True,True,0.0,0.0,0.019999980926513672,1,7060
8247,21,11,0,True,10507,1,False,,,,,,0.7927168607711792,11,8039
8247,22,8,3,True,10507,1,False,False,False,False,0.4000000059604645,1.0,0.8313844203948975,9,6251
8247,23,11,0,True,10507,1,False,,,,,,0.7927168607711792,11,8039
8247,24,11,0,True,10507,1,False,,,,,,0.7927168607711792,11,8039
8247,25,11,0,True,10507,1,False,,,,,,0.7927168607711792,11,8039
8247,26,7,4,True,10507,1,False,False,False,False,0.4472135901451111,2.0,0.5888972878456116,9,6251
8247,27,3,8,True,10507,2,False,False,False,False,0.2828426957130432,2.0,0.4745523929595947,5,3829
8247,28,6,5,True,10507,6,False,True,True,True,0.0,0.0,0.5678027868270874,6,3909
8247,29,4,7,True,10507,6,False,True,True,True,0.0,0.0,0.38157567381858826,4,3909
8247,30,3,8,True,10507,2,False,False,False,False,0.2828426957130432,2.0,0.5943063497543335,5,676
8247,31,10,1,True,10507,1,False,False,False,False,0.19999998807907104,1.0,0.846167802810669,11,4842
7528,0,9,2,True,10507,1,False,False,False,False,0.4000000059604645,1.0,0.5963220596313477,10,8039
7528,1,3,8,True,10507,1,False,False,False,False,0.2828427255153656,2.0,0.5071489214897156,5,422
7528,2,3,8,True,10507,3,False,True,True,True,0.0,0.0,0.31176915764808655,3,8434
7528,3,3,8,False,1,1,True,False,False,False,1.095445156097412,7.0,1.0959926843643188,10,26
7528,4,7,4,True,10507,1,False,False,False,False,0.34641018509864807,3.0,0.5165268778800964,10,8039
7528,5,9,2,True,10507,1,False,False,False,False,0.3999999761581421,1.0,0.6720119118690491,10,4065
7528,6,7,4,True,10507,1,False,False,False,False,0.2828426957130432,2.0,0.5681548714637756,9,2157
7528,7,2,9,False,2,1,True,False,False,False,1.0770329236984253,9.0,1.077404260635376,11,53
7528,8,5,6,True,10507,2,False,False,False,False,0.2828426957130432,2.0,0.4753945767879486,7,9096
7528,9,2,9,False,24,1,True,False,False,False,0.7211102247238159,7.0,0.7216647267341614,9,2238
7528,10,3,8,True,10507,1,False,False,False,False,0.3464101552963257,3.0,0.4660471975803375,6,428
7528,11,1,10,False,26,6,True,False,False,False,0.4000000059604645,4.0,0.4004996716976166,5,10070
7528,12,1,10,False,2983,11,True,True,True,True,0.0,0.0,0.019999995827674866,1,2929
7528,13,6,5,True,10507,1,False,False,False,False,0.3464101552963257,3.0,0.601996660232544,9,7246
7528,14,2,9,True,10507,1,False,False,False,False,0.3464101552963257,3.0,0.4656178653240204,5,9677
7528,15,4,7,True,10507,1,False,False,False,False,0.3464101552963257,3.0,0.5153639316558838,7,9677
7528,16,2,9,False,10418,5,True,True,True,True,0.0,0.0,0.028284244239330292,2,6880
7528,17,2,9,False,1,1,True,False,False,False,0.9797958731651306,9.0,0.9802041053771973,11,53
7528,18,2,9,False,510,1,True,False,False,False,0.19999998807907104,1.0,0.20199008285999298,3,8442
7528,19,9,2,True,10507,1,False,True,True,True,0.0,0.0,0.7922121286392212,9,8039
7528,20,7,4,True,10507,1,False,False,False,False,0.2828426957130432,2.0,0.6714164614677429,9,5793
7528,21,2,9,False,53,9,True,False,False,False,0.3464101552963257,3.0,0.3475629389286041,5,408
7528,22,1,10,False,10469,5,True,True,True,True,0.0,0.0,0.019999980926513672,1,6880
7528,23,1,10,False,1,1,True,False,False,False,1.1489125490188599,10.0,1.149086594581604,11,53
7528,24,8,3,True,10507,1,False,False,False,False,0.2828427255153656,2.0,0.7610518932342529,10,5793
7528,25,5,6,True,10507,1,False,False,False,False,0.2828427255153656,2.0,0.5949790477752686,7,8029
7528,26,2,9,False,1,1,True,False,False,False,1.1313707828521729,9.0,1.1317243576049805,11,53
7528,27,8,3,True,10507,1,False,False,False,False,0.19999998807907104,1.0,0.6026607751846313,9,9359
7528,28,4,7,True,10507,1,False,True,True,True,0.0,0.0,0.4749737083911896,4,2852
7528,29,5,6,True,10507,5,False,False,False,False,0.2828426957130432,2.0,0.5949790477752686,7,9677
7528,30,11,0,True,10507,1,False,,,,,,0.7927168607711792,11,8039
7528,31,3,8,True,10507,1,False,False,False,False,0.2828426957130432,2.0,0.5943063497543335,5,9677
7987,0,1,10,False,5,1,True,False,False,False,0.4898979663848877,3.0,0.4903060495853424,4,4842
7987,1,1,10,False,5,1,True,False,False,False,0.4898979663848877,3.0,0.4903060495853424,4,4842
7987,2,7,4,True,10507,1,False,False,False,False,0.5291503071784973,4.0,0.7764019966125488,11,3318
7987,3,5,6,True,10507,1,False,True,True,True,0.0,0.0,0.6587867736816406,5,7987
7987,4,9,2,True,10507,1,False,False,False,False,0.2828426957130432,2.0,0.8219489455223083,11,1964
7987,5,11,0,True,10507,1,False,,,,,,0.7927168607711792,11,8039
7987,6,7,4,True,10507,1,False,False,False,False,0.3464101552963257,3.0,0.7866384387016296,10,1964
7987,7,11,0,True,10507,1,False,,,,,,0.7927168607711792,11,8039
7987,8,2,9,True,10507,1,False,False,False,False,0.3999999761581421,4.0,0.6203224658966064,6,236
7987,9,3,8,True,10507,1,False,True,True,True,0.0,0.0,0.6206448674201965,3,7987
7987,10,4,7,True,10507,1,False,True,True,True,0.0,0.0,0.5670978426933289,4,7987
7987,11,8,3,True,10507,1,False,True,True,True,0.0,0.0,0.7065408825874329,8,8974
7987,12,8,3,True,10507,1,False,False,False,False,0.19999998807907104,1.0,0.7662897706031799,9,8974
7987,13,8,3,True,10507,1,False,False,False,False,0.20000000298023224,1.0,0.5321654081344604,9,4065
7987,14,8,3,True,10507,1,False,True,True,True,0.0,0.0,0.7065408825874329,8,8974
7987,15,5,6,True,10507,1,False,False,False,False,0.5291503071784973,4.0,0.6884766221046448,9,1964
7987,16,7,4,True,10507,1,False,False,False,False,0.44721361994743347,2.0,0.6283311247825623,9,4065
7987,17,10,1,True,10507,1,False,True,True,True,0.0,0.0,0.8221921324729919,10,4842
7987,18,8,3,True,10507,1,False,False,False,False,0.2828426957130432,2.0,0.7610519528388977,10,1964
7987,19,7,4,True,10507,1,False,False,False,False,0.4898979663848877,3.0,0.7502000331878662,10,3318
7987,20,11,0,True,10507,1,False,,,,,,0.7927168607711792,11,8039
7987,21,6,5,True,10507,1,False,False,False,False,0.2828426957130432,2.0,0.7282857298851013,8,8974
7987,22,5,6,True,10507,1,False,False,False,False,0.3464101552963257,3.0,0.6276941895484924,8,236
7987,23,1,10,False,3,1,True,False,False,False,1.0198038816452026,5.0,1.0199999809265137,6,8974
7987,24,3,8,True,10507,1,False,False,False,False,0.2828427255153656,2.0,0.42095130681991577,5,4842
7987,25,11,0,True,10507,1,False,,,,,,0.7927168607711792,11,8039
7987,26,1,10,False,10469,1,True,False,False,False,0.4472135901451111,5.0,0.44766056537628174,6,9655
7987,27,3,8,False,7,1,True,False,False,False,0.8944271802902222,6.0,0.8950977921485901,9,9623
7987,28,8,3,True,10507,1,False,True,True,True,0.0,0.0,0.6092618703842163,8,8974
7987,29,5,6,True,10507,2,False,False,False,False,0.4898979365825653,3.0,0.8306623697280884,8,5057
7987,30,8,3,True,10507,1,False,False,False,False,0.4898979663848877,3.0,0.7817928791046143,11,3318
7987,31,1,10,False,2983,1,True,True,True,True,0.0,0.0,0.019999995827674866,1,7987
7721,0,9,2,True,10507,1,False,True,True,True,0.0,0.0,0.7400000095367432,9,1964
7721,1,6,5,True,10507,1,False,False,False,False,0.2828426957130432,2.0,0.7282856702804565,8,5074
7721,2,6,5,True,10507,1,False,False,False,False,0.2828426957130432,2.0,0.5953150391578674,8,254
7721,3,9,2,True,10507,2,False,False,False,False,0.19999998807907104,1.0,0.7665507793426514,10,5057
7721,4,5,6,True,10507,2,False,True,True,True,0.0,0.0,0.6340347528457642,5,8442
7721,5,1,10,False,3,1,True,False,False,False,0.9165151715278625,7.0,0.9167333841323853,8,8974
7721,6,7,4,True,10507,2,False,False,False,False,0.2828426957130432,2.0,0.6714164614677429,9,6853
7721,7,11,0,True,10507,1,False,,,,,,0.7927168607711792,11,8039
7721,8,6,5,True,10507,2,False,True,True,True,0.0,0.0,0.6711184978485107,6,7231
7721,9,6,5,True,10507,1,False,False,False,False,0.4000000059604645,1.0,0.6945502161979675,7,1964
7721,10,2,9,False,2,2,True,False,False,False,0.9380831718444824,8.0,0.938509464263916,10,7502
7721,11,10,1,True,10507,2,False,True,True,True,0.0,0.0,0.7402702569961548,10,9359
7721,12,11,0,True,10507,1,False,,,,,,0.7927168607711792,11,8039
7721,13,7,4,True,10507,1,False,False,False,False,0.2828426957130432,2.0,0.5956509113311768,9,8931
7721,14,7,4,True,10507,2,False,False,False,False,0.19999998807907104,1.0,0.7005712389945984,8,10058
7721,15,11,0,True,10507,1,False,,,,,,0.7927168607711792,11,8039
7721,16,11,0,True,10507,1,False,,,,,,0.7927168607711792,11,8039
7721,17,8,3,True,10507,1,False,False,False,False,0.19999998807907104,1.0,0.6776430010795593,9,1964
7721,18,5,6,True,10507,1,False,True,True,True,0.0,0.0,0.5674504637718201,5,4324
7721,19,7,4,True,10507,4,False,False,False,False,0.2828426957130432,2.0,0.4228474497795105,9,2661
7721,20,1,10,False,26,3,True,False,False,False,0.2828426957130432,2.0,0.28354892134666443,3,721
7721,21,11,0,True,10507,1,False,,,,,,0.7927168607711792,11,8039
7721,22,1,10,False,53,2,True,False,False,False,0.2828426957130432,2.0,0.28354892134666443,3,4245
7721,23,8,3,True,10507,1,False,False,False,False,0.19999998807907104,1.0,0.6412488222122192,9,3318
7721,24,2,9,False,2920,93,True,True,True,True,0.0,0.0,0.028284255415201187,2,4215
7721,25,8,3,True,10507,2,False,False,False,False,0.19999998807907104,1.0,0.6412488222122192,9,9359
7721,26,4,7,False,245,8,True,False,False,False,0.19999998807907104,1.0,0.20396076142787933,5,1460
7721,27,5,6,True,10507,1,False,False,False,False,0.19999998807907104,1.0,0.48373544216156006,6,1952
7721,28,2,9,False,52,2,True,False,False,False,0.2828426957130432,2.0,0.28425338864326477,4,369
7721,29,8,3,True,10507,1,False,False,False,False,0.3999999761581421,1.0,0.595986545085907,9,6251
7721,30,4,7,True,10507,1,False,False,False,False,0.2828426957130432,2.0,0.523067831993103,6,9677
7721,31,4,7,True,10507,2,False,False,False,False,0.19999998807907104,1.0,0.43081316351890564,5,2363
10240,0,1,10,False,25,1,True,False,False,False,0.8246211409568787,6.0,0.8248636722564697,7,1159
10240,1,10,1,True,10507,2,False,False,False,False,0.19999998807907104,1.0,0.7668116092681885,11,3318
10240,2,7,4,True,10507,1,False,False,False,False,0.3464101552963257,3.0,0.561070442199707,10,4065
10240,3,9,2,True,10507,1,False,True,True,True,0.0,0.0,0.7922121286392212,9,4284
10240,4,3,8,True,10507,1,False,True,True,True,0.0,0.0,0.4745524525642395,3,1616
10240,5,5,6,True,10507,1,False,False,False,False,0.19999998807907104,1.0,0.43127715587615967,6,914
10240,6,3,8,True,10507,4,False,False,False,False,0.2828426957130432,2.0,0.42095130681991577,5,875
10240,7,4,7,False,1,1,True,False,False,False,0.9591663479804993,6.0,0.9600000381469727,10,26
10240,8,3,8,True,10507,3,False,False,False,False,0.2828426957130432,2.0,0.552449107170105,5,353
10240,9,7,4,True,10507,2,False,False,False,False,0.4472135901451111,2.0,0.8359426259994507,9,9359
10240,10,11,0,True,10507,1,False,,,,,,0.7927168607711792,11,8039
10240,11,5,6,True,10507,2,False,False,False,False,0.2828426957130432,2.0,0.4219004213809967,7,7298
10240,12,5,6,True,10507,1,False,False,False,False,0.2828426957130432,2.0,0.6942622661590576,7,7767
10240,13,4,7,True,10507,1,False,False,False,False,0.2828426957130432,2.0,0.5946427583694458,6,9665
10240,14,4,7,True,10507,12,False,False,False,False,0.3464101552963257,3.0,0.5153639316558838,7,1481
10240,15,7,4,True,10507,1,False,False,False,False,0.5656854510307312,2.0,0.6832276582717896,9,8039
10240,16,8,3,True,10507,1,False,False,False,False,0.4000000059604645,1.0,0.595986545085907,9,8039
10240,17,4,7,True,10507,1,False,False,False,False,0.2828426957130432,2.0,0.4749736785888672,6,6078
10240,18,7,4,True,10507,1,False,True,True,True,0.0,0.0,0.5242137312889099,7,9513
10240,19,7,4,True,10507,1,False,False,False,False,0.4472135901451111,2.0,0.6654321551322937,9,7246
10240,20,8,3,True,10507,1,False,False,False,False,0.19999998807907104,1.0,0.8168231248855591,9,2157
10240,21,3,8,True,10507,1,False,False,False,False,0.2828426957130432,2.0,0.42095130681991577,5,914
10240,22,10,1,True,10507,1,False,True,True,True,0.0,0.0,0.761577308177948,10,6251
10240,23,6,5,True,10507,2,False,False,False,False,0.2828426957130432,2.0,0.7282856702804565,8,7189
10240,24,7,4,True,10507,1,False,False,False,False,0.2828426957130432,2.0,0.7917070388793945,9,2659
10240,25,7,4,True,10507,1,False,False,False,False,0.5291502475738525,4.0,0.6890572905540466,11,4842
10240,26,8,3,True,10507,1,False,False,False,False,0.3464101552963257,3.0,0.5614267587661743,11,4065
10240,27,1,10,False,5,1,True,False,False,False,0.9380831718444824,8.0,0.938296377658844,9,8974
10240,28,11,0,True,10507,1,False,,,,,,0.7927168607711792,11,8039
10240,29,10,1,True,10507,2,False,False,False,False,0.19999998807907104,1.0,0.7668116688728333,11,9359
10240,30,3,8,False,1,1,True,False,False,False,0.4898979663848877,3.0,0.49112117290496826,6,9623
10240,31,8,3,True,10507,1,False,False,False,False,0.3464101552963257,3.0,0.8361818194389343,11,4842
5526,0,3,8,False,220,3,True,True,True,True,0.0,0.0,0.03464100882411003,3,9157
5526,1,3,8,False,1,1,True,False,False,False,1.0954450368881226,8.0,1.0959926843643188,11,53
5526,2,4,7,False,1,1,True,False,False,False,1.1313707828521729,7.0,1.132077693939209,11,26
5526,3,1,10,False,5,1,True,False,False,False,0.9591663479804993,7.0,0.9593748450279236,8,8974
5526,4,2,9,False,53,4,True,False,False,False,0.2828426957130432,2.0,0.28425338864326477,4,2656
5526,5,7,4,True,10507,1,False,False,False,False,0.19999998807907104,1.0,0.73403000831604,8,9359
5526,6,9,2,True,10507,1,False,True,True,True,0.0,0.0,0.8219488859176636,9,7246
5526,7,9,2,True,10507,1,False,False,False,False,0.19999998807907104,1.0,0.7345747351646423,10,9359
5526,8,5,6,True,10507,2,False,False,False,False,0.2828426957130432,2.0,0.5531726479530334,7,10058
5526,9,4,7,True,10507,2,False,False,False,False,0.19999998807907104,1.0,0.43081316351890564,5,914
5526,10,8,3,True,10507,1,False,False,False,False,0.4472135603427887,2.0,0.6286493539810181,10,6251
5526,11,9,2,True,10507,1,False,True,True,True,0.0,0.0,0.7717512845993042,9,1964
5526,12,11,0,True,10507,1,False,,,,,,0.7927168607711792,11,8039
5526,13,11,0,True,10507,1,False,,,,,,0.7927168607711792,11,8039
5526,14,5,6,True,10507,1,False,False,False,False,0.44721361994743347,2.0,0.5882176756858826,7,10017
5526,15,2,9,True,10507,5,False,False,False,False,0.20000001788139343,1.0,0.4656178951263428,3,721
5526,16,11,0,True,10507,1,False,,,,,,0.7927168607711792,11,8039
5526,17,4,7,False,1,1,True,False,False,False,1.1313707828521729,7.0,1.132077693939209,11,26
5526,18,3,8,False,1,1,True,False,False,False,1.0954450368881226,8.0,1.0959926843643188,11,53
5526,19,11,0,True,10507,1,False,,,,,,0.7927168607711792,11,8039
5526,20,1,10,False,5,1,True,False,False,False,0.9591663479804993,7.0,0.9593748450279236,8,8974
5526,21,6,5,True,10507,1,False,False,False,False,0.19999998807907104,1.0,0.531413197517395,7,9677
5526,22,7,4,True,10507,1,False,False,False,False,0.4472135901451111,2.0,0.6890573501586914,9,9359
5526,23,2,9,False,10418,266,True,True,True,True,0.0,0.0,0.028284244239330292,2,7810
5526,24,1,10,False,53,4,True,False,False,False,0.2828426957130432,2.0,0.28354892134666443,3,2656
5526,25,7,4,True,10507,1,False,False,False,False,0.4898979663848877,3.0,0.7502000331878662,10,5793
5526,26,3,8,True,10507,2,False,True,True,True,0.0,0.0,0.6581792831420898,3,5498
5526,27,7,4,True,10507,1,False,True,True,True,0.0,0.0,0.6471476554870605,7,9927
5526,28,7,4,True,10507,3,False,True,True,True,0.0,0.0,0.634665310382843,7,4694
5526,29,11,0,True,10507,1,False,,,,,,0.7927168607711792,11,8039
5526,30,8,3,True,10507,1,False,False,False,False,0.19999998807907104,1.0,0.6412488222122192,9,9359
5526,31,3,8,True,10507,12,False,False,False,False,0.19999998807907104,1.0,0.5596427321434021,4,9911
988,0,4,7,False,220,22,True,True,True,True,0.0,0.0,0.039999984204769135,4,7031
988,1,10,1,True,10507,1,False,True,True,True,0.0,0.0,0.7402702569961548,10,9359
988,2,1,10,False,10469,427,True,True,True,True,0.0,0.0,0.019999980926513672,1,3340
988,3,6,5,True,10507,1,False,False,False,False,0.2828426957130432,2.0,0.5238320231437683,8,10472
988,4,4,7,True,10507,1,False,False,False,False,0.2828426957130432,2.0,0.5230678915977478,6,9927
988,5,7,4,True,10507,7,False,False,False,False,0.19999998807907104,1.0,0.561070442199707,8,5973
988,6,2,9,False,7,1,True,False,False,False,0.2828426957130432,2.0,0.28425338864326477,4,8842
988,7,4,7,True,10507,4,False,False,False,False,0.2828426957130432,2.0,0.5528110265731812,6,7340
988,8,3,8,False,1,1,True,False,False,False,1.1489125490188599,8.0,1.1494345664978027,11,53
988,9,8,3,True,10507,1,False,False,False,False,0.44721361994743347,2.0,0.6286493539810181,10,8039
988,10,1,10,False,26,6,True,False,False,False,0.2828426957130432,2.0,0.2835489511489868,3,10070
988,11,3,8,True,10507,4,False,False,False,False,0.2828426957130432,2.0,0.552449107170105,5,7340
988,12,3,8,True,10507,1,False,False,False,False,0.3464101552963257,3.0,0.5875372290611267,6,1955
988,13,9,2,True,10507,1,False,True,True,True,0.0,0.0,0.5399999618530273,9,7246
988,14,10,1,True,10507,1,False,False,False,False,0.3999999761581421,1.0,0.6723094582557678,11,4065
988,15,6,5,True,10507,1,False,False,False,False,0.19999998807907104,1.0,0.7002857327461243,7,5641
988,16,7,4,True,10507,1,False,False,False,False,0.2828426957130432,2.0,0.6714164018630981,9,2659
988,17,7,4,True,10507,1,False,False,False,False,0.2828426957130432,2.0,0.7285602688789368,9,8931
988,18,7,4,True,10507,1,False,False,False,False,0.20000001788139343,1.0,0.48456165194511414,8,2157
988,19,9,2,True,10507,1,False,False,False,False,0.3999999761581421,1.0,0.6720119118690491,10,4065
988,20,7,4,True,10507,1,False,False,False,False,0.2828426957130432,2.0,0.5242136716842651,9,3318
988,21,1,10,False,576,2,True,False,False,False,0.19999998807907104,1.0,0.2009975016117096,2,8000
988,22,8,3,True,10507,1,False,True,True,True,0.0,0.0,0.5396294593811035,8,7246
988,23,2,9,False,3,1,True,False,False,False,0.8485281467437744,7.0,0.8489994406700134,9,8974
988,24,4,7,True,10507,3,False,False,False,False,0.19999998807907104,1.0,0.6645299196243286,5,8323
988,25,1,10,False,576,2,True,False,False,False,0.19999998807907104,1.0,0.2009975016117096,2,8000
988,26,9,2,True,10507,1,False,False,False,False,0.4000000059604645,1.0,0.5963220596313477,10,8039
988,27,11,0,True,10507,1,False,,,,,,0.7927168607711792,11,8039
988,28,5,6,True,10507,1,False,False,False,False,0.19999998807907104,1.0,0.3714834749698639,6,6416
988,29,4,7,True,10507,1,False,False,False,False,0.3464101552963257,3.0,0.6273754835128784,7,2659
988,30,3,8,False,1,1,True,False,False,False,1.1313707828521729,7.0,1.1319010257720947,10,6251
988,31,11,0,True,10507,1,False,,,,,,0.7927168607711792,11,8039
2115,0,6,5,True,10507,1,False,False,False,False,0.4000000059604645,1.0,0.6945502161979675,7,1608
2115,1,6,5,True,10507,1,False,False,False,False,0.44721361994743347,2.0,0.5885576009750366,8,4065
2115,2,5,6,True,10507,1,False,True,True,True,0.0,0.0,0.5674504637718201,5,7882
2115,3,9,2,True,10507,1,False,False,False,False,0.19999998807907104,1.0,0.6415606141090393,10,3318
2115,4,10,1,True,10507,1,False,False,False,False,0.19999998807907104,1.0,0.846167802810669,11,4842
2115,5,1,10,False,576,8,True,True,True,True,0.0,0.0,0.019999995827674866,1,9357
2115,6,8,3,True,10507,1,False,False,False,False,0.2828426957130432,2.0,0.634980320930481,10,8974
2115,7,8,3,True,10507,1,False,False,False,False,0.2828426957130432,2.0,0.8409518599510193,10,4842
2115,8,8,3,True,10507,1,False,True,True,True,0.0,0.0,0.7065408825874329,8,3318
2115,9,5,6,True,10507,1,False,False,False,False,0.19999998807907104,1.0,0.48373547196388245,6,8234
2115,10,10,1,True,10507,1,False,True,True,True,0.0,0.0,0.5403702259063721,10,4065
2115,11,6,5,True,10507,1,False,True,True,True,0.0,0.0,0.6086049675941467,6,1608
2115,12,7,4,True,10507,1,False,False,False,False,0.2828426957130432,2.0,0.6593936681747437,9,422
2115,13,10,1,True,10507,1,False,True,True,True,0.0,0.0,0.5403702259063721,10,4065
2115,14,9,2,True,10507,1,False,False,False,False,0.20000001788139343,1.0,0.7345747351646423,10,8974
2115,15,2,9,False,24,1,True,False,False,False,0.3464101552963257,3.0,0.3475629389286041,5,5760
2115,16,9,2,True,10507,1,False,False,False,False,0.19999998807907104,1.0,0.4853864312171936,10,6251
2115,17,6,5,True,10507,1,False,False,False,False,0.19999998807907104,1.0,0.4841487407684326,7,7045
2115,18,9,2,True,10507,1,False,False,False,False,0.19999998807907104,1.0,0.6415606141090393,10,3318
2115,19,9,2,True,10507,1,False,True,True,True,0.0,0.0,0.49355849623680115,9,8039
2115,20,9,2,True,10507,1,False,False,False,False,0.4000000059604645,1.0,0.5963220596313477,10,8039
2115,21,8,3,True,10507,1,False,False,False,False,0.4472135901451111,2.0,0.7233256697654724,10,7264
2115,22,6,5,True,10507,1,False,False,False,False,0.20000001788139343,1.0,0.516139566898346,7,5625
2115,23,7,4,True,10507,2,False,False,False,False,0.19999998807907104,1.0,0.7660287618637085,8,3318
2115,24,7,4,True,10507,1,False,False,False,False,0.2828426957130432,2.0,0.7285602688789368,9,8974
2115,25,7,4,True,10507,1,False,False,False,False,0.3464101552963257,3.0,0.6654322147369385,10,6854
2115,26,11,0,True,10507,1,False,,,,,,0.7927168607711792,11,8039
2115,27,4,7,False,1,1,True,False,False,False,0.8717797994613647,5.0,0.8726969957351685,9,26
2115,28,5,6,True,10507,1,False,False,False,False,0.19999998807907104,1.0,0.6648308038711548,6,2563
2115,29,5,6,True,10507,1,False,False,False,False,0.19999998807907104,1.0,0.29999998211860657,6,9623
2115,30,6,5,True,10507,1,False,False,False,False,0.4472135901451111,2.0,0.6887670755386353,8,7264
2115,31,8,3,True,10507,2,False,False,False,False,0.4472135901451111,2.0,0.8361818790435791,10,9359
7322,0,5,6,True,10507,1,False,True,True,True,0.0,0.0,0.3130495250225067,5,8273
7322,1,2,9,False,4,1,True,False,False,False,1.0198038816452026,9.0,1.0201960802078247,11,53
7322,2,3,8,True,10507,3,False,False,False,False,0.19999998807907104,1.0,0.2986636757850647,4,4246
7322,3,3,8,True,10507,9,False,False,False,False,0.19999998807907104,1.0,0.3704051673412323,4,5257
7322,4,10,1,True,10507,1,False,True,True,True,0.0,0.0,0.7720103859901428,10,1964
7322,5,1,10,False,1,1,True,False,False,False,1.183215856552124,10.0,1.183384895324707,11,53
7322,6,10,1,True,10507,2,False,False,False,False,0.19999998807907104,1.0,0.7668116688728333,11,9359
7322,7,10,1,True,10507,2,False,False,False,False,0.19999998807907104,1.0,0.7668116688728333,11,9359
7322,8,11,0,True,10507,1,False,,,,,,0.7927168607711792,11,8039
7322,9,3,8,True,10507,1,False,False,False,False,0.3464101552963257,3.0,0.4660471975803375,6,4146
7322,10,6,5,True,10507,1,False,False,False,False,0.20000001788139343,1.0,0.4317406713962555,7,695
7322,11,9,2,True,10507,1,False,False,False,False,0.19999998807907104,1.0,0.6415606141090393,10,9359
7322,12,11,0,True,10507,1,False,,,,,,0.7927168607711792,11,8039
7322,13,11,0,True,10507,1,False,,,,,,0.7927168607711792,11,8039
7322,14,5,6,True,10507,1,False,False,False,False,0.19999998807907104,1.0,0.43127715587615967,6,4146
7322,15,11,0,True,10507,1,False,,,,,,0.7927168607711792,11,8039
7322,16,4,7,True,10507,1,False,True,True,True,0.0,0.0,0.5670979022979736,4,1949
7322,17,8,3,True,10507,2,False,True,True,True,0.0,0.0,0.7397297024726868,8,3318
7322,18,7,4,True,10507,1,False,False,False,False,0.2828426957130432,2.0,0.634665310382843,9,9359
7322,19,6,5,True,10507,2,False,False,False,False,0.3464101552963257,3.0,0.6651315689086914,9,5053
7322,20,2,9,True,10507,1,False,True,True,True,0.0,0.0,0.4741308093070984,2,9150
7322,21,9,2,True,10507,2,False,True,True,True,0.0,0.0,0.7400000095367432,9,9359
7322,22,9,2,True,10507,1,False,False,False,False,0.20000001788139343,1.0,0.7665507793426514,10,3318
7322,23,1,10,False,10469,69,True,True,True,True,0.0,0.0,0.019999980926513672,1,6259
7322,24,8,3,True,10507,1,False,False,False,False,0.2828427255153656,2.0,0.7610518932342529,10,3318
7322,25,8,3,True,10507,1,False,False,False,False,0.2828427255153656,2.0,0.7610518932342529,10,3318
7322,26,10,1,True,10507,1,False,False,False,False,0.20000001788139343,1.0,0.7874007821083069,11,8039
7322,27,9,2,True,10507,1,False,False,False,False,0.20000001788139343,1.0,0.7871467471122742,10,8039
7322,28,8,3,True,10507,1,False,False,False,False,0.44721361994743347,2.0,0.5892367959022522,10,8039
7322,29,4,7,True,10507,1,False,True,True,True,0.0,0.0,0.5670979022979736,4,1949
7322,30,7,4,True,10507,1,False,False,False,False,0.3464101552963257,3.0,0.7230491042137146,10,5625
7322,31,5,6,True,10507,1,False,True,True,True,0.0,0.0,0.6340347528457642,5,6925
902,0,9,2,True,10507,1,False,False,False,False,0.19999998807907104,1.0,0.6779381036758423,10,1964
902,1,6,5,True,10507,1,False,False,False,False,0.3464101552963257,3.0,0.4673328399658203,9,8974
902,2,5,6,True,10507,2,False,True,True,True,0.0,0.0,0.5234501361846924,5,2140
902,3,2,9,False,1,1,True,False,False,False,1.1135529279708862,9.0,1.1139119863510132,11,53
902,4,3,8,True,10507,1,False,False,False,False,0.2828426957130432,2.0,0.5943063497543335,5,8283
902,5,10,1,True,10507,1,False,False,False,False,0.19999998807907104,1.0,0.5329164862632751,11,8039
902,6,10,1,True,10507,2,False,True,True,True,0.0,0.0,0.7402702569961548,10,9359
902,7,7,4,True,10507,1,False,False,False,False,0.2828426957130432,2.0,0.5681548714637756,9,4284
902,8,6,5,True,10507,1,False,False,False,False,0.2828426957130432,2.0,0.5238320231437683,8,4771
902,9,3,8,True,10507,4,False,False,False,False,0.2828426957130432,2.0,0.4209512770175934,5,8736
902,10,6,5,True,10507,1,False,True,True,True,0.0,0.0,0.5678027868270874,6,7507
902,11,1,10,False,3,1,True,False,False,False,1.0198038816452026,7.0,1.0199999809265137,8,8974
902,12,1,10,False,2983,45,True,True,True,True,0.0,0.0,0.019999995827674866,1,5614
902,13,5,6,True,10507,1,False,False,False,False,0.4898979663848877,3.0,0.5813776850700378,8,6251
902,14,10,1,True,10507,2,False,False,False,False,0.19999998807907104,1.0,0.7668116092681885,11,3318
902,15,2,9,False,2947,45,True,True,True,True,0.0,0.0,0.028284255415201187,2,3643
902,16,3,8,False,1,1,True,False,False,False,1.039230465888977,8.0,1.039807677268982,11,53
902,17,11,0,True,10507,1,False,,,,,,0.7927168607711792,11,8039
902,18,1,10,False,26,3,True,False,False,False,0.4472135901451111,2.0,0.4476605951786041,3,720
902,19,11,0,True,10507,1,False,,,,,,0.7927168607711792,11,8039
902,20,6,5,True,10507,1,False,False,False,False,0.19999998807907104,1.0,0.5607138276100159,7,5052
902,21,6,5,True,10507,1,False,False,False,False,0.4472135901451111,2.0,0.8357033729553223,8,9927
902,22,1,10,False,576,3,True,True,True,True,0.0,0.0,0.019999995827674866,1,3417
902,23,6,5,True,10507,4,False,False,False,False,0.19999998807907104,1.0,0.5607138276100159,7,5989
902,24,8,3,True,10507,1,False,False,False,False,0.4000000059604645,1.0,0.8409518599510193,9,5793
902,25,4,7,True,10507,1,False,False,False,False,0.2828426957130432,2.0,0.42142611742019653,6,7298
902,26,8,3,True,10507,1,False,False,False,False,0.19999998807907104,1.0,0.5321653485298157,9,8039
902,27,10,1,True,10507,1,False,True,True,True,0.0,0.0,0.7924644947052002,10,8039
902,28,5,6,True,10507,2,False,False,False,False,0.3464101552963257,3.0,0.4669046700000763,8,6304
902,29,8,3,True,10507,1,False,False,False,False,0.4472135901451111,2.0,0.7233256697654724,10,7264
902,30,10,1,True,10507,2,False,False,False,False,0.19999998807907104,1.0,0.7668116688728333,11,9359
902,31,10,1,True,10507,1,False,True,True,True,0.0,0.0,0.7924644947052002,10,8039
9016,0,1,10,False,26,1,True,False,False,False,0.2828426957130432,2.0,0.28354892134666443,3,4142
9016,1,3,8,True,10507,1,False,False,False,False,0.19999998807907104,1.0,0.3704051673412323,4,6849
9016,2,5,6,True,10507,1,False,False,False,False,0.4472135901451111,2.0,0.7224956750869751,7,1964
9016,3,8,3,True,10507,1,False,True,True,True,0.0,0.0,0.7610518932342529,8,6251
9016,4,10,1,True,10507,1,False,False,False,False,0.19999998807907104,1.0,0.5761944055557251,11,4065
9016,5,5,6,True,10507,1,False,False,False,False,0.3464101552963257,3.0,0.7549834251403809,8,7233
9016,6,9,2,True,10507,1,False,False,False,False,0.19999998807907104,1.0,0.5758472084999084,10,4065
9016,7,4,7,True,10507,1,False,False,False,False,0.2828426957130432,2.0,0.5528110265731812,6,5397
9016,8,7,4,True,10507,1,False,False,False,False,0.2828426957130432,2.0,0.634665310382843,9,8029
9016,9,8,3,True,10507,1,False,False,False,False,0.19999998807907104,1.0,0.6412488222122192,9,8029
9016,10,8,3,True,10507,1,False,False,False,False,0.4898979365825653,3.0,0.6951258778572083,11,4842
9016,11,9,2,True,10507,1,False,False,False,False,0.19999998807907104,1.0,0.8459314107894897,10,4842
9016,12,5,6,True,10507,1,False,False,False,False,0.4472135901451111,2.0,0.7224956750869751,7,3318
9016,13,5,6,True,10507,1,False,False,False,False,0.2828426957130432,2.0,0.7280110120773315,7,250
9016,14,1,10,False,2983,45,True,True,True,True,0.0,0.0,0.019999995827674866,1,8401
9016,15,9,2,True,10507,1,False,False,False,False,0.19999998807907104,1.0,0.6415606141090393,10,3318
9016,16,2,9,True,10507,1,False,False,False,False,0.3464101552963257,3.0,0.4108527600765228,5,7278
9016,17,11,0,True,10507,1,False,,,,,,0.7927168607711792,11,8039
9016,18,7,4,True,10507,1,False,False,False,False,0.4898979365825653,3.0,0.6219325065612793,10,9359
9016,19,5,6,True,10507,1,False,False,False,False,0.44721361994743347,2.0,0.6276941895484924,7,6251
9016,20,8,3,True,10507,1,False,False,False,False,0.4000000059604645,1.0,0.8313844203948975,9,6251
9016,21,3,8,True,10507,1,False,False,False,False,0.2828426957130432,2.0,0.552449107170105,5,5397
9016,22,9,2,True,10507,1,False,False,False,False,0.4472135901451111,2.0,0.6289674043655396,11,8039
9016,23,1,10,False,1619,4,True,False,False,False,0.19999998807907104,1.0,0.2009975016117096,2,4043
9016,24,9,2,True,10507,1,False,False,False,False,0.19999998807907104,1.0,0.8459314107894897,10,4842
9016,25,11,0,True,10507,1,False,,,,,,0.7927168607711792,11,8039
9016,26,11,0,True,10507,1,False,,,,,,0.7927168607711792,11,8039
9016,27,2,9,False,2920,45,True,True,True,True,0.0,0.0,0.028284255415201187,2,9467
9016,28,8,3,True,10507,1,False,False,False,False,0.19999998807907104,1.0,0.484974205493927,9,6251
9016,29,1,10,False,53,1,True,False,False,False,0.2828426957130432,2.0,0.28354892134666443,3,405
9016,30,10,1,True,10507,2,False,True,True,True,0.0,0.0,0.7402702569961548,10,3318
9016,31,3,8,True,10507,1,False,False,False,False,0.19999998807907104,1.0,0.3704051673412323,4,6849
4547,0,11,0,True,10507,1,False,,,,,,0.7927168607711792,11,8039
4547,1,3,8,False,2,1,True,False,False,False,0.6324555277824402,4.0,0.633403480052948,7,4142
4547,2,4,7,True,10507,1,False,False,False,False,0.19999998807907104,1.0,0.3709447383880615,5,5969
4547,3,8,3,True,10507,1,False,False,False,False,0.4000000059604645,1.0,0.634980320930481,9,8039
4547,4,9,2,True,10507,1,False,True,True,True,0.0,0.0,0.5399999618530273,9,4065
4547,5,6,5,True,10507,1,False,False,False,False,0.4898979663848877,3.0,0.6216108202934265,9,4065
4547,6,5,6,True,10507,1,False,False,False,False,0.4472135901451111,2.0,0.6276941895484924,7,9873
4547,7,7,4,True,10507,1,False,False,False,False,0.4898979663848877,3.0,0.6219325065612793,10,4065
4547,8,6,5,True,10507,2,False,False,False,False,0.2828426957130432,2.0,0.634350061416626,8,3318
4547,9,10,1,True,10507,1,False,True,True,True,0.0,0.0,0.7402702569961548,10,9359
4547,10,4,7,True,10507,1,False,False,False,False,0.19999998807907104,1.0,0.37094470858573914,5,5969
4547,11,3,8,False,25,1,True,False,False,False,0.6324555277824402,4.0,0.633403480052948,7,4142
4547,12,4,7,True,10507,1,False,False,False,False,0.3464101552963257,3.0,0.4664761424064636,7,236
4547,13,7,4,True,10507,1,False,False,False,False,0.4898979663848877,3.0,0.6593936681747437,10,4065
4547,14,1,10,False,3,1,True,False,False,False,0.8246211409568787,8.0,0.8248636722564697,9,8974
4547,15,8,3,True,10507,1,False,False,False,False,0.20000001788139343,1.0,0.6026607751846313,9,9359
4547,16,9,2,True,10507,1,False,True,True,True,0.0,0.0,0.7400000095367432,9,9359
4547,17,4,7,True,10507,3,False,False,False,False,0.3464101552963257,3.0,0.5878775715827942,7,5397
4547,18,3,8,False,1,1,True,False,False,False,0.8485281467437744,6.0,0.8492349982261658,9,26
4547,19,7,4,True,10507,1,False,False,False,False,0.20000001788139343,1.0,0.43220365047454834,8,6251
4547,20,8,3,True,10507,1,False,False,False,False,0.4898979663848877,3.0,0.622253954410553,11,8039
4547,21,8,3,True,10507,1,False,True,True,True,0.0,0.0,0.7610518932342529,8,6251
4547,22,8,3,True,10507,1,False,False,False,False,0.5656854510307312,2.0,0.7177743315696716,10,8039
4547,23,2,9,True,10507,1,False,False,False,False,0.19999998807907104,1.0,0.4656178951263428,3,3345
4547,24,6,5,True,10507,1,False,False,False,False,0.4898979663848877,3.0,0.6590902805328369,9,4065
4547,25,3,8,True,10507,1,False,False,False,False,0.3464101552963257,3.0,0.5875372290611267,6,2938
4547,26,11,0,True,10507,1,False,,,,,,0.7927168607711792,11,8039
4547,27,3,8,True,10507,1,False,False,False,False,0.5291503071784973,4.0,0.6520736217498779,7,4065
4547,28,11,0,True,10507,1,False,,,,,,0.7927168607711792,11,8039
4547,29,1,10,False,1619,4,True,False,False,False,0.3464101552963257,3.0,0.3469870388507843,4,3013
4547,30,5,6,True,10507,1,False,False,False,False,0.4000000059604645,4.0,0.6212890148162842,9,2938
4547,31,7,4,True,10507,1,False,False,False,False,0.4898979663848877,3.0,0.6219324469566345,10,8039
4609,0,10,1,True,10507,1,False,True,True,True,0.0,0.0,0.7924644947052002,10,8039
4609,1,10,1,True,10507,2,False,True,True,True,0.0,0.0,0.7402702569961548,10,3318
4609,2,10,1,True,10507,1,False,False,False,False,0.19999998807907104,1.0,0.846167802810669,11,4842
4609,3,1,10,False,2983,30,True,False,False,False,0.2828426957130432,2.0,0.28354892134666443,3,8765
4609,4,4,7,True,10507,1,False,False,False,False,0.2828426957130432,2.0,0.6939740777015686,6,7730
4609,5,5,6,True,10507,1,False,False,False,False,0.2828426957130432,2.0,0.8306624293327332,7,6315
4609,6,6,5,True,10507,1,False,False,False,False,0.2828426957130432,2.0,0.671118438243866,8,9677
4609,7,6,5,True,10507,1,False,False,False,False,0.3464101552963257,3.0,0.5607138276100159,9,2301
4609,8,3,8,False,1,1,True,False,False,False,1.1489125490188599,7.0,1.1494346857070923,10,53
4609,9,9,2,True,10507,1,False,False,False,False,0.4472135901451111,2.0,0.6289674043655396,11,8039
4609,10,7,4,True,10507,1,False,False,False,False,0.4898979663848877,3.0,0.6593936681747437,10,7246
4609,11,11,0,True,10507,1,False,,,,,,0.7927168607711792,11,8039
4609,12,8,3,True,10507,1,False,False,False,False,0.3999999761581421,1.0,0.7288347482681274,9,5281
4609,13,6,5,True,10507,1,False,False,False,False,0.3464101552963257,3.0,0.5607138276100159,9,4771
4609,14,7,4,True,10507,1,False,False,False,False,0.19999998807907104,1.0,0.6773477792739868,8,9927
4609,15,11,0,True,10507,1,False,,,,,,0.7927168607711792,11,8039
4609,16,1,10,False,1,1,True,False,False,False,1.2806248664855957,9.0,1.2807810306549072,10,53
4609,17,5,6,True,10507,1,False,False,False,False,0.3999999761581421,4.0,0.5531726479530334,9,9186
4609,18,3,8,False,1,1,True,False,False,False,0.3464101552963257,3.0,0.34813788533210754,6,6315
4609,19,11,0,True,10507,1,False,,,,,,0.7927168607711792,11,8039
4609,20,8,3,True,10507,1,False,False,False,False,0.19999998807907104,1.0,0.5754997730255127,9,7246
4609,21,11,0,True,10507,1,False,,,,,,0.7927168607711792,11,8039
4609,22,4,7,True,10507,1,False,False,False,False,0.2828426957130432,2.0,0.716658890247345,6,6315
4609,23,4,7,False,1,1,True,False,False,False,0.7483314871788025,5.0,0.7493997812271118,9,26
4609,24,7,4,True,10507,2,False,False,False,False,0.2828426957130432,2.0,0.5956509113311768,9,8097
4609,25,9,2,True,10507,1,False,False,False,False,0.4000000059604645,1.0,0.8874682784080505,10,7246
4609,26,3,8,False,1,1,True,False,False,False,0.2828426957130432,2.0,0.2849561274051666,5,6315
4609,27,9,2,True,10507,1,False,True,True,True,0.0,0.0,0.7717512845993042,9,9927
4609,28,8,3,True,10507,1,False,False,False,False,0.2828426957130432,2.0,0.6717142462730408,10,1964
4609,29,9,2,True,10507,1,False,False,False,False,0.2828426957130432,2.0,0.7922121286392212,11,1964
4609,30,2,9,False,1619,22,True,False,False,False,0.3464101552963257,3.0,0.3475629389286041,5,751
4609,31,1,10,False,10419,23,True,False,False,False,0.19999998807907104,1.0,0.2009975016117096,2,2153
6876,0,7,4,True,10507,2,False,True,True,True,0.0,0.0,0.6714164614677429,7,10058
6876,1,4,7,True,10507,1,False,False,False,False,0.19999998807907104,1.0,0.29933255910873413,5,8442
6876,2,8,3,True,10507,1,False,False,False,False,0.5656853914260864,2.0,0.7817928194999695,10,4065
6876,3,3,8,True,10507,1,False,False,False,False,0.4000000059604645,4.0,0.4573838412761688,7,4134
6876,4,4,7,True,10507,1,False,True,True,True,0.0,0.0,0.4749737083911896,4,7412
6876,5,2,9,False,510,2,True,False,False,False,0.19999998807907104,1.0,0.20199008285999298,3,2950
6876,6,1,10,False,53,1,True,False,False,False,0.2828426957130432,2.0,0.28354892134666443,3,7594
6876,7,1,10,False,2983,20,True,True,True,True,0.0,0.0,0.019999995827674866,1,6007
6876,8,3,8,False,264,8,True,False,False,False,0.2828426957130432,2.0,0.2849561274051666,5,247
6876,9,6,5,True,10507,1,False,False,False,False,0.3464101552963257,3.0,0.6651315689086914,9,5793
6876,10,1,10,False,26,6,True,False,False,False,0.4000000059604645,4.0,0.4004996716976166,5,10070
6876,11,2,9,False,2,1,True,False,False,False,1.0583006143569946,8.0,1.058678388595581,10,6251
6876,12,10,1,True,10507,1,False,True,True,True,0.0,0.0,0.7402702569961548,10,3318
6876,13,3,8,True,10507,2,False,False,False,False,0.20000001788139343,1.0,0.5149757266044617,4,10058
6876,14,9,2,True,10507,1,False,False,False,False,0.19999998807907104,1.0,0.8170679211616516,10,2157
6876,15,3,8,True,10507,8,False,False,False,False,0.3464101552963257,3.0,0.5149757266044617,6,6492
6876,16,9,2,True,10507,1,False,False,False,False,0.20000001788139343,1.0,0.7345747351646423,10,8974
6876,17,6,5,True,10507,1,False,False,False,False,0.3464101552963257,3.0,0.7002856731414795,9,1964
6876,18,8,3,True,10507,1,False,False,False,False,0.19999998807907104,1.0,0.6412488222122192,9,3318
6876,19,7,4,True,10507,1,False,False,False,False,0.2828427255153656,2.0,0.4762352406978607,9,8039
6876,20,11,0,True,10507,1,False,,,,,,0.7927168607711792,11,8039
6876,21,3,8,False,245,8,True,False,False,False,0.2828426957130432,2.0,0.2849561274051666,5,12
6876,22,11,0,True,10507,1,False,,,,,,0.7927168607711792,11,8039
6876,23,9,2,True,10507,1,False,False,False,False,0.19999998807907104,1.0,0.6779380440711975,10,1964
6876,24,10,1,True,10507,1,False,False,False,False,0.19999998807907104,1.0,0.8461678624153137,11,7246
6876,25,6,5,True,10507,1,False,False,False,False,0.4000000059604645,4.0,0.5535341501235962,10,5793
6876,26,3,8,True,10507,1,False,False,False,False,0.4000000059604645,4.0,0.6206448674201965,7,8029
6876,27,2,9,False,1,1,True,False,False,False,1.1313707828521729,9.0,1.131724238395691,11,53
6876,28,11,0,True,10507,1,False,,,,,,0.7927168607711792,11,8039
6876,29,8,3,True,10507,1,False,True,True,True,0.0,0.0,0.49315309524536133,8,4284
6876,30,11,0,True,10507,1,False,,,,,,0.7927168607711792,11,8039
6876,31,1,10,False,10419,8,True,True,True,True,0.0,0.0,0.019999980926513672,1,9533
8131,0,8,3,True,10507,1,False,False,False,False,0.20000001788139343,1.0,0.8456950187683105,9,9938
8131,1,11,0,True,10507,1,False,,,,,,0.7927168607711792,11,8039
8131,2,3,8,True,10507,2,False,False,False,False,0.19999998807907104,1.0,0.2986636757850647,4,5943
8131,3,7,4,True,10507,2,False,True,True,True,0.0,0.0,0.5681549310684204,7,6712
8131,4,4,7,True,10507,2,False,False,False,False,0.2828426957130432,2.0,0.5946427583694458,6,676
8131,5,11,0,True,10507,1,False,,,,,,0.7927168607711792,11,8039
8131,6,7,4,True,10507,1,False,False,False,False,0.20000001788139343,1.0,0.6409368515014648,8,1964
8131,7,11,0,True,10507,1,False,,,,,,0.7927168607711792,11,8039
8131,8,7,4,True,10507,1,False,True,True,True,0.0,0.0,0.7712328433990479,7,9927
8131,9,9,2,True,10507,1,False,False,False,False,0.4000000059604645,1.0,0.5963220596313477,10,8039
8131,10,5,6,True,10507,2,False,False,False,False,0.2828426957130432,2.0,0.5949790477752686,7,9597
8131,11,9,2,True,10507,1,False,False,False,False,0.4000000059604645,1.0,0.8411896824836731,10,1964
8131,12,8,3,True,10507,1,False,False,False,False,0.2828426957130432,2.0,0.6717142462730408,10,1964
8131,13,11,0,True,10507,1,False,,,,,,0.7927168607711792,11,8039
8131,14,7,4,True,10507,1,False,False,False,False,0.20000001788139343,1.0,0.7660287618637085,8,1949
8131,15,4,7,False,1,1,True,False,False,False,0.5999999642372131,6.0,0.601331889629364,10,8974
8131,16,7,4,True,10507,1,False,True,True,True,0.0,0.0,0.6471476554870605,7,1952
8131,17,2,9,False,2,1,True,False,False,False,0.8246211409568787,3.0,0.8251060843467712,5,9623
8131,18,9,2,True,10507,1,False,False,False,False,0.3999999761581421,1.0,0.6720119118690491,10,4065
8131,19,8,3,True,10507,1,False,False,False,False,0.4472135901451111,2.0,0.7233256697654724,10,3318
8131,20,6,5,True,10507,1,False,False,False,False,0.4000000059604645,1.0,0.634350061416626,7,7246
8131,21,2,9,False,1,1,True,False,False,False,1.2961480617523193,9.0,1.2964566946029663,11,53
8131,22,5,6,True,10507,2,False,True,True,True,0.0,0.0,0.382099449634552,5,370
8131,23,11,0,True,10507,1,False,,,,,,0.7927168607711792,11,8039
8131,24,5,6,True,10507,3,False,False,False,False,0.19999998807907104,1.0,0.5603570342063904,6,3134
8131,25,11,0,True,10507,1,False,,,,,,0.7927168607711792,11,8039
8131,26,6,5,True,10507,1,False,False,False,False,0.19999998807907104,1.0,0.5607138872146606,7,5641
8131,27,10,1,True,10507,1,False,True,True,True,0.0,0.0,0.7924644947052002,10,8039
8131,28,2,9,False,1,1,True,False,False,False,1.3266499042510986,8.0,1.3269513845443726,10,26
8131,29,6,5,True,10507,1,False,False,False,False,0.19999998807907104,1.0,0.4317406415939331,7,4146
8131,30,4,7,True,10507,1,False,False,False,False,0.3464101552963257,3.0,0.5153639316558838,7,2659
8131,31,1,10,False,53,2,True,False,False,False,0.20000001788139343,1.0,0.20099753141403198,2,369
937,0,1,10,False,10419,37,True,True,True,True,0.0,0.0,0.019999980926513672,1,8970
937,1,2,9,True,10507,1,False,False,False,False,0.4000000059604645,4.0,0.5067543983459473,6,562
937,2,7,4,True,10507,1,False,False,False,False,0.19999998807907104,1.0,0.6409368515014648,8,5057
937,3,7,4,True,10507,1,False,False,False,False,0.2828426957130432,2.0,0.5242136716842651,9,8039
937,4,3,8,True,10507,6,False,False,False,False,0.3464101552963257,3.0,0.4660471975803375,6,875
937,5,1,10,False,26,1,True,False,False,False,0.4898979365825653,3.0,0.49030601978302,4,7809
937,6,6,5,True,10507,1,False,False,False,False,0.3464101552963257,3.0,0.7002856731414795,9,2171
937,7,4,7,True,10507,2,False,True,True,True,0.0,0.0,0.5230678915977478,4,6061
937,8,7,4,True,10507,2,False,False,False,False,0.19999998807907104,1.0,0.6409368515014648,8,9359
937,9,3,8,True,10507,7,False,False,False,False,0.2828426957130432,2.0,0.6581793427467346,5,2329
937,10,6,5,True,10507,1,False,False,False,False,0.19999998807907104,1.0,0.37202146649360657,7,5989
937,11,7,4,True,10507,1,False,False,False,False,0.4000000059604645,4.0,0.6948381662368774,11,9873
937,12,5,6,True,10507,2,False,False,False,False,0.4898979365825653,3.0,0.7169379591941833,8,5281
937,13,9,2,True,10507,1,False,False,False,False,0.2828426957130432,2.0,0.6095899939537048,11,4842
937,14,10,1,True,10507,1,False,True,True,True,0.0,0.0,0.7924644947052002,10,8039
937,15,8,3,True,10507,1,False,False,False,False,0.20000001788139343,1.0,0.7343024611473083,9,8029
937,16,6,5,True,10507,1,False,False,False,False,0.3464101552963257,3.0,0.5607138276100159,9,9873
937,17,3,8,True,10507,3,False,False,False,False,0.2828426957130432,2.0,0.4745524227619171,5,6492
937,18,10,1,True,10507,1,False,False,False,False,0.19999998807907104,1.0,0.5329164862632751,11,8039
937,19,11,0,True,10507,1,False,,,,,,0.7927168607711792,11,8039
937,20,11,0,True,10507,1,False,,,,,,0.7927168607711792,11,8039
937,21,10,1,True,10507,1,False,True,True,True,0.0,0.0,0.7924644947052002,10,8039
937,22,7,4,True,10507,2,False,True,True,True,0.0,0.0,0.6089335083961487,7,370
937,23,6,5,True,10507,1,False,False,False,False,0.3464101552963257,3.0,0.7552483677864075,9,8283
937,24,8,3,True,10507,1,False,False,False,False,0.4472135901451111,2.0,0.9095053672790527,10,7246
937,25,4,7,False,3,2,True,False,False,False,0.3464101552963257,3.0,0.34871187806129456,7,423
937,26,7,4,True,10507,1,False,True,True,True,0.0,0.0,0.634665310382843,7,5625
937,27,7,4,True,10507,2,False,False,False,False,0.2828426957130432,2.0,0.7285602688789368,9,5655
937,28,8,3,True,10507,1,False,False,False,False,0.19999998807907104,1.0,0.7343024611473083,9,6854
937,29,1,10,False,53,1,True,False,False,False,0.4472135901451111,2.0,0.4476605951786041,3,6455
937,30,9,2,True,10507,1,False,False,False,False,0.19999998807907104,1.0,0.8170679211616516,10,2157
937,31,10,1,True,10507,1,False,False,False,False,0.19999998807907104,1.0,0.5761944055557251,11,4065
