source_row,perturbation_id,masked_feature_count,unmasked_feature_count,used_fallback_to_all_rows,candidate_count_true,min_tie_count,masked_feature_admissible,exact_match_unmasked,near_match_unmasked_le_0_05,near_match_unmasked_le_0_10,l2_distance_unmasked,hamming_distance_unmasked,reference_full_l2_to_perturbed,reference_full_hamming_to_perturbed,selected_index
1485,0,8,3,True,10531,1,False,False,False,False,0.44721361994743347,2.0,0.700856626033783,10,4075
1485,1,2,9,True,10531,1,False,False,False,False,0.4472135901451111,2.0,0.651766836643219,4,7206
1485,2,6,5,True,10531,1,False,False,False,False,0.3464101552963257,3.0,0.6651315689086914,9,660
1485,3,6,5,True,10531,1,False,False,False,False,0.19999998807907104,1.0,0.3006659150123596,7,9647
1485,4,5,6,True,10531,1,False,False,False,False,0.2828426957130432,2.0,0.4753945469856262,7,8050
1485,5,8,3,True,10531,1,False,False,False,False,0.2828426957130432,2.0,0.5245950818061829,10,9382
1485,6,3,8,True,10531,1,False,False,False,False,0.19999998807907104,1.0,0.4303486943244934,4,3547
1485,7,4,7,True,10531,1,False,False,False,False,0.19999998807907104,1.0,0.3709447383880615,5,3959
1485,8,7,4,True,10531,1,False,False,False,False,0.4898979663848877,3.0,0.6219324469566345,10,8060
1485,9,11,0,True,10531,1,False,,,,,,0.7927168607711792,11,8060
1485,10,2,9,False,2958,45,True,True,True,True,0.0,0.0,0.028284255415201187,2,1753
1485,11,1,10,False,10446,88,True,True,True,True,0.0,0.0,0.019999980926513672,1,8524
1485,12,3,8,True,10531,1,False,False,False,False,0.19999998807907104,1.0,0.2986636757850647,4,7830
1485,13,2,9,False,2,1,True,False,False,False,0.2828426957130432,2.0,0.28425338864326477,4,4152
1485,14,7,4,True,10531,1,False,False,False,False,0.2828426957130432,2.0,0.6714164018630981,9,9896
1485,15,2,9,False,1,1,True,False,False,False,1.1661903858184814,9.0,1.1665332317352295,11,53
1485,16,3,8,False,1,1,True,False,False,False,0.9999999403953552,8.0,1.00059974193573,11,53
1485,17,2,9,False,4,1,True,False,False,False,0.8485281467437744,6.0,0.8489995002746582,8,6271
1485,18,8,3,True,10531,2,False,False,False,False,0.19999998807907104,1.0,0.6412488222122192,9,9382
1485,19,1,10,False,23,1,True,False,False,False,0.7211102843284607,7.0,0.7213875651359558,8,1162
1485,20,11,0,True,10531,1,False,,,,,,0.7927168607711792,11,8060
1485,21,2,9,False,23,1,True,False,False,False,0.5999999642372131,6.0,0.6006662845611572,8,1162
1485,22,11,0,True,10531,1,False,,,,,,0.7927168607711792,11,8060
1485,23,4,7,True,10531,1,False,False,False,False,0.19999998807907104,1.0,0.7222188115119934,5,3959
1485,24,4,7,True,10531,1,False,False,False,False,0.5291502475738525,4.0,0.6523802280426025,8,429
1485,25,11,0,True,10531,1,False,,,,,,0.7927168607711792,11,8060
1485,26,10,1,True,10531,1,False,True,True,True,0.0,0.0,0.7924644947052002,10,8060
1485,27,2,9,False,1,1,True,False,False,False,1.2649110555648804,9.0,1.265227198600769,11,26
1485,28,7,4,True,10531,1,False,False,False,False,0.4472135901451111,2.0,0.5888972878456116,9,6271
1485,29,1,10,False,573,29,True,True,True,True,0.0,0.0,0.019999995827674866,1,1744
1485,30,10,1,True,10531,1,False,True,True,True,0.0,0.0,0.761577308177948,10,6271
1485,31,5,6,True,10531,1,False,False,False,False,0.4898979663848877,3.0,0.7169379591941833,8,8050
6788,0,4,7,True,10531,1,False,False,False,False,0.19999998807907104,1.0,0.2993325889110565,5,2133
6788,1,9,2,True,10531,2,False,True,True,True,0.0,0.0,0.7400000095367432,9,3329
6788,2,6,5,True,10531,1,False,False,False,False,0.3464101552963257,3.0,0.5607138276100159,9,7204
6788,3,5,6,True,10531,1,False,False,False,False,0.2828426957130432,2.0,0.6340346932411194,7,251
6788,4,6,5,True,10531,1,False,False,False,False,0.4898979365825653,3.0,0.7499333620071411,9,7204
6788,5,6,5,True,10531,1,False,False,False,False,0.2828426957130432,2.0,0.5238320231437683,8,8997
6788,6,10,1,True,10531,1,False,True,True,True,0.0,0.0,0.7720103859901428,10,1969
6788,7,7,4,True,10531,1,False,False,False,False,0.4472135901451111,2.0,0.7230491042137146,9,8997
6788,8,7,4,True,10531,1,False,False,False,False,0.2828426957130432,2.0,0.6714164614677429,9,5069
6788,9,9,2,True,10531,1,False,True,True,True,0.0,0.0,0.7400000095367432,9,1969
6788,10,9,2,True,10531,1,False,False,False,False,0.19999998807907104,1.0,0.6415606141090393,10,3329
6788,11,2,9,False,1,1,True,False,False,False,0.8246211409568787,6.0,0.8251060843467712,8,8997
6788,12,5,6,True,10531,1,False,False,False,False,0.4472135901451111,2.0,0.5882176160812378,7,1969
6788,13,9,2,True,10531,1,False,False,False,False,0.20000001788139343,1.0,0.5325410962104797,10,8060
6788,14,2,9,True,10531,2,False,True,True,True,0.0,0.0,0.3111270070075989,2,5961
6788,15,6,5,True,10531,1,False,False,False,False,0.3464101552963257,3.0,0.7002856731414795,9,5293
6788,16,1,10,False,53,1,True,True,True,True,0.0,0.0,0.019999995827674866,1,406
6788,17,6,5,True,10531,1,False,True,True,True,0.0,0.0,0.5678027868270874,6,10226
6788,18,9,2,True,10531,2,False,False,False,False,0.19999998807907104,1.0,0.7665507793426514,10,3329
6788,19,2,9,False,10445,92,True,True,True,True,0.0,0.0,0.028284244239330292,2,1829
6788,20,1,10,False,10446,92,True,True,True,True,0.0,0.0,0.019999980926513672,1,3225
6788,21,8,3,True,10531,1,False,True,True,True,0.0,0.0,0.6474565863609314,8,1969
6788,22,1,10,False,2992,92,True,True,True,True,0.0,0.0,0.019999995827674866,1,7965
6788,23,11,0,True,10531,1,False,,,,,,0.7927168607711792,11,8060
6788,24,10,1,True,10531,1,False,False,False,False,0.3999999761581421,1.0,0.6723094582557678,11,4075
6788,25,1,10,False,5,1,True,False,False,False,0.8246211409568787,6.0,0.8248636722564697,7,8997
6788,26,10,1,True,10531,2,False,False,False,False,0.19999998807907104,1.0,0.7668116092681885,11,3329
6788,27,3,8,False,2,1,True,False,False,False,0.5656853914260864,2.0,0.5667451024055481,5,9647
6788,28,6,5,True,10531,1,False,False,False,False,0.4000000059604645,1.0,0.8114185333251953,7,1969
6788,29,11,0,True,10531,1,False,,,,,,0.7927168607711792,11,8060
6788,30,3,8,False,1,1,True,False,False,False,0.7211102843284607,2.0,0.7219418883323669,5,6335
6788,31,1,10,False,53,1,True,True,True,True,0.0,0.0,0.019999995827674866,1,406
3390,0,5,6,True,10531,1,False,False,False,False,0.3464101552963257,3.0,0.5157518982887268,8,10496
3390,1,8,3,True,10531,1,False,False,False,False,0.4898979365825653,3.0,0.622253954410553,11,6271
3390,2,4,7,True,10531,1,False,False,False,False,0.2828426957130432,2.0,0.35999998450279236,6,5033
3390,3,11,0,True,10531,1,False,,,,,,0.7927168607711792,11,8060
3390,4,1,10,False,53,1,True,False,False,False,0.20000001788139343,1.0,0.20099753141403198,2,422
3390,5,7,4,True,10531,1,False,True,True,True,0.0,0.0,0.6089335680007935,7,9950
3390,6,5,6,True,10531,1,False,False,False,False,0.20000001788139343,1.0,0.7549834251403809,6,2163
3390,7,6,5,True,10531,2,False,False,False,False,0.19999998807907104,1.0,0.7002856731414795,7,5293
3390,8,5,6,True,10531,2,False,False,False,False,0.2828426957130432,2.0,0.5234501361846924,7,1969
3390,9,8,3,True,10531,1,False,True,True,True,0.0,0.0,0.5685068368911743,8,3329
3390,10,10,1,True,10531,1,False,True,True,True,0.0,0.0,0.7402702569961548,10,3329
3390,11,3,8,False,1,1,True,False,False,False,1.1489125490188599,8.0,1.1494346857070923,11,53
3390,12,8,3,True,10531,1,False,True,True,True,0.0,0.0,0.6092618703842163,8,1969
3390,13,7,4,True,10531,1,False,True,True,True,0.0,0.0,0.8214621543884277,7,2669
3390,14,8,3,True,10531,2,False,False,False,False,0.20000001788139343,1.0,0.7343024611473083,9,9382
3390,15,2,9,True,10531,9,False,True,True,True,0.0,0.0,0.4741308093070984,2,8068
3390,16,7,4,True,10531,1,False,False,False,False,0.20000001788139343,1.0,0.5317894220352173,8,2163
3390,17,5,6,False,1,1,True,False,False,False,0.8944271802902222,6.0,0.8955445289611816,11,53
3390,18,6,5,True,10531,1,False,False,False,False,0.19999998807907104,1.0,0.6280127763748169,7,423
3390,19,6,5,True,10531,1,False,False,False,False,0.20000001788139343,1.0,0.7002857327461243,7,1969
3390,20,9,2,True,10531,1,False,False,False,False,0.20000001788139343,1.0,0.8170679211616516,10,7267
3390,21,1,10,False,26,3,True,False,False,False,0.20000001788139343,1.0,0.20099753141403198,2,8853
3390,22,1,10,False,573,2,True,False,False,False,0.2828426957130432,2.0,0.28354892134666443,3,4043
3390,23,11,0,True,10531,1,False,,,,,,0.7927168607711792,11,8060
3390,24,10,1,True,10531,2,False,True,True,True,0.0,0.0,0.7402702569961548,10,9382
3390,25,5,6,True,10531,1,False,False,False,False,0.19999998807907104,1.0,0.43127715587615967,6,10496
3390,26,11,0,True,10531,1,False,,,,,,0.7927168607711792,11,8060
3390,27,4,7,True,10531,6,False,True,True,True,0.0,0.0,0.4749736785888672,4,9934
3390,28,10,1,True,10531,1,False,True,True,True,0.0,0.0,0.7402702569961548,10,3329
3390,29,3,8,True,10531,2,False,False,False,False,0.19999998807907104,1.0,0.4660472273826599,4,4046
3390,30,5,6,True,10531,7,False,False,False,False,0.20000001788139343,1.0,0.5603570938110352,6,361
3390,31,4,7,True,10531,2,False,False,False,False,0.2828426957130432,2.0,0.4749736785888672,6,9520
1934,0,4,7,True,10531,1,False,False,False,False,0.19999998807907104,1.0,0.5153639912605286,5,7787
1934,1,6,5,True,10531,1,False,False,False,False,0.4000000059604645,1.0,0.6945502758026123,7,9950
1934,2,6,5,True,10531,1,False,False,False,False,0.2828426957130432,2.0,0.6945502758026123,8,5640
1934,3,4,7,True,10531,1,False,False,False,False,0.2828426957130432,2.0,0.5075430870056152,6,8316
1934,4,7,4,True,10531,1,False,False,False,False,0.2828426957130432,2.0,0.8116649985313416,9,5640
1934,5,9,2,True,10531,2,False,False,False,False,0.4472135901451111,2.0,0.836421012878418,11,3329
1934,6,2,9,False,1,1,True,False,False,False,1.039230465888977,8.0,1.039615273475647,10,8997
1934,7,9,2,True,10531,1,False,False,False,False,0.20000001788139343,1.0,0.7665507793426514,10,1969
1934,8,7,4,True,10531,1,False,False,False,False,0.20000001788139343,1.0,0.48456165194511414,8,8060
1934,9,2,9,False,1,1,True,False,False,False,1.3266499042510986,8.0,1.3269513845443726,10,26
1934,10,5,6,True,10531,1,False,False,False,False,0.20000001788139343,1.0,0.6403124332427979,6,1954
1934,11,5,6,True,10531,1,False,False,False,False,0.4000000059604645,4.0,0.7169379591941833,9,423
1934,12,7,4,True,10531,1,False,False,False,False,0.4000000059604645,1.0,0.8595348000526428,8,2163
1934,13,6,5,True,10531,2,False,False,False,False,0.3464101552963257,3.0,0.7552483677864075,9,5670
1934,14,1,10,False,10446,427,True,True,True,True,0.0,0.0,0.019999980926513672,1,2731
1934,15,9,2,True,10531,1,False,True,True,True,0.0,0.0,0.7613146305084229,9,6271
1934,16,6,5,True,10531,1,False,True,True,True,0.0,0.0,0.3136877417564392,6,7379
1934,17,7,4,True,10531,1,False,False,False,False,0.4898979067802429,3.0,0.6593936681747437,10,1025
1934,18,2,9,False,49,2,True,True,True,True,0.0,0.0,0.02828427590429783,2,4256
1934,19,5,6,True,10531,1,False,False,False,False,0.3464101552963257,3.0,0.6648308038711548,8,7204
1934,20,1,10,False,2992,83,True,True,True,True,0.0,0.0,0.019999995827674866,1,2372
1934,21,8,3,True,10531,2,False,False,False,False,0.4472135901451111,2.0,0.8361818790435791,10,9382
1934,22,8,3,True,10531,1,False,False,False,False,0.4898979067802429,3.0,0.6596968770027161,11,1025
1934,23,2,9,False,1,1,True,False,False,False,1.2961480617523193,9.0,1.2964566946029663,11,53
1934,24,10,1,True,10531,1,False,True,True,True,0.0,0.0,0.7720103859901428,10,1969
1934,25,7,4,True,10531,1,False,False,False,False,0.19999998807907104,1.0,0.48456165194511414,8,9382
1934,26,8,3,True,10531,1,False,False,False,False,0.2828426957130432,2.0,0.7288347482681274,10,8954
1934,27,9,2,True,10531,1,False,True,True,True,0.0,0.0,0.7400000095367432,9,9382
1934,28,2,9,True,10531,12,False,True,True,True,0.0,0.0,0.22090721130371094,2,5044
1934,29,11,0,True,10531,1,False,,,,,,0.7927168607711792,11,8060
1934,30,7,4,True,10531,1,False,False,False,False,0.2828426957130432,2.0,0.634665310382843,9,3329
1934,31,9,2,True,10531,1,False,True,True,True,0.0,0.0,0.7717512845993042,9,1969
5078,0,7,4,True,10531,1,False,False,False,False,0.4000000059604645,1.0,0.634665310382843,8,4075
5078,1,5,6,True,10531,1,False,False,False,False,0.3999999761581421,4.0,0.5531726479530334,9,4853
5078,2,11,0,True,10531,1,False,,,,,,0.7927168607711792,11,8060
5078,3,2,9,False,1,1,True,False,False,False,0.9165151715278625,7.0,0.9169515371322632,9,8997
5078,4,1,10,False,10446,41,True,True,True,True,0.0,0.0,0.019999980926513672,1,4028
5078,5,8,3,True,10531,1,False,True,True,True,0.0,0.0,0.5396294593811035,8,4075
5078,6,11,0,True,10531,1,False,,,,,,0.7927168607711792,11,8060
5078,7,6,5,True,10531,1,False,False,False,False,0.3464101552963257,3.0,0.5161395072937012,9,8997
5078,8,9,2,True,10531,2,False,True,True,True,0.0,0.0,0.7400000095367432,9,9382
5078,9,2,9,False,1,1,True,False,False,False,0.9591663479804993,6.0,0.9595832824707031,8,26
5078,10,10,1,True,10531,1,False,True,True,True,0.0,0.0,0.5403702259063721,10,4075
5078,11,3,8,True,10531,1,False,False,False,False,0.19999998807907104,1.0,0.5596427321434021,4,1020
5078,12,11,0,True,10531,1,False,,,,,,0.7927168607711792,11,8060
5078,13,1,10,False,573,16,True,True,True,True,0.0,0.0,0.019999995827674866,1,7817
5078,14,11,0,True,10531,1,False,,,,,,0.7927168607711792,11,8060
5078,15,11,0,True,10531,1,False,,,,,,0.7927168607711792,11,8060
5078,16,1,10,False,10446,41,True,True,True,True,0.0,0.0,0.019999980926513672,1,6116
5078,17,1,10,False,10495,41,True,True,True,True,0.0,0.0,0.019999980926513672,1,7458
5078,18,7,4,True,10531,1,False,False,False,False,0.4898979663848877,3.0,0.6219325065612793,10,8997
5078,19,1,10,False,1620,4,True,False,False,False,0.4000000059604645,1.0,0.40049970149993896,2,7090
5078,20,4,7,True,10531,1,False,False,False,False,0.19999998807907104,1.0,0.5600000023841858,5,564
5078,21,5,6,True,10531,1,False,False,False,False,0.20000000298023224,1.0,0.5603570938110352,6,10226
5078,22,5,6,True,10531,1,False,False,False,False,0.19999998807907104,1.0,0.5157518982887268,6,6431
5078,23,7,4,True,10531,1,False,False,False,False,0.44721361994743347,2.0,0.6654322147369385,9,4075
5078,24,4,7,True,10531,2,False,False,False,False,0.3464101552963257,3.0,0.6273754835128784,7,6874
5078,25,8,3,True,10531,2,False,False,False,False,0.19999998807907104,1.0,0.6412488222122192,9,9382
5078,26,8,3,True,10531,2,False,False,False,False,0.4000000059604645,1.0,0.8119113445281982,9,3329
5078,27,8,3,True,10531,1,False,False,False,False,0.2828426957130432,2.0,0.7065408825874329,10,7204
5078,28,3,8,False,23,3,True,False,False,False,0.7211102843284607,2.0,0.7219418883323669,5,722
5078,29,9,2,True,10531,1,False,True,True,True,0.0,0.0,0.7400000095367432,9,8997
5078,30,9,2,True,10531,1,False,True,True,True,0.0,0.0,0.5399999618530273,9,4075
5078,31,11,0,True,10531,1,False,,,,,,0.7927168607711792,11,8060
1844,0,11,0,True,10531,1,False,,,,,,0.7927168607711792,11,8060
1844,1,7,4,True,10531,1,False,False,False,False,0.4000000059604645,1.0,0.8311437964439392,8,10041
1844,2,7,4,True,10531,2,False,False,False,False,0.3464101552963257,3.0,0.6023287773132324,10,7204
1844,3,2,9,True,10531,5,False,False,False,False,0.20000001788139343,1.0,0.4656178951263428,3,10094
1844,4,4,7,True,10531,1,False,True,True,True,0.0,0.0,0.5230678915977478,4,6945
1844,5,10,1,True,10531,1,False,True,True,True,0.0,0.0,0.7924644947052002,10,8060
1844,6,7,4,True,10531,1,False,False,False,False,0.3464101552963257,3.0,0.7866384387016296,10,5598
1844,7,1,10,False,10446,465,True,True,True,True,0.0,0.0,0.019999980926513672,1,470
1844,8,6,5,True,10531,1,False,False,False,False,0.4000000059604645,1.0,0.5953150987625122,7,1957
1844,9,5,6,True,10531,1,False,False,False,False,0.19999998807907104,1.0,0.29999998211860657,6,4144
1844,10,10,1,True,10531,1,False,False,False,False,0.19999998807907104,1.0,0.846167802810669,11,4853
1844,11,2,9,False,7,1,True,False,False,False,0.2828426957130432,2.0,0.28425338864326477,4,8865
1844,12,6,5,True,10531,1,False,False,False,False,0.19999998807907104,1.0,0.48414871096611023,7,9700
1844,13,1,10,False,53,2,True,False,False,False,0.20000001788139343,1.0,0.20099753141403198,2,4256
1844,14,9,2,True,10531,1,False,False,False,False,0.19999998807907104,1.0,0.6415606141090393,10,9382
1844,15,7,4,True,10531,1,False,False,False,False,0.4000000059604645,1.0,0.8595348000526428,8,2163
1844,16,5,6,True,10531,1,False,True,True,True,0.0,0.0,0.22360679507255554,5,6335
1844,17,4,7,True,10531,1,False,True,True,True,0.0,0.0,0.5230678915977478,4,6945
1844,18,8,3,True,10531,1,False,True,True,True,0.0,0.0,0.7610518932342529,8,10041
1844,19,5,6,True,10531,1,False,False,False,False,0.2828426957130432,2.0,0.6942622661590576,7,7254
1844,20,1,10,False,1620,5,True,True,True,True,0.0,0.0,0.02000001072883606,1,7596
1844,21,7,4,True,10531,1,False,False,False,False,0.4898979365825653,3.0,0.6593936681747437,10,5808
1844,22,3,8,True,10531,3,False,True,True,True,0.0,0.0,0.31176915764808655,3,8759
1844,23,4,7,True,10531,2,False,False,False,False,0.2828426957130432,2.0,0.4749736785888672,6,1026
1844,24,4,7,True,10531,6,False,True,True,True,0.0,0.0,0.38157567381858826,4,1966
1844,25,1,10,False,5,1,True,False,False,False,1.0198038816452026,7.0,1.0199999809265137,8,8997
1844,26,7,4,True,10531,1,False,False,False,False,0.19999998807907104,1.0,0.7866384387016296,8,5640
1844,27,6,5,True,10531,1,False,False,False,False,0.4898979365825653,3.0,0.6590902805328369,9,5808
1844,28,10,1,True,10531,1,False,True,True,True,0.0,0.0,0.4939635396003723,10,8060
1844,29,4,7,True,10531,3,False,True,True,True,0.0,0.0,0.38157567381858826,4,634
1844,30,11,0,True,10531,1,False,,,,,,0.7927168607711792,11,8060
1844,31,5,6,True,10531,4,False,False,False,False,0.2828426957130432,2.0,0.4219004511833191,7,6355
427,0,9,2,True,10531,1,False,True,True,True,0.0,0.0,0.8506468534469604,9,9961
427,1,2,9,False,49,2,True,True,True,True,0.0,0.0,0.02828427590429783,2,370
427,2,11,0,True,10531,1,False,,,,,,0.7927168607711792,11,8060
427,3,4,7,True,10531,1,False,False,False,False,0.44721361994743347,2.0,0.6881860494613647,6,296
427,4,8,3,True,10531,2,False,False,False,False,0.19999998807907104,1.0,0.7662897706031799,9,3329
427,5,10,1,True,10531,1,False,True,True,True,0.0,0.0,0.761577308177948,10,6271
427,6,10,1,True,10531,1,False,True,True,True,0.0,0.0,0.761577308177948,10,6271
427,7,3,8,True,10531,2,False,False,False,False,0.19999998807907104,1.0,0.5149757266044617,4,2426
427,8,9,2,True,10531,1,False,True,True,True,0.0,0.0,0.7400000095367432,9,9382
427,9,6,5,True,10531,4,False,False,False,False,0.20000001788139343,1.0,0.5607138276100159,7,9239
427,10,7,4,True,10531,1,False,False,False,False,0.19999998807907104,1.0,0.5317894220352173,8,1969
427,11,11,0,True,10531,1,False,,,,,,0.7927168607711792,11,8060
427,12,6,5,True,10531,1,False,False,False,False,0.4472135901451111,2.0,0.6280127167701721,8,1969
427,13,7,4,True,10531,1,False,False,False,False,0.2828426957130432,2.0,0.7607890963554382,9,2669
427,14,4,7,True,10531,1,False,False,False,False,0.20000001788139343,1.0,0.430813193321228,5,1957
427,15,9,2,True,10531,1,False,True,True,True,0.0,0.0,0.7613146305084229,9,10041
427,16,6,5,True,10531,1,False,False,False,False,0.4000000059604645,1.0,0.5953150987625122,7,2163
427,17,10,1,True,10531,1,False,True,True,True,0.0,0.0,0.7402702569961548,10,9382
427,18,7,4,True,10531,1,False,False,False,False,0.19999998807907104,1.0,0.6023288369178772,8,9382
427,19,4,7,True,10531,3,False,False,False,False,0.19999998807907104,1.0,0.5153639912605286,5,8355
427,20,6,5,True,10531,2,False,False,False,False,0.19999998807907104,1.0,0.6019967198371887,7,678
427,21,7,4,True,10531,1,False,False,False,False,0.5656854510307312,2.0,0.6832276582717896,9,8060
427,22,5,6,True,10531,2,False,True,True,True,0.0,0.0,0.5234501361846924,5,5015
427,23,8,3,True,10531,1,False,True,True,True,0.0,0.0,0.7610518932342529,8,10041
427,24,5,6,True,10531,1,False,False,False,False,0.2828426957130432,2.0,0.5949790477752686,7,1960
427,25,4,7,True,10531,7,False,True,True,True,0.0,0.0,0.31240999698638916,4,4883
427,26,11,0,True,10531,1,False,,,,,,0.7927168607711792,11,8060
427,27,5,6,True,10531,1,False,False,False,False,0.19999998807907104,1.0,0.6648308038711548,6,7787
427,28,5,6,True,10531,1,False,False,False,False,0.4898979663848877,3.0,0.6212890148162842,8,8060
427,29,9,2,True,10531,1,False,False,False,False,0.3999999761581421,1.0,0.6720119118690491,10,4075
427,30,11,0,True,10531,1,False,,,,,,0.7927168607711792,11,8060
427,31,11,0,True,10531,1,False,,,,,,0.7927168607711792,11,8060
8091,0,9,2,True,10531,1,False,False,False,False,0.4000000059604645,1.0,0.5963220596313477,10,8060
8091,1,1,10,False,10495,83,True,True,True,True,0.0,0.0,0.019999980926513672,1,6644
8091,2,6,5,True,10531,1,False,False,False,False,0.5656854510307312,2.0,0.6829348802566528,8,8060
8091,3,9,2,True,10531,1,False,False,False,False,0.4000000059604645,1.0,0.5963220596313477,10,8060
8091,4,10,1,True,10531,2,False,True,True,True,0.0,0.0,0.7402702569961548,10,9382
8091,5,10,1,True,10531,2,False,True,True,True,0.0,0.0,0.7402702569961548,10,3329
8091,6,2,9,False,4,1,True,False,False,False,0.7483314871788025,5.0,0.7488658428192139,7,6271
8091,7,5,6,True,10531,4,False,False,False,False,0.2828426957130432,2.0,0.36055508255958557,7,35
8091,8,1,10,False,23,1,True,False,False,False,0.800000011920929,7.0,0.8002499938011169,8,7950
8091,9,8,3,True,10531,1,False,False,False,False,0.20000001788139343,1.0,0.484974205493927,9,8060
8091,10,7,4,True,10531,1,False,False,False,False,0.2828426957130432,2.0,0.7285602688789368,9,8954
8091,11,8,3,True,10531,1,False,False,False,False,0.3999999761581421,1.0,0.595986545085907,9,6271
8091,12,8,3,True,10531,1,False,False,False,False,0.2828426957130432,2.0,0.7610518932342529,10,5290
8091,13,9,2,True,10531,1,False,False,False,False,0.2828426957130432,2.0,0.7922121286392212,11,5293
8091,14,7,4,True,10531,1,False,False,False,False,0.4472135901451111,2.0,0.5888972878456116,9,6271
8091,15,11,0,True,10531,1,False,,,,,,0.7927168607711792,11,8060
8091,16,5,6,True,10531,1,False,False,False,False,0.19999998807907104,1.0,0.43127715587615967,6,6436
8091,17,10,1,True,10531,1,False,True,True,True,0.0,0.0,0.4939635396003723,10,8060
8091,18,5,6,True,10531,1,False,False,False,False,0.4472135901451111,2.0,0.6884766221046448,7,9382
8091,19,5,6,True,10531,6,False,True,True,True,0.0,0.0,0.382099449634552,5,9642
8091,20,2,9,False,23,1,True,False,False,False,0.800000011920929,7.0,0.8004998564720154,9,7950
8091,21,3,8,False,1,1,True,False,False,False,1.095445156097412,7.0,1.0959926843643188,10,26
8091,22,1,10,False,10495,83,True,True,True,True,0.0,0.0,0.019999980926513672,1,9505
8091,23,2,9,False,22,1,True,False,False,False,0.5999999642372131,6.0,0.6006662845611572,8,1162
8091,24,3,8,True,10531,1,False,False,False,False,0.632455587387085,4.0,0.7051241397857666,7,8060
8091,25,4,7,True,10531,1,False,False,False,False,0.2828426957130432,2.0,0.5946427583694458,6,10091
8091,26,3,8,False,1,1,True,False,False,False,1.3856406211853027,8.0,1.3860735893249512,11,53
8091,27,2,9,False,1,1,True,False,False,False,0.8485281467437744,7.0,0.8489994406700134,9,8997
8091,28,5,6,False,7,1,True,False,False,False,0.6324555277824402,2.0,0.6340347528457642,7,8865
8091,29,2,9,False,2932,83,True,True,True,True,0.0,0.0,0.028284255415201187,2,7385
8091,30,2,9,True,10531,1,False,False,False,False,0.19999998807907104,1.0,0.369864821434021,3,6436
8091,31,7,4,True,10531,1,False,False,False,False,0.4472135901451111,2.0,0.6654321551322937,9,4075
4276,0,6,5,True,10531,4,False,True,True,True,0.0,0.0,0.475815087556839,6,2966
4276,1,10,1,True,10531,1,False,True,True,True,0.0,0.0,0.7720103859901428,10,1969
4276,2,7,4,True,10531,1,False,False,False,False,0.20000001788139343,1.0,0.755513072013855,8,7267
4276,3,6,5,True,10531,1,False,False,False,False,0.20000001788139343,1.0,0.4317406713962555,7,8060
4276,4,11,0,True,10531,1,False,,,,,,0.7927168607711792,11,8060
4276,5,7,4,True,10531,1,False,False,False,False,0.40000003576278687,1.0,0.5538952946662903,8,8060
4276,6,11,0,True,10531,1,False,,,,,,0.7927168607711792,11,8060
4276,7,5,6,False,1,1,True,False,False,False,0.8944271802902222,6.0,0.8955445289611816,11,26
4276,8,10,1,True,10531,1,False,True,True,True,0.0,0.0,0.4939635396003723,10,8060
4276,9,8,3,True,10531,1,False,False,False,False,0.4472135901451111,2.0,0.6657326817512512,10,4075
4276,10,10,1,True,10531,1,False,True,True,True,0.0,0.0,0.761577308177948,10,8060
4276,11,3,8,False,1,1,True,False,False,False,1.1489125490188599,8.0,1.1494345664978027,11,53
4276,12,1,10,False,3,1,True,False,False,False,1.0198038816452026,7.0,1.0199999809265137,8,8997
4276,13,11,0,True,10531,1,False,,,,,,0.7927168607711792,11,8060
4276,14,5,6,True,10531,1,False,True,True,True,0.0,0.0,0.382099449634552,5,1954
4276,15,9,2,True,10531,1,False,True,True,True,0.0,0.0,0.7717512845993042,9,1969
4276,16,3,8,False,2,1,True,False,False,False,0.6000000238418579,6.0,0.6009991765022278,9,8997
4276,17,8,3,True,10531,1,False,True,True,True,0.0,0.0,0.5396294593811035,8,7267
4276,18,11,0,True,10531,1,False,,,,,,0.7927168607711792,11,8060
4276,19,9,2,True,10531,1,False,False,False,False,0.4472135603427887,2.0,0.6289674043655396,11,6271
4276,20,6,5,True,10531,1,False,False,False,False,0.20000001788139343,1.0,0.5607138276100159,7,1969
4276,21,6,5,True,10531,1,False,False,False,False,0.19999998807907104,1.0,0.6406247019767761,7,9950
4276,22,2,9,True,10531,2,False,False,False,False,0.2828426957130432,2.0,0.42047592997550964,4,296
4276,23,7,4,True,10531,1,False,False,False,False,0.19999998807907104,1.0,0.5317894220352173,8,9950
4276,24,2,9,True,10531,1,False,False,False,False,0.20000001788139343,1.0,0.2979933023452759,3,429
4276,25,5,6,True,10531,1,False,False,False,False,0.2828427255153656,2.0,0.4753945767879486,7,8060
4276,26,2,9,False,2,1,True,False,False,False,0.8485281467437744,7.0,0.8489994406700134,9,8997
4276,27,11,0,True,10531,1,False,,,,,,0.7927168607711792,11,8060
4276,28,11,0,True,10531,1,False,,,,,,0.7927168607711792,11,8060
4276,29,5,6,True,10531,1,False,False,False,False,0.20000001788139343,1.0,0.3714835047721863,6,1969
4276,30,8,3,True,10531,1,False,False,False,False,0.19999998807907104,1.0,0.7969943881034851,9,9950
4276,31,6,5,True,10531,2,False,False,False,False,0.20000001788139343,1.0,0.4317406713962555,7,9520
7790,0,7,4,True,10531,1,False,True,True,True,0.0,0.0,0.6089335083961487,7,9382
7790,1,1,10,False,10446,83,True,True,True,True,0.0,0.0,0.019999980926513672,1,6738
7790,2,9,2,True,10531,1,False,False,False,False,0.19999998807907104,1.0,0.7345747351646423,10,9382
7790,3,2,9,True,10531,1,False,False,False,False,0.19999998807907104,1.0,0.2979932725429535,3,7299
7790,4,7,4,True,10531,1,False,False,False,False,0.5999999642372131,3.0,0.776401937007904,10,4853
7790,5,11,0,True,10531,1,False,,,,,,0.7927168607711792,11,8060
7790,6,5,6,True,10531,2,False,True,True,True,0.0,0.0,0.44045430421829224,5,7171
7790,7,1,10,False,26,1,True,False,False,False,0.19999998807907104,1.0,0.2009975016117096,2,4152
7790,8,10,1,True,10531,2,False,True,True,True,0.0,0.0,0.7402702569961548,10,3329
7790,9,3,8,True,10531,1,False,False,False,False,0.3464101552963257,3.0,0.5451605319976807,6,5640
7790,10,11,0,True,10531,1,False,,,,,,0.7927168607711792,11,8060
7790,11,11,0,True,10531,1,False,,,,,,0.7927168607711792,11,8060
7790,12,4,7,False,2,1,True,False,False,False,0.19999998807907104,1.0,0.20396076142787933,5,4152
7790,13,2,9,False,1,1,True,False,False,False,1.183215856552124,7.0,1.18355393409729,9,26
7790,14,6,5,True,10531,2,False,False,False,False,0.3464101552963257,3.0,0.601996660232544,9,7204
7790,15,9,2,True,10531,1,False,False,False,False,0.19999998807907104,1.0,0.6415606141090393,10,3329
7790,16,10,1,True,10531,1,False,True,True,True,0.0,0.0,0.7924644947052002,10,8060
7790,17,9,2,True,10531,2,False,False,False,False,0.19999998807907104,1.0,0.6415606141090393,10,9382
7790,18,4,7,True,10531,2,False,False,False,False,0.19999998807907104,1.0,0.6997142434120178,5,8301
7790,19,3,8,True,10531,2,False,False,False,False,0.2828426957130432,2.0,0.4745523929595947,5,1120
7790,20,5,6,True,10531,1,False,False,False,False,0.4472135901451111,2.0,0.7224957346916199,7,9382
7790,21,6,5,True,10531,1,False,False,False,False,0.3999999761581421,4.0,0.5535340905189514,10,8997
7790,22,1,10,False,1620,22,True,True,True,True,0.0,0.0,0.02000001072883606,1,6628
7790,23,9,2,True,10531,1,False,False,False,False,0.20000001788139343,1.0,0.5325410962104797,10,8060
7790,24,9,2,True,10531,1,False,True,True,True,0.0,0.0,0.49355849623680115,9,8060
7790,25,2,9,False,1,1,True,False,False,False,1.5099668502807617,9.0,1.5102317333221436,11,53
7790,26,1,10,False,23,1,True,False,False,False,0.800000011920929,7.0,0.8002499938011169,8,7950
7790,27,2,9,False,540,8,True,False,False,False,0.2828426957130432,2.0,0.28425338864326477,4,293
7790,28,6,5,True,10531,1,False,False,False,False,0.20000001788139343,1.0,0.4841487407684326,7,8060
7790,29,3,8,False,1,1,True,False,False,False,1.095445156097412,7.0,1.0959926843643188,10,26
7790,30,5,6,True,10531,1,False,False,False,False,0.2828426957130432,2.0,0.4753945767879486,7,5292
7790,31,6,5,True,10531,1,False,False,False,False,0.5656854510307312,2.0,0.6829348802566528,8,8060
868,0,6,5,True,10531,1,False,False,False,False,0.20000001788139343,1.0,0.4841487407684326,7,1969
868,1,3,8,True,10531,2,False,False,False,False,0.20000001788139343,1.0,0.5596427917480469,4,1960
868,2,5,6,True,10531,1,False,False,False,False,0.20000001788139343,1.0,0.43127715587615967,6,10041
868,3,8,3,True,10531,1,False,True,True,True,0.0,0.0,0.7919595837593079,8,7267
868,4,7,4,True,10531,1,False,True,True,True,0.0,0.0,0.49274739623069763,7,1969
868,5,2,9,False,23,1,True,False,False,False,0.8485281467437744,7.0,0.8489995002746582,9,7950
868,6,8,3,True,10531,1,False,False,False,False,0.20000001788139343,1.0,0.7868926525115967,9,2163
868,7,1,10,False,10446,6,True,True,True,True,0.0,0.0,0.019999980926513672,1,8907
868,8,3,8,False,1,1,True,False,False,False,0.8246211409568787,6.0,0.825348436832428,9,8997
868,9,3,8,True,10531,1,False,False,False,False,0.20000001788139343,1.0,0.4303486943244934,4,2163
868,10,4,7,True,10531,1,False,False,False,False,0.20000001788139343,1.0,0.4833218455314636,5,7267
868,11,4,7,False,1,1,True,False,False,False,1.1489125490188599,6.0,1.1496086120605469,10,26
868,12,3,8,True,10531,2,False,False,False,False,0.20000001788139343,1.0,0.2986637055873871,4,10496
868,13,1,10,False,573,1,True,False,False,False,0.4472135901451111,5.0,0.44766056537628174,6,4043
868,14,9,2,True,10531,1,False,True,True,True,0.0,0.0,0.7717512845993042,9,1969
868,15,9,2,True,10531,1,False,False,False,False,0.20000000298023224,1.0,0.5325410962104797,10,8060
868,16,9,2,True,10531,1,False,False,False,False,0.20000001788139343,1.0,0.7665507793426514,10,3329
868,17,11,0,True,10531,1,False,,,,,,0.7927168607711792,11,8060
868,18,6,5,True,10531,4,False,False,False,False,0.19999998807907104,1.0,0.37202149629592896,7,2672
868,19,8,3,True,10531,1,False,True,True,True,0.0,0.0,0.6474565863609314,8,1969
868,20,4,7,True,10531,1,False,False,False,False,0.20000001788139343,1.0,0.4833218455314636,5,7267
868,21,4,7,True,10531,1,False,False,False,False,0.34641018509864807,3.0,0.5153639912605286,7,8060
868,22,2,9,False,1,1,True,False,False,False,1.3114876747131348,8.0,1.3117926120758057,10,26
868,23,6,5,True,10531,1,False,False,False,False,0.2828427255153656,2.0,0.5238320231437683,8,8060
868,24,3,8,True,10531,1,False,False,False,False,0.20000001788139343,1.0,0.3704051673412323,4,4156
868,25,4,7,True,10531,2,False,False,False,False,0.2828427255153656,2.0,0.6939740777015686,6,1960
868,26,11,0,True,10531,1,False,,,,,,0.7927168607711792,11,8060
868,27,8,3,True,10531,1,False,False,False,False,0.20000001788139343,1.0,0.484974205493927,9,8060
868,28,2,9,False,23,7,True,False,False,False,0.20000001788139343,1.0,0.20199011266231537,3,9122
868,29,8,3,True,10531,1,False,False,False,False,0.4000000059604645,1.0,0.55425626039505,9,8060
868,30,6,5,True,10531,1,False,False,False,False,0.2828427255153656,2.0,0.475815087556839,8,8060
868,31,3,8,True,10531,1,False,False,False,False,0.20000001788139343,1.0,0.2986637055873871,4,4156
6467,0,5,6,True,10531,1,False,False,False,False,0.19999998807907104,1.0,0.5603570938110352,6,5656
6467,1,7,4,True,10531,1,False,False,False,False,0.4472135603427887,2.0,0.8067218065261841,9,834
6467,2,8,3,True,10531,1,False,True,True,True,0.0,0.0,0.8504117131233215,8,9961
6467,3,8,3,True,10531,1,False,False,False,False,0.3464101552963257,3.0,0.7868926525115967,11,6874
6467,4,7,4,True,10531,1,False,False,False,False,0.4000000059604645,1.0,0.7285602688789368,8,1969
6467,5,8,3,True,10531,1,False,True,True,True,0.0,0.0,0.7397297024726868,8,1969
6467,6,8,3,True,10531,1,False,True,True,True,0.0,0.0,0.5396294593811035,8,7267
6467,7,9,2,True,10531,1,False,False,False,False,0.4000000059604645,1.0,0.5963220596313477,10,8060
6467,8,7,4,True,10531,2,False,False,False,False,0.19999998807907104,1.0,0.6023288369178772,8,678
6467,9,4,7,True,10531,4,False,False,False,False,0.19999998807907104,1.0,0.5600000023841858,5,9530
6467,10,1,10,False,10446,427,True,True,True,True,0.0,0.0,0.019999980926513672,1,908
6467,11,1,10,False,23,1,True,False,False,False,1.0,8.0,1.0002000331878662,9,7950
6467,12,9,2,True,10531,1,False,False,False,False,0.20000001788139343,1.0,0.4853864312171936,10,8060
6467,13,4,7,True,10531,1,False,False,False,False,0.19999998807907104,1.0,0.3709447383880615,5,4257
6467,14,3,8,False,2,2,True,False,False,False,0.9165151119232178,7.0,0.9171695709228516,10,7522
6467,15,1,10,False,53,2,True,False,False,False,0.20000001788139343,1.0,0.20099753141403198,2,370
6467,16,8,3,True,10531,1,False,False,False,False,0.3464101552963257,3.0,0.700856626033783,11,7204
6467,17,4,7,True,10531,1,False,False,False,False,0.2828426957130432,2.0,0.5946427583694458,6,5290
6467,18,6,5,True,10531,1,False,False,False,False,0.6000000238418579,3.0,0.6770524382591248,9,6271
6467,19,5,6,True,10531,1,False,False,False,False,0.4898979663848877,3.0,0.6212890148162842,8,8060
6467,20,2,9,False,1620,117,True,True,True,True,0.0,0.0,0.028284266591072083,2,7760
6467,21,3,8,True,10531,2,False,False,False,False,0.19999998807907104,1.0,0.5149757266044617,4,9706
6467,22,3,8,True,10531,1,False,False,False,False,0.19999998807907104,1.0,0.6642289161682129,4,7787
6467,23,9,2,True,10531,2,False,False,False,False,0.19999998807907104,1.0,0.6415606141090393,10,3329
6467,24,2,9,False,2,1,True,False,False,False,1.2489995956420898,8.0,1.2493197917938232,10,26
6467,25,1,10,False,53,2,True,False,False,False,0.20000001788139343,1.0,0.20099753141403198,2,4256
6467,26,2,9,False,1,1,True,False,False,False,1.2961480617523193,9.0,1.2964566946029663,11,53
6467,27,4,7,True,10531,1,False,False,False,False,0.3464101552963257,3.0,0.6273754835128784,7,2669
6467,28,10,1,True,10531,2,False,False,False,False,0.19999998807907104,1.0,0.7668116688728333,11,9382
6467,29,9,2,True,10531,1,False,False,False,False,0.4000000059604645,1.0,0.8411896824836731,10,1969
6467,30,11,0,True,10531,1,False,,,,,,0.7927168607711792,11,8060
6467,31,9,2,True,10531,2,False,False,False,False,0.19999998807907104,1.0,0.6415606141090393,10,9382
6685,0,8,3,True,10531,2,False,False,False,False,0.4472135901451111,2.0,0.7233256697654724,10,9382
6685,1,5,6,True,10531,1,False,False,False,False,0.19999998807907104,1.0,0.43127715587615967,6,4156
6685,2,10,1,True,10531,1,False,True,True,True,0.0,0.0,0.8221921920776367,10,7267
6685,3,11,0,True,10531,1,False,,,,,,0.7927168607711792,11,8060
6685,4,9,2,True,10531,1,False,False,False,False,0.2828426957130432,2.0,0.8411896228790283,11,4853
6685,5,5,6,True,10531,1,False,False,False,False,0.3999999761581421,4.0,0.507936954498291,9,8997
6685,6,11,0,True,10531,1,False,,,,,,0.7927168607711792,11,8060
6685,7,10,1,True,10531,1,False,True,True,True,0.0,0.0,0.7720103859901428,10,1969
6685,8,3,8,True,10531,1,False,False,False,False,0.19999998807907104,1.0,0.2986636757850647,4,7299
6685,9,6,5,True,10531,1,False,False,False,False,0.3464101552963257,3.0,0.6651315689086914,9,3329
6685,10,9,2,True,10531,1,False,False,False,False,0.4000000059604645,1.0,0.5963220596313477,10,8060
6685,11,11,0,True,10531,1,False,,,,,,0.7927168607711792,11,8060
6685,12,10,1,True,10531,1,False,True,True,True,0.0,0.0,0.7924644947052002,10,8060
6685,13,1,10,False,10495,427,True,True,True,True,0.0,0.0,0.019999980926513672,1,5703
6685,14,4,7,True,10531,1,False,False,False,False,0.3464101552963257,3.0,0.754718542098999,7,2669
6685,15,2,9,False,1,1,True,False,False,False,1.2961480617523193,9.0,1.2964566946029663,11,53
6685,16,1,10,False,10446,427,True,True,True,True,0.0,0.0,0.019999980926513672,1,4745
6685,17,2,9,False,49,2,True,True,True,True,0.0,0.0,0.02828427590429783,2,370
6685,18,7,4,True,10531,1,False,False,False,False,0.19999998807907104,1.0,0.6023288369178772,8,9382
6685,19,3,8,False,1,1,True,False,False,False,1.1489125490188599,8.0,1.1494345664978027,11,53
6685,20,9,2,True,10531,2,False,False,False,False,0.19999998807907104,1.0,0.7665507793426514,10,3329
6685,21,11,0,True,10531,1,False,,,,,,0.7927168607711792,11,8060
6685,22,5,6,True,10531,3,False,False,False,False,0.2828426957130432,2.0,0.4753945469856262,7,5161
6685,23,5,6,True,10531,1,False,False,False,False,0.44721361994743347,2.0,0.5882176756858826,7,2163
6685,24,9,2,True,10531,2,False,False,False,False,0.19999998807907104,1.0,0.7665507793426514,10,9382
6685,25,5,6,True,10531,2,False,False,False,False,0.19999998807907104,1.0,0.3714834749698639,6,2122
6685,26,2,9,True,10531,1,False,False,False,False,0.19999998807907104,1.0,0.2979932725429535,3,4380
6685,27,3,8,True,10531,1,False,False,False,False,0.19999998807907104,1.0,0.2986636757850647,4,7299
6685,28,10,1,True,10531,1,False,True,True,True,0.0,0.0,0.8221921920776367,10,7267
6685,29,10,1,True,10531,1,False,False,False,False,0.19999998807907104,1.0,0.846167802810669,11,4853
6685,30,1,10,False,1620,117,True,True,True,True,0.0,0.0,0.02000001072883606,1,6477
6685,31,10,1,True,10531,1,False,False,False,False,0.19999998807907104,1.0,0.846167802810669,11,4853
974,0,11,0,True,10531,1,False,,,,,,0.7927168607711792,11,8060
974,1,9,2,True,10531,2,False,False,False,False,0.19999998807907104,1.0,0.7665507793426514,10,3329
974,2,11,0,True,10531,1,False,,,,,,0.7927168607711792,11,8060
974,3,5,6,True,10531,1,False,False,False,False,0.19999998807907104,1.0,0.29999998211860657,6,9647
974,4,9,2,True,10531,1,False,True,True,True,0.0,0.0,0.8506468534469604,9,9961
974,5,3,8,True,10531,2,False,False,False,False,0.2828426957130432,2.0,0.5943063497543335,5,9172
974,6,2,9,True,10531,2,False,True,True,True,0.0,0.0,0.6578753590583801,2,1695
974,7,10,1,True,10531,1,False,True,True,True,0.0,0.0,0.7402702569961548,10,8997
974,8,5,6,True,10531,2,False,True,True,True,0.0,0.0,0.5234501361846924,5,5075
974,9,4,7,True,10531,1,False,True,True,True,0.0,0.0,0.22271056473255157,4,6335
974,10,4,7,True,10531,1,False,False,False,False,0.19999998807907104,1.0,0.5600000023841858,5,5064
974,11,4,7,True,10531,2,False,True,True,True,0.0,0.0,0.65848308801651,4,1916
974,12,6,5,True,10531,1,False,False,False,False,0.19999998807907104,1.0,0.7657676339149475,7,9961
974,13,9,2,True,10531,1,False,False,False,False,0.19999998807907104,1.0,0.6779380440711975,10,7204
974,14,6,5,True,10531,1,False,False,False,False,0.2828426957130432,2.0,0.4758150577545166,8,8997
974,15,10,1,True,10531,1,False,False,False,False,0.19999998807907104,1.0,0.5761944055557251,11,4075
974,16,8,3,True,10531,1,False,False,False,False,0.4000000059604645,1.0,0.6951258778572083,9,8997
974,17,6,5,True,10531,1,False,False,False,False,0.19999998807907104,1.0,0.733757495880127,7,9688
974,18,11,0,True,10531,1,False,,,,,,0.7927168607711792,11,8060
974,19,8,3,True,10531,1,False,False,False,False,0.4472135901451111,2.0,0.6657326817512512,10,4075
974,20,4,7,True,10531,1,False,False,False,False,0.19999998807907104,1.0,0.601331889629364,5,9688
974,21,7,4,True,10531,1,False,False,False,False,0.4000000059604645,1.0,0.6948381066322327,8,8997
974,22,1,10,False,1620,5,True,False,False,False,0.19999998807907104,1.0,0.2009975016117096,2,4354
974,23,7,4,True,10531,2,False,True,True,True,0.0,0.0,0.6089335083961487,7,7171
974,24,7,4,True,10531,1,False,False,False,False,0.4000000059604645,1.0,0.8116649985313416,8,8050
974,25,3,8,False,2,1,True,False,False,False,0.8246211409568787,6.0,0.825348436832428,9,8997
974,26,5,6,True,10531,1,False,False,False,False,0.3464101552963257,3.0,0.6648308038711548,8,2669
974,27,2,9,True,10531,1,False,False,False,False,0.3464101552963257,3.0,0.5447935461997986,5,3026
974,28,8,3,True,10531,1,False,True,True,True,0.0,0.0,0.5685068368911743,8,6344
974,29,6,5,True,10531,1,False,False,False,False,0.6000000238418579,3.0,0.7116178870201111,9,8060
974,30,4,7,False,1,1,True,False,False,False,0.4000000059604645,1.0,0.4019950032234192,5,6335
974,31,7,4,True,10531,1,False,True,True,True,0.0,0.0,0.7394592761993408,7,8940
6010,0,10,1,True,10531,1,False,True,True,True,0.0,0.0,0.7720103859901428,10,1969
6010,1,6,5,True,10531,4,False,True,True,True,0.0,0.0,0.5678027868270874,6,2966
6010,2,4,7,True,10531,1,False,False,False,False,0.2828427255153656,2.0,0.5946427583694458,6,429
6010,3,5,6,True,10531,2,False,False,False,False,0.3464101552963257,3.0,0.6276942491531372,8,7204
6010,4,1,10,False,3,1,True,False,False,False,0.9797959327697754,8.0,0.9800000190734863,9,8997
6010,5,5,6,True,10531,1,False,False,False,False,0.40000003576278687,4.0,0.5079370141029358,9,8060
6010,6,4,7,True,10531,7,False,True,True,True,0.0,0.0,0.5230678915977478,4,4883
6010,7,7,4,True,10531,1,False,False,False,False,0.2828427255153656,2.0,0.8407139778137207,9,7267
6010,8,2,9,False,25,3,True,False,False,False,0.20000001788139343,1.0,0.20199011266231537,3,9130
6010,9,7,4,True,10531,2,False,False,False,False,0.19999998807907104,1.0,0.73403000831604,8,5293
6010,10,5,6,True,10531,1,False,False,False,False,0.20000001788139343,1.0,0.43127715587615967,6,429
6010,11,5,6,True,10531,2,False,False,False,False,0.2828426957130432,2.0,0.7280110120773315,7,10082
6010,12,7,4,True,10531,1,False,False,False,False,0.20000001788139343,1.0,0.73403000831604,8,1969
6010,13,3,8,False,1,1,True,False,False,False,1.2000000476837158,8.0,1.2004998922348022,11,26
6010,14,9,2,True,10531,2,False,True,True,True,0.0,0.0,0.7400000095367432,9,3329
6010,15,8,3,True,10531,1,False,False,False,False,0.4472135901451111,2.0,0.6657326817512512,10,4075
6010,16,1,10,False,10446,164,True,True,True,True,0.0,0.0,0.019999980926513672,1,3373
6010,17,8,3,True,10531,1,False,False,False,False,0.20000001788139343,1.0,0.7662897706031799,9,1954
6010,18,6,5,True,10531,1,False,False,False,False,0.4472135603427887,5.0,0.5885575413703918,11,5069
6010,19,6,5,True,10531,1,False,False,False,False,0.2828426957130432,2.0,0.6711184978485107,8,1969
6010,20,8,3,True,10531,6,False,False,False,False,0.19999998807907104,1.0,0.6026607751846313,9,9239
6010,21,4,7,False,1,1,True,False,False,False,0.8717797994613647,7.0,0.8726969957351685,11,53
6010,22,8,3,True,10531,1,False,False,False,False,0.20000001788139343,1.0,0.7662897706031799,9,1969
6010,23,10,1,True,10531,1,False,True,True,True,0.0,0.0,0.7720103859901428,10,1969
6010,24,7,4,True,10531,1,False,False,False,False,0.44721361994743347,2.0,0.5888972878456116,9,8060
6010,25,8,3,True,10531,1,False,False,False,False,0.20000001788139343,1.0,0.6412488222122192,9,1969
6010,26,1,10,False,23,1,True,False,False,False,0.8717797994613647,8.0,0.8720092177391052,9,7950
6010,27,9,2,True,10531,1,False,False,False,False,0.20000001788139343,1.0,0.4853864312171936,10,8060
6010,28,4,7,True,10531,1,False,False,False,False,0.20000001788139343,1.0,0.466476172208786,5,4527
6010,29,4,7,True,10531,1,False,False,False,False,0.34641018509864807,3.0,0.5600000023841858,7,7267
6010,30,6,5,True,10531,1,False,False,False,False,0.2828426957130432,2.0,0.5678027868270874,8,4295
6010,31,7,4,True,10531,2,False,False,False,False,0.2828426957130432,2.0,0.5681549310684204,9,7204
1443,0,8,3,True,10531,1,False,False,False,False,0.20000001788139343,1.0,0.7662897706031799,9,5808
1443,1,5,6,True,10531,1,False,False,False,False,0.19999998807907104,1.0,0.5157518982887268,6,10478
1443,2,9,2,True,10531,1,False,True,True,True,0.0,0.0,0.7613146305084229,9,6271
1443,3,10,1,True,10531,2,False,False,False,False,0.19999998807907104,1.0,0.7668116092681885,11,3329
1443,4,9,2,True,10531,1,False,False,False,False,0.4472135901451111,2.0,0.6660330295562744,11,4075
1443,5,7,4,True,10531,1,False,False,False,False,0.4898979663848877,3.0,0.6219325065612793,10,6271
1443,6,9,2,True,10531,1,False,False,False,False,0.4000000059604645,1.0,0.8411896824836731,10,1969
1443,7,11,0,True,10531,1,False,,,,,,0.7927168607711792,11,8060
1443,8,4,7,True,10531,1,False,True,True,True,0.0,0.0,0.4749737083911896,4,5105
1443,9,5,6,True,10531,1,False,False,False,False,0.4000000059604645,4.0,0.5949789881706238,9,9896
1443,10,7,4,True,10531,1,False,False,False,False,0.19999998807907104,1.0,0.5317894220352173,8,1969
1443,11,8,3,True,10531,1,False,True,True,True,0.0,0.0,0.6474565863609314,8,5808
1443,12,7,4,True,10531,1,False,False,False,False,0.4472135901451111,2.0,0.755513072013855,9,296
1443,13,6,5,True,10531,1,False,False,False,False,0.19999998807907104,1.0,0.733757495880127,7,5694
1443,14,7,4,True,10531,2,False,False,False,False,0.4472135901451111,2.0,0.6890573501586914,9,3329
1443,15,10,1,True,10531,2,False,False,False,False,0.19999998807907104,1.0,0.7668116688728333,11,9382
1443,16,6,5,True,10531,3,False,False,False,False,0.2828426957130432,2.0,0.5535340905189514,8,5369
1443,17,8,3,True,10531,2,False,False,False,False,0.19999998807907104,1.0,0.7662897706031799,9,8050
1443,18,6,5,True,10531,1,False,False,False,False,0.3464101552963257,3.0,0.5607138276100159,9,5808
1443,19,7,4,True,10531,1,False,False,False,False,0.19999998807907104,1.0,0.7866384387016296,8,10478
1443,20,2,9,False,25,1,True,False,False,False,0.4898979663848877,3.0,0.49071377515792847,5,7830
1443,21,7,4,True,10531,1,False,False,False,False,0.2828426957130432,2.0,0.6714164614677429,9,5808
1443,22,3,8,True,10531,1,False,True,True,True,0.0,0.0,0.4745524525642395,3,5809
1443,23,7,4,True,10531,1,False,False,False,False,0.6000000238418579,3.0,0.711898922920227,10,6271
1443,24,1,10,False,3,1,True,False,False,False,0.9380832314491272,8.0,0.938296377658844,9,8997
1443,25,3,8,False,1,1,True,False,False,False,0.9380831122398376,8.0,0.938722550868988,11,53
1443,26,7,4,True,10531,1,False,False,False,False,0.19999998807907104,1.0,0.7866384387016296,8,5640
1443,27,7,4,True,10531,1,False,False,False,False,0.4898979663848877,3.0,0.6948381066322327,10,4075
1443,28,3,8,False,2,1,True,False,False,False,0.4472135901451111,2.0,0.4485532343387604,5,4152
1443,29,6,5,True,10531,1,False,False,False,False,0.5291502475738525,4.0,0.7761443853378296,10,9896
1443,30,5,6,True,10531,2,False,False,False,False,0.20000001788139343,1.0,0.6648308038711548,6,7830
1443,31,4,7,True,10531,2,False,False,False,False,0.2828426957130432,2.0,0.5946427583694458,6,10082
6456,0,9,2,True,10531,1,False,False,False,False,0.40000003576278687,1.0,0.8600000143051147,10,6271
6456,1,5,6,True,10531,1,False,False,False,False,0.2828426957130432,2.0,0.6340346932411194,7,5069
6456,2,9,2,True,10531,1,False,False,False,False,0.19999998807907104,1.0,0.6415606141090393,10,9382
6456,3,6,5,True,10531,1,False,False,False,False,0.4000000059604645,1.0,0.6945502758026123,7,1969
6456,4,2,9,False,220,4,True,False,False,False,0.4000000059604645,1.0,0.4009987711906433,3,7087
6456,5,8,3,True,10531,1,False,False,False,False,0.3464101552963257,3.0,0.6412487626075745,11,4853
6456,6,4,7,True,10531,2,False,False,False,False,0.2828426957130432,2.0,0.4749736785888672,6,10100
6456,7,2,9,True,10531,2,False,False,False,False,0.20000001788139343,1.0,0.5145872235298157,3,2379
6456,8,5,6,False,1,1,True,False,False,False,0.9591663479804993,6.0,0.9602083563804626,11,26
6456,9,6,5,True,10531,2,False,False,False,False,0.19999998807907104,1.0,0.7002857327461243,7,10082
6456,10,6,5,True,10531,1,False,False,False,False,0.2828426957130432,2.0,0.5238320231437683,8,7285
6456,11,3,8,True,10531,1,False,False,False,False,0.4000000059604645,1.0,0.552449107170105,4,878
6456,12,2,9,True,10531,1,False,False,False,False,0.2828426957130432,2.0,0.5067543983459473,4,5851
6456,13,6,5,True,10531,2,False,False,False,False,0.19999998807907104,1.0,0.6019967198371887,7,2216
6456,14,1,10,False,10495,263,True,True,True,True,0.0,0.0,0.019999980926513672,1,1455
6456,15,4,7,True,10531,2,False,False,False,False,0.19999998807907104,1.0,0.5153639912605286,5,9407
6456,16,7,4,True,10531,1,False,False,False,False,0.19999998807907104,1.0,0.6773477792739868,8,1954
6456,17,4,7,False,1,1,True,False,False,False,0.9165151715278625,7.0,0.9173876047134399,11,53
6456,18,4,7,True,10531,1,False,False,False,False,0.3464101552963257,3.0,0.6273754835128784,7,1163
6456,19,6,5,True,10531,1,False,False,False,False,0.4898979365825653,3.0,0.6590902805328369,9,9896
6456,20,8,3,True,10531,1,False,False,False,False,0.3464101552963257,3.0,0.700856626033783,11,5293
6456,21,4,7,True,10531,1,False,False,False,False,0.6633249521255493,5.0,0.795989990234375,9,4821
6456,22,6,5,True,10531,2,False,False,False,False,0.4898979365825653,3.0,0.6216108202934265,9,9147
6456,23,2,9,False,7,1,True,False,False,False,0.4472135901451111,2.0,0.44810715317726135,4,406
6456,24,7,4,True,10531,1,False,False,False,False,0.6324555277824402,4.0,0.7712328433990479,11,4075
6456,25,1,10,False,26,1,True,False,False,False,0.4898979663848877,3.0,0.4903060495853424,4,7830
6456,26,5,6,True,10531,1,False,False,False,False,0.19999998807907104,1.0,0.6016644239425659,6,5694
6456,27,4,7,True,10531,1,False,False,False,False,0.19999998807907104,1.0,0.430813193321228,5,8191
6456,28,8,3,True,10531,1,False,False,False,False,0.4898979663848877,3.0,0.7288346886634827,11,4853
6456,29,5,6,True,10531,1,False,False,False,False,0.2828426957130432,2.0,0.6340347528457642,7,3547
6456,30,10,1,True,10531,1,False,True,True,True,0.0,0.0,0.761577308177948,10,6271
6456,31,5,6,True,10531,1,False,False,False,False,0.2828426957130432,2.0,0.6340346932411194,7,8306
3177,0,11,0,True,10531,1,False,,,,,,0.7927168607711792,11,8060
3177,1,4,7,True,10531,1,False,False,False,False,0.19999998807907104,1.0,0.6645299196243286,5,5656
3177,2,6,5,True,10531,1,False,False,False,False,0.3464101552963257,3.0,0.6651315689086914,9,5293
3177,3,7,4,True,10531,1,False,True,True,True,0.0,0.0,0.6471476554870605,7,1957
3177,4,1,10,False,1620,119,True,False,False,False,0.19999998807907104,1.0,0.2009975016117096,2,6580
3177,5,4,7,True,10531,1,False,False,False,False,0.2828426957130432,2.0,0.4749736785888672,6,7258
3177,6,2,9,False,25,6,True,False,False,False,0.3464101552963257,3.0,0.3475629389286041,5,722
3177,7,8,3,True,10531,1,False,False,False,False,0.2828426957130432,2.0,0.5245950818061829,10,10496
3177,8,11,0,True,10531,1,False,,,,,,0.7927168607711792,11,8060
3177,9,2,9,False,2,1,True,False,False,False,0.8246211409568787,6.0,0.8251060843467712,8,8997
3177,10,5,6,True,10531,3,False,False,False,False,0.20000001788139343,1.0,0.3714834749698639,6,7171
3177,11,7,4,True,10531,1,False,False,False,False,0.2828426957130432,2.0,0.7607890963554382,9,9961
3177,12,7,4,True,10531,1,False,False,False,False,0.20000001788139343,1.0,0.7866384387016296,8,2163
3177,13,8,3,True,10531,1,False,False,False,False,0.6000000238418579,3.0,0.7121797800064087,11,8060
3177,14,2,9,False,540,2,True,False,False,False,0.19999998807907104,1.0,0.20199008285999298,3,8021
3177,15,9,2,True,10531,1,False,False,False,False,0.2828426957130432,2.0,0.8411896228790283,11,4853
3177,16,9,2,True,10531,1,False,False,False,False,0.2828426957130432,2.0,0.8411896228790283,11,4853
3177,17,10,1,True,10531,1,False,False,False,False,0.3999999761581421,1.0,0.6723094582557678,11,4075
3177,18,11,0,True,10531,1,False,,,,,,0.7927168607711792,11,8060
3177,19,9,2,True,10531,2,False,True,True,True,0.0,0.0,0.7400000095367432,9,3329
3177,20,8,3,True,10531,1,False,False,False,False,0.4000000059604645,1.0,0.6951258778572083,9,9382
3177,21,2,9,False,2,1,True,False,False,False,0.8246211409568787,3.0,0.8251060843467712,5,9647
3177,22,1,10,False,10495,29,True,True,True,True,0.0,0.0,0.019999980926513672,1,9782
3177,23,6,5,True,10531,1,False,False,False,False,0.2828426957130432,2.0,0.760526180267334,8,1960
3177,24,10,1,True,10531,1,False,True,True,True,0.0,0.0,0.7720103859901428,10,1969
3177,25,4,7,True,10531,1,False,True,True,True,0.0,0.0,0.5230678915977478,4,6436
3177,26,10,1,True,10531,1,False,True,True,True,0.0,0.0,0.761577308177948,10,6271
3177,27,5,6,True,10531,1,False,False,False,False,0.3464101552963257,3.0,0.5603570342063904,8,5293
3177,28,4,7,True,10531,2,False,False,False,False,0.3999999761581421,4.0,0.5528109669685364,8,5066
3177,29,7,4,True,10531,1,False,False,False,False,0.2828426957130432,2.0,0.7607890963554382,9,9961
3177,30,11,0,True,10531,1,False,,,,,,0.7927168607711792,11,8060
3177,31,10,1,True,10531,1,False,False,False,False,0.19999998807907104,1.0,0.846167802810669,11,4853
4447,0,10,1,True,10531,1,False,True,True,True,0.0,0.0,0.7402702569961548,10,9382
4447,1,5,6,True,10531,1,False,False,False,False,0.19999998807907104,1.0,0.48373547196388245,6,296
4447,2,9,2,True,10531,1,False,False,False,False,0.3999999761581421,1.0,0.6720119118690491,10,4075
4447,3,5,6,True,10531,7,False,False,False,False,0.20000001788139343,1.0,0.3714834749698639,6,6532
4447,4,6,5,True,10531,1,False,False,False,False,0.19999998807907104,1.0,0.4317406415939331,7,9382
4447,5,6,5,True,10531,1,False,False,False,False,0.3464101552963257,3.0,0.5607137680053711,9,8050
4447,6,3,8,True,10531,1,False,False,False,False,0.4898979663848877,3.0,0.6206448674201965,6,2163
4447,7,11,0,True,10531,1,False,,,,,,0.7927168607711792,11,8060
4447,8,4,7,True,10531,2,False,False,False,False,0.2828426957130432,2.0,0.5528109669685364,6,9621
4447,9,9,2,True,10531,1,False,True,True,True,0.0,0.0,0.7717512845993042,9,1969
4447,10,7,4,True,10531,1,False,True,True,True,0.0,0.0,0.44136151671409607,7,10041
4447,11,1,10,False,23,1,True,False,False,False,0.9380831718444824,8.0,0.938296377658844,9,7950
4447,12,9,2,True,10531,1,False,True,True,True,0.0,0.0,0.7400000095367432,9,9382
4447,13,10,1,True,10531,1,False,True,True,True,0.0,0.0,0.7924644947052002,10,8060
4447,14,7,4,True,10531,1,False,False,False,False,0.3464101552963257,3.0,0.7005712389945984,10,7204
4447,15,10,1,True,10531,1,False,True,True,True,0.0,0.0,0.7402702569961548,10,9382
4447,16,3,8,True,10531,2,False,False,False,False,0.2828426957130432,2.0,0.4209512770175934,5,6436
4447,17,5,6,True,10531,1,False,False,False,False,0.20000001788139343,1.0,0.6016644239425659,6,429
4447,18,1,10,False,26,3,True,False,False,False,0.20000001788139343,1.0,0.20099753141403198,2,9130
4447,19,3,8,True,10531,2,False,False,False,False,0.2828426957130432,2.0,0.5524490475654602,5,7572
4447,20,3,8,False,1,1,True,False,False,False,1.2489995956420898,8.0,1.24947988986969,11,26
4447,21,5,6,True,10531,1,False,False,False,False,0.2828426957130432,2.0,0.5531727075576782,7,6335
4447,22,4,7,True,10531,1,False,False,False,False,0.19999998807907104,1.0,0.43081316351890564,5,1027
4447,23,4,7,True,10531,1,False,False,False,False,0.44721361994743347,2.0,0.6273754835128784,6,2163
4447,24,9,2,True,10531,2,False,False,False,False,0.20000001788139343,1.0,0.7345747351646423,10,9382
4447,25,4,7,True,10531,1,False,True,True,True,0.0,0.0,0.4214261770248413,4,419
4447,26,2,9,True,10531,7,False,False,False,False,0.3464101552963257,3.0,0.5447935461997986,5,5409
4447,27,10,1,True,10531,1,False,False,False,False,0.3999999761581421,1.0,0.6723094582557678,11,4075
4447,28,4,7,True,10531,1,False,False,False,False,0.20000001788139343,1.0,0.430813193321228,5,429
4447,29,8,3,True,10531,1,False,False,False,False,0.2828426957130432,2.0,0.5245950818061829,10,3329
4447,30,2,9,False,3,1,True,False,False,False,0.8485281467437744,7.0,0.8489994406700134,9,8997
4447,31,2,9,False,23,1,True,False,False,False,0.7211102247238159,7.0,0.7216647267341614,9,7950
6828,0,7,4,True,10531,1,False,False,False,False,0.2828426957130432,2.0,0.6714164614677429,9,1969
6828,1,5,6,True,10531,1,False,False,False,False,0.3464101552963257,3.0,0.5603570342063904,8,7204
6828,2,10,1,True,10531,2,False,False,False,False,0.19999998807907104,1.0,0.7668116688728333,11,9382
6828,3,7,4,True,10531,1,False,False,False,False,0.2828427255153656,2.0,0.7607890963554382,9,3329
6828,4,11,0,True,10531,1,False,,,,,,0.7927168607711792,11,8060
6828,5,8,3,True,10531,2,False,False,False,False,0.19999998807907104,1.0,0.7662897706031799,9,3329
6828,6,5,6,True,10531,1,False,False,False,False,0.3464101552963257,3.0,0.5603570342063904,8,1969
6828,7,9,2,True,10531,1,False,False,False,False,0.3999999761581421,1.0,0.6720119118690491,10,4075
6828,8,2,9,True,10531,1,False,False,False,False,0.2828427255153656,2.0,0.5067543983459473,4,423
6828,9,2,9,False,25,1,True,False,False,False,0.3464101552963257,3.0,0.34756290912628174,5,4152
6828,10,7,4,True,10531,1,False,False,False,False,0.20000001788139343,1.0,0.5317894220352173,8,8060
6828,11,6,5,True,10531,1,False,False,False,False,0.2828426957130432,2.0,0.5953150987625122,8,6874
6828,12,1,10,False,1,1,True,False,False,False,1.3856406211853027,10.0,1.3857848644256592,11,53
6828,13,10,1,True,10531,1,False,False,False,False,0.3999999761581421,1.0,0.6723094582557678,11,4075
6828,14,10,1,True,10531,2,False,True,True,True,0.0,0.0,0.7402702569961548,10,9382
6828,15,7,4,True,10531,1,False,False,False,False,0.2828427255153656,2.0,0.5242136716842651,9,8060
6828,16,4,7,True,10531,1,False,False,False,False,0.4898979365825653,3.0,0.6209669709205627,7,4075
6828,17,5,6,True,10531,1,False,True,True,True,0.0,0.0,0.3130495250225067,5,8085
6828,18,3,8,False,1,1,True,False,False,False,0.7745966911315918,6.0,0.7753708958625793,9,6271
6828,19,10,1,True,10531,1,False,False,False,False,0.20000001788139343,1.0,0.7668116092681885,11,3329
6828,20,8,3,True,10531,1,False,False,False,False,0.2828427255153656,2.0,0.5245950818061829,10,8060
6828,21,10,1,True,10531,2,False,False,False,False,0.19999998807907104,1.0,0.7668116688728333,11,9382
6828,22,3,8,False,25,1,True,False,False,False,0.3464101552963257,3.0,0.34813788533210754,6,4152
6828,23,1,10,False,23,1,True,False,False,False,0.6928202509880066,6.0,0.6931089162826538,7,7950
6828,24,4,7,True,10531,1,False,False,False,False,0.3464101552963257,3.0,0.5153639316558838,7,9119
6828,25,11,0,True,10531,1,False,,,,,,0.7927168607711792,11,8060
6828,26,1,10,False,1620,2,True,True,True,True,0.0,0.0,0.02000001072883606,1,273
6828,27,11,0,True,10531,1,False,,,,,,0.7927168607711792,11,8060
6828,28,3,8,True,10531,1,False,False,False,False,0.2828426957130432,2.0,0.4745523929595947,5,5065
6828,29,11,0,True,10531,1,False,,,,,,0.7927168607711792,11,8060
6828,30,8,3,True,10531,2,False,False,False,False,0.20000001788139343,1.0,0.7343024611473083,9,3329
6828,31,2,9,True,10531,1,False,True,True,True,0.0,0.0,0.22090721130371094,2,5991
7407,0,3,8,True,10531,2,False,True,True,True,0.0,0.0,0.31176915764808655,3,844
7407,1,5,6,True,10531,4,False,True,True,True,0.0,0.0,0.5234501361846924,5,2029
7407,2,8,3,True,10531,1,False,False,False,False,0.3464101552963257,3.0,0.8361818194389343,11,4853
7407,3,8,3,True,10531,1,False,False,False,False,0.5656854510307312,2.0,0.6835203170776367,10,8060
7407,4,5,6,True,10531,1,False,True,True,True,0.0,0.0,0.3130495250225067,5,3295
7407,5,5,6,True,10531,6,False,False,False,False,0.2828426957130432,2.0,0.4219004511833191,7,5400
7407,6,8,3,True,10531,1,False,False,False,False,0.4000000059604645,1.0,0.634980320930481,9,4075
7407,7,8,3,True,10531,2,False,False,False,False,0.4000000059604645,1.0,0.8119113445281982,9,9382
7407,8,2,9,True,10531,6,False,True,True,True,0.0,0.0,0.42047595977783203,2,232
7407,9,2,9,False,2932,30,True,True,True,True,0.0,0.0,0.028284255415201187,2,8043
7407,10,8,3,True,10531,1,False,False,False,False,0.4000000059604645,1.0,0.8313844203948975,9,8060
7407,11,5,6,True,10531,1,False,False,False,False,0.2828427255153656,2.0,0.4753945767879486,7,6271
7407,12,5,6,True,10531,1,False,False,False,False,0.4000000059604645,1.0,0.6587867736816406,6,9450
7407,13,11,0,True,10531,1,False,,,,,,0.7927168607711792,11,8060
7407,14,3,8,True,10531,1,False,False,False,False,0.20000001788139343,1.0,0.5149757266044617,4,2902
7407,15,6,5,True,10531,2,False,True,True,True,0.0,0.0,0.6086049675941467,6,7171
7407,16,2,9,True,10531,2,False,False,False,False,0.2828426957130432,2.0,0.5067543983459473,4,6079
7407,17,7,4,True,10531,1,False,False,False,False,0.2828426957130432,2.0,0.7285602688789368,9,8954
7407,18,4,7,False,1,1,True,False,False,False,0.9380831718444824,5.0,0.9389356374740601,9,26
7407,19,6,5,True,10531,2,False,False,False,False,0.2828426957130432,2.0,0.7282856702804565,8,7210
7407,20,2,9,False,2,1,True,False,False,False,0.9591663479804993,6.0,0.9595832824707031,8,26
7407,21,6,5,True,10531,2,False,True,True,True,0.0,0.0,0.5678027868270874,6,7171
7407,22,2,9,False,2,1,True,True,True,True,0.0,0.0,0.028284266591072083,2,9647
7407,23,2,9,False,2,1,True,False,False,False,0.9591663479804993,6.0,0.9595832824707031,8,26
7407,24,9,2,True,10531,1,False,True,True,True,0.0,0.0,0.7613146305084229,9,6271
7407,25,2,9,False,1620,2,True,True,True,True,0.0,0.0,0.028284266591072083,2,232
7407,26,5,6,True,10531,1,False,False,False,False,0.3464101552963257,3.0,0.7861298322677612,8,6874
7407,27,7,4,True,10531,1,False,False,False,False,0.44721361994743347,2.0,0.546626091003418,9,6271
7407,28,4,7,True,10531,2,False,True,True,True,0.0,0.0,0.31240999698638916,4,5410
7407,29,8,3,True,10531,1,False,False,False,False,0.4472135901451111,2.0,0.8069697022438049,10,8997
7407,30,8,3,True,10531,1,False,True,True,True,0.0,0.0,0.4418144226074219,8,6271
7407,31,10,1,True,10531,1,False,False,False,False,0.19999998807907104,1.0,0.846167802810669,11,4853
5073,0,11,0,True,10531,1,False,,,,,,0.7927168607711792,11,8060
5073,1,2,9,True,10531,1,False,False,False,False,0.2828426957130432,2.0,0.3588871657848358,4,7299
5073,2,9,2,True,10531,1,False,False,False,False,0.3999999761581421,1.0,0.6720119118690491,10,4075
5073,3,2,9,False,1,1,True,False,False,False,0.7211102843284607,2.0,0.7216647863388062,4,6335
5073,4,3,8,True,10531,3,False,False,False,False,0.19999998807907104,1.0,0.3704051673412323,4,8118
5073,5,3,8,True,10531,4,False,True,True,True,0.0,0.0,0.4745524525642395,3,7182
5073,6,4,7,True,10531,2,False,False,False,False,0.19999998807907104,1.0,0.5600000023841858,5,8301
5073,7,10,1,True,10531,1,False,True,True,True,0.0,0.0,0.7924644947052002,10,8060
5073,8,9,2,True,10531,1,False,False,False,False,0.2828426957130432,2.0,0.8411896228790283,11,4853
5073,9,6,5,True,10531,1,False,False,False,False,0.2828426957130432,2.0,0.5238320231437683,8,9382
5073,10,2,9,False,1,1,True,False,False,False,1.469693899154663,9.0,1.469965934753418,11,53
5073,11,1,10,False,1,1,True,False,False,False,1.5874507427215576,10.0,1.5875767469406128,11,53
5073,12,8,3,True,10531,1,False,False,False,False,0.2828426957130432,2.0,0.7610518932342529,10,5293
5073,13,6,5,True,10531,1,False,False,False,False,0.3464101552963257,3.0,0.7863841652870178,9,6874
5073,14,1,10,False,10495,92,True,True,True,True,0.0,0.0,0.019999980926513672,1,4655
5073,15,11,0,True,10531,1,False,,,,,,0.7927168607711792,11,8060
5073,16,11,0,True,10531,1,False,,,,,,0.7927168607711792,11,8060
5073,17,1,10,False,5,1,True,False,False,False,0.8246211409568787,6.0,0.8248636722564697,7,8997
5073,18,1,10,False,10495,92,True,True,True,True,0.0,0.0,0.019999980926513672,1,5446
5073,19,6,5,True,10531,1,False,False,False,False,0.44721361994743347,2.0,0.6280127167701721,8,8060
5073,20,10,1,True,10531,1,False,True,True,True,0.0,0.0,0.761577308177948,10,6271
5073,21,1,10,False,573,8,True,False,False,False,0.19999998807907104,1.0,0.2009975016117096,2,9884
5073,22,9,2,True,10531,1,False,False,False,False,0.4000000059604645,1.0,0.5963220596313477,10,8060
5073,23,10,1,True,10531,1,False,True,True,True,0.0,0.0,0.4939635396003723,10,8060
5073,24,2,9,False,1620,4,True,True,True,True,0.0,0.0,0.028284266591072083,2,4053
5073,25,10,1,True,10531,1,False,False,False,False,0.3999999761581421,1.0,0.6723094582557678,11,4075
5073,26,1,10,False,5,1,True,False,False,False,0.8246211409568787,6.0,0.8248636722564697,7,8997
5073,27,6,5,True,10531,2,False,False,False,False,0.2828426957130432,2.0,0.6945502758026123,8,7210
5073,28,3,8,False,1,1,True,False,False,False,1.3266499042510986,8.0,1.3271020650863647,11,26
5073,29,1,10,False,573,8,True,False,False,False,0.19999998807907104,1.0,0.2009975016117096,2,9884
5073,30,3,8,False,1620,4,True,True,True,True,0.0,0.0,0.034641001373529434,3,7087
5073,31,6,5,True,10531,1,False,False,False,False,0.6000000238418579,3.0,0.6770524382591248,9,6271
7811,0,9,2,True,10531,1,False,False,False,False,0.3999999761581421,1.0,0.6720119118690491,10,4075
7811,1,2,9,True,10531,2,False,False,False,False,0.2828426957130432,2.0,0.5067543983459473,4,7340
7811,2,5,6,True,10531,2,False,False,False,False,0.3464101552963257,3.0,0.5882176756858826,8,6048
7811,3,4,7,True,10531,2,False,False,False,False,0.3464101552963257,3.0,0.5878775715827942,7,10082
7811,4,6,5,True,10531,1,False,False,False,False,0.2828426957130432,2.0,0.5953150391578674,8,255
7811,5,3,8,True,10531,2,False,False,False,False,0.2828426957130432,2.0,0.4209512770175934,5,6436
7811,6,5,6,True,10531,1,False,False,False,False,0.19999998807907104,1.0,0.5603570342063904,6,8085
7811,7,9,2,True,10531,1,False,False,False,False,0.40000003576278687,1.0,0.6352952122688293,10,8060
7811,8,2,9,True,10531,1,False,True,True,True,0.0,0.0,0.22090721130371094,2,5021
7811,9,1,10,False,2992,11,True,True,True,True,0.0,0.0,0.019999995827674866,1,7774
7811,10,3,8,True,10531,1,False,False,False,False,0.19999998807907104,1.0,0.3704051673412323,4,4257
7811,11,11,0,True,10531,1,False,,,,,,0.7927168607711792,11,8060
7811,12,3,8,True,10531,1,False,False,False,False,0.19999998807907104,1.0,0.2986636757850647,4,5656
7811,13,1,10,False,10446,23,True,True,True,True,0.0,0.0,0.019999980926513672,1,2107
7811,14,9,2,True,10531,1,False,False,False,False,0.20000001788139343,1.0,0.8170679211616516,10,7267
7811,15,6,5,True,10531,1,False,False,False,False,0.34641018509864807,3.0,0.5161395072937012,9,8060
7811,16,8,3,True,10531,1,False,False,False,False,0.20000001788139343,1.0,0.7662897706031799,9,9950
7811,17,4,7,True,10531,1,False,False,False,False,0.19999998807907104,1.0,0.5600000023841858,5,8301
7811,18,4,7,True,10531,8,False,False,False,False,0.20000001788139343,1.0,0.2993325889110565,5,4278
7811,19,4,7,False,23,6,True,False,False,False,0.2828426957130432,2.0,0.2856571078300476,6,722
7811,20,4,7,True,10531,2,False,False,False,False,0.3999999761581421,4.0,0.5810335278511047,8,10082
7811,21,4,7,True,10531,1,False,False,False,False,0.20000001788139343,1.0,0.5600000023841858,5,2669
7811,22,8,3,True,10531,1,False,False,False,False,0.4472135901451111,2.0,0.7233256697654724,10,9382
7811,23,3,8,False,49,1,True,False,False,False,0.19999998807907104,1.0,0.20297782123088837,4,7614
7811,24,9,2,True,10531,1,False,False,False,False,0.4472135901451111,2.0,0.6660330295562744,11,4075
7811,25,4,7,True,10531,1,False,False,False,False,0.3999999761581421,4.0,0.5528109669685364,8,5069
7811,26,9,2,True,10531,1,False,False,False,False,0.3999999761581421,1.0,0.6720119118690491,10,4075
7811,27,9,2,True,10531,1,False,False,False,False,0.2828426957130432,2.0,0.7068238854408264,11,1969
7811,28,4,7,True,10531,1,False,False,False,False,0.4898979663848877,3.0,0.6209670305252075,7,7267
7811,29,5,6,True,10531,3,False,False,False,False,0.3464101552963257,3.0,0.6884766221046448,8,8954
7811,30,11,0,True,10531,1,False,,,,,,0.7927168607711792,11,8060
7811,31,10,1,True,10531,1,False,False,False,False,0.20000001788139343,1.0,0.7874007821083069,11,8060
201,0,3,8,True,10531,4,False,False,False,False,0.2828426957130432,2.0,0.3594439923763275,5,35
201,1,6,5,True,10531,2,False,False,False,False,0.19999998807907104,1.0,0.4317406415939331,7,9520
201,2,8,3,True,10531,1,False,False,False,False,0.4898979663848877,3.0,0.7817928194999695,11,5808
201,3,8,3,True,10531,1,False,True,True,True,0.0,0.0,0.7610518932342529,8,10041
201,4,5,6,True,10531,1,False,True,True,True,0.0,0.0,0.3130495250225067,5,7379
201,5,6,5,True,10531,1,False,False,False,False,0.2828426957130432,2.0,0.671118438243866,8,2669
201,6,8,3,True,10531,2,False,False,False,False,0.19999998807907104,1.0,0.6026607751846313,9,7904
201,7,1,10,False,5,1,True,False,False,False,1.039230465888977,8.0,1.039422869682312,9,8997
201,8,5,6,True,10531,1,False,False,False,False,0.632455587387085,4.0,0.7056911587715149,9,8060
201,9,1,10,False,23,1,True,False,False,False,1.0,8.0,1.0002000331878662,9,7950
201,10,5,6,True,10531,1,False,False,False,False,0.20000001788139343,1.0,0.3714834749698639,6,917
201,11,9,2,True,10531,1,False,True,True,True,0.0,0.0,0.7400000095367432,9,1969
201,12,9,2,True,10531,2,False,False,False,False,0.19999998807907104,1.0,0.7665507793426514,10,9382
201,13,10,1,True,10531,2,False,False,False,False,0.19999998807907104,1.0,0.7668116092681885,11,3329
201,14,8,3,True,10531,1,False,False,False,False,0.19999998807907104,1.0,0.6412488222122192,9,9382
201,15,1,10,False,573,2,True,False,False,False,0.19999998807907104,1.0,0.2009975016117096,2,7734
201,16,1,10,False,53,2,True,False,False,False,0.20000001788139343,1.0,0.20099753141403198,2,370
201,17,7,4,True,10531,1,False,False,False,False,0.4472135901451111,2.0,0.7555131316184998,9,1969
201,18,5,6,True,10531,1,False,False,False,False,0.20000001788139343,1.0,0.6403124332427979,6,1957
201,19,2,9,False,25,6,True,False,False,False,0.2828426957130432,2.0,0.28425341844558716,4,7308
201,20,2,9,False,4,1,True,False,False,False,0.8485281467437744,7.0,0.8489994406700134,9,8997
201,21,11,0,True,10531,1,False,,,,,,0.7927168607711792,11,8060
201,22,11,0,True,10531,1,False,,,,,,0.7927168607711792,11,8060
201,23,9,2,True,10531,2,False,True,True,True,0.0,0.0,0.7400000095367432,9,3329
201,24,5,6,True,10531,1,False,False,False,False,0.19999998807907104,1.0,0.43127715587615967,6,9643
201,25,2,9,True,10531,2,False,True,True,True,0.0,0.0,0.3111269772052765,2,9763
201,26,9,2,True,10531,1,False,False,False,False,0.4472135603427887,2.0,0.701141893863678,11,4853
201,27,2,9,False,1,1,True,False,False,False,1.3266499042510986,8.0,1.3269513845443726,10,26
201,28,9,2,True,10531,1,False,False,False,False,0.19999998807907104,1.0,0.6779381036758423,10,1969
201,29,2,9,True,10531,4,False,False,False,False,0.19999998807907104,1.0,0.2979932725429535,3,6918
201,30,9,2,True,10531,1,False,False,False,False,0.2828426957130432,2.0,0.7922121286392212,11,5293
201,31,5,6,True,10531,1,False,False,False,False,0.4000000059604645,1.0,0.5949790477752686,6,2163
8823,0,9,2,True,10531,2,False,False,False,False,0.20000001788139343,1.0,0.7345747351646423,10,3329
8823,1,1,10,False,573,1,True,False,False,False,0.4000000059604645,4.0,0.40049970149993896,5,4043
8823,2,5,6,True,10531,5,False,True,True,True,0.0,0.0,0.4753945767879486,5,6532
8823,3,1,10,False,23,1,True,False,False,False,1.0198038816452026,7.0,1.0199999809265137,8,7950
8823,4,3,8,True,10531,2,False,True,True,True,0.0,0.0,0.2218107283115387,3,1026
8823,5,5,6,True,10531,9,False,False,False,False,0.20000001788139343,1.0,0.5603570938110352,6,7152
8823,6,6,5,True,10531,1,False,False,False,False,0.20000001788139343,1.0,0.733757495880127,7,1969
8823,7,9,2,True,10531,1,False,False,False,False,0.2828426957130432,2.0,0.6720119118690491,11,3329
8823,8,6,5,True,10531,1,False,True,True,True,0.0,0.0,0.7282856702804565,6,2163
8823,9,3,8,False,1,1,True,False,False,False,1.039230465888977,5.0,1.039807677268982,8,9647
8823,10,2,9,False,7,1,True,False,False,False,0.2828426957130432,2.0,0.28425341844558716,4,424
8823,11,4,7,True,10531,2,False,True,True,True,0.0,0.0,0.31240999698638916,4,9147
8823,12,4,7,False,2,1,True,False,False,False,0.8485281467437744,4.0,0.8494704365730286,8,9647
8823,13,3,8,True,10531,1,False,False,False,False,0.4898979663848877,3.0,0.5806893110275269,6,8060
8823,14,9,2,True,10531,2,False,False,False,False,0.19999998807907104,1.0,0.7665507793426514,10,3329
8823,15,5,6,True,10531,1,False,False,False,False,0.44721361994743347,2.0,0.5458937883377075,7,8060
8823,16,8,3,True,10531,1,False,True,True,True,0.0,0.0,0.6092618703842163,8,1969
8823,17,6,5,True,10531,1,False,False,False,False,0.34641018509864807,3.0,0.6651315689086914,9,9950
8823,18,10,1,True,10531,2,False,True,True,True,0.0,0.0,0.7402702569961548,10,9382
8823,19,2,9,False,25,3,True,True,True,True,0.0,0.0,0.028284255415201187,2,9163
8823,20,5,6,True,10531,1,False,False,False,False,0.2828427255153656,2.0,0.6340347528457642,7,9950
8823,21,7,4,True,10531,1,False,False,False,False,0.2828426957130432,2.0,0.6714164614677429,9,1969
8823,22,4,7,True,10531,7,False,False,False,False,0.19999998807907104,1.0,0.3709447383880615,5,8305
8823,23,7,4,True,10531,2,False,False,False,False,0.19999998807907104,1.0,0.6409368515014648,8,9382
8823,24,11,0,True,10531,1,False,,,,,,0.7927168607711792,11,8060
8823,25,7,4,True,10531,1,False,False,False,False,0.20000001788139343,1.0,0.8165782690048218,8,7267
8823,26,7,4,True,10531,1,False,False,False,False,0.20000001788139343,1.0,0.48456165194511414,8,7267
8823,27,11,0,True,10531,1,False,,,,,,0.7927168607711792,11,8060
8823,28,8,3,True,10531,1,False,False,False,False,0.20000001788139343,1.0,0.6412488222122192,9,1969
8823,29,3,8,True,10531,1,False,False,False,False,0.20000001788139343,1.0,0.3704051673412323,4,2841
8823,30,3,8,True,10531,2,False,False,False,False,0.2828426957130432,2.0,0.4209512770175934,5,9520
8823,31,4,7,False,1,1,True,False,False,False,1.1999999284744263,6.0,1.2006664276123047,10,26
4771,0,11,0,True,10531,1,False,,,,,,0.7927168607711792,11,8060
4771,1,4,7,True,10531,1,False,False,False,False,0.2828427255153656,2.0,0.4749737083911896,6,8060
4771,2,3,8,True,10531,1,False,False,False,False,0.20000001788139343,1.0,0.3704051673412323,4,2841
4771,3,9,2,True,10531,1,False,False,False,False,0.20000001788139343,1.0,0.7665507793426514,10,1969
4771,4,7,4,True,10531,8,False,False,False,False,0.20000001788139343,1.0,0.561070442199707,8,7152
4771,5,3,8,True,10531,6,False,False,False,False,0.20000001788139343,1.0,0.4660472273826599,4,2966
4771,6,5,6,True,10531,1,False,False,False,False,0.19999998807907104,1.0,0.48373547196388245,6,4295
4771,7,8,3,True,10531,1,False,True,True,True,0.0,0.0,0.5396294593811035,8,7267
4771,8,7,4,True,10531,1,False,True,True,True,0.0,0.0,0.6471476554870605,7,1957
4771,9,1,10,False,573,1,True,False,False,False,0.4000000059604645,4.0,0.40049970149993896,5,4043
4771,10,6,5,True,10531,1,False,False,False,False,0.20000001788139343,1.0,0.7552483081817627,7,2163
4771,11,9,2,True,10531,1,False,True,True,True,0.0,0.0,0.8219488859176636,9,7267
4771,12,3,8,True,10531,2,False,True,True,True,0.0,0.0,0.31176915764808655,3,1026
4771,13,3,8,False,25,3,True,True,True,True,0.0,0.0,0.03464099019765854,3,8912
4771,14,7,4,True,10531,1,False,False,False,False,0.20000001788139343,1.0,0.8165782690048218,8,7267
4771,15,8,3,True,10531,1,False,False,False,False,0.2828427255153656,2.0,0.7610518932342529,10,3329
4771,16,9,2,True,10531,1,False,True,True,True,0.0,0.0,0.7717512845993042,9,1969
4771,17,6,5,True,10531,1,False,False,False,False,0.2828427255153656,2.0,0.5238320827484131,8,9950
4771,18,6,5,True,10531,4,False,True,True,True,0.0,0.0,0.475815087556839,6,2966
4771,19,3,8,False,52,8,True,True,True,True,0.0,0.0,0.03464099019765854,3,9735
4771,20,11,0,True,10531,1,False,,,,,,0.7927168607711792,11,8060
4771,21,11,0,True,10531,1,False,,,,,,0.7927168607711792,11,8060
4771,22,7,4,True,10531,1,False,True,True,True,0.0,0.0,0.44136151671409607,7,8060
4771,23,1,10,False,53,8,True,True,True,True,0.0,0.0,0.019999995827674866,1,6618
4771,24,4,7,True,10531,2,False,True,True,True,0.0,0.0,0.38157567381858826,4,1026
4771,25,11,0,True,10531,1,False,,,,,,0.7927168607711792,11,8060
4771,26,1,10,False,1,1,True,False,False,False,1.3856406211853027,10.0,1.3857849836349487,11,53
4771,27,11,0,True,10531,1,False,,,,,,0.7927168607711792,11,8060
4771,28,1,10,False,1620,146,True,True,True,True,0.0,0.0,0.02000001072883606,1,416
4771,29,8,3,True,10531,1,False,False,False,False,0.3464101552963257,3.0,0.6657326817512512,11,3329
4771,30,10,1,True,10531,1,False,True,True,True,0.0,0.0,0.7924644947052002,10,8060
4771,31,2,9,False,1,1,True,False,False,False,1.039230465888977,8.0,1.039615273475647,10,8997
1821,0,7,4,True,10531,1,False,False,False,False,0.2828426957130432,2.0,0.7917070388793945,9,5293
1821,1,7,4,True,10531,1,False,True,True,True,0.0,0.0,0.7394592761993408,7,8940
1821,2,4,7,True,10531,1,False,False,False,False,0.19999998807907104,1.0,0.430813193321228,5,3140
1821,3,10,1,True,10531,2,False,True,True,True,0.0,0.0,0.7402702569961548,10,3329
1821,4,4,7,True,10531,1,False,False,False,False,0.3464101552963257,3.0,0.41182515025138855,7,5175
1821,5,9,2,True,10531,1,False,True,True,True,0.0,0.0,0.7613146305084229,9,6271
1821,6,4,7,True,10531,1,False,False,False,False,0.3464101552963257,3.0,0.5153639316558838,7,2669
1821,7,6,5,True,10531,1,False,False,False,False,0.2828426957130432,2.0,0.671118438243866,8,2669
1821,8,3,8,False,7,1,True,False,False,False,0.4898979663848877,3.0,0.4911211431026459,6,8865
1821,9,10,1,True,10531,1,False,False,False,False,0.19999998807907104,1.0,0.5761944055557251,11,4075
1821,10,7,4,True,10531,4,False,False,False,False,0.19999998807907104,1.0,0.6023288369178772,8,4147
1821,11,10,1,True,10531,1,False,False,False,False,0.19999998807907104,1.0,0.5761944055557251,11,4075
1821,12,9,2,True,10531,1,False,False,False,False,0.19999998807907104,1.0,0.532541036605835,10,8060
1821,13,11,0,True,10531,1,False,,,,,,0.7927168607711792,11,8060
1821,14,4,7,False,1,1,True,False,False,False,0.8485281467437744,7.0,0.8494704365730286,11,53
1821,15,10,1,True,10531,2,False,True,True,True,0.0,0.0,0.7402702569961548,10,3329
1821,16,5,6,True,10531,1,False,True,True,True,0.0,0.0,0.3130495250225067,5,4092
1821,17,2,9,False,23,1,True,False,False,False,0.5999999642372131,6.0,0.6006662845611572,8,1162
1821,18,7,4,True,10531,1,False,False,False,False,0.19999998807907104,1.0,0.5317894220352173,8,2163
1821,19,6,5,True,10531,1,False,False,False,False,0.4472135901451111,2.0,0.6651315689086914,8,7267
1821,20,3,8,True,10531,1,False,False,False,False,0.3464101552963257,3.0,0.4660471975803375,6,878
1821,21,10,1,True,10531,1,False,False,False,False,0.19999998807907104,1.0,0.846167802810669,11,4853
1821,22,1,10,False,10495,88,True,True,True,True,0.0,0.0,0.019999980926513672,1,1347
1821,23,10,1,True,10531,2,False,False,False,False,0.19999998807907104,1.0,0.7668116688728333,11,9382
1821,24,8,3,True,10531,1,False,True,True,True,0.0,0.0,0.7397297620773315,8,9961
1821,25,2,9,False,25,3,True,False,False,False,0.4472135901451111,2.0,0.44810712337493896,4,723
1821,26,10,1,True,10531,1,False,False,False,False,0.19999998807907104,1.0,0.5761944055557251,11,4075
1821,27,4,7,False,1,1,True,False,False,False,1.039230465888977,7.0,1.040000081062317,11,26
1821,28,9,2,True,10531,2,False,True,True,True,0.0,0.0,0.7400000095367432,9,9382
1821,29,3,8,False,52,1,True,False,False,False,0.4000000059604645,1.0,0.4014972150325775,4,10054
1821,30,4,7,True,10531,2,False,False,False,False,0.19999998807907104,1.0,0.48332181572914124,5,1957
1821,31,9,2,True,10531,1,False,False,False,False,0.19999998807907104,1.0,0.6779381036758423,10,1969
5634,0,9,2,True,10531,1,False,True,True,True,0.0,0.0,0.7922120690345764,9,8060
5634,1,8,3,True,10531,1,False,False,False,False,0.5656854510307312,2.0,0.6835203170776367,10,8060
5634,2,5,6,True,10531,2,False,False,False,False,0.3464101552963257,3.0,0.515751838684082,8,5290
5634,3,11,0,True,10531,1,False,,,,,,0.7927168607711792,11,8060
5634,4,1,10,False,3,1,True,False,False,False,0.6928203701972961,6.0,0.6931089758872986,7,8997
5634,5,10,1,True,10531,1,False,True,True,True,0.0,0.0,0.761577308177948,10,6271
5634,6,10,1,True,10531,1,False,True,True,True,0.0,0.0,0.7924644947052002,10,8060
5634,7,10,1,True,10531,1,False,True,True,True,0.0,0.0,0.7402702569961548,10,8997
5634,8,10,1,True,10531,1,False,True,True,True,0.0,0.0,0.4939635396003723,10,8060
5634,9,7,4,True,10531,2,False,True,True,True,0.0,0.0,0.5681549310684204,7,8305
5634,10,9,2,True,10531,1,False,False,False,False,0.19999998807907104,1.0,0.7345747351646423,10,8997
5634,11,2,9,False,1,1,True,False,False,False,1.095445156097412,7.0,1.0958101749420166,9,26
5634,12,5,6,True,10531,1,False,True,True,True,0.0,0.0,0.3130495250225067,5,3145
5634,13,8,3,True,10531,1,False,False,False,False,0.19999998807907104,1.0,0.8456950187683105,9,6874
5634,14,5,6,True,10531,1,False,False,False,False,0.19999998807907104,1.0,0.3714834749698639,6,9536
5634,15,11,0,True,10531,1,False,,,,,,0.7927168607711792,11,8060
5634,16,8,3,True,10531,2,False,True,True,True,0.0,0.0,0.7397297620773315,8,5069
5634,17,8,3,True,10531,1,False,True,True,True,0.0,0.0,0.6092618703842163,8,8050
5634,18,9,2,True,10531,1,False,True,True,True,0.0,0.0,0.7613146305084229,9,6271
5634,19,8,3,True,10531,2,False,True,True,True,0.0,0.0,0.7397297620773315,8,5069
5634,20,11,0,True,10531,1,False,,,,,,0.7927168607711792,11,8060
5634,21,4,7,True,10531,1,False,False,False,False,0.3464101552963257,3.0,0.6273754835128784,7,8954
5634,22,4,7,False,1,1,True,False,False,False,1.1999999284744263,7.0,1.2006664276123047,11,53
5634,23,6,5,True,10531,1,False,False,False,False,0.3464101552963257,3.0,0.6651315689086914,9,3329
5634,24,5,6,True,10531,1,False,False,False,False,0.19999998807907104,1.0,0.6016644239425659,6,10226
5634,25,6,5,True,10531,1,False,False,False,False,0.4898979365825653,3.0,0.6829348802566528,9,8997
5634,26,2,9,False,1620,1,True,True,True,True,0.0,0.0,0.028284266591072083,2,5239
5634,27,5,6,True,10531,1,False,True,True,True,0.0,0.0,0.5234501361846924,5,3140
5634,28,11,0,True,10531,1,False,,,,,,0.7927168607711792,11,8060
5634,29,5,6,True,10531,1,False,False,False,False,0.5291502475738525,4.0,0.6526867747306824,9,5808
5634,30,8,3,True,10531,1,False,False,False,False,0.2828426957130432,2.0,0.6717142462730408,10,3329
5634,31,2,9,True,10531,3,False,False,False,False,0.2828426957130432,2.0,0.6578754186630249,4,7433
5968,0,1,10,False,53,1,True,False,False,False,0.4472135901451111,2.0,0.4476605951786041,3,406
5968,1,4,7,True,10531,2,False,False,False,False,0.19999998807907104,1.0,0.5600000023841858,5,5987
5968,2,7,4,True,10531,1,False,False,False,False,0.19999998807907104,1.0,0.7005712389945984,8,251
5968,3,11,0,True,10531,1,False,,,,,,0.7927168607711792,11,8060
5968,4,4,7,True,10531,2,False,False,False,False,0.3464101552963257,3.0,0.5153639912605286,7,8050
5968,5,8,3,True,10531,1,False,False,False,False,0.4000000059604645,1.0,0.8313844203948975,9,6271
5968,6,1,10,False,53,1,True,False,False,False,0.4472135901451111,2.0,0.4476605951786041,3,406
5968,7,7,4,True,10531,2,False,True,True,True,0.0,0.0,0.6089335083961487,7,371
5968,8,7,4,True,10531,1,False,False,False,False,0.19999998807907104,1.0,0.6409368515014648,8,1969
5968,9,10,1,True,10531,1,False,True,True,True,0.0,0.0,0.761577308177948,10,6271
5968,10,4,7,True,10531,1,False,True,True,True,0.0,0.0,0.38157567381858826,4,9643
5968,11,5,6,True,10531,2,False,False,False,False,0.3464101552963257,3.0,0.6276941895484924,8,5290
5968,12,6,5,True,10531,1,False,False,False,False,0.4898979663848877,3.0,0.6945502161979675,9,4075
5968,13,1,10,False,3,1,True,False,False,False,0.8485282063484192,7.0,0.8487638831138611,8,8997
5968,14,8,3,True,10531,1,False,False,False,False,0.4898979365825653,3.0,0.6951258778572083,11,4853
5968,15,2,9,False,294,7,True,True,True,True,0.0,0.0,0.028284266591072083,2,1463
5968,16,7,4,True,10531,2,False,False,False,False,0.4472135901451111,2.0,0.7230491042137146,9,9382
5968,17,10,1,True,10531,1,False,True,True,True,0.0,0.0,0.7402702569961548,10,8997
5968,18,9,2,True,10531,1,False,True,True,True,0.0,0.0,0.7613146305084229,9,6271
5968,19,11,0,True,10531,1,False,,,,,,0.7927168607711792,11,8060
5968,20,2,9,True,10531,2,False,False,False,False,0.3464101552963257,3.0,0.5871967673301697,5,5640
5968,21,5,6,True,10531,2,False,False,False,False,0.19999998807907104,1.0,0.6016644239425659,6,6436
5968,22,5,6,True,10531,1,False,False,False,False,0.3464101552963257,3.0,0.6648308038711548,8,5290
5968,23,10,1,True,10531,1,False,True,True,True,0.0,0.0,0.7720103859901428,10,1969
5968,24,1,10,False,53,1,True,False,False,False,0.4472135901451111,2.0,0.4476605951786041,3,406
5968,25,10,1,True,10531,1,False,True,True,True,0.0,0.0,0.761577308177948,10,6271
5968,26,9,2,True,10531,1,False,False,False,False,0.2828426957130432,2.0,0.8411896228790283,11,4853
5968,27,2,9,False,2958,110,True,True,True,True,0.0,0.0,0.028284255415201187,2,862
5968,28,4,7,True,10531,2,False,True,True,True,0.0,0.0,0.4749737083911896,4,7252
5968,29,8,3,True,10531,1,False,False,False,False,0.6000000238418579,3.0,0.7121797800064087,11,8060
5968,30,2,9,True,10531,1,False,True,True,True,0.0,0.0,0.22090721130371094,2,3346
5968,31,7,4,True,10531,1,False,False,False,False,0.4472135901451111,2.0,0.6654321551322937,9,4075
8333,0,10,1,True,10531,1,False,True,True,True,0.0,0.0,0.7924644947052002,10,8060
8333,1,9,2,True,10531,1,False,True,True,True,0.0,0.0,0.6477654576301575,9,1969
8333,2,9,2,True,10531,1,False,True,True,True,0.0,0.0,0.44226688146591187,9,8060
8333,3,10,1,True,10531,1,False,True,True,True,0.0,0.0,0.761577308177948,10,8060
8333,4,11,0,True,10531,1,False,,,,,,0.7927168607711792,11,8060
8333,5,4,7,True,10531,1,False,True,True,True,0.0,0.0,0.31240999698638916,4,10041
8333,6,8,3,True,10531,1,False,False,False,False,0.2828427255153656,2.0,0.634980320930481,10,3329
8333,7,7,4,True,10531,1,False,False,False,False,0.34641018509864807,3.0,0.6283311247825623,10,3329
8333,8,9,2,True,10531,1,False,False,False,False,0.20000001788139343,1.0,0.7665507793426514,10,3329
8333,9,6,5,True,10531,1,False,False,False,False,0.2828427255153656,2.0,0.42237424850463867,8,8060
8333,10,6,5,True,10531,1,False,True,True,True,0.0,0.0,0.7282856702804565,6,10041
8333,11,10,1,True,10531,1,False,True,True,True,0.0,0.0,0.761577308177948,10,8060
8333,12,7,4,True,10531,1,False,False,False,False,0.4000000059604645,1.0,0.5538952946662903,8,8060
8333,13,11,0,True,10531,1,False,,,,,,0.7927168607711792,11,8060
8333,14,3,8,True,10531,2,False,True,True,True,0.0,0.0,0.2218107283115387,3,9520
8333,15,8,3,True,10531,1,False,False,False,False,0.20000001788139343,1.0,0.6026607751846313,9,3329
8333,16,7,4,True,10531,1,False,False,False,False,0.4000000059604645,1.0,0.5538952946662903,8,8060
8333,17,1,10,False,2992,4,True,False,False,False,0.2828427255153656,2.0,0.2835489511489868,3,9239
8333,18,4,7,True,10531,1,False,False,False,False,0.20000000298023224,1.0,0.430813193321228,5,7267
8333,19,11,0,True,10531,1,False,,,,,,0.7927168607711792,11,8060
8333,20,6,5,True,10531,1,False,False,False,False,0.2828427255153656,2.0,0.5238320231437683,8,7267
8333,21,3,8,False,1,1,True,False,False,False,1.0770330429077148,5.0,1.0775898694992065,8,26
8333,22,9,2,True,10531,1,False,True,True,True,0.0,0.0,0.7613146305084229,9,8060
8333,23,7,4,True,10531,1,False,True,True,True,0.0,0.0,0.7607890963554382,7,7267
8333,24,3,8,False,1,1,True,False,False,False,0.9797959327697754,5.0,0.9804081320762634,8,6271
8333,25,2,9,True,10531,4,False,False,False,False,0.2828427255153656,2.0,0.5067543983459473,4,4147
8333,26,7,4,True,10531,1,False,True,True,True,0.0,0.0,0.38314488530158997,7,8060
8333,27,3,8,False,3,1,True,False,False,False,0.4000000059604645,4.0,0.4014972150325775,7,423
8333,28,3,8,False,2,1,True,False,False,False,1.0770330429077148,5.0,1.0775898694992065,8,26
8333,29,5,6,True,10531,1,False,False,False,False,0.20000000298023224,1.0,0.7549834251403809,6,7267
8333,30,2,9,False,53,2,True,True,True,True,0.0,0.0,0.028284255415201187,2,8333
8333,31,6,5,True,10531,1,False,True,True,True,0.0,0.0,0.7605261206626892,6,10041
3153,0,3,8,True,10531,1,False,False,False,False,0.19999998807907104,1.0,0.3704051673412323,4,927
3153,1,6,5,True,10531,1,False,False,False,False,0.19999998807907104,1.0,0.601996660232544,7,9382
3153,2,10,1,True,10531,2,False,False,False,False,0.19999998807907104,1.0,0.7668116092681885,11,3329
3153,3,5,6,True,10531,1,False,False,False,False,0.19999998807907104,1.0,0.5603570938110352,6,491
3153,4,3,8,False,3,2,True,False,False,False,0.2828426957130432,2.0,0.2849561274051666,5,419
3153,5,1,10,False,2992,1,True,True,True,True,0.0,0.0,0.019999995827674866,1,5057
3153,6,10,1,True,10531,1,False,True,True,True,0.0,0.0,0.7402702569961548,10,8997
3153,7,8,3,True,10531,1,False,False,False,False,0.4000000059604645,1.0,0.6951258778572083,9,8997
3153,8,1,10,False,1,1,True,False,False,False,1.1489125490188599,10.0,1.149086594581604,11,53
3153,9,4,7,True,10531,1,False,False,False,False,0.4898979663848877,3.0,0.7166589498519897,7,296
3153,10,7,4,True,10531,1,False,False,False,False,0.2828426957130432,2.0,0.5242136716842651,9,8060
3153,11,5,6,True,10531,1,False,False,False,False,0.2828426957130432,2.0,0.6340346932411194,7,5290
3153,12,8,3,True,10531,1,False,True,True,True,0.0,0.0,0.6092618703842163,8,5292
3153,13,8,3,True,10531,1,False,False,False,False,0.2828426957130432,2.0,0.5685068368911743,10,1969
3153,14,1,10,False,573,11,True,False,False,False,0.2828426957130432,2.0,0.28354892134666443,3,2426
3153,15,2,9,False,3,1,True,False,False,False,0.800000011920929,5.0,0.8004999160766602,7,8997
3153,16,11,0,True,10531,1,False,,,,,,0.7927168607711792,11,8060
3153,17,6,5,True,10531,1,False,False,False,False,0.19999998807907104,1.0,0.48414871096611023,7,9950
3153,18,2,9,False,2,1,True,False,False,False,1.1661903858184814,9.0,1.166533350944519,11,53
3153,19,9,2,True,10531,1,False,True,True,True,0.0,0.0,0.6095900535583496,9,8997
3153,20,4,7,True,10531,1,False,False,False,False,0.3464101552963257,3.0,0.6273754835128784,7,9700
3153,21,4,7,False,1,1,True,False,False,False,0.9165151715278625,6.0,0.9173876047134399,10,26
3153,22,4,7,True,10531,1,False,False,False,False,0.19999998807907104,1.0,0.6645299196243286,5,10044
3153,23,2,9,False,25,6,True,False,False,False,0.4000000059604645,4.0,0.4009987413883209,6,9130
3153,24,7,4,True,10531,1,False,False,False,False,0.4472135901451111,2.0,0.6283311247825623,9,2163
3153,25,1,10,False,10446,4,True,True,True,True,0.0,0.0,0.019999980926513672,1,953
3153,26,8,3,True,10531,1,False,False,False,False,0.4472135901451111,2.0,0.6657326817512512,10,4075
3153,27,2,9,False,23,6,True,False,False,False,0.3464101552963257,3.0,0.3475629389286041,5,9130
3153,28,5,6,True,10531,1,False,False,False,False,0.2828426957130432,2.0,0.4753945469856262,7,9950
3153,29,7,4,True,10531,1,False,False,False,False,0.3464101552963257,3.0,0.5165268778800964,10,10496
3153,30,2,9,True,10531,1,False,False,False,False,0.3464101552963257,3.0,0.465617835521698,5,878
3153,31,7,4,True,10531,1,False,False,False,False,0.2828426957130432,2.0,0.5681549310684204,9,7204
7437,0,5,6,True,10531,3,False,False,False,False,0.19999998807907104,1.0,0.6648308038711548,6,6048
7437,1,2,9,False,23,3,True,False,False,False,0.6633249521255493,3.0,0.6639277338981628,5,10094
7437,2,1,10,False,5,1,True,False,False,False,0.8246211409568787,6.0,0.8248636722564697,7,8997
7437,3,4,7,True,10531,1,False,False,False,False,0.3464101552963257,3.0,0.6645298600196838,7,660
7437,4,2,9,False,7,1,True,False,False,False,0.800000011920929,5.0,0.8004998564720154,7,8865
7437,5,8,3,True,10531,2,False,False,False,False,0.4000000059604645,1.0,0.8119113445281982,9,3329
7437,6,8,3,True,10531,1,False,True,True,True,0.0,0.0,0.7610518932342529,8,6271
7437,7,9,2,True,10531,2,False,False,False,False,0.4472135901451111,2.0,0.836421012878418,11,9382
7437,8,1,10,False,5,1,True,False,False,False,0.8246211409568787,6.0,0.8248636722564697,7,8997
7437,9,1,10,False,53,1,True,False,False,False,0.3464101552963257,3.0,0.3469870090484619,4,406
7437,10,11,0,True,10531,1,False,,,,,,0.7927168607711792,11,8060
7437,11,8,3,True,10531,1,False,False,False,False,0.6000000238418579,3.0,0.7121797800064087,11,8060
7437,12,11,0,True,10531,1,False,,,,,,0.7927168607711792,11,8060
7437,13,7,4,True,10531,1,False,False,False,False,0.19999998807907104,1.0,0.6773477792739868,8,1969
7437,14,5,6,True,10531,1,False,False,False,False,0.2828426957130432,2.0,0.6340347528457642,7,6874
7437,15,6,5,True,10531,1,False,False,False,False,0.19999998807907104,1.0,0.516139566898346,7,9647
7437,16,5,6,True,10531,1,False,False,False,False,0.2828426957130432,2.0,0.5949789881706238,7,8997
7437,17,9,2,True,10531,1,False,False,False,False,0.2828426957130432,2.0,0.8411896228790283,11,4853
7437,18,5,6,True,10531,1,False,False,False,False,0.2828426957130432,2.0,0.5234500765800476,7,9382
7437,19,2,9,False,540,5,True,True,True,True,0.0,0.0,0.028284255415201187,2,3689
7437,20,3,8,True,10531,7,False,False,False,False,0.2828426957130432,2.0,0.6581793427467346,5,6932
7437,21,6,5,True,10531,2,False,True,True,True,0.0,0.0,0.6086049675941467,6,7171
7437,22,1,10,False,1,1,True,False,False,False,1.4142135381698608,10.0,1.4143550395965576,11,53
7437,23,6,5,True,10531,1,False,False,False,False,0.2828426957130432,2.0,0.7059745192527771,8,1969
7437,24,6,5,True,10531,1,False,False,False,False,0.3464101552963257,3.0,0.5607138276100159,9,4075
7437,25,3,8,True,10531,2,False,False,False,False,0.3464101552963257,3.0,0.4660471975803375,6,6094
7437,26,11,0,True,10531,1,False,,,,,,0.7927168607711792,11,8060
7437,27,5,6,True,10531,2,False,False,False,False,0.20000000298023224,1.0,0.43127715587615967,6,8050
7437,28,6,5,True,10531,1,False,False,False,False,0.19999998807907104,1.0,0.48414871096611023,7,5069
7437,29,3,8,True,10531,1,False,False,False,False,0.19999998807907104,1.0,0.4303486943244934,4,5166
7437,30,1,10,False,23,1,True,False,False,False,0.5656853914260864,5.0,0.5660388469696045,6,1162
7437,31,9,2,True,10531,2,False,True,True,True,0.0,0.0,0.7400000691413879,9,9382
10429,0,6,5,True,10531,2,False,False,False,False,0.19999998807907104,1.0,0.6651315689086914,7,2653
10429,1,9,2,True,10531,1,False,False,False,False,0.4000000059604645,1.0,0.5963220596313477,10,8060
10429,2,1,10,False,3,1,True,False,False,False,0.8717797994613647,8.0,0.8720091581344604,9,8997
10429,3,8,3,True,10531,1,False,False,False,False,0.2828426957130432,2.0,0.5245950818061829,10,8997
10429,4,8,3,True,10531,1,False,False,False,False,0.19999998807907104,1.0,0.484974205493927,9,3329
10429,5,10,1,True,10531,1,False,True,True,True,0.0,0.0,0.7924644947052002,10,8060
10429,6,6,5,True,10531,1,False,False,False,False,0.44721361994743347,2.0,0.6280127167701721,8,7267
10429,7,2,9,False,294,8,True,True,True,True,0.0,0.0,0.028284266591072083,2,9380
10429,8,11,0,True,10531,1,False,,,,,,0.7927168607711792,11,8060
10429,9,11,0,True,10531,1,False,,,,,,0.7927168607711792,11,8060
10429,10,11,0,True,10531,1,False,,,,,,0.7927168607711792,11,8060
10429,11,11,0,True,10531,1,False,,,,,,0.7927168607711792,11,8060
10429,12,5,6,True,10531,1,False,True,True,True,0.0,0.0,0.6340347528457642,5,834
10429,13,11,0,True,10531,1,False,,,,,,0.7927168607711792,11,8060
10429,14,7,4,True,10531,1,False,True,True,True,0.0,0.0,0.7062577605247498,7,9688
10429,15,8,3,True,10531,1,False,False,False,False,0.6000000238418579,1.0,0.8069696426391602,9,4075
10429,16,11,0,True,10531,1,False,,,,,,0.7927168607711792,11,8060
10429,17,3,8,True,10531,1,False,False,False,False,0.2828426957130432,2.0,0.552449107170105,5,311
10429,18,3,8,True,10531,1,False,False,False,False,0.6000000238418579,3.0,0.6761656999588013,6,9896
10429,19,11,0,True,10531,1,False,,,,,,0.7927168607711792,11,8060
10429,20,6,5,True,10531,2,False,False,False,False,0.2828426957130432,2.0,0.5535341501235962,8,5640
10429,21,6,5,True,10531,1,False,False,False,False,0.19999998807907104,1.0,0.531413197517395,7,9896
10429,22,5,6,True,10531,1,False,True,True,True,0.0,0.0,0.5674504637718201,5,9688
10429,23,9,2,True,10531,2,False,True,True,True,0.0,0.0,0.7068239450454712,9,9382
10429,24,9,2,True,10531,1,False,True,True,True,0.0,0.0,0.7613146305084229,9,8060
10429,25,9,2,True,10531,1,False,False,False,False,0.19999998807907104,1.0,0.6415606141090393,10,9382
10429,26,10,1,True,10531,1,False,True,True,True,0.0,0.0,0.4939635396003723,10,8060
10429,27,1,10,False,2992,10,True,True,True,True,0.0,0.0,0.019999995827674866,1,4995
10429,28,3,8,True,10531,1,False,False,False,False,0.4000000059604645,4.0,0.5071489214897156,7,3115
10429,29,8,3,True,10531,1,False,True,True,True,0.0,0.0,0.49315309524536133,8,7267
10429,30,8,3,True,10531,1,False,True,True,True,0.0,0.0,0.7714921236038208,8,9950
10429,31,8,3,True,10531,1,False,False,False,False,0.6000000238418579,1.0,0.8069696426391602,9,4075
7257,0,2,9,False,7,1,True,False,False,False,0.19999998807907104,1.0,0.20199008285999298,3,8865
7257,1,3,8,False,1,1,True,False,False,False,1.2328827381134033,8.0,1.2333693504333496,11,53
7257,2,3,8,False,1,1,True,False,False,False,1.216552495956421,7.0,1.217045545578003,10,26
7257,3,4,7,True,10531,1,False,False,False,False,0.20000001788139343,1.0,0.430813193321228,5,9950
7257,4,6,5,True,10531,1,False,False,False,False,0.20000001788139343,1.0,0.6019967198371887,7,9950
7257,5,2,9,True,10531,4,False,False,False,False,0.19999998807907104,1.0,0.4656178951263428,3,4527
7257,6,3,8,True,10531,7,False,True,True,True,0.0,0.0,0.2218107283115387,3,4757
7257,7,1,10,False,2992,9,True,True,True,True,0.0,0.0,0.019999995827674866,1,9136
7257,8,4,7,True,10531,5,False,False,False,False,0.20000001788139343,1.0,0.3709447383880615,5,2153
7257,9,9,2,True,10531,1,False,False,False,False,0.20000001788139343,1.0,0.7345747351646423,10,9382
7257,10,6,5,True,10531,2,False,False,False,False,0.19999998807907104,1.0,0.6019967198371887,7,6874
7257,11,10,1,True,10531,1,False,True,True,True,0.0,0.0,0.7402702569961548,10,3329
7257,12,11,0,True,10531,1,False,,,,,,0.7927168607711792,11,8060
7257,13,8,3,True,10531,1,False,False,False,False,0.20000001788139343,1.0,0.484974205493927,9,8060
7257,14,5,6,True,10531,2,False,False,False,False,0.2828426957130432,2.0,0.4753945767879486,7,3329
7257,15,2,9,False,10445,16,True,True,True,True,0.0,0.0,0.028284244239330292,2,737
7257,16,7,4,True,10531,2,False,True,True,True,0.0,0.0,0.5681549310684204,7,6012
7257,17,2,9,False,25,3,True,False,False,False,0.19999998807907104,1.0,0.20199008285999298,3,8853
7257,18,4,7,False,7,1,True,False,False,False,0.19999998807907104,1.0,0.20396076142787933,5,8865
7257,19,7,4,True,10531,1,False,True,True,True,0.0,0.0,0.44136151671409607,7,8060
7257,20,6,5,True,10531,1,False,False,False,False,0.2828426957130432,2.0,0.475815087556839,8,10496
7257,21,8,3,True,10531,1,False,False,False,False,0.20000001788139343,1.0,0.484974205493927,9,8060
7257,22,8,3,True,10531,2,False,False,False,False,0.20000001788139343,1.0,0.7343024611473083,9,3329
7257,23,4,7,True,10531,2,False,False,False,False,0.2828427255153656,2.0,0.5528110265731812,6,2669
7257,24,4,7,True,10531,2,False,False,False,False,0.19999998807907104,1.0,0.43081316351890564,5,9147
7257,25,9,2,True,10531,1,False,False,False,False,0.20000001788139343,1.0,0.6415606141090393,10,9382
7257,26,6,5,True,10531,1,False,False,False,False,0.20000001788139343,1.0,0.4317406713962555,7,8060
7257,27,5,6,True,10531,1,False,False,False,False,0.2828426957130432,2.0,0.6708203554153442,7,1957
7257,28,1,10,False,26,3,True,False,False,False,0.19999998807907104,1.0,0.2009975016117096,2,8912
7257,29,7,4,True,10531,1,False,False,False,False,0.20000001788139343,1.0,0.6023288369178772,8,3329
7257,30,9,2,True,10531,1,False,True,True,True,0.0,0.0,0.7922120690345764,9,8060
7257,31,8,3,True,10531,1,False,True,True,True,0.0,0.0,0.7919595837593079,8,2163
4699,0,4,7,True,10531,12,False,False,False,False,0.19999998807907104,1.0,0.5153639912605286,5,8093
4699,1,7,4,True,10531,4,False,False,False,False,0.19999998807907104,1.0,0.6023288369178772,8,9894
4699,2,7,4,True,10531,1,False,False,False,False,0.2828426957130432,2.0,0.7607890963554382,9,8306
4699,3,1,10,False,26,3,True,False,False,False,0.4000000059604645,1.0,0.40049970149993896,2,722
4699,4,5,6,True,10531,1,False,False,False,False,0.44721361994743347,2.0,0.6276941895484924,7,2163
4699,5,7,4,True,10531,1,False,False,False,False,0.19999998807907104,1.0,0.7005712389945984,8,8954
4699,6,1,10,False,10446,22,True,True,True,True,0.0,0.0,0.019999980926513672,1,6199
4699,7,3,8,False,6,1,True,False,False,False,0.2828426957130432,2.0,0.2849561274051666,5,406
4699,8,2,9,False,52,4,True,False,False,False,0.4472135901451111,2.0,0.44810712337493896,4,4256
4699,9,1,10,False,10446,22,True,True,True,True,0.0,0.0,0.019999980926513672,1,1095
4699,10,4,7,True,10531,4,False,False,False,False,0.20000001788139343,1.0,0.2993325889110565,5,3912
4699,11,8,3,True,10531,1,False,False,False,False,0.2828426957130432,2.0,0.634980320930481,10,8997
4699,12,10,1,True,10531,1,False,True,True,True,0.0,0.0,0.8221921920776367,10,7267
4699,13,6,5,True,10531,1,False,True,True,True,0.0,0.0,0.44090816378593445,6,3468
4699,14,11,0,True,10531,1,False,,,,,,0.7927168607711792,11,8060
4699,15,7,4,True,10531,1,False,False,False,False,0.2828426957130432,2.0,0.6714164018630981,9,5293
4699,16,9,2,True,10531,1,False,True,True,True,0.0,0.0,0.7613146305084229,9,10041
4699,17,6,5,True,10531,2,False,False,False,False,0.2828426957130432,2.0,0.7282856702804565,8,10082
4699,18,6,5,True,10531,1,False,False,False,False,0.20000001788139343,1.0,0.4841487407684326,7,1957
4699,19,4,7,False,1,1,True,False,False,False,1.0770329236984253,7.0,1.077775478363037,11,26
4699,20,7,4,True,10531,1,False,False,False,False,0.2828426957130432,2.0,0.6346652507781982,9,8997
4699,21,1,10,False,10495,22,True,True,True,True,0.0,0.0,0.019999980926513672,1,5918
4699,22,5,6,True,10531,2,False,False,False,False,0.19999998807907104,1.0,0.6403124332427979,6,2669
4699,23,6,5,True,10531,2,False,False,False,False,0.3464101552963257,3.0,0.5607138276100159,9,385
4699,24,3,8,False,1,1,True,False,False,False,0.7745966911315918,4.0,0.7753708958625793,7,9647
4699,25,8,3,True,10531,1,False,False,False,False,0.4472135901451111,2.0,0.6657326817512512,10,4075
4699,26,7,4,True,10531,1,False,False,False,False,0.5656854510307312,2.0,0.6832276582717896,9,8060
4699,27,1,10,False,53,4,True,False,False,False,0.4472135901451111,2.0,0.4476605951786041,3,4256
4699,28,3,8,False,7,1,True,False,False,False,0.19999998807907104,1.0,0.20297782123088837,4,8865
4699,29,2,9,False,1,1,True,False,False,False,1.2328827381134033,8.0,1.2332072257995605,10,26
4699,30,10,1,True,10531,2,False,True,True,True,0.0,0.0,0.7402702569961548,10,9382
4699,31,4,7,True,10531,1,False,False,False,False,0.4472135901451111,2.0,0.5878775715827942,6,429
1315,0,11,0,True,10531,1,False,,,,,,0.7927168607711792,11,8060
1315,1,5,6,True,10531,1,False,False,False,False,0.19999998807907104,1.0,0.43127715587615967,6,6436
1315,2,4,7,True,10531,1,False,False,False,False,0.19999998807907104,1.0,0.5600000023841858,5,10424
1315,3,2,9,False,10445,88,True,True,True,True,0.0,0.0,0.028284244239330292,2,86
1315,4,10,1,True,10531,1,False,False,False,False,0.19999998807907104,1.0,0.846167802810669,11,4853
1315,5,9,2,True,10531,2,False,False,False,False,0.4000000059604645,1.0,0.8121576905250549,10,3329
1315,6,8,3,True,10531,1,False,False,False,False,0.6000000238418579,3.0,0.7121797800064087,11,8060
1315,7,2,9,False,1,1,True,False,False,False,1.1135529279708862,8.0,1.1139119863510132,10,26
1315,8,11,0,True,10531,1,False,,,,,,0.7927168607711792,11,8060
1315,9,8,3,True,10531,1,False,False,False,False,0.2828426957130432,2.0,0.7610518932342529,10,8050
1315,10,10,1,True,10531,1,False,False,False,False,0.19999998807907104,1.0,0.846167802810669,11,4853
1315,11,3,8,True,10531,1,False,False,False,False,0.3464101552963257,3.0,0.6270565986633301,6,5839
1315,12,3,8,False,1,1,True,False,False,False,1.1135529279708862,8.0,1.1140915155410767,11,26
1315,13,9,2,True,10531,1,False,False,False,False,0.4472135901451111,2.0,0.6660330295562744,11,4075
1315,14,10,1,True,10531,1,False,True,True,True,0.0,0.0,0.761577308177948,10,6271
1315,15,1,10,False,10446,88,True,True,True,True,0.0,0.0,0.019999980926513672,1,1771
1315,16,4,7,True,10531,4,False,False,False,False,0.3999999761581421,4.0,0.6209670305252075,8,7361
1315,17,9,2,True,10531,1,False,True,True,True,0.0,0.0,0.7922121286392212,9,8060
1315,18,10,1,True,10531,1,False,True,True,True,0.0,0.0,0.7924644947052002,10,8060
1315,19,10,1,True,10531,1,False,True,True,True,0.0,0.0,0.7720103859901428,10,1969
1315,20,6,5,True,10531,1,False,False,False,False,0.6000000238418579,3.0,0.7445804476737976,9,6271
1315,21,9,2,True,10531,1,False,True,True,True,0.0,0.0,0.7922121286392212,9,8060
1315,22,7,4,True,10531,1,False,False,False,False,0.4472135901451111,2.0,0.755513072013855,9,1954
1315,23,3,8,False,2,1,True,False,False,False,0.8246211409568787,6.0,0.825348436832428,9,8997
1315,24,1,10,False,5,1,True,False,False,False,0.9165151715278625,7.0,0.9167333841323853,8,8997
1315,25,5,6,True,10531,1,False,False,False,False,0.3464101552963257,3.0,0.6648308038711548,8,2669
1315,26,4,7,True,10531,2,False,False,False,False,0.19999998807907104,1.0,0.43081316351890564,5,2216
1315,27,3,8,True,10531,18,False,False,False,False,0.2828426957130432,2.0,0.552449107170105,5,992
1315,28,1,10,False,23,1,True,False,False,False,0.7211102843284607,7.0,0.7213875651359558,8,1162
1315,29,4,7,False,23,3,True,False,False,False,0.2828426957130432,2.0,0.2856571078300476,6,723
1315,30,2,9,False,1,1,True,False,False,False,1.2649110555648804,9.0,1.265227198600769,11,26
1315,31,4,7,True,10531,2,False,False,False,False,0.5291502475738525,4.0,0.6523802280426025,8,9520
9307,0,6,5,True,10531,1,False,False,False,False,0.19999998807907104,1.0,0.6019967198371887,7,9382
9307,1,5,6,True,10531,1,False,False,False,False,0.4000000059604645,1.0,0.6942622065544128,6,1969
9307,2,5,6,True,10531,2,False,False,False,False,0.20000001788139343,1.0,0.3714834749698639,6,3838
9307,3,3,8,False,1620,22,True,True,True,True,0.0,0.0,0.034641001373529434,3,8207
9307,4,3,8,True,10531,1,False,True,True,True,0.0,0.0,0.31176915764808655,3,6081
9307,5,5,6,True,10531,1,False,False,False,False,0.19999998807907104,1.0,0.5603570342063904,6,1960
9307,6,1,10,False,5,1,True,False,False,False,0.9591663479804993,7.0,0.9593748450279236,8,8997
9307,7,7,4,True,10531,1,False,False,False,False,0.19999998807907104,1.0,0.48456165194511414,8,8256
9307,8,10,1,True,10531,1,False,True,True,True,0.0,0.0,0.7402702569961548,10,8997
9307,9,1,10,False,573,1,True,True,True,True,0.0,0.0,0.019999995827674866,1,8018
9307,10,9,2,True,10531,1,False,False,False,False,0.4000000059604645,1.0,0.8121576309204102,10,3329
9307,11,7,4,True,10531,1,False,False,False,False,0.44721361994743347,2.0,0.6283311247825623,9,8060
9307,12,11,0,True,10531,1,False,,,,,,0.7927168607711792,11,8060
9307,13,5,6,True,10531,3,False,False,False,False,0.3999999761581421,1.0,0.5079370141029358,6,9717
9307,14,2,9,False,52,4,True,False,False,False,0.2828426957130432,2.0,0.28425341844558716,4,422
9307,15,9,2,True,10531,1,False,True,True,True,0.0,0.0,0.7922121286392212,9,2163
9307,16,11,0,True,10531,1,False,,,,,,0.7927168607711792,11,8060
9307,17,6,5,True,10531,1,False,True,True,True,0.0,0.0,0.6468384861946106,6,9950
9307,18,10,1,True,10531,2,False,True,True,True,0.0,0.0,0.7402702569961548,10,3329
9307,19,1,10,False,3,1,True,False,False,False,0.9591663479804993,7.0,0.9593747854232788,8,8997
9307,20,5,6,True,10531,2,False,False,False,False,0.2828426957130432,2.0,0.5234500765800476,7,6873
9307,21,6,5,True,10531,2,False,False,False,False,0.3464101552963257,3.0,0.6651315689086914,9,5065
9307,22,10,1,True,10531,1,False,True,True,True,0.0,0.0,0.7402702569961548,10,3329
9307,23,1,10,False,1,1,True,False,False,False,1.3114876747131348,10.0,1.3116401433944702,11,53
9307,24,2,9,False,49,4,True,False,False,False,0.19999998807907104,1.0,0.20199008285999298,3,2666
9307,25,11,0,True,10531,1,False,,,,,,0.7927168607711792,11,8060
9307,26,3,8,True,10531,1,False,True,True,True,0.0,0.0,0.2218107283115387,3,8472
9307,27,8,3,True,10531,1,False,False,False,False,0.4000000059604645,1.0,0.634980320930481,9,7267
9307,28,3,8,False,2,1,True,False,False,False,0.8485281467437744,4.0,0.849234938621521,7,9647
9307,29,9,2,True,10531,1,False,False,False,False,0.4472135603427887,2.0,0.701141893863678,11,4853
9307,30,6,5,True,10531,1,False,False,False,False,0.3464101552963257,3.0,0.5161395072937012,9,8997
9307,31,6,5,True,10531,1,False,False,False,False,0.19999998807907104,1.0,0.5607138276100159,7,8954
4610,0,5,6,True,10531,1,False,False,False,False,0.3464101552963257,3.0,0.6276941895484924,8,8954
4610,1,10,1,True,10531,1,False,False,False,False,0.3999999761581421,1.0,0.6723094582557678,11,4075
4610,2,11,0,True,10531,1,False,,,,,,0.7927168607711792,11,8060
4610,3,8,3,True,10531,1,False,True,True,True,0.0,0.0,0.6092618703842163,8,1969
4610,4,3,8,True,10531,6,False,False,False,False,0.20000001788139343,1.0,0.3704051673412323,4,7386
4610,5,2,9,False,294,8,True,False,False,False,0.2828426957130432,2.0,0.28425338864326477,4,9884
4610,6,8,3,True,10531,1,False,False,False,False,0.2828426957130432,2.0,0.6717142462730408,10,3329
4610,7,4,7,True,10531,1,False,False,False,False,0.4000000059604645,4.0,0.65848308801651,8,5293
4610,8,9,2,True,10531,1,False,False,False,False,0.3999999761581421,1.0,0.6720119118690491,10,4075
4610,9,1,10,False,10446,83,True,True,True,True,0.0,0.0,0.019999980926513672,1,479
4610,10,6,5,True,10531,1,False,False,False,False,0.3999999761581421,4.0,0.5083305835723877,10,8997
4610,11,9,2,True,10531,2,False,True,True,True,0.0,0.0,0.7400000095367432,9,9382
4610,12,7,4,True,10531,1,False,False,False,False,0.2828426957130432,2.0,0.6948381662368774,9,5640
4610,13,6,5,True,10531,1,False,False,False,False,0.44721361994743347,2.0,0.6280127167701721,8,8060
4610,14,9,2,True,10531,1,False,False,False,False,0.19999998807907104,1.0,0.6415606141090393,10,9382
4610,15,10,1,True,10531,1,False,False,False,False,0.3999999761581421,1.0,0.6723094582557678,11,4075
4610,16,11,0,True,10531,1,False,,,,,,0.7927168607711792,11,8060
4610,17,1,10,False,10446,83,True,True,True,True,0.0,0.0,0.019999980926513672,1,9414
4610,18,5,6,True,10531,2,False,True,True,True,0.0,0.0,0.382099449634552,5,371
4610,19,1,10,False,573,8,True,False,False,False,0.2828426957130432,2.0,0.28354892134666443,3,293
4610,20,3,8,True,10531,2,False,False,False,False,0.19999998807907104,1.0,0.3704051673412323,4,3121
4610,21,1,10,False,573,8,True,False,False,False,0.2828426957130432,2.0,0.28354892134666443,3,1463
4610,22,11,0,True,10531,1,False,,,,,,0.7927168607711792,11,8060
4610,23,6,5,True,10531,1,False,False,False,False,0.4000000059604645,1.0,0.6590902805328369,7,9382
4610,24,11,0,True,10531,1,False,,,,,,0.7927168607711792,11,8060
4610,25,2,9,False,2958,83,True,True,True,True,0.0,0.0,0.028284255415201187,2,3795
4610,26,2,9,False,25,1,True,False,False,False,0.19999998807907104,1.0,0.20199008285999298,3,4152
4610,27,3,8,True,10531,1,False,False,False,False,0.19999998807907104,1.0,0.3704051673412323,4,3140
4610,28,9,2,True,10531,2,False,True,True,True,0.0,0.0,0.7400000095367432,9,3329
4610,29,10,1,True,10531,1,False,True,True,True,0.0,0.0,0.7924644947052002,10,8060
4610,30,8,3,True,10531,1,False,False,False,False,0.4472135901451111,2.0,0.7233256697654724,10,3329
4610,31,3,8,False,7,1,True,False,False,False,0.6324555277824402,2.0,0.6334035396575928,5,8865
994,0,4,7,True,10531,3,False,True,True,True,0.0,0.0,0.4214261770248413,4,3023
994,1,8,3,True,10531,1,False,True,True,True,0.0,0.0,0.7919595837593079,8,7267
994,2,2,9,True,10531,5,False,False,False,False,0.3464101552963257,3.0,0.5447935461997986,5,7361
994,3,4,7,True,10531,1,False,False,False,False,0.2828426957130432,2.0,0.5075430870056152,6,8316
994,4,5,6,True,10531,1,False,False,False,False,0.2828426957130432,2.0,0.6708203554153442,7,9950
994,5,5,6,True,10531,1,False,False,False,False,0.19999998807907104,1.0,0.3714834749698639,6,917
994,6,5,6,True,10531,1,False,False,False,False,0.19999998807907104,1.0,0.43127715587615967,6,6344
994,7,2,9,False,3,1,True,False,False,False,0.9165151715278625,7.0,0.9169515371322632,9,8997
994,8,5,6,True,10531,1,False,False,False,False,0.2828426957130432,2.0,0.4753945469856262,7,4789
994,9,11,0,True,10531,1,False,,,,,,0.7927168607711792,11,8060
994,10,11,0,True,10531,1,False,,,,,,0.7927168607711792,11,8060
994,11,6,5,True,10531,1,False,True,True,True,0.0,0.0,0.8212186694145203,6,9961
994,12,11,0,True,10531,1,False,,,,,,0.7927168607711792,11,8060
994,13,1,10,False,5,1,True,False,False,False,1.095445156097412,8.0,1.095627784729004,9,8997
994,14,4,7,False,1,1,True,False,False,False,0.5656854510307312,2.0,0.5670979022979736,6,6335
994,15,2,9,False,2,1,True,False,False,False,1.095445156097412,8.0,1.0958101749420166,10,8997
994,16,11,0,True,10531,1,False,,,,,,0.7927168607711792,11,8060
994,17,7,4,True,10531,2,False,False,False,False,0.4472135901451111,2.0,0.8359426259994507,9,9382
994,18,10,1,True,10531,1,False,True,True,True,0.0,0.0,0.7924644947052002,10,8060
994,19,10,1,True,10531,1,False,True,True,True,0.0,0.0,0.761577308177948,10,6271
994,20,1,10,False,10495,2,True,True,True,True,0.0,0.0,0.019999980926513672,1,994
994,21,2,9,False,4,1,True,False,False,False,0.9165151715278625,7.0,0.9169515371322632,9,8997
994,22,7,4,True,10531,1,False,False,False,False,0.2828426957130432,2.0,0.7917070388793945,9,2669
994,23,4,7,True,10531,1,False,False,False,False,0.2828426957130432,2.0,0.523067831993103,6,2669
994,24,1,10,False,10495,2,True,True,True,True,0.0,0.0,0.019999980926513672,1,994
994,25,7,4,True,10531,2,False,True,True,True,0.0,0.0,0.5681549310684204,7,7171
994,26,1,10,False,573,3,True,False,False,False,0.44721361994743347,2.0,0.4476606249809265,3,7734
994,27,7,4,True,10531,1,False,False,False,False,0.20000001788139343,1.0,0.6409368515014648,8,9382
994,28,9,2,True,10531,1,False,True,True,True,0.0,0.0,0.8506468534469604,9,9961
994,29,10,1,True,10531,1,False,True,True,True,0.0,0.0,0.8221921920776367,10,7267
994,30,10,1,True,10531,2,False,True,True,True,0.0,0.0,0.7402702569961548,10,3329
994,31,1,10,False,3,1,True,False,False,False,1.095445156097412,8.0,1.095627784729004,9,8997
817,0,8,3,True,10531,1,False,True,True,True,0.0,0.0,0.7610518932342529,8,10041
817,1,11,0,True,10531,1,False,,,,,,0.7927168607711792,11,8060
817,2,7,4,True,10531,7,False,False,False,False,0.19999998807907104,1.0,0.561070442199707,8,9658
817,3,6,5,True,10531,1,False,False,False,False,0.19999998807907104,1.0,0.6019967198371887,7,9961
817,4,7,4,True,10531,1,False,True,True,True,0.0,0.0,0.8214621543884277,7,9961
817,5,5,6,True,10531,1,False,False,False,False,0.2828426957130432,2.0,0.7280110120773315,7,1960
817,6,8,3,True,10531,1,False,False,False,False,0.19999998807907104,1.0,0.7662897706031799,9,9961
817,7,11,0,True,10531,1,False,,,,,,0.7927168607711792,11,8060
817,8,8,3,True,10531,1,False,True,True,True,0.0,0.0,0.7714921236038208,8,9950
817,9,9,2,True,10531,1,False,False,False,False,0.2828426957130432,2.0,0.6720119118690491,11,9382
817,10,3,8,False,2,1,True,False,False,False,0.9380831718444824,5.0,0.938722550868988,8,6271
817,11,5,6,True,10531,1,False,False,False,False,0.2828426957130432,2.0,0.6340346932411194,7,1960
817,12,7,4,True,10531,1,False,False,False,False,0.19999998807907104,1.0,0.6023288369178772,8,1969
817,13,5,6,True,10531,1,False,False,False,False,0.19999998807907104,1.0,0.6403124332427979,6,9950
817,14,6,5,True,10531,1,False,False,False,False,0.19999998807907104,1.0,0.4673328697681427,7,419
817,15,6,5,True,10531,1,False,True,True,True,0.0,0.0,0.7914543747901917,6,9961
817,16,10,1,True,10531,2,False,False,False,False,0.19999998807907104,1.0,0.7668116092681885,11,3329
817,17,8,3,True,10531,1,False,False,False,False,0.20000001788139343,1.0,0.484974205493927,9,8060
817,18,3,8,False,1,1,True,False,False,False,0.9165151715278625,7.0,0.9171696305274963,10,8997
817,19,4,7,True,10531,6,False,True,True,True,0.0,0.0,0.4749737083911896,4,6376
817,20,3,8,True,10531,1,False,False,False,False,0.3999999761581421,4.0,0.5071488618850708,7,5293
817,21,4,7,True,10531,1,False,False,False,False,0.44721361994743347,2.0,0.7222188115119934,6,296
817,22,11,0,True,10531,1,False,,,,,,0.7927168607711792,11,8060
817,23,1,10,False,5,1,True,False,False,False,1.095445156097412,8.0,1.0956276655197144,9,8997
817,24,10,1,True,10531,1,False,True,True,True,0.0,0.0,0.7720103859901428,10,1969
817,25,8,3,True,10531,1,False,True,True,True,0.0,0.0,0.7397297620773315,8,1969
817,26,6,5,True,10531,2,False,False,False,False,0.19999998807907104,1.0,0.4317406415939331,7,9520
817,27,7,4,True,10531,1,False,False,False,False,0.4000000059604645,1.0,0.8870174288749695,8,7267
817,28,9,2,True,10531,1,False,True,True,True,0.0,0.0,0.7400000095367432,9,1969
817,29,8,3,True,10531,1,False,False,False,False,0.5999999642372131,3.0,0.7766594886779785,11,4853
817,30,4,7,True,10531,1,False,False,False,False,0.44721361994743347,2.0,0.5878775715827942,6,10041
817,31,8,3,True,10531,1,False,False,False,False,0.4472135603427887,2.0,0.6657326221466064,10,4853
2808,0,3,8,True,10531,1,False,False,False,False,0.19999998807907104,1.0,0.2986636757850647,4,5175
2808,1,7,4,True,10531,1,False,False,False,False,0.4000000059604645,1.0,0.6948381066322327,8,7604
2808,2,3,8,False,245,15,True,False,False,False,0.19999998807907104,1.0,0.20297782123088837,4,13
2808,3,11,0,True,10531,1,False,,,,,,0.7927168607711792,11,8060
2808,4,1,10,False,26,3,True,False,False,False,0.20000001788139343,1.0,0.20099753141403198,2,722
2808,5,9,2,True,10531,1,False,False,False,False,0.40000003576278687,1.0,0.6352952122688293,10,8060
2808,6,5,6,True,10531,1,False,False,False,False,0.4898979663848877,3.0,0.7496665716171265,8,8050
2808,7,3,8,False,1,1,True,False,False,False,0.7483315467834473,6.0,0.7491328716278076,9,8997
2808,8,4,7,True,10531,1,False,True,True,True,0.0,0.0,0.5230678915977478,4,5839
2808,9,6,5,True,10531,1,False,False,False,False,0.4000000059604645,1.0,0.7282856702804565,7,9950
2808,10,11,0,True,10531,1,False,,,,,,0.7927168607711792,11,8060
2808,11,8,3,True,10531,1,False,False,False,False,0.19999998807907104,1.0,0.6412488222122192,9,9382
2808,12,1,10,False,5,1,True,False,False,False,0.9591663479804993,7.0,0.9593748450279236,8,8997
2808,13,8,3,True,10531,4,False,True,True,True,0.0,0.0,0.5685068368911743,8,2966
2808,14,1,10,False,5,1,True,False,False,False,0.9591663479804993,7.0,0.9593748450279236,8,8997
2808,15,1,10,False,1620,22,True,True,True,True,0.0,0.0,0.02000001072883606,1,10209
2808,16,2,9,False,7,1,True,False,False,False,0.19999998807907104,1.0,0.20199008285999298,3,406
2808,17,8,3,True,10531,1,False,False,False,False,0.44721361994743347,2.0,0.6286493539810181,10,8060
2808,18,8,3,True,10531,1,False,True,True,True,0.0,0.0,0.49315309524536133,8,2163
2808,19,2,9,False,52,4,True,False,False,False,0.2828426957130432,2.0,0.28425341844558716,4,370
2808,20,4,7,True,10531,1,False,True,True,True,0.0,0.0,0.5230678915977478,4,5839
2808,21,2,9,False,2958,80,True,True,True,True,0.0,0.0,0.028284255415201187,2,7768
2808,22,10,1,True,10531,1,False,True,True,True,0.0,0.0,0.7924644947052002,10,8060
2808,23,11,0,True,10531,1,False,,,,,,0.7927168607711792,11,8060
2808,24,10,1,True,10531,2,False,True,True,True,0.0,0.0,0.7402702569961548,10,3329
2808,25,3,8,True,10531,1,False,False,False,False,0.4000000059604645,4.0,0.5806892514228821,7,10478
2808,26,10,1,True,10531,1,False,True,True,True,0.0,0.0,0.7720103859901428,10,1969
2808,27,8,3,True,10531,1,False,False,False,False,0.20000001788139343,1.0,0.8168231248855591,9,2163
2808,28,7,4,True,10531,1,False,False,False,False,0.44721361994743347,2.0,0.6654322147369385,9,7267
2808,29,5,6,True,10531,2,False,False,False,False,0.2828426957130432,2.0,0.5949790477752686,7,5670
2808,30,2,9,False,540,1,True,True,True,True,0.0,0.0,0.028284255415201187,2,8018
2808,31,6,5,True,10531,1,False,False,False,False,0.44721361994743347,2.0,0.6887670755386353,8,7604
7602,0,7,4,True,10531,1,False,False,False,False,0.20000001788139343,1.0,0.561070442199707,8,9382
7602,1,3,8,True,10531,1,False,True,True,True,0.0,0.0,0.2218107283115387,3,4789
7602,2,10,1,True,10531,1,False,True,True,True,0.0,0.0,0.7720103859901428,10,1969
7602,3,2,9,False,23,3,True,True,True,True,0.0,0.0,0.02828427590429783,2,431
7602,4,6,5,True,10531,1,False,True,True,True,0.0,0.0,0.5678027868270874,6,1969
7602,5,2,9,False,2,1,True,False,False,False,0.8246211409568787,6.0,0.8251060843467712,8,8997
7602,6,5,6,True,10531,1,False,False,False,False,0.2828427255153656,2.0,0.4753945767879486,7,7267
7602,7,6,5,True,10531,1,False,False,False,False,0.2828426957130432,2.0,0.6711184978485107,8,9950
7602,8,7,4,True,10531,1,False,True,True,True,0.0,0.0,0.7394593358039856,7,1969
7602,9,6,5,True,10531,2,False,True,True,True,0.0,0.0,0.5678027868270874,6,6074
7602,10,1,10,False,1,1,True,False,False,False,1.2649110555648804,10.0,1.2650691270828247,11,53
7602,11,5,6,True,10531,2,False,True,True,True,0.0,0.0,0.3130495250225067,5,9520
7602,12,2,9,False,2,2,True,False,False,False,1.4422204494476318,9.0,1.4424978494644165,11,7522
7602,13,3,8,True,10531,2,False,False,False,False,0.20000000298023224,1.0,0.3704051673412323,4,9520
7602,14,10,1,True,10531,1,False,False,False,False,0.3999999761581421,1.0,0.6723094582557678,11,4075
7602,15,4,7,True,10531,2,False,True,True,True,0.0,0.0,0.5230678915977478,4,6732
7602,16,11,0,True,10531,1,False,,,,,,0.7927168607711792,11,8060
7602,17,9,2,True,10531,2,False,True,True,True,0.0,0.0,0.7400000095367432,9,3329
7602,18,4,7,True,10531,1,False,True,True,True,0.0,0.0,0.22271056473255157,4,4156
7602,19,11,0,True,10531,1,False,,,,,,0.7927168607711792,11,8060
7602,20,10,1,True,10531,1,False,True,True,True,0.0,0.0,0.7924644947052002,10,8060
7602,21,8,3,True,10531,1,False,False,False,False,0.4472135901451111,2.0,0.6286493539810181,10,4075
7602,22,1,10,False,10446,5,True,True,True,True,0.0,0.0,0.019999980926513672,1,9852
7602,23,8,3,True,10531,1,False,False,False,False,0.20000001788139343,1.0,0.8168231248855591,9,7267
7602,24,6,5,True,10531,2,False,False,False,False,0.20000001788139343,1.0,0.4317406713962555,7,9531
7602,25,8,3,True,10531,1,False,True,True,True,0.0,0.0,0.7288346886634827,8,10041
7602,26,5,6,True,10531,1,False,True,True,True,0.0,0.0,0.382099449634552,5,4789
7602,27,7,4,True,10531,1,False,False,False,False,0.20000001788139343,1.0,0.43220365047454834,8,8060
7602,28,5,6,True,10531,4,False,True,True,True,0.0,0.0,0.4753945767879486,5,2966
7602,29,9,2,True,10531,1,False,False,False,False,0.20000001788139343,1.0,0.7665507793426514,10,3329
7602,30,5,6,True,10531,3,False,True,True,True,0.0,0.0,0.22360679507255554,5,431
7602,31,3,8,True,10531,1,False,False,False,False,0.20000001788139343,1.0,0.3704051673412323,4,7267
4636,0,7,4,True,10531,1,False,False,False,False,0.2828426957130432,2.0,0.7607890963554382,9,5293
4636,1,1,10,False,3,1,True,False,False,False,0.8246211409568787,6.0,0.8248636722564697,7,8997
4636,2,11,0,True,10531,1,False,,,,,,0.7927168607711792,11,8060
4636,3,9,2,True,10531,2,False,False,False,False,0.19999998807907104,1.0,0.7665507793426514,10,3329
4636,4,1,10,False,10495,92,True,True,True,True,0.0,0.0,0.019999980926513672,1,8359
4636,5,5,6,True,10531,1,False,False,False,False,0.2828426957130432,2.0,0.5531727075576782,7,5640
4636,6,8,3,True,10531,2,False,False,False,False,0.4472135901451111,2.0,0.8361818790435791,10,9382
4636,7,5,6,True,10531,1,False,False,False,False,0.2828426957130432,2.0,0.5531726479530334,7,5640
4636,8,7,4,True,10531,1,False,False,False,False,0.19999998807907104,1.0,0.6409368515014648,8,8997
4636,9,4,7,True,10531,1,False,False,False,False,0.19999998807907104,1.0,0.5600000023841858,5,1423
4636,10,6,5,True,10531,3,False,False,False,False,0.19999998807907104,1.0,0.5607138276100159,7,3145
4636,11,2,9,False,52,1,True,True,True,True,0.0,0.0,0.028284255415201187,2,406
4636,12,2,9,False,52,1,True,True,True,True,0.0,0.0,0.028284255415201187,2,406
4636,13,7,4,True,10531,1,False,False,False,False,0.4472135901451111,2.0,0.8359426259994507,9,9382
4636,14,10,1,True,10531,1,False,True,True,True,0.0,0.0,0.7924644947052002,10,8060
4636,15,11,0,True,10531,1,False,,,,,,0.7927168607711792,11,8060
4636,16,3,8,True,10531,1,False,False,False,False,0.2828426957130432,2.0,0.3594439923763275,5,7299
4636,17,7,4,True,10531,1,False,False,False,False,0.19999998807907104,1.0,0.6409368515014648,8,8997
4636,18,2,9,True,10531,2,False,True,True,True,0.0,0.0,0.22090721130371094,2,336
4636,19,11,0,True,10531,1,False,,,,,,0.7927168607711792,11,8060
4636,20,3,8,False,22,1,True,False,False,False,0.5656853914260864,5.0,0.5667450428009033,8,1162
4636,21,8,3,True,10531,1,False,False,False,False,0.19999998807907104,1.0,0.484974205493927,9,10496
4636,22,7,4,True,10531,1,False,True,True,True,0.0,0.0,0.6714164614677429,7,9536
4636,23,7,4,True,10531,2,False,False,False,False,0.4000000059604645,1.0,0.8116649985313416,8,3329
4636,24,5,6,True,10531,2,False,False,False,False,0.4898979365825653,3.0,0.7496666312217712,8,9382
4636,25,2,9,True,10531,1,False,True,True,True,0.0,0.0,0.42047595977783203,2,406
4636,26,11,0,True,10531,1,False,,,,,,0.7927168607711792,11,8060
4636,27,8,3,True,10531,1,False,False,False,False,0.3464101552963257,3.0,0.7868926525115967,11,6874
4636,28,11,0,True,10531,1,False,,,,,,0.7927168607711792,11,8060
4636,29,10,1,True,10531,1,False,True,True,True,0.0,0.0,0.7924644947052002,10,8060
4636,30,7,4,True,10531,1,False,False,False,False,0.3464101552963257,3.0,0.8359426259994507,10,4853
4636,31,10,1,True,10531,1,False,True,True,True,0.0,0.0,0.7924644947052002,10,8060
8141,0,4,7,True,10531,1,False,False,False,False,0.4000000059604645,4.0,0.5810335278511047,8,423
8141,1,5,6,True,10531,1,False,False,False,False,0.6633249521255493,5.0,0.765506386756897,10,4853
8141,2,2,9,False,1,1,True,False,False,False,1.5099668502807617,9.0,1.5102317333221436,11,53
8141,3,11,0,True,10531,1,False,,,,,,0.7927168607711792,11,8060
8141,4,3,8,True,10531,1,False,False,False,False,0.3464101552963257,3.0,0.5451605319976807,6,5640
8141,5,1,10,False,573,8,True,False,False,False,0.2828426957130432,2.0,0.28354892134666443,3,9548
8141,6,6,5,True,10531,4,False,False,False,False,0.3464101552963257,3.0,0.722772479057312,9,2653
8141,7,5,6,True,10531,1,False,False,False,False,0.632455587387085,4.0,0.7056911587715149,9,8060
8141,8,2,9,False,1,1,True,False,False,False,1.5099668502807617,9.0,1.5102317333221436,11,53
8141,9,7,4,True,10531,1,False,False,False,False,0.3464101552963257,3.0,0.7866384387016296,10,6874
8141,10,2,9,False,7,1,True,True,True,True,0.0,0.0,0.028284266591072083,2,406
8141,11,6,5,True,10531,1,False,False,False,False,0.4472135901451111,2.0,0.722772479057312,8,3329
8141,12,2,9,False,1,1,True,False,False,False,1.5099668502807617,9.0,1.5102317333221436,11,53
8141,13,4,7,True,10531,2,False,False,False,False,0.2828426957130432,2.0,0.5528109669685364,6,9960
8141,14,7,4,True,10531,2,False,True,True,True,0.0,0.0,0.5681549310684204,7,5166
8141,15,4,7,True,10531,6,False,True,True,True,0.0,0.0,0.5230678915977478,4,1966
8141,16,7,4,True,10531,1,False,True,True,True,0.0,0.0,0.6089335083961487,7,1969
8141,17,11,0,True,10531,1,False,,,,,,0.7927168607711792,11,8060
8141,18,11,0,True,10531,1,False,,,,,,0.7927168607711792,11,8060
8141,19,11,0,True,10531,1,False,,,,,,0.7927168607711792,11,8060
8141,20,3,8,False,2,1,True,False,False,False,0.19999998807907104,1.0,0.20297782123088837,4,4152
8141,21,10,1,True,10531,1,False,False,False,False,0.19999998807907104,1.0,0.846167802810669,11,4853
8141,22,11,0,True,10531,1,False,,,,,,0.7927168607711792,11,8060
8141,23,3,8,True,10531,1,False,True,True,True,0.0,0.0,0.31176915764808655,3,6835
8141,24,7,4,True,10531,1,False,False,False,False,0.20000001788139343,1.0,0.755513072013855,8,6271
8141,25,5,6,True,10531,3,False,False,False,False,0.19999998807907104,1.0,0.5603570342063904,6,8118
8141,26,4,7,True,10531,1,False,True,True,True,0.0,0.0,0.38157567381858826,4,9208
8141,27,10,1,True,10531,1,False,True,True,True,0.0,0.0,0.7924644947052002,10,8060
8141,28,1,10,False,10495,83,True,True,True,True,0.0,0.0,0.019999980926513672,1,6797
8141,29,3,8,True,10531,1,False,False,False,False,0.19999998807907104,1.0,0.3704051673412323,4,3140
8141,30,9,2,True,10531,1,False,False,False,False,0.2828426957130432,2.0,0.7068238854408264,11,7204
8141,31,11,0,True,10531,1,False,,,,,,0.7927168607711792,11,8060
7398,0,4,7,True,10531,2,False,False,False,False,0.3464101552963257,3.0,0.4664761424064636,7,8333
7398,1,6,5,True,10531,1,False,True,True,True,0.0,0.0,0.44090813398361206,6,1957
7398,2,11,0,True,10531,1,False,,,,,,0.7927168607711792,11,8060
7398,3,10,1,True,10531,1,False,True,True,True,0.0,0.0,0.761577308177948,10,8060
7398,4,11,0,True,10531,1,False,,,,,,0.7927168607711792,11,8060
7398,5,11,0,True,10531,1,False,,,,,,0.7927168607711792,11,8060
7398,6,4,7,True,10531,1,False,True,True,True,0.0,0.0,0.31240999698638916,4,2841
7398,7,9,2,True,10531,2,False,False,False,False,0.20000001788139343,1.0,0.7665507793426514,10,1969
7398,8,2,9,True,10531,2,False,False,False,False,0.2828427255153656,2.0,0.42047592997550964,4,1026
7398,9,3,8,True,10531,2,False,False,False,False,0.20000001788139343,1.0,0.4303486943244934,4,1026
7398,10,3,8,False,49,1,True,True,True,True,0.0,0.0,0.03464100882411003,3,422
7398,11,5,6,True,10531,1,False,True,True,True,0.0,0.0,0.6082763075828552,5,1957
7398,12,8,3,True,10531,2,False,False,False,False,0.19999998807907104,1.0,0.6412488222122192,9,9382
7398,13,11,0,True,10531,1,False,,,,,,0.7927168607711792,11,8060
7398,14,4,7,False,1,1,True,False,False,False,0.9797959327697754,7.0,0.9806120991706848,11,53
7398,15,6,5,True,10531,1,False,False,False,False,0.19999998807907104,1.0,0.4317406415939331,7,3329
7398,16,8,3,True,10531,1,False,False,False,False,0.19999998807907104,1.0,0.6412488222122192,9,1969
7398,17,10,1,True,10531,1,False,True,True,True,0.0,0.0,0.7402702569961548,10,3329
7398,18,2,9,True,10531,2,False,False,False,False,0.20000001788139343,1.0,0.3698648512363434,3,1026
7398,19,11,0,True,10531,1,False,,,,,,0.7927168607711792,11,8060
7398,20,2,9,False,2,1,True,False,False,False,0.9380831718444824,8.0,0.938509464263916,10,8997
7398,21,8,3,True,10531,1,False,False,False,False,0.19999998807907104,1.0,0.6412488222122192,9,1969
7398,22,7,4,True,10531,1,False,False,False,False,0.4472135901451111,2.0,0.6654321551322937,9,4075
7398,23,8,3,True,10531,1,False,False,False,False,0.20000001788139343,1.0,0.7557777762413025,9,8060
7398,24,7,4,True,10531,1,False,False,False,False,0.2828426957130432,2.0,0.7285602688789368,9,9382
7398,25,2,9,False,1,1,True,False,False,False,1.216552495956421,9.0,1.216881275177002,11,53
7398,26,9,2,True,10531,1,False,True,True,True,0.0,0.0,0.6095900535583496,9,3329
7398,27,11,0,True,10531,1,False,,,,,,0.7927168607711792,11,8060
7398,28,11,0,True,10531,1,False,,,,,,0.7927168607711792,11,8060
7398,29,5,6,True,10531,1,False,True,True,True,0.0,0.0,0.49193495512008667,5,9950
7398,30,8,3,True,10531,1,False,False,False,False,0.4000000059604645,1.0,0.55425626039505,9,8060
7398,31,7,4,True,10531,1,False,False,False,False,0.2828427255153656,2.0,0.5242136716842651,9,8060
2695,0,7,4,True,10531,1,False,False,False,False,0.2828427255153656,2.0,0.5242136716842651,9,8060
2695,1,5,6,True,10531,2,False,False,False,False,0.2828426957130432,2.0,0.5234501361846924,7,1969
2695,2,10,1,True,10531,1,False,True,True,True,0.0,0.0,0.8221921920776367,10,7267
2695,3,1,10,False,2992,22,True,True,True,True,0.0,0.0,0.019999995827674866,1,6688
2695,4,2,9,False,2,1,True,False,False,False,0.8717797994613647,5.0,0.8722385168075562,7,9647
2695,5,8,3,True,10531,1,False,False,False,False,0.4472135901451111,2.0,0.8361818194389343,10,8050
2695,6,9,2,True,10531,1,False,True,True,True,0.0,0.0,0.7400000095367432,9,8997
2695,7,4,7,True,10531,3,False,True,True,True,0.0,0.0,0.31240999698638916,4,8457
2695,8,2,9,False,2932,22,True,True,True,True,0.0,0.0,0.028284255415201187,2,3951
2695,9,11,0,True,10531,1,False,,,,,,0.7927168607711792,11,8060
2695,10,11,0,True,10531,1,False,,,,,,0.7927168607711792,11,8060
2695,11,6,5,True,10531,2,False,False,False,False,0.3464101552963257,3.0,0.6651315689086914,9,5069
2695,12,1,10,False,26,6,True,False,False,False,0.2828426957130432,2.0,0.2835489511489868,3,7911
2695,13,11,0,True,10531,1,False,,,,,,0.7927168607711792,11,8060
2695,14,10,1,True,10531,1,False,True,True,True,0.0,0.0,0.8221921920776367,10,7267
2695,15,8,3,True,10531,1,False,False,False,False,0.20000001788139343,1.0,0.7868926525115967,9,2163
2695,16,3,8,True,10531,1,False,False,False,False,0.2828426957130432,2.0,0.3594440221786499,5,6105
2695,17,2,9,False,25,6,True,False,False,False,0.2828426957130432,2.0,0.28425341844558716,4,7308
2695,18,4,7,False,245,1,True,False,False,False,0.19999998807907104,1.0,0.20396076142787933,5,10510
2695,19,5,6,True,10531,1,False,True,True,True,0.0,0.0,0.382099449634552,5,8296
2695,20,1,10,False,5,1,True,False,False,False,0.8485282063484192,7.0,0.8487638831138611,8,8997
2695,21,11,0,True,10531,1,False,,,,,,0.7927168607711792,11,8060
2695,22,1,10,False,3,1,True,False,False,False,0.9591663479804993,7.0,0.9593747854232788,8,8997
2695,23,2,9,False,7,1,True,False,False,False,0.20000001788139343,1.0,0.20199011266231537,3,8865
2695,24,11,0,True,10531,1,False,,,,,,0.7927168607711792,11,8060
2695,25,3,8,True,10531,2,False,True,True,True,0.0,0.0,0.5943063497543335,3,7750
2695,26,9,2,True,10531,1,False,True,True,True,0.0,0.0,0.6095900535583496,9,3329
2695,27,3,8,True,10531,1,False,True,True,True,0.0,0.0,0.4745524525642395,3,9172
2695,28,1,10,False,23,1,True,False,False,False,0.8485281467437744,7.0,0.8487638235092163,8,7950
2695,29,7,4,True,10531,1,False,False,False,False,0.19999998807907104,1.0,0.7660287618637085,8,9961
2695,30,3,8,True,10531,5,False,False,False,False,0.2828426957130432,2.0,0.4209512770175934,5,8759
2695,31,1,10,False,1620,69,True,False,False,False,0.19999998807907104,1.0,0.2009975016117096,2,1985
8038,0,4,7,True,10531,1,False,True,True,True,0.0,0.0,0.5230678915977478,4,1163
8038,1,4,7,True,10531,1,False,False,False,False,0.2828426957130432,2.0,0.4749736785888672,6,3329
8038,2,10,1,True,10531,1,False,True,True,True,0.0,0.0,0.7924644947052002,10,8060
8038,3,5,6,True,10531,3,False,False,False,False,0.3464101552963257,3.0,0.699999988079071,8,5292
8038,4,9,2,True,10531,2,False,True,True,True,0.0,0.0,0.7400000095367432,9,3329
8038,5,2,9,False,7,1,True,False,False,False,0.4898979663848877,3.0,0.49071377515792847,5,9647
8038,6,5,6,True,10531,1,False,False,False,False,0.4898979663848877,3.0,0.7810249924659729,8,7204
8038,7,8,3,True,10531,1,False,True,True,True,0.0,0.0,0.7397297024726868,8,5808
8038,8,9,2,True,10531,1,False,False,False,False,0.5656854510307312,2.0,0.7180529236793518,11,8060
8038,9,7,4,True,10531,1,False,False,False,False,0.44721361994743347,2.0,0.6283311247825623,9,4075
8038,10,1,10,False,5,1,True,False,False,False,0.7745967507362366,9.0,0.774854838848114,10,4853
8038,11,10,1,True,10531,1,False,False,False,False,0.20000000298023224,1.0,0.8173126578330994,11,8060
8038,12,11,0,True,10531,1,False,,,,,,0.7927168607711792,11,8060
8038,13,10,1,True,10531,1,False,True,True,True,0.0,0.0,0.7402702569961548,10,3329
8038,14,11,0,True,10531,1,False,,,,,,0.7927168607711792,11,8060
8038,15,2,9,False,2,2,True,False,False,False,0.6324555277824402,7.0,0.6330876350402832,9,7522
8038,16,4,7,True,10531,6,False,False,False,False,0.20000001788139343,1.0,0.5600000023841858,5,5953
8038,17,1,10,False,2992,24,True,True,True,True,0.0,0.0,0.019999995827674866,1,7967
8038,18,1,10,False,10446,3,True,True,True,True,0.0,0.0,0.019999980926513672,1,8239
8038,19,6,5,True,10531,1,False,False,False,False,0.4898979663848877,3.0,0.6590902805328369,9,8060
8038,20,8,3,True,10531,1,False,False,False,False,0.20000000298023224,1.0,0.6412488222122192,9,3329
8038,21,1,10,False,53,1,True,False,False,False,0.5291502475738525,4.0,0.5295280814170837,5,9647
8038,22,10,1,True,10531,1,False,False,False,False,0.4000000059604645,1.0,0.6356099247932434,11,8060
8038,23,5,6,True,10531,1,False,False,False,False,0.2828426957130432,2.0,0.670820415019989,7,9896
8038,24,2,9,True,10531,1,False,False,False,False,0.4472135901451111,5.0,0.5447935461997986,7,5069
8038,25,7,4,True,10531,1,False,False,False,False,0.19999998807907104,1.0,0.6023288369178772,8,3329
8038,26,2,9,False,1,1,True,False,False,False,1.2328827381134033,8.0,1.2332072257995605,10,53
8038,27,9,2,True,10531,1,False,False,False,False,0.5656854510307312,2.0,0.7180529236793518,11,8060
8038,28,5,6,True,10531,1,False,False,False,False,0.5291503071784973,4.0,0.6148170828819275,9,7285
8038,29,6,5,True,10531,1,False,False,False,False,0.20000000298023224,1.0,0.6406247019767761,7,3329
8038,30,11,0,True,10531,1,False,,,,,,0.7927168607711792,11,8060
8038,31,11,0,True,10531,1,False,,,,,,0.7927168607711792,11,8060
2720,0,9,2,True,10531,1,False,True,True,True,0.0,0.0,0.7400000095367432,9,8997
2720,1,3,8,False,23,6,True,False,False,False,0.19999998807907104,1.0,0.20297782123088837,4,722
2720,2,4,7,True,10531,2,False,False,False,False,0.19999998807907104,1.0,0.6273755431175232,5,9526
2720,3,3,8,True,10531,2,False,False,False,False,0.2828426957130432,2.0,0.4209512770175934,5,927
2720,4,7,4,True,10531,6,False,False,False,False,0.19999998807907104,1.0,0.6023288369178772,8,4147
2720,5,4,7,True,10531,1,False,False,False,False,0.20000001788139343,1.0,0.601331889629364,5,9700
2720,6,5,6,True,10531,5,False,True,True,True,0.0,0.0,0.3130495250225067,5,361
2720,7,8,3,True,10531,1,False,True,True,True,0.0,0.0,0.8217055797576904,8,9961
2720,8,7,4,True,10531,1,False,False,False,False,0.19999998807907104,1.0,0.5317894220352173,8,1969
2720,9,11,0,True,10531,1,False,,,,,,0.7927168607711792,11,8060
2720,10,2,9,False,10445,34,True,True,True,True,0.0,0.0,0.028284244239330292,2,1174
2720,11,1,10,False,5,1,True,False,False,False,0.9165151715278625,7.0,0.9167333841323853,8,8997
2720,12,2,9,False,22,1,True,False,False,False,0.8717797994613647,8.0,0.8722385168075562,10,2244
2720,13,2,9,False,2932,4,True,True,True,True,0.0,0.0,0.028284255415201187,2,8258
2720,14,6,5,True,10531,1,False,False,False,False,0.19999998807907104,1.0,0.4841487407684326,7,10496
2720,15,9,2,True,10531,1,False,False,False,False,0.20000001788139343,1.0,0.4853864312171936,10,8060
2720,16,9,2,True,10531,1,False,False,False,False,0.2828426957130432,2.0,0.7068238854408264,11,7204
2720,17,4,7,True,10531,2,False,False,False,False,0.2828426957130432,2.0,0.42142611742019653,6,1311
2720,18,1,10,False,573,4,True,False,False,False,0.19999998807907104,1.0,0.2009975016117096,2,5105
2720,19,10,1,True,10531,1,False,True,True,True,0.0,0.0,0.8221921920776367,10,7267
2720,20,8,3,True,10531,1,False,True,True,True,0.0,0.0,0.6474565863609314,8,1969
2720,21,4,7,True,10531,2,False,False,False,False,0.19999998807907104,1.0,0.5153639912605286,5,7150
2720,22,6,5,True,10531,2,False,False,False,False,0.2828426957130432,2.0,0.8114185333251953,8,5640
2720,23,7,4,True,10531,1,False,True,True,True,0.0,0.0,0.7394593358039856,7,9950
2720,24,1,10,False,5,1,True,False,False,False,0.9165151715278625,7.0,0.9167333841323853,8,8997
2720,25,5,6,True,10531,1,False,False,False,False,0.3999999761581421,4.0,0.6587867736816406,9,5293
2720,26,11,0,True,10531,1,False,,,,,,0.7927168607711792,11,8060
2720,27,5,6,True,10531,1,False,False,False,False,0.4000000059604645,1.0,0.5531726479530334,6,10041
2720,28,10,1,True,10531,1,False,True,True,True,0.0,0.0,0.7924644947052002,10,8060
2720,29,7,4,True,10531,2,False,False,False,False,0.2828426957130432,2.0,0.8407140374183655,9,5670
2720,30,9,2,True,10531,1,False,False,False,False,0.20000001788139343,1.0,0.7871467471122742,10,8060
2720,31,7,4,True,10531,2,False,False,False,False,0.2828426957130432,2.0,0.634665310382843,9,5166
10005,0,1,10,False,573,1,True,False,False,False,0.3464101552963257,3.0,0.3469870388507843,4,4043
10005,1,1,10,False,53,1,True,True,True,True,0.0,0.0,0.019999995827674866,1,422
10005,2,7,4,True,10531,1,False,False,False,False,0.44721361994743347,2.0,0.5466260313987732,9,8060
10005,3,10,1,True,10531,1,False,True,True,True,0.0,0.0,0.761577308177948,10,8060
10005,4,2,9,False,23,3,True,True,True,True,0.0,0.0,0.02828427590429783,2,9163
10005,5,6,5,True,10531,1,False,False,False,False,0.44721361994743347,2.0,0.5885576009750366,8,8060
10005,6,3,8,True,10531,1,False,False,False,False,0.19999998807907104,1.0,0.2986636757850647,4,6373
10005,7,4,7,False,1,1,True,False,False,False,1.0,6.0,1.0007996559143066,10,6271
10005,8,1,10,False,26,3,True,True,True,True,0.0,0.0,0.019999995827674866,1,8912
10005,9,3,8,True,10531,3,False,False,False,False,0.19999998807907104,1.0,0.2986636757850647,4,9139
10005,10,5,6,True,10531,1,False,False,False,False,0.19999998807907104,1.0,0.43127715587615967,6,4156
10005,11,3,8,True,10531,1,False,False,False,False,0.2828427255153656,2.0,0.42095130681991577,5,2163
10005,12,11,0,True,10531,1,False,,,,,,0.7927168607711792,11,8060
10005,13,4,7,True,10531,1,False,True,True,True,0.0,0.0,0.4214261770248413,4,4527
10005,14,11,0,True,10531,1,False,,,,,,0.7927168607711792,11,8060
10005,15,5,6,True,10531,1,False,False,False,False,0.20000001788139343,1.0,0.6016643643379211,6,1957
10005,16,9,2,True,10531,1,False,False,False,False,0.20000001788139343,1.0,0.7560423612594604,10,8060
10005,17,8,3,True,10531,1,False,False,False,False,0.2828426957130432,2.0,0.6717142462730408,10,9382
10005,18,6,5,True,10531,1,False,False,False,False,0.19999998807907104,1.0,0.6019967198371887,7,6874
10005,19,10,1,True,10531,2,False,False,False,False,0.19999998807907104,1.0,0.7668116092681885,11,3329
10005,20,8,3,True,10531,1,False,True,True,True,0.0,0.0,0.7610518932342529,8,10041
10005,21,1,10,False,26,3,True,True,True,True,0.0,0.0,0.019999995827674866,1,9163
10005,22,10,1,True,10531,1,False,True,True,True,0.0,0.0,0.8221921920776367,10,7267
10005,23,3,8,True,10531,1,False,False,False,False,0.20000001788139343,1.0,0.3704051673412323,4,7604
10005,24,8,3,True,10531,1,False,True,True,True,0.0,0.0,0.7919595837593079,8,7267
10005,25,6,5,True,10531,2,False,False,False,False,0.2828426957130432,2.0,0.5238320827484131,8,1969
10005,26,1,10,False,3,1,True,False,False,False,1.058300495147705,9.0,1.058489441871643,10,8997
10005,27,7,4,True,10531,1,False,True,True,True,0.0,0.0,0.6471476554870605,7,9950
10005,28,2,9,False,2,1,True,False,False,False,0.4898979663848877,3.0,0.49071377515792847,5,4152
10005,29,2,9,True,10531,8,False,True,True,True,0.0,0.0,0.22090721130371094,2,5145
10005,30,3,8,False,1,1,True,False,False,False,1.2328827381134033,8.0,1.2333693504333496,11,53
10005,31,11,0,True,10531,1,False,,,,,,0.7927168607711792,11,8060
7890,0,6,5,True,10531,1,False,False,False,False,0.19999998807907104,1.0,0.5607138276100159,7,255
7890,1,6,5,True,10531,1,False,False,False,False,0.4898979663848877,3.0,0.5817216038703918,9,8060
7890,2,6,5,True,10531,1,False,False,False,False,0.19999998807907104,1.0,0.48414871096611023,7,296
7890,3,7,4,True,10531,1,False,False,False,False,0.2828426957130432,2.0,0.5242136716842651,9,4295
7890,4,8,3,True,10531,1,False,False,False,False,0.19999998807907104,1.0,0.7662897706031799,9,2669
7890,5,4,7,True,10531,1,False,False,False,False,0.2828426957130432,2.0,0.4214261472225189,6,6436
7890,6,11,0,True,10531,1,False,,,,,,0.7927168607711792,11,8060
7890,7,10,1,True,10531,1,False,True,True,True,0.0,0.0,0.8221921920776367,10,7267
7890,8,4,7,True,10531,1,False,False,False,False,0.3464101552963257,3.0,0.5153639912605286,7,4295
7890,9,1,10,False,23,1,True,False,False,False,1.1135529279708862,7.0,1.1137324571609497,8,1162
7890,10,6,5,True,10531,1,False,True,True,True,0.0,0.0,0.5238320827484131,6,3145
7890,11,5,6,True,10531,2,False,False,False,False,0.2828426957130432,2.0,0.6587868332862854,7,4043
7890,12,11,0,True,10531,1,False,,,,,,0.7927168607711792,11,8060
7890,13,2,9,False,22,1,True,False,False,False,0.9380831718444824,6.0,0.938509464263916,8,1162
7890,14,3,8,True,10531,1,False,False,False,False,0.4000000059604645,4.0,0.5071489214897156,7,2669
7890,15,7,4,True,10531,1,False,False,False,False,0.2828426957130432,2.0,0.634665310382843,9,3329
7890,16,1,10,False,5,1,True,False,False,False,1.058300495147705,9.0,1.058489441871643,10,8997
7890,17,5,6,True,10531,1,False,False,False,False,0.19999998807907104,1.0,0.6016643643379211,6,5290
7890,18,3,8,True,10531,1,False,False,False,False,0.2828426957130432,2.0,0.3594439923763275,5,4144
7890,19,4,7,False,1,1,True,False,False,False,1.0770329236984253,7.0,1.077775478363037,11,53
7890,20,6,5,True,10531,1,False,False,False,False,0.44721361994743347,2.0,0.5885576009750366,8,8060
7890,21,7,4,True,10531,1,False,False,False,False,0.3464101552963257,3.0,0.7005712389945984,10,7204
7890,22,8,3,True,10531,1,False,False,False,False,0.2828426957130432,2.0,0.634980320930481,10,3329
7890,23,10,1,True,10531,1,False,True,True,True,0.0,0.0,0.7924644947052002,10,8060
7890,24,8,3,True,10531,1,False,True,True,True,0.0,0.0,0.49315309524536133,8,2163
7890,25,11,0,True,10531,1,False,,,,,,0.7927168607711792,11,8060
7890,26,1,10,False,1,1,True,False,False,False,1.4282857179641724,10.0,1.428425669670105,11,53
7890,27,7,4,True,10531,1,False,True,True,True,0.0,0.0,0.7394593358039856,7,9961
7890,28,1,10,False,3,1,True,False,False,False,0.9591663479804993,9.0,0.9593748450279236,10,8997
7890,29,9,2,True,10531,1,False,False,False,False,0.20000001788139343,1.0,0.7345747351646423,10,9382
7890,30,9,2,True,10531,1,False,True,True,True,0.0,0.0,0.49355849623680115,9,8060
7890,31,2,9,False,294,1,True,False,False,False,0.2828426957130432,2.0,0.28425338864326477,4,2133
2745,0,8,3,True,10531,1,False,False,False,False,0.19999998807907104,1.0,0.7343024611473083,9,9382
2745,1,3,8,True,10531,1,False,False,False,False,0.19999998807907104,1.0,0.3704051673412323,4,8085
2745,2,1,10,False,1620,11,True,True,True,True,0.0,0.0,0.02000001072883606,1,751
2745,3,3,8,False,1,1,True,False,False,False,1.2000000476837158,8.0,1.2004998922348022,11,26
2745,4,11,0,True,10531,1,False,,,,,,0.7927168607711792,11,8060
2745,5,5,6,True,10531,4,False,False,False,False,0.19999998807907104,1.0,0.5603570342063904,6,562
2745,6,4,7,True,10531,2,False,False,False,False,0.19999998807907104,1.0,0.5600000023841858,5,8301
2745,7,5,6,True,10531,1,False,False,False,False,0.19999998807907104,1.0,0.29999998211860657,6,5653
2745,8,5,6,True,10531,1,False,False,False,False,0.2828426957130432,2.0,0.5234500765800476,7,10041
2745,9,6,5,True,10531,2,False,False,False,False,0.19999998807907104,1.0,0.7002856731414795,7,8301
2745,10,5,6,True,10531,1,False,False,False,False,0.4472135901451111,2.0,0.7224956750869751,7,8050
2745,11,6,5,True,10531,1,False,False,False,False,0.4472135901451111,2.0,0.722772479057312,8,1954
2745,12,11,0,True,10531,1,False,,,,,,0.7927168607711792,11,8060
2745,13,8,3,True,10531,1,False,True,True,True,0.0,0.0,0.5396294593811035,8,7267
2745,14,1,10,False,10446,91,True,True,True,True,0.0,0.0,0.019999980926513672,1,5235
2745,15,7,4,True,10531,1,False,False,False,False,0.6324554681777954,4.0,0.706257700920105,11,53
2745,16,3,8,False,2,1,True,False,False,False,0.7483315467834473,6.0,0.7491328716278076,9,8997
2745,17,2,9,False,2958,51,True,True,True,True,0.0,0.0,0.028284255415201187,2,6039
2745,18,2,9,False,1,1,True,False,False,False,1.2806248664855957,8.0,1.2809370756149292,10,26
2745,19,3,8,False,23,3,True,False,False,False,0.19999998807907104,1.0,0.20297782123088837,4,723
2745,20,4,7,True,10531,1,False,True,True,True,0.0,0.0,0.4749737083911896,4,5656
2745,21,9,2,True,10531,1,False,False,False,False,0.20000001788139343,1.0,0.7345747351646423,10,3329
2745,22,11,0,True,10531,1,False,,,,,,0.7927168607711792,11,8060
2745,23,9,2,True,10531,1,False,True,True,True,0.0,0.0,0.7717512845993042,9,9950
2745,24,7,4,True,10531,1,False,False,False,False,0.2828426957130432,2.0,0.5242136716842651,9,9382
2745,25,1,10,False,26,3,True,False,False,False,0.2828426957130432,2.0,0.2835489511489868,3,722
2745,26,2,9,True,10531,2,False,False,False,False,0.20000001788139343,1.0,0.4656178951263428,3,5839
2745,27,1,10,False,5,1,True,False,False,False,0.9591663479804993,7.0,0.9593748450279236,8,8997
2745,28,9,2,True,10531,1,False,False,False,False,0.19999998807907104,1.0,0.7345747351646423,10,9382
2745,29,4,7,True,10531,10,False,False,False,False,0.2828426957130432,2.0,0.4749736785888672,6,1966
2745,30,7,4,True,10531,1,False,False,False,False,0.20000001788139343,1.0,0.5317894220352173,8,8060
2745,31,3,8,True,10531,1,False,False,False,False,0.2828427255153656,2.0,0.5943063497543335,5,9700
4723,0,4,7,True,10531,18,False,True,True,True,0.0,0.0,0.4749737083911896,4,456
4723,1,9,2,True,10531,1,False,False,False,False,0.2828426957130432,2.0,0.7068238854408264,11,7204
4723,2,1,10,False,3,1,True,False,False,False,0.6928203701972961,6.0,0.6931089758872986,7,8997
4723,3,5,6,True,10531,1,False,True,True,True,0.0,0.0,0.5234501361846924,5,3140
4723,4,2,9,False,10445,62,True,True,True,True,0.0,0.0,0.028284244239330292,2,2823
4723,5,8,3,True,10531,1,False,False,False,False,0.3999999761581421,1.0,0.595986545085907,9,6271
4723,6,4,7,False,1,1,True,False,False,False,0.4472135901451111,2.0,0.44899889826774597,6,9647
4723,7,7,4,True,10531,1,False,False,False,False,0.2828426957130432,2.0,0.7285602688789368,9,6874
4723,8,6,5,True,10531,2,False,False,False,False,0.19999998807907104,1.0,0.4317406415939331,7,1120
4723,9,6,5,True,10531,1,False,False,False,False,0.19999998807907104,1.0,0.6406247019767761,7,9382
4723,10,2,9,True,10531,1,False,False,False,False,0.19999998807907104,1.0,0.4656178951263428,3,406
4723,11,11,0,True,10531,1,False,,,,,,0.7927168607711792,11,8060
4723,12,6,5,True,10531,1,False,False,False,False,0.19999998807907104,1.0,0.733757495880127,7,6874
4723,13,7,4,True,10531,1,False,False,False,False,0.4898979663848877,3.0,0.5820652842521667,10,8060
4723,14,4,7,True,10531,2,False,False,False,False,0.2828426957130432,2.0,0.5528110265731812,6,7433
4723,15,11,0,True,10531,1,False,,,,,,0.7927168607711792,11,8060
4723,16,8,3,True,10531,1,False,False,False,False,0.19999998807907104,1.0,0.6412488222122192,9,9382
4723,17,9,2,True,10531,1,False,False,False,False,0.20000001788139343,1.0,0.4853864312171936,10,8060
4723,18,5,6,True,10531,1,False,True,True,True,0.0,0.0,0.5234501361846924,5,9536
4723,19,2,9,False,1,1,True,False,False,False,1.183215856552124,7.0,1.18355393409729,9,26
4723,20,8,3,True,10531,1,False,False,False,False,0.5656853914260864,2.0,0.6835203170776367,10,6271
4723,21,1,10,False,2992,62,True,True,True,True,0.0,0.0,0.019999995827674866,1,4723
4723,22,8,3,True,10531,1,False,False,False,False,0.2828426957130432,2.0,0.5245950818061829,10,9382
4723,23,10,1,True,10531,1,False,True,True,True,0.0,0.0,0.7924644947052002,10,8060
4723,24,11,0,True,10531,1,False,,,,,,0.7927168607711792,11,8060
4723,25,6,5,True,10531,1,False,False,False,False,0.5291502475738525,4.0,0.6887669563293457,10,4853
4723,26,5,6,True,10531,1,False,True,True,True,0.0,0.0,0.3130495250225067,5,3145
4723,27,5,6,True,10531,1,False,False,False,False,0.19999998807907104,1.0,0.3714834749698639,6,9536
4723,28,5,6,True,10531,1,False,True,True,True,0.0,0.0,0.5674504637718201,5,8256
4723,29,4,7,True,10531,1,False,False,False,False,0.3464101552963257,3.0,0.5455272793769836,7,423
4723,30,8,3,True,10531,1,False,False,False,False,0.3464101552963257,3.0,0.8361818194389343,11,4853
4723,31,5,6,True,10531,1,False,False,False,False,0.3999999761581421,1.0,0.5079370141029358,6,6007
7226,0,9,2,True,10531,1,False,True,True,True,0.0,0.0,0.8506468534469604,9,9961
7226,1,1,10,False,53,1,True,False,False,False,0.2828426957130432,2.0,0.28354892134666443,3,6373
7226,2,4,7,True,10531,1,False,False,False,False,0.2828426957130432,2.0,0.4749736487865448,6,7204
7226,3,2,9,False,1,1,True,False,False,False,1.1661903858184814,9.0,1.166533350944519,11,53
7226,4,4,7,True,10531,1,False,False,False,False,0.19999998807907104,1.0,0.601331889629364,5,9950
7226,5,10,1,True,10531,1,False,False,False,False,0.20000001788139343,1.0,0.7874007821083069,11,8060
7226,6,5,6,True,10531,1,False,False,False,False,0.19999998807907104,1.0,0.6016643643379211,6,296
7226,7,4,7,True,10531,1,False,False,False,False,0.3464101552963257,3.0,0.5153639316558838,7,7204
7226,8,9,2,True,10531,1,False,True,True,True,0.0,0.0,0.7291090488433838,9,6271
7226,9,9,2,True,10531,1,False,False,False,False,0.19999998807907104,1.0,0.5758472084999084,10,7267
7226,10,6,5,True,10531,1,False,True,True,True,0.0,0.0,0.7914543747901917,6,9961
7226,11,1,10,False,53,1,True,False,False,False,0.2828426957130432,2.0,0.28354892134666443,3,6373
7226,12,9,2,True,10531,1,False,False,False,False,0.20000001788139343,1.0,0.6415606141090393,10,9382
7226,13,1,10,False,2992,5,True,False,False,False,0.20000001788139343,1.0,0.20099753141403198,2,6819
7226,14,9,2,True,10531,1,False,True,True,True,0.0,0.0,0.7613146305084229,9,6271
7226,15,4,7,True,10531,2,False,False,False,False,0.3464101552963257,3.0,0.6273754835128784,7,296
7226,16,10,1,True,10531,1,False,False,False,False,0.19999998807907104,1.0,0.5329164862632751,11,8060
7226,17,3,8,False,2,1,True,False,False,False,0.8717797994613647,5.0,0.8724678158760071,8,6271
7226,18,10,1,True,10531,1,False,True,True,True,0.0,0.0,0.7924644947052002,10,8060
7226,19,3,8,True,10531,2,False,False,False,False,0.3464101552963257,3.0,0.4660471975803375,6,2841
7226,20,10,1,True,10531,2,False,False,False,False,0.19999998807907104,1.0,0.7668116688728333,11,9382
7226,21,3,8,False,220,3,True,False,False,False,0.19999998807907104,1.0,0.20297782123088837,4,4092
7226,22,3,8,True,10531,2,False,False,False,False,0.3464101552963257,3.0,0.4660471975803375,6,4257
7226,23,5,6,True,10531,1,False,True,True,True,0.0,0.0,0.4753945767879486,5,6344
7226,24,8,3,True,10531,1,False,False,False,False,0.3464101552963257,3.0,0.5614267587661743,11,8060
7226,25,1,10,False,10495,2,True,True,True,True,0.0,0.0,0.019999980926513672,1,8262
7226,26,10,1,True,10531,2,False,False,False,False,0.19999998807907104,1.0,0.7668116688728333,11,9382
7226,27,11,0,True,10531,1,False,,,,,,0.7927168607711792,11,8060
7226,28,11,0,True,10531,1,False,,,,,,0.7927168607711792,11,8060
7226,29,4,7,True,10531,1,False,False,False,False,0.19999998807907104,1.0,0.5600000023841858,5,7204
7226,30,6,5,True,10531,1,False,False,False,False,0.2828426957130432,2.0,0.5238320231437683,8,10496
7226,31,6,5,True,10531,1,False,False,False,False,0.4898979663848877,3.0,0.5388877391815186,9,8060
5113,0,5,6,False,1,1,True,False,False,False,1.341640830039978,4.0,1.34238600730896,9,26
5113,1,11,0,True,10531,1,False,,,,,,0.7927168607711792,11,8060
5113,2,8,3,True,10531,3,False,False,False,False,0.2828426957130432,2.0,0.8872429728507996,10,7171
5113,3,6,5,True,10531,1,False,False,False,False,0.6633249521255493,5.0,0.796492338180542,11,1969
5113,4,8,3,True,10531,1,False,False,False,False,0.4472135901451111,2.0,0.5892367959022522,10,6271
5113,5,11,0,True,10531,1,False,,,,,,0.7927168607711792,11,8060
5113,6,2,9,False,1,1,True,False,False,False,1.600000023841858,4.0,1.600250005722046,6,53
5113,7,8,3,True,10531,6,False,False,False,False,0.3464101552963257,3.0,0.9095053672790527,11,9642
5113,8,8,3,True,10531,1,False,False,False,False,0.20000000298023224,1.0,0.8168231248855591,9,4853
5113,9,6,5,True,10531,1,False,False,False,False,0.3464101552963257,3.0,0.722772479057312,9,2133
5113,10,8,3,True,10531,1,False,False,False,False,0.2828426957130432,2.0,0.7610518932342529,10,1163
5113,11,8,3,True,10531,1,False,False,False,False,0.7483315467834473,3.0,0.9397872090339661,11,8997
5113,12,11,0,True,10531,1,False,,,,,,0.7927168607711792,11,8060
5113,13,5,6,True,10531,1,False,False,False,False,0.4898979663848877,3.0,0.6212890148162842,8,6271
5113,14,6,5,True,10531,2,False,False,False,False,0.6324554681777954,4.0,0.8957678079605103,10,8057
5113,15,8,3,True,10531,1,False,False,False,False,0.6633249521255493,3.0,0.8265591859817505,11,8060
5113,16,9,2,True,10531,1,False,False,False,False,0.2828426957130432,2.0,0.8219489455223083,11,1969
5113,17,4,7,True,10531,2,False,False,False,False,0.5656853914260864,5.0,0.682348906993866,9,371
5113,18,9,2,True,10531,1,False,False,False,False,0.19999998807907104,1.0,0.8170679211616516,10,8060
5113,19,1,10,False,23,5,True,True,True,True,0.0,0.0,0.019999995827674866,1,5123
5113,20,10,1,True,10531,1,False,True,True,True,0.0,0.0,0.5403702259063721,10,4075
5113,21,8,3,True,10531,1,False,False,False,False,0.4000000059604645,1.0,0.8597674369812012,9,4853
5113,22,8,3,True,10531,1,False,False,False,False,0.4472135603427887,2.0,0.7233256101608276,10,6047
5113,23,6,5,True,10531,1,False,False,False,False,0.3464101552963257,3.0,0.5607138276100159,9,6271
5113,24,6,5,True,10531,1,False,False,False,False,0.3999999761581421,4.0,0.8114185929298401,10,3329
5113,25,7,4,True,10531,1,False,False,False,False,0.6324555277824402,2.0,0.8017480969429016,9,4075
5113,26,2,9,False,2,1,True,False,False,False,0.9380831718444824,8.0,0.938509464263916,10,4152
5113,27,2,9,False,1620,4,True,False,False,False,0.8485281467437744,7.0,0.8489994406700134,9,7090
5113,28,4,7,True,10531,1,False,False,False,False,0.44721361994743347,2.0,0.8255907297134399,6,4853
5113,29,8,3,True,10531,1,False,False,False,False,0.5999999642372131,3.0,0.9269304275512695,11,5293
5113,30,3,8,False,7,1,True,False,False,False,0.800000011920929,5.0,0.8007497191429138,8,9647
5113,31,5,6,True,10531,2,False,True,True,True,0.0,0.0,0.3130494952201843,5,7519
9385,0,2,9,False,1,1,True,False,False,False,1.2649110555648804,8.0,1.2652273178100586,10,53
9385,1,7,4,True,10531,2,False,False,False,False,0.19999998807907104,1.0,0.6409368515014648,8,1612
9385,2,9,2,True,10531,1,False,False,False,False,0.20000001788139343,1.0,0.5325410962104797,10,4075
9385,3,6,5,True,10531,1,False,False,False,False,0.19999998807907104,1.0,0.37202146649360657,7,4092
9385,4,5,6,True,10531,1,False,False,False,False,0.3464101552963257,3.0,0.5882176756858826,8,8997
9385,5,6,5,True,10531,1,False,False,False,False,0.4472135901451111,2.0,0.722772479057312,8,4782
9385,6,2,9,True,10531,3,False,False,False,False,0.2828426957130432,2.0,0.5520870089530945,4,5409
9385,7,3,8,True,10531,3,False,False,False,False,0.19999998807907104,1.0,0.3704051673412323,4,5953
9385,8,9,2,True,10531,1,False,True,True,True,0.0,0.0,0.5399999618530273,9,4075
9385,9,9,2,True,10531,1,False,False,False,False,0.2828426957130432,2.0,0.5249761939048767,11,8060
9385,10,10,1,True,10531,1,False,True,True,True,0.0,0.0,0.7924644947052002,10,8060
9385,11,10,1,True,10531,1,False,True,True,True,0.0,0.0,0.7924644947052002,10,8060
9385,12,11,0,True,10531,1,False,,,,,,0.7927168607711792,11,8060
9385,13,7,4,True,10531,1,False,False,False,False,0.3464101552963257,3.0,0.8359426259994507,10,4853
9385,14,6,5,True,10531,1,False,False,False,False,0.4898979365825653,3.0,0.6590902805328369,9,4853
9385,15,10,1,True,10531,1,False,True,True,True,0.0,0.0,0.7924644947052002,10,8060
9385,16,6,5,True,10531,1,False,True,True,True,0.0,0.0,0.5678027868270874,6,9295
9385,17,10,1,True,10531,1,False,True,True,True,0.0,0.0,0.5403702259063721,10,4075
9385,18,6,5,True,10531,3,False,False,False,False,0.2828426957130432,2.0,0.6945502758026123,8,7433
9385,19,6,5,True,10531,1,False,True,True,True,0.0,0.0,0.6343501210212708,6,5640
9385,20,9,2,True,10531,2,False,False,False,False,0.19999998807907104,1.0,0.7665507793426514,10,9382
9385,21,8,3,True,10531,1,False,False,False,False,0.2828426957130432,2.0,0.634980320930481,10,3329
9385,22,6,5,True,10531,2,False,False,False,False,0.4472135901451111,2.0,0.722772479057312,8,3329
9385,23,1,10,False,23,1,True,False,False,False,0.5291502475738525,4.0,0.5295280814170837,5,2244
9385,24,7,4,True,10531,1,False,False,False,False,0.2828426957130432,2.0,0.5956509709358215,9,8997
9385,25,8,3,True,10531,1,False,False,False,False,0.44721361994743347,2.0,0.6286493539810181,10,4075
9385,26,3,8,True,10531,1,False,False,False,False,0.20000001788139343,1.0,0.6270566582679749,4,6079
9385,27,5,6,True,10531,1,False,False,False,False,0.2828426957130432,2.0,0.4753945767879486,7,3329
9385,28,1,10,False,573,17,True,True,True,True,0.0,0.0,0.019999995827674866,1,9314
9385,29,10,1,True,10531,2,False,False,False,False,0.19999998807907104,1.0,0.7668116688728333,11,9382
9385,30,8,3,True,10531,2,False,False,False,False,0.19999998807907104,1.0,0.6412488222122192,9,371
9385,31,11,0,True,10531,1,False,,,,,,0.7927168607711792,11,8060
3783,0,7,4,True,10531,1,False,False,False,False,0.4000000059604645,1.0,0.634665310382843,8,2163
3783,1,6,5,True,10531,1,False,False,False,False,0.2828426957130432,2.0,0.7282856702804565,8,5840
3783,2,9,2,True,10531,1,False,True,True,True,0.0,0.0,0.7613146305084229,9,10041
3783,3,7,4,True,10531,1,False,False,False,False,0.44721361994743347,2.0,0.6654322147369385,9,7267
3783,4,7,4,True,10531,1,False,False,False,False,0.3464101552963257,3.0,0.7866384387016296,10,5598
3783,5,11,0,True,10531,1,False,,,,,,0.7927168607711792,11,8060
3783,6,11,0,True,10531,1,False,,,,,,0.7927168607711792,11,8060
3783,7,9,2,True,10531,1,False,False,False,False,0.19999998807907104,1.0,0.6779381036758423,10,1969
3783,8,8,3,True,10531,1,False,False,False,False,0.4898979663848877,3.0,0.6596969366073608,11,8060
3783,9,1,10,False,10495,2,True,True,True,True,0.0,0.0,0.019999980926513672,1,3783
3783,10,5,6,True,10531,1,False,False,False,False,0.5291503071784973,4.0,0.6884765625,9,4295
3783,11,6,5,True,10531,1,False,True,True,True,0.0,0.0,0.5238320827484131,6,491
3783,12,6,5,True,10531,2,False,False,False,False,0.2828426957130432,2.0,0.5953150987625122,8,3329
3783,13,1,10,False,26,1,True,False,False,False,0.4472135901451111,5.0,0.44766056537628174,6,7830
3783,14,1,10,False,5,1,True,False,False,False,0.9165151715278625,7.0,0.9167333841323853,8,8997
3783,15,8,3,True,10531,1,False,False,False,False,0.20000001788139343,1.0,0.7662897706031799,9,1969
3783,16,3,8,True,10531,1,False,False,False,False,0.2828426957130432,2.0,0.4745524227619171,5,883
3783,17,9,2,True,10531,1,False,True,True,True,0.0,0.0,0.7400000095367432,9,8997
3783,18,5,6,True,10531,1,False,False,False,False,0.19999998807907104,1.0,0.5603570938110352,6,491
3783,19,6,5,True,10531,2,False,False,False,False,0.4000000059604645,1.0,0.5535341501235962,7,1026
3783,20,11,0,True,10531,1,False,,,,,,0.7927168607711792,11,8060
3783,21,8,3,True,10531,1,False,False,False,False,0.2828426957130432,2.0,0.6717142462730408,10,5808
3783,22,9,2,True,10531,1,False,True,True,True,0.0,0.0,0.6477653980255127,9,1969
3783,23,11,0,True,10531,1,False,,,,,,0.7927168607711792,11,8060
3783,24,11,0,True,10531,1,False,,,,,,0.7927168607711792,11,8060
3783,25,6,5,True,10531,4,False,False,False,False,0.4472135901451111,2.0,0.5462599992752075,8,6355
3783,26,10,1,True,10531,1,False,True,True,True,0.0,0.0,0.7720103859901428,10,1969
3783,27,8,3,True,10531,1,False,False,False,False,0.2828426957130432,2.0,0.7065408825874329,10,7204
3783,28,11,0,True,10531,1,False,,,,,,0.7927168607711792,11,8060
3783,29,2,9,False,7,2,True,False,False,False,0.4472135901451111,2.0,0.44810715317726135,4,406
3783,30,4,7,True,10531,1,False,False,False,False,0.3464101552963257,3.0,0.5153639316558838,7,2669
3783,31,7,4,True,10531,1,False,False,False,False,0.20000001788139343,1.0,0.73403000831604,8,1969
9938,0,2,9,False,2,1,True,False,False,False,0.8485281467437744,7.0,0.8489995002746582,9,8997
9938,1,2,9,False,1,1,True,False,False,False,1.216552495956421,9.0,1.216881275177002,11,53
9938,2,7,4,True,10531,6,False,False,False,False,0.19999998807907104,1.0,0.561070442199707,8,8305
9938,3,4,7,True,10531,2,False,True,True,True,0.0,0.0,0.22271056473255157,4,8118
9938,4,9,2,True,10531,1,False,False,False,False,0.20000001788139343,1.0,0.8459314703941345,10,7267
9938,5,8,3,True,10531,1,False,False,False,False,0.2828426957130432,2.0,0.6717142462730408,10,1969
9938,6,3,8,True,10531,1,False,False,False,False,0.20000001788139343,1.0,0.4303486943244934,4,2841
9938,7,10,1,True,10531,1,False,False,False,False,0.3999999761581421,1.0,0.6723094582557678,11,4075
9938,8,1,10,False,53,1,True,False,False,False,0.20000001788139343,1.0,0.20099753141403198,2,422
9938,9,11,0,True,10531,1,False,,,,,,0.7927168607711792,11,8060
9938,10,4,7,True,10531,1,False,False,False,False,0.20000001788139343,1.0,0.3709447383880615,5,5991
9938,11,11,0,True,10531,1,False,,,,,,0.7927168607711792,11,8060
9938,12,7,4,True,10531,1,False,False,False,False,0.20000001788139343,1.0,0.43220365047454834,8,10041
9938,13,10,1,True,10531,1,False,True,True,True,0.0,0.0,0.4939635396003723,10,8060
9938,14,2,9,False,294,1,True,False,False,False,0.3999999761581421,4.0,0.4009987413883209,6,8119
9938,15,6,5,True,10531,1,False,True,True,True,0.0,0.0,0.7059745192527771,6,1960
9938,16,6,5,True,10531,1,False,True,True,True,0.0,0.0,0.5238320827484131,6,7904
9938,17,8,3,True,10531,1,False,True,True,True,0.0,0.0,0.7397297620773315,8,2669
9938,18,9,2,True,10531,1,False,False,False,False,0.2828426957130432,2.0,0.6720119118690491,11,9382
9938,19,11,0,True,10531,1,False,,,,,,0.7927168607711792,11,8060
9938,20,3,8,True,10531,9,False,True,True,True,0.0,0.0,0.31176915764808655,3,3746
9938,21,4,7,True,10531,1,False,False,False,False,0.20000001788139343,1.0,0.5600000023841858,5,9950
9938,22,3,8,True,10531,1,False,False,False,False,0.2828427255153656,2.0,0.3594440221786499,5,7604
9938,23,4,7,True,10531,1,False,False,False,False,0.2828426957130432,2.0,0.36000001430511475,6,4144
9938,24,4,7,True,10531,1,False,False,False,False,0.20000001788139343,1.0,0.5600000023841858,5,1969
9938,25,6,5,True,10531,1,False,False,False,False,0.2828426957130432,2.0,0.475815087556839,8,9382
9938,26,4,7,True,10531,5,False,False,False,False,0.20000001788139343,1.0,0.5153639912605286,5,9239
9938,27,10,1,True,10531,1,False,True,True,True,0.0,0.0,0.4939635396003723,10,8060
9938,28,1,10,False,3,1,True,False,False,False,1.039230465888977,8.0,1.039422869682312,9,8997
9938,29,10,1,True,10531,2,False,True,True,True,0.0,0.0,0.7402702569961548,10,9382
9938,30,3,8,True,10531,1,False,False,False,False,0.2828427255153656,2.0,0.3594440221786499,5,7604
9938,31,10,1,True,10531,1,False,False,False,False,0.3999999761581421,1.0,0.6723094582557678,11,4075
3502,0,7,4,True,10531,1,False,False,False,False,0.2828426957130432,2.0,0.6714164614677429,9,3329
3502,1,6,5,True,10531,2,False,False,False,False,0.19999998807907104,1.0,0.601996660232544,7,8256
3502,2,2,9,True,10531,1,False,False,False,False,0.2828426957130432,2.0,0.42047590017318726,4,9634
3502,3,6,5,True,10531,2,False,False,False,False,0.2828426957130432,2.0,0.760526180267334,8,5069
3502,4,5,6,True,10531,2,False,False,False,False,0.19999998807907104,1.0,0.6016643643379211,6,426
3502,5,6,5,True,10531,1,False,False,False,False,0.4898979663848877,3.0,0.6216108202934265,9,4075
3502,6,2,9,False,1,1,True,False,False,False,1.039230465888977,7.0,1.0396153926849365,9,26
3502,7,4,7,True,10531,1,False,False,False,False,0.19999998807907104,1.0,0.29933255910873413,5,5991
3502,8,1,10,False,53,8,True,False,False,False,0.4472135901451111,2.0,0.4476605951786041,3,9735
3502,9,7,4,True,10531,2,False,True,True,True,0.0,0.0,0.7062578201293945,7,3438
3502,10,2,9,False,25,1,True,False,False,False,0.3464101552963257,3.0,0.3475629389286041,5,7830
3502,11,1,10,False,1620,3,True,True,True,True,0.0,0.0,0.02000001072883606,1,4166
3502,12,4,7,True,10531,1,False,False,False,False,0.3464101552963257,3.0,0.4664761424064636,7,8050
3502,13,10,1,True,10531,1,False,True,True,True,0.0,0.0,0.7720103859901428,10,1969
3502,14,10,1,True,10531,1,False,True,True,True,0.0,0.0,0.7402702569961548,10,8997
3502,15,8,3,True,10531,1,False,False,False,False,0.19999998807907104,1.0,0.484974205493927,9,10496
3502,16,10,1,True,10531,1,False,False,False,False,0.19999998807907104,1.0,0.5761944055557251,11,4075
3502,17,9,2,True,10531,1,False,True,True,True,0.0,0.0,0.7922121286392212,9,8060
3502,18,11,0,True,10531,1,False,,,,,,0.7927168607711792,11,8060
3502,19,9,2,True,10531,1,False,False,False,False,0.19999998807907104,1.0,0.7345747351646423,10,8997
3502,20,2,9,False,25,1,True,False,False,False,0.3464101552963257,3.0,0.3475629389286041,5,7830
3502,21,3,8,True,10531,9,False,False,False,False,0.2828426957130432,2.0,0.4745524227619171,5,6977
3502,22,9,2,True,10531,1,False,False,False,False,0.19999998807907104,1.0,0.7345747351646423,10,8997
3502,23,5,6,True,10531,1,False,False,False,False,0.3464101552963257,3.0,0.5882176756858826,8,5640
3502,24,11,0,True,10531,1,False,,,,,,0.7927168607711792,11,8060
3502,25,3,8,True,10531,1,False,False,False,False,0.4898979663848877,3.0,0.5806892514228821,6,2163
3502,26,9,2,True,10531,1,False,False,False,False,0.20000001788139343,1.0,0.6415606141090393,10,3329
3502,27,2,9,False,540,2,True,True,True,True,0.0,0.0,0.028284255415201187,2,7996
3502,28,4,7,True,10531,6,False,False,False,False,0.2828426957130432,2.0,0.5528110265731812,6,5862
3502,29,10,1,True,10531,1,False,True,True,True,0.0,0.0,0.4939635396003723,10,8060
3502,30,2,9,False,2,1,True,False,False,False,0.7211102843284607,7.0,0.7216647863388062,9,8997
3502,31,1,10,False,10495,17,True,True,True,True,0.0,0.0,0.019999980926513672,1,847
1219,0,2,9,False,25,3,True,False,False,False,0.2828426957130432,2.0,0.28425341844558716,4,722
1219,1,7,4,True,10531,1,False,False,False,False,0.4472135901451111,2.0,0.755513072013855,9,5808
1219,2,3,8,True,10531,1,False,True,True,True,0.0,0.0,0.31176915764808655,3,3140
1219,3,2,9,True,10531,2,False,False,False,False,0.3464101552963257,3.0,0.4656178653240204,5,917
1219,4,5,6,True,10531,1,False,False,False,False,0.4898979663848877,3.0,0.5813776850700378,8,10041
1219,5,11,0,True,10531,1,False,,,,,,0.7927168607711792,11,8060
1219,6,8,3,True,10531,1,False,False,False,False,0.20000001788139343,1.0,0.8168231248855591,9,2163
1219,7,11,0,True,10531,1,False,,,,,,0.7927168607711792,11,8060
1219,8,4,7,False,1,1,True,False,False,False,1.039230465888977,7.0,1.0399999618530273,11,6271
1219,9,8,3,True,10531,1,False,False,False,False,0.2828427255153656,2.0,0.5245950818061829,10,8060
1219,10,5,6,True,10531,1,False,True,True,True,0.0,0.0,0.5674504637718201,5,9688
1219,11,7,4,True,10531,1,False,False,False,False,0.20000001788139343,1.0,0.5751521587371826,8,7267
1219,12,6,5,True,10531,1,False,False,False,False,0.2828426957130432,2.0,0.671118438243866,8,9961
1219,13,4,7,True,10531,1,False,False,False,False,0.2828426957130432,2.0,0.42142611742019653,6,6835
1219,14,8,3,True,10531,1,False,False,False,False,0.40000003576278687,1.0,0.634980320930481,9,8060
1219,15,9,2,True,10531,1,False,True,True,True,0.0,0.0,0.8219488859176636,9,7267
1219,16,9,2,True,10531,1,False,False,False,False,0.20000001788139343,1.0,0.7345747351646423,10,3329
1219,17,9,2,True,10531,1,False,True,True,True,0.0,0.0,0.8219488859176636,9,7267
1219,18,5,6,True,10531,1,False,False,False,False,0.2828426957130432,2.0,0.4753945767879486,7,10041
1219,19,5,6,True,10531,3,False,False,False,False,0.2828426957130432,2.0,0.6340346932411194,7,6436
1219,20,10,1,True,10531,1,False,True,True,True,0.0,0.0,0.7924644947052002,10,8060
1219,21,3,8,True,10531,1,False,False,False,False,0.19999998807907104,1.0,0.4303486943244934,4,987
1219,22,5,6,True,10531,1,False,False,False,False,0.3999999761581421,1.0,0.6587867736816406,6,834
1219,23,10,1,True,10531,1,False,True,True,True,0.0,0.0,0.7402702569961548,10,8997
1219,24,1,10,False,10495,91,True,True,True,True,0.0,0.0,0.019999980926513672,1,9400
1219,25,1,10,False,26,3,True,False,False,False,0.2828426957130432,2.0,0.2835489511489868,3,722
1219,26,3,8,True,10531,1,False,False,False,False,0.5291503071784973,4.0,0.6141660809516907,7,10041
1219,27,9,2,True,10531,1,False,False,False,False,0.20000001788139343,1.0,0.7871467471122742,10,8060
1219,28,4,7,True,10531,1,False,False,False,False,0.2828426957130432,2.0,0.5946427583694458,6,8954
1219,29,10,1,True,10531,1,False,True,True,True,0.0,0.0,0.7924644947052002,10,8060
1219,30,6,5,True,10531,3,False,False,False,False,0.19999998807907104,1.0,0.6019967198371887,7,9208
1219,31,2,9,False,2,2,True,False,False,False,1.1489125490188599,8.0,1.1492605209350586,10,7520
3540,0,10,1,True,10531,2,False,False,False,False,0.19999998807907104,1.0,0.7668116092681885,11,3329
3540,1,11,0,True,10531,1,False,,,,,,0.7927168607711792,11,8060
3540,2,3,8,True,10531,3,False,False,False,False,0.19999998807907104,1.0,0.5149757266044617,4,7000
3540,3,10,1,True,10531,1,False,True,True,True,0.0,0.0,0.7402702569961548,10,8997
3540,4,9,2,True,10531,2,False,True,True,True,0.0,0.0,0.7400000095367432,9,3329
3540,5,10,1,True,10531,2,False,True,True,True,0.0,0.0,0.7402702569961548,10,9382
3540,6,3,8,True,10531,3,False,False,False,False,0.19999998807907104,1.0,0.3704051673412323,4,2236
3540,7,4,7,True,10531,2,False,True,True,True,0.0,0.0,0.4749737083911896,4,4705
3540,8,9,2,True,10531,1,False,False,False,False,0.6000000238418579,1.0,0.7769169807434082,10,8060
3540,9,2,9,True,10531,3,False,False,False,False,0.19999998807907104,1.0,0.369864821434021,3,2236
3540,10,7,4,True,10531,1,False,False,False,False,0.3464101552963257,3.0,0.6023288369178772,10,4853
3540,11,6,5,True,10531,1,False,False,False,False,0.4898979365825653,3.0,0.6590902805328369,9,9896
3540,12,8,3,True,10531,1,False,False,False,False,0.20000001788139343,1.0,0.7343024611473083,9,8997
3540,13,8,3,True,10531,1,False,False,False,False,0.4000000059604645,1.0,0.8119113445281982,9,3329
3540,14,9,2,True,10531,1,False,False,False,False,0.19999998807907104,1.0,0.6415606141090393,10,9382
3540,15,10,1,True,10531,2,False,False,False,False,0.19999998807907104,1.0,0.7668116092681885,11,3329
3540,16,7,4,True,10531,1,False,False,False,False,0.5291502475738525,4.0,0.6890572905540466,11,4853
3540,17,11,0,True,10531,1,False,,,,,,0.7927168607711792,11,8060
3540,18,7,4,True,10531,1,False,False,False,False,0.2828426957130432,2.0,0.634665310382843,9,3329
3540,19,8,3,True,10531,1,False,False,False,False,0.20000000298023224,1.0,0.6026607751846313,9,3329
3540,20,1,10,False,2992,4,True,True,True,True,0.0,0.0,0.019999995827674866,1,248
3540,21,11,0,True,10531,1,False,,,,,,0.7927168607711792,11,8060
3540,22,9,2,True,10531,1,False,False,False,False,0.40000003576278687,1.0,0.7291091084480286,10,8997
3540,23,4,7,True,10531,1,False,False,False,False,0.3464101552963257,3.0,0.6273754835128784,7,6874
3540,24,10,1,True,10531,1,False,True,True,True,0.0,0.0,0.7402702569961548,10,3329
3540,25,5,6,True,10531,2,False,False,False,False,0.2828427255153656,2.0,0.7280110120773315,7,3329
3540,26,5,6,True,10531,3,False,False,False,False,0.2828427255153656,2.0,0.7280110120773315,7,5069
3540,27,6,5,True,10531,3,False,False,False,False,0.2828426957130432,2.0,0.634350061416626,8,5166
3540,28,8,3,True,10531,1,False,True,True,True,0.0,0.0,0.6092618703842163,8,8050
3540,29,1,10,False,1620,2,True,False,False,False,0.6000000238418579,1.0,0.6003332734107971,2,8780
3540,30,4,7,True,10531,1,False,False,False,False,0.2828426957130432,2.0,0.5230678915977478,6,9382
3540,31,7,4,True,10531,1,False,False,False,False,0.2828426957130432,2.0,0.7062577605247498,9,1969
905,0,2,9,True,10531,17,False,False,False,False,0.19999998807907104,1.0,0.5145872235298157,3,5795
905,1,10,1,True,10531,1,False,True,True,True,0.0,0.0,0.761577308177948,10,6271
905,2,10,1,True,10531,1,False,True,True,True,0.0,0.0,0.761577308177948,10,6271
905,3,1,10,False,53,1,True,False,False,False,0.4000000059604645,1.0,0.40049970149993896,2,10054
905,4,3,8,False,6,1,True,False,False,False,0.2828426957130432,2.0,0.2849561274051666,5,406
905,5,8,3,True,10531,1,False,False,False,False,0.6000000238418579,3.0,0.7121797800064087,11,8060
905,6,1,10,False,23,1,True,False,False,False,0.8485281467437744,7.0,0.8487638235092163,8,1162
905,7,6,5,True,10531,1,False,False,False,False,0.19999998807907104,1.0,0.7863841652870178,7,5640
905,8,7,4,True,10531,1,False,False,False,False,0.19999998807907104,1.0,0.7866384387016296,8,5640
905,9,4,7,True,10531,1,False,False,False,False,0.4472135603427887,5.0,0.68818598985672,9,3115
905,10,4,7,True,10531,1,False,False,False,False,0.4898979365825653,3.0,0.6209669709205627,7,4782
905,11,6,5,True,10531,1,False,False,False,False,0.6000000238418579,3.0,0.7445804476737976,9,4075
905,12,11,0,True,10531,1,False,,,,,,0.7927168607711792,11,8060
905,13,7,4,True,10531,2,False,False,False,False,0.2828426957130432,2.0,0.8407140374183655,9,5670
905,14,8,3,True,10531,1,False,False,False,False,0.19999998807907104,1.0,0.7662897706031799,9,9961
905,15,9,2,True,10531,1,False,True,True,True,0.0,0.0,0.7717512845993042,9,9950
905,16,4,7,True,10531,1,False,False,False,False,0.2828426957130432,2.0,0.5946427583694458,6,5839
905,17,6,5,True,10531,1,False,False,False,False,0.3464101552963257,3.0,0.6651315689086914,9,2669
905,18,3,8,False,510,3,True,True,True,True,0.0,0.0,0.03464099019765854,3,3426
905,19,7,4,True,10531,2,False,False,False,False,0.4000000059604645,1.0,0.8116649985313416,8,9382
905,20,7,4,True,10531,1,False,False,False,False,0.2828426957130432,2.0,0.7607890963554382,9,1960
905,21,10,1,True,10531,1,False,True,True,True,0.0,0.0,0.7924644947052002,10,8060
905,22,10,1,True,10531,1,False,True,True,True,0.0,0.0,0.7924644947052002,10,8060
905,23,4,7,True,10531,2,False,False,False,False,0.2828426957130432,2.0,0.4749736487865448,6,9147
905,24,6,5,True,10531,1,False,False,False,False,0.3999999761581421,4.0,0.7172168493270874,10,423
905,25,10,1,True,10531,1,False,False,False,False,0.19999998807907104,1.0,0.5329164862632751,11,8060
905,26,3,8,False,7,1,True,False,False,False,0.4898979663848877,3.0,0.4911211431026459,6,8865
905,27,4,7,True,10531,2,False,False,False,False,0.2828426957130432,2.0,0.4749736487865448,6,1026
905,28,8,3,True,10531,1,False,False,False,False,0.2828426957130432,2.0,0.5245950818061829,10,10496
905,29,8,3,True,10531,1,False,False,False,False,0.6324555277824402,2.0,0.8313844203948975,10,4075
905,30,7,4,True,10531,1,False,False,False,False,0.19999998807907104,1.0,0.7866384387016296,8,5640
905,31,5,6,True,10531,1,False,False,False,False,0.6000000238418579,3.0,0.7962412238121033,8,8050
9920,0,11,0,True,10531,1,False,,,,,,0.7927168607711792,11,8060
9920,1,11,0,True,10531,1,False,,,,,,0.7927168607711792,11,8060
9920,2,4,7,True,10531,2,False,False,False,False,0.19999998807907104,1.0,0.6881860494613647,5,6431
9920,3,7,4,True,10531,1,False,False,False,False,0.6000000238418579,3.0,0.711898922920227,10,4075
9920,4,9,2,True,10531,1,False,True,True,True,0.0,0.0,0.7717512845993042,9,1969
9920,5,9,2,True,10531,1,False,False,False,False,0.20000000298023224,1.0,0.7665507793426514,10,1969
9920,6,6,5,True,10531,1,False,False,False,False,0.4000000059604645,1.0,0.634350061416626,7,4075
9920,7,4,7,True,10531,1,False,False,False,False,0.2828426957130432,2.0,0.6939740777015686,6,5640
9920,8,2,9,False,1,1,True,False,False,False,1.1135528087615967,6.0,1.1139119863510132,8,26
9920,9,8,3,True,10531,1,False,False,False,False,0.19999998807907104,1.0,0.5321654081344604,9,9896
9920,10,8,3,True,10531,1,False,False,False,False,0.2828426957130432,2.0,0.634980320930481,10,3329
9920,11,2,9,False,22,1,True,False,False,False,0.3999999761581421,4.0,0.4009987413883209,6,1162
9920,12,10,1,True,10531,1,False,True,True,True,0.0,0.0,0.7924644947052002,10,8060
9920,13,6,5,True,10531,1,False,False,False,False,0.4898979365825653,3.0,0.6590902805328369,9,4853
9920,14,5,6,True,10531,1,False,True,True,True,0.0,0.0,0.5234501361846924,5,237
9920,15,5,6,True,10531,1,False,False,False,False,0.4898979663848877,3.0,0.7169379591941833,8,3329
9920,16,8,3,True,10531,1,False,False,False,False,0.4000000059604645,1.0,0.634980320930481,9,4075
9920,17,7,4,True,10531,1,False,False,False,False,0.4000000059604645,1.0,0.634665310382843,8,4075
9920,18,8,3,True,10531,1,False,False,False,False,0.20000000298023224,1.0,0.7662897706031799,9,1969
9920,19,10,1,True,10531,1,False,False,False,False,0.6000000238418579,1.0,0.7771744132041931,11,8060
9920,20,9,2,True,10531,2,False,True,True,True,0.0,0.0,0.7400000095367432,9,3329
9920,21,3,8,True,10531,2,False,False,False,False,0.3464101552963257,3.0,0.5875372290611267,6,8057
9920,22,10,1,True,10531,2,False,True,True,True,0.0,0.0,0.7402702569961548,10,3329
9920,23,9,2,True,10531,1,False,False,False,False,0.4000000059604645,1.0,0.8121576905250549,10,8997
9920,24,1,10,False,53,1,True,False,False,False,0.4000000059604645,1.0,0.40049970149993896,2,9647
9920,25,3,8,True,10531,2,False,False,False,False,0.19999998807907104,1.0,0.3704051673412323,4,10
9920,26,5,6,True,10531,1,False,False,False,False,0.2828426957130432,2.0,0.4753945767879486,7,5292
9920,27,9,2,True,10531,1,False,True,True,True,0.0,0.0,0.7717512845993042,9,1969
9920,28,8,3,True,10531,2,False,False,False,False,0.19999998807907104,1.0,0.7662898302078247,9,9382
9920,29,7,4,True,10531,1,False,False,False,False,0.4472135901451111,2.0,0.7230491042137146,9,3329
9920,30,1,10,False,23,1,True,False,False,False,0.3999999761581421,4.0,0.4004996418952942,5,1162
9920,31,1,10,False,53,1,True,False,False,False,0.4000000059604645,1.0,0.40049970149993896,2,9647
3740,0,6,5,True,10531,1,False,False,False,False,0.2828426957130432,2.0,0.634350061416626,8,9382
3740,1,5,6,True,10531,1,False,True,True,True,0.0,0.0,0.5674504637718201,5,9208
3740,2,9,2,True,10531,2,False,False,False,False,0.19999998807907104,1.0,0.6415606141090393,10,3329
3740,3,10,1,True,10531,1,False,True,True,True,0.0,0.0,0.7402702569961548,10,8997
3740,4,11,0,True,10531,1,False,,,,,,0.7927168607711792,11,8060
3740,5,8,3,True,10531,1,False,False,False,False,0.44721361994743347,2.0,0.5892367959022522,10,8060
3740,6,10,1,True,10531,1,False,True,True,True,0.0,0.0,0.7924644947052002,10,8060
3740,7,8,3,True,10531,1,False,False,False,False,0.19999998807907104,1.0,0.6412488222122192,9,8050
3740,8,5,6,True,10531,4,False,False,False,False,0.19999998807907104,1.0,0.3714835047721863,6,8954
3740,9,1,10,False,1,1,True,False,False,False,1.2328827381134033,10.0,1.233044981956482,11,53
3740,10,11,0,True,10531,1,False,,,,,,0.7927168607711792,11,8060
3740,11,7,4,True,10531,2,False,False,False,False,0.3464101552963257,3.0,0.6654322147369385,10,5069
3740,12,2,9,False,1,1,True,False,False,False,1.1661903858184814,9.0,1.166533350944519,11,53
3740,13,5,6,True,10531,1,False,False,False,False,0.2828426957130432,2.0,0.4753945767879486,7,9643
3740,14,4,7,True,10531,1,False,False,False,False,0.19999998807907104,1.0,0.5153639912605286,5,5086
3740,15,11,0,True,10531,1,False,,,,,,0.7927168607711792,11,8060
3740,16,5,6,False,1,1,True,False,False,False,0.9591662883758545,6.0,0.9602082967758179,11,26
3740,17,3,8,True,10531,1,False,False,False,False,0.19999998807907104,1.0,0.2986636757850647,4,8472
3740,18,9,2,True,10531,1,False,False,False,False,0.20000001788139343,1.0,0.7871467471122742,10,8060
3740,19,8,3,True,10531,1,False,True,True,True,0.0,0.0,0.5685068368911743,8,7904
3740,20,11,0,True,10531,1,False,,,,,,0.7927168607711792,11,8060
3740,21,11,0,True,10531,1,False,,,,,,0.7927168607711792,11,8060
3740,22,9,2,True,10531,1,False,False,False,False,0.4472135901451111,2.0,0.6660330295562744,11,4075
3740,23,3,8,False,1,1,True,False,False,False,1.0,8.0,1.00059974193573,11,53
3740,24,6,5,True,10531,3,False,False,False,False,0.19999998807907104,1.0,0.5607138276100159,7,6105
3740,25,5,6,True,10531,2,False,True,True,True,0.0,0.0,0.4753945767879486,5,491
3740,26,4,7,True,10531,1,False,True,True,True,0.0,0.0,0.31240999698638916,4,697
3740,27,3,8,False,1,1,True,False,False,False,1.1313707828521729,7.0,1.1319010257720947,10,26
3740,28,10,1,True,10531,1,False,True,True,True,0.0,0.0,0.7402702569961548,10,3329
3740,29,11,0,True,10531,1,False,,,,,,0.7927168607711792,11,8060
3740,30,8,3,True,10531,1,False,True,True,True,0.0,0.0,0.7397297620773315,8,2669
3740,31,8,3,True,10531,1,False,False,False,False,0.4000000059604645,1.0,0.595986545085907,9,8060
6277,0,8,3,True,10531,2,False,False,False,False,0.20000001788139343,1.0,0.6026607751846313,9,3329
6277,1,9,2,True,10531,1,False,True,True,True,0.0,0.0,0.49355849623680115,9,8060
6277,2,6,5,True,10531,1,False,False,False,False,0.20000001788139343,1.0,0.7552483081817627,7,7267
6277,3,4,7,True,10531,3,False,False,False,False,0.19999998807907104,1.0,0.430813193321228,5,1961
6277,4,2,9,False,1,1,True,False,False,False,1.2806248664855957,8.0,1.2809370756149292,10,26
6277,5,10,1,True,10531,1,False,True,True,True,0.0,0.0,0.7924644947052002,10,8060
6277,6,7,4,True,10531,1,False,False,False,False,0.20000001788139343,1.0,0.7866383790969849,8,7267
6277,7,8,3,True,10531,3,False,False,False,False,0.2828426957130432,2.0,0.7610518932342529,10,1969
6277,8,6,5,True,10531,1,False,True,True,True,0.0,0.0,0.7605261206626892,6,7267
6277,9,1,10,False,573,1,True,False,False,False,0.34641018509864807,3.0,0.3469870686531067,4,4043
6277,10,5,6,False,1,1,True,False,False,False,0.8717797994613647,5.0,0.8729261755943298,10,6271
6277,11,2,9,True,10531,1,False,False,False,False,0.20000001788139343,1.0,0.3698648512363434,3,2841
6277,12,2,9,False,2,1,True,False,False,False,0.9797959327697754,5.0,0.9802041053771973,7,9647
6277,13,7,4,True,10531,1,False,False,False,False,0.2828427255153656,2.0,0.634665310382843,9,3329
6277,14,2,9,False,294,1,True,False,False,False,0.44721361994743347,5.0,0.44810715317726135,7,9382
6277,15,6,5,True,10531,1,False,False,False,False,0.3464101552963257,3.0,0.7002856731414795,9,1969
6277,16,10,1,True,10531,1,False,True,True,True,0.0,0.0,0.7924644947052002,10,8060
6277,17,7,4,True,10531,1,False,True,True,True,0.0,0.0,0.5392587184906006,7,7267
6277,18,3,8,False,2,1,True,False,False,False,0.7211102843284607,7.0,0.7219418883323669,10,8997
6277,19,2,9,False,2,1,True,False,False,False,1.1313707828521729,7.0,1.1317243576049805,9,26
6277,20,6,5,True,10531,1,False,False,False,False,0.2828427255153656,2.0,0.5238320231437683,8,8060
6277,21,8,3,True,10531,2,False,True,True,True,0.0,0.0,0.5685068368911743,8,6012
6277,22,4,7,True,10531,1,False,False,False,False,0.34641018509864807,3.0,0.6273755431175232,7,9950
6277,23,4,7,False,1,1,True,False,False,False,0.5291503071784973,4.0,0.5306599736213684,8,8060
6277,24,3,8,True,10531,1,False,False,False,False,0.2828426957130432,2.0,0.4209512770175934,5,4295
6277,25,11,0,True,10531,1,False,,,,,,0.7927168607711792,11,8060
6277,26,1,10,False,573,1,True,False,False,False,0.34641018509864807,3.0,0.3469870686531067,4,4043
6277,27,11,0,True,10531,1,False,,,,,,0.7927168607711792,11,8060
6277,28,8,3,True,10531,1,False,False,False,False,0.2828426957130432,2.0,0.7817928194999695,10,10041
6277,29,8,3,True,10531,1,False,False,False,False,0.2828426957130432,2.0,0.6717142462730408,10,1969
6277,30,7,4,True,10531,1,False,False,False,False,0.34641018509864807,3.0,0.6283311247825623,10,9382
6277,31,8,3,True,10531,1,False,False,False,False,0.2828427255153656,2.0,0.634980320930481,10,3329
6517,0,9,2,True,10531,1,False,False,False,False,0.2828426957130432,2.0,0.8411896228790283,11,4853
6517,1,4,7,True,10531,1,False,False,False,False,0.19999998807907104,1.0,0.2993325889110565,5,2133
6517,2,2,9,False,294,20,True,False,False,False,0.19999998807907104,1.0,0.20199008285999298,3,184
6517,3,8,3,True,10531,1,False,False,False,False,0.2828426957130432,2.0,0.7610518932342529,10,3329
6517,4,8,3,True,10531,1,False,False,False,False,0.4000000059604645,1.0,0.595986545085907,9,8060
6517,5,4,7,False,1,1,True,False,False,False,1.0770330429077148,6.0,1.077775478363037,10,53
6517,6,2,9,False,294,20,True,False,False,False,0.19999998807907104,1.0,0.20199008285999298,3,7728
6517,7,3,8,True,10531,1,False,False,False,False,0.2828426957130432,2.0,0.5943063497543335,5,7254
6517,8,7,4,True,10531,1,False,False,False,False,0.4000000059604645,1.0,0.5956509113311768,8,8060
6517,9,10,1,True,10531,1,False,True,True,True,0.0,0.0,0.7924644947052002,10,8060
6517,10,7,4,True,10531,1,False,False,False,False,0.3464101552963257,3.0,0.5610703825950623,10,3329
6517,11,9,2,True,10531,1,False,False,False,False,0.2828426957130432,2.0,0.7068238854408264,11,1969
6517,12,9,2,True,10531,1,False,False,False,False,0.19999998807907104,1.0,0.6415606141090393,10,8997
6517,13,5,6,True,10531,1,False,False,False,False,0.3464101552963257,3.0,0.5157518982887268,8,8997
6517,14,3,8,True,10531,1,False,False,False,False,0.3464101552963257,3.0,0.4660471975803375,6,10226
6517,15,8,3,True,10531,2,False,False,False,False,0.2828426957130432,2.0,0.6717142462730408,10,3329
6517,16,3,8,True,10531,2,False,False,False,False,0.3464101552963257,3.0,0.41133925318717957,6,5653
6517,17,2,9,False,1,1,True,False,False,False,1.2961481809616089,8.0,1.2964566946029663,10,53
6517,18,10,1,True,10531,1,False,True,True,True,0.0,0.0,0.5403702259063721,10,4075
6517,19,4,7,True,10531,3,False,False,False,False,0.19999998807907104,1.0,0.6645299196243286,5,8446
6517,20,10,1,True,10531,1,False,True,True,True,0.0,0.0,0.761577308177948,10,6271
6517,21,2,9,False,23,3,True,False,False,False,0.6633249521255493,3.0,0.6639277338981628,5,723
6517,22,2,9,True,10531,3,False,False,False,False,0.2828426957130432,2.0,0.3588871657848358,4,6869
6517,23,2,9,False,1,1,True,False,False,False,1.3711309432983398,8.0,1.371422529220581,10,53
6517,24,6,5,True,10531,1,False,False,False,False,0.2828426957130432,2.0,0.7282856702804565,8,8954
6517,25,10,1,True,10531,1,False,True,True,True,0.0,0.0,0.7924644947052002,10,8060
6517,26,3,8,True,10531,2,False,False,False,False,0.2828426957130432,2.0,0.4209512770175934,5,483
6517,27,1,10,False,53,1,True,False,False,False,0.4898979365825653,3.0,0.49030598998069763,4,406
6517,28,6,5,True,10531,1,False,False,False,False,0.40000003576278687,1.0,0.5953150987625122,7,6271
6517,29,7,4,True,10531,1,False,False,False,False,0.2828426957130432,2.0,0.6346652507781982,9,1020
6517,30,2,9,False,1,1,True,False,False,False,1.2961481809616089,8.0,1.2964566946029663,10,53
6517,31,1,10,False,1,1,True,False,False,False,1.4282857179641724,9.0,1.4284257888793945,10,53
7070,0,3,8,True,10531,3,False,False,False,False,0.20000001788139343,1.0,0.2986637055873871,4,2142
7070,1,6,5,True,10531,1,False,False,False,False,0.4000000059604645,1.0,0.8593020439147949,7,2163
7070,2,6,5,True,10531,1,False,True,True,True,0.0,0.0,0.4923413395881653,6,2163
7070,3,7,4,True,10531,1,False,False,False,False,0.20000000298023224,1.0,0.5317894220352173,8,8060
7070,4,9,2,True,10531,2,False,False,False,False,0.4000000059604645,1.0,0.8121576905250549,10,3329
7070,5,10,1,True,10531,1,False,True,True,True,0.0,0.0,0.7720103859901428,10,1969
7070,6,11,0,True,10531,1,False,,,,,,0.7927168607711792,11,8060
7070,7,5,6,True,10531,1,False,False,False,False,0.2828426957130432,2.0,0.6340347528457642,7,1969
7070,8,11,0,True,10531,1,False,,,,,,0.7927168607711792,11,8060
7070,9,3,8,True,10531,1,False,False,False,False,0.44721361994743347,2.0,0.5451605319976807,5,7604
7070,10,10,1,True,10531,1,False,True,True,True,0.0,0.0,0.7924644947052002,10,8060
7070,11,5,6,True,10531,1,False,False,False,False,0.19999998807907104,1.0,0.6884765625,6,6335
7070,12,2,9,False,23,1,True,False,False,False,0.8246211409568787,6.0,0.8251060843467712,8,7950
7070,13,4,7,False,3,1,True,False,False,False,0.3464101552963257,3.0,0.34871190786361694,7,424
7070,14,4,7,True,10531,1,False,False,False,False,0.4000000059604645,1.0,0.5528109669685364,5,2163
7070,15,8,3,True,10531,1,False,False,False,False,0.20000001788139343,1.0,0.7662897706031799,9,1954
7070,16,9,2,True,10531,1,False,True,True,True,0.0,0.0,0.7717512845993042,9,1969
7070,17,8,3,True,10531,1,False,True,True,True,0.0,0.0,0.5396294593811035,8,7267
7070,18,11,0,True,10531,1,False,,,,,,0.7927168607711792,11,8060
7070,19,10,1,True,10531,1,False,True,True,True,0.0,0.0,0.7402702569961548,10,9382
7070,20,4,7,True,10531,1,False,False,False,False,0.4000000059604645,1.0,0.594642698764801,5,7267
7070,21,3,8,True,10531,3,False,True,True,True,0.0,0.0,0.4745524525642395,3,3727
7070,22,10,1,True,10531,1,False,True,True,True,0.0,0.0,0.7402702569961548,10,9382
7070,23,6,5,True,10531,1,False,False,False,False,0.4898979663848877,3.0,0.5817216038703918,9,8060
7070,24,10,1,True,10531,2,False,False,False,False,0.19999998807907104,1.0,0.7668116092681885,11,3329
7070,25,8,3,True,10531,1,False,False,False,False,0.19999998807907104,1.0,0.484974205493927,9,9382
7070,26,2,9,False,25,6,True,False,False,False,0.19999998807907104,1.0,0.20199008285999298,3,7911
7070,27,3,8,False,1,1,True,False,False,False,1.2328827381134033,8.0,1.2333693504333496,11,53
7070,28,7,4,True,10531,2,False,False,False,False,0.3464101552963257,3.0,0.8641759753227234,10,5670
7070,29,8,3,True,10531,1,False,False,False,False,0.4000000059604645,1.0,0.8119113445281982,9,9382
7070,30,8,3,True,10531,1,False,False,False,False,0.20000001788139343,1.0,0.7343024611473083,9,9382
7070,31,3,8,True,10531,4,False,False,False,False,0.19999998807907104,1.0,0.4660472273826599,4,9723
3118,0,5,6,True,10531,1,False,False,False,False,0.3464101552963257,3.0,0.6884766221046448,8,423
3118,1,2,9,False,2958,13,True,True,True,True,0.0,0.0,0.028284255415201187,2,6206
3118,2,8,3,True,10531,1,False,False,False,False,0.19999998807907104,1.0,0.7868926525115967,9,5640
3118,3,6,5,True,10531,1,False,False,False,False,0.3464101552963257,3.0,0.5607138276100159,9,8060
3118,4,8,3,True,10531,3,False,False,False,False,0.2828426957130432,2.0,0.7610519528388977,10,5290
3118,5,11,0,True,10531,1,False,,,,,,0.7927168607711792,11,8060
3118,6,4,7,True,10531,1,False,False,False,False,0.19999998807907104,1.0,0.601331889629364,5,9295
3118,7,6,5,True,10531,1,False,False,False,False,0.3464101552963257,3.0,0.5161395072937012,9,8050
3118,8,11,0,True,10531,1,False,,,,,,0.7927168607711792,11,8060
3118,9,2,9,False,220,3,True,False,False,False,0.19999998807907104,1.0,0.20199008285999298,3,7344
3118,10,3,8,True,10531,1,False,False,False,False,0.19999998807907104,1.0,0.5149757266044617,4,10044
3118,11,8,3,True,10531,1,False,False,False,False,0.2828426957130432,2.0,0.7610518932342529,10,6874
3118,12,3,8,True,10531,5,False,False,False,False,0.19999998807907104,1.0,0.5149757266044617,4,3023
3118,13,10,1,True,10531,1,False,False,False,False,0.3999999761581421,1.0,0.6723094582557678,11,4075
3118,14,9,2,True,10531,2,False,False,False,False,0.19999998807907104,1.0,0.7665507793426514,10,5069
3118,15,4,7,True,10531,1,False,False,False,False,0.20000000298023224,1.0,0.3709447383880615,5,10226
3118,16,11,0,True,10531,1,False,,,,,,0.7927168607711792,11,8060
3118,17,5,6,True,10531,1,False,False,False,False,0.19999998807907104,1.0,0.4669046998023987,6,5640
3118,18,8,3,True,10531,1,False,False,False,False,0.20000001788139343,1.0,0.7343024611473083,9,8997
3118,19,11,0,True,10531,1,False,,,,,,0.7927168607711792,11,8060
3118,20,5,6,True,10531,1,False,True,True,True,0.0,0.0,0.3820994794368744,5,10226
3118,21,4,7,True,10531,1,False,False,False,False,0.2828426957130432,2.0,0.5946427583694458,6,8954
3118,22,5,6,True,10531,6,False,False,False,False,0.19999998807907104,1.0,0.5603570342063904,6,1966
3118,23,1,10,False,2992,13,True,True,True,True,0.0,0.0,0.019999995827674866,1,3118
3118,24,5,6,True,10531,1,False,False,False,False,0.19999998807907104,1.0,0.48373544216156006,6,1969
3118,25,6,5,True,10531,1,False,False,False,False,0.2828426957130432,2.0,0.5238320231437683,8,10496
3118,26,2,9,False,22,1,True,False,False,False,0.5656853914260864,5.0,0.5663920640945435,7,2244
3118,27,1,10,False,26,1,True,False,False,False,0.19999998807907104,1.0,0.2009975016117096,2,4152
3118,28,1,10,False,573,15,True,False,False,False,0.19999998807907104,1.0,0.2009975016117096,2,9919
3118,29,4,7,True,10531,1,False,False,False,False,0.19999998807907104,1.0,0.5153639912605286,5,5840
3118,30,11,0,True,10531,1,False,,,,,,0.7927168607711792,11,8060
3118,31,9,2,True,10531,1,False,True,True,True,0.0,0.0,0.7922120690345764,9,8060
2469,0,2,9,False,2,1,True,False,False,False,0.9797959327697754,7.0,0.9802041053771973,9,26
2469,1,9,2,True,10531,1,False,True,True,True,0.0,0.0,0.6095900535583496,9,3329
2469,2,9,2,True,10531,1,False,False,False,False,0.4472135901451111,2.0,0.8364209532737732,11,9382
2469,3,10,1,True,10531,1,False,True,True,True,0.0,0.0,0.7924644947052002,10,8060
2469,4,8,3,True,10531,2,False,False,False,False,0.19999998807907104,1.0,0.6412488222122192,9,371
2469,5,2,9,False,23,3,True,False,False,False,0.7483314871788025,3.0,0.7488658428192139,5,722
2469,6,11,0,True,10531,1,False,,,,,,0.7927168607711792,11,8060
2469,7,5,6,True,10531,3,False,False,False,False,0.19999998807907104,1.0,0.3714834749698639,6,9894
2469,8,2,9,False,2,1,True,False,False,False,0.7211102247238159,7.0,0.7216647267341614,9,8997
2469,9,2,9,False,49,1,True,False,False,False,0.5291503071784973,4.0,0.5299056768417358,6,6475
2469,10,10,1,True,10531,1,False,True,True,True,0.0,0.0,0.761577308177948,10,8060
2469,11,8,3,True,10531,1,False,False,False,False,0.7211102843284607,2.0,0.8168231248855591,10,8060
2469,12,4,7,True,10531,1,False,False,False,False,0.3464101552963257,3.0,0.6645299196243286,7,5808
2469,13,3,8,False,220,1,True,False,False,False,0.6000000238418579,3.0,0.6009991765022278,6,4092
2469,14,3,8,True,10531,2,False,False,False,False,0.19999998807907104,1.0,0.5149757266044617,4,10082
2469,15,9,2,True,10531,1,False,False,False,False,0.2828426957130432,2.0,0.7613146901130676,11,3329
2469,16,8,3,True,10531,1,False,False,False,False,0.20000000298023224,1.0,0.7343024611473083,9,3329
2469,17,2,9,False,23,3,True,False,False,False,0.7483314871788025,3.0,0.7488658428192139,5,722
2469,18,9,2,True,10531,1,False,True,True,True,0.0,0.0,0.5399999618530273,9,4075
2469,19,7,4,True,10531,1,False,False,False,False,0.2828427255153656,2.0,0.634665310382843,9,8050
2469,20,2,9,True,10531,1,False,False,False,False,0.20000001788139343,1.0,0.5145872235298157,3,1163
2469,21,11,0,True,10531,1,False,,,,,,0.7927168607711792,11,8060
2469,22,8,3,True,10531,1,False,False,False,False,0.2828426957130432,2.0,0.6717142462730408,10,5808
2469,23,10,1,True,10531,1,False,True,True,True,0.0,0.0,0.7402702569961548,10,3329
2469,24,3,8,True,10531,1,False,True,True,True,0.0,0.0,0.3810511827468872,3,6097
2469,25,2,9,False,23,3,True,False,False,False,0.7483314871788025,3.0,0.7488658428192139,5,722
2469,26,1,10,False,53,1,True,False,False,False,0.44721361994743347,2.0,0.4476606249809265,3,9647
2469,27,5,6,True,10531,2,False,False,False,False,0.3999999761581421,4.0,0.6942622065544128,9,3294
2469,28,8,3,True,10531,1,False,False,False,False,0.19999998807907104,1.0,0.6412488222122192,9,3329
2469,29,3,8,False,2,1,True,False,False,False,0.7483315467834473,5.0,0.7491328716278076,8,6271
2469,30,10,1,True,10531,1,False,True,True,True,0.0,0.0,0.7924644947052002,10,8060
2469,31,11,0,True,10531,1,False,,,,,,0.7927168607711792,11,8060
3941,0,1,10,False,5,1,True,False,False,False,0.9591663479804993,7.0,0.9593748450279236,8,8997
3941,1,3,8,True,10531,2,False,False,False,False,0.3464101552963257,3.0,0.5149757266044617,6,1026
3941,2,1,10,False,3,1,True,False,False,False,0.8485282063484192,7.0,0.8487638831138611,8,8997
3941,3,6,5,True,10531,1,False,False,False,False,0.4000000059604645,1.0,0.8114185333251953,7,9950
3941,4,3,8,False,2,1,True,False,False,False,0.19999998807907104,1.0,0.20297782123088837,4,4152
3941,5,3,8,True,10531,1,False,True,True,True,0.0,0.0,0.31176915764808655,3,6081
3941,6,5,6,True,10531,1,False,True,True,True,0.0,0.0,0.5234501361846924,5,5656
3941,7,11,0,True,10531,1,False,,,,,,0.7927168607711792,11,8060
3941,8,6,5,True,10531,1,False,False,False,False,0.6000000238418579,3.0,0.6770524382591248,9,8060
3941,9,8,3,True,10531,1,False,False,False,False,0.19999998807907104,1.0,0.7343024611473083,9,9382
3941,10,11,0,True,10531,1,False,,,,,,0.7927168607711792,11,8060
3941,11,9,2,True,10531,1,False,False,False,False,0.19999998807907104,1.0,0.7345747351646423,10,9382
3941,12,3,8,True,10531,1,False,False,False,False,0.19999998807907104,1.0,0.2986636757850647,4,2902
3941,13,3,8,True,10531,2,False,False,False,False,0.19999998807907104,1.0,0.5149757266044617,4,3313
3941,14,11,0,True,10531,1,False,,,,,,0.7927168607711792,11,8060
3941,15,2,9,False,2,2,True,False,False,False,1.1489125490188599,8.0,1.1492605209350586,10,7522
3941,16,2,9,False,52,1,True,False,False,False,0.2828426957130432,2.0,0.28425341844558716,4,7614
3941,17,2,9,False,2,1,True,False,False,False,1.0770329236984253,9.0,1.077404260635376,11,53
3941,18,10,1,True,10531,1,False,True,True,True,0.0,0.0,0.7402702569961548,10,3329
3941,19,11,0,True,10531,1,False,,,,,,0.7927168607711792,11,8060
3941,20,5,6,True,10531,2,False,False,False,False,0.19999998807907104,1.0,0.43127715587615967,6,7171
3941,21,4,7,False,1,1,True,False,False,False,0.9165151119232178,7.0,0.9173876047134399,11,53
3941,22,7,4,True,10531,1,False,False,False,False,0.20000001788139343,1.0,0.816578209400177,8,7267
3941,23,6,5,True,10531,1,False,False,False,False,0.19999998807907104,1.0,0.6406247019767761,7,5069
3941,24,11,0,True,10531,1,False,,,,,,0.7927168607711792,11,8060
3941,25,3,8,True,10531,1,False,False,False,False,0.19999998807907104,1.0,0.2986636757850647,4,5653
3941,26,11,0,True,10531,1,False,,,,,,0.7927168607711792,11,8060
3941,27,2,9,True,10531,2,False,False,False,False,0.19999998807907104,1.0,0.5145872235298157,3,3313
3941,28,8,3,True,10531,1,False,False,False,False,0.40000003576278687,1.0,0.634980320930481,9,8060
3941,29,2,9,True,10531,3,False,False,False,False,0.19999998807907104,1.0,0.369864821434021,3,8759
3941,30,2,9,False,1,1,True,False,False,False,1.2000000476837158,8.0,1.2003332376480103,10,26
3941,31,5,6,True,10531,3,False,False,False,False,0.2828426957130432,2.0,0.5234500765800476,7,1953
1719,0,11,0,True,10531,1,False,,,,,,0.7927168607711792,11,8060
1719,1,11,0,True,10531,1,False,,,,,,0.7927168607711792,11,8060
1719,2,4,7,True,10531,2,False,True,True,True,0.0,0.0,0.780768871307373,4,7734
1719,3,3,8,True,10531,1,False,True,True,True,0.0,0.0,0.31176915764808655,3,6081
1719,4,7,4,True,10531,1,False,False,False,False,0.3464101552963257,3.0,0.7005712389945984,10,5293
1719,5,4,7,True,10531,1,False,False,False,False,0.2828426957130432,2.0,0.5528109669685364,6,2482
1719,6,5,6,True,10531,5,False,False,False,False,0.4000000059604645,1.0,0.6587867736816406,6,9239
1719,7,9,2,True,10531,1,False,True,True,True,0.0,0.0,0.7613146305084229,9,6271
1719,8,10,1,True,10531,1,False,True,True,True,0.0,0.0,0.7924644947052002,10,8060
1719,9,9,2,True,10531,1,False,False,False,False,0.19999998807907104,1.0,0.6415606141090393,10,9382
1719,10,9,2,True,10531,1,False,True,True,True,0.0,0.0,0.6477653980255127,9,1969
1719,11,2,9,True,10531,2,False,False,False,False,0.2828426957130432,2.0,0.5520870089530945,4,9863
1719,12,11,0,True,10531,1,False,,,,,,0.7927168607711792,11,8060
1719,13,3,8,True,10531,1,False,False,False,False,0.2828426957130432,2.0,0.5071489214897156,5,8316
1719,14,11,0,True,10531,1,False,,,,,,0.7927168607711792,11,8060
1719,15,11,0,True,10531,1,False,,,,,,0.7927168607711792,11,8060
1719,16,2,9,False,49,2,True,True,True,True,0.0,0.0,0.02828427590429783,2,370
1719,17,2,9,False,1,1,True,False,False,False,1.0198038816452026,7.0,1.0201960802078247,9,8997
1719,18,3,8,False,1,1,True,False,False,False,1.0954450368881226,8.0,1.0959926843643188,11,53
1719,19,9,2,True,10531,1,False,False,False,False,0.2828426957130432,2.0,0.7068238854408264,11,7204
1719,20,6,5,True,10531,1,False,False,False,False,0.3999999761581421,1.0,0.6590902805328369,7,834
1719,21,2,9,False,2,1,True,False,False,False,0.8246211409568787,6.0,0.8251060843467712,8,8997
1719,22,1,10,False,5,1,True,False,False,False,1.0198038816452026,7.0,1.0199999809265137,8,8997
1719,23,3,8,True,10531,2,False,False,False,False,0.2828426957130432,2.0,0.552449107170105,5,7150
1719,24,11,0,True,10531,1,False,,,,,,0.7927168607711792,11,8060
1719,25,8,3,True,10531,1,False,False,False,False,0.19999998807907104,1.0,0.6412488222122192,9,9382
1719,26,10,1,True,10531,1,False,False,False,False,0.19999998807907104,1.0,0.846167802810669,11,4853
1719,27,6,5,True,10531,1,False,False,False,False,0.2828426957130432,2.0,0.7282856702804565,8,7254
1719,28,7,4,True,10531,2,False,False,False,False,0.19999998807907104,1.0,0.7005712389945984,8,8085
1719,29,5,6,True,10531,1,False,True,True,True,0.0,0.0,0.670820415019989,5,7787
1719,30,7,4,True,10531,1,False,False,False,False,0.4000000059604645,1.0,0.8311437964439392,8,6271
1719,31,7,4,True,10531,1,False,False,False,False,0.4472135901451111,2.0,0.8359426259994507,9,9382
4615,0,7,4,True,10531,1,False,False,False,False,0.19999998807907104,1.0,0.6023288369178772,8,10091
4615,1,8,3,True,10531,1,False,False,False,False,0.4000000059604645,1.0,0.595986545085907,9,8060
4615,2,9,2,True,10531,1,False,True,True,True,0.0,0.0,0.49355849623680115,9,8060
4615,3,1,10,False,2992,45,True,True,True,True,0.0,0.0,0.019999995827674866,1,5976
4615,4,11,0,True,10531,1,False,,,,,,0.7927168607711792,11,8060
4615,5,4,7,True,10531,4,False,False,False,False,0.2828426957130432,2.0,0.42142611742019653,6,5608
4615,6,8,3,True,10531,4,False,True,True,True,0.0,0.0,0.5685068368911743,8,6047
4615,7,9,2,True,10531,1,False,True,True,True,0.0,0.0,0.5399999618530273,9,4075
4615,8,9,2,True,10531,1,False,False,False,False,0.19999998807907104,1.0,0.6779381036758423,10,1969
4615,9,4,7,True,10531,3,False,False,False,False,0.19999998807907104,1.0,0.5600000023841858,5,3727
4615,10,4,7,True,10531,2,False,False,False,False,0.3464101552963257,3.0,0.46647611260414124,7,7463
4615,11,5,6,True,10531,1,False,False,False,False,0.4000000059604645,1.0,0.7280110120773315,6,1954
4615,12,10,1,True,10531,1,False,True,True,True,0.0,0.0,0.5403702259063721,10,4075
4615,13,3,8,True,10531,4,False,False,False,False,0.2828426957130432,2.0,0.4209512770175934,5,9353
4615,14,10,1,True,10531,2,False,False,False,False,0.19999998807907104,1.0,0.7668116688728333,11,9382
4615,15,10,1,True,10531,1,False,True,True,True,0.0,0.0,0.4939635396003723,10,8060
4615,16,8,3,True,10531,1,False,False,False,False,0.19999998807907104,1.0,0.6412488222122192,9,3329
4615,17,5,6,True,10531,1,False,False,False,False,0.4472135901451111,2.0,0.6276941895484924,7,9896
4615,18,11,0,True,10531,1,False,,,,,,0.7927168607711792,11,8060
4615,19,1,10,False,573,3,True,True,True,True,0.0,0.0,0.019999995827674866,1,8020
4615,20,5,6,True,10531,3,False,False,False,False,0.19999998807907104,1.0,0.5603570342063904,6,4149
4615,21,1,10,False,1620,5,True,True,True,True,0.0,0.0,0.02000001072883606,1,9331
4615,22,6,5,True,10531,1,False,False,False,False,0.6928203105926514,3.0,0.7914543747901917,9,4075
4615,23,10,1,True,10531,2,False,False,False,False,0.19999998807907104,1.0,0.7668116092681885,11,3329
4615,24,3,8,False,25,1,True,False,False,False,0.5656853914260864,5.0,0.5667451024055481,8,7830
4615,25,6,5,True,10531,1,False,False,False,False,0.3464101552963257,3.0,0.6651315689086914,9,6874
4615,26,11,0,True,10531,1,False,,,,,,0.7927168607711792,11,8060
4615,27,9,2,True,10531,1,False,True,True,True,0.0,0.0,0.49355849623680115,9,8060
4615,28,11,0,True,10531,1,False,,,,,,0.7927168607711792,11,8060
4615,29,8,3,True,10531,1,False,False,False,False,0.4000000059604645,1.0,0.55425626039505,9,6271
4615,30,9,2,True,10531,1,False,True,True,True,0.0,0.0,0.5399999618530273,9,4075
4615,31,5,6,True,10531,2,False,True,True,True,0.0,0.0,0.6587867736816406,5,7734
5128,0,5,6,True,10531,2,False,False,False,False,0.4000000059604645,4.0,0.7169379591941833,9,4527
5128,1,7,4,True,10531,1,False,False,False,False,0.4898979663848877,3.0,0.5820652842521667,10,8060
5128,2,4,7,True,10531,1,False,False,False,False,0.19999998807907104,1.0,0.4664761424064636,5,406
5128,3,6,5,True,10531,1,False,True,True,True,0.0,0.0,0.5238320827484131,6,3145
5128,4,9,2,True,10531,1,False,False,False,False,0.4000000059604645,1.0,0.5963220596313477,10,8060
5128,5,6,5,True,10531,1,False,False,False,False,0.2828426957130432,2.0,0.5238320231437683,8,3329
5128,6,2,9,False,1,1,True,False,False,False,1.1661903858184814,8.0,1.1665332317352295,10,26
5128,7,5,6,True,10531,1,False,False,False,False,0.2828426957130432,2.0,0.5949790477752686,7,6874
5128,8,11,0,True,10531,1,False,,,,,,0.7927168607711792,11,8060
5128,9,11,0,True,10531,1,False,,,,,,0.7927168607711792,11,8060
5128,10,6,5,True,10531,2,False,True,True,True,0.0,0.0,0.6086049675941467,6,7171
5128,11,5,6,True,10531,1,False,False,False,False,0.2828426957130432,2.0,0.5949789881706238,7,6874
5128,12,6,5,True,10531,1,False,False,False,False,0.44721361994743347,2.0,0.5885576009750366,8,8060
5128,13,1,10,False,1620,7,True,True,True,True,0.0,0.0,0.02000001072883606,1,4376
5128,14,4,7,True,10531,1,False,True,True,True,0.0,0.0,0.31240999698638916,4,6835
5128,15,11,0,True,10531,1,False,,,,,,0.7927168607711792,11,8060
5128,16,11,0,True,10531,1,False,,,,,,0.7927168607711792,11,8060
5128,17,2,9,False,2,1,True,False,False,False,0.8485281467437744,7.0,0.8489994406700134,9,8997
5128,18,4,7,True,10531,2,False,True,True,True,0.0,0.0,0.5670979022979736,4,5166
5128,19,7,4,True,10531,1,False,False,False,False,0.4472135901451111,2.0,0.6890573501586914,9,9382
5128,20,8,3,True,10531,1,False,False,False,False,0.2828426957130432,2.0,0.6717142462730408,10,3329
5128,21,8,3,True,10531,1,False,False,False,False,0.4000000059604645,1.0,0.595986545085907,9,8060
5128,22,4,7,True,10531,2,False,False,False,False,0.3999999761581421,1.0,0.5528109669685364,5,5410
5128,23,9,2,True,10531,1,False,False,False,False,0.4000000059604645,1.0,0.8316249251365662,10,6271
5128,24,10,1,True,10531,1,False,True,True,True,0.0,0.0,0.7924644947052002,10,8060
5128,25,11,0,True,10531,1,False,,,,,,0.7927168607711792,11,8060
5128,26,11,0,True,10531,1,False,,,,,,0.7927168607711792,11,8060
5128,27,3,8,True,10531,1,False,True,True,True,0.0,0.0,0.3810511827468872,3,5166
5128,28,2,9,False,1,1,True,False,False,False,1.5099668502807617,9.0,1.5102317333221436,11,53
5128,29,7,4,True,10531,4,False,True,True,True,0.0,0.0,0.5242137312889099,7,562
5128,30,11,0,True,10531,1,False,,,,,,0.7927168607711792,11,8060
5128,31,10,1,True,10531,1,False,False,False,False,0.3999999761581421,1.0,0.6723094582557678,11,4075
7205,0,10,1,True,10531,1,False,True,True,True,0.0,0.0,0.761577308177948,10,8060
7205,1,5,6,True,10531,1,False,False,False,False,0.3464101552963257,3.0,0.5157518982887268,8,7204
7205,2,11,0,True,10531,1,False,,,,,,0.7927168607711792,11,8060
7205,3,1,10,False,3,1,True,False,False,False,0.800000011920929,8.0,0.8002499938011169,9,8997
7205,4,10,1,True,10531,1,False,True,True,True,0.0,0.0,0.7924644947052002,10,8060
7205,5,8,3,True,10531,1,False,False,False,False,0.20000001788139343,1.0,0.7557777762413025,9,8060
7205,6,10,1,True,10531,1,False,True,True,True,0.0,0.0,0.7924644947052002,10,8060
7205,7,9,2,True,10531,1,False,True,True,True,0.0,0.0,0.7717512845993042,9,9950
7205,8,5,6,True,10531,1,False,False,False,False,0.4898979663848877,3.0,0.6212890148162842,8,7267
7205,9,2,9,True,10531,1,False,False,False,False,0.3464101552963257,3.0,0.4656178653240204,5,9700
7205,10,2,9,False,23,6,True,False,False,False,0.4472135901451111,2.0,0.44810715317726135,4,10094
7205,11,9,2,True,10531,1,False,False,False,False,0.20000001788139343,1.0,0.8170679211616516,10,7267
7205,12,8,3,True,10531,1,False,False,False,False,0.4000000059604645,1.0,0.55425626039505,9,8060
7205,13,11,0,True,10531,1,False,,,,,,0.7927168607711792,11,8060
7205,14,11,0,True,10531,1,False,,,,,,0.7927168607711792,11,8060
7205,15,11,0,True,10531,1,False,,,,,,0.7927168607711792,11,8060
7205,16,10,1,True,10531,1,False,True,True,True,0.0,0.0,0.7402702569961548,10,3329
7205,17,6,5,True,10531,1,False,False,False,False,0.2828426957130432,2.0,0.475815087556839,8,10496
7205,18,9,2,True,10531,1,False,True,True,True,0.0,0.0,0.7068239450454712,9,3329
7205,19,2,9,False,22,1,True,False,False,False,0.9591663479804993,7.0,0.9595832824707031,9,2244
7205,20,4,7,True,10531,2,False,False,False,False,0.2828426957130432,2.0,0.6584831476211548,6,10082
7205,21,9,2,True,10531,1,False,True,True,True,0.0,0.0,0.7613146305084229,9,8060
7205,22,8,3,True,10531,1,False,False,False,False,0.20000001788139343,1.0,0.7343024611473083,9,3329
7205,23,9,2,True,10531,2,False,True,True,True,0.0,0.0,0.7400000095367432,9,9382
7205,24,7,4,True,10531,1,False,True,True,True,0.0,0.0,0.7917070388793945,7,2163
7205,25,1,10,False,10446,2,True,True,True,True,0.0,0.0,0.019999980926513672,1,8445
7205,26,9,2,True,10531,2,False,False,False,False,0.20000001788139343,1.0,0.7345747351646423,10,9382
7205,27,5,6,True,10531,1,False,False,False,False,0.2828426957130432,2.0,0.4753945469856262,7,9700
7205,28,4,7,True,10531,1,False,True,True,True,0.0,0.0,0.4749737083911896,4,491
7205,29,1,10,False,10446,2,True,True,True,True,0.0,0.0,0.019999980926513672,1,8445
7205,30,9,2,True,10531,1,False,True,True,True,0.0,0.0,0.7400000095367432,9,3329
7205,31,10,1,True,10531,1,False,True,True,True,0.0,0.0,0.4939635396003723,10,8060
5146,0,6,5,True,10531,1,False,False,False,False,0.44721361994743347,2.0,0.6280127167701721,8,7267
5146,1,9,2,True,10531,1,False,True,True,True,0.0,0.0,0.49355849623680115,9,8060
5146,2,3,8,False,1,1,True,False,False,False,1.2328827381134033,8.0,1.2333693504333496,11,53
5146,3,5,6,True,10531,4,False,False,False,False,0.2828426957130432,2.0,0.4219004511833191,7,6355
5146,4,1,10,False,2992,16,True,True,True,True,0.0,0.0,0.019999995827674866,1,4133
5146,5,9,2,True,10531,1,False,False,False,False,0.4472135603427887,2.0,0.701141893863678,11,4853
5146,6,9,2,True,10531,1,False,True,True,True,0.0,0.0,0.7613146305084229,9,6271
5146,7,6,5,True,10531,1,False,False,False,False,0.2828426957130432,2.0,0.475815087556839,8,9382
5146,8,2,9,True,10531,4,False,False,False,False,0.2828426957130432,2.0,0.5067543983459473,4,7361
5146,9,9,2,True,10531,1,False,True,True,True,0.0,0.0,0.6477653980255127,9,1969
5146,10,7,4,True,10531,1,False,False,False,False,0.20000001788139343,1.0,0.8165782690048218,8,2163
5146,11,3,8,True,10531,1,False,True,True,True,0.0,0.0,0.4745524227619171,3,4268
5146,12,7,4,True,10531,1,False,False,False,False,0.5656853914260864,2.0,0.6832276582717896,9,6271
5146,13,7,4,True,10531,1,False,False,False,False,0.4000000059604645,1.0,0.7285602688789368,8,1969
5146,14,9,2,True,10531,1,False,False,False,False,0.4000000059604645,1.0,0.8874682784080505,10,7267
5146,15,1,10,False,23,1,True,False,False,False,1.058300495147705,8.0,1.058489441871643,9,7950
5146,16,1,10,False,10495,68,True,True,True,True,0.0,0.0,0.019999980926513672,1,3175
5146,17,9,2,True,10531,1,False,False,False,False,0.2828426957130432,2.0,0.6720119118690491,11,3329
5146,18,6,5,True,10531,1,False,False,False,False,0.3464101552963257,3.0,0.7002856731414795,9,5293
5146,19,1,10,False,2992,16,True,True,True,True,0.0,0.0,0.019999995827674866,1,2355
5146,20,2,9,False,3,1,True,False,False,False,0.9165151715278625,7.0,0.9169514775276184,9,8997
5146,21,11,0,True,10531,1,False,,,,,,0.7927168607711792,11,8060
5146,22,10,1,True,10531,2,False,False,False,False,0.19999998807907104,1.0,0.7668116688728333,11,9382
5146,23,11,0,True,10531,1,False,,,,,,0.7927168607711792,11,8060
5146,24,10,1,True,10531,2,False,True,True,True,0.0,0.0,0.7402702569961548,10,3329
5146,25,4,7,True,10531,1,False,False,False,False,0.2828426957130432,2.0,0.5946427583694458,6,1960
5146,26,1,10,False,53,2,True,False,False,False,0.20000001788139343,1.0,0.20099753141403198,2,370
5146,27,7,4,True,10531,1,False,False,False,False,0.4000000059604645,1.0,0.8870174288749695,8,7267
5146,28,10,1,True,10531,1,False,True,True,True,0.0,0.0,0.7720103859901428,10,1969
5146,29,11,0,True,10531,1,False,,,,,,0.7927168607711792,11,8060
5146,30,2,9,False,2,1,True,False,False,False,1.095445156097412,8.0,1.0958101749420166,10,8997
5146,31,4,7,True,10531,1,False,False,False,False,0.3464101552963257,3.0,0.6273754835128784,7,8954
1576,0,7,4,True,10531,1,False,False,False,False,0.4472135901451111,2.0,0.7230491042137146,9,3329
1576,1,4,7,True,10531,2,False,False,False,False,0.19999998807907104,1.0,0.37094470858573914,5,2216
1576,2,8,3,True,10531,1,False,False,False,False,0.4472135901451111,2.0,0.6657326817512512,10,4075
1576,3,2,9,False,23,1,True,False,False,False,0.4898979365825653,6.0,0.4907137155532837,8,1162
1576,4,5,6,True,10531,2,False,False,False,False,0.19999998807907104,1.0,0.6016643643379211,6,2216
1576,5,8,3,True,10531,1,False,False,False,False,0.6000000238418579,3.0,0.7451174855232239,11,4075
1576,6,11,0,True,10531,1,False,,,,,,0.7927168607711792,11,8060
1576,7,3,8,True,10531,1,False,False,False,False,0.2828426957130432,2.0,0.5943063497543335,5,5819
1576,8,2,9,False,294,7,True,True,True,True,0.0,0.0,0.028284266591072083,2,293
1576,9,8,3,True,10531,1,False,False,False,False,0.2828426957130432,2.0,0.634980320930481,10,8997
1576,10,8,3,True,10531,1,False,False,False,False,0.3464101552963257,3.0,0.5614267587661743,11,1025
1576,11,9,2,True,10531,1,False,False,False,False,0.19999998807907104,1.0,0.6415606141090393,10,3329
1576,12,6,5,True,10531,2,False,False,False,False,0.19999998807907104,1.0,0.7002857327461243,7,5670
1576,13,9,2,True,10531,2,False,True,True,True,0.0,0.0,0.7400000095367432,9,9382
1576,14,9,2,True,10531,1,False,True,True,True,0.0,0.0,0.7613146305084229,9,6271
1576,15,4,7,True,10531,1,False,False,False,False,0.3464101552963257,3.0,0.6645299196243286,7,1960
1576,16,9,2,True,10531,1,False,False,False,False,0.4472135901451111,2.0,0.6660330295562744,11,4075
1576,17,3,8,True,10531,1,False,False,False,False,0.2828426957130432,2.0,0.5071489214897156,5,5851
1576,18,6,5,True,10531,1,False,False,False,False,0.4898979663848877,3.0,0.781281054019928,9,7204
1576,19,4,7,True,10531,2,False,False,False,False,0.3464101552963257,3.0,0.6273754835128784,7,5290
1576,20,4,7,True,10531,1,False,False,False,False,0.2828426957130432,2.0,0.5528109669685364,6,9003
1576,21,8,3,True,10531,1,False,False,False,False,0.40000003576278687,1.0,0.8597674369812012,9,6271
1576,22,1,10,False,10495,263,True,True,True,True,0.0,0.0,0.019999980926513672,1,1328
1576,23,9,2,True,10531,1,False,False,False,False,0.4000000059604645,1.0,0.8411896824836731,10,1969
1576,24,1,10,False,3,1,True,False,False,False,0.9380832314491272,8.0,0.938296377658844,9,8997
1576,25,8,3,True,10531,1,False,False,False,False,0.2828426957130432,2.0,0.5685067772865295,10,9896
1576,26,1,10,False,10495,263,True,True,True,True,0.0,0.0,0.019999980926513672,1,7978
1576,27,6,5,True,10531,1,False,False,False,False,0.2828426957130432,2.0,0.6711184978485107,8,5808
1576,28,2,9,False,1,1,True,False,False,False,1.1135529279708862,9.0,1.1139119863510132,11,53
1576,29,3,8,False,1,1,True,False,False,False,1.0583006143569946,8.0,1.058867335319519,11,26
1576,30,7,4,True,10531,1,False,False,False,False,0.4898979663848877,3.0,0.7815369963645935,10,7204
1576,31,1,10,False,1,1,True,False,False,False,1.2649110555648804,10.0,1.2650691270828247,11,53
9709,0,10,1,True,10531,1,False,True,True,True,0.0,0.0,0.7924644947052002,10,8060
9709,1,5,6,True,10531,1,False,False,False,False,0.44721361994743347,2.0,0.5882176756858826,7,4075
9709,2,1,10,False,26,1,True,False,False,False,0.7211102247238159,2.0,0.7213875651359558,3,4152
9709,3,9,2,True,10531,2,False,True,True,True,0.0,0.0,0.7400000095367432,9,9382
9709,4,7,4,True,10531,1,False,False,False,False,0.19999998807907104,1.0,0.5317894220352173,8,9896
9709,5,4,7,True,10531,7,False,True,True,True,0.0,0.0,0.22271056473255157,4,5766
9709,6,8,3,True,10531,2,False,False,False,False,0.19999998807907104,1.0,0.6412488222122192,9,3329
9709,7,8,3,True,10531,1,False,False,False,False,0.20000000298023224,1.0,0.7662897706031799,9,1969
9709,8,2,9,False,2958,7,True,True,True,True,0.0,0.0,0.028284255415201187,2,5776
9709,9,1,10,False,1620,4,True,False,False,False,0.6000000238418579,1.0,0.6003332734107971,2,6335
9709,10,10,1,True,10531,1,False,True,True,True,0.0,0.0,0.7924644947052002,10,8060
9709,11,2,9,False,1,1,True,False,False,False,1.039230465888977,5.0,1.039615273475647,7,26
9709,12,7,4,True,10531,1,False,False,False,False,0.2828427255153656,2.0,0.7607890963554382,9,3329
9709,13,8,3,True,10531,1,False,False,False,False,0.2828426957130432,2.0,0.5245950818061829,10,9382
9709,14,1,10,False,10446,7,True,True,True,True,0.0,0.0,0.019999980926513672,1,33
9709,15,8,3,True,10531,1,False,True,True,True,0.0,0.0,0.7919595837593079,8,8060
9709,16,1,10,False,26,1,True,False,False,False,0.7211102247238159,2.0,0.7213875651359558,3,4152
9709,17,1,10,False,2992,7,True,True,True,True,0.0,0.0,0.019999995827674866,1,2600
9709,18,6,5,True,10531,1,False,True,True,True,0.0,0.0,0.5238320827484131,6,10226
9709,19,10,1,True,10531,1,False,False,False,False,0.20000001788139343,1.0,0.7668116092681885,11,3329
9709,20,8,3,True,10531,1,False,False,False,False,0.19999998807907104,1.0,0.5321654081344604,9,9896
9709,21,9,2,True,10531,1,False,False,False,False,0.19999998807907104,1.0,0.6415606141090393,10,9382
9709,22,4,7,True,10531,1,False,False,False,False,0.2828426957130432,2.0,0.5230678915977478,6,7065
9709,23,11,0,True,10531,1,False,,,,,,0.7927168607711792,11,8060
9709,24,9,2,True,10531,1,False,False,False,False,0.20000001788139343,1.0,0.5325410962104797,10,4075
9709,25,9,2,True,10531,1,False,False,False,False,0.4000000059604645,1.0,0.8411896824836731,10,1969
9709,26,6,5,True,10531,1,False,False,False,False,0.19999998807907104,1.0,0.531413197517395,7,9896
9709,27,11,0,True,10531,1,False,,,,,,0.7927168607711792,11,8060
9709,28,5,6,True,10531,1,False,False,False,False,0.4472135901451111,2.0,0.6276941895484924,7,9896
9709,29,9,2,True,10531,1,False,False,False,False,0.19999998807907104,1.0,0.8459314107894897,10,4853
9709,30,9,2,True,10531,1,False,True,True,True,0.0,0.0,0.49355849623680115,9,4075
9709,31,6,5,True,10531,1,False,False,False,False,0.2828426957130432,2.0,0.6343500018119812,8,8008
5186,0,1,10,False,2992,3,True,True,True,True,0.0,0.0,0.019999995827674866,1,7010
5186,1,11,0,True,10531,1,False,,,,,,0.7927168607711792,11,8060
5186,2,11,0,True,10531,1,False,,,,,,0.7927168607711792,11,8060
5186,3,4,7,True,10531,1,False,False,False,False,0.2828426957130432,2.0,0.5946427583694458,6,7065
5186,4,8,3,True,10531,2,False,False,False,False,0.2828426957130432,2.0,0.634980320930481,10,9382
5186,5,2,9,False,1620,1,True,False,False,False,0.4000000059604645,1.0,0.4009987711906433,3,2862
5186,6,7,4,True,10531,1,False,False,False,False,0.3464101552963257,3.0,0.6023288369178772,10,7204
5186,7,7,4,True,10531,2,False,False,False,False,0.2828426957130432,2.0,0.7607890963554382,9,3329
5186,8,2,9,False,22,1,True,False,False,False,0.4898979365825653,6.0,0.4907137155532837,8,2244
5186,9,2,9,False,1620,1,True,False,False,False,0.4000000059604645,1.0,0.4009987711906433,3,2862
5186,10,8,3,True,10531,1,False,False,False,False,0.3464101552963257,3.0,0.5614267587661743,11,4075
5186,11,3,8,True,10531,1,False,False,False,False,0.44721361994743347,5.0,0.5451605319976807,8,5293
5186,12,8,3,True,10531,1,False,False,False,False,0.44721361994743347,2.0,0.6286493539810181,10,8060
5186,13,11,0,True,10531,1,False,,,,,,0.7927168607711792,11,8060
5186,14,2,9,False,2,1,True,False,False,False,0.800000011920929,7.0,0.8004998564720154,9,6271
5186,15,6,5,True,10531,1,False,False,False,False,0.2828427255153656,2.0,0.5953150987625122,8,3329
5186,16,9,2,True,10531,1,False,True,True,True,0.0,0.0,0.7068239450454712,9,8997
5186,17,5,6,True,10531,1,False,False,False,False,0.2828426957130432,2.0,0.5531727075576782,7,6047
5186,18,4,7,True,10531,2,False,False,False,False,0.2828426957130432,2.0,0.4749736785888672,6,6047
5186,19,6,5,True,10531,1,False,False,False,False,0.2828426957130432,2.0,0.5678027868270874,8,4075
5186,20,9,2,True,10531,1,False,False,False,False,0.19999998807907104,1.0,0.6415606141090393,10,9382
5186,21,4,7,True,10531,1,False,False,False,False,0.3464101552963257,3.0,0.5153639316558838,7,7065
5186,22,6,5,True,10531,1,False,False,False,False,0.2828426957130432,2.0,0.4758150577545166,8,5808
5186,23,10,1,True,10531,2,False,False,False,False,0.19999998807907104,1.0,0.7668116092681885,11,3329
5186,24,11,0,True,10531,1,False,,,,,,0.7927168607711792,11,8060
5186,25,10,1,True,10531,1,False,True,True,True,0.0,0.0,0.7924644947052002,10,8060
5186,26,11,0,True,10531,1,False,,,,,,0.7927168607711792,11,8060
5186,27,5,6,True,10531,1,False,False,False,False,0.3464101552963257,3.0,0.5157518982887268,8,3329
5186,28,3,8,True,10531,1,False,False,False,False,0.4000000059604645,4.0,0.5071489214897156,7,5953
5186,29,6,5,True,10531,1,False,False,False,False,0.3464101552963257,3.0,0.4673328399658203,9,3329
5186,30,9,2,True,10531,1,False,False,False,False,0.20000001788139343,1.0,0.7871467471122742,10,8060
5186,31,9,2,True,10531,1,False,False,False,False,0.19999998807907104,1.0,0.6779380440711975,10,1969
9324,0,4,7,True,10531,1,False,False,False,False,0.3999999761581421,1.0,0.5075430870056152,5,6007
9324,1,2,9,True,10531,1,False,False,False,False,0.19999998807907104,1.0,0.4656178951263428,3,8049
9324,2,3,8,True,10531,1,False,False,False,False,0.19999998807907104,1.0,0.4303486943244934,4,6081
9324,3,8,3,True,10531,1,False,False,False,False,0.4000000059604645,1.0,0.595986545085907,9,8060
9324,4,2,9,True,10531,1,False,False,False,False,0.4000000059604645,1.0,0.5067543983459473,3,878
9324,5,5,6,True,10531,4,False,False,False,False,0.2828426957130432,2.0,0.6340346932411194,7,10100
9324,6,1,10,False,3,1,True,False,False,False,0.8246211409568787,6.0,0.8248636722564697,7,8997
9324,7,3,8,True,10531,1,False,False,False,False,0.19999998807907104,1.0,0.5149757266044617,4,8049
9324,8,4,7,False,2,1,True,True,True,True,0.0,0.0,0.03999997675418854,4,4152
9324,9,10,1,True,10531,2,False,True,True,True,0.0,0.0,0.7402702569961548,10,9382
9324,10,8,3,True,10531,1,False,True,True,True,0.0,0.0,0.7397297620773315,8,1969
9324,11,1,10,False,26,3,True,False,False,False,0.2828426957130432,2.0,0.28354892134666443,3,10094
9324,12,5,6,True,10531,1,False,False,False,False,0.3464101552963257,3.0,0.515751838684082,8,8050
9324,13,7,4,True,10531,1,False,False,False,False,0.2828426957130432,2.0,0.5242136716842651,9,3329
9324,14,6,5,True,10531,3,False,False,False,False,0.3464101552963257,3.0,0.6280127763748169,9,10082
9324,15,6,5,True,10531,1,False,False,False,False,0.19999998807907104,1.0,0.4841487407684326,7,8256
9324,16,11,0,True,10531,1,False,,,,,,0.7927168607711792,11,8060
9324,17,11,0,True,10531,1,False,,,,,,0.7927168607711792,11,8060
9324,18,11,0,True,10531,1,False,,,,,,0.7927168607711792,11,8060
9324,19,11,0,True,10531,1,False,,,,,,0.7927168607711792,11,8060
9324,20,9,2,True,10531,1,False,False,False,False,0.2828426957130432,2.0,0.8411896228790283,11,4853
9324,21,4,7,True,10531,1,False,True,True,True,0.0,0.0,0.31240999698638916,4,8296
9324,22,10,1,True,10531,1,False,True,True,True,0.0,0.0,0.7720103859901428,10,1969
9324,23,2,9,False,1,1,True,False,False,False,0.19999998807907104,1.0,0.20199008285999298,3,6335
9324,24,3,8,True,10531,1,False,True,True,True,0.0,0.0,0.4745524525642395,3,4335
9324,25,3,8,False,1,1,True,False,False,False,0.9999999403953552,8.0,1.00059974193573,11,53
9324,26,3,8,True,10531,1,False,False,False,False,0.2828426957130432,2.0,0.5071489214897156,5,7254
9324,27,4,7,True,10531,1,False,False,False,False,0.3464101552963257,3.0,0.41182518005371094,7,4144
9324,28,7,4,True,10531,1,False,False,False,False,0.4472135901451111,2.0,0.755513072013855,9,1954
9324,29,8,3,True,10531,1,False,False,False,False,0.4472135901451111,2.0,0.6657326817512512,10,4075
9324,30,1,10,False,10446,35,True,True,True,True,0.0,0.0,0.019999980926513672,1,9738
9324,31,5,6,True,10531,1,False,False,False,False,0.2828426957130432,2.0,0.5234500765800476,7,9700
1669,0,2,9,False,2,2,True,False,False,False,0.6633249521255493,8.0,0.6639276742935181,10,7520
1669,1,1,10,False,3,1,True,False,False,False,0.9380832314491272,8.0,0.938296377658844,9,8997
1669,2,9,2,True,10531,1,False,False,False,False,0.2828426957130432,2.0,0.7922121286392212,11,5293
1669,3,11,0,True,10531,1,False,,,,,,0.7927168607711792,11,8060
1669,4,5,6,True,10531,1,False,False,False,False,0.19999998807907104,1.0,0.3714834749698639,6,6007
1669,5,8,3,True,10531,1,False,False,False,False,0.3464101552963257,3.0,0.8168231248855591,11,2669
1669,6,9,2,True,10531,1,False,True,True,True,0.0,0.0,0.6477653980255127,9,5808
1669,7,7,4,True,10531,1,False,False,False,False,0.5291502475738525,4.0,0.6890572905540466,11,4853
1669,8,5,6,True,10531,1,False,False,False,False,0.3464101552963257,3.0,0.5603570342063904,8,9896
1669,9,11,0,True,10531,1,False,,,,,,0.7927168607711792,11,8060
1669,10,5,6,True,10531,3,False,False,False,False,0.2828426957130432,2.0,0.6340347528457642,7,8953
1669,11,8,3,True,10531,1,False,False,False,False,0.2828426957130432,2.0,0.5245950818061829,10,6271
1669,12,7,4,True,10531,1,False,False,False,False,0.4898979663848877,3.0,0.7285602688789368,10,4075
1669,13,8,3,True,10531,1,False,False,False,False,0.2828426957130432,2.0,0.6717142462730408,10,5808
1669,14,8,3,True,10531,2,False,True,True,True,0.0,0.0,0.7397297024726868,8,3329
1669,15,11,0,True,10531,1,False,,,,,,0.7927168607711792,11,8060
1669,16,6,5,True,10531,1,False,False,False,False,0.4472135901451111,2.0,0.8357033133506775,8,8940
1669,17,11,0,True,10531,1,False,,,,,,0.7927168607711792,11,8060
1669,18,3,8,True,10531,1,False,False,False,False,0.20000001788139343,1.0,0.3704051673412323,4,9353
1669,19,1,10,False,23,1,True,False,False,False,0.6324555277824402,7.0,0.6327716708183289,8,1162
1669,20,10,1,True,10531,1,False,True,True,True,0.0,0.0,0.7720103859901428,10,1969
1669,21,11,0,True,10531,1,False,,,,,,0.7927168607711792,11,8060
1669,22,6,5,True,10531,2,False,False,False,False,0.3464101552963257,3.0,0.6651315689086914,9,8050
1669,23,2,9,False,1620,5,True,False,False,False,0.4472135901451111,2.0,0.44810712337493896,4,4354
1669,24,8,3,True,10531,1,False,False,False,False,0.19999998807907104,1.0,0.6412487626075745,9,3329
1669,25,7,4,True,10531,1,False,False,False,False,0.3999999761581421,4.0,0.6346652507781982,11,4853
1669,26,11,0,True,10531,1,False,,,,,,0.7927168607711792,11,8060
1669,27,11,0,True,10531,1,False,,,,,,0.7927168607711792,11,8060
1669,28,9,2,True,10531,1,False,False,False,False,0.2828426957130432,2.0,0.8411896228790283,11,4853
1669,29,3,8,True,10531,1,False,False,False,False,0.3464101552963257,3.0,0.5149757266044617,6,8953
1669,30,2,9,False,7,1,True,False,False,False,0.6324555277824402,4.0,0.633087694644928,6,8865
1669,31,6,5,True,10531,1,False,False,False,False,0.2828426957130432,2.0,0.5238320231437683,8,3329
7425,0,3,8,False,3,1,True,False,False,False,0.19999998807907104,1.0,0.20297782123088837,4,419
7425,1,9,2,True,10531,2,False,True,True,True,0.0,0.0,0.7400000095367432,9,9382
7425,2,9,2,True,10531,2,False,False,False,False,0.19999998807907104,1.0,0.7665507793426514,10,3329
7425,3,10,1,True,10531,1,False,True,True,True,0.0,0.0,0.761577308177948,10,6271
7425,4,10,1,True,10531,2,False,True,True,True,0.0,0.0,0.7402702569961548,10,3329
7425,5,11,0,True,10531,1,False,,,,,,0.7927168607711792,11,8060
7425,6,5,6,True,10531,1,False,True,True,True,0.0,0.0,0.670820415019989,5,7787
7425,7,11,0,True,10531,1,False,,,,,,0.7927168607711792,11,8060
7425,8,4,7,True,10531,1,False,False,False,False,0.20000001788139343,1.0,0.430813193321228,5,429
7425,9,8,3,True,10531,1,False,False,False,False,0.20000001788139343,1.0,0.484974205493927,9,8060
7425,10,8,3,True,10531,1,False,True,True,True,0.0,0.0,0.8504117131233215,8,9961
7425,11,9,2,True,10531,1,False,True,True,True,0.0,0.0,0.8219488859176636,9,7267
7425,12,1,10,False,2992,83,True,True,True,True,0.0,0.0,0.019999995827674866,1,2623
7425,13,5,6,True,10531,1,False,False,False,False,0.19999998807907104,1.0,0.5310367345809937,6,9950
7425,14,3,8,True,10531,4,False,False,False,False,0.2828426957130432,2.0,0.3594439923763275,5,1070
7425,15,6,5,True,10531,2,False,False,False,False,0.3464101552963257,3.0,0.601996660232544,9,5808
7425,16,4,7,False,1,1,True,False,False,False,0.5656853914260864,2.0,0.5670979022979736,6,9647
7425,17,11,0,True,10531,1,False,,,,,,0.7927168607711792,11,8060
7425,18,10,1,True,10531,1,False,True,True,True,0.0,0.0,0.8221921920776367,10,7267
7425,19,1,10,False,53,2,True,False,False,False,0.20000001788139343,1.0,0.20099753141403198,2,4256
7425,20,4,7,True,10531,1,False,False,False,False,0.20000001788139343,1.0,0.3709447383880615,5,917
7425,21,5,6,True,10531,1,False,False,False,False,0.19999998807907104,1.0,0.5603570938110352,6,5656
7425,22,6,5,True,10531,1,False,False,False,False,0.20000001788139343,1.0,0.733757495880127,7,9961
7425,23,3,8,False,1,1,True,False,False,False,0.8246211409568787,3.0,0.825348436832428,6,9647
7425,24,9,2,True,10531,1,False,False,False,False,0.2828426957130432,2.0,0.7068238854408264,11,7204
7425,25,11,0,True,10531,1,False,,,,,,0.7927168607711792,11,8060
7425,26,5,6,True,10531,1,False,False,False,False,0.19999998807907104,1.0,0.6648308038711548,6,7787
7425,27,2,9,False,540,2,True,False,False,False,0.19999998807907104,1.0,0.20199008285999298,3,7734
7425,28,9,2,True,10531,1,False,False,False,False,0.4000000059604645,1.0,0.5963220596313477,10,8060
7425,29,9,2,True,10531,1,False,True,True,True,0.0,0.0,0.8219488859176636,9,7267
7425,30,8,3,True,10531,1,False,False,False,False,0.2828426957130432,2.0,0.8119113445281982,10,5640
7425,31,2,9,False,23,1,True,False,False,False,0.800000011920929,7.0,0.8004998564720154,9,7950
4783,0,1,10,False,23,1,True,False,False,False,0.8485281467437744,7.0,0.8487638235092163,8,7950
4783,1,3,8,True,10531,8,False,True,True,True,0.0,0.0,0.4745524525642395,3,8447
4783,2,8,3,True,10531,3,False,False,False,False,0.20000001788139343,1.0,0.6026607751846313,9,2153
4783,3,8,3,True,10531,1,False,False,False,False,0.3464101552963257,3.0,0.6657326817512512,11,3329
4783,4,11,0,True,10531,1,False,,,,,,0.7927168607711792,11,8060
4783,5,7,4,True,10531,1,False,False,False,False,0.2828426957130432,2.0,0.634665310382843,9,9382
4783,6,1,10,False,53,8,True,False,False,False,0.20000001788139343,1.0,0.20099753141403198,2,6618
4783,7,1,10,False,26,3,True,False,False,False,0.20000001788139343,1.0,0.20099753141403198,2,7911
4783,8,4,7,True,10531,1,False,False,False,False,0.20000001788139343,1.0,0.2993325889110565,5,7299
4783,9,1,10,False,1,1,True,False,False,False,1.2328827381134033,10.0,1.233044981956482,11,53
4783,10,7,4,True,10531,1,False,True,True,True,0.0,0.0,0.7394592761993408,7,1954
4783,11,8,3,True,10531,1,False,False,False,False,0.19999998807907104,1.0,0.7343024611473083,9,9382
4783,12,9,2,True,10531,1,False,False,False,False,0.20000001788139343,1.0,0.5325410962104797,10,8060
4783,13,7,4,True,10531,1,False,False,False,False,0.4472135901451111,2.0,0.6283311247825623,9,4075
4783,14,7,4,True,10531,1,False,False,False,False,0.2828427255153656,2.0,0.7607890963554382,9,1969
4783,15,3,8,True,10531,2,False,False,False,False,0.20000001788139343,1.0,0.5149757266044617,4,7170
4783,16,6,5,True,10531,1,False,False,False,False,0.20000001788139343,1.0,0.6406247019767761,7,9950
4783,17,3,8,True,10531,4,False,False,False,False,0.3464101552963257,3.0,0.41133928298950195,6,2671
4783,18,8,3,True,10531,1,False,False,False,False,0.19999998807907104,1.0,0.484974205493927,9,10496
4783,19,9,2,True,10531,1,False,False,False,False,0.20000001788139343,1.0,0.8170679211616516,10,7267
4783,20,6,5,True,10531,1,False,False,False,False,0.2828427255153656,2.0,0.5238320231437683,8,7267
4783,21,1,10,False,10446,74,True,True,True,True,0.0,0.0,0.019999980926513672,1,3210
4783,22,3,8,True,10531,4,False,True,True,True,0.0,0.0,0.2218107283115387,3,8913
4783,23,2,9,True,10531,5,False,False,False,False,0.2828426957130432,2.0,0.5067543983459473,4,6892
4783,24,11,0,True,10531,1,False,,,,,,0.7927168607711792,11,8060
4783,25,9,2,True,10531,1,False,False,False,False,0.20000001788139343,1.0,0.8170679211616516,10,7267
4783,26,3,8,False,510,4,True,False,False,False,0.2828426957130432,2.0,0.2849561274051666,5,4043
4783,27,5,6,True,10531,1,False,False,False,False,0.2828426957130432,2.0,0.5234500765800476,7,4295
4783,28,8,3,True,10531,1,False,True,True,True,0.0,0.0,0.7397297620773315,8,1969
4783,29,8,3,True,10531,1,False,False,False,False,0.20000001788139343,1.0,0.7868926525115967,9,2163
4783,30,10,1,True,10531,1,False,True,True,True,0.0,0.0,0.8221921920776367,10,7267
4783,31,9,2,True,10531,1,False,True,True,True,0.0,0.0,0.6477653980255127,9,1969
7216,0,4,7,True,10531,1,False,False,False,False,0.2828426957130432,2.0,0.6337192058563232,6,1960
7216,1,11,0,True,10531,1,False,,,,,,0.7927168607711792,11,8060
7216,2,11,0,True,10531,1,False,,,,,,0.7927168607711792,11,8060
7216,3,2,9,False,1,1,True,False,False,False,1.1313707828521729,9.0,1.131724238395691,11,53
7216,4,4,7,True,10531,1,False,False,False,False,0.20000001788139343,1.0,0.5600000023841858,5,2669
7216,5,4,7,False,1,1,True,False,False,False,1.039230465888977,7.0,1.0399999618530273,11,26
7216,6,4,7,True,10531,1,False,False,False,False,0.19999998807907104,1.0,0.430813193321228,5,7258
7216,7,8,3,True,10531,1,False,False,False,False,0.4898979365825653,3.0,0.6596969366073608,11,4075
7216,8,6,5,True,10531,1,False,False,False,False,0.2828426957130432,2.0,0.5535340905189514,8,8954
7216,9,6,5,True,10531,7,False,False,False,False,0.19999998807907104,1.0,0.5607138276100159,7,6311
7216,10,10,1,True,10531,1,False,True,True,True,0.0,0.0,0.4939635396003723,10,8060
7216,11,4,7,True,10531,2,False,False,False,False,0.2828427255153656,2.0,0.5946427583694458,6,9950
7216,12,9,2,True,10531,1,False,False,False,False,0.19999998807907104,1.0,0.6415606141090393,10,3329
7216,13,7,4,True,10531,1,False,False,False,False,0.4898979365825653,3.0,0.6219324469566345,10,6271
7216,14,4,7,True,10531,1,False,False,False,False,0.19999998807907104,1.0,0.37094470858573914,5,6081
7216,15,10,1,True,10531,1,False,True,True,True,0.0,0.0,0.7924644947052002,10,8060
7216,16,1,10,False,1,1,True,False,False,False,1.2806247472763062,10.0,1.2807809114456177,11,53
7216,17,8,3,True,10531,1,False,True,True,True,0.0,0.0,0.6092618703842163,8,9382
7216,18,7,4,True,10531,2,False,False,False,False,0.20000001788139343,1.0,0.6023288369178772,8,9382
7216,19,1,10,False,1620,13,True,True,True,True,0.0,0.0,0.02000001072883606,1,2790
7216,20,3,8,False,1,1,True,False,False,False,0.7745966911315918,7.0,0.7753708958625793,10,8997
7216,21,2,9,False,23,6,True,False,False,False,0.2828426957130432,2.0,0.28425338864326477,4,722
7216,22,4,7,True,10531,2,False,True,True,True,0.0,0.0,0.4214261770248413,4,4043
7216,23,10,1,True,10531,2,False,False,False,False,0.19999998807907104,1.0,0.7668116092681885,11,3329
7216,24,9,2,True,10531,1,False,False,False,False,0.4472135603427887,2.0,0.701141893863678,11,4853
7216,25,4,7,True,10531,2,False,False,False,False,0.19999998807907104,1.0,0.3709447383880615,5,9508
7216,26,5,6,True,10531,1,False,False,False,False,0.20000001788139343,1.0,0.6016644239425659,6,9950
7216,27,6,5,True,10531,3,False,False,False,False,0.20000001788139343,1.0,0.6019967198371887,7,8305
7216,28,8,3,True,10531,1,False,False,False,False,0.4472135901451111,2.0,0.7233256697654724,10,9382
7216,29,11,0,True,10531,1,False,,,,,,0.7927168607711792,11,8060
7216,30,5,6,True,10531,4,False,False,False,False,0.3464101552963257,3.0,0.4669046700000763,8,2673
7216,31,10,1,True,10531,1,False,True,True,True,0.0,0.0,0.8221921920776367,10,7267
7482,0,6,5,True,10531,1,False,False,False,False,0.2828426957130432,2.0,0.4223741888999939,8,698
7482,1,10,1,True,10531,1,False,False,False,False,0.6000000238418579,1.0,0.7771744132041931,11,8060
7482,2,9,2,True,10531,1,False,False,False,False,0.4000000059604645,1.0,0.6352952122688293,10,4075
7482,3,11,0,True,10531,1,False,,,,,,0.7927168607711792,11,8060
7482,4,4,7,True,10531,1,False,True,True,True,0.0,0.0,0.4749737083911896,4,7176
7482,5,8,3,True,10531,1,False,False,False,False,0.44721361994743347,2.0,0.8361818790435791,10,1969
7482,6,8,3,True,10531,2,False,True,True,True,0.0,0.0,0.7610518932342529,8,6271
7482,7,11,0,True,10531,1,False,,,,,,0.7927168607711792,11,8060
7482,8,1,10,False,53,1,True,False,False,False,0.5656854510307312,2.0,0.5660389065742493,3,9647
7482,9,8,3,True,10531,2,False,False,False,False,0.4000000059604645,1.0,0.8119113445281982,9,3329
7482,10,2,9,False,25,1,True,False,False,False,0.6324555277824402,4.0,0.633087694644928,6,7830
7482,11,3,8,True,10531,1,False,False,False,False,0.2828426957130432,2.0,0.42095130681991577,5,5166
7482,12,9,2,True,10531,1,False,False,False,False,0.40000003576278687,1.0,0.6720119118690491,10,4075
7482,13,4,7,True,10531,1,False,False,False,False,0.2828426957130432,2.0,0.5946427583694458,6,5694
7482,14,5,6,True,10531,2,False,False,False,False,0.19999998807907104,1.0,0.7000000476837158,6,5670
7482,15,8,3,True,10531,1,False,False,False,False,0.19999998807907104,1.0,0.6026607751846313,9,6047
7482,16,6,5,True,10531,1,False,False,False,False,0.4898979663848877,3.0,0.7499333620071411,9,9950
7482,17,11,0,True,10531,1,False,,,,,,0.7927168607711792,11,8060
7482,18,2,9,True,10531,1,False,False,False,False,0.19999998807907104,1.0,0.5145872235298157,3,7176
7482,19,1,10,False,3,1,True,False,False,False,1.058300495147705,8.0,1.058489441871643,9,8997
7482,20,4,7,True,10531,1,False,False,False,False,0.2828426957130432,2.0,0.5946427583694458,6,8306
7482,21,1,10,False,26,1,True,False,False,False,0.6324555277824402,4.0,0.6327716708183289,5,7830
7482,22,6,5,True,10531,1,False,False,False,False,0.6000000238418579,1.0,0.7761443257331848,7,4295
7482,23,10,1,True,10531,1,False,True,True,True,0.0,0.0,0.761577308177948,10,6271
7482,24,10,1,True,10531,1,False,True,True,True,0.0,0.0,0.7720103859901428,10,1969
7482,25,2,9,False,25,1,True,False,False,False,0.632455587387085,4.0,0.633087694644928,6,7830
7482,26,8,3,True,10531,1,False,False,False,False,0.44721361994743347,2.0,0.700856626033783,10,4853
7482,27,11,0,True,10531,1,False,,,,,,0.7927168607711792,11,8060
7482,28,10,1,True,10531,1,False,True,True,True,0.0,0.0,0.5403702259063721,10,4075
7482,29,9,2,True,10531,2,False,False,False,False,0.19999998807907104,1.0,0.6415606141090393,10,3329
7482,30,9,2,True,10531,1,False,True,True,True,0.0,0.0,0.7922121286392212,9,8060
7482,31,4,7,True,10531,1,False,False,False,False,0.2828426957130432,2.0,0.5946427583694458,6,1163
7992,0,1,10,False,1620,3,True,False,False,False,0.4000000059604645,1.0,0.40049970149993896,2,7344
7992,1,9,2,True,10531,1,False,True,True,True,0.0,0.0,0.7400000095367432,9,3329
7992,2,9,2,True,10531,2,False,False,False,False,0.19999998807907104,1.0,0.7665507793426514,10,9382
7992,3,3,8,True,10531,1,False,False,False,False,0.4898979365825653,6.0,0.6820557117462158,9,8008
7992,4,7,4,True,10531,1,False,False,False,False,0.3464101552963257,3.0,0.6023287773132324,10,4853
7992,5,8,3,True,10531,1,False,False,False,False,0.2828426957130432,2.0,0.5245950818061829,10,8997
7992,6,2,9,False,1,1,True,False,False,False,1.3114876747131348,9.0,1.3117927312850952,11,53
7992,7,9,2,True,10531,1,False,False,False,False,0.2828426957130432,2.0,0.8411896228790283,11,4853
7992,8,4,7,True,10531,1,False,False,False,False,0.20000000298023224,1.0,0.3709447383880615,5,10226
7992,9,7,4,True,10531,1,False,False,False,False,0.19999998807907104,1.0,0.48456165194511414,8,1969
7992,10,1,10,False,2992,59,True,True,True,True,0.0,0.0,0.019999995827674866,1,7989
7992,11,3,8,True,10531,1,False,False,False,False,0.3464101552963257,3.0,0.6270566582679749,6,1163
7992,12,8,3,True,10531,1,False,False,False,False,0.2828426957130432,2.0,0.6717142462730408,10,5069
7992,13,10,1,True,10531,1,False,True,True,True,0.0,0.0,0.7924644947052002,10,8060
7992,14,6,5,True,10531,8,False,False,False,False,0.4472135901451111,2.0,0.6887670159339905,8,5400
7992,15,9,2,True,10531,2,False,False,False,False,0.19999998807907104,1.0,0.7665507793426514,10,3329
7992,16,6,5,True,10531,1,False,False,False,False,0.2828426957130432,2.0,0.6711184978485107,8,5293
7992,17,10,1,True,10531,1,False,False,False,False,0.19999998807907104,1.0,0.5761944055557251,11,4075
7992,18,3,8,True,10531,1,False,False,False,False,0.3999999761581421,4.0,0.5524490475654602,7,5293
7992,19,3,8,False,1,1,True,False,False,False,0.9165151715278625,7.0,0.9171695709228516,10,26
7992,20,5,6,True,10531,2,False,False,False,False,0.2828426957130432,2.0,0.4753945469856262,7,5292
7992,21,6,5,True,10531,6,False,False,False,False,0.19999998807907104,1.0,0.6019967198371887,7,3918
7992,22,7,4,True,10531,1,False,False,False,False,0.4472135901451111,2.0,0.7555131316184998,9,1969
7992,23,8,3,True,10531,1,False,False,False,False,0.5656854510307312,2.0,0.7177743315696716,10,8060
7992,24,1,10,False,53,1,True,False,False,False,0.4898979365825653,3.0,0.49030601978302,4,406
7992,25,5,6,True,10531,1,False,False,False,False,0.4898979663848877,3.0,0.6587867736816406,8,4075
7992,26,9,2,True,10531,2,False,True,True,True,0.0,0.0,0.7400000095367432,9,9382
7992,27,3,8,True,10531,2,False,True,True,True,0.0,0.0,0.4745524525642395,3,4705
7992,28,8,3,True,10531,1,False,False,False,False,0.19999998807907104,1.0,0.5321654081344604,9,5808
7992,29,5,6,True,10531,1,False,False,False,False,0.6324555277824402,4.0,0.7707139849662781,9,4075
7992,30,2,9,False,23,3,True,False,False,False,0.7211102843284607,2.0,0.7216647863388062,4,723
7992,31,4,7,True,10531,2,False,False,False,False,0.2828426957130432,2.0,0.727736234664917,6,6874
932,0,9,2,True,10531,1,False,False,False,False,0.4472135901451111,2.0,0.6660330295562744,11,4075
932,1,4,7,True,10531,12,False,False,False,False,0.2828426957130432,2.0,0.4749736785888672,6,8888
932,2,6,5,True,10531,1,False,False,False,False,0.19999998807907104,1.0,0.6651315689086914,7,7830
932,3,6,5,True,10531,1,False,False,False,False,0.19999998807907104,1.0,0.4317406713962555,7,8296
932,4,11,0,True,10531,1,False,,,,,,0.7927168607711792,11,8060
932,5,10,1,True,10531,2,False,True,True,True,0.0,0.0,0.7402702569961548,10,9382
932,6,2,9,False,4,1,True,False,False,False,0.9591662883758545,6.0,0.9595832824707031,8,6271
932,7,9,2,True,10531,1,False,False,False,False,0.4472135901451111,2.0,0.6289674043655396,11,8060
932,8,6,5,True,10531,2,False,False,False,False,0.4898979365825653,3.0,0.7499333620071411,9,7204
932,9,11,0,True,10531,1,False,,,,,,0.7927168607711792,11,8060
932,10,9,2,True,10531,1,False,False,False,False,0.4000000059604645,1.0,0.8411896824836731,10,1969
932,11,6,5,True,10531,1,False,False,False,False,0.2828426957130432,2.0,0.7282856702804565,8,5840
932,12,9,2,True,10531,1,False,False,False,False,0.4000000059604645,1.0,0.8316249251365662,10,6271
932,13,8,3,True,10531,1,False,False,False,False,0.4472135901451111,2.0,0.6657326817512512,10,7267
932,14,3,8,True,10531,2,False,False,False,False,0.19999998807907104,1.0,0.2986636757850647,4,8472
932,15,9,2,True,10531,1,False,False,False,False,0.4472135901451111,2.0,0.6289674043655396,11,8060
932,16,7,4,True,10531,1,False,False,False,False,0.3464101552963257,3.0,0.5610703825950623,10,5293
932,17,3,8,True,10531,1,False,True,True,True,0.0,0.0,0.6936858296394348,3,3959
932,18,9,2,True,10531,1,False,True,True,True,0.0,0.0,0.6477653980255127,9,1969
932,19,8,3,True,10531,1,False,False,False,False,0.19999998807907104,1.0,0.6412488222122192,9,9382
932,20,7,4,True,10531,1,False,False,False,False,0.3999999761581421,4.0,0.595650851726532,11,4853
932,21,10,1,True,10531,1,False,True,True,True,0.0,0.0,0.7402702569961548,10,8997
932,22,1,10,False,1620,5,True,False,False,False,0.19999998807907104,1.0,0.2009975016117096,2,2746
932,23,11,0,True,10531,1,False,,,,,,0.7927168607711792,11,8060
932,24,4,7,True,10531,1,False,True,True,True,0.0,0.0,0.31240999698638916,4,3346
932,25,8,3,True,10531,2,False,False,False,False,0.2828426957130432,2.0,0.8409518599510193,10,5670
932,26,5,6,True,10531,1,False,False,False,False,0.2828426957130432,2.0,0.4753945469856262,7,563
932,27,4,7,True,10531,1,False,False,False,False,0.3464101552963257,3.0,0.6273754835128784,7,1960
932,28,3,8,False,7,1,True,False,False,False,0.4898979663848877,3.0,0.4911211431026459,6,8865
932,29,5,6,True,10531,1,False,False,False,False,0.4472135901451111,2.0,0.7224956750869751,7,8050
932,30,9,2,True,10531,1,False,True,True,True,0.0,0.0,0.7400000095367432,9,8997
932,31,2,9,False,1,1,True,False,False,False,1.1135529279708862,9.0,1.1139119863510132,11,53
1099,0,6,5,True,10531,1,False,False,False,False,0.19999998807907104,1.0,0.531413197517395,7,7065
1099,1,8,3,True,10531,1,False,False,False,False,0.19999998807907104,1.0,0.6412488222122192,9,3329
1099,2,7,4,True,10531,1,False,False,False,False,0.4898979663848877,3.0,0.6219324469566345,10,8060
1099,3,8,3,True,10531,1,False,False,False,False,0.19999998807907104,1.0,0.6412488222122192,9,8997
1099,4,1,10,False,26,1,True,False,False,False,0.6000000238418579,6.0,0.6003332734107971,7,7830
1099,5,9,2,True,10531,1,False,False,False,False,0.20000001788139343,1.0,0.5325410962104797,10,4075
1099,6,3,8,True,10531,2,False,False,False,False,0.19999998807907104,1.0,0.3704051673412323,4,6059
1099,7,11,0,True,10531,1,False,,,,,,0.7927168607711792,11,8060
1099,8,1,10,False,53,1,True,False,False,False,0.3464101552963257,3.0,0.3469870388507843,4,9647
1099,9,2,9,False,25,1,True,False,False,False,0.6000000238418579,6.0,0.600666344165802,8,7830
1099,10,8,3,True,10531,1,False,False,False,False,0.2828426957130432,2.0,0.7610518932342529,10,9382
1099,11,2,9,True,10531,3,False,False,False,False,0.19999998807907104,1.0,0.4656178951263428,3,2015
1099,12,3,8,True,10531,1,False,False,False,False,0.4000000059604645,4.0,0.5071489214897156,7,9896
1099,13,7,4,True,10531,1,False,False,False,False,0.2828426957130432,2.0,0.6948381662368774,9,5640
1099,14,6,5,True,10531,1,False,True,True,True,0.0,0.0,0.5238320827484131,6,2963
1099,15,1,10,False,5,1,True,False,False,False,0.6633250117301941,5.0,0.6636264324188232,6,6271
1099,16,2,9,False,7,1,True,False,False,False,0.9591662883758545,4.0,0.9595832824707031,6,8865
1099,17,5,6,True,10531,1,False,False,False,False,0.2828426957130432,2.0,0.5531727075576782,7,5640
1099,18,1,10,False,26,1,True,False,False,False,0.6000000238418579,6.0,0.6003332734107971,7,7830
1099,19,8,3,True,10531,1,False,True,True,True,0.0,0.0,0.5685068368911743,8,6047
1099,20,1,10,False,10495,5,True,True,True,True,0.0,0.0,0.019999980926513672,1,1757
1099,21,5,6,True,10531,1,False,False,False,False,0.2828426957130432,2.0,0.5234500765800476,7,1025
1099,22,11,0,True,10531,1,False,,,,,,0.7927168607711792,11,8060
1099,23,3,8,True,10531,1,False,False,False,False,0.2828426957130432,2.0,0.4745524227619171,5,9295
1099,24,6,5,True,10531,1,False,False,False,False,0.2828426957130432,2.0,0.5238320231437683,8,8997
1099,25,9,2,True,10531,1,False,True,True,True,0.0,0.0,0.7613146305084229,9,6271
1099,26,1,10,False,1620,3,True,False,False,False,0.4472135901451111,2.0,0.4476605951786041,3,5239
1099,27,2,9,False,1,1,True,False,False,False,1.216552495956421,8.0,1.216881275177002,10,53
1099,28,11,0,True,10531,1,False,,,,,,0.7927168607711792,11,8060
1099,29,1,10,False,1,1,True,False,False,False,1.2806248664855957,9.0,1.2807810306549072,10,53
1099,30,6,5,True,10531,2,False,False,False,False,0.20000001788139343,1.0,0.6651316285133362,7,9536
1099,31,1,10,False,23,1,True,False,False,False,0.4898979365825653,6.0,0.49030598998069763,7,2244
235,0,1,10,False,23,1,True,False,False,False,0.5656853914260864,5.0,0.5660388469696045,6,2244
235,1,9,2,True,10531,2,False,True,True,True,0.0,0.0,0.7400000095367432,9,9382
235,2,3,8,True,10531,3,False,False,False,False,0.3999999761581421,4.0,0.5071489214897156,7,5410
235,3,11,0,True,10531,1,False,,,,,,0.7927168607711792,11,8060
235,4,10,1,True,10531,2,False,False,False,False,0.19999998807907104,1.0,0.7668116092681885,11,3329
235,5,11,0,True,10531,1,False,,,,,,0.7927168607711792,11,8060
235,6,8,3,True,10531,1,False,False,False,False,0.19999998807907104,1.0,0.5321654081344604,9,5808
235,7,11,0,True,10531,1,False,,,,,,0.7927168607711792,11,8060
235,8,6,5,True,10531,1,False,False,False,False,0.3464101552963257,3.0,0.6280127763748169,9,8997
235,9,8,3,True,10531,1,False,False,False,False,0.20000001788139343,1.0,0.6026607751846313,9,3329
235,10,4,7,False,1,1,True,False,False,False,1.058300495147705,7.0,1.0590561628341675,11,53
235,11,1,10,False,10495,17,True,True,True,True,0.0,0.0,0.019999980926513672,1,6034
235,12,9,2,True,10531,1,False,True,True,True,0.0,0.0,0.6095900535583496,9,3329
235,13,6,5,True,10531,2,False,False,False,False,0.19999998807907104,1.0,0.601996660232544,7,8305
235,14,3,8,False,3,1,True,False,False,False,0.7483315467834473,8.0,0.7491328716278076,11,4853
235,15,4,7,True,10531,1,False,False,False,False,0.3464101552963257,3.0,0.46647611260414124,7,8085
235,16,5,6,True,10531,1,False,False,False,False,0.19999998807907104,1.0,0.48373544216156006,6,7285
235,17,2,9,False,2,1,True,False,False,False,0.8717797994613647,7.0,0.8722385168075562,9,6271
235,18,11,0,True,10531,1,False,,,,,,0.7927168607711792,11,8060
235,19,2,9,False,1,1,True,False,False,False,1.058300495147705,8.0,1.058678388595581,10,26
235,20,4,7,True,10531,1,False,False,False,False,0.2828426957130432,2.0,0.5946427583694458,6,7254
235,21,7,4,True,10531,1,False,False,False,False,0.19999998807907104,1.0,0.48456165194511414,8,3329
235,22,2,9,False,294,4,True,True,True,True,0.0,0.0,0.028284266591072083,2,12
235,23,7,4,True,10531,1,False,False,False,False,0.2828427255153656,2.0,0.5956509709358215,9,8997
235,24,9,2,True,10531,1,False,False,False,False,0.19999998807907104,1.0,0.5758472084999084,10,4075
235,25,9,2,True,10531,1,False,False,False,False,0.2828426957130432,2.0,0.5249761939048767,11,6271
235,26,4,7,True,10531,3,False,False,False,False,0.3464101552963257,3.0,0.46647611260414124,7,237
235,27,3,8,True,10531,1,False,False,False,False,0.40000003576278687,1.0,0.6581793427467346,4,7206
235,28,7,4,True,10531,1,False,False,False,False,0.19999998807907104,1.0,0.73403000831604,8,8997
235,29,3,8,False,2,1,True,False,False,False,0.4472135901451111,5.0,0.4485532343387604,8,8997
235,30,4,7,True,10531,1,False,False,False,False,0.19999998807907104,1.0,0.3709447383880615,5,6007
235,31,4,7,True,10531,3,False,False,False,False,0.2828426957130432,2.0,0.6939740777015686,6,5840
3464,0,6,5,True,10531,1,False,False,False,False,0.2828427255153656,2.0,0.760526180267334,8,1954
3464,1,1,10,False,53,8,True,False,False,False,0.20000001788139343,1.0,0.20099753141403198,2,6618
3464,2,9,2,True,10531,2,False,False,False,False,0.19999998807907104,1.0,0.7665507793426514,10,3329
3464,3,9,2,True,10531,1,False,False,False,False,0.20000001788139343,1.0,0.7665507793426514,10,1969
3464,4,4,7,True,10531,3,False,False,False,False,0.19999998807907104,1.0,0.3709447383880615,5,1027
3464,5,1,10,False,2992,8,True,True,True,True,0.0,0.0,0.019999995827674866,1,8447
3464,6,10,1,True,10531,1,False,True,True,True,0.0,0.0,0.7924644947052002,10,8060
3464,7,8,3,True,10531,1,False,False,False,False,0.2828427255153656,2.0,0.5245950818061829,10,8060
3464,8,2,9,False,23,3,True,True,True,True,0.0,0.0,0.02828427590429783,2,9130
3464,9,9,2,True,10531,1,False,False,False,False,0.19999998807907104,1.0,0.6779381036758423,10,1969
3464,10,9,2,True,10531,1,False,True,True,True,0.0,0.0,0.6477653980255127,9,1969
3464,11,10,1,True,10531,1,False,True,True,True,0.0,0.0,0.7924644947052002,10,8060
3464,12,1,10,False,5,1,True,False,False,False,0.8485281467437744,7.0,0.8487638831138611,8,8997
3464,13,8,3,True,10531,1,False,True,True,True,0.0,0.0,0.7919595837593079,8,2163
3464,14,1,10,False,573,4,True,False,False,False,0.2828426957130432,2.0,0.28354892134666443,3,7750
3464,15,6,5,True,10531,4,False,True,True,True,0.0,0.0,0.5238320827484131,6,9239
3464,16,1,10,False,2992,8,True,True,True,True,0.0,0.0,0.019999995827674866,1,8331
3464,17,3,8,True,10531,1,False,False,False,False,0.2828427255153656,2.0,0.42095133662223816,5,7604
3464,18,6,5,True,10531,1,False,True,True,True,0.0,0.0,0.3136877417564392,6,5991
3464,19,1,10,False,5,1,True,False,False,False,0.8485281467437744,7.0,0.8487638831138611,8,8997
3464,20,8,3,True,10531,1,False,False,False,False,0.2828426957130432,2.0,0.6717142462730408,10,3329
3464,21,2,9,True,10531,2,False,False,False,False,0.34641018509864807,3.0,0.4656178951263428,5,2841
3464,22,6,5,True,10531,1,False,True,True,True,0.0,0.0,0.6468384861946106,6,9950
3464,23,6,5,True,10531,1,False,False,False,False,0.2828427255153656,2.0,0.8114185333251953,8,2163
3464,24,2,9,False,1,1,True,False,False,False,1.1661903858184814,9.0,1.1665332317352295,11,53
3464,25,2,9,False,1,1,True,False,False,False,0.2828426957130432,2.0,0.28425338864326477,4,6335
3464,26,5,6,True,10531,1,False,False,False,False,0.2828426957130432,2.0,0.5234500765800476,7,4295
3464,27,3,8,True,10531,1,False,False,False,False,0.2828427255153656,2.0,0.42095133662223816,5,7604
3464,28,10,1,True,10531,1,False,False,False,False,0.20000001788139343,1.0,0.7874007821083069,11,8060
3464,29,7,4,True,10531,1,False,True,True,True,0.0,0.0,0.7394593358039856,7,1969
3464,30,10,1,True,10531,1,False,False,False,False,0.3999999761581421,1.0,0.6723094582557678,11,4075
3464,31,4,7,True,10531,6,False,False,False,False,0.2828426957130432,2.0,0.4214261472225189,6,6011
1730,0,8,3,True,10531,1,False,False,False,False,0.19999998807907104,1.0,0.6412488222122192,9,296
1730,1,10,1,True,10531,1,False,True,True,True,0.0,0.0,0.7924644947052002,10,8060
1730,2,7,4,True,10531,1,False,False,False,False,0.4472135901451111,2.0,0.755513072013855,9,5808
1730,3,1,10,False,1620,5,True,False,False,False,0.19999998807907104,1.0,0.2009975016117096,2,5001
1730,4,6,5,True,10531,1,False,False,False,False,0.3464101552963257,3.0,0.5607138276100159,9,10496
1730,5,2,9,False,4,1,True,False,False,False,1.0198038816452026,6.0,1.0201960802078247,8,6271
1730,6,11,0,True,10531,1,False,,,,,,0.7927168607711792,11,8060
1730,7,2,9,False,49,1,True,True,True,True,0.0,0.0,0.02828427590429783,2,6475
1730,8,4,7,False,2,2,True,False,False,False,0.6928202509880066,6.0,0.6939740180969238,10,7520
1730,9,4,7,True,10531,3,False,False,False,False,0.2828426957130432,2.0,0.35999995470046997,6,10044
1730,10,8,3,True,10531,1,False,False,False,False,0.5656853914260864,2.0,0.6835203170776367,10,6271
1730,11,1,10,False,10495,21,True,True,True,True,0.0,0.0,0.019999980926513672,1,9006
1730,12,8,3,True,10531,1,False,False,False,False,0.19999998807907104,1.0,0.6412488222122192,9,9382
1730,13,5,6,True,10531,2,False,False,False,False,0.19999998807907104,1.0,0.5603570342063904,6,6005
1730,14,2,9,False,49,1,True,True,True,True,0.0,0.0,0.02828427590429783,2,6475
1730,15,9,2,True,10531,1,False,True,True,True,0.0,0.0,0.7717512845993042,9,9950
1730,16,7,4,True,10531,1,False,False,False,False,0.2828426957130432,2.0,0.7607890963554382,9,6874
1730,17,11,0,True,10531,1,False,,,,,,0.7927168607711792,11,8060
1730,18,6,5,True,10531,1,False,False,False,False,0.2828426957130432,2.0,0.634350061416626,8,10091
1730,19,8,3,True,10531,1,False,False,False,False,0.19999998807907104,1.0,0.7662897706031799,9,2669
1730,20,9,2,True,10531,2,False,False,False,False,0.19999998807907104,1.0,0.7665507793426514,10,3329
1730,21,5,6,True,10531,9,False,False,False,False,0.19999998807907104,1.0,0.6016644239425659,6,3907
1730,22,8,3,True,10531,1,False,False,False,False,0.5656853914260864,2.0,0.6835203170776367,10,6271
1730,23,3,8,False,1,1,True,False,False,False,1.0954450368881226,8.0,1.0959926843643188,11,53
1730,24,2,9,False,7,1,True,False,False,False,0.2828426957130432,2.0,0.28425338864326477,4,406
1730,25,8,3,True,10531,1,False,True,True,True,0.0,0.0,0.5685068368911743,8,6344
1730,26,3,8,False,1,1,True,False,False,False,1.0954450368881226,8.0,1.0959926843643188,11,53
1730,27,6,5,True,10531,1,False,False,False,False,0.5291503071784973,4.0,0.6529931426048279,10,8060
1730,28,6,5,True,10531,1,False,False,False,False,0.2828426957130432,2.0,0.5238320231437683,8,5293
1730,29,8,3,True,10531,1,False,False,False,False,0.19999998807907104,1.0,0.6412488222122192,9,5293
1730,30,9,2,True,10531,1,False,False,False,False,0.20000001788139343,1.0,0.7871467471122742,10,8060
1730,31,10,1,True,10531,1,False,True,True,True,0.0,0.0,0.7402702569961548,10,8997
3329,0,10,1,True,10531,1,False,True,True,True,0.0,0.0,0.7924644947052002,10,8060
3329,1,10,1,True,10531,1,False,True,True,True,0.0,0.0,0.7924644947052002,10,8060
3329,2,6,5,True,10531,1,False,True,True,True,0.0,0.0,0.5238320827484131,6,3329
3329,3,5,6,True,10531,1,False,False,False,False,0.2828427255153656,2.0,0.6340346932411194,7,7204
3329,4,9,2,True,10531,2,False,True,True,True,0.0,0.0,0.6095900535583496,9,9382
3329,5,10,1,True,10531,1,False,True,True,True,0.0,0.0,0.7924644947052002,10,8060
3329,6,2,9,False,52,1,True,False,False,False,0.4898979663848877,3.0,0.49071377515792847,5,423
3329,7,10,1,True,10531,1,False,True,True,True,0.0,0.0,0.7924644947052002,10,8060
3329,8,9,2,True,10531,2,False,True,True,True,0.0,0.0,0.7400000095367432,9,3329
3329,9,3,8,False,1,1,True,False,False,False,0.8485281467437744,7.0,0.8492349982261658,10,26
3329,10,7,4,True,10531,1,False,False,False,False,0.2828427255153656,2.0,0.634665310382843,9,9382
3329,11,4,7,True,10531,1,False,True,True,True,0.0,0.0,0.6705222129821777,4,3329
3329,12,11,0,True,10531,1,False,,,,,,0.7927168607711792,11,8060
3329,13,10,1,True,10531,1,False,True,True,True,0.0,0.0,0.761577308177948,10,8060
3329,14,7,4,True,10531,1,False,False,False,False,0.4000000059604645,1.0,0.634665310382843,8,8060
3329,15,9,2,True,10531,1,False,True,True,True,0.0,0.0,0.7922121286392212,9,8060
3329,16,8,3,True,10531,1,False,True,True,True,0.0,0.0,0.7610518932342529,8,8060
3329,17,7,4,True,10531,1,False,False,False,False,0.44721361994743347,2.0,0.546626091003418,9,8060
3329,18,3,8,True,10531,1,False,False,False,False,0.20000001788139343,1.0,0.4303487241268158,4,7204
3329,19,11,0,True,10531,1,False,,,,,,0.7927168607711792,11,8060
3329,20,11,0,True,10531,1,False,,,,,,0.7927168607711792,11,8060
3329,21,6,5,True,10531,1,False,False,False,False,0.4000000059604645,1.0,0.5953150987625122,7,8060
3329,22,5,6,True,10531,1,False,True,True,True,0.0,0.0,0.5674504637718201,5,3329
3329,23,1,10,False,23,1,True,False,False,False,1.0198038816452026,7.0,1.0199999809265137,8,5775
3329,24,7,4,True,10531,1,False,True,True,True,0.0,0.0,0.6089335083961487,7,3329
3329,25,7,4,True,10531,1,False,False,False,False,0.4000000059604645,1.0,0.5087239146232605,8,8060
3329,26,9,2,True,10531,1,False,True,True,True,0.0,0.0,0.7922120690345764,9,8060
3329,27,11,0,True,10531,1,False,,,,,,0.7927168607711792,11,8060
3329,28,9,2,True,10531,1,False,False,False,False,0.4000000059604645,1.0,0.6352952122688293,10,8060
3329,29,7,4,True,10531,1,False,False,False,False,0.44721361994743347,2.0,0.5888972878456116,9,8060
3329,30,9,2,True,10531,1,False,True,True,True,0.0,0.0,0.7068239450454712,9,3329
3329,31,9,2,True,10531,1,False,True,True,True,0.0,0.0,0.7613146305084229,9,8060
8438,0,1,10,False,573,6,True,False,False,False,0.2828426957130432,2.0,0.28354892134666443,3,4043
8438,1,5,6,True,10531,1,False,True,True,True,0.0,0.0,0.6082762479782104,5,1957
8438,2,7,4,True,10531,1,False,False,False,False,0.2828426957130432,2.0,0.7607890963554382,9,2669
8438,3,5,6,True,10531,1,False,True,True,True,0.0,0.0,0.382099449634552,5,5694
8438,4,11,0,True,10531,1,False,,,,,,0.7927168607711792,11,8060
8438,5,3,8,True,10531,1,False,False,False,False,0.3464101552963257,3.0,0.6270565986633301,6,927
8438,6,3,8,True,10531,7,False,False,False,False,0.3464101552963257,3.0,0.5451605319976807,6,3914
8438,7,6,5,True,10531,1,False,False,False,False,0.2828426957130432,2.0,0.7605261206626892,8,6874
8438,8,9,2,True,10531,1,False,True,True,True,0.0,0.0,0.8219488859176636,9,7267
8438,9,2,9,False,510,6,True,False,False,False,0.2828426957130432,2.0,0.28425338864326477,4,5105
8438,10,6,5,True,10531,1,False,False,False,False,0.3999999761581421,4.0,0.5535340905189514,10,8997
8438,11,6,5,True,10531,3,False,False,False,False,0.19999998807907104,1.0,0.5607138276100159,7,3145
8438,12,3,8,True,10531,1,False,False,False,False,0.2828426957130432,2.0,0.3594439923763275,5,6335
8438,13,11,0,True,10531,1,False,,,,,,0.7927168607711792,11,8060
8438,14,9,2,True,10531,1,False,False,False,False,0.20000001788139343,1.0,0.8170679211616516,10,7267
8438,15,10,1,True,10531,1,False,True,True,True,0.0,0.0,0.8221921920776367,10,7267
8438,16,3,8,True,10531,1,False,False,False,False,0.3999999761581421,4.0,0.5071489214897156,7,2669
8438,17,9,2,True,10531,1,False,False,False,False,0.20000001788139343,1.0,0.7560423612594604,10,6271
8438,18,7,4,True,10531,1,False,False,False,False,0.2828426957130432,2.0,0.7285602688789368,9,9382
8438,19,4,7,True,10531,1,False,False,False,False,0.19999998807907104,1.0,0.2993325889110565,5,4144
8438,20,9,2,True,10531,1,False,True,True,True,0.0,0.0,0.7613146305084229,9,6271
8438,21,9,2,True,10531,1,False,False,False,False,0.20000001788139343,1.0,0.7871467471122742,10,8060
8438,22,4,7,True,10531,2,False,True,True,True,0.0,0.0,0.5670979022979736,4,3294
8438,23,7,4,True,10531,5,False,False,False,False,0.20000001788139343,1.0,0.561070442199707,8,9239
8438,24,6,5,True,10531,2,False,False,False,False,0.2828426957130432,2.0,0.5953150987625122,8,5292
8438,25,4,7,False,1,1,True,False,False,False,1.1832159757614136,7.0,1.1838918924331665,11,26
8438,26,10,1,True,10531,1,False,True,True,True,0.0,0.0,0.7924644947052002,10,8060
8438,27,4,7,True,10531,2,False,False,False,False,0.20000001788139343,1.0,0.430813193321228,5,1026
8438,28,9,2,True,10531,1,False,False,False,False,0.20000001788139343,1.0,0.8170679211616516,10,7267
8438,29,1,10,False,3,1,True,False,False,False,1.039230465888977,8.0,1.039422869682312,9,8997
8438,30,9,2,True,10531,1,False,False,False,False,0.2828426957130432,2.0,0.6720119118690491,11,3329
8438,31,11,0,True,10531,1,False,,,,,,0.7927168607711792,11,8060
4332,0,11,0,True,10531,1,False,,,,,,0.7927168607711792,11,8060
4332,1,7,4,True,10531,1,False,False,False,False,0.20000001788139343,1.0,0.8454585075378418,8,9961
4332,2,10,1,True,10531,2,False,False,False,False,0.19999998807907104,1.0,0.7668116688728333,11,9382
4332,3,1,10,False,1,1,True,False,False,False,1.4966628551483154,10.0,1.4967964887619019,11,53
4332,4,10,1,True,10531,2,False,True,True,True,0.0,0.0,0.7402702569961548,10,3329
4332,5,1,10,False,23,1,True,False,False,False,1.0954450368881226,8.0,1.0956276655197144,9,7950
4332,6,5,6,True,10531,1,False,True,True,True,0.0,0.0,0.5234501361846924,5,7379
4332,7,10,1,True,10531,1,False,True,True,True,0.0,0.0,0.7924644947052002,10,8060
4332,8,9,2,True,10531,1,False,False,False,False,0.4000000059604645,1.0,0.8411896824836731,10,1969
4332,9,2,9,False,2,1,True,False,False,False,0.8717797994613647,8.0,0.8722385168075562,10,8997
4332,10,1,10,False,23,1,True,False,False,False,1.0954450368881226,8.0,1.0956276655197144,9,7950
4332,11,11,0,True,10531,1,False,,,,,,0.7927168607711792,11,8060
4332,12,11,0,True,10531,1,False,,,,,,0.7927168607711792,11,8060
4332,13,2,9,False,2,1,True,False,False,False,1.3266499042510986,8.0,1.3269513845443726,10,26
4332,14,9,2,True,10531,1,False,False,False,False,0.4000000059604645,1.0,0.5963220596313477,10,8060
4332,15,1,10,False,53,2,True,True,True,True,0.0,0.0,0.019999995827674866,1,4256
4332,16,11,0,True,10531,1,False,,,,,,0.7927168607711792,11,8060
4332,17,3,8,True,10531,1,False,False,False,False,0.3464101552963257,3.0,0.5875372290611267,6,5839
4332,18,3,8,True,10531,1,False,False,False,False,0.3464101552963257,3.0,0.5451605319976807,6,423
4332,19,11,0,True,10531,1,False,,,,,,0.7927168607711792,11,8060
4332,20,9,2,True,10531,2,False,False,False,False,0.19999998807907104,1.0,0.7665507793426514,10,9382
4332,21,4,7,True,10531,1,False,False,False,False,0.3464101552963257,3.0,0.6273754835128784,7,1960
4332,22,5,6,True,10531,1,False,False,False,False,0.4472135901451111,5.0,0.6884766221046448,10,5293
4332,23,3,8,True,10531,5,False,False,False,False,0.2828426957130432,2.0,0.552449107170105,5,2350
4332,24,10,1,True,10531,1,False,True,True,True,0.0,0.0,0.7924644947052002,10,8060
4332,25,5,6,True,10531,1,False,False,False,False,0.19999998807907104,1.0,0.6016643643379211,6,2841
4332,26,10,1,True,10531,1,False,True,True,True,0.0,0.0,0.8221921920776367,10,7267
4332,27,1,10,False,5,1,True,False,False,False,1.058300495147705,9.0,1.058489441871643,10,8997
4332,28,1,10,False,3,1,True,False,False,False,1.058300495147705,9.0,1.058489441871643,10,8997
4332,29,2,9,False,540,2,True,False,False,False,0.2828426957130432,2.0,0.28425341844558716,4,7734
4332,30,7,4,True,10531,1,False,False,False,False,0.4898979663848877,3.0,0.5820652842521667,10,8060
4332,31,11,0,True,10531,1,False,,,,,,0.7927168607711792,11,8060
4213,0,1,10,False,26,3,True,False,False,False,0.2828426957130432,2.0,0.2835489511489868,3,723
4213,1,1,10,False,10495,91,True,True,True,True,0.0,0.0,0.019999980926513672,1,8498
4213,2,9,2,True,10531,1,False,False,False,False,0.2828426957130432,2.0,0.8411896228790283,11,4853
4213,3,6,5,True,10531,1,False,False,False,False,0.4472135901451111,2.0,0.8357033133506775,8,1954
4213,4,11,0,True,10531,1,False,,,,,,0.7927168607711792,11,8060
4213,5,3,8,True,10531,2,False,False,False,False,0.19999998807907104,1.0,0.2986637055873871,4,5640
4213,6,7,4,True,10531,1,False,False,False,False,0.4472135901451111,2.0,0.6890573501586914,9,9382
4213,7,8,3,True,10531,1,False,False,False,False,0.44721361994743347,2.0,0.5892367959022522,10,8060
4213,8,8,3,True,10531,1,False,False,False,False,0.19999998807907104,1.0,0.5321654081344604,9,4295
4213,9,6,5,True,10531,1,False,True,True,True,0.0,0.0,0.5678027868270874,6,9531
4213,10,4,7,True,10531,1,False,False,False,False,0.3464101552963257,3.0,0.5455272793769836,7,8316
4213,11,11,0,True,10531,1,False,,,,,,0.7927168607711792,11,8060
4213,12,2,9,True,10531,5,False,False,False,False,0.19999998807907104,1.0,0.2979932725429535,3,8728
4213,13,5,6,True,10531,1,False,True,True,True,0.0,0.0,0.4753945767879486,5,5656
4213,14,3,8,True,10531,2,False,False,False,False,0.3464101552963257,3.0,0.5149757266044617,6,878
4213,15,2,9,True,10531,2,False,False,False,False,0.20000001788139343,1.0,0.4656178951263428,3,5839
4213,16,1,10,False,3,1,True,False,False,False,0.8485282063484192,7.0,0.8487638831138611,8,8997
4213,17,10,1,True,10531,1,False,False,False,False,0.19999998807907104,1.0,0.846167802810669,11,4853
4213,18,1,10,False,10446,91,True,True,True,True,0.0,0.0,0.019999980926513672,1,9983
4213,19,1,10,False,53,1,True,False,False,False,0.2828426957130432,2.0,0.2835489511489868,3,7614
4213,20,3,8,True,10531,3,False,False,False,False,0.19999998807907104,1.0,0.3704051673412323,4,634
4213,21,4,7,True,10531,2,False,False,False,False,0.2828426957130432,2.0,0.5528109669685364,6,7340
4213,22,1,10,False,10495,91,True,True,True,True,0.0,0.0,0.019999980926513672,1,10413
4213,23,3,8,True,10531,1,False,False,False,False,0.2828426957130432,2.0,0.5071489214897156,5,6335
4213,24,3,8,False,3,1,True,False,False,False,0.19999998807907104,1.0,0.20297782123088837,4,424
4213,25,2,9,False,7,1,True,False,False,False,0.3464101552963257,3.0,0.3475629389286041,5,8865
4213,26,5,6,True,10531,1,False,False,False,False,0.2828426957130432,2.0,0.6340346932411194,7,6874
4213,27,1,10,False,23,1,True,False,False,False,0.9797959327697754,7.0,0.9800000190734863,8,7950
4213,28,1,10,False,10446,91,True,True,True,True,0.0,0.0,0.019999980926513672,1,2794
4213,29,9,2,True,10531,1,False,True,True,True,0.0,0.0,0.7717512845993042,9,9950
4213,30,5,6,True,10531,1,False,False,False,False,0.2828427255153656,2.0,0.5234501361846924,7,2163
4213,31,5,6,True,10531,1,False,False,False,False,0.20000001788139343,1.0,0.48373547196388245,6,9950
4242,0,8,3,True,10531,1,False,False,False,False,0.20000001788139343,1.0,0.7343024611473083,9,1969
4242,1,6,5,True,10531,1,False,False,False,False,0.2828426957130432,2.0,0.7282857298851013,8,9382
4242,2,5,6,True,10531,2,False,False,False,False,0.2828426957130432,2.0,0.4753945469856262,7,1027
4242,3,6,5,True,10531,2,False,True,True,True,0.0,0.0,0.6086049675941467,6,3294
4242,4,11,0,True,10531,1,False,,,,,,0.7927168607711792,11,8060
4242,5,1,10,False,1620,20,True,False,False,False,0.19999998807907104,1.0,0.2009975016117096,2,280
4242,6,3,8,True,10531,5,False,False,False,False,0.19999998807907104,1.0,0.3704051673412323,4,4437
4242,7,9,2,True,10531,2,False,False,False,False,0.19999998807907104,1.0,0.7665507793426514,10,9382
4242,8,5,6,True,10531,2,False,False,False,False,0.19999998807907104,1.0,0.43127715587615967,6,2841
4242,9,7,4,True,10531,1,False,False,False,False,0.2828426957130432,2.0,0.7607890963554382,9,9382
4242,10,11,0,True,10531,1,False,,,,,,0.7927168607711792,11,8060
4242,11,6,5,True,10531,1,False,False,False,False,0.2828426957130432,2.0,0.6945502758026123,8,5640
4242,12,6,5,True,10531,1,False,True,True,True,0.0,0.0,0.4923413395881653,6,1957
4242,13,1,10,False,573,4,True,False,False,False,0.19999998807907104,1.0,0.2009975016117096,2,7734
4242,14,9,2,True,10531,1,False,False,False,False,0.19999998807907104,1.0,0.6779380440711975,10,5808
4242,15,6,5,True,10531,1,False,False,False,False,0.4898979663848877,3.0,0.6216108202934265,9,8060
4242,16,2,9,False,294,2,True,False,False,False,0.19999998807907104,1.0,0.20199008285999298,3,9526
4242,17,6,5,False,1,1,True,False,False,False,0.8246211409568787,5.0,0.8260750770568848,11,26
4242,18,10,1,True,10531,1,False,True,True,True,0.0,0.0,0.7924644947052002,10,8060
4242,19,7,4,True,10531,1,False,False,False,False,0.2828427255153656,2.0,0.5681549310684204,9,7267
4242,20,1,10,False,2992,4,True,True,True,True,0.0,0.0,0.019999995827674866,1,10442
4242,21,9,2,True,10531,1,False,False,False,False,0.4472135901451111,2.0,0.6660330295562744,11,4075
4242,22,9,2,True,10531,1,False,False,False,False,0.4472135901451111,2.0,0.6660330295562744,11,4075
4242,23,7,4,True,10531,1,False,False,False,False,0.4000000059604645,1.0,0.5956509709358215,8,2163
4242,24,11,0,True,10531,1,False,,,,,,0.7927168607711792,11,8060
4242,25,8,3,True,10531,1,False,True,True,True,0.0,0.0,0.6092618703842163,8,296
4242,26,2,9,False,23,6,True,False,False,False,0.19999998807907104,1.0,0.20199008285999298,3,7911
4242,27,2,9,False,2932,4,True,True,True,True,0.0,0.0,0.028284255415201187,2,10442
4242,28,8,3,True,10531,1,False,False,False,False,0.2828427255153656,2.0,0.8409518599510193,10,7267
4242,29,3,8,True,10531,2,False,False,False,False,0.19999998807907104,1.0,0.3704051673412323,4,9243
4242,30,7,4,True,10531,2,False,False,False,False,0.19999998807907104,1.0,0.8165782690048218,8,10082
4242,31,1,10,False,1620,20,True,False,False,False,0.19999998807907104,1.0,0.2009975016117096,2,7089
6888,0,6,5,True,10531,1,False,False,False,False,0.19999998807907104,1.0,0.6019967198371887,7,5069
6888,1,9,2,True,10531,1,False,False,False,False,0.4472135901451111,2.0,0.6660330295562744,11,4075
6888,2,4,7,True,10531,1,False,False,False,False,0.2828426957130432,2.0,0.5946427583694458,6,2639
6888,3,1,10,False,5,1,True,False,False,False,0.800000011920929,7.0,0.8002499938011169,8,6271
6888,4,1,10,False,3,1,True,False,False,False,0.8246212005615234,8.0,0.8248637318611145,9,8997
6888,5,3,8,False,7,1,True,False,False,False,0.6324555277824402,4.0,0.6334035396575928,7,8865
6888,6,5,6,True,10531,1,False,False,False,False,0.2828426957130432,2.0,0.5949790477752686,7,2948
6888,7,6,5,True,10531,2,False,False,False,False,0.19999998807907104,1.0,0.4317406415939331,7,5292
6888,8,4,7,True,10531,1,False,False,False,False,0.2828426957130432,2.0,0.5528110265731812,6,2948
6888,9,9,2,True,10531,1,False,False,False,False,0.19999998807907104,1.0,0.6415606141090393,10,8997
6888,10,8,3,True,10531,1,False,False,False,False,0.2828426957130432,2.0,0.5685067772865295,10,9896
6888,11,1,10,False,2992,8,True,True,True,True,0.0,0.0,0.019999995827674866,1,1128
6888,12,1,10,False,26,1,True,False,False,False,0.4000000059604645,4.0,0.40049970149993896,5,7830
6888,13,10,1,True,10531,2,False,False,False,False,0.19999998807907104,1.0,0.7668116688728333,11,9382
6888,14,4,7,True,10531,1,False,False,False,False,0.3464101552963257,3.0,0.6273754835128784,7,8940
6888,15,1,10,False,5,1,True,False,False,False,0.800000011920929,7.0,0.8002499938011169,8,6271
6888,16,1,10,False,2992,8,True,True,True,True,0.0,0.0,0.019999995827674866,1,5693
6888,17,9,2,True,10531,1,False,False,False,False,0.20000001788139343,1.0,0.7871467471122742,10,8060
6888,18,7,4,True,10531,1,False,False,False,False,0.4472135901451111,2.0,0.6283311247825623,9,2228
6888,19,10,1,True,10531,2,False,True,True,True,0.0,0.0,0.7402702569961548,10,3329
6888,20,6,5,True,10531,2,False,False,False,False,0.2828426957130432,2.0,0.6945502758026123,8,10082
6888,21,10,1,True,10531,1,False,False,False,False,0.20000001788139343,1.0,0.7874007821083069,11,8060
6888,22,6,5,True,10531,1,False,False,False,False,0.3464101552963257,3.0,0.4673328697681427,9,6271
6888,23,7,4,True,10531,1,False,True,True,True,0.0,0.0,0.6714164614677429,7,9536
6888,24,3,8,False,7,1,True,False,False,False,0.4000000059604645,4.0,0.4014972150325775,7,9647
6888,25,6,5,True,10531,1,False,False,False,False,0.3464101552963257,3.0,0.5607138276100159,9,9896
6888,26,6,5,True,10531,1,False,False,False,False,0.4000000059604645,4.0,0.5535341501235962,10,4782
6888,27,10,1,True,10531,1,False,True,True,True,0.0,0.0,0.7924644947052002,10,8060
6888,28,10,1,True,10531,1,False,False,False,False,0.19999998807907104,1.0,0.5761944055557251,11,4075
6888,29,5,6,True,10531,1,False,False,False,False,0.2828426957130432,2.0,0.4219004213809967,7,5069
6888,30,4,7,True,10531,1,False,False,False,False,0.5291503071784973,4.0,0.6523802876472473,8,6271
6888,31,10,1,True,10531,1,False,True,True,True,0.0,0.0,0.761577308177948,10,6271
10330,0,1,10,False,573,1,True,True,True,True,0.0,0.0,0.019999995827674866,1,8018
10330,1,9,2,True,10531,1,False,True,True,True,0.0,0.0,0.49355849623680115,9,8060
10330,2,5,6,True,10531,1,False,True,True,True,0.0,0.0,0.3820994794368744,5,10226
10330,3,2,9,True,10531,3,False,False,False,False,0.19999998807907104,1.0,0.5145872235298157,3,4590
10330,4,8,3,True,10531,1,False,False,False,False,0.4898979067802429,3.0,0.6951258778572083,11,4853
10330,5,7,4,True,10531,3,False,False,False,False,0.2828426957130432,2.0,0.7607890963554382,9,5069
10330,6,4,7,True,10531,1,False,False,False,False,0.3464101552963257,3.0,0.5878775715827942,7,10478
10330,7,11,0,True,10531,1,False,,,,,,0.7927168607711792,11,8060
10330,8,11,0,True,10531,1,False,,,,,,0.7927168607711792,11,8060
10330,9,9,2,True,10531,1,False,False,False,False,0.19999998807907104,1.0,0.6779381036758423,10,1969
10330,10,8,3,True,10531,1,False,False,False,False,0.4000000059604645,1.0,0.8119113445281982,9,3329
10330,11,1,10,False,3,1,True,False,False,False,0.9591663479804993,7.0,0.9593747854232788,8,8997
10330,12,6,5,True,10531,1,False,False,False,False,0.3464101552963257,3.0,0.6280127167701721,9,8997
10330,13,2,9,False,1,1,True,False,False,False,1.2806248664855957,8.0,1.2809370756149292,10,26
10330,14,5,6,True,10531,3,False,True,True,True,0.0,0.0,0.382099449634552,5,2652
10330,15,11,0,True,10531,1,False,,,,,,0.7927168607711792,11,8060
10330,16,2,9,False,2,1,True,False,False,False,0.9591663479804993,7.0,0.9595832824707031,9,8997
10330,17,10,1,True,10531,1,False,True,True,True,0.0,0.0,0.8221921920776367,10,7267
10330,18,6,5,True,10531,1,False,True,True,True,0.0,0.0,0.6086049675941467,6,9700
10330,19,6,5,True,10531,1,False,False,False,False,0.2828426957130432,2.0,0.671118438243866,8,5808
10330,20,8,3,True,10531,1,False,False,False,False,0.4000000059604645,1.0,0.595986545085907,9,8060
10330,21,2,9,False,1,1,True,False,False,False,1.2489995956420898,9.0,1.2493197917938232,11,53
10330,22,5,6,True,10531,2,False,False,False,False,0.2828426957130432,2.0,0.5531726479530334,7,10082
10330,23,9,2,True,10531,1,False,True,True,True,0.0,0.0,0.6477653980255127,9,1969
10330,24,1,10,False,3,1,True,False,False,False,0.9591663479804993,7.0,0.9593747854232788,8,8997
10330,25,9,2,True,10531,2,False,False,False,False,0.19999998807907104,1.0,0.7665507793426514,10,3329
10330,26,11,0,True,10531,1,False,,,,,,0.7927168607711792,11,8060
10330,27,1,10,False,1620,22,True,True,True,True,0.0,0.0,0.02000001072883606,1,1985
10330,28,7,4,True,10531,1,False,False,False,False,0.20000001788139343,1.0,0.5317894220352173,8,7267
10330,29,11,0,True,10531,1,False,,,,,,0.7927168607711792,11,8060
10330,30,1,10,False,1,1,True,False,False,False,1.3114876747131348,10.0,1.3116401433944702,11,53
10330,31,2,9,False,52,4,True,False,False,False,0.2828426957130432,2.0,0.28425338864326477,4,2666
8130,0,1,10,False,1,1,True,False,False,False,1.496662974357605,10.0,1.4967966079711914,11,53
8130,1,8,3,True,10531,1,False,False,False,False,0.4472135901451111,2.0,0.6657326817512512,10,4075
8130,2,9,2,True,10531,1,False,False,False,False,0.20000001788139343,1.0,0.6415606141090393,10,9382
8130,3,2,9,True,10531,1,False,True,True,True,0.0,0.0,0.4741308093070984,2,4268
8130,4,2,9,True,10531,19,False,True,True,True,0.0,0.0,0.22090721130371094,2,514
8130,5,8,3,True,10531,2,False,True,True,True,0.0,0.0,0.7397297024726868,8,3329
8130,6,9,2,True,10531,1,False,False,False,False,0.20000001788139343,1.0,0.6415606141090393,10,9382
8130,7,9,2,True,10531,2,False,False,False,False,0.19999998807907104,1.0,0.7665507793426514,10,9382
8130,8,10,1,True,10531,1,False,True,True,True,0.0,0.0,0.761577308177948,10,6271
8130,9,5,6,True,10531,4,False,False,False,False,0.4472135901451111,2.0,0.6526867747306824,7,35
8130,10,2,9,False,1,1,True,False,False,False,1.3711308240890503,9.0,1.371422529220581,11,53
8130,11,10,1,True,10531,1,False,True,True,True,0.0,0.0,0.7720103859901428,10,1969
8130,12,8,3,True,10531,2,False,False,False,False,0.19999998807907104,1.0,0.6412488222122192,9,9382
8130,13,4,7,True,10531,6,False,True,True,True,0.0,0.0,0.38157567381858826,4,1966
8130,14,5,6,True,10531,1,False,False,False,False,0.44721361994743347,2.0,0.7224956750869751,7,296
8130,15,4,7,True,10531,1,False,False,False,False,0.2828426957130432,2.0,0.727736234664917,6,1960
8130,16,7,4,True,10531,1,False,False,False,False,0.19999998807907104,1.0,0.6409368515014648,8,5292
8130,17,4,7,True,10531,1,False,True,True,True,0.0,0.0,0.5230678915977478,4,4268
8130,18,11,0,True,10531,1,False,,,,,,0.7927168607711792,11,8060
8130,19,9,2,True,10531,1,False,False,False,False,0.4000000059604645,1.0,0.5963220596313477,10,8060
8130,20,4,7,True,10531,2,False,False,False,False,0.3464101552963257,3.0,0.5153639316558838,7,8333
8130,21,6,5,True,10531,1,False,False,False,False,0.4000000059604645,1.0,0.5953150987625122,7,2163
8130,22,8,3,True,10531,1,False,False,False,False,0.2828426957130432,2.0,0.7610518932342529,10,5293
8130,23,5,6,True,10531,2,False,False,False,False,0.4472135901451111,2.0,0.5458937883377075,7,9520
8130,24,10,1,True,10531,1,False,True,True,True,0.0,0.0,0.8221921920776367,10,7267
8130,25,11,0,True,10531,1,False,,,,,,0.7927168607711792,11,8060
8130,26,4,7,True,10531,1,False,False,False,False,0.6000000238418579,3.0,0.6399999856948853,7,6271
8130,27,10,1,True,10531,1,False,False,False,False,0.19999998807907104,1.0,0.846167802810669,11,4853
8130,28,11,0,True,10531,1,False,,,,,,0.7927168607711792,11,8060
8130,29,8,3,True,10531,1,False,False,False,False,0.4472135901451111,2.0,0.7233256697654724,10,3329
8130,30,4,7,True,10531,1,False,False,False,False,0.4898979365825653,3.0,0.716658890247345,7,7204
8130,31,9,2,True,10531,1,False,False,False,False,0.3999999761581421,1.0,0.6720119118690491,10,4075
5238,0,8,3,True,10531,1,False,False,False,False,0.2828426957130432,2.0,0.634980320930481,10,8997
5238,1,9,2,True,10531,1,False,False,False,False,0.20000001788139343,1.0,0.5325410962104797,10,8060
5238,2,1,10,False,10446,91,True,True,True,True,0.0,0.0,0.019999980926513672,1,10524
5238,3,6,5,True,10531,1,False,False,False,False,0.2828426957130432,2.0,0.5953150987625122,8,9382
5238,4,7,4,True,10531,1,False,False,False,False,0.2828426957130432,2.0,0.634665310382843,9,8997
5238,5,5,6,True,10531,1,False,False,False,False,0.2828426957130432,2.0,0.36055511236190796,7,4144
5238,6,11,0,True,10531,1,False,,,,,,0.7927168607711792,11,8060
5238,7,8,3,True,10531,1,False,False,False,False,0.20000001788139343,1.0,0.8168231248855591,9,7267
5238,8,7,4,True,10531,1,False,False,False,False,0.20000001788139343,1.0,0.6023288369178772,8,3329
5238,9,3,8,True,10531,1,False,False,False,False,0.19999998807907104,1.0,0.2986636757850647,4,5653
5238,10,11,0,True,10531,1,False,,,,,,0.7927168607711792,11,8060
5238,11,8,3,True,10531,1,False,False,False,False,0.4000000059604645,1.0,0.595986545085907,9,8060
5238,12,4,7,True,10531,2,False,False,False,False,0.2828426957130432,2.0,0.42142611742019653,6,2841
5238,13,10,1,True,10531,1,False,True,True,True,0.0,0.0,0.8221921920776367,10,7267
5238,14,8,3,True,10531,2,False,True,True,True,0.0,0.0,0.7397297620773315,8,5069
5238,15,7,4,True,10531,1,False,True,True,True,0.0,0.0,0.5681549310684204,7,7904
5238,16,8,3,True,10531,1,False,False,False,False,0.4000000059604645,1.0,0.595986545085907,9,8060
5238,17,2,9,False,53,1,True,False,False,False,0.2828426957130432,2.0,0.28425341844558716,4,7614
5238,18,3,8,False,1,1,True,False,False,False,1.0954450368881226,8.0,1.0959926843643188,11,53
5238,19,10,1,True,10531,1,False,False,False,False,0.19999998807907104,1.0,0.846167802810669,11,4853
5238,20,8,3,True,10531,1,False,False,False,False,0.19999998807907104,1.0,0.6776430010795593,9,1969
5238,21,2,9,False,220,2,True,True,True,True,0.0,0.0,0.02828427590429783,2,2181
5238,22,8,3,True,10531,1,False,False,False,False,0.20000001788139343,1.0,0.5321654081344604,9,7267
5238,23,3,8,True,10531,1,False,True,True,True,0.0,0.0,0.31176915764808655,3,5269
5238,24,10,1,True,10531,1,False,True,True,True,0.0,0.0,0.7402702569961548,10,8997
5238,25,3,8,True,10531,3,False,False,False,False,0.19999998807907104,1.0,0.3704051673412323,4,6512
5238,26,8,3,True,10531,1,False,False,False,False,0.19999998807907104,1.0,0.6412488222122192,9,9382
5238,27,8,3,True,10531,1,False,False,False,False,0.19999998807907104,1.0,0.484974205493927,9,10496
5238,28,10,1,True,10531,1,False,True,True,True,0.0,0.0,0.4939635396003723,10,8060
5238,29,7,4,True,10531,1,False,False,False,False,0.4000000059604645,1.0,0.8870174288749695,8,7267
5238,30,11,0,True,10531,1,False,,,,,,0.7927168607711792,11,8060
5238,31,8,3,True,10531,1,False,False,False,False,0.19999998807907104,1.0,0.6776430010795593,9,5808
5778,0,7,4,True,10531,1,False,False,False,False,0.3464101552963257,3.0,0.6023288369178772,10,7204
5778,1,10,1,True,10531,1,False,True,True,True,0.0,0.0,0.7402702569961548,10,8997
5778,2,1,10,False,573,6,True,False,False,False,0.20000001788139343,1.0,0.20099753141403198,2,5995
5778,3,3,8,True,10531,1,False,False,False,False,0.4000000059604645,4.0,0.5071489214897156,7,8005
5778,4,4,7,True,10531,1,False,False,False,False,0.6000000238418579,3.0,0.7110555171966553,7,2163
5778,5,9,2,True,10531,1,False,True,True,True,0.0,0.0,0.49355849623680115,9,4075
5778,6,4,7,True,10531,1,False,False,False,False,0.3464101552963257,3.0,0.5153639316558838,7,8005
5778,7,10,1,True,10531,1,False,False,False,False,0.4000000059604645,1.0,0.6356099247932434,11,8060
5778,8,2,9,True,10531,5,False,False,False,False,0.2828427255153656,2.0,0.5520870089530945,4,5068
5778,9,1,10,False,5,1,True,False,False,False,0.8246211409568787,8.0,0.8248636722564697,9,4853
5778,10,3,8,False,25,1,True,False,False,False,0.6633249521255493,5.0,0.6642289161682129,8,7830
5778,11,5,6,True,10531,1,False,False,False,False,0.4898979365825653,3.0,0.6587867736816406,8,9700
5778,12,5,6,True,10531,1,False,False,False,False,0.2828427255153656,2.0,0.6340346932411194,7,1163
5778,13,10,1,True,10531,1,False,True,True,True,0.0,0.0,0.7924644947052002,10,8060
5778,14,2,9,False,2932,1,True,True,True,True,0.0,0.0,0.028284255415201187,2,5987
5778,15,5,6,True,10531,1,False,False,False,False,0.20000001788139343,1.0,0.6016644239425659,6,9896
5778,16,1,10,False,5,1,True,False,False,False,0.8246211409568787,8.0,0.8248636722564697,9,4853
5778,17,9,2,True,10531,1,False,False,False,False,0.40000003576278687,1.0,0.6720119118690491,10,4075
5778,18,7,4,True,10531,1,False,False,False,False,0.3464101552963257,3.0,0.6023288369178772,10,7204
5778,19,8,3,True,10531,1,False,False,False,False,0.2828426957130432,2.0,0.634980320930481,10,8997
5778,20,8,3,True,10531,1,False,False,False,False,0.20000001788139343,1.0,0.7662897706031799,9,3329
5778,21,10,1,True,10531,1,False,True,True,True,0.0,0.0,0.7402702569961548,10,8997
5778,22,6,5,True,10531,1,False,False,False,False,0.2828426957130432,2.0,0.6343501210212708,8,9896
5778,23,7,4,True,10531,1,False,False,False,False,0.6000000238418579,3.0,0.776401937007904,10,7267
5778,24,2,9,True,10531,1,False,True,True,True,0.0,0.0,0.42047592997550964,2,7004
5778,25,4,7,True,10531,5,False,False,False,False,0.19999998807907104,1.0,0.5600000023841858,5,9743
5778,26,1,10,False,23,1,True,False,False,False,0.6000000238418579,6.0,0.6003332734107971,7,5775
5778,27,8,3,True,10531,2,False,True,True,True,0.0,0.0,0.7065408825874329,8,3329
5778,28,10,1,True,10531,2,False,False,False,False,0.19999998807907104,1.0,0.7668116092681885,11,3329
5778,29,1,10,False,2992,1,True,True,True,True,0.0,0.0,0.019999995827674866,1,5987
5778,30,9,2,True,10531,1,False,False,False,False,0.19999998807907104,1.0,0.6415606141090393,10,8997
5778,31,11,0,True,10531,1,False,,,,,,0.7927168607711792,11,8060
1310,0,4,7,False,7,1,True,False,False,False,0.19999998807907104,1.0,0.20396076142787933,5,8865
1310,1,4,7,True,10531,1,False,True,True,True,0.0,0.0,0.4749737083911896,4,8472
1310,2,7,4,True,10531,1,False,True,True,True,0.0,0.0,0.7062577605247498,7,9961
1310,3,4,7,True,10531,1,False,False,False,False,0.19999998807907104,1.0,0.601331889629364,5,9961
1310,4,10,1,True,10531,1,False,True,True,True,0.0,0.0,0.7924644947052002,10,8060
1310,5,10,1,True,10531,1,False,True,True,True,0.0,0.0,0.4939635396003723,10,8060
1310,6,11,0,True,10531,1,False,,,,,,0.7927168607711792,11,8060
1310,7,9,2,True,10531,1,False,False,False,False,0.20000001788139343,1.0,0.4853864312171936,10,8060
1310,8,8,3,True,10531,1,False,False,False,False,0.20000001788139343,1.0,0.5754997730255127,9,7267
1310,9,4,7,True,10531,4,False,False,False,False,0.2828426957130432,2.0,0.4214261472225189,6,2672
1310,10,9,2,True,10531,1,False,False,False,False,0.19999998807907104,1.0,0.6779381036758423,10,1969
1310,11,8,3,True,10531,1,False,False,False,False,0.2828426957130432,2.0,0.7288347482681274,10,8954
1310,12,7,4,True,10531,1,False,False,False,False,0.4000000059604645,1.0,0.5956509113311768,8,8060
1310,13,8,3,True,10531,1,False,False,False,False,0.4898979067802429,3.0,0.6951258778572083,11,4853
1310,14,11,0,True,10531,1,False,,,,,,0.7927168607711792,11,8060
1310,15,9,2,True,10531,1,False,True,True,True,0.0,0.0,0.8219488859176636,9,7267
1310,16,1,10,False,10495,465,True,True,True,True,0.0,0.0,0.019999980926513672,1,3002
1310,17,2,9,False,1620,5,True,True,True,True,0.0,0.0,0.028284266591072083,2,2746
1310,18,9,2,True,10531,1,False,False,False,False,0.19999998807907104,1.0,0.6415606141090393,10,8997
1310,19,10,1,True,10531,1,False,True,True,True,0.0,0.0,0.4939635396003723,10,8060
1310,20,8,3,True,10531,1,False,False,False,False,0.4000000059604645,1.0,0.8409518599510193,9,5808
1310,21,7,4,True,10531,1,False,False,False,False,0.4472135901451111,2.0,0.7230491042137146,9,3329
1310,22,9,2,True,10531,1,False,True,True,True,0.0,0.0,0.7717512845993042,9,1969
1310,23,1,10,False,10446,465,True,True,True,True,0.0,0.0,0.019999980926513672,1,7661
1310,24,1,10,False,5,1,True,False,False,False,1.0198038816452026,7.0,1.0199999809265137,8,8997
1310,25,2,9,True,10531,2,False,False,False,False,0.2828426957130432,2.0,0.5067543983459473,4,7150
1310,26,8,3,True,10531,1,False,False,False,False,0.19999998807907104,1.0,0.5321654081344604,9,1969
1310,27,10,1,True,10531,1,False,False,False,False,0.19999998807907104,1.0,0.846167802810669,11,4853
1310,28,7,4,True,10531,1,False,True,True,True,0.0,0.0,0.7394592761993408,7,1969
1310,29,10,1,True,10531,2,False,False,False,False,0.19999998807907104,1.0,0.7668116092681885,11,3329
1310,30,5,6,True,10531,2,False,False,False,False,0.2828426957130432,2.0,0.6942622661590576,7,2388
1310,31,8,3,True,10531,1,False,False,False,False,0.4000000059604645,1.0,0.8119113445281982,9,8997
6868,0,1,10,False,1,1,True,False,False,False,1.2328827381134033,10.0,1.233044981956482,11,53
6868,1,8,3,True,10531,1,False,False,False,False,0.3999999761581421,1.0,0.6717142462730408,9,4075
6868,2,1,10,False,3,1,True,False,False,False,0.8246211409568787,6.0,0.8248636722564697,7,8997
6868,3,8,3,True,10531,1,False,False,False,False,0.4898979365825653,3.0,0.6596968770027161,11,1025
6868,4,1,10,False,573,2,True,False,False,False,0.19999998807907104,1.0,0.2009975016117096,2,7996
6868,5,11,0,True,10531,1,False,,,,,,0.7927168607711792,11,8060
6868,6,9,2,True,10531,1,False,False,False,False,0.4472135901451111,2.0,0.6660330295562744,11,4075
6868,7,6,5,True,10531,4,False,True,True,True,0.0,0.0,0.5238320827484131,6,6011
6868,8,8,3,True,10531,1,False,True,True,True,0.0,0.0,0.7919595837593079,8,4295
6868,9,8,3,True,10531,1,False,False,False,False,0.19999998807907104,1.0,0.7343024611473083,9,9382
6868,10,10,1,True,10531,1,False,True,True,True,0.0,0.0,0.7924644947052002,10,8060
6868,11,10,1,True,10531,1,False,True,True,True,0.0,0.0,0.7924644947052002,10,8060
6868,12,10,1,True,10531,2,False,False,False,False,0.19999998807907104,1.0,0.7668116092681885,11,3329
6868,13,8,3,True,10531,1,False,False,False,False,0.5656853914260864,2.0,0.750466525554657,10,4075
6868,14,6,5,True,10531,1,False,False,False,False,0.4898979961872101,3.0,0.7499333620071411,9,3329
6868,15,1,10,False,10446,34,True,True,True,True,0.0,0.0,0.019999980926513672,1,5904
6868,16,8,3,True,10531,1,False,False,False,False,0.5656854510307312,2.0,0.6835203170776367,10,8060
6868,17,8,3,True,10531,2,False,False,False,False,0.19999998807907104,1.0,0.7662897706031799,9,8050
6868,18,7,4,True,10531,1,False,False,False,False,0.19999998807907104,1.0,0.7005712389945984,8,8997
6868,19,11,0,True,10531,1,False,,,,,,0.7927168607711792,11,8060
6868,20,7,4,True,10531,1,False,True,True,True,0.0,0.0,0.7062577605247498,7,1969
6868,21,2,9,True,10531,1,False,True,True,True,0.0,0.0,0.5939697027206421,2,8049
6868,22,2,9,False,1,1,True,False,False,False,1.0770329236984253,9.0,1.077404260635376,11,53
6868,23,5,6,True,10531,3,False,False,False,False,0.2828426957130432,2.0,0.5949789881706238,7,6892
6868,24,11,0,True,10531,1,False,,,,,,0.7927168607711792,11,8060
6868,25,3,8,True,10531,1,False,False,False,False,0.2828426957130432,2.0,0.4209512770175934,5,6105
6868,26,2,9,False,2958,17,True,True,True,True,0.0,0.0,0.028284255415201187,2,10508
6868,27,8,3,True,10531,2,False,False,False,False,0.19999998807907104,1.0,0.7662897706031799,9,8050
6868,28,9,2,True,10531,1,False,True,True,True,0.0,0.0,0.7922121286392212,9,8060
6868,29,2,9,False,1,1,True,False,False,False,1.0770329236984253,9.0,1.077404260635376,11,53
6868,30,3,8,True,10531,2,False,False,False,False,0.2828426957130432,2.0,0.4209512770175934,5,3727
6868,31,11,0,True,10531,1,False,,,,,,0.7927168607711792,11,8060
4506,0,8,3,True,10531,1,False,True,True,True,0.0,0.0,0.7919595837593079,8,2163
4506,1,11,0,True,10531,1,False,,,,,,0.7927168607711792,11,8060
4506,2,2,9,False,1,1,True,False,False,False,1.1313707828521729,9.0,1.131724238395691,11,53
4506,3,9,2,True,10531,1,False,False,False,False,0.2828426957130432,2.0,0.8411896228790283,11,4853
4506,4,2,9,False,1620,13,True,True,True,True,0.0,0.0,0.028284266591072083,2,2046
4506,5,9,2,True,10531,1,False,False,False,False,0.19999998807907104,1.0,0.8459314703941345,10,6874
4506,6,8,3,True,10531,1,False,True,True,True,0.0,0.0,0.6092618703842163,8,9382
4506,7,2,9,False,2,1,True,False,False,False,0.632455587387085,7.0,0.6330876350402832,9,8997
4506,8,10,1,True,10531,1,False,True,True,True,0.0,0.0,0.7924644947052002,10,8060
4506,9,6,5,True,10531,1,False,False,False,False,0.4898979663848877,3.0,0.6216108202934265,9,8060
4506,10,8,3,True,10531,1,False,False,False,False,0.2828426957130432,2.0,0.7919596433639526,10,1954
4506,11,11,0,True,10531,1,False,,,,,,0.7927168607711792,11,8060
4506,12,4,7,True,10531,3,False,False,False,False,0.19999998807907104,1.0,0.430813193321228,5,9208
4506,13,3,8,False,2,1,True,False,False,False,0.7745966911315918,7.0,0.7753709554672241,10,8997
4506,14,1,10,False,1620,13,True,True,True,True,0.0,0.0,0.02000001072883606,1,9792
4506,15,6,5,True,10531,1,False,False,False,False,0.20000001788139343,1.0,0.6406247019767761,7,9950
4506,16,4,7,True,10531,1,False,False,False,False,0.19999998807907104,1.0,0.466476172208786,5,423
4506,17,5,6,True,10531,1,False,False,False,False,0.2828426957130432,2.0,0.4753945469856262,7,5293
4506,18,4,7,False,1,1,True,False,False,False,1.1313707828521729,7.0,1.132077693939209,11,26
4506,19,11,0,True,10531,1,False,,,,,,0.7927168607711792,11,8060
4506,20,3,8,True,10531,8,False,False,False,False,0.20000001788139343,1.0,0.2986637055873871,4,7356
4506,21,6,5,True,10531,1,False,False,False,False,0.2828426957130432,2.0,0.6711184978485107,8,1957
4506,22,9,2,True,10531,1,False,False,False,False,0.20000001788139343,1.0,0.8459314703941345,10,7267
4506,23,8,3,True,10531,1,False,False,False,False,0.2828426957130432,2.0,0.634980320930481,10,3329
4506,24,5,6,True,10531,1,False,False,False,False,0.20000001788139343,1.0,0.48373547196388245,6,9950
4506,25,2,9,False,1,1,True,False,False,False,0.3464101552963257,3.0,0.3475629389286041,5,6335
4506,26,5,6,True,10531,1,False,False,False,False,0.5291502475738525,4.0,0.6526867747306824,9,4075
4506,27,6,5,True,10531,3,False,False,False,False,0.3464101552963257,3.0,0.6887670755386353,9,255
4506,28,9,2,True,10531,1,False,False,False,False,0.2828426957130432,2.0,0.8411896228790283,11,4853
4506,29,1,10,False,53,1,True,False,False,False,0.2828426957130432,2.0,0.2835489511489868,3,7614
4506,30,9,2,True,10531,1,False,False,False,False,0.40000003576278687,1.0,0.6352952122688293,10,8060
4506,31,6,5,True,10531,1,False,False,False,False,0.34641018509864807,3.0,0.4673328697681427,9,8060
3046,0,2,9,False,1,1,True,False,False,False,1.216552495956421,9.0,1.2168811559677124,11,53
3046,1,8,3,True,10531,1,False,True,True,True,0.0,0.0,0.6092618703842163,8,1969
3046,2,10,1,True,10531,2,False,False,False,False,0.19999998807907104,1.0,0.7668116092681885,11,3329
3046,3,9,2,True,10531,1,False,True,True,True,0.0,0.0,0.6477653980255127,9,1969
3046,4,7,4,True,10531,1,False,False,False,False,0.19999998807907104,1.0,0.6023288369178772,8,9382
3046,5,2,9,False,1620,47,True,True,True,True,0.0,0.0,0.028284266591072083,2,8998
3046,6,8,3,True,10531,1,False,False,False,False,0.44721361994743347,2.0,0.5892367959022522,10,8060
3046,7,3,8,True,10531,2,False,True,True,True,0.0,0.0,0.31176915764808655,3,9243
3046,8,9,2,True,10531,2,False,True,True,True,0.0,0.0,0.7400000095367432,9,9382
3046,9,10,1,True,10531,2,False,False,False,False,0.19999998807907104,1.0,0.7668116092681885,11,3329
3046,10,4,7,True,10531,1,False,False,False,False,0.2828426957130432,2.0,0.35999995470046997,6,8472
3046,11,1,10,False,3,1,True,False,False,False,0.9591662883758545,7.0,0.9593747854232788,8,8997
3046,12,6,5,True,10531,1,False,True,True,True,0.0,0.0,0.6086049675941467,6,1957
3046,13,9,2,True,10531,1,False,False,False,False,0.2828427255153656,2.0,0.7613146901130676,11,3329
3046,14,4,7,False,6,1,True,False,False,False,0.3464101552963257,3.0,0.34871193766593933,7,424
3046,15,11,0,True,10531,1,False,,,,,,0.7927168607711792,11,8060
3046,16,8,3,True,10531,1,False,False,False,False,0.20000001788139343,1.0,0.484974205493927,9,8060
3046,17,3,8,True,10531,2,False,False,False,False,0.19999998807907104,1.0,0.3704051673412323,4,8494
3046,18,9,2,True,10531,1,False,False,False,False,0.20000001788139343,1.0,0.7345747351646423,10,9382
3046,19,3,8,True,10531,3,False,True,True,True,0.0,0.0,0.5226854085922241,3,1953
3046,20,2,9,False,1620,47,True,True,True,True,0.0,0.0,0.028284266591072083,2,9451
3046,21,2,9,True,10531,1,False,False,False,False,0.2828427255153656,2.0,0.3588871657848358,4,7604
3046,22,1,10,False,1620,47,True,True,True,True,0.0,0.0,0.02000001072883606,1,6278
3046,23,10,1,True,10531,1,False,False,False,False,0.20000001788139343,1.0,0.7874007821083069,11,8060
3046,24,10,1,True,10531,1,False,True,True,True,0.0,0.0,0.7402702569961548,10,9382
3046,25,9,2,True,10531,1,False,True,True,True,0.0,0.0,0.8219488859176636,9,7267
3046,26,8,3,True,10531,1,False,False,False,False,0.3464101552963257,3.0,0.5614266991615295,11,8997
3046,27,1,10,False,1620,47,True,True,True,True,0.0,0.0,0.02000001072883606,1,9240
3046,28,6,5,True,10531,5,False,True,True,True,0.0,0.0,0.5238320827484131,6,9630
3046,29,3,8,False,1,1,True,False,False,False,1.1832159757614136,7.0,1.1837228536605835,10,26
3046,30,4,7,True,10531,2,False,False,False,False,0.19999998807907104,1.0,0.6997142434120178,5,8061
3046,31,7,4,True,10531,1,False,True,True,True,0.0,0.0,0.7062577605247498,7,9382
9524,0,3,8,True,10531,4,False,False,False,False,0.19999998807907104,1.0,0.4660472273826599,4,722
9524,1,7,4,True,10531,1,False,False,False,False,0.2828426957130432,2.0,0.5242136716842651,9,9382
9524,2,3,8,True,10531,1,False,True,True,True,0.0,0.0,0.4745524525642395,3,7750
9524,3,7,4,True,10531,1,False,False,False,False,0.2828426957130432,2.0,0.634665310382843,9,6047
9524,4,10,1,True,10531,2,False,True,True,True,0.0,0.0,0.7402702569961548,10,9382
9524,5,10,1,True,10531,1,False,True,True,True,0.0,0.0,0.7402702569961548,10,8997
9524,6,9,2,True,10531,1,False,True,True,True,0.0,0.0,0.7717512845993042,9,1969
9524,7,9,2,True,10531,1,False,False,False,False,0.19999998807907104,1.0,0.5758472084999084,10,7267
9524,8,10,1,True,10531,1,False,False,False,False,0.19999998807907104,1.0,0.5329164862632751,11,8060
9524,9,1,10,False,1620,22,True,False,False,False,0.19999998807907104,1.0,0.2009975016117096,2,8207
9524,10,1,10,False,10446,23,True,True,True,True,0.0,0.0,0.019999980926513672,1,9381
9524,11,4,7,True,10531,1,False,False,False,False,0.4472135901451111,2.0,0.6523802876472473,6,7206
9524,12,11,0,True,10531,1,False,,,,,,0.7927168607711792,11,8060
9524,13,7,4,True,10531,1,False,False,False,False,0.6000000238418579,3.0,0.7448490262031555,10,4075
9524,14,10,1,True,10531,1,False,True,True,True,0.0,0.0,0.7402702569961548,10,3329
9524,15,7,4,True,10531,1,False,False,False,False,0.4000000059604645,1.0,0.7285602688789368,8,1969
9524,16,10,1,True,10531,1,False,False,False,False,0.19999998807907104,1.0,0.5329164862632751,11,8060
9524,17,10,1,True,10531,1,False,True,True,True,0.0,0.0,0.7720103859901428,10,1969
9524,18,3,8,True,10531,1,False,False,False,False,0.19999998807907104,1.0,0.5596427321434021,4,7206
9524,19,8,3,True,10531,1,False,False,False,False,0.4472135901451111,2.0,0.6657326817512512,10,7267
9524,20,4,7,True,10531,2,False,False,False,False,0.3464101552963257,3.0,0.5878775715827942,7,5409
9524,21,7,4,True,10531,1,False,False,False,False,0.19999998807907104,1.0,0.7005712389945984,8,7054
9524,22,7,4,True,10531,1,False,False,False,False,0.2828426957130432,2.0,0.6714164614677429,9,1969
9524,23,11,0,True,10531,1,False,,,,,,0.7927168607711792,11,8060
9524,24,10,1,True,10531,1,False,True,True,True,0.0,0.0,0.8221921920776367,10,7267
9524,25,8,3,True,10531,2,False,False,False,False,0.19999998807907104,1.0,0.7662897706031799,9,8050
9524,26,1,10,False,26,3,True,False,False,False,0.4472135901451111,2.0,0.4476605951786041,3,723
9524,27,5,6,True,10531,1,False,False,False,False,0.3999999761581421,4.0,0.5949789881706238,9,4821
9524,28,6,5,True,10531,1,False,False,False,False,0.19999998807907104,1.0,0.5607138276100159,7,1160
9524,29,10,1,True,10531,1,False,False,False,False,0.19999998807907104,1.0,0.5761944055557251,11,4075
9524,30,2,9,False,1,1,True,False,False,False,1.1135529279708862,9.0,1.1139119863510132,11,53
9524,31,6,5,True,10531,1,False,False,False,False,0.2828426957130432,2.0,0.634350061416626,8,2841
2920,0,9,2,True,10531,1,False,True,True,True,0.0,0.0,0.7717512845993042,9,1969
2920,1,1,10,False,10446,427,True,True,True,True,0.0,0.0,0.019999980926513672,1,6195
2920,2,4,7,True,10531,5,False,True,True,True,0.0,0.0,0.5230678915977478,4,6585
2920,3,8,3,True,10531,1,False,False,False,False,0.2828427255153656,2.0,0.4766550064086914,10,8060
2920,4,4,7,True,10531,1,False,False,False,False,0.4000000059604645,4.0,0.7166589498519897,8,423
2920,5,6,5,True,10531,1,False,False,False,False,0.3464101552963257,3.0,0.6651315689086914,9,5293
2920,6,9,2,True,10531,1,False,False,False,False,0.20000001788139343,1.0,0.4853864312171936,10,8060
2920,7,1,10,False,573,2,True,False,False,False,0.19999998807907104,1.0,0.2009975016117096,2,8021
2920,8,3,8,True,10531,3,False,False,False,False,0.19999998807907104,1.0,0.5149757266044617,4,8355
2920,9,11,0,True,10531,1,False,,,,,,0.7927168607711792,11,8060
2920,10,8,3,True,10531,1,False,False,False,False,0.19999998807907104,1.0,0.484974205493927,9,9382
2920,11,4,7,True,10531,1,False,False,False,False,0.2828426957130432,2.0,0.36000001430511475,6,4144
2920,12,6,5,True,10531,2,False,False,False,False,0.4472135901451111,2.0,0.722772479057312,8,9382
2920,13,9,2,True,10531,1,False,False,False,False,0.20000001788139343,1.0,0.4853864312171936,10,8060
2920,14,3,8,False,6,1,True,True,True,True,0.0,0.0,0.034641001373529434,3,406
2920,15,4,7,False,3,1,True,False,False,False,0.19999998807907104,1.0,0.20396076142787933,5,419
2920,16,1,10,False,573,2,True,False,False,False,0.19999998807907104,1.0,0.2009975016117096,2,8021
2920,17,8,3,True,10531,1,False,False,False,False,0.2828426957130432,2.0,0.6717142462730408,10,7204
2920,18,6,5,True,10531,1,False,True,True,True,0.0,0.0,0.6086049675941467,6,9950
2920,19,5,6,True,10531,1,False,True,True,True,0.0,0.0,0.5234501361846924,5,7379
2920,20,10,1,True,10531,1,False,False,False,False,0.19999998807907104,1.0,0.846167802810669,11,4853
2920,21,2,9,False,1,1,True,False,False,False,1.2961480617523193,9.0,1.2964566946029663,11,53
2920,22,2,9,False,52,2,True,False,False,False,0.20000001788139343,1.0,0.20199011266231537,3,370
2920,23,7,4,True,10531,1,False,False,False,False,0.2828426957130432,2.0,0.7607890963554382,9,5290
2920,24,10,1,True,10531,1,False,False,False,False,0.19999998807907104,1.0,0.846167802810669,11,4853
2920,25,11,0,True,10531,1,False,,,,,,0.7927168607711792,11,8060
2920,26,9,2,True,10531,1,False,False,False,False,0.2828426957130432,2.0,0.7922121286392212,11,5293
2920,27,6,5,True,10531,1,False,False,False,False,0.3464101552963257,3.0,0.5607138276100159,9,7204
2920,28,5,6,True,10531,1,False,False,False,False,0.3999999761581421,4.0,0.6942622065544128,9,5598
2920,29,1,10,False,573,2,True,False,False,False,0.19999998807907104,1.0,0.2009975016117096,2,7734
2920,30,8,3,True,10531,1,False,False,False,False,0.19999998807907104,1.0,0.5321654081344604,9,4295
2920,31,1,10,False,5,1,True,False,False,False,1.039230465888977,8.0,1.039422869682312,9,8997
8882,0,8,3,True,10531,1,False,False,False,False,0.20000001788139343,1.0,0.7662897706031799,9,3329
8882,1,9,2,True,10531,1,False,False,False,False,0.20000001788139343,1.0,0.6415606141090393,10,3329
8882,2,3,8,True,10531,2,False,True,True,True,0.0,0.0,0.2218107283115387,3,9243
8882,3,4,7,True,10531,6,False,False,False,False,0.2828427255153656,2.0,0.50754314661026,6,9239
8882,4,4,7,True,10531,1,False,False,False,False,0.2828426957130432,2.0,0.523067831993103,6,4295
8882,5,7,4,True,10531,1,False,False,False,False,0.19999998807907104,1.0,0.5317894220352173,8,1969
8882,6,8,3,True,10531,1,False,True,True,True,0.0,0.0,0.6474565863609314,8,1957
8882,7,11,0,True,10531,1,False,,,,,,0.7927168607711792,11,8060
8882,8,1,10,False,10446,47,True,True,True,True,0.0,0.0,0.019999980926513672,1,5233
8882,9,5,6,True,10531,1,False,False,False,False,0.2828427255153656,2.0,0.6340347528457642,7,1954
8882,10,11,0,True,10531,1,False,,,,,,0.7927168607711792,11,8060
8882,11,10,1,True,10531,1,False,False,False,False,0.20000001788139343,1.0,0.7874007821083069,11,8060
8882,12,6,5,True,10531,1,False,False,False,False,0.34641018509864807,3.0,0.516139566898346,9,8060
8882,13,1,10,False,10446,47,True,True,True,True,0.0,0.0,0.019999980926513672,1,9253
8882,14,2,9,True,10531,1,False,False,False,False,0.2828427255153656,2.0,0.42047592997550964,4,2841
8882,15,4,7,True,10531,1,False,False,False,False,0.2828427255153656,2.0,0.36000001430511475,6,10041
8882,16,1,10,False,573,1,True,False,False,False,0.2828426957130432,2.0,0.28354892134666443,3,6335
8882,17,6,5,True,10531,1,False,False,False,False,0.2828426957130432,2.0,0.475815087556839,8,1969
8882,18,7,4,True,10531,1,False,False,False,False,0.20000001788139343,1.0,0.7660287618637085,8,1954
8882,19,9,2,True,10531,1,False,True,True,True,0.0,0.0,0.7400000095367432,9,9382
8882,20,6,5,True,10531,1,False,False,False,False,0.20000001788139343,1.0,0.6406247019767761,7,3329
8882,21,8,3,True,10531,3,False,False,False,False,0.19999998807907104,1.0,0.6026607751846313,9,10496
8882,22,11,0,True,10531,1,False,,,,,,0.7927168607711792,11,8060
8882,23,5,6,True,10531,1,False,False,False,False,0.20000001788139343,1.0,0.43127715587615967,6,2163
8882,24,2,9,False,1,1,True,False,False,False,0.9797959327697754,8.0,0.9802041053771973,10,8997
8882,25,7,4,True,10531,1,False,True,True,True,0.0,0.0,0.49274739623069763,7,7267
8882,26,3,8,True,10531,1,False,True,True,True,0.0,0.0,0.31176915764808655,3,6105
8882,27,4,7,True,10531,3,False,True,True,True,0.0,0.0,0.4749737083911896,4,3727
8882,28,1,10,False,573,1,True,False,False,False,0.2828426957130432,2.0,0.28354892134666443,3,6335
8882,29,11,0,True,10531,1,False,,,,,,0.7927168607711792,11,8060
8882,30,1,10,False,10495,47,True,True,True,True,0.0,0.0,0.019999980926513672,1,8998
8882,31,10,1,True,10531,1,False,True,True,True,0.0,0.0,0.7924644947052002,10,8060
605,0,2,9,False,25,6,True,False,False,False,0.4472135901451111,2.0,0.44810712337493896,4,7308
605,1,2,9,True,10531,2,False,False,False,False,0.2828426957130432,2.0,0.5520870089530945,4,5839
605,2,9,2,True,10531,1,False,False,False,False,0.4000000059604645,1.0,0.5963220596313477,10,8060
605,3,4,7,False,1,1,True,False,False,False,0.632455587387085,4.0,0.6337192058563232,8,8060
605,4,7,4,True,10531,1,False,False,False,False,0.19999998807907104,1.0,0.48456165194511414,8,9382
605,5,10,1,True,10531,1,False,True,True,True,0.0,0.0,0.4939635396003723,10,8060
605,6,7,4,True,10531,2,False,False,False,False,0.3464101552963257,3.0,0.8359426259994507,10,10082
605,7,8,3,True,10531,1,False,False,False,False,0.20000001788139343,1.0,0.484974205493927,9,8060
605,8,6,5,True,10531,1,False,False,False,False,0.4898979663848877,3.0,0.5817216038703918,9,8060
605,9,10,1,True,10531,1,False,True,True,True,0.0,0.0,0.7924644947052002,10,8060
605,10,1,10,False,26,6,True,False,False,False,0.4472135901451111,2.0,0.4476605951786041,3,7911
605,11,11,0,True,10531,1,False,,,,,,0.7927168607711792,11,8060
605,12,5,6,True,10531,2,False,False,False,False,0.19999998807907104,1.0,0.5603570342063904,6,7904
605,13,4,7,True,10531,1,False,False,False,False,0.19999998807907104,1.0,0.5600000023841858,5,4257
605,14,5,6,True,10531,2,False,False,False,False,0.20000001788139343,1.0,0.6016643643379211,6,371
605,15,11,0,True,10531,1,False,,,,,,0.7927168607711792,11,8060
605,16,11,0,True,10531,1,False,,,,,,0.7927168607711792,11,8060
605,17,5,6,True,10531,1,False,False,False,False,0.19999998807907104,1.0,0.43127715587615967,6,296
605,18,3,8,True,10531,1,False,False,False,False,0.19999998807907104,1.0,0.2986636757850647,4,6373
605,19,3,8,True,10531,1,False,False,False,False,0.3464101552963257,3.0,0.41133925318717957,6,5656
605,20,11,0,True,10531,1,False,,,,,,0.7927168607711792,11,8060
605,21,5,6,True,10531,2,False,False,False,False,0.20000001788139343,1.0,0.3714835047721863,6,3145
605,22,10,1,True,10531,1,False,True,True,True,0.0,0.0,0.7924644947052002,10,8060
605,23,9,2,True,10531,1,False,True,True,True,0.0,0.0,0.49355849623680115,9,8060
605,24,2,9,False,4,1,True,False,False,False,1.0583006143569946,6.0,1.058678388595581,8,6271
605,25,7,4,True,10531,1,False,False,False,False,0.19999998807907104,1.0,0.48456165194511414,8,4295
605,26,8,3,True,10531,1,False,False,False,False,0.4000000059604645,1.0,0.55425626039505,9,8060
605,27,8,3,True,10531,1,False,True,True,True,0.0,0.0,0.7065408825874329,8,9382
605,28,7,4,True,10531,1,False,False,False,False,0.20000001788139343,1.0,0.6409368515014648,8,9950
605,29,4,7,True,10531,4,False,True,True,True,0.0,0.0,0.31240999698638916,4,5722
605,30,9,2,True,10531,1,False,True,True,True,0.0,0.0,0.7922120690345764,9,8060
605,31,7,4,True,10531,1,False,True,True,True,0.0,0.0,0.49274739623069763,7,7267
8531,0,6,5,True,10531,1,False,False,False,False,0.19999998807907104,1.0,0.6406247019767761,7,5069
8531,1,3,8,False,1,1,True,False,False,False,1.2806248664855957,8.0,1.2810932397842407,11,26
8531,2,7,4,True,10531,1,False,False,False,False,0.5291502475738525,4.0,0.6890572905540466,11,4853
8531,3,4,7,True,10531,2,False,True,True,True,0.0,0.0,0.5230678915977478,4,2127
8531,4,5,6,False,1,1,True,False,False,False,0.9591662883758545,6.0,0.9602082967758179,11,26
8531,5,10,1,True,10531,1,False,False,False,False,0.3999999761581421,1.0,0.6723094582557678,11,4075
8531,6,4,7,True,10531,1,False,False,False,False,0.2828426957130432,2.0,0.4749736785888672,6,9700
8531,7,10,1,True,10531,1,False,False,False,False,0.19999998807907104,1.0,0.846167802810669,11,4853
8531,8,2,9,False,2,1,True,False,False,False,0.19999998807907104,1.0,0.20199008285999298,3,4152
8531,9,5,6,True,10531,1,False,False,False,False,0.19999998807907104,1.0,0.5603570342063904,6,255
8531,10,5,6,False,1,1,True,False,False,False,0.6928202509880066,6.0,0.6942621469497681,11,53
8531,11,8,3,True,10531,1,False,False,False,False,0.4000000059604645,1.0,0.8872429132461548,9,7267
8531,12,3,8,True,10531,1,False,False,False,False,0.20000001788139343,1.0,0.3704051673412323,4,3838
8531,13,4,7,True,10531,1,False,False,False,False,0.19999998807907104,1.0,0.3709447383880615,5,697
8531,14,3,8,False,2,1,True,False,False,False,0.19999998807907104,1.0,0.20297782123088837,4,4152
8531,15,6,5,True,10531,2,False,False,False,False,0.19999998807907104,1.0,0.8163332939147949,7,5670
8531,16,6,5,True,10531,4,False,False,False,False,0.2828426957130432,2.0,0.4223742187023163,8,2671
8531,17,6,5,True,10531,1,False,True,True,True,0.0,0.0,0.44090816378593445,6,3838
8531,18,7,4,True,10531,1,False,False,False,False,0.44721361994743347,2.0,0.6283311247825623,9,8060
8531,19,1,10,False,1,1,True,False,False,False,1.2328827381134033,10.0,1.233044981956482,11,53
8531,20,8,3,True,10531,1,False,False,False,False,0.19999998807907104,1.0,0.6412488222122192,9,3329
8531,21,11,0,True,10531,1,False,,,,,,0.7927168607711792,11,8060
8531,22,9,2,True,10531,1,False,False,False,False,0.20000001788139343,1.0,0.7871467471122742,10,8060
8531,23,4,7,False,2,1,True,False,False,False,0.8485281467437744,6.0,0.8494704365730286,10,6271
8531,24,6,5,True,10531,1,False,True,True,True,0.0,0.0,0.760526180267334,6,5640
8531,25,3,8,False,1,1,True,False,False,False,1.2806248664855957,8.0,1.2810932397842407,11,26
8531,26,7,4,True,10531,1,False,False,False,False,0.4472135901451111,2.0,0.6654321551322937,9,4075
8531,27,1,10,False,26,3,True,False,False,False,0.2828426957130432,2.0,0.2835489511489868,3,722
8531,28,10,1,True,10531,1,False,False,False,False,0.19999998807907104,1.0,0.846167802810669,11,4853
8531,29,2,9,False,294,6,True,False,False,False,0.19999998807907104,1.0,0.20199008285999298,3,3540
8531,30,2,9,True,10531,1,False,False,False,False,0.4000000059604645,4.0,0.6203225255012512,6,7206
8531,31,8,3,True,10531,1,False,False,False,False,0.44721361994743347,2.0,0.5892367959022522,10,8060
2429,0,3,8,True,10531,2,False,False,False,False,0.20000001788139343,1.0,0.3704051673412323,4,6779
2429,1,6,5,True,10531,7,False,False,False,False,0.19999998807907104,1.0,0.5607138276100159,7,6311
2429,2,2,9,True,10531,2,False,False,False,False,0.20000001788139343,1.0,0.3698648512363434,3,5410
2429,3,10,1,True,10531,1,False,True,True,True,0.0,0.0,0.7402702569961548,10,8997
2429,4,10,1,True,10531,1,False,False,False,False,0.19999998807907104,1.0,0.846167802810669,11,4853
2429,5,2,9,True,10531,4,False,False,False,False,0.19999998807907104,1.0,0.3698648512363434,3,3121
2429,6,5,6,True,10531,2,False,False,False,False,0.2828426957130432,2.0,0.5531726479530334,7,6079
2429,7,8,3,True,10531,1,False,False,False,False,0.20000001788139343,1.0,0.7868925929069519,9,8060
2429,8,2,9,False,1,1,True,False,False,False,1.341640830039978,8.0,1.341938853263855,10,53
2429,9,8,3,True,10531,1,False,False,False,False,0.2828426957130432,2.0,0.8409518599510193,10,4853
2429,10,11,0,True,10531,1,False,,,,,,0.7927168607711792,11,8060
2429,11,7,4,True,10531,2,False,True,True,True,0.0,0.0,0.44136151671409607,7,371
2429,12,9,2,True,10531,2,False,False,False,False,0.19999998807907104,1.0,0.7665507793426514,10,3329
2429,13,2,9,False,23,1,True,False,False,False,0.6928203105926514,4.0,0.6933974623680115,6,1162
2429,14,8,3,True,10531,2,False,False,False,False,0.4472135901451111,2.0,0.8361818790435791,10,3329
2429,15,11,0,True,10531,1,False,,,,,,0.7927168607711792,11,8060
2429,16,2,9,False,1620,1,True,True,True,True,0.0,0.0,0.028284266591072083,2,5239
2429,17,11,0,True,10531,1,False,,,,,,0.7927168607711792,11,8060
2429,18,6,5,True,10531,1,False,False,False,False,0.4000000059604645,1.0,0.634350061416626,7,4075
2429,19,7,4,True,10531,1,False,False,False,False,0.20000000298023224,1.0,0.73403000831604,8,8050
2429,20,11,0,True,10531,1,False,,,,,,0.7927168607711792,11,8060
2429,21,5,6,True,10531,7,False,False,False,False,0.19999998807907104,1.0,0.5603570342063904,6,5400
2429,22,2,9,True,10531,2,False,False,False,False,0.2828426957130432,2.0,0.5520870089530945,4,7433
2429,23,6,5,True,10531,1,False,False,False,False,0.5656854510307312,2.0,0.6829348802566528,8,8060
2429,24,8,3,True,10531,1,False,True,True,True,0.0,0.0,0.7397297024726868,8,8997
2429,25,5,6,True,10531,2,False,False,False,False,0.20000001788139343,1.0,0.3714834749698639,6,6094
2429,26,10,1,True,10531,2,False,True,True,True,0.0,0.0,0.7402702569961548,10,3329
2429,27,9,2,True,10531,1,False,False,False,False,0.19999998807907104,1.0,0.6415606141090393,10,3329
2429,28,3,8,True,10531,1,False,False,False,False,0.2828426957130432,2.0,0.5071489214897156,5,3914
2429,29,6,5,True,10531,1,False,False,False,False,0.2828427255153656,2.0,0.5238320231437683,8,4075
2429,30,11,0,True,10531,1,False,,,,,,0.7927168607711792,11,8060
2429,31,7,4,True,10531,1,False,False,False,False,0.3464101552963257,3.0,0.5610703825950623,10,4853
360,0,10,1,True,10531,1,False,True,True,True,0.0,0.0,0.761577308177948,10,8060
360,1,4,7,True,10531,1,False,False,False,False,0.2828426957130432,2.0,0.4749736785888672,6,4156
360,2,6,5,True,10531,2,False,False,False,False,0.19999998807907104,1.0,0.601996660232544,7,6344
360,3,9,2,True,10531,1,False,False,False,False,0.19999998807907104,1.0,0.7345747351646423,10,3329
360,4,2,9,False,23,3,True,False,False,False,0.4472135901451111,2.0,0.44810715317726135,4,8853
360,5,6,5,True,10531,1,False,False,False,False,0.4898979365825653,3.0,0.7172168493270874,9,7204
360,6,3,8,False,2,1,True,False,False,False,0.3999999761581421,1.0,0.4014972150325775,4,9647
360,7,1,10,False,53,1,True,False,False,False,0.2828426957130432,2.0,0.2835489511489868,3,6373
360,8,4,7,True,10531,1,False,False,False,False,0.6000000238418579,3.0,0.676461398601532,7,6271
360,9,8,3,True,10531,1,False,False,False,False,0.2828426957130432,2.0,0.6717142462730408,10,3329
360,10,2,9,False,1,1,True,False,False,False,1.2489995956420898,9.0,1.2493197917938232,11,53
360,11,11,0,True,10531,1,False,,,,,,0.7927168607711792,11,8060
360,12,7,4,True,10531,1,False,False,False,False,0.44721361994743347,2.0,0.9092854261398315,9,7267
360,13,2,9,False,7,1,True,False,False,False,0.4898979663848877,3.0,0.49071377515792847,5,8865
360,14,10,1,True,10531,1,False,True,True,True,0.0,0.0,0.7924644947052002,10,8060
360,15,11,0,True,10531,1,False,,,,,,0.7927168607711792,11,8060
360,16,3,8,True,10531,2,False,False,False,False,0.3464101552963257,3.0,0.4660471975803375,6,8494
360,17,5,6,True,10531,1,False,False,False,False,0.19999998807907104,1.0,0.43127715587615967,6,10496
360,18,3,8,True,10531,1,False,False,False,False,0.2828426957130432,2.0,0.5943063497543335,5,2841
360,19,10,1,True,10531,1,False,True,True,True,0.0,0.0,0.761577308177948,10,6271
360,20,5,6,True,10531,1,False,False,False,False,0.19999998807907104,1.0,0.43127715587615967,6,9950
360,21,4,7,False,1,1,True,False,False,False,1.1832159757614136,7.0,1.1838918924331665,11,26
360,22,10,1,True,10531,1,False,True,True,True,0.0,0.0,0.761577308177948,10,6271
360,23,1,10,False,1620,19,True,True,True,True,0.0,0.0,0.02000001072883606,1,455
360,24,9,2,True,10531,1,False,True,True,True,0.0,0.0,0.7291090488433838,9,6271
360,25,11,0,True,10531,1,False,,,,,,0.7927168607711792,11,8060
360,26,6,5,True,10531,1,False,False,False,False,0.4472135901451111,2.0,0.6887670755386353,8,9382
360,27,1,10,False,573,3,True,False,False,False,0.4000000059604645,4.0,0.40049970149993896,5,4043
360,28,4,7,True,10531,1,False,False,False,False,0.19999998807907104,1.0,0.5600000023841858,5,9961
360,29,10,1,True,10531,1,False,True,True,True,0.0,0.0,0.7924644947052002,10,8060
360,30,2,9,True,10531,1,False,True,True,True,0.0,0.0,0.22090721130371094,2,917
360,31,1,10,False,23,2,True,False,False,False,1.0954450368881226,8.0,1.0956276655197144,9,5775
8863,0,6,5,True,10531,1,False,False,False,False,0.20000001788139343,1.0,0.7002856731414795,7,1969
8863,1,10,1,True,10531,1,False,True,True,True,0.0,0.0,0.7402702569961548,10,3329
8863,2,2,9,True,10531,2,False,False,False,False,0.2828426957130432,2.0,0.3588871657848358,4,9520
8863,3,9,2,True,10531,2,False,False,False,False,0.19999998807907104,1.0,0.6415606141090393,10,3329
8863,4,9,2,True,10531,1,False,True,True,True,0.0,0.0,0.7613146305084229,9,8060
8863,5,11,0,True,10531,1,False,,,,,,0.7927168607711792,11,8060
8863,6,4,7,True,10531,4,False,False,False,False,0.20000001788139343,1.0,0.5153639912605286,5,9239
8863,7,5,6,True,10531,1,False,False,False,False,0.2828427255153656,2.0,0.6340346932411194,7,1957
8863,8,11,0,True,10531,1,False,,,,,,0.7927168607711792,11,8060
8863,9,10,1,True,10531,1,False,True,True,True,0.0,0.0,0.4939635396003723,10,8060
8863,10,10,1,True,10531,1,False,True,True,True,0.0,0.0,0.7924644947052002,10,8060
8863,11,1,10,False,10495,8,True,True,True,True,0.0,0.0,0.019999980926513672,1,341
8863,12,11,0,True,10531,1,False,,,,,,0.7927168607711792,11,8060
8863,13,1,10,False,10495,8,True,True,True,True,0.0,0.0,0.019999980926513672,1,6974
8863,14,10,1,True,10531,1,False,True,True,True,0.0,0.0,0.761577308177948,10,8060
8863,15,1,10,False,2992,2,True,True,True,True,0.0,0.0,0.019999995827674866,1,8118
8863,16,3,8,False,2,1,True,False,False,False,0.632455587387085,7.0,0.6334035396575928,10,8997
8863,17,10,1,True,10531,1,False,True,True,True,0.0,0.0,0.7924644947052002,10,8060
8863,18,3,8,False,1,1,True,False,False,False,1.2328827381134033,8.0,1.2333693504333496,11,26
8863,19,1,10,False,2992,2,True,True,True,True,0.0,0.0,0.019999995827674866,1,7152
8863,20,6,5,True,10531,4,False,False,False,False,0.19999998807907104,1.0,0.37202149629592896,7,2672
8863,21,1,10,False,10446,8,True,True,True,True,0.0,0.0,0.019999980926513672,1,6974
8863,22,3,8,False,1,1,True,False,False,False,0.8717797994613647,8.0,0.8724678158760071,11,8997
8863,23,11,0,True,10531,1,False,,,,,,0.7927168607711792,11,8060
8863,24,2,9,False,25,6,True,False,False,False,0.19999998807907104,1.0,0.20199008285999298,3,9122
8863,25,1,10,False,10446,8,True,True,True,True,0.0,0.0,0.019999980926513672,1,342
8863,26,8,3,True,10531,1,False,True,True,True,0.0,0.0,0.6474565863609314,8,9950
8863,27,8,3,True,10531,1,False,False,False,False,0.20000001788139343,1.0,0.7008566856384277,9,9382
8863,28,2,9,False,1,1,True,False,False,False,1.3266499042510986,9.0,1.3269513845443726,11,53
8863,29,2,9,False,510,1,True,False,False,False,0.4000000059604645,4.0,0.4009987413883209,6,4043
8863,30,7,4,True,10531,1,False,True,True,True,0.0,0.0,0.5681549310684204,7,3329
8863,31,1,10,False,5,1,True,False,False,False,0.8944272398948669,9.0,0.8946508169174194,10,8997
10310,0,11,0,True,10531,1,False,,,,,,0.7927168607711792,11,8060
10310,1,2,9,False,2,1,True,False,False,False,0.7483315467834473,6.0,0.7488658428192139,8,8997
10310,2,1,10,False,53,4,True,False,False,False,0.2828426957130432,2.0,0.2835489511489868,3,370
10310,3,3,8,True,10531,1,False,True,True,True,0.0,0.0,0.2218107283115387,3,5510
10310,4,6,5,True,10531,1,False,True,True,True,0.0,0.0,0.6086049675941467,6,9700
10310,5,1,10,False,3,1,True,False,False,False,0.9591663479804993,7.0,0.9593747854232788,8,8997
10310,6,9,2,True,10531,1,False,False,False,False,0.20000001788139343,1.0,0.8170679211616516,10,7267
10310,7,6,5,True,10531,1,False,False,False,False,0.20000001788139343,1.0,0.4841487407684326,7,2163
10310,8,11,0,True,10531,1,False,,,,,,0.7927168607711792,11,8060
10310,9,6,5,True,10531,1,False,False,False,False,0.19999998807907104,1.0,0.48414871096611023,7,9700
10310,10,1,10,False,26,3,True,False,False,False,0.20000001788139343,1.0,0.20099753141403198,2,10094
10310,11,2,9,True,10531,1,False,False,False,False,0.19999998807907104,1.0,0.4656178951263428,3,9863
10310,12,9,2,True,10531,2,False,False,False,False,0.19999998807907104,1.0,0.7665507793426514,10,9382
10310,13,5,6,True,10531,1,False,False,False,False,0.19999998807907104,1.0,0.6016644239425659,6,1960
10310,14,11,0,True,10531,1,False,,,,,,0.7927168607711792,11,8060
10310,15,4,7,True,10531,2,False,False,False,False,0.2828426957130432,2.0,0.4214261472225189,6,9520
10310,16,11,0,True,10531,1,False,,,,,,0.7927168607711792,11,8060
10310,17,2,9,True,10531,4,False,True,True,True,0.0,0.0,0.22090721130371094,2,5027
10310,18,10,1,True,10531,2,False,True,True,True,0.0,0.0,0.7402702569961548,10,9382
10310,19,8,3,True,10531,1,False,False,False,False,0.19999998807907104,1.0,0.7343024611473083,9,9382
10310,20,9,2,True,10531,1,False,True,True,True,0.0,0.0,0.7400000095367432,9,1969
10310,21,1,10,False,1620,22,True,True,True,True,0.0,0.0,0.02000001072883606,1,5313
10310,22,4,7,True,10531,9,False,True,True,True,0.0,0.0,0.31240999698638916,4,7099
10310,23,8,3,True,10531,2,False,False,False,False,0.2828426957130432,2.0,0.6717142462730408,10,8050
10310,24,9,2,True,10531,1,False,True,True,True,0.0,0.0,0.7400000095367432,9,1969
10310,25,10,1,True,10531,2,False,False,False,False,0.19999998807907104,1.0,0.7668116688728333,11,9382
10310,26,11,0,True,10531,1,False,,,,,,0.7927168607711792,11,8060
10310,27,4,7,True,10531,1,False,False,False,False,0.19999998807907104,1.0,0.6645299792289734,5,9863
10310,28,3,8,True,10531,1,False,True,True,True,0.0,0.0,0.5226854085922241,3,5839
10310,29,9,2,True,10531,1,False,True,True,True,0.0,0.0,0.7922121286392212,9,2163
10310,30,3,8,False,1,1,True,False,False,False,0.7483314871788025,6.0,0.7491328716278076,9,8997
10310,31,2,9,False,2,1,True,False,False,False,0.7483315467834473,6.0,0.7488658428192139,8,8997
4243,0,2,9,False,49,1,True,False,False,False,0.19999998807907104,1.0,0.20199008285999298,3,7614
4243,1,2,9,False,7,2,True,False,False,False,0.4472135901451111,5.0,0.4481070935726166,7,406
4243,2,3,8,True,10531,1,False,False,False,False,0.19999998807907104,1.0,0.5149757266044617,4,5840
4243,3,3,8,False,7,2,True,False,False,False,0.4472135901451111,2.0,0.4485532343387604,5,424
4243,4,7,4,True,10531,1,False,False,False,False,0.3464101552963257,3.0,0.561070442199707,10,4075
4243,5,2,9,False,23,6,True,False,False,False,0.3464101552963257,3.0,0.3475629389286041,5,10094
4243,6,2,9,False,510,2,True,False,False,False,0.19999998807907104,1.0,0.20199008285999298,3,1079
4243,7,3,8,False,1,1,True,False,False,False,0.8246210813522339,8.0,0.825348436832428,11,53
4243,8,4,7,True,10531,1,False,False,False,False,0.3464101552963257,3.0,0.6645299196243286,7,9700
4243,9,8,3,True,10531,1,False,False,False,False,0.19999998807907104,1.0,0.6026607751846313,9,6047
4243,10,2,9,False,53,1,True,False,False,False,0.4472135901451111,2.0,0.44810712337493896,4,7614
4243,11,9,2,True,10531,2,False,False,False,False,0.19999998807907104,1.0,0.7665507793426514,10,9382
4243,12,10,1,True,10531,1,False,False,False,False,0.19999998807907104,1.0,0.5329164862632751,11,8060
4243,13,7,4,True,10531,1,False,False,False,False,0.2828426957130432,2.0,0.634665310382843,9,7285
4243,14,10,1,True,10531,1,False,True,True,True,0.0,0.0,0.7402702569961548,10,8997
4243,15,6,5,True,10531,1,False,False,False,False,0.19999998807907104,1.0,0.7337574362754822,7,2605
4243,16,8,3,True,10531,1,False,True,True,True,0.0,0.0,0.6474565863609314,8,7204
4243,17,3,8,False,2,1,True,False,False,False,0.3999999761581421,4.0,0.40149715542793274,7,4152
4243,18,9,2,True,10531,2,False,False,False,False,0.19999998807907104,1.0,0.7665507793426514,10,3329
4243,19,9,2,True,10531,1,False,True,True,True,0.0,0.0,0.7400000095367432,9,8997
4243,20,4,7,True,10531,2,False,False,False,False,0.2828426957130432,2.0,0.42142611742019653,6,3312
4243,21,8,3,True,10531,1,False,False,False,False,0.3464101552963257,3.0,0.5614267587661743,11,4075
4243,22,11,0,True,10531,1,False,,,,,,0.7927168607711792,11,8060
4243,23,6,5,True,10531,1,False,False,False,False,0.2828426957130432,2.0,0.5953150391578674,8,2948
4243,24,1,10,False,573,2,True,False,False,False,0.19999998807907104,1.0,0.2009975016117096,2,1079
4243,25,4,7,False,1,1,True,False,False,False,0.4000000059604645,4.0,0.4019950032234192,8,9647
4243,26,2,9,True,10531,2,False,False,False,False,0.19999998807907104,1.0,0.4656178653240204,3,7229
4243,27,8,3,True,10531,1,False,True,True,True,0.0,0.0,0.6092618703842163,8,3329
4243,28,8,3,True,10531,1,False,False,False,False,0.19999998807907104,1.0,0.5754997730255127,9,4075
4243,29,11,0,True,10531,1,False,,,,,,0.7927168607711792,11,8060
4243,30,5,6,True,10531,1,False,True,True,True,0.0,0.0,0.3130495250225067,5,147
4243,31,3,8,True,10531,1,False,False,False,False,0.4472135901451111,2.0,0.5451605319976807,5,2669
2873,0,2,9,False,1,1,True,False,False,False,1.2806248664855957,7.0,1.2809371948242188,9,53
2873,1,10,1,True,10531,1,False,True,True,True,0.0,0.0,0.7924644947052002,10,8060
2873,2,9,2,True,10531,1,False,False,False,False,0.4000000059604645,1.0,0.6352952122688293,10,4075
2873,3,1,10,False,53,1,True,False,False,False,0.2828426957130432,2.0,0.2835489511489868,3,9647
2873,4,3,8,True,10531,1,False,False,False,False,0.34641018509864807,3.0,0.5149757266044617,6,4075
2873,5,5,6,True,10531,1,False,False,False,False,0.4898979365825653,3.0,0.6212890148162842,8,9382
2873,6,10,1,True,10531,1,False,True,True,True,0.0,0.0,0.7402702569961548,10,3329
2873,7,6,5,True,10531,1,False,False,False,False,0.2828427255153656,2.0,0.5238320231437683,8,4075
2873,8,6,5,True,10531,1,False,False,False,False,0.4472135901451111,2.0,0.722772479057312,8,9382
2873,9,7,4,True,10531,2,False,False,False,False,0.4472135901451111,2.0,0.7230491042137146,9,9382
2873,10,7,4,True,10531,1,False,False,False,False,0.2828426957130432,2.0,0.5242136716842651,9,9382
2873,11,5,6,True,10531,1,False,False,False,False,0.3464101552963257,3.0,0.4669046700000763,8,3329
2873,12,9,2,True,10531,1,False,True,True,True,0.0,0.0,0.5399999618530273,9,4075
2873,13,9,2,True,10531,1,False,False,False,False,0.2828426957130432,2.0,0.8411896228790283,11,4853
2873,14,8,3,True,10531,2,False,False,False,False,0.4472135901451111,2.0,0.8361818790435791,10,9382
2873,15,4,7,False,2,1,True,False,False,False,0.7483315467834473,5.0,0.7493997812271118,9,6271
2873,16,11,0,True,10531,1,False,,,,,,0.7927168607711792,11,8060
2873,17,2,9,False,2,1,True,False,False,False,0.7483315467834473,5.0,0.7488658428192139,7,6271
2873,18,1,10,False,23,1,True,False,False,False,0.3464101552963257,3.0,0.3469870090484619,4,2244
2873,19,11,0,True,10531,1,False,,,,,,0.7927168607711792,11,8060
2873,20,8,3,True,10531,1,False,False,False,False,0.6000000238418579,1.0,0.7766594886779785,9,8060
2873,21,6,5,True,10531,1,False,False,False,False,0.3464101552963257,3.0,0.5607138276100159,9,4853
2873,22,8,3,True,10531,2,False,True,True,True,0.0,0.0,0.7397297024726868,8,9382
2873,23,9,2,True,10531,1,False,False,False,False,0.19999998807907104,1.0,0.6415606141090393,10,8997
2873,24,3,8,False,2,1,True,False,False,False,0.6928203105926514,6.0,0.6936858296394348,9,8997
2873,25,5,6,True,10531,2,False,False,False,False,0.2828426957130432,2.0,0.6340347528457642,7,7171
2873,26,10,1,True,10531,1,False,True,True,True,0.0,0.0,0.7402702569961548,10,3329
2873,27,8,3,True,10531,1,False,False,False,False,0.19999998807907104,1.0,0.6412488222122192,9,5069
2873,28,9,2,True,10531,1,False,False,False,False,0.19999998807907104,1.0,0.6415606141090393,10,9382
2873,29,2,9,False,4,1,True,False,False,False,0.7211102843284607,7.0,0.7216647863388062,9,4853
2873,30,6,5,True,10531,1,False,False,False,False,0.4472135901451111,2.0,0.6280127167701721,8,9896
2873,31,11,0,True,10531,1,False,,,,,,0.7927168607711792,11,8060
2229,0,4,7,True,10531,7,False,False,False,False,0.44721361994743347,2.0,0.6881860494613647,6,9642
2229,1,8,3,True,10531,1,False,False,False,False,0.3464101552963257,3.0,0.8361818194389343,11,4853
2229,2,11,0,True,10531,1,False,,,,,,0.7927168607711792,11,8060
2229,3,1,10,False,5,1,True,False,False,False,0.7483315467834473,6.0,0.7485987544059753,7,8997
2229,4,10,1,True,10531,1,False,True,True,True,0.0,0.0,0.7402702569961548,10,8997
2229,5,6,5,True,10531,1,False,False,False,False,0.5656854510307312,2.0,0.6829348802566528,8,8060
2229,6,3,8,True,10531,1,False,True,True,True,0.0,0.0,0.3810511827468872,3,8296
2229,7,7,4,True,10531,2,False,False,False,False,0.4000000059604645,1.0,0.8116649985313416,8,9382
2229,8,7,4,True,10531,2,False,False,False,False,0.4472135901451111,2.0,0.8359426259994507,9,9382
2229,9,10,1,True,10531,1,False,True,True,True,0.0,0.0,0.7924644947052002,10,8060
2229,10,1,10,False,10446,3,True,True,True,True,0.0,0.0,0.019999980926513672,1,2229
2229,11,10,1,True,10531,1,False,True,True,True,0.0,0.0,0.4939635396003723,10,8060
2229,12,11,0,True,10531,1,False,,,,,,0.7927168607711792,11,8060
2229,13,11,0,True,10531,1,False,,,,,,0.7927168607711792,11,8060
2229,14,4,7,True,10531,9,False,False,False,False,0.19999998807907104,1.0,0.5600000023841858,5,8305
2229,15,8,3,True,10531,2,False,True,True,True,0.0,0.0,0.7397297024726868,8,3329
2229,16,9,2,True,10531,1,False,False,False,False,0.6324555277824402,2.0,0.8316248655319214,11,4853
2229,17,3,8,True,10531,1,False,True,True,True,0.0,0.0,0.31176915764808655,3,10226
2229,18,10,1,True,10531,1,False,True,True,True,0.0,0.0,0.7924644947052002,10,8060
2229,19,10,1,True,10531,1,False,True,True,True,0.0,0.0,0.7402702569961548,10,8997
2229,20,1,10,False,23,1,True,False,False,False,0.800000011920929,5.0,0.8002499938011169,6,7950
2229,21,3,8,True,10531,1,False,False,False,False,0.2828426957130432,2.0,0.5943063497543335,5,7254
2229,22,1,10,False,10446,3,True,True,True,True,0.0,0.0,0.019999980926513672,1,7182
2229,23,7,4,True,10531,1,False,False,False,False,0.4000000059604645,1.0,0.5956509113311768,8,8060
2229,24,5,6,True,10531,1,False,False,False,False,0.3464101552963257,3.0,0.6884766221046448,8,5640
2229,25,3,8,True,10531,1,False,True,True,True,0.0,0.0,0.4745524525642395,3,7379
2229,26,8,3,True,10531,1,False,False,False,False,0.20000001788139343,1.0,0.6412488222122192,9,1969
2229,27,9,2,True,10531,2,False,True,True,True,0.0,0.0,0.7400000095367432,9,3329
2229,28,7,4,True,10531,1,False,False,False,False,0.5656854510307312,2.0,0.6832276582717896,9,8060
2229,29,5,6,True,10531,1,False,False,False,False,0.19999998807907104,1.0,0.6403124332427979,6,1969
2229,30,4,7,True,10531,1,False,False,False,False,0.4000000059604645,4.0,0.65848308801651,8,6874
2229,31,3,8,False,1,1,True,False,False,False,1.039230465888977,5.0,1.039807677268982,8,26
10211,0,8,3,True,10531,1,False,False,False,False,0.2828426957130432,2.0,0.5685067772865295,10,4853
10211,1,11,0,True,10531,1,False,,,,,,0.7927168607711792,11,8060
10211,2,8,3,True,10531,2,False,True,True,True,0.0,0.0,0.7397297024726868,8,3329
10211,3,8,3,True,10531,1,False,False,False,False,0.2828426957130432,2.0,0.5685067772865295,10,4853
10211,4,2,9,False,23,1,True,False,False,False,0.5656853914260864,5.0,0.5663921236991882,7,7950
10211,5,2,9,True,10531,1,False,False,False,False,0.19999998807907104,1.0,0.2979932725429535,3,7299
10211,6,6,5,True,10531,1,False,False,False,False,0.5656854510307312,2.0,0.6829348802566528,8,8060
10211,7,11,0,True,10531,1,False,,,,,,0.7927168607711792,11,8060
10211,8,8,3,True,10531,1,False,False,False,False,0.2828426957130432,2.0,0.5685067772865295,10,4853
10211,9,8,3,True,10531,1,False,False,False,False,0.20000001788139343,1.0,0.484974205493927,9,8060
10211,10,1,10,False,5,1,True,False,False,False,0.8485281467437744,7.0,0.8487638831138611,8,8997
10211,11,9,2,True,10531,1,False,True,True,True,0.0,0.0,0.7400000095367432,9,3329
10211,12,6,5,True,10531,1,False,False,False,False,0.19999998807907104,1.0,0.5607138276100159,7,2963
10211,13,8,3,True,10531,1,False,False,False,False,0.2828426957130432,2.0,0.7610518932342529,10,6874
10211,14,4,7,True,10531,1,False,False,False,False,0.19999998807907104,1.0,0.5153639912605286,5,9647
10211,15,10,1,True,10531,2,False,True,True,True,0.0,0.0,0.7402702569961548,10,9382
10211,16,8,3,True,10531,1,False,False,False,False,0.4898979365825653,3.0,0.7504665851593018,11,9382
10211,17,6,5,True,10531,2,False,False,False,False,0.3464101552963257,3.0,0.6651315689086914,9,5066
10211,18,4,7,True,10531,4,False,False,False,False,0.19999998807907104,1.0,0.5600000023841858,5,354
10211,19,8,3,True,10531,1,False,False,False,False,0.4000000059604645,1.0,0.634980320930481,9,4075
10211,20,6,5,True,10531,1,False,False,False,False,0.4472135901451111,2.0,0.5885576009750366,8,7285
10211,21,6,5,True,10531,4,False,True,True,True,0.0,0.0,0.4758151173591614,6,4152
10211,22,5,6,True,10531,2,False,True,True,True,0.0,0.0,0.5674504637718201,5,2153
10211,23,4,7,True,10531,2,False,False,False,False,0.19999998807907104,1.0,0.6645299196243286,5,2573
10211,24,2,9,False,1,1,True,False,False,False,1.4142135381698608,8.0,1.4144964218139648,10,53
10211,25,2,9,False,10445,58,True,True,True,True,0.0,0.0,0.028284244239330292,2,832
10211,26,2,9,False,7,1,True,False,False,False,0.4472135603427887,2.0,0.44810712337493896,4,406
10211,27,7,4,True,10531,1,False,False,False,False,0.4000000059604645,1.0,0.5956509113311768,8,8060
10211,28,11,0,True,10531,1,False,,,,,,0.7927168607711792,11,8060
10211,29,1,10,False,2992,58,True,True,True,True,0.0,0.0,0.019999995827674866,1,794
10211,30,5,6,True,10531,2,False,False,False,False,0.19999998807907104,1.0,0.6403124332427979,6,7171
10211,31,7,4,True,10531,2,False,False,False,False,0.2828426957130432,2.0,0.634665310382843,9,8050
4538,0,9,2,True,10531,1,False,True,True,True,0.0,0.0,0.7613146305084229,9,6271
4538,1,7,4,True,10531,1,False,False,False,False,0.2828426957130432,2.0,0.6714164018630981,9,3329
4538,2,10,1,True,10531,1,False,True,True,True,0.0,0.0,0.7402702569961548,10,9382
4538,3,4,7,True,10531,1,False,False,False,False,0.2828426957130432,2.0,0.5946427583694458,6,5839
4538,4,1,10,False,3,1,True,False,False,False,1.058300495147705,9.0,1.058489441871643,10,8997
4538,5,1,10,False,5,1,True,False,False,False,1.058300495147705,9.0,1.058489441871643,10,8997
4538,6,9,2,True,10531,1,False,True,True,True,0.0,0.0,0.7922120690345764,9,8060
4538,7,8,3,True,10531,1,False,False,False,False,0.19999998807907104,1.0,0.6412487626075745,9,3329
4538,8,1,10,False,10446,117,True,True,True,True,0.0,0.0,0.019999980926513672,1,6657
4538,9,9,2,True,10531,1,False,True,True,True,0.0,0.0,0.49355849623680115,9,8060
4538,10,6,5,True,10531,1,False,False,False,False,0.2828426957130432,2.0,0.475815087556839,8,9382
4538,11,6,5,True,10531,1,False,False,False,False,0.19999998807907104,1.0,0.6019967198371887,7,10226
4538,12,9,2,True,10531,2,False,False,False,False,0.19999998807907104,1.0,0.6415606141090393,10,9382
4538,13,1,10,False,2992,22,True,True,True,True,0.0,0.0,0.019999995827674866,1,6708
4538,14,1,10,False,26,6,True,False,False,False,0.19999998807907104,1.0,0.2009975016117096,2,7308
4538,15,8,3,True,10531,1,False,False,False,False,0.20000001788139343,1.0,0.7662897706031799,9,9950
4538,16,6,5,True,10531,1,False,False,False,False,0.2828426957130432,2.0,0.7282856702804565,8,8954
4538,17,6,5,True,10531,1,False,False,False,False,0.4000000059604645,1.0,0.886792004108429,7,7267
4538,18,4,7,True,10531,1,False,False,False,False,0.20000001788139343,1.0,0.6997142434120178,5,5694
4538,19,3,8,True,10531,1,False,False,False,False,0.19999998807907104,1.0,0.3704051673412323,4,6105
4538,20,1,10,False,5,1,True,False,False,False,1.058300495147705,9.0,1.058489441871643,10,8997
4538,21,4,7,True,10531,1,False,False,False,False,0.20000001788139343,1.0,0.3709447383880615,5,8565
4538,22,5,6,True,10531,7,False,False,False,False,0.19999998807907104,1.0,0.5603570342063904,6,5991
4538,23,11,0,True,10531,1,False,,,,,,0.7927168607711792,11,8060
4538,24,7,4,True,10531,1,False,True,True,True,0.0,0.0,0.6471476554870605,7,1957
4538,25,10,1,True,10531,1,False,True,True,True,0.0,0.0,0.7924644947052002,10,8060
4538,26,7,4,True,10531,2,False,False,False,False,0.19999998807907104,1.0,0.6023288369178772,8,6344
4538,27,8,3,True,10531,1,False,False,False,False,0.20000001788139343,1.0,0.7343024611473083,9,9382
4538,28,11,0,True,10531,1,False,,,,,,0.7927168607711792,11,8060
4538,29,11,0,True,10531,1,False,,,,,,0.7927168607711792,11,8060
4538,30,7,4,True,10531,1,False,False,False,False,0.4000000059604645,1.0,0.7285602688789368,8,9950
4538,31,8,3,True,10531,1,False,False,False,False,0.4000000059604645,1.0,0.8872429132461548,9,7267
3611,0,1,10,False,1620,4,True,True,True,True,0.0,0.0,0.02000001072883606,1,5436
3611,1,8,3,True,10531,1,False,False,False,False,0.3999999761581421,1.0,0.6717142462730408,9,4075
3611,2,1,10,False,53,1,True,True,True,True,0.0,0.0,0.019999995827674866,1,406
3611,3,5,6,True,10531,2,False,False,False,False,0.19999998807907104,1.0,0.6276942491531372,6,9526
3611,4,9,2,True,10531,1,False,True,True,True,0.0,0.0,0.49355849623680115,9,8060
3611,5,3,8,True,10531,1,False,False,False,False,0.4472135901451111,2.0,0.5875372290611267,5,1969
3611,6,8,3,True,10531,2,False,False,False,False,0.19999998807907104,1.0,0.7662897706031799,9,5069
3611,7,10,1,True,10531,1,False,True,True,True,0.0,0.0,0.7402702569961548,10,8997
3611,8,7,4,True,10531,1,False,True,True,True,0.0,0.0,0.6714164614677429,7,9536
3611,9,2,9,True,10531,1,False,False,False,False,0.40000003576278687,1.0,0.5067543983459473,3,878
3611,10,10,1,True,10531,1,False,True,True,True,0.0,0.0,0.4939635396003723,10,8060
3611,11,4,7,True,10531,1,False,True,True,True,0.0,0.0,0.31240999698638916,4,7379
3611,12,9,2,True,10531,1,False,True,True,True,0.0,0.0,0.6477653980255127,9,1969
3611,13,4,7,True,10531,3,False,False,False,False,0.4000000059604645,1.0,0.65848308801651,5,6074
3611,14,8,3,True,10531,1,False,False,False,False,0.4472135901451111,2.0,0.8069697022438049,10,8997
3611,15,10,1,True,10531,1,False,True,True,True,0.0,0.0,0.7402702569961548,10,8997
3611,16,10,1,True,10531,1,False,True,True,True,0.0,0.0,0.7924644947052002,10,8060
3611,17,6,5,True,10531,1,False,False,False,False,0.2828426957130432,2.0,0.7605261206626892,8,5293
3611,18,9,2,True,10531,1,False,False,False,False,0.20000001788139343,1.0,0.4853864312171936,10,8060
3611,19,8,3,True,10531,1,False,False,False,False,0.19999998807907104,1.0,0.5321654081344604,9,1969
3611,20,4,7,True,10531,1,False,False,False,False,0.3464101552963257,3.0,0.5455272793769836,7,423
3611,21,1,10,False,53,1,True,True,True,True,0.0,0.0,0.019999995827674866,1,406
3611,22,9,2,True,10531,1,False,True,True,True,0.0,0.0,0.7922120690345764,9,8060
3611,23,2,9,False,10445,92,True,True,True,True,0.0,0.0,0.028284244239330292,2,5053
3611,24,3,8,True,10531,1,False,False,False,False,0.2828426957130432,2.0,0.5071489214897156,5,5640
3611,25,11,0,True,10531,1,False,,,,,,0.7927168607711792,11,8060
3611,26,6,5,True,10531,1,False,False,False,False,0.2828426957130432,2.0,0.634350061416626,8,8050
3611,27,11,0,True,10531,1,False,,,,,,0.7927168607711792,11,8060
3611,28,2,9,False,2,1,True,False,False,False,1.183215856552124,7.0,1.18355393409729,9,26
3611,29,7,4,True,10531,1,False,False,False,False,0.2828426957130432,2.0,0.6714164614677429,9,5069
3611,30,5,6,True,10531,3,False,False,False,False,0.4000000059604645,1.0,0.6587867736816406,6,6074
3611,31,2,9,False,3,1,True,False,False,False,0.5656853914260864,5.0,0.5663921236991882,7,8997
320,0,1,10,False,23,1,True,False,False,False,0.6324555277824402,7.0,0.6327716708183289,8,1162
320,1,10,1,True,10531,1,False,True,True,True,0.0,0.0,0.761577308177948,10,6271
320,2,9,2,True,10531,1,False,False,False,False,0.19999998807907104,1.0,0.5758472084999084,10,4075
320,3,5,6,True,10531,1,False,False,False,False,0.2828426957130432,2.0,0.4753945469856262,7,6097
320,4,4,7,True,10531,1,False,True,True,True,0.0,0.0,0.31240999698638916,4,9643
320,5,4,7,True,10531,1,False,False,False,False,0.19999998807907104,1.0,0.5600000023841858,5,9407
320,6,8,3,True,10531,1,False,False,False,False,0.6928203105926514,3.0,0.7919596433639526,11,8060
320,7,4,7,True,10531,1,False,True,True,True,0.0,0.0,0.31240999698638916,4,9643
320,8,5,6,True,10531,1,False,False,False,False,0.3999999761581421,4.0,0.7810249924659729,9,1960
320,9,11,0,True,10531,1,False,,,,,,0.7927168607711792,11,8060
320,10,10,1,True,10531,2,False,False,False,False,0.19999998807907104,1.0,0.7668116688728333,11,9382
320,11,11,0,True,10531,1,False,,,,,,0.7927168607711792,11,8060
320,12,11,0,True,10531,1,False,,,,,,0.7927168607711792,11,8060
320,13,4,7,True,10531,1,False,False,False,False,0.3999999761581421,4.0,0.5528109669685364,8,563
320,14,7,4,True,10531,1,False,True,True,True,0.0,0.0,0.6471475958824158,7,5808
320,15,6,5,True,10531,2,False,False,False,False,0.19999998807907104,1.0,0.7002857327461243,7,5670
320,16,10,1,True,10531,1,False,False,False,False,0.19999998807907104,1.0,0.846167802810669,11,4853
320,17,1,10,False,10446,263,True,True,True,True,0.0,0.0,0.019999980926513672,1,1369
320,18,2,9,False,2,1,True,False,False,False,0.8717797994613647,7.0,0.8722385764122009,9,6271
320,19,2,9,False,3,1,True,False,False,False,0.7211102843284607,7.0,0.7216647863388062,9,8997
320,20,4,7,True,10531,1,False,False,False,False,0.2828426957130432,2.0,0.5528110265731812,6,9710
320,21,11,0,True,10531,1,False,,,,,,0.7927168607711792,11,8060
320,22,6,5,True,10531,1,False,False,False,False,0.2828426957130432,2.0,0.634350061416626,8,8050
320,23,9,2,True,10531,2,False,False,False,False,0.19999998807907104,1.0,0.7665507793426514,10,3329
320,24,6,5,True,10531,1,False,True,True,True,0.0,0.0,0.3136877417564392,6,9536
320,25,2,9,True,10531,1,False,False,False,False,0.3464101552963257,3.0,0.4656178653240204,5,73
320,26,4,7,True,10531,2,False,False,False,False,0.3464101552963257,3.0,0.6645299196243286,7,9950
320,27,3,8,True,10531,1,False,True,True,True,0.0,0.0,0.4745524525642395,3,1620
320,28,7,4,True,10531,1,False,False,False,False,0.4898979663848877,3.0,0.6219325065612793,10,6271
320,29,4,7,True,10531,1,False,False,False,False,0.19999998807907104,1.0,0.3709447383880615,5,3295
320,30,8,3,True,10531,1,False,False,False,False,0.2828426957130432,2.0,0.7919596433639526,10,5293
320,31,3,8,True,10531,5,False,False,False,False,0.2828426957130432,2.0,0.6581793427467346,5,2336
6266,0,2,9,False,2932,11,True,True,True,True,0.0,0.0,0.028284255415201187,2,8199
6266,1,11,0,True,10531,1,False,,,,,,0.7927168607711792,11,8060
6266,2,4,7,True,10531,1,False,False,False,False,0.2828426957130432,2.0,0.5528110265731812,6,8954
6266,3,2,9,False,1,1,True,False,False,False,1.2961480617523193,9.0,1.2964566946029663,11,53
6266,4,1,10,False,23,1,True,False,False,False,1.039230465888977,8.0,1.039422869682312,9,7950
6266,5,1,10,False,23,1,True,False,False,False,1.039230465888977,8.0,1.039422869682312,9,7950
6266,6,6,5,True,10531,1,False,True,True,True,0.0,0.0,0.44090813398361206,6,10041
6266,7,8,3,True,10531,1,False,True,True,True,0.0,0.0,0.7610518932342529,8,10041
6266,8,3,8,True,10531,1,False,False,False,False,0.2828426957130432,2.0,0.5943063497543335,5,1960
6266,9,1,10,False,23,1,True,False,False,False,1.039230465888977,8.0,1.039422869682312,9,7950
6266,10,7,4,True,10531,1,False,False,False,False,0.19999998807907104,1.0,0.5317894220352173,8,4295
6266,11,1,10,False,10446,57,True,True,True,True,0.0,0.0,0.019999980926513672,1,6576
6266,12,4,7,True,10531,1,False,True,True,True,0.0,0.0,0.22271056473255157,4,2143
6266,13,3,8,True,10531,2,False,False,False,False,0.3464101552963257,3.0,0.4660471975803375,6,697
6266,14,8,3,True,10531,2,False,False,False,False,0.4000000059604645,1.0,0.8119113445281982,9,9382
6266,15,5,6,True,10531,1,False,False,False,False,0.3464101552963257,3.0,0.5882176756858826,8,255
6266,16,9,2,True,10531,2,False,False,False,False,0.19999998807907104,1.0,0.7665507793426514,10,9382
6266,17,5,6,False,1,1,True,False,False,False,1.058300495147705,6.0,1.059244990348816,11,26
6266,18,2,9,True,10531,1,False,False,False,False,0.19999998807907104,1.0,0.369864821434021,3,6105
6266,19,8,3,True,10531,1,False,False,False,False,0.20000001788139343,1.0,0.8168231248855591,9,7267
6266,20,10,1,True,10531,1,False,True,True,True,0.0,0.0,0.7720103859901428,10,1969
6266,21,3,8,True,10531,1,False,True,True,True,0.0,0.0,0.2218107283115387,3,7299
6266,22,10,1,True,10531,1,False,True,True,True,0.0,0.0,0.7924644947052002,10,8060
6266,23,8,3,True,10531,1,False,True,True,True,0.0,0.0,0.7397297024726868,8,3329
6266,24,3,8,True,10531,2,False,True,True,True,0.0,0.0,0.31176915764808655,3,9243
6266,25,1,10,False,573,2,True,False,False,False,0.2828426957130432,2.0,0.2835489511489868,3,8018
6266,26,8,3,True,10531,1,False,False,False,False,0.4000000059604645,1.0,0.595986545085907,9,8060
6266,27,5,6,True,10531,2,False,False,False,False,0.2828426957130432,2.0,0.5234500765800476,7,6873
6266,28,11,0,True,10531,1,False,,,,,,0.7927168607711792,11,8060
6266,29,5,6,True,10531,2,False,False,False,False,0.4000000059604645,4.0,0.6212890148162842,9,5670
6266,30,6,5,True,10531,1,False,False,False,False,0.6000000238418579,3.0,0.6770524382591248,9,8060
6266,31,5,6,True,10531,2,False,False,False,False,0.4000000059604645,4.0,0.7496666312217712,9,5670
3159,0,2,9,True,10531,1,False,False,False,False,0.19999998807907104,1.0,0.4656178653240204,3,7787
3159,1,4,7,True,10531,4,False,False,False,False,0.20000001788139343,1.0,0.5600000023841858,5,5437
3159,2,3,8,True,10531,1,False,False,False,False,0.2828426957130432,2.0,0.3594440221786499,5,4380
3159,3,1,10,False,1620,117,True,True,True,True,0.0,0.0,0.02000001072883606,1,9730
3159,4,1,10,False,10446,68,True,True,True,True,0.0,0.0,0.019999980926513672,1,3170
3159,5,10,1,True,10531,1,False,True,True,True,0.0,0.0,0.761577308177948,10,8060
3159,6,2,9,False,25,3,True,False,False,False,0.2828426957130432,2.0,0.28425341844558716,4,8912
3159,7,10,1,True,10531,1,False,True,True,True,0.0,0.0,0.8221921920776367,10,7267
3159,8,3,8,True,10531,4,False,False,False,False,0.2828426957130432,2.0,0.552449107170105,5,7361
3159,9,11,0,True,10531,1,False,,,,,,0.7927168607711792,11,8060
3159,10,10,1,True,10531,1,False,True,True,True,0.0,0.0,0.8221921920776367,10,7267
3159,11,1,10,False,26,3,True,False,False,False,0.2828426957130432,2.0,0.2835489511489868,3,8853
3159,12,8,3,True,10531,1,False,False,False,False,0.4000000059604645,1.0,0.595986545085907,9,8060
3159,13,6,5,True,10531,1,False,False,False,False,0.4000000059604645,1.0,0.6945502161979675,7,296
3159,14,2,9,False,2,1,True,False,False,False,1.2000000476837158,8.0,1.2003332376480103,10,26
3159,15,7,4,True,10531,1,False,True,True,True,0.0,0.0,0.7607890963554382,7,2163
3159,16,3,8,True,10531,8,False,False,False,False,0.19999998807907104,1.0,0.2986636757850647,4,6974
3159,17,6,5,True,10531,2,False,True,True,True,0.0,0.0,0.5238320827484131,6,6842
3159,18,1,10,False,26,3,True,False,False,False,0.2828426957130432,2.0,0.2835489511489868,3,8853
3159,19,9,2,True,10531,1,False,True,True,True,0.0,0.0,0.5399999618530273,9,7267
3159,20,7,4,True,10531,1,False,False,False,False,0.3999999761581421,1.0,0.5538952946662903,8,6271
3159,21,5,6,True,10531,1,False,False,False,False,0.19999998807907104,1.0,0.43127715587615967,6,9950
3159,22,3,8,False,1,1,True,False,False,False,1.1832159757614136,7.0,1.183722972869873,10,26
3159,23,6,5,True,10531,1,False,False,False,False,0.19999998807907104,1.0,0.4317406415939331,7,10496
3159,24,6,5,True,10531,1,False,False,False,False,0.4000000059604645,1.0,0.5535340905189514,7,10041
3159,25,1,10,False,1620,117,True,True,True,True,0.0,0.0,0.02000001072883606,1,4119
3159,26,8,3,True,10531,1,False,True,True,True,0.0,0.0,0.7397297024726868,8,1954
3159,27,7,4,True,10531,1,False,False,False,False,0.2828426957130432,2.0,0.6346652507781982,9,3329
3159,28,8,3,True,10531,1,False,False,False,False,0.19999998807907104,1.0,0.6412488222122192,9,5292
3159,29,3,8,False,2,1,True,False,False,False,0.9380831718444824,5.0,0.938722550868988,8,6271
3159,30,5,6,True,10531,1,False,False,False,False,0.2828426957130432,2.0,0.5531726479530334,7,8954
3159,31,8,3,True,10531,1,False,True,True,True,0.0,0.0,0.4418144226074219,8,8060
8264,0,2,9,False,220,8,True,False,False,False,0.4472135901451111,2.0,0.44810712337493896,4,772
8264,1,6,5,True,10531,2,False,False,False,False,0.4898979365825653,3.0,0.6590902805328369,9,9700
8264,2,4,7,False,1,1,True,False,False,False,0.6633250117301941,5.0,0.6645299196243286,9,6271
8264,3,8,3,True,10531,1,False,False,False,False,0.19999998807907104,1.0,0.7343024611473083,9,5069
8264,4,7,4,True,10531,1,False,False,False,False,0.6000000238418579,3.0,0.7448490262031555,10,7267
8264,5,7,4,True,10531,1,False,False,False,False,0.4898979663848877,3.0,0.6593936681747437,10,4075
8264,6,4,7,True,10531,1,False,False,False,False,0.19999998807907104,1.0,0.5600000023841858,5,9961
8264,7,1,10,False,1,1,True,False,False,False,1.1313707828521729,10.0,1.1315475702285767,11,53
8264,8,8,3,True,10531,1,False,False,False,False,0.19999998807907104,1.0,0.6412488222122192,9,3329
8264,9,2,9,False,1,1,True,False,False,False,0.4472135901451111,2.0,0.44810712337493896,4,6335
8264,10,10,1,True,10531,2,False,False,False,False,0.19999998807907104,1.0,0.7668116688728333,11,9382
8264,11,1,10,False,26,1,True,False,False,False,0.4000000059604645,4.0,0.40049970149993896,5,7830
8264,12,7,4,True,10531,1,False,False,False,False,0.4898979663848877,3.0,0.6948381066322327,10,4075
8264,13,5,6,True,10531,2,False,False,False,False,0.2828426957130432,2.0,0.7280110120773315,7,5670
8264,14,6,5,True,10531,1,False,False,False,False,0.2828426957130432,2.0,0.671118438243866,8,2669
8264,15,3,8,True,10531,1,False,False,False,False,0.3999999761581421,4.0,0.5071489214897156,7,6097
8264,16,7,4,True,10531,1,False,True,True,True,0.0,0.0,0.6471475958824158,7,5808
8264,17,3,8,True,10531,1,False,False,False,False,0.20000001788139343,1.0,0.5596427917480469,4,8940
8264,18,4,7,True,10531,1,False,False,False,False,0.2828426957130432,2.0,0.6939740777015686,6,9970
8264,19,11,0,True,10531,1,False,,,,,,0.7927168607711792,11,8060
8264,20,2,9,False,2,1,True,False,False,False,0.7745966911315918,4.0,0.7751129269599915,6,9647
8264,21,9,2,True,10531,2,False,False,False,False,0.20000001788139343,1.0,0.7345747351646423,10,3329
8264,22,6,5,True,10531,1,False,False,False,False,0.19999998807907104,1.0,0.6651315689086914,7,7739
8264,23,10,1,True,10531,1,False,True,True,True,0.0,0.0,0.761577308177948,10,6271
8264,24,6,5,True,10531,1,False,False,False,False,0.4000000059604645,1.0,0.5535341501235962,7,1120
8264,25,2,9,True,10531,1,False,False,False,False,0.19999998807907104,1.0,0.5145872235298157,3,927
8264,26,5,6,True,10531,2,False,False,False,False,0.2828426957130432,2.0,0.5949790477752686,7,5670
8264,27,1,10,False,3,1,True,False,False,False,1.039230465888977,8.0,1.039422869682312,9,8997
8264,28,9,2,True,10531,1,False,False,False,False,0.4000000059604645,1.0,0.6720119118690491,10,7267
8264,29,11,0,True,10531,1,False,,,,,,0.7927168607711792,11,8060
8264,30,2,9,False,2,1,True,False,False,False,1.1999999284744263,9.0,1.2003332376480103,11,53
8264,31,4,7,True,10531,1,False,False,False,False,0.19999998807907104,1.0,0.430813193321228,5,8191
5814,0,3,8,True,10531,1,False,False,False,False,0.19999998807907104,1.0,0.5149757266044617,4,8085
5814,1,1,10,False,1620,77,True,True,True,True,0.0,0.0,0.02000001072883606,1,7123
5814,2,3,8,True,10531,1,False,False,False,False,0.2828426957130432,2.0,0.4209512770175934,5,9950
5814,3,7,4,True,10531,1,False,False,False,False,0.44721361994743347,2.0,0.5888972878456116,9,8060
5814,4,3,8,True,10531,1,False,False,False,False,0.2828426957130432,2.0,0.3594440221786499,5,9706
5814,5,7,4,True,10531,1,False,False,False,False,0.2828426957130432,2.0,0.7285602688789368,9,3329
5814,6,9,2,True,10531,1,False,False,False,False,0.20000001788139343,1.0,0.6415606141090393,10,9382
5814,7,10,1,True,10531,1,False,True,True,True,0.0,0.0,0.4939635396003723,10,8060
5814,8,3,8,True,10531,6,False,True,True,True,0.0,0.0,0.31176915764808655,3,360
5814,9,1,10,False,53,3,True,False,False,False,0.2828426957130432,2.0,0.28354892134666443,3,6475
5814,10,1,10,False,10495,50,True,True,True,True,0.0,0.0,0.019999980926513672,1,7772
5814,11,4,7,True,10531,1,False,False,False,False,0.19999998807907104,1.0,0.43081316351890564,5,429
5814,12,11,0,True,10531,1,False,,,,,,0.7927168607711792,11,8060
5814,13,2,9,True,10531,19,False,True,True,True,0.0,0.0,0.22090721130371094,2,514
5814,14,10,1,True,10531,1,False,False,False,False,0.3999999761581421,1.0,0.6723094582557678,11,4075
5814,15,11,0,True,10531,1,False,,,,,,0.7927168607711792,11,8060
5814,16,4,7,True,10531,8,False,False,False,False,0.19999998807907104,1.0,0.29933255910873413,5,4278
5814,17,7,4,True,10531,1,False,True,True,True,0.0,0.0,0.7607890963554382,7,2163
5814,18,9,2,True,10531,1,False,False,False,False,0.20000001788139343,1.0,0.7560423612594604,10,8060
5814,19,3,8,False,3,2,True,False,False,False,0.2828426957130432,2.0,0.2849561274051666,5,419
5814,20,3,8,False,7,1,True,False,False,False,0.3464101552963257,3.0,0.34813788533210754,6,8865
5814,21,8,3,True,10531,1,False,False,False,False,0.4000000059604645,1.0,0.55425626039505,9,8060
5814,22,2,9,False,1,1,True,False,False,False,1.0,8.0,1.0003999471664429,10,8997
5814,23,8,3,True,10531,1,False,True,True,True,0.0,0.0,0.8504117131233215,8,9961
5814,24,8,3,True,10531,1,False,False,False,False,0.20000001788139343,1.0,0.7557777762413025,9,8060
5814,25,1,10,False,573,1,True,False,False,False,0.3464101552963257,3.0,0.3469870388507843,4,4043
5814,26,1,10,False,3,1,True,False,False,False,1.0,8.0,1.0002000331878662,9,8997
5814,27,11,0,True,10531,1,False,,,,,,0.7927168607711792,11,8060
5814,28,8,3,True,10531,1,False,False,False,False,0.19999998807907104,1.0,0.6776430010795593,9,1957
5814,29,4,7,False,1,1,True,False,False,False,0.9797959327697754,7.0,0.9806120991706848,11,53
5814,30,10,1,True,10531,1,False,True,True,True,0.0,0.0,0.761577308177948,10,6271
5814,31,3,8,True,10531,1,False,True,True,True,0.0,0.0,0.31176915764808655,3,8565
941,0,7,4,True,10531,1,False,False,False,False,0.4472135901451111,2.0,0.7555131316184998,9,5808
941,1,8,3,True,10531,1,False,False,False,False,0.19999998807907104,1.0,0.6026607751846313,9,8997
941,2,7,4,True,10531,1,False,True,True,True,0.0,0.0,0.6471475958824158,7,1954
941,3,5,6,True,10531,1,False,False,False,False,0.3464101552963257,3.0,0.7224956750869751,8,4046
941,4,6,5,True,10531,1,False,False,False,False,0.4472135901451111,2.0,0.6887670755386353,8,8997
941,5,3,8,False,22,1,True,False,False,False,0.4472135901451111,5.0,0.4485531747341156,8,1162
941,6,5,6,True,10531,2,False,False,False,False,0.2828426957130432,2.0,0.7280110120773315,7,5839
941,7,9,2,True,10531,1,False,False,False,False,0.4472135901451111,2.0,0.6289674043655396,11,8060
941,8,1,10,False,573,3,True,True,True,True,0.0,0.0,0.019999995827674866,1,3426
941,9,11,0,True,10531,1,False,,,,,,0.7927168607711792,11,8060
941,10,1,10,False,5,1,True,False,False,False,1.0198038816452026,7.0,1.0199999809265137,8,8997
941,11,1,10,False,53,1,True,False,False,False,0.4000000059604645,1.0,0.40049970149993896,2,10054
941,12,4,7,True,10531,1,False,False,False,False,0.2828426957130432,2.0,0.5946427583694458,6,7206
941,13,7,4,True,10531,1,False,False,False,False,0.2828426957130432,2.0,0.7917070388793945,9,5293
941,14,9,2,True,10531,1,False,True,True,True,0.0,0.0,0.8219488859176636,9,7267
941,15,8,3,True,10531,1,False,False,False,False,0.2828426957130432,2.0,0.7919596433639526,10,2669
941,16,3,8,True,10531,5,False,True,True,True,0.0,0.0,0.3810511827468872,3,4936
941,17,7,4,True,10531,1,False,False,False,False,0.2828426957130432,2.0,0.5956509113311768,9,2948
941,18,9,2,True,10531,1,False,True,True,True,0.0,0.0,0.7400000095367432,9,8997
941,19,9,2,True,10531,1,False,False,False,False,0.19999998807907104,1.0,0.5758472084999084,10,7267
941,20,5,6,True,10531,1,False,False,False,False,0.3464101552963257,3.0,0.515751838684082,8,6097
941,21,11,0,True,10531,1,False,,,,,,0.7927168607711792,11,8060
941,22,8,3,True,10531,1,False,True,True,True,0.0,0.0,0.8504117131233215,8,9961
941,23,3,8,True,10531,1,False,False,False,False,0.19999998807907104,1.0,0.6642289161682129,4,831
941,24,1,10,False,53,1,True,False,False,False,0.4000000059604645,1.0,0.40049970149993896,2,10054
941,25,2,9,False,1,1,True,False,False,False,1.2000000476837158,8.0,1.2003333568572998,10,26
941,26,2,9,False,1,1,True,False,False,False,1.1135529279708862,9.0,1.1139119863510132,11,53
941,27,11,0,True,10531,1,False,,,,,,0.7927168607711792,11,8060
941,28,8,3,True,10531,1,False,False,False,False,0.19999998807907104,1.0,0.6412487626075745,9,7285
941,29,11,0,True,10531,1,False,,,,,,0.7927168607711792,11,8060
941,30,5,6,True,10531,1,False,False,False,False,0.19999998807907104,1.0,0.6016643643379211,6,8306
941,31,5,6,True,10531,1,False,False,False,False,0.19999998807907104,1.0,0.43127715587615967,6,6436
5757,0,5,6,True,10531,2,False,False,False,False,0.19999998807907104,1.0,0.43127715587615967,6,8333
5757,1,2,9,False,7,1,True,False,False,False,0.2828426957130432,2.0,0.28425341844558716,4,424
5757,2,5,6,True,10531,1,False,False,False,False,0.2828427255153656,2.0,0.4219004511833191,7,8060
5757,3,9,2,True,10531,1,False,True,True,True,0.0,0.0,0.7400000691413879,9,1969
5757,4,11,0,True,10531,1,False,,,,,,0.7927168607711792,11,8060
5757,5,2,9,False,1,1,True,False,False,False,1.3711308240890503,9.0,1.3714226484298706,11,53
5757,6,1,10,False,10495,146,True,True,True,True,0.0,0.0,0.019999980926513672,1,9236
5757,7,1,10,False,23,1,True,False,False,False,1.0198038816452026,7.0,1.0199999809265137,8,7950
5757,8,9,2,True,10531,2,False,False,False,False,0.20000001788139343,1.0,0.7345747351646423,10,9382
5757,9,9,2,True,10531,1,False,True,True,True,0.0,0.0,0.7922121286392212,9,8060
5757,10,7,4,True,10531,1,False,False,False,False,0.2828426957130432,2.0,0.5242136716842651,9,3329
5757,11,8,3,True,10531,1,False,False,False,False,0.20000001788139343,1.0,0.7662897706031799,9,1969
5757,12,10,1,True,10531,1,False,True,True,True,0.0,0.0,0.4939635396003723,10,8060
5757,13,10,1,True,10531,2,False,False,False,False,0.19999998807907104,1.0,0.7668116688728333,11,9382
5757,14,5,6,True,10531,3,False,True,True,True,0.0,0.0,0.382099449634552,5,1953
5757,15,5,6,False,1,1,True,False,False,False,0.8485281467437744,4.0,0.8497058749198914,9,26
5757,16,11,0,True,10531,1,False,,,,,,0.7927168607711792,11,8060
5757,17,6,5,True,10531,1,False,False,False,False,0.20000001788139343,1.0,0.7552483081817627,7,10041
5757,18,7,4,True,10531,1,False,True,True,True,0.0,0.0,0.49274739623069763,7,7267
5757,19,7,4,True,10531,1,False,False,False,False,0.2828426957130432,2.0,0.5242137312889099,9,9382
5757,20,1,10,False,2992,5,True,True,True,True,0.0,0.0,0.019999995827674866,1,8342
5757,21,1,10,False,1,1,True,False,False,False,1.3856406211853027,10.0,1.3857849836349487,11,53
5757,22,7,4,True,10531,1,False,False,False,False,0.3464101552963257,3.0,0.6283311247825623,10,9382
5757,23,5,6,True,10531,1,False,False,False,False,0.19999998807907104,1.0,0.48373547196388245,6,4295
5757,24,4,7,False,1,1,True,False,False,False,0.632455587387085,4.0,0.6337192058563232,8,8060
5757,25,8,3,True,10531,1,False,False,False,False,0.20000001788139343,1.0,0.6412488222122192,9,1969
5757,26,6,5,True,10531,1,False,True,True,True,0.0,0.0,0.7391887903213501,6,1954
5757,27,8,3,True,10531,1,False,True,True,True,0.0,0.0,0.6474565863609314,8,9950
5757,28,2,9,False,4,1,True,False,False,False,1.0583006143569946,6.0,1.058678388595581,8,6271
5757,29,9,2,True,10531,2,False,True,True,True,0.0,0.0,0.7400000095367432,9,3329
5757,30,5,6,True,10531,1,False,False,False,False,0.3464101552963257,3.0,0.6276941895484924,8,9382
5757,31,7,4,True,10531,1,False,True,True,True,0.0,0.0,0.6089335083961487,7,1954
5880,0,1,10,False,1620,3,True,False,False,False,0.19999998807907104,1.0,0.2009975016117096,2,7182
5880,1,1,10,False,3,1,True,False,False,False,0.6928203105926514,4.0,0.6931089758872986,5,8997
5880,2,8,3,True,10531,1,False,False,False,False,0.3464101552963257,3.0,0.7868926525115967,11,6874
5880,3,10,1,True,10531,1,False,True,True,True,0.0,0.0,0.7924644947052002,10,8060
5880,4,7,4,True,10531,2,False,False,False,False,0.19999998807907104,1.0,0.7660287618637085,8,8050
5880,5,3,8,False,2,2,True,False,False,False,0.9165151119232178,7.0,0.9171695709228516,10,7522
5880,6,3,8,True,10531,7,False,False,False,False,0.4000000059604645,1.0,0.6581793427467346,4,6376
5880,7,8,3,True,10531,1,False,False,False,False,0.4472135901451111,2.0,0.6286493539810181,10,8060
5880,8,4,7,True,10531,1,False,False,False,False,0.3464101552963257,3.0,0.5878775715827942,7,7254
5880,9,8,3,True,10531,1,False,False,False,False,0.4472135901451111,2.0,0.6657326817512512,10,4075
5880,10,11,0,True,10531,1,False,,,,,,0.7927168607711792,11,8060
5880,11,1,10,False,23,2,True,False,False,False,0.6928203105926514,6.0,0.6931089162826538,7,7950
5880,12,10,1,True,10531,1,False,False,False,False,0.20000001788139343,1.0,0.7668116092681885,11,3329
5880,13,11,0,True,10531,1,False,,,,,,0.7927168607711792,11,8060
5880,14,7,4,True,10531,7,False,False,False,False,0.4000000059604645,1.0,0.6948381662368774,8,3907
5880,15,1,10,False,573,5,True,False,False,False,0.19999998807907104,1.0,0.2009975016117096,2,1070
5880,16,5,6,True,10531,1,False,False,False,False,0.3464101552963257,3.0,0.6276941895484924,8,7254
5880,17,5,6,True,10531,2,False,False,False,False,0.4000000059604645,1.0,0.5079370141029358,6,4092
5880,18,4,7,True,10531,1,False,False,False,False,0.19999998807907104,1.0,0.466476172208786,5,4152
5880,19,9,2,True,10531,1,False,False,False,False,0.20000001788139343,1.0,0.6415606141090393,10,3329
5880,20,8,3,True,10531,1,False,True,True,True,0.0,0.0,0.5685067772865295,8,8997
5880,21,6,5,True,10531,1,False,False,False,False,0.4472135901451111,2.0,0.722772479057312,8,1969
5880,22,11,0,True,10531,1,False,,,,,,0.7927168607711792,11,8060
5880,23,1,10,False,1,1,True,False,False,False,1.4142135381698608,10.0,1.4143550395965576,11,53
5880,24,1,10,False,53,2,True,False,False,False,0.4472135901451111,5.0,0.44766056537628174,6,424
5880,25,11,0,True,10531,1,False,,,,,,0.7927168607711792,11,8060
5880,26,9,2,True,10531,1,False,False,False,False,0.19999998807907104,1.0,0.6415606141090393,10,8997
5880,27,11,0,True,10531,1,False,,,,,,0.7927168607711792,11,8060
5880,28,8,3,True,10531,1,False,False,False,False,0.19999998807907104,1.0,0.6026607751846313,9,9382
5880,29,7,4,True,10531,1,False,False,False,False,0.2828426957130432,2.0,0.6714164614677429,9,5069
5880,30,2,9,False,220,3,True,False,False,False,0.19999998807907104,1.0,0.20199008285999298,3,2229
5880,31,9,2,True,10531,1,False,False,False,False,0.3999999761581421,1.0,0.6720119118690491,10,4075
6602,0,2,9,True,10531,1,False,True,True,True,0.0,0.0,0.42047592997550964,2,4527
6602,1,3,8,False,1,1,True,False,False,False,1.058300495147705,6.0,1.058867335319519,9,26
6602,2,1,10,False,53,2,True,False,False,False,0.19999998807907104,1.0,0.2009975016117096,2,424
6602,3,10,1,True,10531,1,False,True,True,True,0.0,0.0,0.761577308177948,10,8060
6602,4,6,5,True,10531,1,False,False,False,False,0.34641018509864807,3.0,0.6280127763748169,9,9382
6602,5,3,8,True,10531,1,False,True,True,True,0.0,0.0,0.42095130681991577,3,4527
6602,6,4,7,True,10531,1,False,False,False,False,0.2828427255153656,2.0,0.6337192058563232,6,1969
6602,7,7,4,True,10531,1,False,True,True,True,0.0,0.0,0.7394593358039856,7,1969
6602,8,7,4,True,10531,1,False,False,False,False,0.20000001788139343,1.0,0.48456165194511414,8,8060
6602,9,9,2,True,10531,1,False,False,False,False,0.4000000059604645,1.0,0.5963220596313477,10,8060
6602,10,4,7,True,10531,5,False,True,True,True,0.0,0.0,0.31240999698638916,4,8342
6602,11,3,8,True,10531,2,False,True,True,True,0.0,0.0,0.4745524525642395,3,8118
6602,12,2,9,True,10531,2,False,True,True,True,0.0,0.0,0.22090721130371094,2,8118
6602,13,4,7,True,10531,1,False,False,False,False,0.2828427255153656,2.0,0.6337192058563232,6,1969
6602,14,7,4,True,10531,1,False,False,False,False,0.40000003576278687,1.0,0.634665310382843,8,8060
6602,15,10,1,True,10531,1,False,True,True,True,0.0,0.0,0.7924644947052002,10,8060
6602,16,7,4,True,10531,2,False,False,False,False,0.2828426957130432,2.0,0.7607890963554382,9,5293
6602,17,11,0,True,10531,1,False,,,,,,0.7927168607711792,11,8060
6602,18,10,1,True,10531,2,False,False,False,False,0.19999998807907104,1.0,0.7668116092681885,11,3329
6602,19,4,7,False,1,1,True,False,False,False,1.0770329236984253,7.0,1.077775478363037,11,26
6602,20,5,6,True,10531,1,False,False,False,False,0.19999998807907104,1.0,0.48373547196388245,6,3329
6602,21,9,2,True,10531,1,False,True,True,True,0.0,0.0,0.7922120690345764,9,8060
6602,22,10,1,True,10531,2,False,False,False,False,0.19999998807907104,1.0,0.7668116688728333,11,9382
6602,23,10,1,True,10531,1,False,False,False,False,0.20000001788139343,1.0,0.7874007821083069,11,8060
6602,24,7,4,True,10531,1,False,True,True,True,0.0,0.0,0.6089335083961487,7,3329
6602,25,1,10,False,2992,14,True,True,True,True,0.0,0.0,0.019999995827674866,1,9372
6602,26,5,6,False,1,1,True,False,False,False,1.058300495147705,6.0,1.059244990348816,11,26
6602,27,10,1,True,10531,1,False,True,True,True,0.0,0.0,0.7402702569961548,10,3329
6602,28,10,1,True,10531,1,False,True,True,True,0.0,0.0,0.7402702569961548,10,3329
6602,29,4,7,True,10531,1,False,False,False,False,0.2828427255153656,2.0,0.5946427583694458,6,1969
6602,30,8,3,True,10531,1,False,False,False,False,0.20000001788139343,1.0,0.7343024611473083,9,3329
6602,31,10,1,True,10531,1,False,True,True,True,0.0,0.0,0.7402702569961548,10,3329
5977,0,5,6,True,10531,1,False,False,False,False,0.19999998807907104,1.0,0.43127715587615967,6,7258
5977,1,4,7,True,10531,1,False,False,False,False,0.3464101552963257,3.0,0.5153639316558838,7,9700
5977,2,6,5,True,10531,1,False,False,False,False,0.2828426957130432,2.0,0.475815087556839,8,10496
5977,3,6,5,True,10531,4,False,False,False,False,0.19999998807907104,1.0,0.5607138276100159,7,6892
5977,4,2,9,True,10531,1,False,False,False,False,0.2828427255153656,2.0,0.3588871657848358,4,7604
5977,5,11,0,True,10531,1,False,,,,,,0.7927168607711792,11,8060
5977,6,5,6,True,10531,1,False,True,True,True,0.0,0.0,0.5674504637718201,5,1957
5977,7,8,3,True,10531,1,False,True,True,True,0.0,0.0,0.7610518932342529,8,10041
5977,8,7,4,True,10531,1,False,False,False,False,0.44721361994743347,2.0,0.5888972878456116,9,8060
5977,9,7,4,True,10531,1,False,False,False,False,0.20000001788139343,1.0,0.7660287618637085,8,9950
5977,10,8,3,True,10531,1,False,False,False,False,0.4472135901451111,2.0,0.6657326817512512,10,4075
5977,11,6,5,True,10531,1,False,False,False,False,0.20000001788139343,1.0,0.722772479057312,7,10041
5977,12,8,3,True,10531,1,False,False,False,False,0.20000001788139343,1.0,0.484974205493927,9,8060
5977,13,7,4,True,10531,1,False,False,False,False,0.2828427255153656,2.0,0.7285602688789368,9,1969
5977,14,8,3,True,10531,1,False,False,False,False,0.2828427255153656,2.0,0.4766550064086914,10,8060
5977,15,3,8,False,1,1,True,False,False,False,0.2828426957130432,2.0,0.2849561274051666,5,6335
5977,16,10,1,True,10531,1,False,False,False,False,0.20000001788139343,1.0,0.7874007821083069,11,8060
5977,17,10,1,True,10531,1,False,True,True,True,0.0,0.0,0.8221921920776367,10,7267
5977,18,8,3,True,10531,1,False,False,False,False,0.20000001788139343,1.0,0.7868925929069519,9,7267
5977,19,1,10,False,1620,47,True,True,True,True,0.0,0.0,0.02000001072883606,1,9417
5977,20,4,7,True,10531,1,False,False,False,False,0.3464101552963257,3.0,0.5153639316558838,7,9119
5977,21,6,5,True,10531,1,False,False,False,False,0.2828427255153656,2.0,0.6711184978485107,8,9950
5977,22,4,7,False,1,1,True,False,False,False,1.1135528087615967,6.0,1.1142709255218506,10,26
5977,23,1,10,False,1,1,True,False,False,False,1.2328827381134033,10.0,1.233044981956482,11,53
5977,24,4,7,True,10531,8,False,True,True,True,0.0,0.0,0.4214261770248413,4,8354
5977,25,8,3,True,10531,1,False,False,False,False,0.4000000059604645,1.0,0.595986545085907,9,8060
5977,26,6,5,True,10531,1,False,True,True,True,0.0,0.0,0.5238320827484131,6,5991
5977,27,9,2,True,10531,2,False,False,False,False,0.19999998807907104,1.0,0.7665507793426514,10,3329
5977,28,11,0,True,10531,1,False,,,,,,0.7927168607711792,11,8060
5977,29,7,4,True,10531,1,False,False,False,False,0.19999998807907104,1.0,0.48456165194511414,8,10496
5977,30,8,3,True,10531,1,False,True,True,True,0.0,0.0,0.7610518932342529,8,10041
5977,31,3,8,True,10531,1,False,False,False,False,0.20000001788139343,1.0,0.3704051673412323,4,7604
7959,0,3,8,False,3,1,True,False,False,False,0.2828426957130432,2.0,0.2849561274051666,5,419
7959,1,10,1,True,10531,1,False,True,True,True,0.0,0.0,0.7924644947052002,10,8060
7959,2,8,3,True,10531,1,False,False,False,False,0.19999998807907104,1.0,0.6026607751846313,9,6047
7959,3,3,8,True,10531,1,False,False,False,False,0.19999998807907104,1.0,0.3704051673412323,4,9353
7959,4,6,5,True,10531,1,False,False,False,False,0.4472135901451111,2.0,0.722772479057312,8,3329
7959,5,8,3,True,10531,1,False,False,False,False,0.2828426957130432,2.0,0.5245950818061829,10,10041
7959,6,8,3,True,10531,1,False,True,True,True,0.0,0.0,0.6092618703842163,8,7285
7959,7,1,10,False,2992,13,True,True,True,True,0.0,0.0,0.019999995827674866,1,1081
7959,8,9,2,True,10531,1,False,True,True,True,0.0,0.0,0.5399999618530273,9,4075
7959,9,2,9,False,1,1,True,False,False,False,1.1489125490188599,8.0,1.1492606401443481,10,53
7959,10,2,9,False,540,7,True,True,True,True,0.0,0.0,0.028284255415201187,2,7482
7959,11,4,7,True,10531,2,False,False,False,False,0.4898979365825653,3.0,0.716658890247345,7,5066
7959,12,9,2,True,10531,1,False,True,True,True,0.0,0.0,0.5399999618530273,9,4075
7959,13,7,4,True,10531,1,False,False,False,False,0.4898979365825653,3.0,0.6948381066322327,10,7267
7959,14,10,1,True,10531,1,False,True,True,True,0.0,0.0,0.5403702259063721,10,4075
7959,15,6,5,True,10531,1,False,False,False,False,0.4898979365825653,3.0,0.6590902805328369,9,2163
7959,16,11,0,True,10531,1,False,,,,,,0.7927168607711792,11,8060
7959,17,10,1,True,10531,1,False,True,True,True,0.0,0.0,0.7924644947052002,10,8060
7959,18,10,1,True,10531,1,False,True,True,True,0.0,0.0,0.7720103859901428,10,1969
7959,19,11,0,True,10531,1,False,,,,,,0.7927168607711792,11,8060
7959,20,6,5,True,10531,1,False,False,False,False,0.19999998807907104,1.0,0.4317406415939331,7,6047
7959,21,8,3,True,10531,1,False,False,False,False,0.6000000238418579,3.0,0.7121797800064087,11,8060
7959,22,2,9,False,1,1,True,False,False,False,1.2328827381134033,8.0,1.233207106590271,10,53
7959,23,5,6,True,10531,1,False,False,False,False,0.4472135901451111,2.0,0.6884766221046448,7,563
7959,24,7,4,True,10531,1,False,False,False,False,0.40000003576278687,1.0,0.5956509709358215,8,6271
7959,25,9,2,True,10531,1,False,False,False,False,0.4000000059604645,1.0,0.8411896824836731,10,1969
7959,26,9,2,True,10531,2,False,False,False,False,0.19999998807907104,1.0,0.7665507793426514,10,3329
7959,27,5,6,True,10531,1,False,False,False,False,0.2828426957130432,2.0,0.6942622661590576,7,10478
7959,28,9,2,True,10531,1,False,False,False,False,0.2828426957130432,2.0,0.8411896228790283,11,4853
7959,29,7,4,True,10531,1,False,False,False,False,0.4472135901451111,2.0,0.6283311247825623,9,8060
7959,30,9,2,True,10531,1,False,True,True,True,0.0,0.0,0.7922121286392212,9,8060
7959,31,9,2,True,10531,1,False,False,False,False,0.4472135901451111,2.0,0.9097252488136292,11,7267
824,0,3,8,False,1,1,True,False,False,False,1.216552495956421,7.0,1.217045545578003,10,26
824,1,11,0,True,10531,1,False,,,,,,0.7927168607711792,11,8060
824,2,2,9,False,2,1,True,False,False,False,0.2828426957130432,2.0,0.28425338864326477,4,4152
824,3,6,5,True,10531,1,False,False,False,False,0.2828427255153656,2.0,0.475815087556839,8,8060
824,4,2,9,False,53,4,True,False,False,False,0.19999998807907104,1.0,0.20199008285999298,3,370
824,5,2,9,False,52,4,True,False,False,False,0.19999998807907104,1.0,0.20199008285999298,3,422
824,6,9,2,True,10531,2,False,False,False,False,0.20000001788139343,1.0,0.7345747351646423,10,9382
824,7,8,3,True,10531,1,False,False,False,False,0.19999998807907104,1.0,0.6412488222122192,9,3329
824,8,5,6,True,10531,1,False,False,False,False,0.2828426957130432,2.0,0.5949790477752686,7,1960
824,9,11,0,True,10531,1,False,,,,,,0.7927168607711792,11,8060
824,10,7,4,True,10531,4,False,True,True,True,0.0,0.0,0.5681549310684204,7,2966
824,11,6,5,True,10531,1,False,False,False,False,0.2828427255153656,2.0,0.475815087556839,8,8060
824,12,3,8,True,10531,3,False,False,False,False,0.2828426957130432,2.0,0.4209512770175934,5,2426
824,13,3,8,True,10531,1,False,False,False,False,0.2828426957130432,2.0,0.5071489214897156,5,4527
824,14,3,8,True,10531,1,False,True,True,True,0.0,0.0,0.4745524525642395,3,5175
824,15,5,6,True,10531,1,False,False,False,False,0.19999998807907104,1.0,0.4669046998023987,6,8316
824,16,3,8,True,10531,2,False,True,True,True,0.0,0.0,0.2218107283115387,3,2142
824,17,5,6,True,10531,1,False,False,False,False,0.2828426957130432,2.0,0.5949789881706238,7,255
824,18,8,3,True,10531,1,False,False,False,False,0.20000001788139343,1.0,0.7343024611473083,9,9382
824,19,10,1,True,10531,1,False,True,True,True,0.0,0.0,0.8221921920776367,10,7267
824,20,3,8,True,10531,6,False,False,False,False,0.2828426957130432,2.0,0.5071489214897156,5,2350
824,21,2,9,False,1,1,True,False,False,False,1.3711308240890503,9.0,1.371422529220581,11,53
824,22,2,9,False,220,11,True,True,True,True,0.0,0.0,0.02828427590429783,2,10505
824,23,7,4,True,10531,1,False,False,False,False,0.44721361994743347,2.0,0.5888972878456116,9,8060
824,24,10,1,True,10531,1,False,True,True,True,0.0,0.0,0.7402702569961548,10,3329
824,25,10,1,True,10531,1,False,True,True,True,0.0,0.0,0.7924644947052002,10,8060
824,26,5,6,True,10531,1,False,False,False,False,0.19999998807907104,1.0,0.5603570342063904,6,4257
824,27,7,4,True,10531,1,False,False,False,False,0.2828426957130432,2.0,0.6714164614677429,9,1969
824,28,3,8,True,10531,3,False,True,True,True,0.0,0.0,0.5226854085922241,3,3727
824,29,1,10,False,1620,57,True,True,True,True,0.0,0.0,0.02000001072883606,1,7175
824,30,8,3,True,10531,1,False,False,False,False,0.20000001788139343,1.0,0.7662897706031799,9,1969
824,31,5,6,True,10531,2,False,False,False,False,0.2828427255153656,2.0,0.7602631449699402,7,1954
5881,0,6,5,True,10531,1,False,False,False,False,0.6000000238418579,3.0,0.7445804476737976,9,4075
5881,1,5,6,True,10531,1,False,True,True,True,0.0,0.0,0.5674504637718201,5,10226
5881,2,8,3,True,10531,1,False,False,False,False,0.2828426957130432,2.0,0.6717142462730408,10,1969
5881,3,8,3,True,10531,1,False,False,False,False,0.2828426957130432,2.0,0.8409518599510193,10,4853
5881,4,2,9,False,1,1,True,False,False,False,1.0,8.0,1.0003999471664429,10,8997
5881,5,1,10,False,573,29,True,True,True,True,0.0,0.0,0.019999995827674866,1,10022
5881,6,1,10,False,5,1,True,False,False,False,0.8485282063484192,6.0,0.8487638831138611,7,6271
5881,7,7,4,True,10531,1,False,True,True,True,0.0,0.0,0.6714164614677429,7,9536
5881,8,4,7,True,10531,1,False,False,False,False,0.3999999761581421,4.0,0.780768871307373,8,1960
5881,9,4,7,False,2,2,True,False,False,False,0.4898979067802429,6.0,0.491528183221817,10,7522
5881,10,6,5,True,10531,1,False,False,False,False,0.2828426957130432,2.0,0.475815087556839,8,6271
5881,11,11,0,True,10531,1,False,,,,,,0.7927168607711792,11,8060
5881,12,3,8,True,10531,1,False,False,False,False,0.19999998807907104,1.0,0.6642289161682129,4,7176
5881,13,5,6,True,10531,1,False,False,False,False,0.7483315467834473,3.0,0.840238094329834,8,10041
5881,14,7,4,True,10531,4,False,False,False,False,0.19999998807907104,1.0,0.6023288369178772,8,9894
5881,15,8,3,True,10531,1,False,False,False,False,0.19999998807907104,1.0,0.5754997730255127,9,4075
5881,16,5,6,True,10531,1,False,False,False,False,0.4898979663848877,3.0,0.6587867736816406,8,9382
5881,17,10,1,True,10531,2,False,True,True,True,0.0,0.0,0.7402702569961548,10,9382
5881,18,10,1,True,10531,1,False,False,False,False,0.19999998807907104,1.0,0.8461678624153137,11,7267
5881,19,7,4,True,10531,1,False,False,False,False,0.4898979663848877,3.0,0.7174956798553467,10,3329
5881,20,4,7,True,10531,1,False,False,False,False,0.2828426957130432,2.0,0.5946427583694458,6,2948
5881,21,1,10,False,53,2,True,False,False,False,0.6000000238418579,3.0,0.6003332734107971,4,9647
5881,22,11,0,True,10531,1,False,,,,,,0.7927168607711792,11,8060
5881,23,9,2,True,10531,1,False,False,False,False,0.2828426957130432,2.0,0.6720119118690491,11,3329
5881,24,9,2,True,10531,2,False,False,False,False,0.19999998807907104,1.0,0.6415606141090393,10,3329
5881,25,11,0,True,10531,1,False,,,,,,0.7927168607711792,11,8060
5881,26,3,8,False,510,29,True,True,True,True,0.0,0.0,0.03464099019765854,3,3876
5881,27,1,10,False,1620,1,True,False,False,False,0.4472135901451111,2.0,0.4476605951786041,3,6335
5881,28,7,4,True,10531,1,False,False,False,False,0.6324555277824402,2.0,0.7712327837944031,9,10041
5881,29,7,4,True,10531,1,False,False,False,False,0.6000000238418579,1.0,0.776401937007904,8,4295
5881,30,1,10,False,5,1,True,False,False,False,0.8485282063484192,6.0,0.8487638831138611,7,6271
5881,31,8,3,True,10531,1,False,False,False,False,0.40000003576278687,1.0,0.7288347482681274,9,8997
8898,0,8,3,True,10531,1,False,True,True,True,0.0,0.0,0.6092618703842163,8,3329
8898,1,4,7,True,10531,1,False,False,False,False,0.2828427255153656,2.0,0.4214261770248413,6,8060
8898,2,9,2,True,10531,1,False,False,False,False,0.20000001788139343,1.0,0.7345747351646423,10,9382
8898,3,6,5,True,10531,1,False,True,True,True,0.0,0.0,0.44090816378593445,6,3329
8898,4,7,4,True,10531,1,False,False,False,False,0.40000003576278687,1.0,0.5956509709358215,8,8060
8898,5,7,4,True,10531,1,False,True,True,True,0.0,0.0,0.821462094783783,7,7267
8898,6,11,0,True,10531,1,False,,,,,,0.7927168607711792,11,8060
8898,7,4,7,True,10531,4,False,False,False,False,0.2828427255153656,2.0,0.4214261472225189,6,7267
8898,8,4,7,True,10531,2,False,False,False,False,0.19999998807907104,1.0,0.3709447383880615,5,7604
8898,9,1,10,False,53,9,True,False,False,False,0.2828426957130432,2.0,0.2835489511489868,3,7169
8898,10,11,0,True,10531,1,False,,,,,,0.7927168607711792,11,8060
8898,11,2,9,False,1,1,True,False,False,False,1.2961480617523193,9.0,1.2964566946029663,11,53
8898,12,4,7,True,10531,1,False,False,False,False,0.19999998807907104,1.0,0.601331889629364,5,1954
8898,13,8,3,True,10531,1,False,True,True,True,0.0,0.0,0.7919595837593079,8,7267
8898,14,10,1,True,10531,1,False,True,True,True,0.0,0.0,0.7924644947052002,10,8060
8898,15,1,10,False,23,1,True,False,False,False,1.0954450368881226,8.0,1.0956276655197144,9,7950
8898,16,6,5,True,10531,1,False,False,False,False,0.20000001788139343,1.0,0.6019967198371887,7,9382
8898,17,3,8,True,10531,1,False,False,False,False,0.20000001788139343,1.0,0.2986637055873871,4,4156
8898,18,6,5,True,10531,1,False,False,False,False,0.20000001788139343,1.0,0.4317406713962555,7,8060
8898,19,2,9,False,1,1,True,False,False,False,1.2961480617523193,9.0,1.2964566946029663,11,53
8898,20,3,8,True,10531,1,False,False,False,False,0.44721361994743347,2.0,0.5451605319976807,5,8060
8898,21,8,3,True,10531,2,False,True,True,True,0.0,0.0,0.5685068368911743,8,3329
8898,22,10,1,True,10531,1,False,True,True,True,0.0,0.0,0.761577308177948,10,8060
8898,23,3,8,True,10531,1,False,False,False,False,0.19999998807907104,1.0,0.4303486943244934,4,296
8898,24,2,9,False,49,9,True,False,False,False,0.2828426957130432,2.0,0.28425341844558716,4,8892
8898,25,10,1,True,10531,1,False,False,False,False,0.20000001788139343,1.0,0.7874007821083069,11,8060
8898,26,7,4,True,10531,1,False,True,True,True,0.0,0.0,0.5392587184906006,7,7267
8898,27,10,1,True,10531,1,False,False,False,False,0.20000001788139343,1.0,0.7874007821083069,11,8060
8898,28,1,10,False,2992,5,True,False,False,False,0.20000001788139343,1.0,0.20099753141403198,2,7813
8898,29,3,8,True,10531,4,False,False,False,False,0.20000001788139343,1.0,0.4660472273826599,4,7904
8898,30,10,1,True,10531,1,False,True,True,True,0.0,0.0,0.7924644947052002,10,8060
8898,31,5,6,True,10531,1,False,True,True,True,0.0,0.0,0.3130495250225067,5,4789
4903,0,11,0,True,10531,1,False,,,,,,0.7927168607711792,11,8060
4903,1,5,6,True,10531,1,False,False,False,False,0.2828426957130432,2.0,0.36055511236190796,7,4144
4903,2,11,0,True,10531,1,False,,,,,,0.7927168607711792,11,8060
4903,3,7,4,True,10531,1,False,True,True,True,0.0,0.0,0.5392587184906006,7,7267
4903,4,9,2,True,10531,1,False,False,False,False,0.20000001788139343,1.0,0.8459314703941345,10,7267
4903,5,10,1,True,10531,1,False,True,True,True,0.0,0.0,0.4939635396003723,10,8060
4903,6,8,3,True,10531,1,False,True,True,True,0.0,0.0,0.8217055201530457,8,7267
4903,7,3,8,False,52,8,True,False,False,False,0.20000001788139343,1.0,0.20297783613204956,4,6618
4903,8,3,8,True,10531,1,False,True,True,True,0.0,0.0,0.2218107283115387,3,4257
4903,9,1,10,False,5,1,True,False,False,False,0.8485281467437744,7.0,0.8487638831138611,8,8997
4903,10,10,1,True,10531,1,False,False,False,False,0.20000001788139343,1.0,0.7874007821083069,11,8060
4903,11,10,1,True,10531,1,False,True,True,True,0.0,0.0,0.4939635396003723,10,8060
4903,12,8,3,True,10531,1,False,False,False,False,0.19999998807907104,1.0,0.7343024611473083,9,9382
4903,13,6,5,True,10531,5,False,True,True,True,0.0,0.0,0.5238320827484131,6,361
4903,14,1,10,False,573,4,True,False,False,False,0.2828426957130432,2.0,0.2835489511489868,3,2315
4903,15,4,7,True,10531,2,False,False,False,False,0.19999998807907104,1.0,0.6997142434120178,5,8061
4903,16,7,4,True,10531,1,False,False,False,False,0.2828427255153656,2.0,0.6714164614677429,9,9950
4903,17,2,9,False,10445,74,True,True,True,True,0.0,0.0,0.028284244239330292,2,1092
4903,18,1,10,False,53,8,True,False,False,False,0.20000001788139343,1.0,0.20099753141403198,2,409
4903,19,1,10,False,573,4,True,False,False,False,0.2828426957130432,2.0,0.28354892134666443,3,7750
4903,20,1,10,False,1620,47,True,True,True,True,0.0,0.0,0.02000001072883606,1,6278
4903,21,3,8,False,2,1,True,False,False,False,0.2828426957130432,2.0,0.2849561274051666,5,4152
4903,22,7,4,True,10531,1,False,True,True,True,0.0,0.0,0.7394593358039856,7,9950
4903,23,1,10,False,1620,47,True,True,True,True,0.0,0.0,0.02000001072883606,1,4870
4903,24,11,0,True,10531,1,False,,,,,,0.7927168607711792,11,8060
4903,25,2,9,False,53,8,True,False,False,False,0.20000001788139343,1.0,0.20199011266231537,3,8859
4903,26,4,7,True,10531,1,False,False,False,False,0.20000001788139343,1.0,0.3709447383880615,5,2352
4903,27,8,3,True,10531,1,False,True,True,True,0.0,0.0,0.7919595837593079,8,2163
4903,28,8,3,True,10531,1,False,True,True,True,0.0,0.0,0.6474565863609314,8,9950
4903,29,5,6,True,10531,1,False,False,False,False,0.4898979663848877,3.0,0.6212890148162842,8,8060
4903,30,4,7,True,10531,1,False,True,True,True,0.0,0.0,0.22271056473255157,4,5991
4903,31,6,5,True,10531,1,False,False,False,False,0.20000001788139343,1.0,0.6406247019767761,7,1969
6811,0,3,8,True,10531,2,False,False,False,False,0.19999998807907104,1.0,0.5596427321434021,4,5987
6811,1,8,3,True,10531,1,False,False,False,False,0.6000000238418579,3.0,0.7451174855232239,11,4075
6811,2,3,8,True,10531,1,False,True,True,True,0.0,0.0,0.2218107283115387,3,3346
6811,3,8,3,True,10531,1,False,False,False,False,0.44721361994743347,2.0,0.6286493539810181,10,8060
6811,4,5,6,True,10531,1,False,False,False,False,0.2828426957130432,2.0,0.5949790477752686,7,10424
6811,5,4,7,True,10531,2,False,False,False,False,0.20000001788139343,1.0,0.3709447383880615,5,6005
6811,6,7,4,True,10531,1,False,False,False,False,0.2828426957130432,2.0,0.6089335083961487,9,4075
6811,7,6,5,True,10531,1,False,False,False,False,0.19999998807907104,1.0,0.37202146649360657,7,6007
6811,8,5,6,True,10531,1,False,False,False,False,0.2828426957130432,2.0,0.5949790477752686,7,2963
6811,9,3,8,True,10531,5,False,False,False,False,0.2828426957130432,2.0,0.6581793427467346,5,6932
6811,10,4,7,True,10531,2,False,False,False,False,0.4000000059604645,4.0,0.7493997812271118,8,4046
6811,11,5,6,True,10531,2,False,False,False,False,0.44721361994743347,2.0,0.6884766221046448,7,6344
6811,12,3,8,False,1,1,True,False,False,False,1.2961481809616089,8.0,1.296610951423645,11,53
6811,13,11,0,True,10531,1,False,,,,,,0.7927168607711792,11,8060
6811,14,10,1,True,10531,1,False,True,True,True,0.0,0.0,0.7924644947052002,10,8060
6811,15,2,9,False,1,1,True,False,False,False,0.9797959327697754,7.0,0.9802041053771973,9,26
6811,16,10,1,True,10531,1,False,True,True,True,0.0,0.0,0.7402702569961548,10,8997
6811,17,2,9,False,1,1,True,False,False,False,0.7211102843284607,2.0,0.7216647863388062,4,6335
6811,18,7,4,True,10531,1,False,False,False,False,0.6000000238418579,3.0,0.7448490262031555,10,4075
6811,19,1,10,False,53,1,True,False,False,False,0.4472135901451111,2.0,0.4476605951786041,3,406
6811,20,6,5,True,10531,1,False,False,False,False,0.2828426957130432,2.0,0.5953150391578674,8,2948
6811,21,11,0,True,10531,1,False,,,,,,0.7927168607711792,11,8060
6811,22,1,10,False,1,1,True,False,False,False,1.4422204494476318,10.0,1.442359209060669,11,53
6811,23,5,6,False,7,1,True,False,False,False,0.7483314871788025,3.0,0.7496666312217712,8,8865
6811,24,2,9,False,294,7,True,True,True,True,0.0,0.0,0.028284266591072083,2,7101
6811,25,6,5,True,10531,1,False,False,False,False,0.19999998807907104,1.0,0.4841487407684326,7,5292
6811,26,10,1,True,10531,1,False,False,False,False,0.4000000059604645,1.0,0.6356099247932434,11,8060
6811,27,5,6,True,10531,1,False,False,False,False,0.4000000059604645,1.0,0.6587867736816406,6,7379
6811,28,4,7,True,10531,3,False,False,False,False,0.20000001788139343,1.0,0.5153639912605286,5,3023
6811,29,11,0,True,10531,1,False,,,,,,0.7927168607711792,11,8060
6811,30,4,7,True,10531,1,False,False,False,False,0.4000000059604645,1.0,0.5528110265731812,5,1120
6811,31,11,0,True,10531,1,False,,,,,,0.7927168607711792,11,8060
6958,0,9,2,True,10531,1,False,True,True,True,0.0,0.0,0.6095900535583496,9,8997
6958,1,10,1,True,10531,1,False,True,True,True,0.0,0.0,0.7924644947052002,10,8060
6958,2,3,8,True,10531,4,False,False,False,False,0.2828426957130432,2.0,0.5071489214897156,5,9723
6958,3,10,1,True,10531,1,False,True,True,True,0.0,0.0,0.7924644947052002,10,8060
6958,4,6,5,True,10531,1,False,False,False,False,0.2828426957130432,2.0,0.6711184978485107,8,5069
6958,5,5,6,True,10531,2,False,False,False,False,0.2828426957130432,2.0,0.6942622661590576,7,9172
6958,6,3,8,True,10531,2,False,False,False,False,0.2828427255153656,2.0,0.552449107170105,5,8943
6958,7,7,4,True,10531,1,False,False,False,False,0.2828426957130432,2.0,0.5242136716842651,9,1969
6958,8,5,6,True,10531,1,False,False,False,False,0.2828426957130432,2.0,0.5949789881706238,7,9688
6958,9,10,1,True,10531,1,False,True,True,True,0.0,0.0,0.7720103859901428,10,1969
6958,10,9,2,True,10531,2,False,False,False,False,0.4000000059604645,1.0,0.8121576905250549,10,3329
6958,11,11,0,True,10531,1,False,,,,,,0.7927168607711792,11,8060
6958,12,10,1,True,10531,1,False,False,False,False,0.19999998807907104,1.0,0.846167802810669,11,4853
6958,13,2,9,False,2,1,True,False,False,False,0.7211102843284607,5.0,0.7216647267341614,7,8997
6958,14,6,5,True,10531,1,False,False,False,False,0.6000000238418579,3.0,0.6770524978637695,9,7285
6958,15,11,0,True,10531,1,False,,,,,,0.7927168607711792,11,8060
6958,16,4,7,True,10531,2,False,False,False,False,0.2828426957130432,2.0,0.35999998450279236,6,5953
6958,17,4,7,True,10531,4,False,False,False,False,0.2828426957130432,2.0,0.5075430870056152,6,9723
6958,18,5,6,True,10531,2,False,False,False,False,0.19999998807907104,1.0,0.5157518982887268,6,8472
6958,19,9,2,True,10531,1,False,False,False,False,0.2828426957130432,2.0,0.5688585042953491,11,8060
6958,20,4,7,True,10531,3,False,False,False,False,0.19999998807907104,1.0,0.601331889629364,5,1953
6958,21,2,9,True,10531,3,False,False,False,False,0.2828426957130432,2.0,0.5067543983459473,4,7198
6958,22,7,4,True,10531,1,False,False,False,False,0.2828426957130432,2.0,0.634665310382843,9,10091
6958,23,5,6,True,10531,4,False,False,False,False,0.19999998807907104,1.0,0.5603570342063904,6,6047
6958,24,11,0,True,10531,1,False,,,,,,0.7927168607711792,11,8060
6958,25,3,8,True,10531,1,False,False,False,False,0.19999998807907104,1.0,0.3704051673412323,4,6081
6958,26,8,3,True,10531,1,False,False,False,False,0.19999998807907104,1.0,0.6412488222122192,9,1969
6958,27,1,10,False,573,2,True,False,False,False,0.19999998807907104,1.0,0.2009975016117096,2,5809
6958,28,8,3,True,10531,2,False,False,False,False,0.4472135901451111,2.0,0.8361818790435791,10,9382
6958,29,2,9,False,1,1,True,False,False,False,1.2806248664855957,8.0,1.2809371948242188,10,26
6958,30,3,8,False,1620,53,True,False,False,False,0.19999998807907104,1.0,0.20297782123088837,4,2194
6958,31,3,8,True,10531,3,False,False,False,False,0.2828426957130432,2.0,0.552449107170105,5,802
4576,0,2,9,True,10531,1,False,True,True,True,0.0,0.0,0.4741308093070984,2,7150
4576,1,8,3,True,10531,1,False,True,True,True,0.0,0.0,0.49315309524536133,8,2163
4576,2,8,3,True,10531,1,False,False,False,False,0.3464101552963257,3.0,0.700856626033783,11,7204
4576,3,4,7,False,1,1,True,False,False,False,0.8944271802902222,6.0,0.8953211903572083,10,6271
4576,4,2,9,False,2,2,True,False,False,False,1.1489125490188599,8.0,1.1492605209350586,10,7520
4576,5,1,10,False,2992,20,True,True,True,True,0.0,0.0,0.019999995827674866,1,7315
4576,6,11,0,True,10531,1,False,,,,,,0.7927168607711792,11,8060
4576,7,6,5,True,10531,1,False,False,False,False,0.19999998807907104,1.0,0.531413197517395,7,1969
4576,8,8,3,True,10531,1,False,False,False,False,0.20000001788139343,1.0,0.6412488222122192,9,1969
4576,9,1,10,False,26,3,True,False,False,False,0.20000001788139343,1.0,0.20099753141403198,2,9130
4576,10,5,6,True,10531,1,False,False,False,False,0.2828426957130432,2.0,0.4753945767879486,7,10226
4576,11,8,3,True,10531,1,False,False,False,False,0.4898979365825653,3.0,0.6596969366073608,11,4075
4576,12,10,1,True,10531,1,False,True,True,True,0.0,0.0,0.761577308177948,10,6271
4576,13,1,10,False,3,1,True,False,False,False,1.039230465888977,8.0,1.039422869682312,9,8997
4576,14,9,2,True,10531,1,False,False,False,False,0.19999998807907104,1.0,0.7345747351646423,10,9382
4576,15,2,9,False,2,1,True,False,False,False,1.0770329236984253,7.0,1.077404260635376,9,6271
4576,16,2,9,True,10531,1,False,True,True,True,0.0,0.0,0.5939697027206421,2,7150
4576,17,11,0,True,10531,1,False,,,,,,0.7927168607711792,11,8060
4576,18,11,0,True,10531,1,False,,,,,,0.7927168607711792,11,8060
4576,19,2,9,False,2,1,True,False,False,False,1.0770329236984253,7.0,1.077404260635376,9,6271
4576,20,4,7,True,10531,1,False,False,False,False,0.2828426957130432,2.0,0.5075430870056152,6,4527
4576,21,6,5,True,10531,1,False,False,False,False,0.2828427255153656,2.0,0.5953150987625122,8,296
4576,22,9,2,True,10531,2,False,True,True,True,0.0,0.0,0.7400000095367432,9,3329
4576,23,4,7,True,10531,1,False,False,False,False,0.2828426957130432,2.0,0.4214261472225189,6,4156
4576,24,7,4,True,10531,2,False,True,True,True,0.0,0.0,0.5242137312889099,7,6835
4576,25,8,3,True,10531,1,False,False,False,False,0.2828426957130432,2.0,0.7919596433639526,10,5293
4576,26,1,10,False,573,6,True,False,False,False,0.2828426957130432,2.0,0.28354892134666443,3,7734
4576,27,11,0,True,10531,1,False,,,,,,0.7927168607711792,11,8060
4576,28,2,9,False,10445,78,True,True,True,True,0.0,0.0,0.028284244239330292,2,3161
4576,29,4,7,True,10531,1,False,False,False,False,0.2828426957130432,2.0,0.5075430870056152,6,423
4576,30,10,1,True,10531,2,False,False,False,False,0.19999998807907104,1.0,0.7668116688728333,11,9382
4576,31,4,7,True,10531,1,False,False,False,False,0.44721361994743347,2.0,0.5878775715827942,6,2163
1192,0,3,8,True,10531,2,False,False,False,False,0.19999998807907104,1.0,0.3704051673412323,4,2122
1192,1,5,6,True,10531,3,False,False,False,False,0.19999998807907104,1.0,0.5603570342063904,6,7152
1192,2,6,5,True,10531,1,False,False,False,False,0.2828426957130432,2.0,0.671118438243866,8,9950
1192,3,7,4,True,10531,1,False,False,False,False,0.4000000059604645,4.0,0.5956509113311768,11,7204
1192,4,1,10,False,23,1,True,False,False,False,1.0954450368881226,8.0,1.0956276655197144,9,7950
1192,5,2,9,False,1,1,True,False,False,False,1.058300495147705,9.0,1.058678388595581,11,8997
1192,6,10,1,True,10531,1,False,True,True,True,0.0,0.0,0.8221921920776367,10,7267
1192,7,8,3,True,10531,1,False,False,False,False,0.20000001788139343,1.0,0.484974205493927,9,8060
1192,8,3,8,True,10531,3,False,False,False,False,0.20000001788139343,1.0,0.3704051673412323,4,5320
1192,9,8,3,True,10531,1,False,False,False,False,0.20000001788139343,1.0,0.484974205493927,9,8060
1192,10,8,3,True,10531,1,False,False,False,False,0.3464101552963257,3.0,0.700856626033783,11,7204
1192,11,4,7,True,10531,1,False,False,False,False,0.20000001788139343,1.0,0.6645299196243286,5,7787
1192,12,1,10,False,10495,117,True,True,True,True,0.0,0.0,0.019999980926513672,1,9070
1192,13,10,1,True,10531,1,False,False,False,False,0.19999998807907104,1.0,0.846167802810669,11,4853
1192,14,11,0,True,10531,1,False,,,,,,0.7927168607711792,11,8060
1192,15,2,9,False,4,1,True,False,False,False,1.0583006143569946,6.0,1.058678388595581,8,6271
1192,16,10,1,True,10531,1,False,False,False,False,0.19999998807907104,1.0,0.846167802810669,11,4853
1192,17,7,4,True,10531,1,False,False,False,False,0.19999998807907104,1.0,0.6773477792739868,8,9950
1192,18,8,3,True,10531,1,False,False,False,False,0.3464101552963257,3.0,0.8361818194389343,11,4853
1192,19,4,7,True,10531,1,False,False,False,False,0.2828426957130432,2.0,0.5230678915977478,6,9950
1192,20,2,9,False,49,2,True,True,True,True,0.0,0.0,0.02828427590429783,2,370
1192,21,1,10,False,1,1,True,False,False,False,1.4966628551483154,10.0,1.4967964887619019,11,53
1192,22,9,2,True,10531,1,False,False,False,False,0.19999998807907104,1.0,0.6415606141090393,10,3329
1192,23,2,9,True,10531,1,False,False,False,False,0.2828426957130432,2.0,0.5067543983459473,4,7150
1192,24,10,1,True,10531,1,False,False,False,False,0.19999998807907104,1.0,0.846167802810669,11,4853
1192,25,11,0,True,10531,1,False,,,,,,0.7927168607711792,11,8060
1192,26,4,7,False,1,1,True,False,False,False,1.1135528087615967,6.0,1.1142710447311401,10,26
1192,27,6,5,True,10531,1,False,False,False,False,0.2828427255153656,2.0,0.8404760956764221,8,9961
1192,28,4,7,True,10531,1,False,False,False,False,0.4898979663848877,3.0,0.5810335278511047,7,9382
1192,29,7,4,True,10531,1,False,False,False,False,0.2828426957130432,2.0,0.7607890963554382,9,1960
1192,30,9,2,True,10531,1,False,False,False,False,0.4000000059604645,1.0,0.5963220596313477,10,8060
1192,31,4,7,True,10531,1,False,True,True,True,0.0,0.0,0.38157567381858826,4,917
2556,0,7,4,True,10531,1,False,False,False,False,0.2828426957130432,2.0,0.5242136716842651,9,7285
2556,1,8,3,True,10531,1,False,False,False,False,0.2828426957130432,2.0,0.5685067772865295,10,4075
2556,2,5,6,True,10531,1,False,False,False,False,0.4898979663848877,3.0,0.6212890148162842,8,6271
2556,3,4,7,True,10531,1,False,False,False,False,0.4898979067802429,6.0,0.6823488473892212,10,8008
2556,4,4,7,True,10531,2,False,True,True,True,0.0,0.0,0.5230678915977478,4,7252
2556,5,8,3,True,10531,1,False,False,False,False,0.19999998807907104,1.0,0.6776430010795593,9,1969
2556,6,6,5,True,10531,1,False,False,False,False,0.19999998807907104,1.0,0.6019967198371887,7,3329
2556,7,3,8,True,10531,1,False,True,True,True,0.0,0.0,0.31176915764808655,3,9643
2556,8,9,2,True,10531,1,False,False,False,False,0.19999998807907104,1.0,0.6415606141090393,10,3329
2556,9,10,1,True,10531,1,False,False,False,False,0.4000000059604645,1.0,0.6356099247932434,11,8060
2556,10,6,5,True,10531,1,False,True,True,True,0.0,0.0,0.6711184978485107,6,9536
2556,11,5,6,True,10531,1,False,False,False,False,0.2828426957130432,2.0,0.4753945469856262,7,1969
2556,12,7,4,True,10531,1,False,False,False,False,0.3464101552963257,3.0,0.6023287773132324,10,4853
2556,13,5,6,True,10531,3,False,False,False,False,0.2828426957130432,2.0,0.5531726479530334,7,9557
2556,14,4,7,True,10531,1,False,False,False,False,0.4472135901451111,2.0,0.6881860494613647,6,1969
2556,15,6,5,True,10531,1,False,False,False,False,0.4472135901451111,2.0,0.722772479057312,8,1969
2556,16,11,0,True,10531,1,False,,,,,,0.7927168607711792,11,8060
2556,17,8,3,True,10531,2,False,False,False,False,0.4472135901451111,2.0,0.8361818790435791,10,3329
2556,18,8,3,True,10531,2,False,True,True,True,0.0,0.0,0.7397297024726868,8,3329
2556,19,7,4,True,10531,1,False,False,False,False,0.3464101552963257,3.0,0.6654321551322937,10,8008
2556,20,7,4,True,10531,1,False,False,False,False,0.4472135901451111,2.0,0.5888972878456116,9,6271
2556,21,10,1,True,10531,1,False,False,False,False,0.19999998807907104,1.0,0.5761944055557251,11,4075
2556,22,8,3,True,10531,2,False,False,False,False,0.4000000059604645,1.0,0.8119113445281982,9,9382
2556,23,10,1,True,10531,1,False,False,False,False,0.19999998807907104,1.0,0.846167802810669,11,4853
2556,24,8,3,True,10531,1,False,True,True,True,0.0,0.0,0.7610518932342529,8,6271
2556,25,10,1,True,10531,1,False,True,True,True,0.0,0.0,0.7720103859901428,10,1969
2556,26,2,9,False,7,1,True,False,False,False,0.4472135901451111,2.0,0.44810715317726135,4,406
2556,27,9,2,True,10531,2,False,False,False,False,0.4472135901451111,2.0,0.836421012878418,11,3329
2556,28,2,9,False,2,1,True,False,False,False,1.1313707828521729,7.0,1.1317243576049805,9,26
2556,29,8,3,True,10531,1,False,False,False,False,0.2828426957130432,2.0,0.6092618703842163,10,4075
2556,30,1,10,False,53,1,True,False,False,False,0.4472135901451111,2.0,0.4476605951786041,3,406
2556,31,10,1,True,10531,1,False,True,True,True,0.0,0.0,0.7924644947052002,10,8060
1455,0,8,3,True,10531,2,False,False,False,False,0.19999998807907104,1.0,0.7662897706031799,9,5069
1455,1,10,1,True,10531,1,False,False,False,False,0.19999998807907104,1.0,0.846167802810669,11,4853
1455,2,6,5,True,10531,1,False,False,False,False,0.6633249521255493,5.0,0.796492338180542,11,4821
1455,3,2,9,True,10531,4,False,True,True,True,0.0,0.0,0.22090721130371094,2,1686
1455,4,6,5,True,10531,1,False,False,False,False,0.19999998807907104,1.0,0.7657676339149475,7,8940
1455,5,4,7,True,10531,2,False,False,False,False,0.2828426957130432,2.0,0.4749736785888672,6,6827
1455,6,6,5,True,10531,1,False,False,False,False,0.19999998807907104,1.0,0.6019967198371887,7,5694
1455,7,2,9,False,2,1,True,False,False,False,0.4472135901451111,2.0,0.44810715317726135,4,4152
1455,8,4,7,True,10531,1,False,False,False,False,0.5656854510307312,5.0,0.682348906993866,9,9896
1455,9,8,3,True,10531,2,False,False,False,False,0.4000000059604645,1.0,0.8119113445281982,9,3329
1455,10,7,4,True,10531,1,False,False,False,False,0.19999998807907104,1.0,0.6023288369178772,8,1969
1455,11,5,6,True,10531,1,False,False,False,False,0.6000000238418579,3.0,0.7113367915153503,8,10041
1455,12,6,5,True,10531,1,False,False,False,False,0.20000001788139343,1.0,0.5607138276100159,7,4092
1455,13,9,2,True,10531,1,False,False,False,False,0.4000000059604645,1.0,0.8316249251365662,10,6271
1455,14,1,10,False,26,1,True,False,False,False,0.4898979663848877,3.0,0.4903060495853424,4,7830
1455,15,11,0,True,10531,1,False,,,,,,0.7927168607711792,11,8060
1455,16,6,5,True,10531,1,False,False,False,False,0.4898979365825653,3.0,0.6216108202934265,9,4156
1455,17,8,3,True,10531,1,False,False,False,False,0.19999998807907104,1.0,0.7868926525115967,9,5640
1455,18,3,8,True,10531,2,False,False,False,False,0.3464101552963257,3.0,0.4660471975803375,6,4194
1455,19,8,3,True,10531,1,False,False,False,False,0.2828426957130432,2.0,0.7065408825874329,10,9950
1455,20,1,10,False,10446,263,True,True,True,True,0.0,0.0,0.019999980926513672,1,3255
1455,21,8,3,True,10531,1,False,False,False,False,0.4000000059604645,1.0,0.634980320930481,9,8060
1455,22,8,3,True,10531,2,False,False,False,False,0.4472135901451111,2.0,0.8361818790435791,10,3329
1455,23,9,2,True,10531,2,False,False,False,False,0.4472135901451111,2.0,0.836421012878418,11,9382
1455,24,4,7,True,10531,1,False,False,False,False,0.3464101552963257,3.0,0.6273754835128784,7,1163
1455,25,4,7,True,10531,1,False,False,False,False,0.19999998807907104,1.0,0.6881860494613647,5,3957
1455,26,4,7,True,10531,6,False,True,True,True,0.0,0.0,0.38157567381858826,4,7892
1455,27,11,0,True,10531,1,False,,,,,,0.7927168607711792,11,8060
1455,28,3,8,True,10531,4,False,True,True,True,0.0,0.0,0.2218107283115387,3,1309
1455,29,3,8,True,10531,1,False,True,True,True,0.0,0.0,0.4745524227619171,3,8959
1455,30,4,7,True,10531,1,False,False,False,False,0.2828426957130432,2.0,0.5528109669685364,6,9710
1455,31,7,4,True,10531,1,False,False,False,False,0.3464101552963257,3.0,0.7005712389945984,10,2669
388,0,7,4,True,10531,1,False,False,False,False,0.2828427255153656,2.0,0.7815369367599487,9,8060
388,1,8,3,True,10531,1,False,False,False,False,0.2828427255153656,2.0,0.634980320930481,10,9382
388,2,5,6,True,10531,1,False,False,False,False,0.34641018509864807,3.0,0.4669046998023987,8,8060
388,3,1,10,False,26,2,True,False,False,False,0.5291503071784973,4.0,0.5295281410217285,5,8060
388,4,6,5,True,10531,1,False,False,False,False,0.19999998807907104,1.0,0.4317406415939331,7,10496
388,5,6,5,True,10531,2,False,False,False,False,0.19999998807907104,1.0,0.6019967198371887,7,2153
388,6,5,6,True,10531,2,False,False,False,False,0.2828426957130432,2.0,0.5949790477752686,7,6344
388,7,4,7,False,1,1,True,False,False,False,1.1832159757614136,7.0,1.1838918924331665,11,26
388,8,11,0,True,10531,1,False,,,,,,0.7927168607711792,11,8060
388,9,2,9,False,1,1,True,False,False,False,1.1832159757614136,7.0,1.18355393409729,9,26
388,10,9,2,True,10531,1,False,True,True,True,0.0,0.0,0.7922121286392212,9,8060
388,11,5,6,True,10531,1,False,False,False,False,0.4000000059604645,4.0,0.6587867736816406,9,9382
388,12,2,9,False,10445,8,True,True,True,True,0.0,0.0,0.028284244239330292,2,225
388,13,2,9,True,10531,3,False,False,False,False,0.2828426957130432,2.0,0.5067543983459473,4,8954
388,14,3,8,True,10531,1,False,False,False,False,0.4000000059604645,4.0,0.552449107170105,7,1969
388,15,9,2,True,10531,2,False,True,True,True,0.0,0.0,0.7400000095367432,9,9382
388,16,5,6,True,10531,1,False,False,False,False,0.20000001788139343,1.0,0.43127718567848206,6,8060
388,17,1,10,False,573,1,True,False,False,False,0.44721361994743347,2.0,0.4476606249809265,3,8119
388,18,8,3,True,10531,1,False,False,False,False,0.19999998807907104,1.0,0.6412488222122192,9,3329
388,19,1,10,False,23,1,True,False,False,False,0.9797958731651306,7.0,0.9800000190734863,8,7950
388,20,3,8,False,7,1,True,False,False,False,0.6324555277824402,2.0,0.6334035396575928,5,8865
388,21,1,10,False,26,2,True,False,False,False,0.5291503071784973,4.0,0.5295281410217285,5,8060
388,22,4,7,True,10531,1,False,False,False,False,0.44721361994743347,5.0,0.4995998442173004,9,9382
388,23,2,9,False,1,1,True,False,False,False,1.1832159757614136,7.0,1.18355393409729,9,26
388,24,10,1,True,10531,2,False,False,False,False,0.19999998807907104,1.0,0.7668116092681885,11,3329
388,25,10,1,True,10531,1,False,True,True,True,0.0,0.0,0.7924644947052002,10,8060
388,26,7,4,True,10531,1,False,False,False,False,0.2828427255153656,2.0,0.7815369367599487,9,8060
388,27,1,10,False,1620,8,True,True,True,True,0.0,0.0,0.02000001072883606,1,388
388,28,5,6,True,10531,1,False,False,False,False,0.2828427255153656,2.0,0.4753945767879486,7,8060
388,29,10,1,True,10531,1,False,True,True,True,0.0,0.0,0.7924644947052002,10,8060
388,30,11,0,True,10531,1,False,,,,,,0.7927168607711792,11,8060
388,31,8,3,True,10531,2,False,False,False,False,0.2828426957130432,2.0,0.7610519528388977,10,3329
5924,0,5,6,True,10531,1,False,False,False,False,0.6000000238418579,3.0,0.7113367319107056,8,8060
5924,1,8,3,True,10531,1,False,False,False,False,0.19999998807907104,1.0,0.6412487626075745,9,7285
5924,2,4,7,True,10531,2,False,True,True,True,0.0,0.0,0.6705222129821777,4,7252
5924,3,11,0,True,10531,1,False,,,,,,0.7927168607711792,11,8060
5924,4,5,6,True,10531,2,False,True,True,True,0.0,0.0,0.44045430421829224,5,7171
5924,5,10,1,True,10531,2,False,False,False,False,0.19999998807907104,1.0,0.7668116688728333,11,9382
5924,6,3,8,True,10531,1,False,False,False,False,0.4000000059604645,4.0,0.6581792831420898,7,5293
5924,7,3,8,True,10531,1,False,False,False,False,0.4472135901451111,2.0,0.5451605319976807,5,1120
5924,8,5,6,True,10531,1,False,False,False,False,0.19999998807907104,1.0,0.5157518982887268,6,9647
5924,9,4,7,True,10531,2,False,True,True,True,0.0,0.0,0.6705222129821777,4,5075
5924,10,11,0,True,10531,1,False,,,,,,0.7927168607711792,11,8060
5924,11,1,10,False,1620,4,True,False,False,False,0.19999998807907104,1.0,0.2009975016117096,2,5436
5924,12,10,1,True,10531,1,False,True,True,True,0.0,0.0,0.7402702569961548,10,8997
5924,13,5,6,True,10531,1,False,True,True,True,0.0,0.0,0.5674504637718201,5,6344
5924,14,11,0,True,10531,1,False,,,,,,0.7927168607711792,11,8060
5924,15,8,3,True,10531,1,False,False,False,False,0.4472135901451111,2.0,0.6286493539810181,10,8060
5924,16,7,4,True,10531,2,False,False,False,False,0.3464101552963257,3.0,0.755513072013855,10,8954
5924,17,10,1,True,10531,1,False,True,True,True,0.0,0.0,0.761577308177948,10,6271
5924,18,4,7,True,10531,2,False,False,False,False,0.3464101552963257,3.0,0.5878775715827942,7,7299
5924,19,5,6,True,10531,1,False,False,False,False,0.3464101552963257,3.0,0.6648308038711548,8,5290
5924,20,1,10,False,23,1,True,False,False,False,0.5999999642372131,6.0,0.6003332138061523,7,1162
5924,21,2,9,False,1,1,True,False,False,False,1.3564660549163818,9.0,1.356760859489441,11,53
5924,22,6,5,True,10531,2,False,True,True,True,0.0,0.0,0.44090816378593445,6,371
5924,23,9,2,True,10531,1,False,True,True,True,0.0,0.0,0.6095900535583496,9,8997
5924,24,9,2,True,10531,1,False,False,False,False,0.2828426957130432,2.0,0.6095899939537048,11,4853
5924,25,7,4,True,10531,1,False,False,False,False,0.4000000059604645,1.0,0.7285602688789368,8,1969
5924,26,6,5,True,10531,1,False,False,False,False,0.20000001788139343,1.0,0.6651315689086914,7,1423
5924,27,2,9,False,1620,4,True,False,False,False,0.19999998807907104,1.0,0.20199008285999298,3,5436
5924,28,2,9,True,10531,6,False,False,False,False,0.3464101552963257,3.0,0.5447935461997986,5,3355
5924,29,4,7,True,10531,1,False,False,False,False,0.2828426957130432,2.0,0.4749736785888672,6,6094
5924,30,10,1,True,10531,2,False,True,True,True,0.0,0.0,0.7402702569961548,10,3329
5924,31,5,6,True,10531,1,False,True,True,True,0.0,0.0,0.5674504637718201,5,678
5266,0,4,7,False,1,1,True,False,False,False,1.039230465888977,7.0,1.0399999618530273,11,6271
5266,1,11,0,True,10531,1,False,,,,,,0.7927168607711792,11,8060
5266,2,11,0,True,10531,1,False,,,,,,0.7927168607711792,11,8060
5266,3,6,5,True,10531,1,False,False,False,False,0.4000000059604645,1.0,0.8114185333251953,7,8050
5266,4,11,0,True,10531,1,False,,,,,,0.7927168607711792,11,8060
5266,5,8,3,True,10531,1,False,True,True,True,0.0,0.0,0.7397297024726868,8,3329
5266,6,5,6,True,10531,1,False,False,False,False,0.2828426957130432,2.0,0.5949789881706238,7,255
5266,7,1,10,False,5,1,True,False,False,False,0.9591663479804993,7.0,0.9593748450279236,8,8997
5266,8,9,2,True,10531,1,False,False,False,False,0.2828426957130432,2.0,0.8411896228790283,11,4853
5266,9,8,3,True,10531,1,False,False,False,False,0.5656854510307312,2.0,0.6835203170776367,10,8060
5266,10,8,3,True,10531,1,False,False,False,False,0.19999998807907104,1.0,0.6776430010795593,9,5808
5266,11,11,0,True,10531,1,False,,,,,,0.7927168607711792,11,8060
5266,12,11,0,True,10531,1,False,,,,,,0.7927168607711792,11,8060
5266,13,8,3,True,10531,1,False,False,False,False,0.4472135901451111,2.0,0.7233256697654724,10,9382
5266,14,7,4,True,10531,1,False,True,True,True,0.0,0.0,0.5681549310684204,7,7904
5266,15,7,4,True,10531,3,False,False,False,False,0.19999998807907104,1.0,0.6409368515014648,8,1953
5266,16,5,6,True,10531,3,False,False,False,False,0.19999998807907104,1.0,0.5603570342063904,6,6105
5266,17,3,8,False,2,1,True,False,False,False,0.8485281467437744,4.0,0.849234938621521,7,9647
5266,18,3,8,True,10531,1,False,True,True,True,0.0,0.0,0.31176915764808655,3,2127
5266,19,1,10,False,53,4,True,False,False,False,0.2828426957130432,2.0,0.2835489511489868,3,4256
5266,20,1,10,False,573,1,True,True,True,True,0.0,0.0,0.019999995827674866,1,8018
5266,21,2,9,False,294,15,True,False,False,False,0.19999998807907104,1.0,0.20199008285999298,3,7022
5266,22,9,2,True,10531,1,False,True,True,True,0.0,0.0,0.8219488859176636,9,7267
5266,23,11,0,True,10531,1,False,,,,,,0.7927168607711792,11,8060
5266,24,2,9,False,1,1,True,False,False,False,1.1661903858184814,9.0,1.1665332317352295,11,53
5266,25,5,6,True,10531,1,False,False,False,False,0.19999998807907104,1.0,0.43127715587615967,6,4156
5266,26,10,1,True,10531,1,False,True,True,True,0.0,0.0,0.7924644947052002,10,8060
5266,27,9,2,True,10531,1,False,False,False,False,0.20000001788139343,1.0,0.8459314703941345,10,7267
5266,28,2,9,False,1,1,True,False,False,False,1.2489995956420898,9.0,1.2493197917938232,11,53
5266,29,2,9,True,10531,1,False,False,False,False,0.19999998807907104,1.0,0.4656178951263428,3,9863
5266,30,4,7,True,10531,1,False,False,False,False,0.19999998807907104,1.0,0.6645299196243286,5,9172
5266,31,5,6,True,10531,11,False,False,False,False,0.19999998807907104,1.0,0.6016644239425659,6,313
4780,0,3,8,False,2,1,True,True,True,True,0.0,0.0,0.034641001373529434,3,4152
4780,1,7,4,True,10531,1,False,False,False,False,0.4898979067802429,3.0,0.6948380470275879,10,4853
4780,2,4,7,True,10531,1,False,False,False,False,0.2828426957130432,2.0,0.42142611742019653,6,6835
4780,3,6,5,True,10531,1,False,False,False,False,0.4898979663848877,3.0,0.6216108202934265,9,8060
4780,4,10,1,True,10531,1,False,True,True,True,0.0,0.0,0.7924644947052002,10,8060
4780,5,8,3,True,10531,1,False,False,False,False,0.3999999761581421,1.0,0.6717142462730408,9,4075
4780,6,2,9,True,10531,1,False,False,False,False,0.2828426957130432,2.0,0.5067543983459473,4,7433
4780,7,7,4,True,10531,1,False,False,False,False,0.5656854510307312,2.0,0.6832276582717896,9,8060
4780,8,11,0,True,10531,1,False,,,,,,0.7927168607711792,11,8060
4780,9,8,3,True,10531,1,False,False,False,False,0.4000000059604645,1.0,0.595986545085907,9,8060
4780,10,2,9,False,1620,3,True,True,True,True,0.0,0.0,0.028284266591072083,2,9421
4780,11,11,0,True,10531,1,False,,,,,,0.7927168607711792,11,8060
4780,12,2,9,False,3,1,True,False,False,False,0.4472135901451111,5.0,0.44810712337493896,7,8997
4780,13,7,4,True,10531,1,False,False,False,False,0.4472135603427887,2.0,0.6283311247825623,9,1025
4780,14,7,4,True,10531,1,False,False,False,False,0.19999998807907104,1.0,0.6023288369178772,8,9382
4780,15,8,3,True,10531,3,False,False,False,False,0.2828426957130432,2.0,0.7610519528388977,10,5069
4780,16,3,8,True,10531,1,False,True,True,True,0.0,0.0,0.31176915764808655,3,4291
4780,17,8,3,True,10531,1,False,False,False,False,0.20000001788139343,1.0,0.6412488222122192,9,1969
4780,18,5,6,True,10531,1,False,False,False,False,0.20000000298023224,1.0,0.5603570938110352,6,10226
4780,19,3,8,True,10531,1,False,False,False,False,0.2828426957130432,2.0,0.5071489214897156,5,7433
4780,20,5,6,True,10531,1,False,False,False,False,0.4898979365825653,3.0,0.6212890148162842,8,9382
4780,21,4,7,True,10531,2,False,False,False,False,0.19999998807907104,1.0,0.6997142434120178,5,8085
4780,22,8,3,True,10531,1,False,False,False,False,0.4472135901451111,2.0,0.6657326817512512,10,4075
4780,23,11,0,True,10531,1,False,,,,,,0.7927168607711792,11,8060
4780,24,4,7,False,1,1,True,False,False,False,0.5999999642372131,3.0,0.601331889629364,7,9647
4780,25,3,8,False,510,15,True,False,False,False,0.19999998807907104,1.0,0.20297782123088837,4,7023
4780,26,11,0,True,10531,1,False,,,,,,0.7927168607711792,11,8060
4780,27,5,6,True,10531,1,False,False,False,False,0.2828426957130432,2.0,0.5234500765800476,7,10496
4780,28,3,8,False,1,1,True,False,False,False,1.1313707828521729,7.0,1.1319010257720947,10,26
4780,29,4,7,False,7,1,True,False,False,False,0.6633249521255493,3.0,0.6645299792289734,7,8865
4780,30,1,10,False,10495,80,True,True,True,True,0.0,0.0,0.019999980926513672,1,5245
4780,31,9,2,True,10531,1,False,False,False,False,0.2828426957130432,2.0,0.8411896228790283,11,4853
5789,0,10,1,True,10531,1,False,False,False,False,0.19999998807907104,1.0,0.5329164862632751,11,8060
5789,1,9,2,True,10531,2,False,False,False,False,0.19999998807907104,1.0,0.7665507793426514,10,3329
5789,2,1,10,False,1,1,True,False,False,False,1.4560219049453735,10.0,1.4561593532562256,11,53
5789,3,2,9,False,1,1,True,False,False,False,1.0,7.0,1.0003999471664429,9,26
5789,4,3,8,False,7,1,True,False,False,False,0.6324555277824402,2.0,0.6334035396575928,5,8865
5789,5,3,8,True,10531,1,False,False,False,False,0.19999998807907104,1.0,0.5149757266044617,4,5840
5789,6,1,10,False,1620,8,True,False,False,False,0.2828426957130432,2.0,0.28354892134666443,3,6703
5789,7,2,9,False,510,2,True,False,False,False,0.19999998807907104,1.0,0.20199008285999298,3,9526
5789,8,5,6,True,10531,1,False,False,False,False,0.19999998807907104,1.0,0.6403124332427979,6,1969
5789,9,10,1,True,10531,1,False,True,True,True,0.0,0.0,0.7720103859901428,10,1969
5789,10,5,6,True,10531,1,False,False,False,False,0.2828426957130432,2.0,0.5234500765800476,7,3329
5789,11,4,7,True,10531,5,False,False,False,False,0.2828426957130432,2.0,0.42142611742019653,6,5816
5789,12,8,3,True,10531,1,False,False,False,False,0.2828426957130432,2.0,0.5245950818061829,10,8060
5789,13,6,5,True,10531,1,False,True,True,True,0.0,0.0,0.6711184978485107,6,9536
5789,14,10,1,True,10531,1,False,True,True,True,0.0,0.0,0.7402702569961548,10,8997
5789,15,10,1,True,10531,1,False,True,True,True,0.0,0.0,0.7924644947052002,10,8060
5789,16,11,0,True,10531,1,False,,,,,,0.7927168607711792,11,8060
5789,17,9,2,True,10531,1,False,False,False,False,0.2828426957130432,2.0,0.5249761939048767,11,8060
5789,18,7,4,True,10531,1,False,False,False,False,0.4898979663848877,3.0,0.6593936681747437,10,8060
5789,19,7,4,True,10531,1,False,False,False,False,0.3464101552963257,3.0,0.755513072013855,10,8050
5789,20,2,9,False,1,1,True,False,False,False,1.399999976158142,9.0,1.4002856016159058,11,53
5789,21,5,6,True,10531,1,False,False,False,False,0.2828426957130432,2.0,0.5949790477752686,7,8997
5789,22,10,1,True,10531,2,False,True,True,True,0.0,0.0,0.7402702569961548,10,9382
5789,23,10,1,True,10531,1,False,True,True,True,0.0,0.0,0.761577308177948,10,6271
5789,24,6,5,True,10531,1,False,False,False,False,0.2828426957130432,2.0,0.5238320231437683,8,3838
5789,25,7,4,True,10531,2,False,False,False,False,0.3464101552963257,3.0,0.6654322147369385,10,9382
5789,26,2,9,False,1,1,True,False,False,False,1.399999976158142,9.0,1.4002856016159058,11,53
5789,27,2,9,False,1,1,True,False,False,False,0.8000000715255737,5.0,0.8004999160766602,7,8997
5789,28,6,5,True,10531,1,False,False,False,False,0.2828426957130432,2.0,0.634350061416626,8,3329
5789,29,2,9,True,10531,1,False,False,False,False,0.19999998807907104,1.0,0.4656178951263428,3,5409
5789,30,8,3,True,10531,1,False,False,False,False,0.2828426957130432,2.0,0.7919596433639526,10,5293
5789,31,1,10,False,53,2,True,False,False,False,0.2828426957130432,2.0,0.28354892134666443,3,419
10424,0,1,10,False,10495,1,True,True,True,True,0.0,0.0,0.019999980926513672,1,10424
10424,1,9,2,True,10531,1,False,True,True,True,0.0,0.0,0.6095900535583496,9,8997
10424,2,11,0,True,10531,1,False,,,,,,0.7927168607711792,11,8060
10424,3,1,10,False,10495,1,True,True,True,True,0.0,0.0,0.019999980926513672,1,10424
10424,4,4,7,False,1,1,True,False,False,False,0.6324555277824402,4.0,0.6337192058563232,8,8997
10424,5,7,4,True,10531,1,False,True,True,True,0.0,0.0,0.44136151671409607,7,8997
10424,6,11,0,True,10531,1,False,,,,,,0.7927168607711792,11,8060
10424,7,7,4,True,10531,1,False,False,False,False,0.4000000059604645,1.0,0.5538952946662903,8,6271
10424,8,5,6,True,10531,1,False,True,True,True,0.0,0.0,0.5674504637718201,5,2308
10424,9,3,8,True,10531,1,False,True,True,True,0.0,0.0,0.31176915764808655,3,7285
10424,10,7,4,True,10531,1,False,True,True,True,0.0,0.0,0.44136151671409607,7,7065
10424,11,6,5,True,10531,1,False,False,False,False,0.4000000059604645,1.0,0.5953150391578674,7,4075
10424,12,6,5,True,10531,2,False,False,False,False,0.20000000298023224,1.0,0.6019967198371887,7,5808
10424,13,11,0,True,10531,1,False,,,,,,0.7927168607711792,11,8060
10424,14,8,3,True,10531,1,False,False,False,False,0.19999998807907104,1.0,0.7343024611473083,9,8997
10424,15,7,4,True,10531,1,False,False,False,False,0.4472135901451111,2.0,0.6890573501586914,9,8997
10424,16,2,9,True,10531,1,False,False,False,False,0.3464101552963257,3.0,0.4656178653240204,5,3838
10424,17,10,1,True,10531,1,False,True,True,True,0.0,0.0,0.761577308177948,10,8060
10424,18,2,9,False,2932,1,True,True,True,True,0.0,0.0,0.028284255415201187,2,10424
10424,19,6,5,True,10531,2,False,True,True,True,0.0,0.0,0.7059745788574219,6,9382
10424,20,4,7,False,1,1,True,False,False,False,0.6324555277824402,4.0,0.6337192058563232,8,8997
10424,21,10,1,True,10531,1,False,True,True,True,0.0,0.0,0.7402702569961548,10,8997
10424,22,8,3,True,10531,2,False,True,True,True,0.0,0.0,0.7397297024726868,8,3329
10424,23,5,6,True,10531,1,False,False,False,False,0.2828427255153656,2.0,0.4219004511833191,7,6271
10424,24,2,9,False,49,1,True,False,False,False,0.4000000059604645,4.0,0.4009987413883209,6,423
10424,25,6,5,True,10531,1,False,False,False,False,0.3464101552963257,3.0,0.6651315689086914,9,5290
10424,26,9,2,True,10531,1,False,True,True,True,0.0,0.0,0.49355849623680115,9,4075
10424,27,6,5,True,10531,1,False,True,True,True,0.0,0.0,0.38262251019477844,6,6344
10424,28,8,3,True,10531,2,False,True,True,True,0.0,0.0,0.7065408825874329,8,3329
10424,29,7,4,True,10531,2,False,False,False,False,0.19999998807907104,1.0,0.6023288369178772,8,1612
10424,30,6,5,True,10531,1,False,False,False,False,0.19999998807907104,1.0,0.601996660232544,7,3329
10424,31,11,0,True,10531,1,False,,,,,,0.7927168607711792,11,8060
2887,0,7,4,True,10531,1,False,False,False,False,0.4000000059604645,1.0,0.8407140374183655,8,1969
2887,1,10,1,True,10531,1,False,True,True,True,0.0,0.0,0.4939635396003723,10,8060
2887,2,6,5,True,10531,3,False,True,True,True,0.0,0.0,0.475815087556839,6,2143
2887,3,9,2,True,10531,1,False,False,False,False,0.4000000059604645,1.0,0.5963220596313477,10,8060
2887,4,8,3,True,10531,1,False,False,False,False,0.20000001788139343,1.0,0.8168231248855591,9,7267
2887,5,10,1,True,10531,1,False,True,True,True,0.0,0.0,0.7924644947052002,10,8060
2887,6,6,5,True,10531,1,False,False,False,False,0.4000000059604645,1.0,0.7282856702804565,7,9950
2887,7,6,5,True,10531,2,False,False,False,False,0.3464101552963257,3.0,0.7552483677864075,9,10082
2887,8,8,3,True,10531,2,False,False,False,False,0.20000001788139343,1.0,0.7343024611473083,9,3329
2887,9,1,10,False,2992,13,True,True,True,True,0.0,0.0,0.019999995827674866,1,7537
2887,10,2,9,False,510,1,True,False,False,False,0.19999998807907104,1.0,0.20199008285999298,3,8018
2887,11,7,4,True,10531,1,False,False,False,False,0.44721361994743347,2.0,0.5888972878456116,9,8060
2887,12,3,8,True,10531,1,False,False,False,False,0.2828427255153656,2.0,0.5943063497543335,5,1957
2887,13,11,0,True,10531,1,False,,,,,,0.7927168607711792,11,8060
2887,14,6,5,True,10531,1,False,False,False,False,0.4000000059604645,1.0,0.6945502161979675,7,1969
2887,15,3,8,True,10531,1,False,False,False,False,0.19999998807907104,1.0,0.5596427917480469,4,5839
2887,16,8,3,True,10531,1,False,False,False,False,0.4000000059604645,1.0,0.8872429132461548,9,7267
2887,17,3,8,False,52,4,True,False,False,False,0.2828426957130432,2.0,0.284956157207489,5,370
2887,18,5,6,True,10531,1,False,False,False,False,0.20000001788139343,1.0,0.6016644239425659,6,429
2887,19,9,2,True,10531,1,False,False,False,False,0.3999999761581421,1.0,0.6720119118690491,10,4075
2887,20,7,4,True,10531,2,False,False,False,False,0.2828426957130432,2.0,0.6714164614677429,9,6873
2887,21,6,5,True,10531,2,False,True,True,True,0.0,0.0,0.5678027868270874,6,2153
2887,22,9,2,True,10531,1,False,True,True,True,0.0,0.0,0.7400000095367432,9,3329
2887,23,3,8,True,10531,3,False,False,False,False,0.20000001788139343,1.0,0.3704051971435547,4,3754
2887,24,1,10,False,3,1,True,False,False,False,0.9797959327697754,8.0,0.9800000190734863,9,8997
2887,25,5,6,True,10531,1,False,False,False,False,0.20000001788139343,1.0,0.43127718567848206,6,7604
2887,26,4,7,True,10531,3,False,False,False,False,0.19999998807907104,1.0,0.43081316351890564,5,1961
2887,27,8,3,True,10531,1,False,True,True,True,0.0,0.0,0.6474565863609314,8,1954
2887,28,6,5,True,10531,3,False,False,False,False,0.19999998807907104,1.0,0.6406247019767761,7,1953
2887,29,3,8,True,10531,7,False,True,True,True,0.0,0.0,0.31176915764808655,3,4916
2887,30,2,9,False,2932,13,True,True,True,True,0.0,0.0,0.028284255415201187,2,7537
2887,31,3,8,True,10531,1,False,False,False,False,0.2828426957130432,2.0,0.5071489214897156,5,6335
7349,0,5,6,True,10531,1,False,False,False,False,0.4000000059604645,1.0,0.6942622065544128,6,1954
7349,1,2,9,False,23,3,True,True,True,True,0.0,0.0,0.02828427590429783,2,722
7349,2,7,4,True,10531,1,False,False,False,False,0.19999998807907104,1.0,0.6409368515014648,8,8050
7349,3,3,8,True,10531,1,False,True,True,True,0.0,0.0,0.5226854085922241,3,6081
7349,4,9,2,True,10531,1,False,False,False,False,0.4000000059604645,1.0,0.8411896824836731,10,5808
7349,5,1,10,False,10446,89,True,True,True,True,0.0,0.0,0.019999980926513672,1,3054
7349,6,5,6,True,10531,2,False,False,False,False,0.3464101552963257,3.0,0.7549834847450256,8,5670
7349,7,9,2,True,10531,1,False,False,False,False,0.4000000059604645,1.0,0.5963220596313477,10,8060
7349,8,4,7,True,10531,1,False,True,True,True,0.0,0.0,0.22271056473255157,4,8472
7349,9,6,5,True,10531,1,False,False,False,False,0.4000000059604645,1.0,0.5953150987625122,7,2163
7349,10,2,9,True,10531,1,False,False,False,False,0.19999998807907104,1.0,0.4656178653240204,3,9172
7349,11,3,8,True,10531,1,False,False,False,False,0.2828426957130432,2.0,0.4209512770175934,5,697
7349,12,1,10,False,23,1,True,False,False,False,0.8944271802902222,6.0,0.8946507573127747,7,7950
7349,13,2,9,True,10531,10,False,False,False,False,0.19999998807907104,1.0,0.5145872235298157,3,8829
7349,14,5,6,True,10531,3,False,False,False,False,0.19999998807907104,1.0,0.48373547196388245,6,1953
7349,15,6,5,True,10531,1,False,False,False,False,0.4898979663848877,3.0,0.6590902805328369,9,8060
7349,16,4,7,True,10531,2,False,False,False,False,0.20000001788139343,1.0,0.5153639912605286,5,7379
7349,17,6,5,True,10531,1,False,False,False,False,0.2828426957130432,2.0,0.634350061416626,8,2841
7349,18,2,9,True,10531,1,False,False,False,False,0.19999998807907104,1.0,0.6267375946044922,3,9172
7349,19,1,10,False,2992,24,True,True,True,True,0.0,0.0,0.019999995827674866,1,9729
7349,20,9,2,True,10531,1,False,False,False,False,0.4472135901451111,2.0,0.6660330295562744,11,4075
7349,21,8,3,True,10531,1,False,False,False,False,0.4472135901451111,2.0,0.8361818194389343,10,9382
7349,22,4,7,True,10531,1,False,False,False,False,0.19999998807907104,1.0,0.5153639912605286,5,10091
7349,23,11,0,True,10531,1,False,,,,,,0.7927168607711792,11,8060
7349,24,2,9,True,10531,5,False,False,False,False,0.3464101552963257,3.0,0.4656178653240204,5,9634
7349,25,11,0,True,10531,1,False,,,,,,0.7927168607711792,11,8060
7349,26,1,10,False,10495,89,True,True,True,True,0.0,0.0,0.019999980926513672,1,10461
7349,27,3,8,True,10531,1,False,True,True,True,0.0,0.0,0.4745524227619171,3,6945
7349,28,4,7,True,10531,1,False,True,True,True,0.0,0.0,0.5230678915977478,4,6081
7349,29,9,2,True,10531,1,False,False,False,False,0.4000000059604645,1.0,0.8411896824836731,10,1969
7349,30,5,6,True,10531,1,False,False,False,False,0.2828426957130432,2.0,0.4753945469856262,7,8050
7349,31,2,9,True,10531,2,False,False,False,False,0.2828426957130432,2.0,0.42047592997550964,4,1026
4915,0,6,5,True,10531,1,False,False,False,False,0.2828427255153656,2.0,0.475815087556839,8,10041
4915,1,8,3,True,10531,2,False,False,False,False,0.19999998807907104,1.0,0.7662897706031799,9,3329
4915,2,6,5,True,10531,1,False,False,False,False,0.4898979663848877,3.0,0.6590902805328369,9,8060
4915,3,3,8,True,10531,2,False,False,False,False,0.2828426957130432,2.0,0.4209512770175934,5,9520
4915,4,8,3,True,10531,1,False,True,True,True,0.0,0.0,0.7065408825874329,8,1969
4915,5,8,3,True,10531,1,False,False,False,False,0.20000001788139343,1.0,0.484974205493927,9,8060
4915,6,2,9,False,1,1,True,False,False,False,1.0198038816452026,7.0,1.0201960802078247,9,8997
4915,7,4,7,True,10531,3,False,False,False,False,0.2828426957130432,2.0,0.4214261472225189,6,8954
4915,8,10,1,True,10531,1,False,False,False,False,0.20000001788139343,1.0,0.7668116092681885,11,3329
4915,9,9,2,True,10531,1,False,True,True,True,0.0,0.0,0.8219488859176636,9,7267
4915,10,1,10,False,3,1,True,False,False,False,1.0198038816452026,7.0,1.0199999809265137,8,8997
4915,11,2,9,True,10531,39,False,True,True,True,0.0,0.0,0.22090721130371094,2,1046
4915,12,7,4,True,10531,1,False,True,True,True,0.0,0.0,0.7394592761993408,7,1954
4915,13,5,6,True,10531,1,False,False,False,False,0.2828427255153656,2.0,0.6340347528457642,7,9950
4915,14,10,1,True,10531,1,False,True,True,True,0.0,0.0,0.8221921920776367,10,7267
4915,15,3,8,True,10531,2,False,True,True,True,0.0,0.0,0.31176915764808655,3,1026
4915,16,11,0,True,10531,1,False,,,,,,0.7927168607711792,11,8060
4915,17,5,6,True,10531,2,False,False,False,False,0.3464101552963257,3.0,0.6276941895484924,8,9382
4915,18,11,0,True,10531,1,False,,,,,,0.7927168607711792,11,8060
4915,19,2,9,True,10531,1,False,False,False,False,0.20000001788139343,1.0,0.3698648512363434,3,429
4915,20,7,4,True,10531,1,False,False,False,False,0.20000001788139343,1.0,0.8165782690048218,8,7267
4915,21,10,1,True,10531,1,False,True,True,True,0.0,0.0,0.761577308177948,10,8060
4915,22,5,6,True,10531,1,False,False,False,False,0.20000001788139343,1.0,0.699999988079071,6,2669
4915,23,8,3,True,10531,1,False,False,False,False,0.19999998807907104,1.0,0.6776430010795593,9,1969
4915,24,5,6,True,10531,1,False,False,False,False,0.20000001788139343,1.0,0.6016644239425659,6,9950
4915,25,6,5,True,10531,1,False,False,False,False,0.4898979663848877,3.0,0.6590902805328369,9,8060
4915,26,5,6,True,10531,5,False,False,False,False,0.20000001788139343,1.0,0.5157518982887268,6,2966
4915,27,3,8,False,2,2,True,False,False,False,1.216552495956421,7.0,1.217045545578003,10,7522
4915,28,9,2,True,10531,1,False,False,False,False,0.20000001788139343,1.0,0.6415606141090393,10,9382
4915,29,2,9,False,1,1,True,False,False,False,1.2489995956420898,9.0,1.2493197917938232,11,53
4915,30,2,9,True,10531,2,False,False,False,False,0.20000001788139343,1.0,0.4656178951263428,3,6074
4915,31,2,9,False,1,1,True,False,False,False,1.2489995956420898,9.0,1.2493197917938232,11,53
6930,0,5,6,True,10531,2,False,False,False,False,0.2828426957130432,2.0,0.4753945767879486,7,3321
6930,1,4,7,True,10531,1,False,False,False,False,0.2828426957130432,2.0,0.5528110265731812,6,1020
6930,2,1,10,False,23,2,True,False,False,False,0.4472135603427887,5.0,0.44766056537628174,6,5775
6930,3,6,5,True,10531,1,False,False,False,False,0.20000001788139343,1.0,0.4317406713962555,7,6271
6930,4,10,1,True,10531,1,False,True,True,True,0.0,0.0,0.7924644947052002,10,8060
6930,5,3,8,True,10531,2,False,False,False,False,0.2828426957130432,2.0,0.552449107170105,5,2963
6930,6,9,2,True,10531,1,False,True,True,True,0.0,0.0,0.7613146305084229,9,6271
6930,7,7,4,True,10531,1,False,False,False,False,0.4000000059604645,1.0,0.6593936681747437,8,9382
6930,8,11,0,True,10531,1,False,,,,,,0.7927168607711792,11,8060
6930,9,10,1,True,10531,1,False,False,False,False,0.19999998807907104,1.0,0.846167802810669,11,4853
6930,10,11,0,True,10531,1,False,,,,,,0.7927168607711792,11,8060
6930,11,10,1,True,10531,1,False,False,False,False,0.19999998807907104,1.0,0.846167802810669,11,4853
6930,12,9,2,True,10531,1,False,True,True,True,0.0,0.0,0.5399999618530273,9,4075
6930,13,5,6,False,3,1,True,False,False,False,0.6928203105926514,4.0,0.6942622661590576,9,424
6930,14,2,9,True,10531,1,False,False,False,False,0.20000000298023224,1.0,0.36986488103866577,3,5166
6930,15,10,1,True,10531,1,False,True,True,True,0.0,0.0,0.7924644947052002,10,8060
6930,16,6,5,True,10531,1,False,False,False,False,0.2828426957130432,2.0,0.5238320231437683,8,1025
6930,17,7,4,True,10531,1,False,True,True,True,0.0,0.0,0.5392587184906006,7,4075
6930,18,4,7,True,10531,1,False,False,False,False,0.2828427255153656,2.0,0.4749737083911896,6,6271
6930,19,10,1,True,10531,1,False,True,True,True,0.0,0.0,0.7402702569961548,10,9382
6930,20,9,2,True,10531,1,False,True,True,True,0.0,0.0,0.7922120690345764,9,8060
6930,21,5,6,True,10531,1,False,False,False,False,0.19999998807907104,1.0,0.43127715587615967,6,9382
6930,22,9,2,True,10531,1,False,False,False,False,0.6000000238418579,1.0,0.7769169807434082,10,8060
6930,23,4,7,True,10531,3,False,False,False,False,0.2828426957130432,2.0,0.5075430870056152,6,7000
6930,24,5,6,True,10531,1,False,False,False,False,0.20000001788139343,1.0,0.48373547196388245,6,4075
6930,25,11,0,True,10531,1,False,,,,,,0.7927168607711792,11,8060
6930,26,4,7,True,10531,1,False,False,False,False,0.4000000059604645,4.0,0.6209670305252075,8,3329
6930,27,6,5,True,10531,1,False,False,False,False,0.4898979663848877,3.0,0.6590902805328369,9,4853
6930,28,9,2,True,10531,1,False,False,False,False,0.6000000238418579,1.0,0.7453858256340027,10,8060
6930,29,4,7,True,10531,1,False,False,False,False,0.4000000059604645,1.0,0.6584831476211548,5,9382
6930,30,10,1,True,10531,1,False,True,True,True,0.0,0.0,0.761577308177948,10,6271
6930,31,2,9,False,1,1,True,False,False,False,0.9380831718444824,5.0,0.938509464263916,7,26
8135,0,4,7,True,10531,3,False,False,False,False,0.19999998807907104,1.0,0.5153639912605286,5,9863
8135,1,3,8,True,10531,3,False,False,False,False,0.19999998807907104,1.0,0.3704051673412323,4,10082
8135,2,6,5,True,10531,2,False,True,True,True,0.0,0.0,0.7059745192527771,6,3438
8135,3,7,4,True,10531,6,False,False,False,False,0.19999998807907104,1.0,0.6023288369178772,8,6012
8135,4,1,10,False,53,1,True,False,False,False,0.4472135901451111,2.0,0.4476605951786041,3,422
8135,5,11,0,True,10531,1,False,,,,,,0.7927168607711792,11,8060
8135,6,10,1,True,10531,1,False,False,False,False,0.19999998807907104,1.0,0.5761944055557251,11,4075
8135,7,9,2,True,10531,1,False,False,False,False,0.4000000059604645,1.0,0.5963220596313477,10,8060
8135,8,9,2,True,10531,2,False,False,False,False,0.19999998807907104,1.0,0.6415606141090393,10,3329
8135,9,8,3,True,10531,1,False,True,True,True,0.0,0.0,0.49315309524536133,8,4295
8135,10,8,3,True,10531,1,False,False,False,False,0.4898979663848877,3.0,0.6951258778572083,11,4075
8135,11,8,3,True,10531,2,False,False,False,False,0.2828426957130432,2.0,0.634980320930481,10,9382
8135,12,9,2,True,10531,1,False,False,False,False,0.19999998807907104,1.0,0.6415606141090393,10,3329
8135,13,8,3,True,10531,1,False,False,False,False,0.20000001788139343,1.0,0.484974205493927,9,8060
8135,14,4,7,False,1,1,True,False,False,False,0.7745966911315918,6.0,0.7756288051605225,10,26
8135,15,1,10,False,1620,3,True,False,False,False,0.20000001788139343,1.0,0.20099753141403198,2,9460
8135,16,11,0,True,10531,1,False,,,,,,0.7927168607711792,11,8060
8135,17,7,4,True,10531,1,False,False,False,False,0.19999998807907104,1.0,0.6283311247825623,8,423
8135,18,7,4,True,10531,1,False,False,False,False,0.19999998807907104,1.0,0.6409368515014648,8,1969
8135,19,1,10,False,10495,17,True,True,True,True,0.0,0.0,0.019999980926513672,1,2702
8135,20,10,1,True,10531,1,False,False,False,False,0.19999998807907104,1.0,0.5761944055557251,11,4075
8135,21,10,1,True,10531,1,False,False,False,False,0.20000001788139343,1.0,0.7874007821083069,11,8060
8135,22,7,4,True,10531,1,False,False,False,False,0.2828426957130432,2.0,0.7607890963554382,9,9382
8135,23,2,9,False,1,1,True,False,False,False,1.0770329236984253,9.0,1.077404260635376,11,53
8135,24,6,5,True,10531,1,False,False,False,False,0.2828426957130432,2.0,0.634350061416626,8,8050
8135,25,8,3,True,10531,1,False,False,False,False,0.19999998807907104,1.0,0.6776430010795593,9,9950
8135,26,10,1,True,10531,1,False,False,False,False,0.19999998807907104,1.0,0.8461678624153137,11,7267
8135,27,11,0,True,10531,1,False,,,,,,0.7927168607711792,11,8060
8135,28,8,3,True,10531,1,False,False,False,False,0.2828426957130432,2.0,0.6717142462730408,10,1969
8135,29,7,4,True,10531,1,False,False,False,False,0.2828426957130432,2.0,0.634665310382843,9,6047
8135,30,6,5,True,10531,1,False,False,False,False,0.3464101552963257,3.0,0.5161395072937012,9,7258
8135,31,2,9,False,23,6,True,False,False,False,0.2828426957130432,2.0,0.28425338864326477,4,7911
8204,0,2,9,False,2,1,True,True,True,True,0.0,0.0,0.028284266591072083,2,4152
8204,1,5,6,True,10531,1,False,False,False,False,0.19999998807907104,1.0,0.48373547196388245,6,10496
8204,2,6,5,True,10531,1,False,False,False,False,0.19999998807907104,1.0,0.4317406415939331,7,2153
8204,3,1,10,False,1620,4,True,True,True,True,0.0,0.0,0.02000001072883606,1,4053
8204,4,11,0,True,10531,1,False,,,,,,0.7927168607711792,11,8060
8204,5,7,4,True,10531,1,False,False,False,False,0.2828426957130432,2.0,0.7607890963554382,9,5293
8204,6,8,3,True,10531,1,False,False,False,False,0.4000000059604645,1.0,0.595986545085907,9,8060
8204,7,11,0,True,10531,1,False,,,,,,0.7927168607711792,11,8060
8204,8,4,7,False,1,1,True,False,False,False,0.8246211409568787,5.0,0.8255907297134399,9,6271
8204,9,5,6,True,10531,7,False,False,False,False,0.19999998807907104,1.0,0.5603570342063904,6,9849
8204,10,2,9,False,25,1,True,True,True,True,0.0,0.0,0.028284255415201187,2,4152
8204,11,7,4,True,10531,1,False,False,False,False,0.19999998807907104,1.0,0.7866384387016296,8,5640
8204,12,5,6,True,10531,1,False,False,False,False,0.2828426957130432,2.0,0.7280110120773315,7,7254
8204,13,1,10,False,1,1,True,False,False,False,1.5874507427215576,10.0,1.5875767469406128,11,53
8204,14,6,5,True,10531,1,False,False,False,False,0.5291502475738525,4.0,0.6887670159339905,10,4853
8204,15,5,6,True,10531,2,False,False,False,False,0.3999999761581421,1.0,0.5531726479530334,6,6779
8204,16,5,6,True,10531,1,False,False,False,False,0.2828426957130432,2.0,0.5949790477752686,7,8954
8204,17,4,7,True,10531,2,False,False,False,False,0.3464101552963257,3.0,0.5878775715827942,7,7433
8204,18,5,6,True,10531,1,False,False,False,False,0.19999998807907104,1.0,0.5603570342063904,6,10091
8204,19,8,3,True,10531,1,False,False,False,False,0.19999998807907104,1.0,0.6412488222122192,9,8050
8204,20,6,5,True,10531,1,False,False,False,False,0.2828426957130432,2.0,0.634350061416626,8,251
8204,21,3,8,False,1,1,True,False,False,False,1.3416407108306885,8.0,1.3420878648757935,11,53
8204,22,9,2,True,10531,1,False,False,False,False,0.3999999761581421,1.0,0.6720119118690491,10,4075
8204,23,5,6,True,10531,1,False,False,False,False,0.19999998807907104,1.0,0.7861298322677612,6,5640
8204,24,5,6,True,10531,1,False,False,False,False,0.4000000059604645,1.0,0.8111720085144043,6,1969
8204,25,6,5,True,10531,1,False,False,False,False,0.4898979365825653,3.0,0.7499333620071411,9,9382
8204,26,9,2,True,10531,1,False,False,False,False,0.20000001788139343,1.0,0.5325410962104797,10,8060
8204,27,9,2,True,10531,1,False,False,False,False,0.4000000059604645,1.0,0.5963220596313477,10,8060
8204,28,9,2,True,10531,1,False,False,False,False,0.4000000059604645,1.0,0.8411896824836731,10,1969
8204,29,9,2,True,10531,1,False,False,False,False,0.3999999761581421,1.0,0.6720119118690491,10,4075
8204,30,3,8,True,10531,1,False,True,True,True,0.0,0.0,0.42095133662223816,3,406
8204,31,2,9,False,1,1,True,False,False,False,1.4696937799453735,9.0,1.469965934753418,11,53
8308,0,6,5,True,10531,1,False,False,False,False,0.19999998807907104,1.0,0.6406247019767761,7,3329
8308,1,1,10,False,5,1,True,False,False,False,1.058300495147705,9.0,1.058489441871643,10,8997
8308,2,6,5,True,10531,1,False,False,False,False,0.19999998807907104,1.0,0.6406247019767761,7,3329
8308,3,6,5,True,10531,2,False,False,False,False,0.20000001788139343,1.0,0.5607138276100159,7,5166
8308,4,2,9,False,23,1,True,False,False,False,0.9165151715278625,7.0,0.9169514775276184,9,7950
8308,5,9,2,True,10531,2,False,False,False,False,0.4472135901451111,2.0,0.836421012878418,11,9382
8308,6,8,3,True,10531,1,False,False,False,False,0.19999998807907104,1.0,0.6412487626075745,9,3329
8308,7,6,5,True,10531,2,False,False,False,False,0.20000001788139343,1.0,0.5607138276100159,7,6436
8308,8,4,7,True,10531,1,False,False,False,False,0.44721361994743347,2.0,0.5878775715827942,6,2163
8308,9,7,4,True,10531,1,False,False,False,False,0.4000000059604645,1.0,0.8407140374183655,8,9950
8308,10,6,5,True,10531,1,False,False,False,False,0.44721361994743347,2.0,0.6887670755386353,8,9382
8308,11,11,0,True,10531,1,False,,,,,,0.7927168607711792,11,8060
8308,12,2,9,False,49,2,True,True,True,True,0.0,0.0,0.02828427590429783,2,370
8308,13,8,3,True,10531,1,False,False,False,False,0.4000000059604645,1.0,0.595986545085907,9,8060
8308,14,3,8,True,10531,1,False,False,False,False,0.2828426957130432,2.0,0.5943063497543335,5,5839
8308,15,1,10,False,573,2,True,False,False,False,0.2828426957130432,2.0,0.2835489511489868,3,8021
8308,16,10,1,True,10531,1,False,True,True,True,0.0,0.0,0.761577308177948,10,6271
8308,17,9,2,True,10531,1,False,True,True,True,0.0,0.0,0.8219488859176636,9,7267
8308,18,11,0,True,10531,1,False,,,,,,0.7927168607711792,11,8060
8308,19,9,2,True,10531,1,False,False,False,False,0.19999998807907104,1.0,0.6415606141090393,10,9382
8308,20,11,0,True,10531,1,False,,,,,,0.7927168607711792,11,8060
8308,21,1,10,False,5,1,True,False,False,False,1.058300495147705,9.0,1.058489441871643,10,8997
8308,22,4,7,True,10531,4,False,True,True,True,0.0,0.0,0.4749737083911896,4,2230
8308,23,3,8,True,10531,12,False,True,True,True,0.0,0.0,0.2218107283115387,3,2098
8308,24,10,1,True,10531,2,False,False,False,False,0.19999998807907104,1.0,0.7668116092681885,11,3329
8308,25,4,7,True,10531,1,False,False,False,False,0.3464101552963257,3.0,0.754718542098999,7,1960
8308,26,10,1,True,10531,2,False,True,True,True,0.0,0.0,0.7402702569961548,10,3329
8308,27,4,7,False,1,1,True,False,False,False,1.0198038816452026,6.0,1.0205880403518677,10,26
8308,28,6,5,True,10531,2,False,True,True,True,0.0,0.0,0.5678027868270874,6,6436
8308,29,6,5,True,10531,1,False,False,False,False,0.2828426957130432,2.0,0.671118438243866,8,2669
8308,30,5,6,True,10531,1,False,False,False,False,0.19999998807907104,1.0,0.5310367345809937,6,9950
8308,31,1,10,False,3,1,True,False,False,False,1.058300495147705,9.0,1.058489441871643,10,8997
76,0,2,9,False,1,1,True,False,False,False,1.2961480617523193,9.0,1.2964566946029663,11,53
76,1,8,3,True,10531,1,False,True,True,True,0.0,0.0,0.6474565863609314,8,9950
76,2,8,3,True,10531,1,False,True,True,True,0.0,0.0,0.5396294593811035,8,7267
76,3,8,3,True,10531,1,False,False,False,False,0.20000001788139343,1.0,0.5754997730255127,9,7267
76,4,5,6,True,10531,1,False,False,False,False,0.19999998807907104,1.0,0.48373547196388245,6,9950
76,5,11,0,True,10531,1,False,,,,,,0.7927168607711792,11,8060
76,6,11,0,True,10531,1,False,,,,,,0.7927168607711792,11,8060
76,7,3,8,True,10531,4,False,False,False,False,0.2828426957130432,2.0,0.552449107170105,5,9960
76,8,7,4,True,10531,1,False,False,False,False,0.2828427255153656,2.0,0.5956509709358215,9,9382
76,9,8,3,True,10531,1,False,False,False,False,0.19999998807907104,1.0,0.7868925929069519,9,10041
76,10,1,10,False,3,1,True,False,False,False,1.0,8.0,1.0002000331878662,9,8997
76,11,9,2,True,10531,1,False,False,False,False,0.19999998807907104,1.0,0.6415606141090393,10,3329
76,12,4,7,True,10531,1,False,False,False,False,0.2828426957130432,2.0,0.4749736785888672,6,296
76,13,6,5,True,10531,1,False,False,False,False,0.19999998807907104,1.0,0.733757495880127,7,1954
76,14,3,8,True,10531,2,False,False,False,False,0.3464101552963257,3.0,0.4660471975803375,6,917
76,15,1,10,False,5,1,True,False,False,False,1.0,8.0,1.0002000331878662,9,8997
76,16,9,2,True,10531,1,False,False,False,False,0.20000001788139343,1.0,0.7871467471122742,10,8060
76,17,9,2,True,10531,1,False,False,False,False,0.20000001788139343,1.0,0.4853864312171936,10,8060
76,18,1,10,False,10495,21,True,True,True,True,0.0,0.0,0.019999980926513672,1,4308
76,19,7,4,True,10531,1,False,False,False,False,0.19999998807907104,1.0,0.73403000831604,8,9382
76,20,1,10,False,23,1,True,False,False,False,1.058300495147705,8.0,1.058489441871643,9,7950
76,21,2,9,False,22,1,True,False,False,False,0.9591662883758545,6.0,0.9595832824707031,8,1162
76,22,2,9,False,4,1,True,False,False,False,0.8000000715255737,7.0,0.8004999160766602,9,8997
76,23,4,7,False,220,8,True,True,True,True,0.0,0.0,0.039999984204769135,4,6611
76,24,1,10,False,26,3,True,False,False,False,0.2828426957130432,2.0,0.2835489511489868,3,8912
76,25,7,4,True,10531,1,False,False,False,False,0.19999998807907104,1.0,0.48456165194511414,8,10041
76,26,3,8,True,10531,1,False,False,False,False,0.19999998807907104,1.0,0.2986636757850647,4,9133
76,27,2,9,False,52,2,True,False,False,False,0.2828426957130432,2.0,0.28425341844558716,4,7614
76,28,3,8,False,2,1,True,False,False,False,0.774596631526947,4.0,0.7753708958625793,7,9647
76,29,2,9,False,1,1,True,False,False,False,1.216552495956421,9.0,1.216881275177002,11,53
76,30,5,6,True,10531,1,False,False,False,False,0.3464101552963257,3.0,0.515751838684082,8,7204
76,31,10,1,True,10531,1,False,True,True,True,0.0,0.0,0.7924644947052002,10,8060
8394,0,10,1,True,10531,1,False,True,True,True,0.0,0.0,0.7924644947052002,10,8060
8394,1,10,1,True,10531,1,False,True,True,True,0.0,0.0,0.7720103859901428,10,1969
8394,2,8,3,True,10531,1,False,True,True,True,0.0,0.0,0.7397297024726868,8,3329
8394,3,7,4,True,10531,1,False,False,False,False,0.19999998807907104,1.0,0.6409368515014648,8,1969
8394,4,7,4,True,10531,1,False,True,True,True,0.0,0.0,0.6089335083961487,7,3329
8394,5,7,4,True,10531,1,False,False,False,False,0.20000001788139343,1.0,0.48456165194511414,8,8060
8394,6,9,2,True,10531,1,False,True,True,True,0.0,0.0,0.6095900535583496,9,9382
8394,7,4,7,True,10531,1,False,False,False,False,0.4898979663848877,3.0,0.5810335874557495,7,8060
8394,8,1,10,False,10446,13,True,True,True,True,0.0,0.0,0.019999980926513672,1,6931
8394,9,6,5,True,10531,2,False,False,False,False,0.4472135901451111,2.0,0.722772479057312,8,3329
8394,10,4,7,True,10531,1,False,False,False,False,0.2828426957130432,2.0,0.5230678915977478,6,10496
8394,11,7,4,True,10531,2,False,True,True,True,0.0,0.0,0.5242137312889099,7,8118
8394,12,6,5,True,10531,1,False,False,False,False,0.5291502475738525,4.0,0.6887669563293457,10,4853
8394,13,6,5,True,10531,1,False,False,False,False,0.6324555277824402,4.0,0.7709733843803406,10,4853
8394,14,6,5,True,10531,1,False,False,False,False,0.2828426957130432,2.0,0.6945502758026123,8,8954
8394,15,9,2,True,10531,1,False,True,True,True,0.0,0.0,0.7922120690345764,9,8060
8394,16,7,4,True,10531,1,False,False,False,False,0.19999998807907104,1.0,0.48456165194511414,8,9382
8394,17,1,10,False,23,1,True,False,False,False,0.7211102247238159,7.0,0.7213875651359558,8,7950
8394,18,6,5,True,10531,1,False,False,False,False,0.2828427255153656,2.0,0.5238320231437683,8,8060
8394,19,8,3,True,10531,2,False,False,False,False,0.19999998807907104,1.0,0.6412488222122192,9,3329
8394,20,7,4,True,10531,1,False,False,False,False,0.20000001788139343,1.0,0.5317894220352173,8,8060
8394,21,7,4,True,10531,1,False,False,False,False,0.44721361994743347,2.0,0.6283311247825623,9,8060
8394,22,11,0,True,10531,1,False,,,,,,0.7927168607711792,11,8060
8394,23,11,0,True,10531,1,False,,,,,,0.7927168607711792,11,8060
8394,24,2,9,False,1,1,True,False,False,False,0.6633249521255493,3.0,0.6639277338981628,5,6335
8394,25,10,1,True,10531,1,False,True,True,True,0.0,0.0,0.7924644947052002,10,8060
8394,26,8,3,True,10531,1,False,False,False,False,0.4000000059604645,1.0,0.8119113445281982,9,9382
8394,27,10,1,True,10531,1,False,True,True,True,0.0,0.0,0.7924644947052002,10,8060
8394,28,5,6,True,10531,1,False,False,False,False,0.19999998807907104,1.0,0.43127718567848206,6,10226
8394,29,10,1,True,10531,1,False,True,True,True,0.0,0.0,0.7924644947052002,10,8060
8394,30,8,3,True,10531,1,False,False,False,False,0.4000000059604645,1.0,0.8119113445281982,9,3329
8394,31,5,6,True,10531,1,False,False,False,False,0.19999998807907104,1.0,0.43127715587615967,6,7170
2085,0,1,10,False,1,1,True,False,False,False,1.4966628551483154,10.0,1.4967964887619019,11,53
2085,1,3,8,True,10531,2,False,False,False,False,0.3464101552963257,3.0,0.4660472273826599,6,9382
2085,2,6,5,True,10531,3,False,False,False,False,0.2828426957130432,2.0,0.475815087556839,8,1969
2085,3,3,8,False,1,1,True,False,False,False,0.7745966911315918,7.0,0.7753708958625793,10,8997
2085,4,6,5,True,10531,1,False,False,False,False,0.3999999761581421,4.0,0.5953150391578674,10,5808
2085,5,2,9,False,1,1,True,False,False,False,1.3711309432983398,9.0,1.371422529220581,11,53
2085,6,4,7,True,10531,1,False,False,False,False,0.19999998807907104,1.0,0.4664761424064636,5,423
2085,7,1,10,False,5,1,True,False,False,False,0.6324555277824402,7.0,0.6327716708183289,8,8997
2085,8,6,5,True,10531,1,False,False,False,False,0.2828427255153656,2.0,0.760526180267334,8,1969
2085,9,11,0,True,10531,1,False,,,,,,0.7927168607711792,11,8060
2085,10,1,10,False,1620,7,True,True,True,True,0.0,0.0,0.02000001072883606,1,10506
2085,11,1,10,False,26,1,True,False,False,False,0.2828426957130432,2.0,0.28354892134666443,3,4152
2085,12,3,8,False,1,1,True,False,False,False,0.9165151715278625,7.0,0.9171695709228516,10,6271
2085,13,1,10,False,573,1,True,False,False,False,0.2828426957130432,2.0,0.28354892134666443,3,10510
2085,14,7,4,True,10531,1,False,True,True,True,0.0,0.0,0.7394592761993408,7,1969
2085,15,11,0,True,10531,1,False,,,,,,0.7927168607711792,11,8060
2085,16,9,2,True,10531,2,False,False,False,False,0.2828426957130432,2.0,0.7613146901130676,11,9382
2085,17,4,7,True,10531,1,False,False,False,False,0.19999998807907104,1.0,0.4664761424064636,5,423
2085,18,9,2,True,10531,1,False,False,False,False,0.19999998807907104,1.0,0.7345747351646423,10,9382
2085,19,1,10,False,3,1,True,False,False,False,0.7745966911315918,7.0,0.774854838848114,8,8997
2085,20,11,0,True,10531,1,False,,,,,,0.7927168607711792,11,8060
2085,21,5,6,True,10531,1,False,False,False,False,0.4898979663848877,3.0,0.6212890148162842,8,8060
2085,22,10,1,True,10531,1,False,True,True,True,0.0,0.0,0.7720103859901428,10,1969
2085,23,6,5,True,10531,2,False,False,False,False,0.2828426957130432,2.0,0.5678027868270874,8,7204
2085,24,8,3,True,10531,1,False,True,True,True,0.0,0.0,0.7714921236038208,8,1969
2085,25,11,0,True,10531,1,False,,,,,,0.7927168607711792,11,8060
2085,26,1,10,False,1620,7,True,True,True,True,0.0,0.0,0.02000001072883606,1,5550
2085,27,10,1,True,10531,1,False,True,True,True,0.0,0.0,0.7720103859901428,10,1969
2085,28,9,2,True,10531,1,False,True,True,True,0.0,0.0,0.7400000095367432,9,9382
2085,29,9,2,True,10531,1,False,False,False,False,0.4472135901451111,2.0,0.6660330295562744,11,4075
2085,30,7,4,True,10531,1,False,False,False,False,0.3464101552963257,3.0,0.5610703825950623,10,8050
2085,31,1,10,False,1620,7,True,True,True,True,0.0,0.0,0.02000001072883606,1,5728
8686,0,3,8,True,10531,2,False,True,True,True,0.0,0.0,0.5226854085922241,3,2127
8686,1,11,0,True,10531,1,False,,,,,,0.7927168607711792,11,8060
8686,2,6,5,True,10531,1,False,False,False,False,0.6000000238418579,3.0,0.6770524382591248,9,6271
8686,3,3,8,False,1,1,True,False,False,False,1.1489125490188599,8.0,1.1494345664978027,11,53
8686,4,3,8,False,6,1,True,True,True,True,0.0,0.0,0.034641001373529434,3,406
8686,5,5,6,True,10531,1,False,False,False,False,0.3464101552963257,3.0,0.515751838684082,8,5065
8686,6,3,8,True,10531,12,False,True,True,True,0.0,0.0,0.2218107283115387,3,2098
8686,7,9,2,True,10531,1,False,True,True,True,0.0,0.0,0.7717512845993042,9,1969
8686,8,10,1,True,10531,1,False,True,True,True,0.0,0.0,0.8221921920776367,10,7267
8686,9,10,1,True,10531,2,False,True,True,True,0.0,0.0,0.7402702569961548,10,9382
8686,10,7,4,True,10531,6,False,True,True,True,0.0,0.0,0.5681549310684204,7,7892
8686,11,8,3,True,10531,1,False,False,False,False,0.4000000059604645,1.0,0.8119113445281982,9,9382
8686,12,8,3,True,10531,1,False,False,False,False,0.2828426957130432,2.0,0.5245950818061829,10,3329
8686,13,10,1,True,10531,1,False,False,False,False,0.19999998807907104,1.0,0.846167802810669,11,4853
8686,14,8,3,True,10531,1,False,False,False,False,0.2828426957130432,2.0,0.6717142462730408,10,3329
8686,15,2,9,False,1,1,True,False,False,False,1.039230465888977,8.0,1.039615273475647,10,8997
8686,16,8,3,True,10531,1,False,False,False,False,0.2828426957130432,2.0,0.6717142462730408,10,1969
8686,17,4,7,True,10531,4,False,False,False,False,0.3464101552963257,3.0,0.7222188115119934,7,537
8686,18,11,0,True,10531,1,False,,,,,,0.7927168607711792,11,8060
8686,19,7,4,True,10531,2,False,False,False,False,0.3464101552963257,3.0,0.8641759753227234,10,5670
8686,20,3,8,False,1,1,True,False,False,False,1.3266499042510986,8.0,1.3271020650863647,11,26
8686,21,4,7,True,10531,1,False,False,False,False,0.3464101552963257,3.0,0.6273754835128784,7,255
8686,22,1,10,False,10446,427,True,True,True,True,0.0,0.0,0.019999980926513672,1,5332
8686,23,3,8,True,10531,3,False,False,False,False,0.19999998807907104,1.0,0.3704051673412323,4,8296
8686,24,1,10,False,1,1,True,False,False,False,1.4282857179641724,10.0,1.428425669670105,11,53
8686,25,9,2,True,10531,1,False,False,False,False,0.2828426957130432,2.0,0.8411896228790283,11,4853
8686,26,5,6,True,10531,1,False,False,False,False,0.4000000059604645,1.0,0.7280110120773315,6,1954
8686,27,2,9,True,10531,4,False,False,False,False,0.19999998807907104,1.0,0.2979932725429535,3,1915
8686,28,4,7,False,1,1,True,False,False,False,0.7483315467834473,5.0,0.7493997812271118,9,8060
8686,29,8,3,True,10531,2,False,False,False,False,0.4472135901451111,2.0,0.7233256697654724,10,9382
8686,30,9,2,True,10531,1,False,False,False,False,0.20000001788139343,1.0,0.8459314703941345,10,7267
8686,31,11,0,True,10531,1,False,,,,,,0.7927168607711792,11,8060
1457,0,2,9,False,510,5,True,True,True,True,0.0,0.0,0.028284255415201187,2,8433
1457,1,7,4,True,10531,1,False,False,False,False,0.4898979365825653,3.0,0.6219325065612793,10,9382
1457,2,1,10,False,1,1,True,False,False,False,1.1832159757614136,10.0,1.183384895324707,11,53
1457,3,7,4,True,10531,1,False,True,True,True,0.0,0.0,0.6089335083961487,7,8050
1457,4,2,9,False,1,1,True,False,False,False,1.0198038816452026,9.0,1.0201959609985352,11,53
1457,5,7,4,True,10531,1,False,False,False,False,0.19999998807907104,1.0,0.6409368515014648,8,5069
1457,6,10,1,True,10531,1,False,True,True,True,0.0,0.0,0.7924644947052002,10,8060
1457,7,2,9,False,2,1,True,False,False,False,0.8717797994613647,7.0,0.8722385764122009,9,6271
1457,8,5,6,True,10531,4,False,False,False,False,0.19999998807907104,1.0,0.5603570342063904,6,2236
1457,9,8,3,True,10531,1,False,True,True,True,0.0,0.0,0.6092618703842163,8,8050
1457,10,3,8,False,1,1,True,False,False,False,0.8717797994613647,7.0,0.8724678158760071,10,26
1457,11,1,10,False,10446,48,True,True,True,True,0.0,0.0,0.019999980926513672,1,2829
1457,12,5,6,True,10531,3,False,False,False,False,0.19999998807907104,1.0,0.6648308038711548,6,6048
1457,13,3,8,True,10531,2,False,False,False,False,0.19999998807907104,1.0,0.3704051673412323,4,2122
1457,14,1,10,False,2992,43,True,True,True,True,0.0,0.0,0.019999995827674866,1,6337
1457,15,2,9,False,2958,43,True,True,True,True,0.0,0.0,0.028284255415201187,2,1321
1457,16,9,2,True,10531,1,False,False,False,False,0.2828426957130432,2.0,0.5688585042953491,11,4075
1457,17,5,6,True,10531,1,False,False,False,False,0.4472135901451111,2.0,0.6276941895484924,7,2228
1457,18,4,7,False,7,1,True,False,False,False,0.5291502475738525,4.0,0.5306599736213684,8,8865
1457,19,8,3,True,10531,1,False,False,False,False,0.4898979663848877,3.0,0.7288347482681274,11,4075
1457,20,5,6,True,10531,1,False,False,False,False,0.4898979663848877,3.0,0.6212890148162842,8,6271
1457,21,3,8,True,10531,1,False,False,False,False,0.3464101552963257,3.0,0.4660471975803375,6,3321
1457,22,6,5,True,10531,1,False,False,False,False,0.19999998807907104,1.0,0.4317406415939331,7,6047
1457,23,10,1,True,10531,1,False,False,False,False,0.19999998807907104,1.0,0.5761944055557251,11,4075
1457,24,3,8,True,10531,1,False,False,False,False,0.3999999761581421,4.0,0.5524490475654602,7,563
1457,25,1,10,False,23,1,True,False,False,False,0.6000000238418579,6.0,0.6003332138061523,7,1162
1457,26,9,2,True,10531,1,False,False,False,False,0.5656854510307312,2.0,0.7180529236793518,11,8060
1457,27,6,5,True,10531,1,False,False,False,False,0.4898979663848877,3.0,0.6216108202934265,9,6271
1457,28,10,1,True,10531,1,False,True,True,True,0.0,0.0,0.7924644947052002,10,8060
1457,29,7,4,True,10531,1,False,False,False,False,0.19999998807907104,1.0,0.6654322147369385,8,5640
1457,30,9,2,True,10531,1,False,False,False,False,0.19999998807907104,1.0,0.7345747351646423,10,8997
1457,31,11,0,True,10531,1,False,,,,,,0.7927168607711792,11,8060
6643,0,3,8,False,7,1,True,False,False,False,0.6324555277824402,2.0,0.6334035396575928,5,8865
6643,1,4,7,True,10531,2,False,False,False,False,0.2828426957130432,2.0,0.5528110265731812,6,9960
6643,2,7,4,True,10531,1,False,False,False,False,0.3464101552963257,3.0,0.7005712389945984,10,5293
6643,3,11,0,True,10531,1,False,,,,,,0.7927168607711792,11,8060
6643,4,7,4,True,10531,1,False,False,False,False,0.2828426957130432,2.0,0.6714164018630981,9,7204
6643,5,2,9,False,294,8,True,False,False,False,0.2828426957130432,2.0,0.28425338864326477,4,3963
6643,6,8,3,True,10531,1,False,False,False,False,0.44721361994743347,2.0,0.6286493539810181,10,8060
6643,7,6,5,True,10531,1,False,False,False,False,0.2828426957130432,2.0,0.5953150391578674,8,255
6643,8,5,6,True,10531,1,False,False,False,False,0.3464101552963257,3.0,0.5882176756858826,8,5640
6643,9,5,6,True,10531,1,False,False,False,False,0.4898979663848877,3.0,0.6212890148162842,8,8060
6643,10,3,8,True,10531,1,False,True,True,True,0.0,0.0,0.2218107283115387,3,6623
6643,11,11,0,True,10531,1,False,,,,,,0.7927168607711792,11,8060
6643,12,2,9,False,1,1,True,False,False,False,1.5099668502807617,9.0,1.5102317333221436,11,53
6643,13,4,7,True,10531,1,False,False,False,False,0.19999998807907104,1.0,0.3709447383880615,5,6436
6643,14,10,1,True,10531,1,False,True,True,True,0.0,0.0,0.4939635396003723,10,8060
6643,15,4,7,True,10531,3,False,False,False,False,0.2828426957130432,2.0,0.5946427583694458,6,310
6643,16,5,6,True,10531,2,False,False,False,False,0.19999998807907104,1.0,0.6884765625,6,5961
6643,17,1,10,False,2992,83,True,True,True,True,0.0,0.0,0.019999995827674866,1,8725
6643,18,8,3,True,10531,1,False,True,True,True,0.0,0.0,0.6474565863609314,8,1969
6643,19,8,3,True,10531,1,False,False,False,False,0.4000000059604645,1.0,0.7288347482681274,9,1969
6643,20,7,4,True,10531,7,False,False,False,False,0.19999998807907104,1.0,0.561070442199707,8,5400
6643,21,11,0,True,10531,1,False,,,,,,0.7927168607711792,11,8060
6643,22,7,4,True,10531,1,False,False,False,False,0.3999999761581421,4.0,0.5956509113311768,11,5808
6643,23,8,3,True,10531,1,False,False,False,False,0.44721361994743347,2.0,0.6286493539810181,10,8060
6643,24,6,5,True,10531,1,False,False,False,False,0.5656853914260864,5.0,0.6829348802566528,11,5808
6643,25,5,6,True,10531,1,False,False,False,False,0.19999998807907104,1.0,0.29999998211860657,6,7299
6643,26,8,3,True,10531,1,False,False,False,False,0.19999998807907104,1.0,0.6412488222122192,9,5292
6643,27,6,5,True,10531,2,False,False,False,False,0.4472135901451111,2.0,0.5462599992752075,8,9382
6643,28,5,6,True,10531,1,False,False,False,False,0.2828426957130432,2.0,0.5949790477752686,7,1423
6643,29,4,7,False,245,8,True,False,False,False,0.2828426957130432,2.0,0.2856571078300476,6,2133
6643,30,10,1,True,10531,1,False,True,True,True,0.0,0.0,0.4939635396003723,10,8060
6643,31,7,4,True,10531,1,False,False,False,False,0.20000001788139343,1.0,0.755513072013855,8,6271
7121,0,11,0,True,10531,1,False,,,,,,0.7927168607711792,11,8060
7121,1,1,10,False,3,1,True,False,False,False,0.9797959327697754,8.0,0.9800000190734863,9,8997
7121,2,2,9,False,25,3,True,False,False,False,0.20000001788139343,1.0,0.20199011266231537,3,9130
7121,3,1,10,False,2992,27,True,True,True,True,0.0,0.0,0.019999995827674866,1,4882
7121,4,6,5,True,10531,1,False,False,False,False,0.40000003576278687,1.0,0.5953150987625122,7,10041
7121,5,3,8,True,10531,1,False,False,False,False,0.2828427255153656,2.0,0.5943063497543335,5,429
7121,6,10,1,True,10531,1,False,True,True,True,0.0,0.0,0.7402702569961548,10,9382
7121,7,4,7,True,10531,1,False,False,False,False,0.19999998807907104,1.0,0.5153639912605286,5,491
7121,8,10,1,True,10531,2,False,False,False,False,0.19999998807907104,1.0,0.7668116092681885,11,3329
7121,9,5,6,True,10531,2,False,False,False,False,0.19999998807907104,1.0,0.6648308038711548,6,491
7121,10,10,1,True,10531,1,False,True,True,True,0.0,0.0,0.8221921920776367,10,7267
7121,11,11,0,True,10531,1,False,,,,,,0.7927168607711792,11,8060
7121,12,11,0,True,10531,1,False,,,,,,0.7927168607711792,11,8060
7121,13,2,9,False,1,1,True,False,False,False,1.216552495956421,9.0,1.216881275177002,11,53
7121,14,11,0,True,10531,1,False,,,,,,0.7927168607711792,11,8060
7121,15,3,8,False,1,1,True,False,False,False,0.3464101552963257,3.0,0.34813788533210754,6,6335
7121,16,3,8,False,1,1,True,False,False,False,1.1489125490188599,8.0,1.1494345664978027,11,53
7121,17,7,4,True,10531,1,False,False,False,False,0.2828427255153656,2.0,0.5242136716842651,9,8060
7121,18,1,10,False,10446,164,True,True,True,True,0.0,0.0,0.019999980926513672,1,9959
7121,19,10,1,True,10531,2,False,False,False,False,0.19999998807907104,1.0,0.7668116688728333,11,9382
7121,20,5,6,True,10531,2,False,True,True,True,0.0,0.0,0.382099449634552,5,3407
7121,21,9,2,True,10531,1,False,False,False,False,0.19999998807907104,1.0,0.7345747351646423,10,9382
7121,22,8,3,True,10531,1,False,False,False,False,0.19999998807907104,1.0,0.6412488222122192,9,9382
7121,23,8,3,True,10531,1,False,False,False,False,0.44721361994743347,2.0,0.6286493539810181,10,8060
7121,24,6,5,True,10531,6,False,False,False,False,0.2828426957130432,2.0,0.5953150391578674,8,4147
7121,25,8,3,True,10531,1,False,True,True,True,0.0,0.0,0.7397297024726868,8,1969
7121,26,11,0,True,10531,1,False,,,,,,0.7927168607711792,11,8060
7121,27,7,4,True,10531,4,False,False,False,False,0.20000001788139343,1.0,0.561070442199707,8,6011
7121,28,8,3,True,10531,1,False,False,False,False,0.20000001788139343,1.0,0.7662897706031799,9,1969
7121,29,11,0,True,10531,1,False,,,,,,0.7927168607711792,11,8060
7121,30,5,6,True,10531,2,False,False,False,False,0.19999998807907104,1.0,0.43127715587615967,6,9511
7121,31,6,5,True,10531,1,False,False,False,False,0.19999998807907104,1.0,0.6406247019767761,7,9961
2499,0,2,9,False,1,1,True,False,False,False,1.216552495956421,9.0,1.216881275177002,11,26
2499,1,4,7,True,10531,4,False,True,True,True,0.0,0.0,0.22271056473255157,4,845
2499,2,7,4,True,10531,1,False,False,False,False,0.4472135901451111,2.0,0.6283311247825623,9,10041
2499,3,1,10,False,5,1,True,False,False,False,0.8717797994613647,7.0,0.8720092177391052,8,6271
2499,4,2,9,False,49,1,True,False,False,False,0.2828426957130432,2.0,0.28425341844558716,4,10054
2499,5,11,0,True,10531,1,False,,,,,,0.7927168607711792,11,8060
2499,6,3,8,True,10531,3,False,False,False,False,0.19999998807907104,1.0,0.5149757266044617,4,2146
2499,7,2,9,True,10531,1,False,False,False,False,0.3464101552963257,3.0,0.5871967077255249,5,831
2499,8,2,9,False,52,1,True,False,False,False,0.4898979663848877,3.0,0.49071377515792847,5,10054
2499,9,8,3,True,10531,1,False,False,False,False,0.2828426957130432,2.0,0.5245950818061829,10,8997
2499,10,10,1,True,10531,2,False,True,True,True,0.0,0.0,0.7402702569961548,10,9382
2499,11,8,3,True,10531,1,False,False,False,False,0.2828426957130432,2.0,0.5245950818061829,10,9382
2499,12,3,8,False,7,1,True,False,False,False,0.6324555277824402,4.0,0.6334035396575928,7,8865
2499,13,8,3,True,10531,1,False,False,False,False,0.44721361994743347,2.0,0.700856626033783,10,4075
2499,14,7,4,True,10531,1,False,False,False,False,0.4000000059604645,1.0,0.7285602688789368,8,1969
2499,15,8,3,True,10531,1,False,False,False,False,0.2828426957130432,2.0,0.5245950818061829,10,6271
2499,16,9,2,True,10531,1,False,False,False,False,0.4000000059604645,1.0,0.6352952122688293,10,8060
2499,17,1,10,False,3,1,True,False,False,False,0.9380832314491272,8.0,0.938296377658844,9,8997
2499,18,8,3,True,10531,1,False,False,False,False,0.4000000059604645,1.0,0.8409518599510193,9,1969
2499,19,7,4,True,10531,1,False,False,False,False,0.4898979365825653,3.0,0.7174956798553467,10,6047
2499,20,8,3,True,10531,1,False,False,False,False,0.4898979663848877,3.0,0.7288346886634827,11,4853
2499,21,8,3,True,10531,1,False,False,False,False,0.2828426957130432,2.0,0.634980320930481,10,8997
2499,22,2,9,True,10531,2,False,False,False,False,0.19999998807907104,1.0,0.5145872235298157,3,9407
2499,23,7,4,True,10531,2,False,False,False,False,0.4000000059604645,1.0,0.8116649985313416,8,3329
2499,24,8,3,True,10531,1,False,False,False,False,0.19999998807907104,1.0,0.6412488222122192,9,8050
2499,25,9,2,True,10531,1,False,False,False,False,0.4000000059604645,1.0,0.6352952122688293,10,8060
2499,26,8,3,True,10531,1,False,False,False,False,0.4472135901451111,2.0,0.6657326817512512,10,4075
2499,27,10,1,True,10531,1,False,True,True,True,0.0,0.0,0.7924644947052002,10,8060
2499,28,7,4,True,10531,1,False,False,False,False,0.6000000238418579,3.0,0.7448490262031555,10,4075
2499,29,10,1,True,10531,1,False,False,False,False,0.19999998807907104,1.0,0.5761944055557251,11,4075
2499,30,7,4,True,10531,1,False,False,False,False,0.2828426957130432,2.0,0.6714164614677429,9,5808
2499,31,9,2,True,10531,1,False,False,False,False,0.4000000059604645,1.0,0.8411896824836731,10,1969
3008,0,3,8,True,10531,1,False,False,False,False,0.19999998807907104,1.0,0.3704051673412323,4,7319
3008,1,8,3,True,10531,1,False,False,False,False,0.3464101552963257,3.0,0.7868926525115967,11,6874
3008,2,2,9,False,1,1,True,False,False,False,1.2489995956420898,9.0,1.2493197917938232,11,53
3008,3,5,6,True,10531,1,False,False,False,False,0.4898979663848877,3.0,0.6212890148162842,8,6271
3008,4,9,2,True,10531,1,False,False,False,False,0.19999998807907104,1.0,0.6415606141090393,10,8997
3008,5,1,10,False,23,1,True,False,False,False,0.800000011920929,7.0,0.8002499938011169,8,7950
3008,6,2,9,False,52,3,True,False,False,False,0.4472135901451111,2.0,0.44810712337493896,4,4256
3008,7,2,9,False,2958,27,True,True,True,True,0.0,0.0,0.028284255415201187,2,3671
3008,8,9,2,True,10531,2,False,False,False,False,0.4000000059604645,1.0,0.8121576905250549,10,9382
3008,9,8,3,True,10531,1,False,False,False,False,0.3464101552963257,3.0,0.5614267587661743,11,1025
3008,10,1,10,False,5,1,True,False,False,False,0.9380831718444824,8.0,0.938296377658844,9,8997
3008,11,10,1,True,10531,1,False,False,False,False,0.19999998807907104,1.0,0.5761944055557251,11,4075
3008,12,1,10,False,573,29,True,True,True,True,0.0,0.0,0.019999995827674866,1,1566
3008,13,4,7,True,10531,1,False,False,False,False,0.2828426957130432,2.0,0.35999998450279236,6,6373
3008,14,4,7,True,10531,2,False,False,False,False,0.2828426957130432,2.0,0.727736234664917,6,7206
3008,15,8,3,True,10531,1,False,False,False,False,0.19999998807907104,1.0,0.6412488222122192,9,3329
3008,16,6,5,True,10531,1,False,False,False,False,0.2828426957130432,2.0,0.7605261206626892,8,8050
3008,17,7,4,True,10531,1,False,False,False,False,0.4472135901451111,2.0,0.6283311247825623,9,2163
3008,18,5,6,True,10531,2,False,False,False,False,0.2828426957130432,2.0,0.4219004213809967,7,10
3008,19,3,8,True,10531,5,False,False,False,False,0.19999998807907104,1.0,0.3704051673412323,4,844
3008,20,11,0,True,10531,1,False,,,,,,0.7927168607711792,11,8060
3008,21,2,9,False,2,1,True,False,False,False,0.6000000238418579,3.0,0.600666344165802,5,9647
3008,22,10,1,True,10531,1,False,True,True,True,0.0,0.0,0.7720103859901428,10,1969
3008,23,2,9,False,220,4,True,True,True,True,0.0,0.0,0.02828427590429783,2,7087
3008,24,7,4,True,10531,1,False,False,False,False,0.4472135901451111,2.0,0.6283311247825623,9,2163
3008,25,6,5,True,10531,4,False,False,False,False,0.19999998807907104,1.0,0.5607138276100159,7,9717
3008,26,4,7,True,10531,1,False,False,False,False,0.3999999761581421,4.0,0.5528109669685364,8,563
3008,27,3,8,True,10531,1,False,True,True,True,0.0,0.0,0.2218107283115387,3,5809
3008,28,3,8,True,10531,1,False,False,False,False,0.19999998807907104,1.0,0.3704051673412323,4,9634
3008,29,10,1,True,10531,1,False,False,False,False,0.19999998807907104,1.0,0.5761944055557251,11,4075
3008,30,3,8,True,10531,1,False,False,False,False,0.3464101552963257,3.0,0.6270565986633301,6,3115
3008,31,7,4,True,10531,1,False,False,False,False,0.2828426957130432,2.0,0.6714164018630981,9,2177
9373,0,7,4,True,10531,1,False,True,True,True,0.0,0.0,0.5681549310684204,7,9382
9373,1,8,3,True,10531,1,False,False,False,False,0.19999998807907104,1.0,0.6412488222122192,9,5292
9373,2,1,10,False,26,1,True,False,False,False,0.4472135901451111,2.0,0.4476605951786041,3,4152
9373,3,6,5,True,10531,1,False,False,False,False,0.2828426957130432,2.0,0.634350061416626,8,3329
9373,4,9,2,True,10531,1,False,False,False,False,0.2828426957130432,2.0,0.7068239450454712,11,7204
9373,5,8,3,True,10531,1,False,True,True,True,0.0,0.0,0.6474565863609314,8,1969
9373,6,1,10,False,2992,11,True,True,True,True,0.0,0.0,0.019999995827674866,1,6756
9373,7,9,2,True,10531,1,False,False,False,False,0.2828426957130432,2.0,0.6720119118690491,11,3329
9373,8,4,7,True,10531,1,False,False,False,False,0.19999998807907104,1.0,0.6881860494613647,5,9643
9373,9,9,2,True,10531,1,False,False,False,False,0.3999999761581421,1.0,0.5963220596313477,10,6271
9373,10,5,6,True,10531,1,False,False,False,False,0.19999998807907104,1.0,0.48373547196388245,6,1969
9373,11,3,8,True,10531,1,False,False,False,False,0.4472135901451111,5.0,0.5451605319976807,8,5293
9373,12,2,9,False,2,1,True,False,False,False,0.8485281467437744,7.0,0.8489994406700134,9,8997
9373,13,9,2,True,10531,2,False,False,False,False,0.19999998807907104,1.0,0.7665507793426514,10,3329
9373,14,3,8,True,10531,1,False,False,False,False,0.20000001788139343,1.0,0.3704051673412323,4,6436
9373,15,4,7,True,10531,1,False,False,False,False,0.4472135901451111,5.0,0.5455272793769836,9,5293
9373,16,6,5,True,10531,1,False,False,False,False,0.4472135901451111,2.0,0.6280127167701721,8,7285
9373,17,10,1,True,10531,1,False,True,True,True,0.0,0.0,0.761577308177948,10,6271
9373,18,11,0,True,10531,1,False,,,,,,0.7927168607711792,11,8060
9373,19,3,8,False,1,1,True,False,False,False,1.0198040008544922,6.0,1.0203920602798462,9,26
9373,20,11,0,True,10531,1,False,,,,,,0.7927168607711792,11,8060
9373,21,5,6,True,10531,1,False,False,False,False,0.2828426957130432,2.0,0.6340347528457642,7,5292
9373,22,3,8,True,10531,1,False,False,False,False,0.4000000059604645,4.0,0.6581792831420898,7,5840
9373,23,3,8,False,1,1,True,False,False,False,1.039230465888977,7.0,1.039807677268982,10,26
9373,24,5,6,True,10531,1,False,False,False,False,0.2828426957130432,2.0,0.6340347528457642,7,5292
9373,25,4,7,True,10531,1,False,False,False,False,0.2828426957130432,2.0,0.5946427583694458,6,5290
9373,26,7,4,True,10531,1,False,False,False,False,0.6324555277824402,4.0,0.7712327837944031,11,4853
9373,27,6,5,True,10531,1,False,False,False,False,0.632455587387085,4.0,0.7059745192527771,10,8060
9373,28,10,1,True,10531,1,False,True,True,True,0.0,0.0,0.761577308177948,10,6271
9373,29,2,9,False,2,1,True,False,False,False,0.4472135901451111,2.0,0.44810715317726135,4,4152
9373,30,5,6,True,10531,1,False,False,False,False,0.4000000059604645,1.0,0.7810249924659729,6,1969
9373,31,1,10,False,1620,3,True,False,False,False,0.2828427255153656,2.0,0.2835489511489868,3,1006
4044,0,2,9,False,4,1,True,False,False,False,0.7211102843284607,7.0,0.7216647863388062,9,8997
4044,1,4,7,True,10531,1,False,False,False,False,0.20000001788139343,1.0,0.430813193321228,5,2163
4044,2,2,9,False,23,1,True,False,False,False,0.7211102843284607,7.0,0.7216647267341614,9,7950
4044,3,4,7,False,1,1,True,False,False,False,0.9797959327697754,7.0,0.98061203956604,11,26
4044,4,7,4,True,10531,1,False,True,True,True,0.0,0.0,0.7394593358039856,7,1954
4044,5,5,6,True,10531,1,False,False,False,False,0.4898979663848877,3.0,0.5813777446746826,8,8060
4044,6,2,9,False,2,2,True,False,False,False,1.2806247472763062,8.0,1.2809370756149292,10,7522
4044,7,6,5,True,10531,1,False,False,False,False,0.4898979365825653,3.0,0.5817216038703918,9,6271
4044,8,8,3,True,10531,1,False,False,False,False,0.19999998807907104,1.0,0.7662897706031799,9,9961
4044,9,5,6,True,10531,2,False,False,False,False,0.20000001788139343,1.0,0.43127715587615967,6,9147
4044,10,9,2,True,10531,1,False,True,True,True,0.0,0.0,0.8219488859176636,9,7267
4044,11,5,6,True,10531,2,False,False,False,False,0.2828426957130432,2.0,0.4753945767879486,7,9520
4044,12,8,3,True,10531,1,False,False,False,False,0.20000001788139343,1.0,0.484974205493927,9,8060
4044,13,3,8,True,10531,6,False,False,False,False,0.19999998807907104,1.0,0.2986636757850647,4,3756
4044,14,7,4,True,10531,1,False,False,False,False,0.40000003576278687,1.0,0.5956509709358215,8,8060
4044,15,5,6,True,10531,1,False,False,False,False,0.20000001788139343,1.0,0.3714835047721863,6,4257
4044,16,7,4,True,10531,1,False,False,False,False,0.34641018509864807,3.0,0.5165268778800964,10,8060
4044,17,1,10,False,10446,54,True,True,True,True,0.0,0.0,0.019999980926513672,1,4930
4044,18,5,6,True,10531,1,False,False,False,False,0.3464101552963257,3.0,0.6276941895484924,8,5293
4044,19,1,10,False,23,1,True,False,False,False,0.9380831718444824,8.0,0.938296377658844,9,7950
4044,20,5,6,True,10531,4,False,False,False,False,0.2828426957130432,2.0,0.6340347528457642,7,1969
4044,21,11,0,True,10531,1,False,,,,,,0.7927168607711792,11,8060
4044,22,9,2,True,10531,1,False,False,False,False,0.4472135901451111,2.0,0.6660330295562744,11,4075
4044,23,2,9,False,25,3,True,False,False,False,0.20000001788139343,1.0,0.20199011266231537,3,8853
4044,24,3,8,False,1,1,True,False,False,False,1.058300495147705,8.0,1.058867335319519,11,53
4044,25,4,7,True,10531,1,False,True,True,True,0.0,0.0,0.31240999698638916,4,2841
4044,26,9,2,True,10531,1,False,True,True,True,0.0,0.0,0.44226688146591187,9,8060
4044,27,6,5,True,10531,1,False,False,False,False,0.19999998807907104,1.0,0.4317406117916107,7,1969
4044,28,11,0,True,10531,1,False,,,,,,0.7927168607711792,11,8060
4044,29,3,8,True,10531,1,False,False,False,False,0.20000001788139343,1.0,0.5596427917480469,4,1957
4044,30,6,5,True,10531,3,False,False,False,False,0.19999998807907104,1.0,0.6406247019767761,7,3294
4044,31,5,6,True,10531,3,False,False,False,False,0.2828426957130432,2.0,0.4219004213809967,7,5292
8786,0,9,2,True,10531,2,False,True,True,True,0.0,0.0,0.7400000095367432,9,9382
8786,1,6,5,True,10531,1,False,False,False,False,0.19999998807907104,1.0,0.601996660232544,7,5293
8786,2,7,4,True,10531,1,False,False,False,False,0.4472135901451111,2.0,0.6654321551322937,9,7267
8786,3,8,3,True,10531,1,False,False,False,False,0.19999998807907104,1.0,0.6412488222122192,9,5293
8786,4,6,5,True,10531,1,False,False,False,False,0.4898979663848877,3.0,0.7499333620071411,9,9382
8786,5,7,4,True,10531,1,False,True,True,True,0.0,0.0,0.6089335083961487,7,5292
8786,6,6,5,True,10531,1,False,False,False,False,0.4472135901451111,2.0,0.722772479057312,8,296
8786,7,9,2,True,10531,1,False,True,True,True,0.0,0.0,0.7291090488433838,9,6271
8786,8,4,7,True,10531,1,False,False,False,False,0.3464101552963257,3.0,0.6645299196243286,7,9950
8786,9,10,1,True,10531,1,False,False,False,False,0.19999998807907104,1.0,0.846167802810669,11,4853
8786,10,2,9,False,2,2,True,False,False,False,1.2328827381134033,8.0,1.2332072257995605,10,7520
8786,11,1,10,False,2992,23,True,False,False,False,0.19999998807907104,1.0,0.2009975016117096,2,207
8786,12,6,5,True,10531,1,False,False,False,False,0.2828426957130432,2.0,0.5953150391578674,8,255
8786,13,10,1,True,10531,1,False,False,False,False,0.20000001788139343,1.0,0.7874007821083069,11,8060
8786,14,6,5,True,10531,1,False,False,False,False,0.2828426957130432,2.0,0.4758150577545166,8,10496
8786,15,5,6,True,10531,2,False,False,False,False,0.19999998807907104,1.0,0.43127715587615967,6,6012
8786,16,3,8,True,10531,1,False,False,False,False,0.3464101552963257,3.0,0.5451605319976807,6,423
8786,17,6,5,True,10531,1,False,False,False,False,0.19999998807907104,1.0,0.6406247019767761,7,9961
8786,18,9,2,True,10531,1,False,False,False,False,0.20000001788139343,1.0,0.7560423612594604,10,8060
8786,19,4,7,True,10531,2,False,False,False,False,0.2828426957130432,2.0,0.6337192058563232,6,3294
8786,20,3,8,True,10531,1,False,False,False,False,0.3464101552963257,3.0,0.4660471975803375,6,5991
8786,21,3,8,True,10531,3,False,False,False,False,0.3464101552963257,3.0,0.4660471975803375,6,1953
8786,22,9,2,True,10531,1,False,False,False,False,0.19999998807907104,1.0,0.4853864312171936,10,8060
8786,23,4,7,True,10531,1,False,False,False,False,0.19999998807907104,1.0,0.601331889629364,5,296
8786,24,11,0,True,10531,1,False,,,,,,0.7927168607711792,11,8060
8786,25,11,0,True,10531,1,False,,,,,,0.7927168607711792,11,8060
8786,26,9,2,True,10531,1,False,False,False,False,0.4472135901451111,2.0,0.6289674043655396,11,8060
8786,27,3,8,False,2,1,True,False,False,False,1.039230465888977,5.0,1.039807677268982,8,6271
8786,28,9,2,True,10531,1,False,True,True,True,0.0,0.0,0.7922121286392212,9,8060
8786,29,2,9,True,10531,1,False,False,False,False,0.2828426957130432,2.0,0.5520870089530945,4,7787
8786,30,4,7,True,10531,2,False,False,False,False,0.19999998807907104,1.0,0.4833218455314636,5,3294
8786,31,10,1,True,10531,1,False,True,True,True,0.0,0.0,0.8221921920776367,10,7267
8401,0,5,6,True,10531,1,False,False,False,False,0.19999998807907104,1.0,0.43127718567848206,6,9382
8401,1,10,1,True,10531,2,False,True,True,True,0.0,0.0,0.7402702569961548,10,3329
8401,2,11,0,True,10531,1,False,,,,,,0.7927168607711792,11,8060
8401,3,5,6,True,10531,1,False,False,False,False,0.4000000059604645,4.0,0.5079370141029358,9,7604
8401,4,10,1,True,10531,1,False,True,True,True,0.0,0.0,0.7924644947052002,10,8060
8401,5,3,8,True,10531,3,False,False,False,False,0.4000000059604645,4.0,0.6206448674201965,7,5065
8401,6,10,1,True,10531,2,False,False,False,False,0.19999998807907104,1.0,0.7668116092681885,11,3329
8401,7,7,4,True,10531,1,False,True,True,True,0.0,0.0,0.5681549310684204,7,1969
8401,8,3,8,True,10531,2,False,False,False,False,0.19999998807907104,1.0,0.3704051673412323,4,8120
8401,9,4,7,True,10531,1,False,False,False,False,0.3464101552963257,3.0,0.6645299196243286,7,429
8401,10,11,0,True,10531,1,False,,,,,,0.7927168607711792,11,8060
8401,11,5,6,True,10531,1,False,False,False,False,0.2828427255153656,2.0,0.6340347528457642,7,1969
8401,12,8,3,True,10531,1,False,True,True,True,0.0,0.0,0.7397297024726868,8,1969
8401,13,1,10,False,3,1,True,False,False,False,0.8246211409568787,6.0,0.8248636722564697,7,8997
8401,14,7,4,True,10531,1,False,False,False,False,0.2828427255153656,2.0,0.7607890963554382,9,1969
8401,15,2,9,False,2932,1,True,True,True,True,0.0,0.0,0.028284255415201187,2,7079
8401,16,6,5,True,10531,5,False,False,False,False,0.19999998807907104,1.0,0.516139566898346,7,413
8401,17,1,10,False,23,1,True,False,False,False,0.7483314871788025,8.0,0.7485986948013306,9,7950
8401,18,3,8,True,10531,3,False,False,False,False,0.2828426957130432,2.0,0.552449107170105,5,10091
8401,19,7,4,True,10531,1,False,False,False,False,0.19999998807907104,1.0,0.6023288369178772,8,9382
8401,20,6,5,True,10531,1,False,False,False,False,0.4000000059604645,4.0,0.634350061416626,10,7267
8401,21,3,8,True,10531,2,False,False,False,False,0.3464101552963257,3.0,0.41133925318717957,6,5033
8401,22,10,1,True,10531,1,False,True,True,True,0.0,0.0,0.7924644947052002,10,8060
8401,23,3,8,False,1,1,True,False,False,False,1.1135529279708862,8.0,1.1140915155410767,11,53
8401,24,6,5,True,10531,2,False,False,False,False,0.3464101552963257,3.0,0.5161395072937012,9,10496
8401,25,5,6,True,10531,1,False,False,False,False,0.5291503071784973,4.0,0.6526867747306824,9,8060
8401,26,6,5,True,10531,1,False,False,False,False,0.19999998807907104,1.0,0.733757495880127,7,1954
8401,27,4,7,True,10531,1,False,False,False,False,0.3464101552963257,3.0,0.5455272793769836,7,6335
8401,28,2,9,False,1,1,True,False,False,False,1.2649110555648804,9.0,1.265227198600769,11,53
8401,29,3,8,True,10531,1,False,False,False,False,0.3464101552963257,3.0,0.4660471975803375,6,429
8401,30,5,6,True,10531,1,False,False,False,False,0.4000000059604645,4.0,0.6587867736816406,9,8050
8401,31,4,7,True,10531,2,False,False,False,False,0.2828426957130432,2.0,0.5946427583694458,6,1954
4544,0,10,1,True,10531,1,False,True,True,True,0.0,0.0,0.4939635396003723,10,8060
4544,1,2,9,True,10531,1,False,False,False,False,0.3464101552963257,3.0,0.5447935461997986,5,3914
4544,2,1,10,False,573,3,True,True,True,True,0.0,0.0,0.019999995827674866,1,8020
4544,3,9,2,True,10531,1,False,True,True,True,0.0,0.0,0.7922121286392212,9,2163
4544,4,2,9,False,25,1,True,False,False,False,0.5656853914260864,5.0,0.5663921236991882,7,7830
4544,5,7,4,True,10531,1,False,False,False,False,0.4472135901451111,2.0,0.7230491042137146,9,7285
4544,6,9,2,True,10531,2,False,True,True,True,0.0,0.0,0.7400000095367432,9,3329
4544,7,8,3,True,10531,2,False,True,True,True,0.0,0.0,0.7397297024726868,8,3329
4544,8,3,8,True,10531,7,False,False,False,False,0.2828426957130432,2.0,0.3594439923763275,5,1248
4544,9,5,6,True,10531,1,False,False,False,False,0.6000000238418579,3.0,0.6767570376396179,8,7285
4544,10,7,4,True,10531,1,False,False,False,False,0.19999998807907104,1.0,0.561070442199707,8,2948
4544,11,4,7,True,10531,1,False,False,False,False,0.2828426957130432,2.0,0.4749736487865448,6,563
4544,12,1,10,False,23,1,True,False,False,False,0.8944271802902222,6.0,0.8946508169174194,7,7950
4544,13,2,9,False,1,1,True,False,False,False,1.183215856552124,8.0,1.18355393409729,10,53
4544,14,2,9,False,7,1,True,False,False,False,0.6324555277824402,2.0,0.633087694644928,4,8865
4544,15,11,0,True,10531,1,False,,,,,,0.7927168607711792,11,8060
4544,16,1,10,False,1,1,True,False,False,False,1.3266499042510986,9.0,1.3268005847930908,10,53
4544,17,9,2,True,10531,1,False,False,False,False,0.19999998807907104,1.0,0.6415606141090393,10,7285
4544,18,10,1,True,10531,1,False,True,True,True,0.0,0.0,0.7924644947052002,10,8060
4544,19,5,6,True,10531,1,False,False,False,False,0.3999999761581421,4.0,0.6212890148162842,9,8046
4544,20,2,9,False,294,16,True,True,True,True,0.0,0.0,0.028284266591072083,2,9886
4544,21,1,10,False,573,3,True,True,True,True,0.0,0.0,0.019999995827674866,1,5084
4544,22,8,3,True,10531,1,False,False,False,False,0.4000000059604645,1.0,0.8119113445281982,9,8997
4544,23,8,3,True,10531,1,False,True,True,True,0.0,0.0,0.6474565863609314,8,1954
4544,24,5,6,True,10531,2,False,True,True,True,0.0,0.0,0.7810249924659729,5,8021
4544,25,10,1,True,10531,2,False,False,False,False,0.19999998807907104,1.0,0.7668116688728333,11,9382
4544,26,7,4,True,10531,1,False,False,False,False,0.2828426957130432,2.0,0.7285602688789368,9,5086
4544,27,7,4,True,10531,1,False,False,False,False,0.2828426957130432,2.0,0.7285602688789368,9,7254
4544,28,11,0,True,10531,1,False,,,,,,0.7927168607711792,11,8060
4544,29,2,9,False,2,1,True,False,False,False,1.1832159757614136,8.0,1.18355393409729,10,53
4544,30,3,8,False,1,1,True,False,False,False,0.9165151119232178,7.0,0.9171695709228516,10,8997
4544,31,7,4,True,10531,1,False,True,True,True,0.0,0.0,0.49274739623069763,7,2163
8690,0,8,3,True,10531,2,False,False,False,False,0.19999998807907104,1.0,0.6412488222122192,9,9382
8690,1,1,10,False,26,3,True,False,False,False,0.4000000059604645,1.0,0.40049970149993896,2,723
8690,2,11,0,True,10531,1,False,,,,,,0.7927168607711792,11,8060
8690,3,7,4,True,10531,2,False,False,False,False,0.2828426957130432,2.0,0.6346652507781982,9,5065
8690,4,1,10,False,10495,50,True,True,True,True,0.0,0.0,0.019999980926513672,1,4413
8690,5,11,0,True,10531,1,False,,,,,,0.7927168607711792,11,8060
8690,6,1,10,False,1620,5,True,True,True,True,0.0,0.0,0.02000001072883606,1,1814
8690,7,1,10,False,1620,5,True,True,True,True,0.0,0.0,0.02000001072883606,1,1814
8690,8,8,3,True,10531,1,False,False,False,False,0.44721361994743347,2.0,0.5892367959022522,10,8060
8690,9,1,10,False,10446,50,True,True,True,True,0.0,0.0,0.019999980926513672,1,87
8690,10,10,1,True,10531,1,False,True,True,True,0.0,0.0,0.761577308177948,10,6271
8690,11,3,8,True,10531,1,False,False,False,False,0.3464101552963257,3.0,0.5149756669998169,6,563
8690,12,6,5,True,10531,1,False,False,False,False,0.19999998807907104,1.0,0.37202146649360657,7,6835
8690,13,7,4,True,10531,4,False,False,False,False,0.19999998807907104,1.0,0.561070442199707,8,6007
8690,14,5,6,True,10531,1,False,True,True,True,0.0,0.0,0.382099449634552,5,1120
8690,15,3,8,True,10531,1,False,False,False,False,0.2828426957130432,2.0,0.4209512770175934,5,9634
8690,16,11,0,True,10531,1,False,,,,,,0.7927168607711792,11,8060
8690,17,6,5,True,10531,1,False,False,False,False,0.4472135901451111,2.0,0.722772479057312,8,9382
8690,18,7,4,True,10531,1,False,False,False,False,0.2828426957130432,2.0,0.6714164614677429,9,5069
8690,19,9,2,True,10531,2,False,False,False,False,0.19999998807907104,1.0,0.7665507793426514,10,5069
8690,20,6,5,True,10531,2,False,True,True,True,0.0,0.0,0.6086049675941467,6,371
8690,21,7,4,True,10531,1,False,False,False,False,0.2828426957130432,2.0,0.6948381662368774,9,5640
8690,22,4,7,False,1,1,True,False,False,False,0.8485282063484192,7.0,0.8494704365730286,11,53
8690,23,10,1,True,10531,2,False,True,True,True,0.0,0.0,0.7402702569961548,10,9382
8690,24,7,4,True,10531,1,False,False,False,False,0.2828426957130432,2.0,0.5242136716842651,9,3329
8690,25,2,9,False,22,1,True,False,False,False,0.7483314871788025,6.0,0.7488658428192139,8,1162
8690,26,9,2,True,10531,1,False,False,False,False,0.19999998807907104,1.0,0.5758472084999084,10,4075
8690,27,8,3,True,10531,1,False,False,False,False,0.6324555277824402,2.0,0.8313844203948975,10,4075
8690,28,9,2,True,10531,1,False,False,False,False,0.2828426957130432,2.0,0.6720119118690491,11,3329
8690,29,4,7,True,10531,1,False,False,False,False,0.19999998807907104,1.0,0.3709447383880615,5,6835
8690,30,3,8,True,10531,13,False,False,False,False,0.19999998807907104,1.0,0.3704051673412323,4,982
8690,31,7,4,True,10531,1,False,False,False,False,0.19999998807907104,1.0,0.6409368515014648,8,9382
8018,0,5,6,True,10531,1,False,False,False,False,0.5656853914260864,5.0,0.6826419234275818,10,4853
8018,1,2,9,False,2,1,True,False,False,False,1.1661903858184814,9.0,1.166533350944519,11,53
8018,2,3,8,True,10531,1,False,True,True,True,0.0,0.0,0.4745524227619171,3,5656
8018,3,5,6,True,10531,1,False,True,True,True,0.0,0.0,0.49193495512008667,5,9950
8018,4,5,6,True,10531,1,False,False,False,False,0.3999999761581421,1.0,0.6942622065544128,6,1163
8018,5,5,6,True,10531,1,False,True,True,True,0.0,0.0,0.6340347528457642,5,5656
8018,6,4,7,True,10531,1,False,False,False,False,0.4898979663848877,3.0,0.5810335278511047,7,1969
8018,7,1,10,False,53,1,True,False,False,False,0.4898979663848877,3.0,0.4903060495853424,4,10054
8018,8,5,6,False,1,1,True,False,False,False,0.9591662883758545,6.0,0.9602082967758179,11,26
8018,9,3,8,False,7,1,True,False,False,False,0.6633249521255493,3.0,0.6642289161682129,6,8865
8018,10,6,5,True,10531,2,False,False,False,False,0.44721361994743347,2.0,0.6280127763748169,8,7204
8018,11,11,0,True,10531,1,False,,,,,,0.7927168607711792,11,8060
8018,12,11,0,True,10531,1,False,,,,,,0.7927168607711792,11,8060
8018,13,9,2,True,10531,1,False,False,False,False,0.4472135603427887,2.0,0.701141893863678,11,4853
8018,14,9,2,True,10531,1,False,False,False,False,0.4472135603427887,2.0,0.701141893863678,11,4853
8018,15,3,8,False,1,1,True,False,False,False,1.039230465888977,7.0,1.039807677268982,10,6271
8018,16,4,7,True,10531,4,False,False,False,False,0.19999998807907104,1.0,0.5153639912605286,5,1070
8018,17,1,10,False,2992,15,True,False,False,False,0.19999998807907104,1.0,0.2009975016117096,2,9919
8018,18,8,3,True,10531,1,False,False,False,False,0.4000000059604645,1.0,0.8597674369812012,9,2163
8018,19,11,0,True,10531,1,False,,,,,,0.7927168607711792,11,8060
8018,20,9,2,True,10531,1,False,False,False,False,0.20000001788139343,1.0,0.7345747351646423,10,8997
8018,21,2,9,False,10445,1,True,True,True,True,0.0,0.0,0.028284244239330292,2,8018
8018,22,11,0,True,10531,1,False,,,,,,0.7927168607711792,11,8060
8018,23,1,10,False,573,1,True,True,True,True,0.0,0.0,0.019999995827674866,1,8018
8018,24,5,6,True,10531,3,False,False,False,False,0.3464101552963257,3.0,0.4669046700000763,8,5290
8018,25,9,2,True,10531,2,False,False,False,False,0.19999998807907104,1.0,0.6415606141090393,10,3329
8018,26,5,6,True,10531,1,False,True,True,True,0.0,0.0,0.6082762479782104,5,1957
8018,27,1,10,False,3,1,True,False,False,False,1.0198040008544922,7.0,1.0199999809265137,8,8997
8018,28,11,0,True,10531,1,False,,,,,,0.7927168607711792,11,8060
8018,29,4,7,True,10531,1,False,True,True,True,0.0,0.0,0.65848308801651,4,6335
8018,30,10,1,True,10531,1,False,True,True,True,0.0,0.0,0.8221921920776367,10,7267
8018,31,11,0,True,10531,1,False,,,,,,0.7927168607711792,11,8060
3262,0,11,0,True,10531,1,False,,,,,,0.7927168607711792,11,8060
3262,1,8,3,True,10531,1,False,False,False,False,0.20000001788139343,1.0,0.6412488222122192,9,1969
3262,2,4,7,True,10531,1,False,True,True,True,0.0,0.0,0.38157567381858826,4,9208
3262,3,1,10,False,10495,78,True,True,True,True,0.0,0.0,0.019999980926513672,1,6635
3262,4,10,1,True,10531,1,False,True,True,True,0.0,0.0,0.7924644947052002,10,8060
3262,5,5,6,True,10531,1,False,False,False,False,0.20000001788139343,1.0,0.5603570342063904,6,9382
3262,6,10,1,True,10531,1,False,False,False,False,0.3999999761581421,1.0,0.6723094582557678,11,4075
3262,7,6,5,True,10531,1,False,False,False,False,0.2828426957130432,2.0,0.5238320231437683,8,4295
3262,8,2,9,True,10531,1,False,False,False,False,0.19999998807907104,1.0,0.2979932725429535,3,5175
3262,9,3,8,False,2,2,True,False,False,False,0.9797958731651306,7.0,0.9804080724716187,10,7520
3262,10,11,0,True,10531,1,False,,,,,,0.7927168607711792,11,8060
3262,11,6,5,True,10531,2,False,True,True,True,0.0,0.0,0.5678027868270874,6,6074
3262,12,7,4,True,10531,2,False,False,False,False,0.19999998807907104,1.0,0.6023288369178772,8,5161
3262,13,6,5,True,10531,2,False,True,True,True,0.0,0.0,0.5678027868270874,6,9511
3262,14,9,2,True,10531,1,False,True,True,True,0.0,0.0,0.7717512845993042,9,9950
3262,15,4,7,False,1,1,True,False,False,False,1.0954450368881226,7.0,1.0961750745773315,11,26
3262,16,6,5,True,10531,1,False,True,True,True,0.0,0.0,0.7391887903213501,6,9950
3262,17,4,7,True,10531,2,False,False,False,False,0.2828426957130432,2.0,0.42142611742019653,6,6436
3262,18,5,6,True,10531,1,False,True,True,True,0.0,0.0,0.5674504637718201,5,9961
3262,19,2,9,False,53,3,True,False,False,False,0.2828426957130432,2.0,0.28425341844558716,4,370
3262,20,9,2,True,10531,1,False,True,True,True,0.0,0.0,0.7717512845993042,9,9950
3262,21,1,10,False,10446,78,True,True,True,True,0.0,0.0,0.019999980926513672,1,6235
3262,22,6,5,True,10531,1,False,False,False,False,0.2828426957130432,2.0,0.5238320231437683,8,1969
3262,23,7,4,True,10531,1,False,False,False,False,0.3464101552963257,3.0,0.7866384387016296,10,2669
3262,24,1,10,False,5,1,True,False,False,False,0.9380831718444824,8.0,0.938296377658844,9,8997
3262,25,2,9,True,10531,3,False,True,True,True,0.0,0.0,0.22090721130371094,2,4396
3262,26,2,9,False,1,1,True,False,False,False,1.216552495956421,9.0,1.2168811559677124,11,53
3262,27,3,8,True,10531,1,False,False,False,False,0.3464101552963257,3.0,0.5451605319976807,6,423
3262,28,5,6,True,10531,1,False,False,False,False,0.3464101552963257,3.0,0.7224956750869751,8,10478
3262,29,11,0,True,10531,1,False,,,,,,0.7927168607711792,11,8060
3262,30,1,10,False,26,3,True,False,False,False,0.20000001788139343,1.0,0.20099753141403198,2,7308
3262,31,4,7,True,10531,3,False,True,True,True,0.0,0.0,0.22271056473255157,4,2097
1015,0,3,8,True,10531,2,False,False,False,False,0.2828426957130432,2.0,0.4209512770175934,5,917
1015,1,8,3,True,10531,1,False,True,True,True,0.0,0.0,0.6092618703842163,8,5292
1015,2,2,9,True,10531,3,False,False,False,False,0.2828426957130432,2.0,0.3588871657848358,4,4380
1015,3,2,9,False,49,2,True,False,False,False,0.20000001788139343,1.0,0.20199011266231537,3,6373
1015,4,1,10,False,2992,8,True,True,True,True,0.0,0.0,0.019999995827674866,1,225
1015,5,2,9,False,4,1,True,False,False,False,0.8246211409568787,8.0,0.825106143951416,10,8997
1015,6,4,7,True,10531,1,False,False,False,False,0.2828426957130432,2.0,0.4749736785888672,6,4295
1015,7,5,6,True,10531,1,False,False,False,False,0.19999998807907104,1.0,0.4669046998023987,6,423
1015,8,6,5,True,10531,1,False,False,False,False,0.632455587387085,2.0,0.7059745192527771,8,6271
1015,9,3,8,True,10531,2,False,False,False,False,0.19999998807907104,1.0,0.3704051673412323,4,2841
1015,10,7,4,True,10531,1,False,False,False,False,0.20000001788139343,1.0,0.7866383790969849,8,7267
1015,11,8,3,True,10531,1,False,False,False,False,0.2828426957130432,2.0,0.6717142462730408,10,9382
1015,12,8,3,True,10531,1,False,True,True,True,0.0,0.0,0.8217055797576904,8,9961
1015,13,9,2,True,10531,1,False,True,True,True,0.0,0.0,0.8219488859176636,9,7267
1015,14,9,2,True,10531,2,False,False,False,False,0.19999998807907104,1.0,0.7665507793426514,10,9382
1015,15,2,9,False,23,3,True,False,False,False,0.19999998807907104,1.0,0.20199008285999298,3,8853
1015,16,11,0,True,10531,1,False,,,,,,0.7927168607711792,11,8060
1015,17,1,10,False,10495,31,True,True,True,True,0.0,0.0,0.019999980926513672,1,10477
1015,18,9,2,True,10531,2,False,False,False,False,0.20000001788139343,1.0,0.7345747351646423,10,9382
1015,19,2,9,False,1,1,True,False,False,False,1.3711308240890503,9.0,1.371422529220581,11,53
1015,20,5,6,True,10531,2,False,False,False,False,0.2828426957130432,2.0,0.5949790477752686,7,7904
1015,21,9,2,True,10531,1,False,True,True,True,0.0,0.0,0.7613146305084229,9,6271
1015,22,6,5,True,10531,1,False,False,False,False,0.2828426957130432,2.0,0.634350061416626,8,1954
1015,23,2,9,False,2,2,True,False,False,False,1.3564659357070923,8.0,1.356760859489441,10,7520
1015,24,1,10,False,2992,8,True,True,True,True,0.0,0.0,0.019999995827674866,1,350
1015,25,2,9,False,1,1,True,False,False,False,1.3711308240890503,9.0,1.371422529220581,11,53
1015,26,4,7,True,10531,1,False,False,False,False,0.20000001788139343,1.0,0.5600000023841858,5,296
1015,27,3,8,True,10531,1,False,False,False,False,0.3464101552963257,3.0,0.5451605319976807,6,4043
1015,28,5,6,True,10531,1,False,False,False,False,0.20000001788139343,1.0,0.5603570342063904,6,384
1015,29,10,1,True,10531,1,False,True,True,True,0.0,0.0,0.8221921920776367,10,7267
1015,30,6,5,True,10531,1,False,False,False,False,0.19999998807907104,1.0,0.7657676339149475,7,2669
1015,31,10,1,True,10531,1,False,True,True,True,0.0,0.0,0.7924644947052002,10,8060
7314,0,7,4,True,10531,1,False,False,False,False,0.2828426957130432,2.0,0.634665310382843,9,9382
7314,1,9,2,True,10531,1,False,True,True,True,0.0,0.0,0.7922120690345764,9,8060
7314,2,5,6,True,10531,1,False,False,False,False,0.20000001788139343,1.0,0.5603570342063904,6,3329
7314,3,10,1,True,10531,1,False,True,True,True,0.0,0.0,0.8221921920776367,10,7267
7314,4,6,5,True,10531,1,False,False,False,False,0.4000000059604645,4.0,0.5535341501235962,10,7204
7314,5,10,1,True,10531,1,False,False,False,False,0.20000001788139343,1.0,0.7874007821083069,11,8060
7314,6,4,7,True,10531,1,False,False,False,False,0.2828427255153656,2.0,0.4214261472225189,6,10041
7314,7,11,0,True,10531,1,False,,,,,,0.7927168607711792,11,8060
7314,8,6,5,True,10531,1,False,True,True,True,0.0,0.0,0.7059745192527771,6,3329
7314,9,5,6,True,10531,2,False,True,True,True,0.0,0.0,0.4753945767879486,5,8118
7314,10,6,5,True,10531,1,False,False,False,False,0.20000000298023224,1.0,0.4841487407684326,7,10041
7314,11,9,2,True,10531,1,False,True,True,True,0.0,0.0,0.7400000095367432,9,3329
7314,12,8,3,True,10531,1,False,True,True,True,0.0,0.0,0.7919595837593079,8,2163
7314,13,6,5,True,10531,1,False,False,False,False,0.20000001788139343,1.0,0.4841487407684326,7,9950
7314,14,5,6,True,10531,1,False,False,False,False,0.2828426957130432,2.0,0.4753945767879486,7,10496
7314,15,2,9,False,1,1,True,False,False,False,1.3711308240890503,9.0,1.3714226484298706,11,53
7314,16,2,9,True,10531,8,False,True,True,True,0.0,0.0,0.22090721130371094,2,342
7314,17,3,8,True,10531,1,False,False,False,False,0.2828427255153656,2.0,0.4745524227619171,5,10041
7314,18,7,4,True,10531,6,False,False,False,False,0.19999998807907104,1.0,0.43220362067222595,8,6011
7314,19,11,0,True,10531,1,False,,,,,,0.7927168607711792,11,8060
7314,20,9,2,True,10531,2,False,False,False,False,0.19999998807907104,1.0,0.7665507793426514,10,5293
7314,21,11,0,True,10531,1,False,,,,,,0.7927168607711792,11,8060
7314,22,11,0,True,10531,1,False,,,,,,0.7927168607711792,11,8060
7314,23,11,0,True,10531,1,False,,,,,,0.7927168607711792,11,8060
7314,24,9,2,True,10531,1,False,True,True,True,0.0,0.0,0.5399999618530273,9,7267
7314,25,2,9,False,2,1,True,False,False,False,0.4898979663848877,3.0,0.49071377515792847,5,4152
7314,26,6,5,True,10531,1,False,False,False,False,0.20000001788139343,1.0,0.7552483081817627,7,10041
7314,27,3,8,False,1,1,True,False,False,False,1.216552495956421,7.0,1.217045545578003,10,26
7314,28,1,10,False,10446,109,True,True,True,True,0.0,0.0,0.019999980926513672,1,8824
7314,29,8,3,True,10531,1,False,False,False,False,0.20000001788139343,1.0,0.8168231248855591,9,7267
7314,30,4,7,False,7,1,True,True,True,True,0.0,0.0,0.03999997675418854,4,8865
7314,31,8,3,True,10531,1,False,False,False,False,0.44721361994743347,2.0,0.5892367959022522,10,8060
6579,0,2,9,True,10531,2,False,True,True,True,0.0,0.0,0.3111269772052765,2,9147
6579,1,2,9,False,23,3,True,True,True,True,0.0,0.0,0.02828427590429783,2,8853
6579,2,1,10,False,3,1,True,False,False,False,1.058300495147705,9.0,1.058489441871643,10,8997
6579,3,4,7,True,10531,1,False,False,False,False,0.20000001788139343,1.0,0.601331889629364,5,9950
6579,4,6,5,True,10531,1,False,False,False,False,0.3464101552963257,3.0,0.5161395072937012,9,9382
6579,5,3,8,True,10531,1,False,True,True,True,0.0,0.0,0.31176915764808655,3,2841
6579,6,1,10,False,53,1,True,True,True,True,0.0,0.0,0.019999995827674866,1,422
6579,7,3,8,True,10531,3,False,False,False,False,0.19999998807907104,1.0,0.4303486943244934,4,6873
6579,8,8,3,True,10531,1,False,False,False,False,0.20000001788139343,1.0,0.7343024611473083,9,9382
6579,9,7,4,True,10531,1,False,False,False,False,0.20000001788139343,1.0,0.6409368515014648,8,9950
6579,10,2,9,False,1,1,True,False,False,False,1.3564660549163818,8.0,1.356760859489441,10,26
6579,11,4,7,False,245,1,True,False,False,False,0.5291502475738525,4.0,0.5306599736213684,8,8119
6579,12,2,9,False,510,1,True,False,False,False,0.3464101552963257,3.0,0.3475629389286041,5,4043
6579,13,1,10,False,26,3,True,True,True,True,0.0,0.0,0.019999995827674866,1,9163
6579,14,7,4,True,10531,1,False,False,False,False,0.20000001788139343,1.0,0.73403000831604,8,9950
6579,15,5,6,True,10531,1,False,True,True,True,0.0,0.0,0.382099449634552,5,7604
6579,16,4,7,True,10531,3,False,False,False,False,0.2828426957130432,2.0,0.5946427583694458,6,3294
6579,17,8,3,True,10531,1,False,True,True,True,0.0,0.0,0.7397297620773315,8,2669
6579,18,5,6,True,10531,1,False,False,False,False,0.20000001788139343,1.0,0.5603570342063904,6,3329
6579,19,6,5,True,10531,1,False,False,False,False,0.34641018509864807,3.0,0.6280127763748169,9,9382
6579,20,9,2,True,10531,1,False,False,False,False,0.20000001788139343,1.0,0.7665507793426514,10,1969
6579,21,4,7,True,10531,1,False,False,False,False,0.20000001788139343,1.0,0.3709447383880615,5,7604
6579,22,6,5,True,10531,1,False,False,False,False,0.20000001788139343,1.0,0.4841487407684326,7,8060
6579,23,9,2,True,10531,1,False,False,False,False,0.20000001788139343,1.0,0.7665507793426514,10,1969
6579,24,3,8,True,10531,2,False,False,False,False,0.20000001788139343,1.0,0.3704051673412323,4,9147
6579,25,7,4,True,10531,1,False,False,False,False,0.3464101552963257,3.0,0.5610703825950623,10,7204
6579,26,1,10,False,10446,109,True,True,True,True,0.0,0.0,0.019999980926513672,1,4777
6579,27,1,10,False,10495,109,True,True,True,True,0.0,0.0,0.019999980926513672,1,8824
6579,28,10,1,True,10531,1,False,True,True,True,0.0,0.0,0.7402702569961548,10,3329
6579,29,8,3,True,10531,2,False,True,True,True,0.0,0.0,0.7610518932342529,8,8060
6579,30,1,10,False,1,1,True,False,False,False,1.4282857179641724,10.0,1.428425669670105,11,53
6579,31,10,1,True,10531,1,False,True,True,True,0.0,0.0,0.7924644947052002,10,8060
8699,0,5,6,True,10531,1,False,False,False,False,0.19999998807907104,1.0,0.4669046998023987,6,4152
8699,1,10,1,True,10531,1,False,False,False,False,0.19999998807907104,1.0,0.846167802810669,11,4853
8699,2,2,9,False,3,1,True,False,False,False,0.8246211409568787,6.0,0.8251060843467712,8,8997
8699,3,2,9,False,2932,62,True,True,True,True,0.0,0.0,0.028284255415201187,2,3506
8699,4,3,8,False,2,1,True,False,False,False,1.0198038816452026,6.0,1.0203920602798462,9,6271
8699,5,4,7,True,10531,1,False,False,False,False,0.19999998807907104,1.0,0.48332181572914124,5,1957
8699,6,2,9,True,10531,2,False,False,False,False,0.2828426957130432,2.0,0.5520870089530945,4,3313
8699,7,8,3,True,10531,1,False,False,False,False,0.20000001788139343,1.0,0.484974205493927,9,8060
8699,8,3,8,True,10531,1,False,False,False,False,0.19999998807907104,1.0,0.2986636757850647,4,4380
8699,9,10,1,True,10531,2,False,True,True,True,0.0,0.0,0.7402702569961548,10,3329
8699,10,1,10,False,53,3,True,False,False,False,0.2828426957130432,2.0,0.2835489511489868,3,4256
8699,11,9,2,True,10531,1,False,False,False,False,0.20000001788139343,1.0,0.4853864312171936,10,8060
8699,12,11,0,True,10531,1,False,,,,,,0.7927168607711792,11,8060
8699,13,10,1,True,10531,2,False,True,True,True,0.0,0.0,0.7402702569961548,10,3329
8699,14,11,0,True,10531,1,False,,,,,,0.7927168607711792,11,8060
8699,15,9,2,True,10531,2,False,False,False,False,0.4472135901451111,2.0,0.836421012878418,11,9382
8699,16,4,7,True,10531,1,False,False,False,False,0.4472135603427887,5.0,0.6523802280426025,9,7206
8699,17,11,0,True,10531,1,False,,,,,,0.7927168607711792,11,8060
8699,18,8,3,True,10531,1,False,False,False,False,0.20000001788139343,1.0,0.5321654081344604,9,8060
8699,19,4,7,False,23,3,True,False,False,False,0.19999998807907104,1.0,0.20396076142787933,5,722
8699,20,2,9,False,4,1,True,False,False,False,1.0198038816452026,6.0,1.0201960802078247,8,6271
8699,21,11,0,True,10531,1,False,,,,,,0.7927168607711792,11,8060
8699,22,10,1,True,10531,1,False,False,False,False,0.20000001788139343,1.0,0.7874007821083069,11,8060
8699,23,11,0,True,10531,1,False,,,,,,0.7927168607711792,11,8060
8699,24,6,5,True,10531,1,False,False,False,False,0.4898979663848877,3.0,0.6216108202934265,9,8060
8699,25,1,10,False,26,3,True,False,False,False,0.2828426957130432,2.0,0.2835489511489868,3,722
8699,26,4,7,False,1,1,True,False,False,False,1.0198038816452026,6.0,1.0205880403518677,10,26
8699,27,8,3,True,10531,1,False,False,False,False,0.5656853914260864,2.0,0.7177743315696716,10,6271
8699,28,8,3,True,10531,1,False,False,False,False,0.4898979067802429,3.0,0.6951258778572083,11,4853
8699,29,1,10,False,10446,202,True,True,True,True,0.0,0.0,0.019999980926513672,1,7622
8699,30,4,7,True,10531,2,False,False,False,False,0.2828426957130432,2.0,0.5528110265731812,6,2653
8699,31,7,4,True,10531,1,False,True,True,True,0.0,0.0,0.6089335083961487,7,9700
1679,0,7,4,True,10531,1,False,False,False,False,0.4000000059604645,1.0,0.6948381066322327,8,296
1679,1,11,0,True,10531,1,False,,,,,,0.7927168607711792,11,8060
1679,2,2,9,False,1,1,True,False,False,False,1.2489995956420898,9.0,1.2493197917938232,11,53
1679,3,1,10,False,1,1,True,False,False,False,1.3856406211853027,10.0,1.3857848644256592,11,53
1679,4,11,0,True,10531,1,False,,,,,,0.7927168607711792,11,8060
1679,5,7,4,True,10531,1,False,False,False,False,0.20000001788139343,1.0,0.845458447933197,8,7267
1679,6,8,3,True,10531,1,False,False,False,False,0.2828426957130432,2.0,0.7288347482681274,10,8954
1679,7,10,1,True,10531,1,False,True,True,True,0.0,0.0,0.4939635396003723,10,8060
1679,8,9,2,True,10531,2,False,False,False,False,0.19999998807907104,1.0,0.6415606141090393,10,9382
1679,9,6,5,True,10531,1,False,True,True,True,0.0,0.0,0.6711184978485107,6,5656
1679,10,5,6,True,10531,1,False,False,False,False,0.19999998807907104,1.0,0.5603570342063904,6,1423
1679,11,6,5,True,10531,5,False,False,False,False,0.2828426957130432,2.0,0.6590902805328369,8,423
1679,12,6,5,True,10531,1,False,False,False,False,0.4000000059604645,1.0,0.6945502161979675,7,296
1679,13,9,2,True,10531,1,False,False,False,False,0.3999999761581421,1.0,0.5963220596313477,10,6271
1679,14,8,3,True,10531,6,False,False,False,False,0.19999998807907104,1.0,0.6026607751846313,9,8305
1679,15,10,1,True,10531,2,False,True,True,True,0.0,0.0,0.7402702569961548,10,9382
1679,16,5,6,True,10531,1,False,False,False,False,0.19999998807907104,1.0,0.48373544216156006,6,9700
1679,17,6,5,True,10531,2,False,False,False,False,0.19999998807907104,1.0,0.4317406415939331,7,678
1679,18,5,6,True,10531,8,False,False,False,False,0.19999998807907104,1.0,0.3714834749698639,6,5145
1679,19,3,8,False,2,1,True,False,False,False,0.8246211409568787,3.0,0.825348436832428,6,9647
1679,20,10,1,True,10531,2,False,False,False,False,0.19999998807907104,1.0,0.7668116688728333,11,9382
1679,21,7,4,True,10531,1,False,False,False,False,0.4472135901451111,2.0,0.7230491042137146,9,8997
1679,22,11,0,True,10531,1,False,,,,,,0.7927168607711792,11,8060
1679,23,1,10,False,53,2,True,False,False,False,0.20000001788139343,1.0,0.20099753141403198,2,4256
1679,24,5,6,True,10531,1,False,True,True,True,0.0,0.0,0.7056912183761597,5,5694
1679,25,4,7,True,10531,1,False,True,True,True,0.0,0.0,0.38157567381858826,4,6081
1679,26,7,4,True,10531,1,False,False,False,False,0.6000000238418579,3.0,0.6773477792739868,10,6271
1679,27,3,8,True,10531,2,False,False,False,False,0.2828426957130432,2.0,0.552449107170105,5,7210
1679,28,7,4,True,10531,2,False,False,False,False,0.19999998807907104,1.0,0.6023288369178772,8,2153
1679,29,7,4,True,10531,1,False,False,False,False,0.6324554681777954,4.0,0.706257700920105,11,53
1679,30,6,5,True,10531,1,False,False,False,False,0.4000000059604645,1.0,0.7282856702804565,7,1957
1679,31,1,10,False,5,1,True,False,False,False,1.0198038816452026,7.0,1.0199999809265137,8,8997
4568,0,11,0,True,10531,1,False,,,,,,0.7927168607711792,11,8060
4568,1,5,6,True,10531,1,False,True,True,True,0.0,0.0,0.3130495250225067,5,8380
4568,2,11,0,True,10531,1,False,,,,,,0.7927168607711792,11,8060
4568,3,4,7,True,10531,2,False,False,False,False,0.19999998807907104,1.0,0.6997142434120178,5,8085
4568,4,9,2,True,10531,1,False,True,True,True,0.0,0.0,0.7400000095367432,9,9382
4568,5,9,2,True,10531,1,False,False,False,False,0.19999998807907104,1.0,0.8459314107894897,10,4853
4568,6,10,1,True,10531,2,False,False,False,False,0.19999998807907104,1.0,0.7668116092681885,11,3329
4568,7,2,9,False,4,1,True,False,False,False,0.8485281467437744,7.0,0.8489994406700134,9,8997
4568,8,7,4,True,10531,1,False,False,False,False,0.20000001788139343,1.0,0.6023288369178772,8,9382
4568,9,1,10,False,3,1,True,False,False,False,0.7211102843284607,7.0,0.7213875651359558,8,8997
4568,10,5,6,True,10531,1,False,False,False,False,0.2828426957130432,2.0,0.5949789881706238,7,6874
4568,11,8,3,True,10531,1,False,False,False,False,0.2828426957130432,2.0,0.6349803805351257,10,9382
4568,12,5,6,True,10531,9,False,False,False,False,0.20000001788139343,1.0,0.6016644239425659,6,371
4568,13,1,10,False,573,1,True,False,False,False,0.19999998807907104,1.0,0.2009975016117096,2,2133
4568,14,9,2,True,10531,1,False,True,True,True,0.0,0.0,0.7400000691413879,9,9382
4568,15,8,3,True,10531,1,False,False,False,False,0.3464101552963257,3.0,0.700856626033783,11,7204
4568,16,7,4,True,10531,1,False,False,False,False,0.4000000059604645,1.0,0.8116649985313416,8,9382
4568,17,11,0,True,10531,1,False,,,,,,0.7927168607711792,11,8060
4568,18,1,10,False,23,1,True,False,False,False,0.8246211409568787,6.0,0.824863612651825,7,1162
4568,19,10,1,True,10531,1,False,True,True,True,0.0,0.0,0.4939635396003723,10,8060
4568,20,6,5,True,10531,2,False,False,False,False,0.19999998807907104,1.0,0.7002856731414795,7,8301
4568,21,7,4,True,10531,1,False,False,False,False,0.4898979365825653,3.0,0.7502000331878662,10,7204
4568,22,1,10,False,1620,7,True,True,True,True,0.0,0.0,0.02000001072883606,1,4566
4568,23,2,9,False,23,7,True,False,False,False,0.6633249521255493,3.0,0.6639277338981628,5,9130
4568,24,5,6,True,10531,1,False,False,False,False,0.2828426957130432,2.0,0.5949789881706238,7,10091
4568,25,3,8,True,10531,1,False,False,False,False,0.19999998807907104,1.0,0.2986636757850647,4,9706
4568,26,6,5,True,10531,2,False,False,False,False,0.20000001788139343,1.0,0.37202149629592896,7,8305
4568,27,10,1,True,10531,1,False,False,False,False,0.20000001788139343,1.0,0.7874007821083069,11,8060
4568,28,9,2,True,10531,1,False,False,False,False,0.2828426957130432,2.0,0.6720119118690491,11,3329
4568,29,5,6,True,10531,1,False,False,False,False,0.4472135901451111,2.0,0.5882176756858826,7,9382
4568,30,11,0,True,10531,1,False,,,,,,0.7927168607711792,11,8060
4568,31,4,7,True,10531,1,False,False,False,False,0.2828426957130432,2.0,0.5528110265731812,6,255
9827,0,5,6,True,10531,3,False,False,False,False,0.20000001788139343,1.0,0.43127718567848206,6,8305
9827,1,10,1,True,10531,1,False,False,False,False,0.3999999761581421,1.0,0.6723094582557678,11,4075
9827,2,5,6,True,10531,1,False,True,True,True,0.0,0.0,0.5234501361846924,5,7787
9827,3,5,6,True,10531,1,False,False,False,False,0.2828426957130432,2.0,0.7280110120773315,7,2669
9827,4,11,0,True,10531,1,False,,,,,,0.7927168607711792,11,8060
9827,5,10,1,True,10531,2,False,True,True,True,0.0,0.0,0.7402702569961548,10,3329
9827,6,11,0,True,10531,1,False,,,,,,0.7927168607711792,11,8060
9827,7,8,3,True,10531,1,False,False,False,False,0.4472135901451111,2.0,0.6657326817512512,10,4075
9827,8,1,10,False,53,3,True,False,False,False,0.2828426957130432,2.0,0.28354892134666443,3,6475
9827,9,9,2,True,10531,1,False,True,True,True,0.0,0.0,0.7717512845993042,9,9950
9827,10,11,0,True,10531,1,False,,,,,,0.7927168607711792,11,8060
9827,11,2,9,False,49,3,True,False,False,False,0.19999998807907104,1.0,0.20199008285999298,3,6475
9827,12,8,3,True,10531,1,False,False,False,False,0.19999998807907104,1.0,0.7662897706031799,9,1954
9827,13,8,3,True,10531,1,False,False,False,False,0.4000000059604645,1.0,0.8597674369812012,9,2163
9827,14,3,8,False,1,1,True,False,False,False,1.1661903858184814,8.0,1.1667046546936035,11,26
9827,15,10,1,True,10531,1,False,True,True,True,0.0,0.0,0.7924644947052002,10,8060
9827,16,3,8,True,10531,1,False,False,False,False,0.4000000059604645,4.0,0.5806892514228821,7,2482
9827,17,6,5,True,10531,1,False,False,False,False,0.3464101552963257,3.0,0.5607138276100159,9,7204
9827,18,10,1,True,10531,1,False,True,True,True,0.0,0.0,0.8221921920776367,10,7267
9827,19,1,10,False,573,8,True,False,False,False,0.2828426957130432,2.0,0.28354892134666443,3,7734
9827,20,2,9,False,2,1,True,False,False,False,1.1661903858184814,8.0,1.1665332317352295,10,26
9827,21,8,3,True,10531,1,False,False,False,False,0.2828426957130432,2.0,0.7065408825874329,10,1969
9827,22,1,10,False,10446,219,True,True,True,True,0.0,0.0,0.019999980926513672,1,2913
9827,23,9,2,True,10531,1,False,True,True,True,0.0,0.0,0.7613146305084229,9,6271
9827,24,10,1,True,10531,2,False,False,False,False,0.19999998807907104,1.0,0.7668116688728333,11,9382
9827,25,4,7,True,10531,1,False,False,False,False,0.44721361994743347,2.0,0.5878775715827942,6,2163
9827,26,11,0,True,10531,1,False,,,,,,0.7927168607711792,11,8060
9827,27,4,7,True,10531,6,False,False,False,False,0.20000001788139343,1.0,0.3709447383880615,5,562
9827,28,2,9,True,10531,3,False,False,False,False,0.3464101552963257,3.0,0.5447935461997986,5,7433
9827,29,8,3,True,10531,1,False,False,False,False,0.19999998807907104,1.0,0.7343024611473083,9,9382
9827,30,3,8,True,10531,1,False,False,False,False,0.3464101552963257,3.0,0.41133925318717957,6,4144
9827,31,5,6,True,10531,1,False,False,False,False,0.2828426957130432,2.0,0.5234500765800476,7,10496
7000,0,11,0,True,10531,1,False,,,,,,0.7927168607711792,11,8060
7000,1,10,1,True,10531,1,False,False,False,False,0.6000000238418579,1.0,0.7771744132041931,11,8060
7000,2,7,4,True,10531,1,False,False,False,False,0.20000000298023224,1.0,0.6023288369178772,8,3329
7000,3,8,3,True,10531,2,False,True,True,True,0.0,0.0,0.7065409421920776,8,9382
7000,4,1,10,False,1620,1,True,False,False,False,0.6000000238418579,3.0,0.6003332734107971,4,3329
7000,5,1,10,False,53,1,True,False,False,False,0.2828426957130432,2.0,0.28354892134666443,3,9647
7000,6,1,10,False,5,1,True,False,False,False,0.6324555277824402,7.0,0.6327716708183289,8,4853
7000,7,8,3,True,10531,1,False,False,False,False,0.19999998807907104,1.0,0.484974205493927,9,6271
7000,8,2,9,False,1,1,True,False,False,False,1.2000000476837158,7.0,1.2003332376480103,9,53
7000,9,11,0,True,10531,1,False,,,,,,0.7927168607711792,11,8060
7000,10,10,1,True,10531,1,False,True,True,True,0.0,0.0,0.761577308177948,10,8060
7000,11,1,10,False,53,1,True,False,False,False,0.2828426957130432,2.0,0.28354892134666443,3,9647
7000,12,5,6,True,10531,1,False,True,True,True,0.0,0.0,0.3130495250225067,5,5515
7000,13,1,10,False,10446,3,True,True,True,True,0.0,0.0,0.019999980926513672,1,5668
7000,14,7,4,True,10531,1,False,True,True,True,0.0,0.0,0.44136151671409607,7,1025
7000,15,9,2,True,10531,1,False,True,True,True,0.0,0.0,0.6095900535583496,9,3329
7000,16,6,5,True,10531,1,False,False,False,False,0.4000000059604645,1.0,0.5953150391578674,7,4075
7000,17,9,2,True,10531,1,False,False,False,False,0.20000000298023224,1.0,0.7345747351646423,10,3329
7000,18,3,8,False,1,1,True,False,False,False,1.1489125490188599,7.0,1.1494345664978027,10,53
7000,19,1,10,False,2992,3,True,True,True,True,0.0,0.0,0.019999995827674866,1,7000
7000,20,1,10,False,1620,1,True,False,False,False,0.6000000238418579,3.0,0.6003332734107971,4,3329
7000,21,3,8,False,1,1,True,False,False,False,0.5656853914260864,5.0,0.5667451024055481,8,26
7000,22,1,10,False,53,1,True,False,False,False,0.2828426957130432,2.0,0.28354892134666443,3,9647
7000,23,1,10,False,1620,1,True,False,False,False,0.6000000238418579,3.0,0.6003332734107971,4,3329
7000,24,6,5,True,10531,5,False,False,False,False,0.19999998807907104,1.0,0.5607138276100159,7,5512
7000,25,8,3,True,10531,2,False,True,True,True,0.0,0.0,0.7397297024726868,8,3329
7000,26,11,0,True,10531,1,False,,,,,,0.7927168607711792,11,8060
7000,27,3,8,True,10531,2,False,False,False,False,0.4000000059604645,1.0,0.5071489214897156,4,1025
7000,28,1,10,False,26,1,True,False,False,False,0.8246211409568787,5.0,0.8248636722564697,6,7830
7000,29,3,8,False,2,1,True,False,False,False,0.2828426957130432,2.0,0.2849561274051666,5,9647
7000,30,7,4,True,10531,1,False,False,False,False,0.19999998807907104,1.0,0.48456165194511414,8,6271
7000,31,6,5,True,10531,1,False,False,False,False,0.4000000059604645,1.0,0.5953150391578674,7,4075
5900,0,2,9,False,2958,35,True,True,True,True,0.0,0.0,0.028284255415201187,2,5012
5900,1,4,7,False,1,1,True,False,False,False,0.9380831718444824,5.0,0.9389355778694153,9,26
5900,2,10,1,True,10531,1,False,True,True,True,0.0,0.0,0.7924644947052002,10,8060
5900,3,1,10,False,573,17,True,False,False,False,0.19999998807907104,1.0,0.2009975016117096,2,7494
5900,4,5,6,True,10531,1,False,False,False,False,0.3464101552963257,3.0,0.7224956750869751,8,8954
5900,5,6,5,True,10531,7,False,True,True,True,0.0,0.0,0.6590902805328369,6,2600
5900,6,2,9,True,10531,1,False,False,False,False,0.4000000059604645,1.0,0.5067543983459473,3,483
5900,7,10,1,True,10531,1,False,True,True,True,0.0,0.0,0.5403702259063721,10,4075
5900,8,6,5,True,10531,1,False,False,False,False,0.6000000238418579,3.0,0.7116178870201111,9,4075
5900,9,7,4,True,10531,1,False,False,False,False,0.5656854510307312,2.0,0.7174956798553467,9,4075
5900,10,2,9,False,2,1,True,False,False,False,1.0198038816452026,6.0,1.0201960802078247,8,26
5900,11,1,10,False,23,1,True,False,False,False,0.6928203105926514,6.0,0.6931089162826538,7,7950
5900,12,5,6,True,10531,1,False,False,False,False,0.2828426957130432,2.0,0.4753945767879486,7,10496
5900,13,3,8,False,23,6,True,False,False,False,0.6324555277824402,2.0,0.6334035396575928,5,10094
5900,14,10,1,True,10531,1,False,True,True,True,0.0,0.0,0.4939635396003723,10,8060
5900,15,9,2,True,10531,1,False,True,True,True,0.0,0.0,0.5399999618530273,9,4075
5900,16,1,10,False,10446,35,True,True,True,True,0.0,0.0,0.019999980926513672,1,6526
5900,17,6,5,True,10531,1,False,False,False,False,0.20000001788139343,1.0,0.4317406713962555,7,6271
5900,18,8,3,True,10531,1,False,False,False,False,0.4000000059604645,1.0,0.595986545085907,9,8060
5900,19,5,6,True,10531,2,False,False,False,False,0.19999998807907104,1.0,0.6016643643379211,6,9450
5900,20,9,2,True,10531,1,False,False,False,False,0.4000000059604645,1.0,0.5963220596313477,10,8060
5900,21,3,8,True,10531,3,False,False,False,False,0.19999998807907104,1.0,0.3704051673412323,4,3145
5900,22,10,1,True,10531,1,False,False,False,False,0.19999998807907104,1.0,0.846167802810669,11,4853
5900,23,10,1,True,10531,2,False,True,True,True,0.0,0.0,0.7402702569961548,10,3329
5900,24,6,5,True,10531,1,False,False,False,False,0.6000000238418579,3.0,0.7116178870201111,9,4075
5900,25,7,4,True,10531,1,False,False,False,False,0.2828426957130432,2.0,0.5956509113311768,9,8954
5900,26,7,4,True,10531,4,False,False,False,False,0.20000001788139343,1.0,0.561070442199707,8,2966
5900,27,8,3,True,10531,4,False,True,True,True,0.0,0.0,0.5685068368911743,8,6011
5900,28,1,10,False,5,1,True,False,False,False,0.8717797994613647,5.0,0.8720092177391052,6,6271
5900,29,8,3,True,10531,1,False,False,False,False,0.44721361994743347,2.0,0.6286493539810181,10,4075
5900,30,1,10,False,1,1,True,False,False,False,1.5748015642166138,9.0,1.574928641319275,10,53
5900,31,10,1,True,10531,1,False,True,True,True,0.0,0.0,0.5403702259063721,10,4075
2372,0,6,5,True,10531,1,False,False,False,False,0.3464101552963257,3.0,0.6651315689086914,9,7204
2372,1,3,8,True,10531,1,False,False,False,False,0.19999998807907104,1.0,0.2986636757850647,4,7299
2372,2,10,1,True,10531,1,False,True,True,True,0.0,0.0,0.7924644947052002,10,8060
2372,3,2,9,False,2,1,True,False,False,False,0.19999998807907104,1.0,0.20199008285999298,3,4152
2372,4,2,9,False,22,1,True,False,False,False,0.5999999642372131,6.0,0.6006662845611572,8,1162
2372,5,8,3,True,10531,4,False,True,True,True,0.0,0.0,0.5685068368911743,8,4147
2372,6,9,2,True,10531,1,False,True,True,True,0.0,0.0,0.7717512845993042,9,1969
2372,7,10,1,True,10531,1,False,True,True,True,0.0,0.0,0.7402702569961548,10,9382
2372,8,5,6,True,10531,1,False,False,False,False,0.4898979663848877,3.0,0.6212890148162842,8,8060
2372,9,3,8,True,10531,5,False,False,False,False,0.4000000059604645,4.0,0.5806892514228821,7,4527
2372,10,5,6,True,10531,1,False,False,False,False,0.6000000238418579,3.0,0.6767569780349731,8,6271
2372,11,4,7,True,10531,3,False,False,False,False,0.19999998807907104,1.0,0.3709447383880615,5,7152
2372,12,7,4,True,10531,1,False,True,True,True,0.0,0.0,0.7394592761993408,7,1969
2372,13,8,3,True,10531,1,False,False,False,False,0.19999998807907104,1.0,0.7343024611473083,9,9382
2372,14,5,6,True,10531,1,False,False,False,False,0.3464101552963257,3.0,0.5603570342063904,8,7204
2372,15,2,9,True,10531,2,False,False,False,False,0.19999998807907104,1.0,0.5145872235298157,3,5731
2372,16,4,7,True,10531,1,False,False,False,False,0.2828426957130432,2.0,0.6939740777015686,6,5640
2372,17,7,4,True,10531,1,False,False,False,False,0.3464101552963257,3.0,0.5610703825950623,10,7204
2372,18,1,10,False,26,1,True,False,False,False,0.19999998807907104,1.0,0.2009975016117096,2,4152
2372,19,2,9,False,52,1,True,True,True,True,0.0,0.0,0.028284255415201187,2,406
2372,20,1,10,False,3,1,True,False,False,False,0.8485281467437744,7.0,0.8487638235092163,8,8997
2372,21,2,9,False,2,1,True,False,False,False,1.095445156097412,7.0,1.0958101749420166,9,26
2372,22,5,6,True,10531,2,False,False,False,False,0.3999999761581421,1.0,0.5531726479530334,6,6779
2372,23,9,2,True,10531,1,False,False,False,False,0.4000000059604645,1.0,0.5963220596313477,10,8060
2372,24,11,0,True,10531,1,False,,,,,,0.7927168607711792,11,8060
2372,25,1,10,False,5,1,True,False,False,False,0.8485281467437744,7.0,0.8487638235092163,8,8997
2372,26,5,6,True,10531,1,False,False,False,False,0.19999998807907104,1.0,0.48373547196388245,6,9382
2372,27,10,1,True,10531,1,False,False,False,False,0.3999999761581421,1.0,0.6723094582557678,11,4075
2372,28,6,5,True,10531,1,False,False,False,False,0.4472135901451111,2.0,0.7552483677864075,8,1969
2372,29,7,4,True,10531,1,False,False,False,False,0.20000001788139343,1.0,0.7660287618637085,8,1969
2372,30,11,0,True,10531,1,False,,,,,,0.7927168607711792,11,8060
2372,31,7,4,True,10531,2,False,True,True,True,0.0,0.0,0.5681549310684204,7,6074
3452,0,6,5,True,10531,1,False,False,False,False,0.3464101552963257,3.0,0.5607138276100159,9,4853
3452,1,9,2,True,10531,1,False,False,False,False,0.4000000059604645,1.0,0.5963220596313477,10,8060
3452,2,2,9,False,1,1,True,False,False,False,1.4142135381698608,8.0,1.4144964218139648,10,53
3452,3,8,3,True,10531,1,False,False,False,False,0.4000000059604645,1.0,0.634980320930481,9,4075
3452,4,2,9,False,53,1,True,False,False,False,0.3999999761581421,1.0,0.4009987413883209,3,406
3452,5,9,2,True,10531,2,False,True,True,True,0.0,0.0,0.7400000095367432,9,9382
3452,6,2,9,False,2958,45,True,True,True,True,0.0,0.0,0.028284255415201187,2,5635
3452,7,11,0,True,10531,1,False,,,,,,0.7927168607711792,11,8060
3452,8,2,9,False,22,1,True,False,False,False,0.3999999761581421,4.0,0.4009987413883209,6,1162
3452,9,11,0,True,10531,1,False,,,,,,0.7927168607711792,11,8060
3452,10,5,6,True,10531,1,False,True,True,True,0.0,0.0,0.3130495250225067,5,3295
3452,11,8,3,True,10531,1,False,False,False,False,0.20000001788139343,1.0,0.484974205493927,9,8060
3452,12,11,0,True,10531,1,False,,,,,,0.7927168607711792,11,8060
3452,13,5,6,False,3,1,True,False,False,False,0.19999998807907104,1.0,0.20493899285793304,6,419
3452,14,2,9,False,2,2,True,False,False,False,0.7483314871788025,6.0,0.7488658428192139,8,7522
3452,15,8,3,True,10531,1,False,True,True,True,0.0,0.0,0.7714921236038208,8,1969
3452,16,6,5,True,10531,2,False,False,False,False,0.3464101552963257,3.0,0.6651315689086914,9,5065
3452,17,1,10,False,10495,45,True,True,True,True,0.0,0.0,0.019999980926513672,1,5578
3452,18,4,7,True,10531,1,False,False,False,False,0.19999998807907104,1.0,0.5153639912605286,5,9557
3452,19,4,7,True,10531,1,False,False,False,False,0.19999998807907104,1.0,0.29933255910873413,5,32
3452,20,6,5,True,10531,1,False,True,True,True,0.0,0.0,0.5238320827484131,6,9536
3452,21,4,7,True,10531,4,False,False,False,False,0.2828426957130432,2.0,0.42142611742019653,6,9353
3452,22,11,0,True,10531,1,False,,,,,,0.7927168607711792,11,8060
3452,23,8,3,True,10531,1,False,True,True,True,0.0,0.0,0.7714921236038208,8,1969
3452,24,10,1,True,10531,1,False,True,True,True,0.0,0.0,0.7924644947052002,10,8060
3452,25,3,8,False,1,1,True,False,False,False,1.1135529279708862,6.0,1.1140915155410767,9,26
3452,26,1,10,False,1620,4,True,True,True,True,0.0,0.0,0.02000001072883606,1,7087
3452,27,4,7,True,10531,2,False,False,False,False,0.19999998807907104,1.0,0.601331889629364,5,6436
3452,28,6,5,True,10531,1,False,False,False,False,0.19999998807907104,1.0,0.7863841652870178,7,5640
3452,29,7,4,True,10531,2,False,False,False,False,0.4472135901451111,2.0,0.7230491042137146,9,3329
3452,30,11,0,True,10531,1,False,,,,,,0.7927168607711792,11,8060
3452,31,8,3,True,10531,1,False,False,False,False,0.4000000059604645,1.0,0.8119113445281982,9,8997
4973,0,6,5,True,10531,1,False,False,False,False,0.34641018509864807,3.0,0.516139566898346,9,8060
4973,1,9,2,True,10531,1,False,False,False,False,0.4472135901451111,2.0,0.6660330295562744,11,4075
4973,2,2,9,False,23,1,True,False,False,False,0.5656854510307312,5.0,0.5663921236991882,7,8060
4973,3,6,5,True,10531,1,False,False,False,False,0.3464101552963257,3.0,0.5161395072937012,9,7204
4973,4,9,2,True,10531,1,False,True,True,True,0.0,0.0,0.7400000095367432,9,9382
4973,5,11,0,True,10531,1,False,,,,,,0.7927168607711792,11,8060
4973,6,1,10,False,10495,16,True,True,True,True,0.0,0.0,0.019999980926513672,1,3261
4973,7,9,2,True,10531,1,False,False,False,False,0.4472135603427887,2.0,0.6289674043655396,11,6271
4973,8,1,10,False,573,1,True,False,False,False,0.2828426957130432,2.0,0.28354892134666443,3,8119
4973,9,11,0,True,10531,1,False,,,,,,0.7927168607711792,11,8060
4973,10,7,4,True,10531,1,False,False,False,False,0.4472135603427887,2.0,0.6283311247825623,9,6271
4973,11,2,9,False,4,1,True,False,False,False,0.6928203105926514,6.0,0.6933974623680115,8,6271
4973,12,8,3,True,10531,2,False,False,False,False,0.20000001788139343,1.0,0.7343024611473083,9,3329
4973,13,4,7,True,10531,1,False,False,False,False,0.2828426957130432,2.0,0.4214261472225189,6,9382
4973,14,2,9,False,2,1,True,False,False,False,0.6324555277824402,7.0,0.633087694644928,9,8997
4973,15,2,9,False,1,1,True,False,False,False,1.3711309432983398,9.0,1.371422529220581,11,53
4973,16,9,2,True,10531,1,False,False,False,False,0.20000001788139343,1.0,0.7345747351646423,10,3329
4973,17,10,1,True,10531,1,False,True,True,True,0.0,0.0,0.7924644947052002,10,8060
4973,18,6,5,True,10531,2,False,False,False,False,0.2828426957130432,2.0,0.5953150987625122,8,9382
4973,19,2,9,False,3,1,True,False,False,False,0.4898979365825653,6.0,0.4907137453556061,8,8997
4973,20,3,8,False,220,1,True,True,True,True,0.0,0.0,0.03464100882411003,3,6499
4973,21,6,5,True,10531,1,False,False,False,False,0.4898979365825653,3.0,0.6590902805328369,9,4075
4973,22,5,6,True,10531,1,False,False,False,False,0.19999998807907104,1.0,0.43127715587615967,6,697
4973,23,10,1,True,10531,1,False,True,True,True,0.0,0.0,0.7402702569961548,10,9382
4973,24,1,10,False,5,1,True,False,False,False,0.6324555277824402,7.0,0.6327716708183289,8,8997
4973,25,11,0,True,10531,1,False,,,,,,0.7927168607711792,11,8060
4973,26,11,0,True,10531,1,False,,,,,,0.7927168607711792,11,8060
4973,27,5,6,True,10531,1,False,False,False,False,0.19999998807907104,1.0,0.43127715587615967,6,9382
4973,28,3,8,True,10531,1,False,False,False,False,0.19999998807907104,1.0,0.4303486943244934,4,5290
4973,29,5,6,True,10531,2,False,False,False,False,0.3999999761581421,4.0,0.5079370141029358,9,9643
4973,30,7,4,True,10531,2,False,False,False,False,0.20000001788139343,1.0,0.73403000831604,8,3329
4973,31,6,5,True,10531,1,False,False,False,False,0.2828426957130432,2.0,0.6711184978485107,8,1969
7178,0,3,8,True,10531,2,False,False,False,False,0.4000000059604645,4.0,0.6206448674201965,7,5640
7178,1,6,5,True,10531,1,False,False,False,False,0.4898979663848877,3.0,0.5817216038703918,9,6271
7178,2,7,4,True,10531,1,False,False,False,False,0.2828426957130432,2.0,0.4762352406978607,9,6271
7178,3,7,4,True,10531,1,False,False,False,False,0.2828426957130432,2.0,0.6089335083961487,9,4075
7178,4,6,5,True,10531,1,False,False,False,False,0.5291502475738525,4.0,0.7445804476737976,10,6047
7178,5,9,2,True,10531,1,False,False,False,False,0.2828426957130432,2.0,0.6095900535583496,11,4075
7178,6,11,0,True,10531,1,False,,,,,,0.7927168607711792,11,8060
7178,7,4,7,True,10531,2,False,False,False,False,0.3999999761581421,4.0,0.6209670305252075,8,6874
7178,8,9,2,True,10531,2,False,False,False,False,0.19999998807907104,1.0,0.6415606141090393,10,9382
7178,9,6,5,True,10531,1,False,False,False,False,0.5291503071784973,4.0,0.7445804476737976,10,8997
7178,10,9,2,True,10531,1,False,False,False,False,0.2828426957130432,2.0,0.6095899939537048,11,4853
7178,11,9,2,True,10531,1,False,False,False,False,0.3999999761581421,1.0,0.7291090488433838,10,9382
7178,12,1,10,False,2992,1,True,True,True,True,0.0,0.0,0.019999995827674866,1,7178
7178,13,5,6,True,10531,1,False,False,False,False,0.19999998807907104,1.0,0.7000000476837158,6,9536
7178,14,4,7,True,10531,1,False,True,True,True,0.0,0.0,0.5670979022979736,4,678
7178,15,8,3,True,10531,1,False,False,False,False,0.19999998807907104,1.0,0.6412488222122192,9,1969
7178,16,5,6,True,10531,1,False,False,False,False,0.5291502475738525,4.0,0.6526867747306824,9,4782
7178,17,2,9,False,294,5,True,True,True,True,0.0,0.0,0.028284266591072083,2,9904
7178,18,2,9,False,1,1,True,False,False,False,1.2961481809616089,8.0,1.2964566946029663,10,53
7178,19,4,7,True,10531,1,False,False,False,False,0.2828426957130432,2.0,0.5946427583694458,6,1020
7178,20,4,7,True,10531,1,False,False,False,False,0.4000000059604645,4.0,0.65848308801651,8,5840
7178,21,10,1,True,10531,1,False,True,True,True,0.0,0.0,0.7720103859901428,10,1969
7178,22,9,2,True,10531,1,False,False,False,False,0.4000000059604645,1.0,0.6352952122688293,10,8060
7178,23,6,5,True,10531,2,False,False,False,False,0.19999998807907104,1.0,0.6406247019767761,7,3329
7178,24,8,3,True,10531,1,False,False,False,False,0.19999998807907104,1.0,0.6776430010795593,9,1969
7178,25,5,6,True,10531,1,False,False,False,False,0.4472135901451111,2.0,0.7224956750869751,7,3140
7178,26,7,4,True,10531,1,False,False,False,False,0.3999999761581421,4.0,0.595650851726532,11,4853
7178,27,2,9,True,10531,1,False,False,False,False,0.19999998807907104,1.0,0.3698648512363434,3,9643
7178,28,10,1,True,10531,1,False,False,False,False,0.19999998807907104,1.0,0.846167802810669,11,4853
7178,29,5,6,True,10531,1,False,False,False,False,0.3464101552963257,3.0,0.6648308038711548,8,5069
7178,30,7,4,True,10531,1,False,False,False,False,0.4000000059604645,4.0,0.7815369963645935,11,10044
7178,31,4,7,True,10531,2,False,False,False,False,0.19999998807907104,1.0,0.5600000023841858,5,5075
1358,0,7,4,True,10531,1,False,False,False,False,0.3464101552963257,3.0,0.8165782690048218,10,2669
1358,1,8,3,True,10531,1,False,False,False,False,0.2828426957130432,2.0,0.6717142462730408,10,9896
1358,2,4,7,True,10531,1,False,False,False,False,0.5656854510307312,5.0,0.682348906993866,9,9896
1358,3,2,9,True,10531,4,False,False,False,False,0.2828426957130432,2.0,0.5067543983459473,4,6932
1358,4,9,2,True,10531,1,False,False,False,False,0.2828426957130432,2.0,0.5688585042953491,11,4075
1358,5,1,10,False,1,1,True,False,False,False,1.2649110555648804,10.0,1.2650691270828247,11,53
1358,6,8,3,True,10531,1,False,False,False,False,0.19999998807907104,1.0,0.7662897706031799,9,8940
1358,7,2,9,False,7,1,True,False,False,False,0.6324555277824402,4.0,0.633087694644928,6,8865
1358,8,5,6,True,10531,1,False,False,False,False,0.3464101552963257,3.0,0.6276941895484924,8,1163
1358,9,2,9,True,10531,4,False,False,False,False,0.2828426957130432,2.0,0.5067543983459473,4,3355
1358,10,11,0,True,10531,1,False,,,,,,0.7927168607711792,11,8060
1358,11,5,6,True,10531,1,False,False,False,False,0.2828427255153656,2.0,0.670820415019989,7,5808
1358,12,11,0,True,10531,1,False,,,,,,0.7927168607711792,11,8060
1358,13,2,9,False,510,29,True,True,True,True,0.0,0.0,0.028284255415201187,2,10022
1358,14,10,1,True,10531,1,False,True,True,True,0.0,0.0,0.7402702569961548,10,8997
1358,15,7,4,True,10531,1,False,False,False,False,0.5291502475738525,4.0,0.6890573501586914,11,1025
1358,16,6,5,True,10531,1,False,False,False,False,0.4000000059604645,4.0,0.5953150391578674,10,5293
1358,17,8,3,True,10531,1,False,False,False,False,0.2828426957130432,2.0,0.634980320930481,10,8997
1358,18,2,9,False,2,1,True,False,False,False,0.8485281467437744,7.0,0.8489995002746582,9,8997
1358,19,1,10,False,10446,263,True,True,True,True,0.0,0.0,0.019999980926513672,1,7896
1358,20,9,2,True,10531,1,False,False,False,False,0.4000000059604645,1.0,0.6352952122688293,10,8060
1358,21,4,7,True,10531,1,False,True,True,True,0.0,0.0,0.38157567381858826,4,9643
1358,22,6,5,True,10531,2,False,False,False,False,0.4472135901451111,2.0,0.6887670755386353,8,1969
1358,23,4,7,True,10531,2,False,False,False,False,0.3464101552963257,3.0,0.6273754835128784,7,5290
1358,24,7,4,True,10531,1,False,False,False,False,0.4898979365825653,3.0,0.6219325065612793,10,9382
1358,25,4,7,True,10531,1,False,False,False,False,0.2828426957130432,2.0,0.5946427583694458,6,1020
1358,26,11,0,True,10531,1,False,,,,,,0.7927168607711792,11,8060
1358,27,9,2,True,10531,1,False,False,False,False,0.4000000059604645,1.0,0.8121576905250549,10,8997
1358,28,1,10,False,1620,5,True,False,False,False,0.4472135901451111,2.0,0.4476605951786041,3,2746
1358,29,2,9,False,510,29,True,True,True,True,0.0,0.0,0.028284255415201187,2,3423
1358,30,9,2,True,10531,1,False,False,False,False,0.2828426957130432,2.0,0.7068239450454712,11,7204
1358,31,3,8,False,1,1,True,False,False,False,1.095445156097412,8.0,1.0959926843643188,11,53
4841,0,6,5,True,10531,1,False,False,False,False,0.2828426957130432,2.0,0.5953150987625122,8,9382
4841,1,5,6,True,10531,2,False,False,False,False,0.20000001788139343,1.0,0.5603570938110352,6,6732
4841,2,7,4,True,10531,1,False,True,True,True,0.0,0.0,0.44136154651641846,7,8060
4841,3,8,3,True,10531,1,False,False,False,False,0.20000001788139343,1.0,0.7343024611473083,9,1969
4841,4,8,3,True,10531,1,False,False,False,False,0.20000001788139343,1.0,0.7868925929069519,9,8060
4841,5,7,4,True,10531,1,False,True,True,True,0.0,0.0,0.7394593358039856,7,1969
4841,6,5,6,True,10531,4,False,False,False,False,0.20000001788139343,1.0,0.5157518982887268,6,2966
4841,7,4,7,True,10531,1,False,False,False,False,0.2828426957130432,2.0,0.5946427583694458,6,5293
4841,8,10,1,True,10531,1,False,False,False,False,0.20000001788139343,1.0,0.7874007821083069,11,8060
4841,9,10,1,True,10531,1,False,False,False,False,0.20000001788139343,1.0,0.7874007821083069,11,8060
4841,10,4,7,True,10531,4,False,False,False,False,0.20000001788139343,1.0,0.5153639912605286,5,4147
4841,11,5,6,True,10531,1,False,False,False,False,0.2828426957130432,2.0,0.4753945767879486,7,9382
4841,12,6,5,True,10531,1,False,False,False,False,0.2828426957130432,2.0,0.5238320231437683,8,7204
4841,13,11,0,True,10531,1,False,,,,,,0.7927168607711792,11,8060
4841,14,8,3,True,10531,1,False,False,False,False,0.4000000059604645,1.0,0.595986545085907,9,8060
4841,15,5,6,True,10531,1,False,False,False,False,0.44721361994743347,2.0,0.5882176756858826,7,8060
4841,16,11,0,True,10531,1,False,,,,,,0.7927168607711792,11,8060
4841,17,2,9,False,2,1,True,False,False,False,0.4472135901451111,2.0,0.44810715317726135,4,4152
4841,18,11,0,True,10531,1,False,,,,,,0.7927168607711792,11,8060
4841,19,5,6,True,10531,5,False,True,True,True,0.0,0.0,0.3130495250225067,5,9630
4841,20,1,10,False,5,1,True,False,False,False,0.7211102843284607,7.0,0.7213875651359558,8,8997
4841,21,10,1,True,10531,1,False,True,True,True,0.0,0.0,0.761577308177948,10,8060
4841,22,11,0,True,10531,1,False,,,,,,0.7927168607711792,11,8060
4841,23,10,1,True,10531,2,False,False,False,False,0.19999998807907104,1.0,0.7668116688728333,11,9382
4841,24,4,7,True,10531,1,False,False,False,False,0.19999998807907104,1.0,0.6273755431175232,5,423
4841,25,9,2,True,10531,1,False,False,False,False,0.4472135901451111,2.0,0.6660330295562744,11,4075
4841,26,7,4,True,10531,2,False,True,True,True,0.0,0.0,0.5681549310684204,7,2153
4841,27,8,3,True,10531,1,False,False,False,False,0.20000001788139343,1.0,0.7343024611473083,9,3329
4841,28,8,3,True,10531,1,False,False,False,False,0.4000000059604645,1.0,0.595986545085907,9,8060
4841,29,4,7,True,10531,1,False,True,True,True,0.0,0.0,0.5230678915977478,4,8954
4841,30,10,1,True,10531,1,False,True,True,True,0.0,0.0,0.4939635396003723,10,8060
4841,31,5,6,True,10531,2,False,False,False,False,0.19999998807907104,1.0,0.6016644239425659,6,1134
1981,0,2,9,False,3,1,True,False,False,False,0.7745966911315918,7.0,0.7751129269599915,9,8997
1981,1,5,6,True,10531,1,False,False,False,False,0.34641018509864807,3.0,0.5157518982887268,8,8060
1981,2,1,10,False,26,3,True,False,False,False,0.2828426957130432,2.0,0.2835489511489868,3,9130
1981,3,5,6,True,10531,1,False,False,False,False,0.2828426957130432,2.0,0.36055511236190796,7,9133
1981,4,9,2,True,10531,1,False,True,True,True,0.0,0.0,0.49355849623680115,9,8060
1981,5,9,2,True,10531,2,False,False,False,False,0.2828426957130432,2.0,0.7613146901130676,11,3329
1981,6,2,9,True,10531,1,False,False,False,False,0.19999998807907104,1.0,0.2979932725429535,3,5021
1981,7,1,10,False,1620,13,True,True,True,True,0.0,0.0,0.02000001072883606,1,2060
1981,8,6,5,True,10531,1,False,True,True,True,0.0,0.0,0.7059745192527771,6,2669
1981,9,5,6,True,10531,2,False,False,False,False,0.3464101552963257,3.0,0.6276941895484924,8,9119
1981,10,1,10,False,1620,13,True,True,True,True,0.0,0.0,0.02000001072883606,1,2922
1981,11,7,4,True,10531,2,False,False,False,False,0.19999998807907104,1.0,0.6409368515014648,8,9382
1981,12,2,9,False,1,1,True,False,False,False,1.216552495956421,9.0,1.216881275177002,11,53
1981,13,8,3,True,10531,1,False,False,False,False,0.40000003576278687,1.0,0.634980320930481,9,8060
1981,14,1,10,False,1620,13,True,True,True,True,0.0,0.0,0.02000001072883606,1,2060
1981,15,7,4,True,10531,1,False,True,True,True,0.0,0.0,0.6471476554870605,7,9950
1981,16,11,0,True,10531,1,False,,,,,,0.7927168607711792,11,8060
1981,17,7,4,True,10531,1,False,False,False,False,0.19999998807907104,1.0,0.73403000831604,8,9382
1981,18,7,4,True,10531,1,False,False,False,False,0.20000001788139343,1.0,0.7866384387016296,8,2163
1981,19,8,3,True,10531,2,False,False,False,False,0.20000001788139343,1.0,0.7343024611473083,9,3329
1981,20,5,6,True,10531,3,False,False,False,False,0.20000001788139343,1.0,0.5603570342063904,6,9531
1981,21,5,6,True,10531,6,False,False,False,False,0.19999998807907104,1.0,0.6016644239425659,6,313
1981,22,5,6,True,10531,1,False,False,False,False,0.19999998807907104,1.0,0.5157518982887268,6,491
1981,23,3,8,True,10531,1,False,False,False,False,0.4000000059604645,4.0,0.4573838710784912,7,10041
1981,24,8,3,True,10531,1,False,False,False,False,0.4472135901451111,2.0,0.6657326817512512,10,4075
1981,25,10,1,True,10531,1,False,True,True,True,0.0,0.0,0.7924644947052002,10,8060
1981,26,7,4,True,10531,2,False,False,False,False,0.20000001788139343,1.0,0.73403000831604,8,2669
1981,27,3,8,False,2,1,True,False,False,False,1.039230465888977,7.0,1.039807677268982,10,26
1981,28,2,9,False,1,1,True,False,False,False,1.039230465888977,9.0,1.039615273475647,11,53
1981,29,6,5,True,10531,1,False,False,False,False,0.4898979365825653,3.0,0.6590902805328369,9,4075
1981,30,4,7,True,10531,1,False,False,False,False,0.2828426957130432,2.0,0.4749736785888672,6,1957
1981,31,1,10,False,573,1,True,True,True,True,0.0,0.0,0.019999995827674866,1,4043
8323,0,7,4,True,10531,1,False,False,False,False,0.20000001788139343,1.0,0.7005712389945984,8,9382
8323,1,4,7,True,10531,1,False,False,False,False,0.34641018509864807,3.0,0.5153639912605286,7,8060
8323,2,4,7,False,1,1,True,False,False,False,1.058300495147705,6.0,1.0590561628341675,10,26
8323,3,4,7,True,10531,1,False,False,False,False,0.34641018509864807,3.0,0.4664761424064636,7,8060
8323,4,2,9,False,1,1,True,False,False,False,1.2806248664855957,8.0,1.2809370756149292,10,26
8323,5,2,9,False,1,1,True,False,False,False,1.2806248664855957,8.0,1.2809370756149292,10,26
8323,6,1,10,False,3,1,True,False,False,False,0.8485281467437744,7.0,0.8487638235092163,8,8997
8323,7,10,1,True,10531,1,False,False,False,False,0.20000001788139343,1.0,0.7668116092681885,11,3329
8323,8,10,1,True,10531,1,False,True,True,True,0.0,0.0,0.7924644947052002,10,8060
8323,9,3,8,False,1620,2,True,True,True,True,0.0,0.0,0.034641001373529434,3,8323
8323,10,7,4,True,10531,1,False,False,False,False,0.20000001788139343,1.0,0.7866384387016296,8,2163
8323,11,9,2,True,10531,1,False,False,False,False,0.19999998807907104,1.0,0.7871467471122742,10,10041
8323,12,7,4,True,10531,1,False,False,False,False,0.20000001788139343,1.0,0.48456165194511414,8,3329
8323,13,4,7,False,1,1,True,False,False,False,1.058300495147705,6.0,1.0590561628341675,10,26
8323,14,3,8,True,10531,2,False,False,False,False,0.20000001788139343,1.0,0.2986637055873871,4,7258
8323,15,4,7,True,10531,2,False,False,False,False,0.19999998807907104,1.0,0.3709447383880615,5,8333
8323,16,7,4,True,10531,1,False,False,False,False,0.2828426957130432,2.0,0.6714164018630981,9,1954
8323,17,6,5,True,10531,1,False,False,False,False,0.2828427255153656,2.0,0.5238320231437683,8,7267
8323,18,11,0,True,10531,1,False,,,,,,0.7927168607711792,11,8060
8323,19,1,10,False,5,1,True,False,False,False,0.8485281467437744,7.0,0.8487638235092163,8,8997
8323,20,2,9,False,294,1,True,False,False,False,0.34641018509864807,3.0,0.3475629687309265,5,9382
8323,21,2,9,True,10531,1,False,False,False,False,0.2828426957130432,2.0,0.3588871359825134,4,6105
8323,22,8,3,True,10531,1,False,False,False,False,0.20000001788139343,1.0,0.7868925929069519,9,8060
8323,23,4,7,True,10531,1,False,False,False,False,0.20000001788139343,1.0,0.4833218455314636,5,7267
8323,24,1,10,False,10495,2,True,True,True,True,0.0,0.0,0.019999980926513672,1,7340
8323,25,2,9,False,1,1,True,False,False,False,1.1313707828521729,9.0,1.1317243576049805,11,53
8323,26,9,2,True,10531,1,False,False,False,False,0.2828427255153656,2.0,0.7613146901130676,11,3329
8323,27,1,10,False,23,1,True,False,False,False,1.039230465888977,8.0,1.039422869682312,9,7950
8323,28,4,7,True,10531,1,False,False,False,False,0.3464101552963257,3.0,0.4664761424064636,7,9119
8323,29,11,0,True,10531,1,False,,,,,,0.7927168607711792,11,8060
8323,30,11,0,True,10531,1,False,,,,,,0.7927168607711792,11,8060
8323,31,10,1,True,10531,1,False,True,True,True,0.0,0.0,0.4939635396003723,10,8060
4912,0,7,4,True,10531,1,False,False,False,False,0.20000001788139343,1.0,0.755513072013855,8,10041
4912,1,1,10,False,53,1,True,True,True,True,0.0,0.0,0.019999995827674866,1,422
4912,2,10,1,True,10531,1,False,True,True,True,0.0,0.0,0.4939635396003723,10,8060
4912,3,7,4,True,10531,6,False,False,False,False,0.19999998807907104,1.0,0.6023288369178772,8,6011
4912,4,4,7,True,10531,1,False,False,False,False,0.2828427255153656,2.0,0.4214261770248413,6,10041
4912,5,2,9,False,1,1,True,False,False,False,1.2961481809616089,9.0,1.2964566946029663,11,53
4912,6,1,10,False,10495,109,True,True,True,True,0.0,0.0,0.019999980926513672,1,4777
4912,7,4,7,True,10531,1,False,False,False,False,0.20000001788139343,1.0,0.3709447383880615,5,7604
4912,8,10,1,True,10531,2,False,False,False,False,0.19999998807907104,1.0,0.7668116092681885,11,3329
4912,9,6,5,True,10531,1,False,False,False,False,0.19999998807907104,1.0,0.4841487407684326,7,2228
4912,10,4,7,True,10531,3,False,True,True,True,0.0,0.0,0.31240999698638916,4,9869
4912,11,10,1,True,10531,1,False,True,True,True,0.0,0.0,0.7924644947052002,10,8060
4912,12,1,10,False,573,1,True,False,False,False,0.3464101552963257,3.0,0.3469870388507843,4,4043
4912,13,6,5,True,10531,1,False,True,True,True,0.0,0.0,0.44090813398361206,6,10041
4912,14,9,2,True,10531,1,False,True,True,True,0.0,0.0,0.8219488859176636,9,7267
4912,15,4,7,True,10531,1,False,False,False,False,0.34641018509864807,3.0,0.466476172208786,7,10041
4912,16,5,6,True,10531,5,False,False,False,False,0.19999998807907104,1.0,0.5603570342063904,6,8954
4912,17,10,1,True,10531,1,False,True,True,True,0.0,0.0,0.7402702569961548,10,3329
4912,18,3,8,True,10531,1,False,False,False,False,0.20000001788139343,1.0,0.5596427917480469,4,1960
4912,19,9,2,True,10531,1,False,True,True,True,0.0,0.0,0.49355846643447876,9,8060
4912,20,2,9,True,10531,1,False,True,True,True,0.0,0.0,0.22090721130371094,2,9760
4912,21,3,8,True,10531,6,False,False,False,False,0.20000001788139343,1.0,0.5596427321434021,4,1951
4912,22,9,2,True,10531,2,False,False,False,False,0.19999998807907104,1.0,0.7665507793426514,10,9382
4912,23,4,7,True,10531,8,False,True,True,True,0.0,0.0,0.22271056473255157,4,4769
4912,24,3,8,True,10531,2,False,False,False,False,0.2828426957130432,2.0,0.4745524227619171,5,8333
4912,25,6,5,True,10531,1,False,False,False,False,0.20000001788139343,1.0,0.4841487407684326,7,7267
4912,26,7,4,True,10531,1,False,True,True,True,0.0,0.0,0.6089335083961487,7,1954
4912,27,11,0,True,10531,1,False,,,,,,0.7927168607711792,11,8060
4912,28,8,3,True,10531,1,False,False,False,False,0.20000001788139343,1.0,0.8168231248855591,9,7267
4912,29,9,2,True,10531,1,False,True,True,True,0.0,0.0,0.8219488859176636,9,7267
4912,30,11,0,True,10531,1,False,,,,,,0.7927168607711792,11,8060
4912,31,4,7,True,10531,1,False,False,False,False,0.34641018509864807,3.0,0.466476172208786,7,10041
798,0,10,1,True,10531,1,False,True,True,True,0.0,0.0,0.7720103859901428,10,1969
798,1,6,5,True,10531,1,False,False,False,False,0.4472135901451111,2.0,0.7552483677864075,8,1969
798,2,1,10,False,10495,92,True,True,True,True,0.0,0.0,0.019999980926513672,1,1242
798,3,4,7,True,10531,6,False,True,True,True,0.0,0.0,0.5230678915977478,4,7892
798,4,8,3,True,10531,1,False,False,False,False,0.3999999761581421,1.0,0.595986545085907,9,6271
798,5,1,10,False,23,1,True,False,False,False,0.7745966911315918,6.0,0.774854838848114,7,7950
798,6,7,4,True,10531,1,False,False,False,False,0.4472135901451111,2.0,0.8067218065261841,9,8997
798,7,5,6,True,10531,1,False,False,False,False,0.4472135901451111,2.0,0.7224956750869751,7,1969
798,8,8,3,True,10531,1,False,False,False,False,0.4472135901451111,2.0,0.6657326817512512,10,4075
798,9,7,4,True,10531,1,False,False,False,False,0.2828426957130432,2.0,0.634665310382843,9,8050
798,10,8,3,True,10531,1,False,False,False,False,0.4472135901451111,2.0,0.6657326817512512,10,4075
798,11,10,1,True,10531,1,False,True,True,True,0.0,0.0,0.7720103859901428,10,1969
798,12,7,4,True,10531,4,False,True,True,True,0.0,0.0,0.5681549310684204,7,2966
798,13,1,10,False,3,1,True,False,False,False,0.8246211409568787,6.0,0.8248636722564697,7,8997
798,14,8,3,True,10531,1,False,False,False,False,0.4472135901451111,2.0,0.6657326817512512,10,4075
798,15,3,8,True,10531,2,False,True,True,True,0.0,0.0,0.2218107283115387,3,5961
798,16,5,6,True,10531,1,False,True,True,True,0.0,0.0,0.5234501361846924,5,3140
798,17,6,5,True,10531,1,False,False,False,False,0.44721361994743347,2.0,0.6280127167701721,8,8060
798,18,2,9,False,510,8,True,False,False,False,0.19999998807907104,1.0,0.20199008285999298,3,3963
798,19,11,0,True,10531,1,False,,,,,,0.7927168607711792,11,8060
798,20,11,0,True,10531,1,False,,,,,,0.7927168607711792,11,8060
798,21,5,6,True,10531,2,False,False,False,False,0.19999998807907104,1.0,0.6016643643379211,6,5161
798,22,11,0,True,10531,1,False,,,,,,0.7927168607711792,11,8060
798,23,4,7,False,1,1,True,False,False,False,1.0198038816452026,6.0,1.0205880403518677,10,26
798,24,8,3,True,10531,1,False,False,False,False,0.44721361994743347,2.0,0.6286493539810181,10,8060
798,25,9,2,True,10531,1,False,False,False,False,0.19999998807907104,1.0,0.6415606141090393,10,9382
798,26,6,5,True,10531,5,False,False,False,False,0.4000000059604645,1.0,0.6590902805328369,7,9239
798,27,10,1,True,10531,1,False,True,True,True,0.0,0.0,0.761577308177948,10,6271
798,28,11,0,True,10531,1,False,,,,,,0.7927168607711792,11,8060
798,29,7,4,True,10531,1,False,False,False,False,0.2828426957130432,2.0,0.7607890963554382,9,5293
798,30,11,0,True,10531,1,False,,,,,,0.7927168607711792,11,8060
798,31,10,1,True,10531,1,False,False,False,False,0.3999999761581421,1.0,0.6723094582557678,11,4075
3876,0,4,7,True,10531,1,False,True,True,True,0.0,0.0,0.4749737083911896,4,5105
3876,1,3,8,False,1,1,True,False,False,False,0.9165151119232178,7.0,0.9171695709228516,10,53
3876,2,4,7,True,10531,3,False,False,False,False,0.2828426957130432,2.0,0.5946427583694458,6,10082
3876,3,7,4,True,10531,1,False,False,False,False,0.2828426957130432,2.0,0.6714164614677429,9,1957
3876,4,5,6,True,10531,1,False,False,False,False,0.2828426957130432,2.0,0.5234501361846924,7,1969
3876,5,7,4,True,10531,1,False,False,False,False,0.4898979663848877,3.0,0.7174956798553467,10,3329
3876,6,9,2,True,10531,1,False,False,False,False,0.4000000059604645,1.0,0.8121576905250549,10,8997
3876,7,10,1,True,10531,1,False,False,False,False,0.19999998807907104,1.0,0.5761944055557251,11,4075
3876,8,8,3,True,10531,1,False,True,True,True,0.0,0.0,0.6474565863609314,8,5808
3876,9,11,0,True,10531,1,False,,,,,,0.7927168607711792,11,8060
3876,10,10,1,True,10531,1,False,False,False,False,0.19999998807907104,1.0,0.846167802810669,11,4853
3876,11,6,5,True,10531,1,False,False,False,False,0.44721361994743347,2.0,0.722772479057312,8,5808
3876,12,8,3,True,10531,1,False,False,False,False,0.2828426957130432,2.0,0.7610519528388977,10,3329
3876,13,2,9,True,10531,2,False,True,True,True,0.0,0.0,0.6578753590583801,2,5496
3876,14,3,8,True,10531,2,False,False,False,False,0.20000000298023224,1.0,0.5596427917480469,4,2370
3876,15,5,6,True,10531,1,False,False,False,False,0.5291502475738525,4.0,0.6884766221046448,9,2669
3876,16,11,0,True,10531,1,False,,,,,,0.7927168607711792,11,8060
3876,17,6,5,True,10531,2,False,False,False,False,0.20000000298023224,1.0,0.6651316285133362,7,7252
3876,18,5,6,True,10531,1,False,False,False,False,0.4898979365825653,3.0,0.6212890148162842,8,1969
3876,19,4,7,True,10531,1,False,False,False,False,0.3464101552963257,3.0,0.5153639316558838,7,5069
3876,20,8,3,True,10531,1,False,False,False,False,0.44721361994743347,2.0,0.8361818790435791,10,1969
3876,21,1,10,False,3,1,True,False,False,False,1.0,8.0,1.0002000331878662,9,8997
3876,22,7,4,True,10531,1,False,False,False,False,0.2828426957130432,2.0,0.6714164614677429,9,5808
3876,23,7,4,True,10531,2,False,True,True,True,0.0,0.0,0.6714164614677429,7,7252
3876,24,8,3,True,10531,1,False,False,False,False,0.19999998807907104,1.0,0.7868925929069519,9,10041
3876,25,10,1,True,10531,1,False,False,False,False,0.6000000238418579,1.0,0.7771744132041931,11,8060
3876,26,6,5,True,10531,1,False,False,False,False,0.2828426957130432,2.0,0.6343501210212708,8,5292
3876,27,8,3,True,10531,1,False,False,False,False,0.6000000238418579,3.0,0.7451174855232239,11,4075
3876,28,3,8,True,10531,1,False,False,False,False,0.2828426957130432,2.0,0.552449107170105,5,7176
3876,29,10,1,True,10531,1,False,False,False,False,0.19999998807907104,1.0,0.846167802810669,11,4853
3876,30,6,5,True,10531,1,False,False,False,False,0.3464101552963257,3.0,0.5607138276100159,9,9896
3876,31,6,5,True,10531,1,False,False,False,False,0.4898979663848877,3.0,0.7172168493270874,9,1969
9476,0,10,1,True,10531,1,False,True,True,True,0.0,0.0,0.7924644947052002,10,8060
9476,1,7,4,True,10531,1,False,False,False,False,0.3464101552963257,3.0,0.7866384387016296,10,6874
9476,2,7,4,True,10531,1,False,False,False,False,0.44721361994743347,2.0,0.6283311247825623,9,8060
9476,3,6,5,True,10531,2,False,False,False,False,0.19999998807907104,1.0,0.6406247019767761,7,9382
9476,4,11,0,True,10531,1,False,,,,,,0.7927168607711792,11,8060
9476,5,5,6,False,1,1,True,False,False,False,0.9165151715278625,6.0,0.9176056385040283,11,6271
9476,6,7,4,True,10531,1,False,False,False,False,0.4000000059604645,1.0,0.5956509113311768,8,8060
9476,7,1,10,False,10446,24,True,True,True,True,0.0,0.0,0.019999980926513672,1,2190
9476,8,10,1,True,10531,1,False,True,True,True,0.0,0.0,0.7924644947052002,10,8060
9476,9,6,5,True,10531,1,False,False,False,False,0.4472135901451111,2.0,0.6280127167701721,8,4075
9476,10,3,8,False,1,1,True,False,False,False,1.3416407108306885,8.0,1.3420878648757935,11,53
9476,11,5,6,True,10531,1,False,False,False,False,0.2828426957130432,2.0,0.7280110120773315,7,8050
9476,12,9,2,True,10531,1,False,False,False,False,0.20000001788139343,1.0,0.7665507793426514,10,3329
9476,13,7,4,True,10531,2,False,False,False,False,0.44721361994743347,2.0,0.8359426259994507,9,5808
9476,14,8,3,True,10531,1,False,True,True,True,0.0,0.0,0.7714921236038208,8,1969
9476,15,4,7,True,10531,1,False,True,True,True,0.0,0.0,0.5230678915977478,4,8296
9476,16,6,5,True,10531,1,False,True,True,True,0.0,0.0,0.5678027868270874,6,1969
9476,17,7,4,True,10531,1,False,False,False,False,0.3464101552963257,3.0,0.7555131316184998,10,6874
9476,18,7,4,True,10531,1,False,False,False,False,0.19999998807907104,1.0,0.6023288369178772,8,10091
9476,19,10,1,True,10531,1,False,False,False,False,0.20000001788139343,1.0,0.7668116092681885,11,3329
9476,20,1,10,False,23,1,True,False,False,False,0.6633249521255493,5.0,0.6636263728141785,6,7950
9476,21,10,1,True,10531,1,False,True,True,True,0.0,0.0,0.7720103859901428,10,1969
9476,22,5,6,True,10531,1,False,False,False,False,0.3464101552963257,3.0,0.4669046700000763,8,8997
9476,23,8,3,True,10531,1,False,True,True,True,0.0,0.0,0.7397297024726868,8,8997
9476,24,5,6,True,10531,1,False,False,False,False,0.19999998807907104,1.0,0.5603570342063904,6,10091
9476,25,7,4,True,10531,1,False,False,False,False,0.44721361994743347,2.0,0.5888972878456116,9,8060
9476,26,8,3,True,10531,2,False,False,False,False,0.19999998807907104,1.0,0.7343024611473083,9,5069
9476,27,4,7,True,10531,1,False,False,False,False,0.2828426957130432,2.0,0.42142611742019653,6,9382
9476,28,9,2,True,10531,1,False,False,False,False,0.20000001788139343,1.0,0.6415606141090393,10,3329
9476,29,7,4,True,10531,3,False,False,False,False,0.20000001788139343,1.0,0.6023288369178772,8,2153
9476,30,4,7,True,10531,1,False,False,False,False,0.4898979365825653,3.0,0.6209670305252075,7,9382
9476,31,6,5,True,10531,1,False,True,True,True,0.0,0.0,0.5678027868270874,6,3140
3410,0,8,3,True,10531,1,False,False,False,False,0.4472135901451111,2.0,0.6657326817512512,10,4075
3410,1,3,8,True,10531,2,False,True,True,True,0.0,0.0,0.2218107283115387,3,8728
3410,2,7,4,True,10531,2,False,False,False,False,0.3464101552963257,3.0,0.8641759753227234,10,5670
3410,3,4,7,True,10531,2,False,False,False,False,0.3464101552963257,3.0,0.5878775715827942,7,5670
3410,4,4,7,True,10531,1,False,False,False,False,0.2828426957130432,2.0,0.5528110265731812,6,5640
3410,5,7,4,True,10531,2,False,False,False,False,0.3464101552963257,3.0,0.8641759753227234,10,10082
3410,6,10,1,True,10531,1,False,False,False,False,0.19999998807907104,1.0,0.846167802810669,11,4853
3410,7,7,4,True,10531,2,False,True,True,True,0.0,0.0,0.5681549310684204,7,6732
3410,8,11,0,True,10531,1,False,,,,,,0.7927168607711792,11,8060
3410,9,5,6,True,10531,1,False,False,False,False,0.3464101552963257,3.0,0.6884766221046448,8,423
3410,10,6,5,True,10531,1,False,False,False,False,0.4000000059604645,1.0,0.7282856702804565,7,1954
3410,11,1,10,False,53,4,True,False,False,False,0.2828426957130432,2.0,0.28354892134666443,3,2666
3410,12,8,3,True,10531,1,False,True,True,True,0.0,0.0,0.49315309524536133,8,2163
3410,13,2,9,False,2,1,True,False,False,False,1.2000000476837158,8.0,1.2003332376480103,10,26
3410,14,7,4,True,10531,1,False,False,False,False,0.20000001788139343,1.0,0.48456165194511414,8,2163
3410,15,8,3,True,10531,1,False,False,False,False,0.4000000059604645,1.0,0.8119113445281982,9,9382
3410,16,10,1,True,10531,2,False,True,True,True,0.0,0.0,0.7402702569961548,10,9382
3410,17,3,8,True,10531,7,False,True,True,True,0.0,0.0,0.5226854085922241,3,8080
3410,18,11,0,True,10531,1,False,,,,,,0.7927168607711792,11,8060
3410,19,10,1,True,10531,1,False,False,False,False,0.19999998807907104,1.0,0.846167802810669,11,4853
3410,20,10,1,True,10531,1,False,True,True,True,0.0,0.0,0.7402702569961548,10,3329
3410,21,7,4,True,10531,1,False,False,False,False,0.5656854510307312,2.0,0.6832276582717896,9,8060
3410,22,6,5,True,10531,1,False,False,False,False,0.2828426957130432,2.0,0.6343501210212708,8,5290
3410,23,1,10,False,3,1,True,False,False,False,0.9797959327697754,8.0,0.9800000190734863,9,8997
3410,24,6,5,True,10531,2,False,False,False,False,0.19999998807907104,1.0,0.7002856731414795,7,8085
3410,25,2,9,False,3,1,True,False,False,False,0.7745966911315918,7.0,0.7751129269599915,9,8997
3410,26,7,4,True,10531,1,False,False,False,False,0.19999998807907104,1.0,0.6023288369178772,8,9382
3410,27,3,8,True,10531,3,False,False,False,False,0.2828426957130432,2.0,0.552449107170105,5,491
3410,28,11,0,True,10531,1,False,,,,,,0.7927168607711792,11,8060
3410,29,7,4,True,10531,1,False,False,False,False,0.4472135901451111,2.0,0.7230491042137146,9,9382
3410,30,7,4,True,10531,1,False,False,False,False,0.2828427255153656,2.0,0.5681549310684204,9,7267
3410,31,4,7,False,1,1,True,False,False,False,0.9591662883758545,6.0,0.9599999785423279,10,26
4300,0,2,9,False,1,1,True,False,False,False,1.2000000476837158,8.0,1.2003332376480103,10,26
4300,1,9,2,True,10531,1,False,True,True,True,0.0,0.0,0.7400000095367432,9,3329
4300,2,3,8,True,10531,1,False,False,False,False,0.20000001788139343,1.0,0.4660472273826599,4,423
4300,3,8,3,True,10531,1,False,False,False,False,0.2828427255153656,2.0,0.4766550064086914,10,8060
4300,4,11,0,True,10531,1,False,,,,,,0.7927168607711792,11,8060
4300,5,4,7,True,10531,1,False,True,True,True,0.0,0.0,0.31240999698638916,4,5991
4300,6,2,9,False,1,1,True,False,False,False,1.2649110555648804,9.0,1.265227198600769,11,26
4300,7,2,9,True,10531,1,False,False,False,False,0.3464101552963257,3.0,0.4108527600765228,5,2669
4300,8,9,2,True,10531,1,False,True,True,True,0.0,0.0,0.8219488859176636,9,7267
4300,9,9,2,True,10531,1,False,False,False,False,0.20000001788139343,1.0,0.4853864312171936,10,8060
4300,10,9,2,True,10531,2,False,True,True,True,0.0,0.0,0.7400000095367432,9,3329
4300,11,1,10,False,23,1,True,False,False,False,0.9380831718444824,8.0,0.9382963180541992,9,7950
4300,12,4,7,True,10531,1,False,False,False,False,0.2828426957130432,2.0,0.5528110265731812,6,5656
4300,13,5,6,True,10531,1,False,False,False,False,0.19999998807907104,1.0,0.3714834749698639,6,5290
4300,14,7,4,True,10531,1,False,True,True,True,0.0,0.0,0.7062577605247498,7,6874
4300,15,9,2,True,10531,1,False,False,False,False,0.20000001788139343,1.0,0.7871467471122742,10,8060
4300,16,6,5,True,10531,1,False,False,False,False,0.19999998807907104,1.0,0.6406247019767761,7,1954
4300,17,9,2,True,10531,1,False,True,True,True,0.0,0.0,0.7400000095367432,9,9382
4300,18,11,0,True,10531,1,False,,,,,,0.7927168607711792,11,8060
4300,19,7,4,True,10531,1,False,False,False,False,0.4898979365825653,3.0,0.6219324469566345,10,6271
4300,20,4,7,True,10531,1,False,False,False,False,0.3464101552963257,3.0,0.41182518005371094,7,4144
4300,21,3,8,False,1620,13,True,True,True,True,0.0,0.0,0.034641001373529434,3,5392
4300,22,7,4,True,10531,1,False,False,False,False,0.44721361994743347,2.0,0.6283311247825623,9,8060
4300,23,6,5,True,10531,1,False,False,False,False,0.2828427255153656,2.0,0.5238320231437683,8,8060
4300,24,5,6,True,10531,1,False,True,True,True,0.0,0.0,0.3130495250225067,5,6593
4300,25,9,2,True,10531,1,False,False,False,False,0.40000003576278687,1.0,0.6352952122688293,10,8060
4300,26,4,7,True,10531,1,False,False,False,False,0.2828426957130432,2.0,0.4749736487865448,6,2177
4300,27,2,9,True,10531,1,False,False,False,False,0.44721361994743347,5.0,0.5447935461997986,7,7267
4300,28,11,0,True,10531,1,False,,,,,,0.7927168607711792,11,8060
4300,29,10,1,True,10531,1,False,True,True,True,0.0,0.0,0.7402702569961548,10,9382
4300,30,8,3,True,10531,1,False,False,False,False,0.19999998807907104,1.0,0.7868925929069519,9,10041
4300,31,8,3,True,10531,1,False,False,False,False,0.20000001788139343,1.0,0.7868925929069519,9,8060
10127,0,8,3,True,10531,1,False,False,False,False,0.4000000059604645,1.0,0.7288347482681274,9,1969
10127,1,5,6,True,10531,1,False,False,False,False,0.20000001788139343,1.0,0.6016644239425659,6,1969
10127,2,4,7,True,10531,1,False,False,False,False,0.3464101552963257,3.0,0.5878775715827942,7,1960
10127,3,7,4,True,10531,1,False,False,False,False,0.2828426957130432,2.0,0.634665310382843,9,1969
10127,4,8,3,True,10531,1,False,False,False,False,0.5656854510307312,2.0,0.7177743315696716,10,8060
10127,5,1,10,False,2992,59,True,True,True,True,0.0,0.0,0.019999995827674866,1,6854
10127,6,6,5,True,10531,2,False,False,False,False,0.2828426957130432,2.0,0.634350061416626,8,8940
10127,7,2,9,False,22,1,True,False,False,False,0.5999999642372131,6.0,0.6006662845611572,8,2244
10127,8,2,9,True,10531,1,False,False,False,False,0.3464101552963257,3.0,0.5871967077255249,5,1960
10127,9,8,3,True,10531,1,False,False,False,False,0.4000000059604645,1.0,0.6951258778572083,9,3329
10127,10,5,6,True,10531,2,False,False,False,False,0.4472135603427887,5.0,0.6884765625,10,8008
10127,11,3,8,True,10531,2,False,False,False,False,0.20000001788139343,1.0,0.3704051971435547,4,5953
10127,12,4,7,True,10531,1,False,False,False,False,0.3999999761581421,4.0,0.5528109669685364,8,2669
10127,13,8,3,True,10531,1,False,False,False,False,0.6928203105926514,3.0,0.7919596433639526,11,8060
10127,14,7,4,True,10531,1,False,False,False,False,0.2828427255153656,2.0,0.634665310382843,9,5808
10127,15,9,2,True,10531,1,False,False,False,False,0.20000001788139343,1.0,0.6779380440711975,10,7204
10127,16,4,7,True,10531,1,False,False,False,False,0.3464101552963257,3.0,0.5153639316558838,7,9295
10127,17,1,10,False,10495,92,True,True,True,True,0.0,0.0,0.019999980926513672,1,5869
10127,18,4,7,True,10531,2,False,False,False,False,0.2828426957130432,2.0,0.35999998450279236,6,2133
10127,19,6,5,True,10531,1,False,False,False,False,0.4472135603427887,5.0,0.5885575413703918,11,4853
10127,20,5,6,True,10531,1,False,False,False,False,0.19999998807907104,1.0,0.6403124332427979,6,8940
10127,21,7,4,True,10531,1,False,False,False,False,0.4898979663848877,3.0,0.6219325065612793,10,10041
10127,22,1,10,False,1,1,True,False,False,False,1.1832159757614136,10.0,1.183384895324707,11,53
10127,23,8,3,True,10531,1,False,True,True,True,0.0,0.0,0.7714921236038208,8,1969
10127,24,1,10,False,53,1,True,False,False,False,0.5291502475738525,4.0,0.5295280814170837,5,10054
10127,25,9,2,True,10531,1,False,False,False,False,0.4000000059604645,1.0,0.8411896824836731,10,1969
10127,26,10,1,True,10531,1,False,True,True,True,0.0,0.0,0.7924644947052002,10,8060
10127,27,9,2,True,10531,1,False,True,True,True,0.0,0.0,0.7717512845993042,9,1969
10127,28,7,4,True,10531,1,False,False,False,False,0.2828426957130432,2.0,0.6714164018630981,9,5293
10127,29,10,1,True,10531,2,False,False,False,False,0.19999998807907104,1.0,0.7668116688728333,11,9382
10127,30,2,9,False,1,1,True,False,False,False,1.0198038816452026,9.0,1.0201959609985352,11,53
10127,31,4,7,False,1,1,True,False,False,False,0.2828426957130432,2.0,0.28565713763237,6,6335
3838,0,7,4,True,10531,1,False,False,False,False,0.2828426957130432,2.0,0.634665310382843,9,9382
3838,1,3,8,True,10531,2,False,False,False,False,0.20000001788139343,1.0,0.5149757862091064,4,9119
3838,2,2,9,False,2932,1,True,True,True,True,0.0,0.0,0.028284255415201187,2,3838
3838,3,3,8,False,2,1,True,False,False,False,0.9380831718444824,5.0,0.938722550868988,8,6271
3838,4,9,2,True,10531,1,False,True,True,True,0.0,0.0,0.7400000095367432,9,3329
3838,5,4,7,False,2,2,True,False,False,False,0.6000000238418579,3.0,0.601331889629364,7,4152
3838,6,7,4,True,10531,1,False,False,False,False,0.20000001788139343,1.0,0.6023288369178772,8,3329
3838,7,10,1,True,10531,1,False,True,True,True,0.0,0.0,0.7924644947052002,10,8060
3838,8,5,6,True,10531,2,False,True,True,True,0.0,0.0,0.5234501361846924,5,2153
3838,9,5,6,True,10531,1,False,True,True,True,0.0,0.0,0.382099449634552,5,3838
3838,10,9,2,True,10531,1,False,False,False,False,0.4000000059604645,1.0,0.5963220596313477,10,8060
3838,11,2,9,False,4,1,True,False,False,False,0.7211102247238159,4.0,0.7216647267341614,6,6271
3838,12,5,6,True,10531,1,False,False,False,False,0.3464101552963257,3.0,0.5882176756858826,8,9382
3838,13,9,2,True,10531,1,False,False,False,False,0.3999999761581421,1.0,0.6352952122688293,10,4075
3838,14,1,10,False,26,2,True,False,False,False,0.6000000238418579,3.0,0.6003332734107971,4,4152
3838,15,6,5,True,10531,1,False,False,False,False,0.2828426957130432,2.0,0.5953150987625122,8,9382
3838,16,10,1,True,10531,1,False,True,True,True,0.0,0.0,0.761577308177948,10,8060
3838,17,8,3,True,10531,1,False,False,False,False,0.2828426957130432,2.0,0.634980320930481,10,9382
3838,18,10,1,True,10531,1,False,True,True,True,0.0,0.0,0.7924644947052002,10,8060
3838,19,4,7,True,10531,2,False,False,False,False,0.19999998807907104,1.0,0.5600000023841858,5,7204
3838,20,4,7,True,10531,1,False,False,False,False,0.2828426957130432,2.0,0.4749736487865448,6,7204
3838,21,4,7,True,10531,1,False,False,False,False,0.2828426957130432,2.0,0.4749736785888672,6,10496
3838,22,6,5,True,10531,1,False,False,False,False,0.19999998807907104,1.0,0.6406247019767761,7,5808
3838,23,1,10,False,10446,1,True,True,True,True,0.0,0.0,0.019999980926513672,1,3838
3838,24,11,0,True,10531,1,False,,,,,,0.7927168607711792,11,8060
3838,25,8,3,True,10531,1,False,False,False,False,0.2828426957130432,2.0,0.7288347482681274,10,8997
3838,26,6,5,True,10531,1,False,False,False,False,0.2828426957130432,2.0,0.5535340905189514,8,8997
3838,27,7,4,True,10531,1,False,False,False,False,0.2828426957130432,2.0,0.5956509709358215,9,9382
3838,28,2,9,False,4,1,True,False,False,False,0.7211102247238159,4.0,0.7216647267341614,6,6271
3838,29,8,3,True,10531,1,False,False,False,False,0.19999998807907104,1.0,0.7343024611473083,9,9382
3838,30,3,8,False,245,1,True,False,False,False,0.3464101552963257,3.0,0.34813788533210754,6,9536
3838,31,5,6,True,10531,1,False,False,False,False,0.4000000059604645,1.0,0.5531726479530334,6,8060
7797,0,9,2,True,10531,1,False,True,True,True,0.0,0.0,0.7400000095367432,9,3329
7797,1,11,0,True,10531,1,False,,,,,,0.7927168607711792,11,8060
7797,2,10,1,True,10531,2,False,True,True,True,0.0,0.0,0.7402702569961548,10,3329
7797,3,7,4,True,10531,1,False,False,False,False,0.3464101552963257,3.0,0.7005712389945984,10,1969
7797,4,4,7,True,10531,1,False,False,False,False,0.4898979663848877,3.0,0.6209669709205627,7,9896
7797,5,4,7,True,10531,5,False,False,False,False,0.3464101552963257,3.0,0.5153639316558838,7,5069
7797,6,3,8,False,7,1,True,False,False,False,0.8944271802902222,4.0,0.8950977921485901,7,8865
7797,7,9,2,True,10531,1,False,False,False,False,0.20000001788139343,1.0,0.7871467471122742,10,8060
7797,8,7,4,True,10531,1,False,False,False,False,0.3464101552963257,3.0,0.7005712389945984,10,1969
7797,9,2,9,False,10445,17,True,True,True,True,0.0,0.0,0.028284244239330292,2,7797
7797,10,10,1,True,10531,2,False,False,False,False,0.19999998807907104,1.0,0.7668116688728333,11,9382
7797,11,11,0,True,10531,1,False,,,,,,0.7927168607711792,11,8060
7797,12,2,9,False,1,1,True,False,False,False,1.2000000476837158,7.0,1.2003332376480103,9,53
7797,13,8,3,True,10531,1,False,False,False,False,0.4472135901451111,2.0,0.6657326817512512,10,4853
7797,14,5,6,True,10531,1,False,False,False,False,0.4898979663848877,3.0,0.6587867736816406,8,4853
7797,15,4,7,False,1,1,True,False,False,False,1.1313707828521729,6.0,1.132077693939209,10,53
7797,16,7,4,True,10531,2,False,False,False,False,0.4472135901451111,2.0,0.8359426259994507,9,9382
7797,17,9,2,True,10531,1,False,True,True,True,0.0,0.0,0.5399999618530273,9,4075
7797,18,8,3,True,10531,2,False,True,True,True,0.0,0.0,0.7397297024726868,8,9382
7797,19,9,2,True,10531,1,False,False,False,False,0.19999998807907104,1.0,0.5758471488952637,10,4853
7797,20,3,8,True,10531,4,False,True,True,True,0.0,0.0,0.2218107283115387,3,5655
7797,21,10,1,True,10531,1,False,True,True,True,0.0,0.0,0.7402702569961548,10,3329
7797,22,5,6,True,10531,1,False,True,True,True,0.0,0.0,0.6340347528457642,5,9557
7797,23,10,1,True,10531,1,False,True,True,True,0.0,0.0,0.7924644947052002,10,8060
7797,24,7,4,True,10531,1,False,False,False,False,0.3464101552963257,3.0,0.5610703825950623,10,4853
7797,25,2,9,False,1,1,True,False,False,False,0.7483315467834473,5.0,0.7488658428192139,7,26
7797,26,10,1,True,10531,1,False,False,False,False,0.19999998807907104,1.0,0.846167802810669,11,4853
7797,27,11,0,True,10531,1,False,,,,,,0.7927168607711792,11,8060
7797,28,8,3,True,10531,1,False,False,False,False,0.2828426957130432,2.0,0.5685067772865295,10,4853
7797,29,1,10,False,10495,17,True,True,True,True,0.0,0.0,0.019999980926513672,1,3490
7797,30,10,1,True,10531,1,False,False,False,False,0.19999998807907104,1.0,0.846167802810669,11,4853
7797,31,8,3,True,10531,1,False,False,False,False,0.2828426957130432,2.0,0.7610519528388977,10,3329
9659,0,9,2,True,10531,2,False,False,False,False,0.4000000059604645,1.0,0.8121576905250549,10,9382
9659,1,6,5,True,10531,1,False,False,False,False,0.4898979663848877,3.0,0.7499333620071411,9,1969
9659,2,6,5,True,10531,1,False,False,False,False,0.3464101552963257,3.0,0.5161395072937012,9,8997
9659,3,11,0,True,10531,1,False,,,,,,0.7927168607711792,11,8060
9659,4,7,4,True,10531,4,False,True,True,True,0.0,0.0,0.5242137312889099,7,4147
9659,5,11,0,True,10531,1,False,,,,,,0.7927168607711792,11,8060
9659,6,3,8,True,10531,4,False,True,True,True,0.0,0.0,0.4745524227619171,3,2230
9659,7,11,0,True,10531,1,False,,,,,,0.7927168607711792,11,8060
9659,8,9,2,True,10531,1,False,False,False,False,0.19999998807907104,1.0,0.6779381036758423,10,1969
9659,9,2,9,False,1,1,True,False,False,False,1.4696937799453735,9.0,1.469965934753418,11,53
9659,10,4,7,True,10531,1,False,True,True,True,0.0,0.0,0.31240999698638916,4,7379
9659,11,2,9,False,2,1,True,False,False,False,1.1135529279708862,6.0,1.1139119863510132,8,26
9659,12,2,9,False,2,1,True,False,False,False,0.7745966911315918,7.0,0.7751129865646362,9,8997
9659,13,10,1,True,10531,1,False,False,False,False,0.20000001788139343,1.0,0.7668116092681885,11,3329
9659,14,7,4,True,10531,1,False,False,False,False,0.2828426957130432,2.0,0.634665310382843,9,9382
9659,15,9,2,True,10531,1,False,True,True,True,0.0,0.0,0.7922121286392212,9,8060
9659,16,10,1,True,10531,1,False,True,True,True,0.0,0.0,0.7924644947052002,10,8060
9659,17,1,10,False,1620,4,True,True,True,True,0.0,0.0,0.02000001072883606,1,9659
9659,18,1,10,False,2992,4,True,True,True,True,0.0,0.0,0.019999995827674866,1,9659
9659,19,2,9,False,4,1,True,False,False,False,0.8485281467437744,7.0,0.8489995002746582,9,4853
9659,20,6,5,True,10531,1,False,False,False,False,0.4472135901451111,2.0,0.7552483677864075,8,1969
9659,21,1,10,False,3,1,True,False,False,False,0.7745966911315918,7.0,0.7748548984527588,8,8997
9659,22,11,0,True,10531,1,False,,,,,,0.7927168607711792,11,8060
9659,23,6,5,True,10531,1,False,False,False,False,0.4472135901451111,2.0,0.7552483677864075,8,1969
9659,24,9,2,True,10531,1,False,False,False,False,0.20000001788139343,1.0,0.4853864312171936,10,8060
9659,25,8,3,True,10531,1,False,False,False,False,0.19999998807907104,1.0,0.6026607751846313,9,9382
9659,26,4,7,True,10531,1,False,False,False,False,0.4472135901451111,5.0,0.499599814414978,9,8997
9659,27,5,6,True,10531,4,False,True,True,True,0.0,0.0,0.4753945767879486,5,9656
9659,28,9,2,True,10531,1,False,True,True,True,0.0,0.0,0.7400000095367432,9,9382
9659,29,6,5,True,10531,1,False,False,False,False,0.3464101552963257,3.0,0.5161395072937012,9,1969
9659,30,11,0,True,10531,1,False,,,,,,0.7927168607711792,11,8060
9659,31,7,4,True,10531,1,False,False,False,False,0.20000001788139343,1.0,0.73403000831604,8,1969
7152,0,1,10,False,10495,2,True,True,True,True,0.0,0.0,0.019999980926513672,1,7152
7152,1,7,4,True,10531,1,False,True,True,True,0.0,0.0,0.728560209274292,7,8060
7152,2,6,5,True,10531,1,False,False,False,False,0.20000001788139343,1.0,0.6019967198371887,7,1969
7152,3,2,9,True,10531,1,False,False,False,False,0.2828426957130432,2.0,0.5067543983459473,4,423
7152,4,2,9,False,540,2,True,False,False,False,0.5656853914260864,5.0,0.5663921236991882,7,8119
7152,5,11,0,True,10531,1,False,,,,,,0.7927168607711792,11,8060
7152,6,6,5,True,10531,1,False,False,False,False,0.4000000059604645,1.0,0.5535340905189514,7,8060
7152,7,4,7,True,10531,4,False,True,True,True,0.0,0.0,0.5230678915977478,4,6011
7152,8,11,0,True,10531,1,False,,,,,,0.7927168607711792,11,8060
7152,9,3,8,True,10531,4,False,False,False,False,0.20000001788139343,1.0,0.5149757266044617,4,4147
7152,10,8,3,True,10531,1,False,False,False,False,0.19999998807907104,1.0,0.6026607751846313,9,3329
7152,11,10,1,True,10531,1,False,True,True,True,0.0,0.0,0.7924644947052002,10,8060
7152,12,6,5,True,10531,1,False,False,False,False,0.4000000059604645,1.0,0.5535340905189514,7,8060
7152,13,7,4,True,10531,1,False,True,True,True,0.0,0.0,0.44136151671409607,7,8060
7152,14,11,0,True,10531,1,False,,,,,,0.7927168607711792,11,8060
7152,15,1,10,False,1620,2,True,True,True,True,0.0,0.0,0.02000001072883606,1,8118
7152,16,9,2,True,10531,1,False,True,True,True,0.0,0.0,0.7400000095367432,9,3329
7152,17,9,2,True,10531,2,False,False,False,False,0.20000001788139343,1.0,0.7665507793426514,10,1969
7152,18,9,2,True,10531,1,False,False,False,False,0.2828426957130432,2.0,0.6720119118690491,11,9382
7152,19,5,6,True,10531,1,False,False,False,False,0.40000003576278687,1.0,0.5531727075576782,6,8060
7152,20,3,8,True,10531,1,False,False,False,False,0.2828427255153656,2.0,0.552449107170105,5,1969
7152,21,10,1,True,10531,2,False,False,False,False,0.19999998807907104,1.0,0.7668116092681885,11,3329
7152,22,5,6,True,10531,1,False,False,False,False,0.20000001788139343,1.0,0.43127718567848206,6,8060
7152,23,5,6,True,10531,2,False,False,False,False,0.2828426957130432,2.0,0.4753945469856262,7,7204
7152,24,11,0,True,10531,1,False,,,,,,0.7927168607711792,11,8060
7152,25,1,10,False,1620,2,True,True,True,True,0.0,0.0,0.02000001072883606,1,7152
7152,26,4,7,True,10531,2,False,True,True,True,0.0,0.0,0.22271056473255157,4,8118
7152,27,2,9,False,10445,2,True,True,True,True,0.0,0.0,0.028284244239330292,2,7152
7152,28,9,2,True,10531,1,False,False,False,False,0.4000000059604645,1.0,0.5963220596313477,10,8060
7152,29,6,5,True,10531,11,False,False,False,False,0.19999998807907104,1.0,0.5607138276100159,7,2966
7152,30,7,4,True,10531,1,False,False,False,False,0.20000001788139343,1.0,0.43220365047454834,8,8060
7152,31,3,8,False,7,2,True,False,False,False,0.632455587387085,2.0,0.6334035396575928,5,8865
7785,0,6,5,True,10531,1,False,False,False,False,0.20000000298023224,1.0,0.4841487407684326,7,10041
7785,1,9,2,True,10531,1,False,False,False,False,0.3999999761581421,1.0,0.5963220596313477,10,6271
7785,2,10,1,True,10531,1,False,False,False,False,0.3999999761581421,1.0,0.6723094582557678,11,4075
7785,3,5,6,True,10531,1,False,True,True,True,0.0,0.0,0.5674504637718201,5,1969
7785,4,9,2,True,10531,1,False,True,True,True,0.0,0.0,0.6477653980255127,9,1969
7785,5,5,6,True,10531,2,False,False,False,False,0.19999998807907104,1.0,0.48373547196388245,6,3294
7785,6,6,5,True,10531,1,False,False,False,False,0.3464101552963257,3.0,0.7552483677864075,9,6874
7785,7,2,9,False,23,1,True,False,False,False,0.8717797994613647,7.0,0.8722385168075562,9,7950
7785,8,9,2,True,10531,1,False,True,True,True,0.0,0.0,0.7613146305084229,9,8060
7785,9,3,8,True,10531,4,False,False,False,False,0.4472135901451111,2.0,0.49919936060905457,5,35
7785,10,6,5,True,10531,1,False,False,False,False,0.20000001788139343,1.0,0.4317406713962555,7,8060
7785,11,6,5,True,10531,1,False,False,False,False,0.2828427255153656,2.0,0.5238320231437683,8,8060
7785,12,10,1,True,10531,1,False,True,True,True,0.0,0.0,0.4939635396003723,10,8060
7785,13,11,0,True,10531,1,False,,,,,,0.7927168607711792,11,8060
7785,14,4,7,False,1,1,True,False,False,False,1.039230465888977,7.0,1.0399999618530273,11,26
7785,15,9,2,True,10531,1,False,False,False,False,0.4000000059604645,1.0,0.8316249251365662,10,6271
7785,16,1,10,False,23,1,True,False,False,False,1.058300495147705,8.0,1.058489441871643,9,7950
7785,17,10,1,True,10531,1,False,False,False,False,0.19999998807907104,1.0,0.846167802810669,11,4853
7785,18,2,9,False,1,1,True,False,False,False,1.095445156097412,8.0,1.0958101749420166,10,8997
7785,19,7,4,True,10531,2,False,False,False,False,0.19999998807907104,1.0,0.6409368515014648,8,9382
7785,20,6,5,True,10531,1,False,False,False,False,0.2828426957130432,2.0,0.7605261206626892,8,2669
7785,21,2,9,False,1,1,True,False,False,False,1.3711309432983398,9.0,1.371422529220581,11,53
7785,22,7,4,True,10531,1,False,False,False,False,0.2828426957130432,2.0,0.7607890963554382,9,5293
7785,23,5,6,True,10531,1,False,True,True,True,0.0,0.0,0.5674504637718201,5,9208
7785,24,11,0,True,10531,1,False,,,,,,0.7927168607711792,11,8060
7785,25,9,2,True,10531,1,False,False,False,False,0.20000001788139343,1.0,0.6415606141090393,10,9382
7785,26,2,9,False,1,1,True,False,False,False,1.095445156097412,8.0,1.0958101749420166,10,8997
7785,27,1,10,False,10446,68,True,True,True,True,0.0,0.0,0.019999980926513672,1,3173
7785,28,2,9,False,1620,117,True,True,True,True,0.0,0.0,0.028284266591072083,2,6816
7785,29,5,6,False,1,1,True,False,False,False,0.8944271802902222,6.0,0.8955445289611816,11,53
7785,30,4,7,True,10531,4,False,False,False,False,0.2828426957130432,2.0,0.6584831476211548,6,7361
7785,31,1,10,False,5,1,True,False,False,False,1.095445156097412,8.0,1.0956276655197144,9,8997
1616,0,6,5,True,10531,1,False,False,False,False,0.19999998807907104,1.0,0.7002857327461243,7,5839
1616,1,3,8,True,10531,2,False,False,False,False,0.19999998807907104,1.0,0.3704051673412323,4,5269
1616,2,8,3,True,10531,1,False,False,False,False,0.19999998807907104,1.0,0.8456950187683105,9,6874
1616,3,3,8,False,25,3,True,False,False,False,0.4472135901451111,2.0,0.4485532343387604,5,722
1616,4,11,0,True,10531,1,False,,,,,,0.7927168607711792,11,8060
1616,5,6,5,True,10531,1,False,False,False,False,0.19999998807907104,1.0,0.733757495880127,7,9961
1616,6,10,1,True,10531,1,False,True,True,True,0.0,0.0,0.7924644947052002,10,8060
1616,7,6,5,True,10531,1,False,False,False,False,0.4898979663848877,3.0,0.5817216038703918,9,6271
1616,8,1,10,False,5,1,True,False,False,False,1.039230465888977,8.0,1.039422869682312,9,8997
1616,9,10,1,True,10531,2,False,False,False,False,0.19999998807907104,1.0,0.7668116092681885,11,3329
1616,10,4,7,False,2,2,True,False,False,False,0.5999999642372131,6.0,0.6013318300247192,10,7520
1616,11,8,3,True,10531,1,False,False,False,False,0.44721361994743347,2.0,0.5892367959022522,10,8060
1616,12,11,0,True,10531,1,False,,,,,,0.7927168607711792,11,8060
1616,13,11,0,True,10531,1,False,,,,,,0.7927168607711792,11,8060
1616,14,4,7,True,10531,2,False,False,False,False,0.2828426957130432,2.0,0.6939740777015686,6,5409
1616,15,2,9,True,10531,1,False,False,False,False,0.4000000059604645,4.0,0.6203225255012512,6,7206
1616,16,5,6,True,10531,2,False,False,False,False,0.2828426957130432,2.0,0.5234500765800476,7,1957
1616,17,5,6,True,10531,1,False,False,False,False,0.2828426957130432,2.0,0.5234501361846924,7,9700
1616,18,7,4,True,10531,1,False,False,False,False,0.4472135901451111,2.0,0.5888972878456116,9,6271
1616,19,1,10,False,3,1,True,False,False,False,0.9380831718444824,8.0,0.938296377658844,9,8997
1616,20,11,0,True,10531,1,False,,,,,,0.7927168607711792,11,8060
1616,21,4,7,True,10531,1,False,False,False,False,0.19999998807907104,1.0,0.6997142434120178,5,9688
1616,22,5,6,True,10531,1,False,False,False,False,0.2828426957130432,2.0,0.6587867736816406,7,423
1616,23,5,6,True,10531,1,False,False,False,False,0.2828426957130432,2.0,0.6708203554153442,7,9950
1616,24,7,4,True,10531,7,False,False,False,False,0.19999998807907104,1.0,0.561070442199707,8,3068
1616,25,11,0,True,10531,1,False,,,,,,0.7927168607711792,11,8060
1616,26,11,0,True,10531,1,False,,,,,,0.7927168607711792,11,8060
1616,27,7,4,True,10531,1,False,False,False,False,0.2828426957130432,2.0,0.634665310382843,9,5290
1616,28,9,2,True,10531,1,False,False,False,False,0.4472135901451111,2.0,0.6660330295562744,11,4075
1616,29,1,10,False,53,3,True,False,False,False,0.4472135901451111,2.0,0.4476605951786041,3,370
1616,30,7,4,True,10531,1,False,False,False,False,0.4000000059604645,1.0,0.8595348000526428,8,2163
1616,31,10,1,True,10531,1,False,True,True,True,0.0,0.0,0.761577308177948,10,6271
5725,0,8,3,True,10531,1,False,False,False,False,0.2828426957130432,2.0,0.8409518599510193,10,4853
5725,1,9,2,True,10531,2,False,True,True,True,0.0,0.0,0.7400000095367432,9,3329
5725,2,10,1,True,10531,1,False,False,False,False,0.19999998807907104,1.0,0.5761944055557251,11,4075
5725,3,9,2,True,10531,1,False,False,False,False,0.20000001788139343,1.0,0.7665507793426514,10,1969
5725,4,7,4,True,10531,1,False,False,False,False,0.3464101552963257,3.0,0.5610703825950623,10,4782
5725,5,9,2,True,10531,2,False,False,False,False,0.19999998807907104,1.0,0.7665507793426514,10,9382
5725,6,10,1,True,10531,1,False,True,True,True,0.0,0.0,0.7720103859901428,10,1969
5725,7,4,7,True,10531,2,False,False,False,False,0.4000000059604645,4.0,0.5528109669685364,8,8050
5725,8,1,10,False,3,1,True,False,False,False,0.8717797994613647,8.0,0.8720092177391052,9,8997
5725,9,3,8,True,10531,1,False,False,False,False,0.3999999761581421,4.0,0.6581792831420898,7,6874
5725,10,8,3,True,10531,1,False,False,False,False,0.2828426957130432,2.0,0.4766550064086914,10,6271
5725,11,8,3,True,10531,1,False,True,True,True,0.0,0.0,0.6092618703842163,8,9382
5725,12,11,0,True,10531,1,False,,,,,,0.7927168607711792,11,8060
5725,13,2,9,False,2,1,True,False,False,False,0.6928203105926514,6.0,0.6933974623680115,8,6271
5725,14,10,1,True,10531,1,False,False,False,False,0.4000000059604645,1.0,0.6356099247932434,11,8060
5725,15,8,3,True,10531,1,False,False,False,False,0.2828426957130432,2.0,0.7065408825874329,10,7204
5725,16,10,1,True,10531,2,False,False,False,False,0.19999998807907104,1.0,0.7668116092681885,11,3329
5725,17,9,2,True,10531,1,False,True,True,True,0.0,0.0,0.7400000691413879,9,9382
5725,18,1,10,False,26,1,True,False,False,False,0.4898979365825653,3.0,0.49030601978302,4,4152
5725,19,3,8,True,10531,1,False,False,False,False,0.20000001788139343,1.0,0.4303487241268158,4,6436
5725,20,7,4,True,10531,2,False,False,False,False,0.19999998807907104,1.0,0.6023288369178772,8,3329
5725,21,4,7,False,1,1,True,False,False,False,0.4472135901451111,2.0,0.44899889826774597,6,9647
5725,22,2,9,False,1,1,True,False,False,False,1.3564659357070923,9.0,1.356760859489441,11,53
5725,23,3,8,False,1,1,True,False,False,False,0.6633249521255493,5.0,0.6642289161682129,8,6271
5725,24,8,3,True,10531,2,False,True,True,True,0.0,0.0,0.7397297620773315,8,9382
5725,25,4,7,True,10531,1,False,False,False,False,0.5291502475738525,4.0,0.6144917011260986,8,6047
5725,26,7,4,True,10531,6,False,True,True,True,0.0,0.0,0.5681549310684204,7,7892
5725,27,4,7,True,10531,1,False,False,False,False,0.20000001788139343,1.0,0.2993325889110565,5,678
5725,28,3,8,True,10531,4,False,False,False,False,0.4000000059604645,4.0,0.6206448674201965,7,5409
5725,29,3,8,True,10531,4,False,False,False,False,0.19999998807907104,1.0,0.2986636757850647,4,845
5725,30,7,4,True,10531,1,False,False,False,False,0.2828426957130432,2.0,0.6714164018630981,9,3329
5725,31,11,0,True,10531,1,False,,,,,,0.7927168607711792,11,8060
458,0,5,6,True,10531,3,False,False,False,False,0.20000001788139343,1.0,0.5603570938110352,6,4149
458,1,7,4,True,10531,1,False,False,False,False,0.2828426957130432,2.0,0.5242136716842651,9,9382
458,2,5,6,True,10531,2,False,False,False,False,0.20000001788139343,1.0,0.43127718567848206,6,483
458,3,2,9,False,2,1,True,False,False,False,0.8944272398948669,8.0,0.8948743343353271,10,8997
458,4,10,1,True,10531,1,False,True,True,True,0.0,0.0,0.7924644947052002,10,8060
458,5,9,2,True,10531,2,False,False,False,False,0.19999998807907104,1.0,0.7665507793426514,10,9382
458,6,11,0,True,10531,1,False,,,,,,0.7927168607711792,11,8060
458,7,7,4,True,10531,1,False,False,False,False,0.2828427255153656,2.0,0.7815369367599487,9,8060
458,8,4,7,True,10531,3,False,False,False,False,0.20000001788139343,1.0,0.3709447383880615,5,4149
458,9,1,10,False,23,1,True,False,False,False,0.7745966911315918,6.0,0.774854838848114,7,7950
458,10,6,5,True,10531,1,False,False,False,False,0.2828426957130432,2.0,0.4758150577545166,8,7285
458,11,8,3,True,10531,1,False,False,False,False,0.20000001788139343,1.0,0.484974205493927,9,4075
458,12,7,4,True,10531,2,False,False,False,False,0.19999998807907104,1.0,0.48456165194511414,8,7171
458,13,2,9,False,1,1,True,False,False,False,1.3856406211853027,8.0,1.3859292268753052,10,53
458,14,2,9,True,10531,1,False,True,True,True,0.0,0.0,0.22090721130371094,2,3145
458,15,10,1,True,10531,1,False,False,False,False,0.20000001788139343,1.0,0.7874007821083069,11,8060
458,16,1,10,False,26,1,True,False,False,False,0.6324555277824402,4.0,0.6327716708183289,5,4152
458,17,2,9,False,2,1,True,False,False,False,0.8944272398948669,8.0,0.8948743343353271,10,8997
458,18,1,10,False,23,1,True,False,False,False,0.7745966911315918,6.0,0.774854838848114,7,7950
458,19,4,7,True,10531,1,False,False,False,False,0.44721361994743347,2.0,0.5455272793769836,6,6271
458,20,10,1,True,10531,1,False,True,True,True,0.0,0.0,0.5403702259063721,10,4075
458,21,7,4,True,10531,1,False,True,True,True,0.0,0.0,0.38314488530158997,7,6271
458,22,7,4,True,10531,1,False,False,False,False,0.20000001788139343,1.0,0.7230491042137146,8,6271
458,23,5,6,True,10531,1,False,False,False,False,0.2828426957130432,2.0,0.4753945767879486,7,7285
458,24,2,9,False,22,1,True,False,False,False,0.6324555277824402,4.0,0.6330876350402832,6,1162
458,25,10,1,True,10531,2,False,True,True,True,0.0,0.0,0.7402702569961548,10,3329
458,26,5,6,True,10531,1,False,False,False,False,0.2828426957130432,2.0,0.5949790477752686,7,3329
458,27,9,2,True,10531,1,False,True,True,True,0.0,0.0,0.7291090488433838,9,6271
458,28,1,10,False,26,1,True,False,False,False,0.6324555277824402,4.0,0.6327716708183289,5,4152
458,29,7,4,True,10531,1,False,False,False,False,0.20000001788139343,1.0,0.48456165194511414,8,8060
458,30,2,9,False,2,1,True,False,False,False,0.8485282063484192,6.0,0.8489995002746582,8,26
458,31,1,10,False,1,1,True,False,False,False,1.5099669694900513,9.0,1.5100994110107422,10,53
5215,0,8,3,True,10531,1,False,False,False,False,0.2828427255153656,2.0,0.7610518932342529,10,3329
5215,1,11,0,True,10531,1,False,,,,,,0.7927168607711792,11,8060
5215,2,2,9,False,2,1,True,False,False,False,0.6928203105926514,6.0,0.6933974623680115,8,8997
5215,3,7,4,True,10531,1,False,False,False,False,0.20000001788139343,1.0,0.5317894220352173,8,4075
5215,4,9,2,True,10531,1,False,True,True,True,0.0,0.0,0.7068239450454712,9,8997
5215,5,6,5,True,10531,1,False,False,False,False,0.2828427255153656,2.0,0.475815087556839,8,8060
5215,6,10,1,True,10531,1,False,True,True,True,0.0,0.0,0.5403702259063721,10,4075
5215,7,7,4,True,10531,1,False,False,False,False,0.20000000298023224,1.0,0.73403000831604,8,8050
5215,8,10,1,True,10531,2,False,True,True,True,0.0,0.0,0.7402702569961548,10,9382
5215,9,9,2,True,10531,1,False,False,False,False,0.2828427255153656,2.0,0.7613146901130676,11,3329
5215,10,7,4,True,10531,1,False,False,False,False,0.2828427255153656,2.0,0.5242136716842651,9,8060
5215,11,1,10,False,53,1,True,False,False,False,0.5291503071784973,4.0,0.5295281410217285,5,7285
5215,12,6,5,True,10531,1,False,False,False,False,0.2828426957130432,2.0,0.475815087556839,8,10496
5215,13,1,10,False,23,1,True,False,False,False,0.5291502475738525,4.0,0.5295280814170837,5,7950
5215,14,9,2,True,10531,1,False,False,False,False,0.20000001788139343,1.0,0.7871467471122742,10,8060
5215,15,9,2,True,10531,2,False,False,False,False,0.19999998807907104,1.0,0.7665507793426514,10,3329
5215,16,7,4,True,10531,1,False,False,False,False,0.19999998807907104,1.0,0.48456165194511414,8,8256
5215,17,7,4,True,10531,1,False,False,False,False,0.2828426957130432,2.0,0.5242136716842651,9,9896
5215,18,11,0,True,10531,1,False,,,,,,0.7927168607711792,11,8060
5215,19,9,2,True,10531,1,False,True,True,True,0.0,0.0,0.49355846643447876,9,8060
5215,20,3,8,True,10531,1,False,False,False,False,0.19999998807907104,1.0,0.4303486943244934,4,8256
5215,21,1,10,False,2992,4,True,True,True,True,0.0,0.0,0.019999995827674866,1,4739
5215,22,10,1,True,10531,1,False,True,True,True,0.0,0.0,0.7924644947052002,10,8060
5215,23,8,3,True,10531,1,False,False,False,False,0.20000001788139343,1.0,0.484974205493927,9,8060
5215,24,8,3,True,10531,2,False,False,False,False,0.2828426957130432,2.0,0.634980320930481,10,3329
5215,25,8,3,True,10531,1,False,False,False,False,0.2828427255153656,2.0,0.7610518932342529,10,3329
5215,26,6,5,True,10531,1,False,True,True,True,0.0,0.0,0.5238320827484131,6,10091
5215,27,4,7,True,10531,2,False,False,False,False,0.19999998807907104,1.0,0.3709447383880615,5,4158
5215,28,4,7,True,10531,1,False,False,False,False,0.3464101552963257,3.0,0.4664761424064636,7,9382
5215,29,5,6,True,10531,1,False,False,False,False,0.44721361994743347,2.0,0.5882176756858826,7,8060
5215,30,2,9,False,2932,4,True,True,True,True,0.0,0.0,0.028284255415201187,2,2918
5215,31,10,1,True,10531,1,False,True,True,True,0.0,0.0,0.5403702259063721,10,4075
4890,0,7,4,True,10531,1,False,False,False,False,0.20000001788139343,1.0,0.43220365047454834,8,8060
4890,1,7,4,True,10531,1,False,False,False,False,0.20000001788139343,1.0,0.755513072013855,8,8060
4890,2,3,8,True,10531,1,False,False,False,False,0.20000001788139343,1.0,0.5596427321434021,4,1957
4890,3,6,5,True,10531,1,False,True,True,True,0.0,0.0,0.44090813398361206,6,7267
4890,4,9,2,True,10531,2,False,True,True,True,0.0,0.0,0.7400000095367432,9,3329
4890,5,10,1,True,10531,1,False,False,False,False,0.20000001788139343,1.0,0.7874007821083069,11,8060
4890,6,6,5,True,10531,1,False,False,False,False,0.19999998807907104,1.0,0.4841487407684326,7,10496
4890,7,1,10,False,2992,5,True,True,True,True,0.0,0.0,0.019999995827674866,1,361
4890,8,1,10,False,573,1,True,False,False,False,0.4000000059604645,4.0,0.40049970149993896,5,4043
4890,9,9,2,True,10531,2,False,False,False,False,0.20000001788139343,1.0,0.7345747351646423,10,9382
4890,10,11,0,True,10531,1,False,,,,,,0.7927168607711792,11,8060
4890,11,7,4,True,10531,1,False,False,False,False,0.2828426957130432,2.0,0.5242137312889099,9,9382
4890,12,1,10,False,10446,146,True,True,True,True,0.0,0.0,0.019999980926513672,1,5200
4890,13,7,4,True,10531,2,False,False,False,False,0.2828426957130432,2.0,0.634665310382843,9,9382
4890,14,8,3,True,10531,1,False,False,False,False,0.2828426957130432,2.0,0.5245950818061829,10,9382
4890,15,10,1,True,10531,1,False,True,True,True,0.0,0.0,0.7924644947052002,10,8060
4890,16,5,6,True,10531,1,False,False,False,False,0.2828426957130432,2.0,0.5949789881706238,7,1969
4890,17,6,5,True,10531,1,False,False,False,False,0.20000001788139343,1.0,0.6019967198371887,7,1969
4890,18,10,1,True,10531,1,False,True,True,True,0.0,0.0,0.8221921920776367,10,7267
4890,19,9,2,True,10531,2,False,True,True,True,0.0,0.0,0.7400000095367432,9,9382
4890,20,3,8,True,10531,1,False,False,False,False,0.20000001788139343,1.0,0.3704051673412323,4,2163
4890,21,2,9,False,1,1,True,False,False,False,1.2649110555648804,7.0,1.265227198600769,9,26
4890,22,9,2,True,10531,1,False,True,True,True,0.0,0.0,0.8219488859176636,9,7267
4890,23,11,0,True,10531,1,False,,,,,,0.7927168607711792,11,8060
4890,24,8,3,True,10531,1,False,False,False,False,0.20000001788139343,1.0,0.7343024611473083,9,1969
4890,25,4,7,False,1,1,True,False,False,False,1.058300495147705,6.0,1.0590561628341675,10,6271
4890,26,6,5,True,10531,1,False,False,False,False,0.20000001788139343,1.0,0.722772479057312,7,10041
4890,27,3,8,False,7,1,True,False,False,False,0.2828426957130432,2.0,0.284956157207489,5,424
4890,28,2,9,True,10531,2,False,True,True,True,0.0,0.0,0.3111269772052765,2,9147
4890,29,6,5,True,10531,1,False,False,False,False,0.20000001788139343,1.0,0.7002857327461243,7,1969
4890,30,7,4,True,10531,1,False,True,True,True,0.0,0.0,0.728560209274292,7,10041
4890,31,7,4,True,10531,1,False,False,False,False,0.4000000059604645,1.0,0.5956509113311768,8,8060
3813,0,7,4,True,10531,1,False,False,False,False,0.19999998807907104,1.0,0.7660287618637085,8,9961
3813,1,6,5,True,10531,1,False,True,True,True,0.0,0.0,0.7059745192527771,6,9961
3813,2,3,8,False,220,4,True,True,True,True,0.0,0.0,0.03464100882411003,3,5436
3813,3,2,9,False,10445,465,True,True,True,True,0.0,0.0,0.028284244239330292,2,4647
3813,4,6,5,True,10531,1,False,False,False,False,0.44721361994743347,2.0,0.6651315689086914,8,7267
3813,5,2,9,False,1,1,True,False,False,False,1.3266499042510986,8.0,1.3269513845443726,10,26
3813,6,7,4,True,10531,1,False,False,False,False,0.2828426957130432,2.0,0.6714164018630981,9,3329
3813,7,9,2,True,10531,1,False,False,False,False,0.2828426957130432,2.0,0.6720119118690491,11,3329
3813,8,8,3,True,10531,1,False,True,True,True,0.0,0.0,0.8504117131233215,8,9961
3813,9,8,3,True,10531,1,False,False,False,False,0.4898979067802429,3.0,0.6596968770027161,11,1025
3813,10,4,7,True,10531,5,False,True,True,True,0.0,0.0,0.38157567381858826,4,6585
3813,11,2,9,False,52,2,True,False,False,False,0.20000001788139343,1.0,0.20199011266231537,3,4256
3813,12,7,4,True,10531,1,False,False,False,False,0.4472135901451111,2.0,0.7230491042137146,9,9382
3813,13,6,5,True,10531,1,False,False,False,False,0.2828426957130432,2.0,0.5238320231437683,8,296
3813,14,7,4,True,10531,1,False,False,False,False,0.5656854510307312,2.0,0.6832276582717896,9,8060
3813,15,8,3,True,10531,1,False,True,True,True,0.0,0.0,0.8504117131233215,8,9961
3813,16,7,4,True,10531,1,False,True,True,True,0.0,0.0,0.7394593358039856,7,9950
3813,17,2,9,True,10531,2,False,True,True,True,0.0,0.0,0.3111270070075989,2,6918
3813,18,1,10,False,10446,465,True,True,True,True,0.0,0.0,0.019999980926513672,1,1878
3813,19,6,5,True,10531,1,False,False,False,False,0.19999998807907104,1.0,0.8639444708824158,7,9961
3813,20,8,3,True,10531,2,False,True,True,True,0.0,0.0,0.6092618703842163,8,371
3813,21,2,9,False,49,2,True,True,True,True,0.0,0.0,0.02828427590429783,2,4256
3813,22,5,6,True,10531,1,False,False,False,False,0.4898979365825653,3.0,0.6212889552116394,8,8050
3813,23,8,3,True,10531,1,False,False,False,False,0.5656853914260864,2.0,0.6835203170776367,10,6271
3813,24,2,9,False,510,2,True,True,True,True,0.0,0.0,0.028284255415201187,2,7734
3813,25,2,9,False,4,1,True,False,False,False,1.0198038816452026,6.0,1.0201960802078247,8,6271
3813,26,10,1,True,10531,1,False,True,True,True,0.0,0.0,0.8221921920776367,10,7267
3813,27,11,0,True,10531,1,False,,,,,,0.7927168607711792,11,8060
3813,28,2,9,False,294,8,True,False,False,False,0.19999998807907104,1.0,0.20199008285999298,3,9884
3813,29,9,2,True,10531,2,False,False,False,False,0.19999998807907104,1.0,0.6415606141090393,10,3329
3813,30,11,0,True,10531,1,False,,,,,,0.7927168607711792,11,8060
3813,31,5,6,True,10531,1,False,True,True,True,0.0,0.0,0.6082762479782104,5,1954
2039,0,11,0,True,10531,1,False,,,,,,0.7927168607711792,11,8060
2039,1,9,2,True,10531,1,False,True,True,True,0.0,0.0,0.8506468534469604,9,9961
2039,2,10,1,True,10531,1,False,True,True,True,0.0,0.0,0.761577308177948,10,8060
2039,3,11,0,True,10531,1,False,,,,,,0.7927168607711792,11,8060
2039,4,2,9,True,10531,1,False,False,False,False,0.19999998807907104,1.0,0.4656178951263428,3,8954
2039,5,11,0,True,10531,1,False,,,,,,0.7927168607711792,11,8060
2039,6,5,6,True,10531,1,False,False,False,False,0.19999998807907104,1.0,0.6403124332427979,6,9950
2039,7,4,7,False,23,1,True,False,False,False,0.3464101552963257,3.0,0.34871193766593933,7,9133
2039,8,6,5,True,10531,1,False,True,True,True,0.0,0.0,0.6086050271987915,6,9950
2039,9,6,5,True,10531,1,False,False,False,False,0.2828426957130432,2.0,0.5238320231437683,8,3329
2039,10,9,2,True,10531,1,False,False,False,False,0.20000001788139343,1.0,0.7560423612594604,10,8060
2039,11,2,9,False,52,1,True,True,True,True,0.0,0.0,0.028284255415201187,2,6373
2039,12,4,7,False,1,1,True,False,False,False,0.9797959327697754,7.0,0.9806120991706848,11,26
2039,13,7,4,True,10531,1,False,False,False,False,0.3464101552963257,3.0,0.6654322147369385,10,7204
2039,14,9,2,True,10531,1,False,True,True,True,0.0,0.0,0.7613146305084229,9,8060
2039,15,10,1,True,10531,1,False,True,True,True,0.0,0.0,0.761577308177948,10,8060
2039,16,7,4,True,10531,1,False,False,False,False,0.19999998807907104,1.0,0.7005712389945984,8,3329
2039,17,3,8,False,1,1,True,False,False,False,1.1313707828521729,7.0,1.1319010257720947,10,26
2039,18,8,3,True,10531,1,False,False,False,False,0.19999998807907104,1.0,0.5321654081344604,9,4295
2039,19,4,7,True,10531,1,False,False,False,False,0.20000001788139343,1.0,0.5600000023841858,5,9950
2039,20,3,8,False,2,1,True,False,False,False,0.8246211409568787,8.0,0.8253484964370728,11,8997
2039,21,7,4,True,10531,1,False,True,True,True,0.0,0.0,0.7607890367507935,7,7267
2039,22,1,10,False,573,1,True,False,False,False,0.4000000059604645,4.0,0.40049970149993896,5,4043
2039,23,6,5,True,10531,1,False,False,False,False,0.44721361994743347,2.0,0.7552483677864075,8,1954
2039,24,1,10,False,2992,2,True,True,True,True,0.0,0.0,0.019999995827674866,1,3756
2039,25,7,4,True,10531,1,False,False,False,False,0.20000001788139343,1.0,0.7866383790969849,8,7267
2039,26,2,9,False,2,1,True,False,False,False,0.4898979663848877,3.0,0.49071377515792847,5,8060
2039,27,6,5,True,10531,1,False,True,True,True,0.0,0.0,0.4923413395881653,6,2163
2039,28,6,5,True,10531,1,False,False,False,False,0.20000001788139343,1.0,0.7002856731414795,7,9961
2039,29,3,8,True,10531,1,False,False,False,False,0.2828426957130432,2.0,0.3594440221786499,5,9133
2039,30,10,1,True,10531,1,False,True,True,True,0.0,0.0,0.761577308177948,10,8060
2039,31,6,5,True,10531,1,False,False,False,False,0.19999998807907104,1.0,0.601996660232544,7,3329
7964,0,3,8,False,1,1,True,False,False,False,0.8485282063484192,4.0,0.8492349982261658,7,26
7964,1,5,6,True,10531,4,False,False,False,False,0.2828426957130432,2.0,0.5531726479530334,7,3489
7964,2,7,4,True,10531,4,False,True,True,True,0.0,0.0,0.5242137312889099,7,6007
7964,3,6,5,True,10531,1,False,False,False,False,0.2828426957130432,2.0,0.6711184978485107,8,9950
7964,4,1,10,False,1,1,True,False,False,False,1.1313707828521729,7.0,1.1315475702285767,8,53
7964,5,5,6,True,10531,1,False,False,False,False,0.632455587387085,4.0,0.7389181852340698,9,4075
7964,6,3,8,False,1,1,True,False,False,False,0.7745966911315918,6.0,0.7753708958625793,9,8997
7964,7,7,4,True,10531,2,False,False,False,False,0.4898979365825653,3.0,0.8595348000526428,10,3329
7964,8,7,4,True,10531,1,False,True,True,True,0.0,0.0,0.5681549310684204,7,1163
7964,9,4,7,True,10531,1,False,False,False,False,0.2828426957130432,2.0,0.5946427583694458,6,5781
7964,10,7,4,True,10531,1,False,False,False,False,0.19999998807907104,1.0,0.5751520991325378,8,4075
7964,11,1,10,False,2992,1,True,False,False,False,0.19999998807907104,1.0,0.2009975016117096,2,9678
7964,12,1,10,False,23,1,True,False,False,False,0.4898979663848877,3.0,0.4903060495853424,4,2244
7964,13,3,8,False,1,1,True,False,False,False,0.9591663479804993,4.0,0.9597917199134827,7,26
7964,14,2,9,False,294,1,True,False,False,False,0.19999998807907104,1.0,0.20199008285999298,3,9678
7964,15,4,7,True,10531,1,False,False,False,False,0.2828426957130432,2.0,0.5528110265731812,6,5640
7964,16,7,4,True,10531,1,False,False,False,False,0.4472135901451111,2.0,0.8824964761734009,9,7267
7964,17,8,3,True,10531,1,False,False,False,False,0.20000001788139343,1.0,0.7343024611473083,9,5808
7964,18,9,2,True,10531,2,False,False,False,False,0.4472135901451111,2.0,0.836421012878418,11,3329
7964,19,8,3,True,10531,1,False,False,False,False,0.4000000059604645,1.0,0.5959866046905518,9,4075
7964,20,1,10,False,23,1,True,False,False,False,0.4898979663848877,3.0,0.4903060495853424,4,2244
7964,21,4,7,True,10531,1,False,False,False,False,0.4000000059604645,4.0,0.6584831476211548,8,8050
7964,22,3,8,True,10531,1,False,False,False,False,0.2828426957130432,2.0,0.4209512770175934,5,6007
7964,23,11,0,True,10531,1,False,,,,,,0.7927168607711792,11,8060
7964,24,11,0,True,10531,1,False,,,,,,0.7927168607711792,11,8060
7964,25,5,6,True,10531,1,False,False,False,False,0.4472135901451111,5.0,0.5882176756858826,10,9382
7964,26,4,7,True,10531,1,False,False,False,False,0.5656853914260864,5.0,0.682348906993866,9,9382
7964,27,8,3,True,10531,1,False,False,False,False,0.19999998807907104,1.0,0.7662897706031799,9,3329
7964,28,10,1,True,10531,1,False,True,True,True,0.0,0.0,0.7402702569961548,10,8997
7964,29,2,9,False,1620,1,True,False,False,False,0.4472135901451111,5.0,0.44810712337493896,7,6335
7964,30,2,9,True,10531,1,False,True,True,True,0.0,0.0,0.4741308093070984,2,7964
7964,31,9,2,True,10531,1,False,False,False,False,0.19999998807907104,1.0,0.7871467471122742,10,8060
8159,0,10,1,True,10531,1,False,True,True,True,0.0,0.0,0.7924644947052002,10,8060
8159,1,3,8,False,1,1,True,False,False,False,0.4898979365825653,3.0,0.49112117290496826,6,9647
8159,2,4,7,True,10531,2,False,False,False,False,0.3464101552963257,3.0,0.5878775715827942,7,6874
8159,3,8,3,True,10531,1,False,False,False,False,0.5656854510307312,2.0,0.7177743315696716,10,8060
8159,4,11,0,True,10531,1,False,,,,,,0.7927168607711792,11,8060
8159,5,7,4,True,10531,1,False,False,False,False,0.4000000059604645,1.0,0.8407140374183655,8,1969
8159,6,3,8,True,10531,4,False,True,True,True,0.0,0.0,0.2218107283115387,3,35
8159,7,7,4,True,10531,1,False,False,False,False,0.20000001788139343,1.0,0.6409368515014648,8,1969
8159,8,9,2,True,10531,1,False,True,True,True,0.0,0.0,0.7400000095367432,9,3329
8159,9,8,3,True,10531,1,False,False,False,False,0.2828426957130432,2.0,0.6092618703842163,10,4075
8159,10,5,6,True,10531,1,False,False,False,False,0.2828426957130432,2.0,0.5531727075576782,7,9647
8159,11,4,7,True,10531,1,False,False,False,False,0.6324555277824402,4.0,0.7704544067382812,8,4075
8159,12,11,0,True,10531,1,False,,,,,,0.7927168607711792,11,8060
8159,13,7,4,True,10531,1,False,False,False,False,0.6000000238418579,3.0,0.711898922920227,10,8060
8159,14,6,5,True,10531,1,False,False,False,False,0.3464101552963257,3.0,0.6280127763748169,9,8997
8159,15,8,3,True,10531,1,False,False,False,False,0.2828426957130432,2.0,0.5245950818061829,10,7285
8159,16,9,2,True,10531,1,False,False,False,False,0.2828426957130432,2.0,0.6095899939537048,11,4853
8159,17,3,8,False,2,1,True,False,False,False,0.8944271802902222,6.0,0.8950977921485901,9,26
8159,18,4,7,True,10531,1,False,False,False,False,0.3464101552963257,3.0,0.46647611260414124,7,5069
8159,19,1,10,False,26,1,True,False,False,False,0.4472135901451111,2.0,0.4476605951786041,3,4152
8159,20,10,1,True,10531,1,False,True,True,True,0.0,0.0,0.7924644947052002,10,8060
8159,21,6,5,True,10531,1,False,True,True,True,0.0,0.0,0.38262251019477844,6,3468
8159,22,7,4,True,10531,1,False,False,False,False,0.19999998807907104,1.0,0.6773477792739868,8,1969
8159,23,11,0,True,10531,1,False,,,,,,0.7927168607711792,11,8060
8159,24,11,0,True,10531,1,False,,,,,,0.7927168607711792,11,8060
8159,25,1,10,False,3,1,True,False,False,False,0.7745967507362366,7.0,0.7748548984527588,8,8997
8159,26,4,7,True,10531,1,False,False,False,False,0.2828426957130432,2.0,0.6939740777015686,6,5640
8159,27,1,10,False,26,1,True,False,False,False,0.4472135901451111,2.0,0.4476605951786041,3,4152
8159,28,8,3,True,10531,1,False,False,False,False,0.4472135901451111,2.0,0.7233256697654724,10,9382
8159,29,4,7,True,10531,1,False,False,False,False,0.2828426957130432,2.0,0.5946427583694458,6,5840
8159,30,3,8,True,10531,4,False,True,True,True,0.0,0.0,0.2218107283115387,3,845
8159,31,3,8,True,10531,1,False,False,False,False,0.20000001788139343,1.0,0.3704051673412323,4,9353
7106,0,4,7,True,10531,1,False,False,False,False,0.2828426957130432,2.0,0.42142611742019653,6,7319
7106,1,1,10,False,23,1,True,False,False,False,0.5999999642372131,6.0,0.6003332138061523,7,1162
7106,2,1,10,False,1,1,True,False,False,False,1.4832396507263184,10.0,1.4833744764328003,11,53
7106,3,1,10,False,23,1,True,False,False,False,0.5999999642372131,6.0,0.6003332138061523,7,1162
7106,4,3,8,True,10531,5,False,False,False,False,0.19999998807907104,1.0,0.3704051673412323,4,5953
7106,5,5,6,True,10531,1,False,False,False,False,0.19999998807907104,1.0,0.6648308038711548,6,5640
7106,6,7,4,True,10531,1,False,False,False,False,0.3464101552963257,3.0,0.6654321551322937,10,8008
7106,7,7,4,True,10531,1,False,False,False,False,0.4472135901451111,2.0,0.6283311247825623,9,1969
7106,8,8,3,True,10531,1,False,False,False,False,0.4472135901451111,2.0,0.6286493539810181,10,8060
7106,9,8,3,True,10531,1,False,False,False,False,0.19999998807907104,1.0,0.5321654081344604,9,5808
7106,10,8,3,True,10531,1,False,False,False,False,0.4472135901451111,2.0,0.6286493539810181,10,8060
7106,11,2,9,False,4,1,True,False,False,False,0.8246211409568787,6.0,0.8251060843467712,8,8997
7106,12,7,4,True,10531,1,False,False,False,False,0.3464101552963257,3.0,0.7866384387016296,10,5290
7106,13,1,10,False,26,1,True,False,False,False,0.2828426957130432,2.0,0.28354892134666443,3,4152
7106,14,8,3,True,10531,1,False,False,False,False,0.19999998807907104,1.0,0.6412488222122192,9,9382
7106,15,6,5,True,10531,1,False,False,False,False,0.4898979365825653,3.0,0.6216108202934265,9,4782
7106,16,8,3,True,10531,1,False,False,False,False,0.19999998807907104,1.0,0.7868926525115967,9,5640
7106,17,8,3,True,10531,1,False,False,False,False,0.4472135901451111,2.0,0.6286493539810181,10,8060
7106,18,9,2,True,10531,1,False,True,True,True,0.0,0.0,0.7717512845993042,9,1969
7106,19,1,10,False,26,1,True,False,False,False,0.2828426957130432,2.0,0.28354892134666443,3,4152
7106,20,10,1,True,10531,1,False,True,True,True,0.0,0.0,0.7924644947052002,10,8060
7106,21,5,6,True,10531,1,False,False,False,False,0.4472135901451111,2.0,0.6884766221046448,7,5066
7106,22,11,0,True,10531,1,False,,,,,,0.7927168607711792,11,8060
7106,23,8,3,True,10531,1,False,False,False,False,0.19999998807907104,1.0,0.6776430010795593,9,1969
7106,24,2,9,False,22,1,True,False,False,False,0.4472135603427887,5.0,0.4481070935726166,7,1162
7106,25,10,1,True,10531,1,False,False,False,False,0.19999998807907104,1.0,0.5329164862632751,11,8060
7106,26,11,0,True,10531,1,False,,,,,,0.7927168607711792,11,8060
7106,27,1,10,False,5,1,True,False,False,False,0.8246211409568787,6.0,0.8248636722564697,7,8997
7106,28,10,1,True,10531,1,False,False,False,False,0.19999998807907104,1.0,0.5761944055557251,11,4075
7106,29,4,7,True,10531,1,False,False,False,False,0.4472135901451111,2.0,0.7222188115119934,6,1969
7106,30,7,4,True,10531,1,False,False,False,False,0.4472135901451111,2.0,0.7230491042137146,9,7285
7106,31,4,7,True,10531,1,False,False,False,False,0.2828426957130432,2.0,0.5946427583694458,6,2948
9363,0,4,7,True,10531,2,False,True,True,True,0.0,0.0,0.6705222129821777,4,7252
9363,1,3,8,True,10531,1,False,False,False,False,0.19999998807907104,1.0,0.5149757266044617,4,3749
9363,2,2,9,False,10445,13,True,True,True,True,0.0,0.0,0.028284244239330292,2,3882
9363,3,6,5,True,10531,1,False,True,True,True,0.0,0.0,0.5678027868270874,6,10226
9363,4,6,5,True,10531,1,False,True,True,True,0.0,0.0,0.5238320827484131,6,237
9363,5,6,5,True,10531,2,False,False,False,False,0.4472135901451111,2.0,0.722772479057312,8,1612
9363,6,3,8,False,1,1,True,False,False,False,1.0198040008544922,6.0,1.0203920602798462,9,26
9363,7,10,1,True,10531,1,False,True,True,True,0.0,0.0,0.761577308177948,10,6271
9363,8,10,1,True,10531,1,False,True,True,True,0.0,0.0,0.7924644947052002,10,8060
9363,9,7,4,True,10531,1,False,False,False,False,0.5656854510307312,2.0,0.6832276582717896,9,6271
9363,10,1,10,False,1620,4,True,False,False,False,0.19999998807907104,1.0,0.2009975016117096,2,5436
9363,11,11,0,True,10531,1,False,,,,,,0.7927168607711792,11,8060
9363,12,6,5,True,10531,2,False,False,False,False,0.2828426957130432,2.0,0.5238320231437683,8,1612
9363,13,11,0,True,10531,1,False,,,,,,0.7927168607711792,11,8060
9363,14,4,7,True,10531,4,False,False,False,False,0.19999998807907104,1.0,0.37094470858573914,5,8492
9363,15,11,0,True,10531,1,False,,,,,,0.7927168607711792,11,8060
9363,16,10,1,True,10531,2,False,True,True,True,0.0,0.0,0.7402702569961548,10,9382
9363,17,6,5,True,10531,1,False,False,False,False,0.20000001788139343,1.0,0.531413197517395,7,4075
9363,18,1,10,False,1,1,True,False,False,False,1.4696937799453735,9.0,1.4698299169540405,10,53
9363,19,7,4,True,10531,4,False,False,False,False,0.19999998807907104,1.0,0.6023288369178772,8,9239
9363,20,4,7,True,10531,1,False,False,False,False,0.5656854510307312,2.0,0.7704544067382812,6,2308
9363,21,11,0,True,10531,1,False,,,,,,0.7927168607711792,11,8060
9363,22,1,10,False,1620,4,True,False,False,False,0.19999998807907104,1.0,0.2009975016117096,2,7087
9363,23,11,0,True,10531,1,False,,,,,,0.7927168607711792,11,8060
9363,24,10,1,True,10531,2,False,True,True,True,0.0,0.0,0.7402702569961548,10,9382
9363,25,1,10,False,3,1,True,False,False,False,0.8944272398948669,6.0,0.8946508169174194,7,8997
9363,26,11,0,True,10531,1,False,,,,,,0.7927168607711792,11,8060
9363,27,6,5,True,10531,1,False,False,False,False,0.19999998807907104,1.0,0.6770524382591248,7,1969
9363,28,1,10,False,23,1,True,False,False,False,0.5656853914260864,5.0,0.5660388469696045,6,1162
9363,29,8,3,True,10531,1,False,False,False,False,0.19999998807907104,1.0,0.5321654081344604,9,9896
9363,30,8,3,True,10531,1,False,False,False,False,0.4472135901451111,2.0,0.7233256697654724,10,3329
9363,31,1,10,False,10446,13,True,True,True,True,0.0,0.0,0.019999980926513672,1,9363
4673,0,7,4,True,10531,1,False,False,False,False,0.4000000059604645,1.0,0.5538952946662903,8,10041
4673,1,4,7,True,10531,1,False,True,True,True,0.0,0.0,0.31240999698638916,4,4268
4673,2,8,3,True,10531,1,False,True,True,True,0.0,0.0,0.6474565863609314,8,1969
4673,3,5,6,True,10531,1,False,False,False,False,0.19999998807907104,1.0,0.7000000476837158,6,9172
4673,4,5,6,True,10531,1,False,False,False,False,0.44721361994743347,2.0,0.6648308038711548,7,7267
4673,5,5,6,True,10531,1,False,False,False,False,0.4898979365825653,3.0,0.6212889552116394,8,8050
4673,6,3,8,True,10531,2,False,False,False,False,0.2828426957130432,2.0,0.5524490475654602,5,2388
4673,7,11,0,True,10531,1,False,,,,,,0.7927168607711792,11,8060
4673,8,4,7,True,10531,6,False,False,False,False,0.20000001788139343,1.0,0.3709447383880615,5,5722
4673,9,10,1,True,10531,1,False,True,True,True,0.0,0.0,0.7402702569961548,10,8997
4673,10,8,3,True,10531,1,False,False,False,False,0.20000001788139343,1.0,0.484974205493927,9,8060
4673,11,4,7,True,10531,1,False,False,False,False,0.4000000059604645,4.0,0.5810335278511047,8,423
4673,12,9,2,True,10531,2,False,False,False,False,0.19999998807907104,1.0,0.7665507793426514,10,5069
4673,13,8,3,True,10531,1,False,False,False,False,0.4000000059604645,1.0,0.8409518599510193,9,1969
4673,14,6,5,True,10531,1,False,False,False,False,0.3464101552963257,3.0,0.6280127167701721,9,255
4673,15,5,6,True,10531,1,False,False,False,False,0.19999998807907104,1.0,0.48373547196388245,6,1969
4673,16,4,7,True,10531,3,False,False,False,False,0.19999998807907104,1.0,0.43081316351890564,5,3407
4673,17,2,9,False,1,1,True,False,False,False,1.2489995956420898,9.0,1.2493197917938232,11,53
4673,18,11,0,True,10531,1,False,,,,,,0.7927168607711792,11,8060
4673,19,5,6,True,10531,1,False,True,True,True,0.0,0.0,0.6340347528457642,5,7787
4673,20,11,0,True,10531,1,False,,,,,,0.7927168607711792,11,8060
4673,21,3,8,True,10531,1,False,False,False,False,0.19999998807907104,1.0,0.3704051673412323,4,878
4673,22,2,9,False,1,1,True,False,False,False,1.2489995956420898,9.0,1.2493197917938232,11,53
4673,23,4,7,True,10531,3,False,False,False,False,0.3464101552963257,3.0,0.5455272793769836,7,3914
4673,24,9,2,True,10531,1,False,True,True,True,0.0,0.0,0.7717512845993042,9,9950
4673,25,1,10,False,26,3,True,False,False,False,0.20000001788139343,1.0,0.20099753141403198,2,10094
4673,26,11,0,True,10531,1,False,,,,,,0.7927168607711792,11,8060
4673,27,10,1,True,10531,1,False,True,True,True,0.0,0.0,0.4939635396003723,10,8060
4673,28,4,7,True,10531,1,False,False,False,False,0.20000001788139343,1.0,0.430813193321228,5,917
4673,29,3,8,True,10531,2,False,False,False,False,0.2828426957130432,2.0,0.5524490475654602,5,2388
4673,30,9,2,True,10531,1,False,False,False,False,0.19999998807907104,1.0,0.6415606141090393,10,9382
4673,31,4,7,True,10531,1,False,False,False,False,0.19999998807907104,1.0,0.7222188115119934,5,1311
10178,0,6,5,True,10531,1,False,False,False,False,0.44721361994743347,2.0,0.5885576009750366,8,2163
10178,1,7,4,True,10531,1,False,False,False,False,0.44721361994743347,2.0,0.5888972878456116,9,8060
10178,2,7,4,True,10531,1,False,False,False,False,0.44721361994743347,2.0,0.6283311247825623,9,8060
10178,3,9,2,True,10531,1,False,False,False,False,0.2828426957130432,2.0,0.8411896228790283,11,4853
10178,4,3,8,True,10531,1,False,False,False,False,0.2828426957130432,2.0,0.552449107170105,5,7254
10178,5,9,2,True,10531,1,False,False,False,False,0.4472135603427887,2.0,0.701141893863678,11,4853
10178,6,8,3,True,10531,1,False,False,False,False,0.20000001788139343,1.0,0.5321654081344604,9,7267
10178,7,3,8,False,22,1,True,False,False,False,0.5656853914260864,5.0,0.5667450428009033,8,2244
10178,8,2,9,False,2,1,True,False,False,False,1.2000000476837158,8.0,1.2003332376480103,10,6271
10178,9,10,1,True,10531,1,False,False,False,False,0.3999999761581421,1.0,0.6723094582557678,11,4075
10178,10,7,4,True,10531,1,False,False,False,False,0.19999998807907104,1.0,0.6409368515014648,8,9382
10178,11,8,3,True,10531,1,False,False,False,False,0.4000000059604645,1.0,0.8409518599510193,9,5808
10178,12,5,6,True,10531,1,False,False,False,False,0.20000001788139343,1.0,0.5310367345809937,6,2163
10178,13,1,10,False,53,4,True,False,False,False,0.2828426957130432,2.0,0.2835489511489868,3,4256
10178,14,7,4,True,10531,1,False,False,False,False,0.44721361994743347,2.0,0.6283311247825623,9,8060
10178,15,1,10,False,3,1,True,False,False,False,0.9591663479804993,7.0,0.9593747854232788,8,8997
10178,16,10,1,True,10531,1,False,True,True,True,0.0,0.0,0.7924644947052002,10,8060
10178,17,6,5,True,10531,1,False,True,True,True,0.0,0.0,0.5678027868270874,6,9688
10178,18,8,3,True,10531,1,False,True,True,True,0.0,0.0,0.8217055797576904,8,2669
10178,19,1,10,False,573,1,True,True,True,True,0.0,0.0,0.019999995827674866,1,8018
10178,20,10,1,True,10531,2,False,False,False,False,0.19999998807907104,1.0,0.7668116688728333,11,9382
10178,21,1,10,False,23,1,True,False,False,False,0.9165151715278625,7.0,0.9167333245277405,8,7950
10178,22,11,0,True,10531,1,False,,,,,,0.7927168607711792,11,8060
10178,23,7,4,True,10531,1,False,False,False,False,0.4472135901451111,2.0,0.7555131316184998,9,5808
10178,24,4,7,True,10531,1,False,False,False,False,0.44721361994743347,2.0,0.5455272793769836,6,7604
10178,25,8,3,True,10531,1,False,True,True,True,0.0,0.0,0.49315309524536133,8,8060
10178,26,11,0,True,10531,1,False,,,,,,0.7927168607711792,11,8060
10178,27,7,4,True,10531,1,False,False,False,False,0.2828426957130432,2.0,0.7285602688789368,9,7254
10178,28,4,7,True,10531,4,False,False,False,False,0.20000001788139343,1.0,0.2993325889110565,5,6604
10178,29,10,1,True,10531,2,False,False,False,False,0.19999998807907104,1.0,0.7668116092681885,11,3329
10178,30,1,10,False,3,1,True,False,False,False,0.9591663479804993,7.0,0.9593747854232788,8,8997
10178,31,8,3,True,10531,2,False,False,False,False,0.19999998807907104,1.0,0.7662897706031799,9,8050
712,0,7,4,True,10531,1,False,False,False,False,0.19999998807907104,1.0,0.7660287618637085,8,8940
712,1,9,2,True,10531,1,False,True,True,True,0.0,0.0,0.7068239450454712,9,8997
712,2,4,7,True,10531,2,False,False,False,False,0.4000000059604645,1.0,0.6209670305252075,5,1160
712,3,1,10,False,1,1,True,False,False,False,1.1313707828521729,10.0,1.1315475702285767,11,53
712,4,4,7,True,10531,5,False,False,False,False,0.20000001788139343,1.0,0.5600000619888306,5,6080
712,5,10,1,True,10531,1,False,True,True,True,0.0,0.0,0.7720103859901428,10,1969
712,6,10,1,True,10531,1,False,False,False,False,0.19999998807907104,1.0,0.5761944055557251,11,4075
712,7,8,3,True,10531,1,False,True,True,True,0.0,0.0,0.6474565863609314,8,5808
712,8,3,8,False,1,1,True,False,False,False,0.19999998807907104,1.0,0.20297782123088837,4,6335
712,9,11,0,True,10531,1,False,,,,,,0.7927168607711792,11,8060
712,10,9,2,True,10531,2,False,False,False,False,0.19999998807907104,1.0,0.7665507793426514,10,5069
712,11,10,1,True,10531,1,False,True,True,True,0.0,0.0,0.7924644947052002,10,8060
712,12,9,2,True,10531,1,False,False,False,False,0.20000001788139343,1.0,0.6415606141090393,10,3329
712,13,9,2,True,10531,1,False,False,False,False,0.19999998807907104,1.0,0.532541036605835,10,4075
712,14,8,3,True,10531,1,False,False,False,False,0.2828426957130432,2.0,0.6092618703842163,10,4075
712,15,3,8,True,10531,3,False,False,False,False,0.3464101552963257,3.0,0.5149757266044617,6,1953
712,16,5,6,True,10531,1,False,False,False,False,0.5291502475738525,4.0,0.6526867747306824,9,9896
712,17,10,1,True,10531,1,False,False,False,False,0.19999998807907104,1.0,0.8461678624153137,11,7267
712,18,5,6,True,10531,1,False,False,False,False,0.2828426957130432,2.0,0.6942622661590576,7,5819
712,19,6,5,True,10531,1,False,False,False,False,0.19999998807907104,1.0,0.6406247019767761,7,1969
712,20,9,2,True,10531,1,False,False,False,False,0.2828426957130432,2.0,0.6720119118690491,11,3329
712,21,3,8,True,10531,2,False,False,False,False,0.19999998807907104,1.0,0.5596427321434021,4,9743
712,22,7,4,True,10531,1,False,False,False,False,0.4898979663848877,3.0,0.6948380470275879,10,4853
712,23,2,9,True,10531,1,False,True,True,True,0.0,0.0,0.42047592997550964,2,8959
712,24,4,7,True,10531,1,False,False,False,False,0.2828426957130432,2.0,0.5946427583694458,6,5819
712,25,9,2,True,10531,1,False,False,False,False,0.19999998807907104,1.0,0.5758472084999084,10,4075
712,26,11,0,True,10531,1,False,,,,,,0.7927168607711792,11,8060
712,27,1,10,False,573,1,True,True,True,True,0.0,0.0,0.019999995827674866,1,5809
712,28,3,8,False,7,1,True,False,False,False,0.4898979365825653,3.0,0.49112117290496826,6,8865
712,29,2,9,False,2,1,True,False,False,False,0.9591663479804993,8.0,0.9595832824707031,10,6271
712,30,11,0,True,10531,1,False,,,,,,0.7927168607711792,11,8060
712,31,8,3,True,10531,2,False,False,False,False,0.4472135901451111,2.0,0.8361818790435791,10,3329
3718,0,6,5,True,10531,2,False,False,False,False,0.2828426957130432,2.0,0.634350061416626,8,3329
3718,1,8,3,True,10531,2,False,False,False,False,0.20000001788139343,1.0,0.7662897706031799,9,1969
3718,2,10,1,True,10531,1,False,True,True,True,0.0,0.0,0.7924644947052002,10,8060
3718,3,1,10,False,23,1,True,False,False,False,0.8717797994613647,8.0,0.8720092177391052,9,7950
3718,4,6,5,True,10531,1,False,False,False,False,0.20000001788139343,1.0,0.4317406713962555,7,7604
3718,5,10,1,True,10531,2,False,False,False,False,0.19999998807907104,1.0,0.7668116688728333,11,9382
3718,6,11,0,True,10531,1,False,,,,,,0.7927168607711792,11,8060
3718,7,7,4,True,10531,1,False,True,True,True,0.0,0.0,0.7394593358039856,7,9950
3718,8,6,5,True,10531,1,False,False,False,False,0.4898979365825653,3.0,0.6216108202934265,9,1025
3718,9,4,7,True,10531,1,False,False,False,False,0.2828426957130432,2.0,0.35999995470046997,6,8472
3718,10,10,1,True,10531,1,False,True,True,True,0.0,0.0,0.7924644947052002,10,8060
3718,11,4,7,False,1,1,True,False,False,False,0.8717797994613647,7.0,0.8726969957351685,11,53
3718,12,4,7,True,10531,2,False,False,False,False,0.19999998807907104,1.0,0.430813193321228,5,1134
3718,13,5,6,True,10531,2,False,False,False,False,0.2828426957130432,2.0,0.5531726479530334,7,10082
3718,14,7,4,True,10531,1,False,False,False,False,0.2828427255153656,2.0,0.4762352406978607,9,8060
3718,15,11,0,True,10531,1,False,,,,,,0.7927168607711792,11,8060
3718,16,2,9,False,2,1,True,False,False,False,1.2000000476837158,8.0,1.2003332376480103,10,26
3718,17,1,10,False,53,1,True,False,False,False,0.20000001788139343,1.0,0.20099753141403198,2,422
3718,18,10,1,True,10531,2,False,False,False,False,0.19999998807907104,1.0,0.7668116092681885,11,3329
3718,19,1,10,False,10446,164,True,True,True,True,0.0,0.0,0.019999980926513672,1,745
3718,20,3,8,True,10531,1,False,False,False,False,0.2828426957130432,2.0,0.5071489214897156,5,423
3718,21,11,0,True,10531,1,False,,,,,,0.7927168607711792,11,8060
3718,22,8,3,True,10531,1,False,True,True,True,0.0,0.0,0.6474565863609314,8,1969
3718,23,2,9,False,1,1,True,False,False,False,1.1313707828521729,9.0,1.131724238395691,11,53
3718,24,3,8,False,1,1,True,False,False,False,0.3464101552963257,3.0,0.34813788533210754,6,6335
3718,25,5,6,False,1,1,True,False,False,False,0.8485281467437744,6.0,0.8497058749198914,11,26
3718,26,6,5,True,10531,2,False,False,False,False,0.20000001788139343,1.0,0.733757495880127,7,1969
3718,27,8,3,True,10531,3,False,False,False,False,0.2828426957130432,2.0,0.6717142462730408,10,5293
3718,28,8,3,True,10531,1,False,False,False,False,0.4472135603427887,2.0,0.6286493539810181,10,1025
3718,29,4,7,True,10531,1,False,True,True,True,0.0,0.0,0.31240999698638916,4,2352
3718,30,9,2,True,10531,1,False,True,True,True,0.0,0.0,0.7400000095367432,9,3329
3718,31,6,5,True,10531,1,False,False,False,False,0.34641018509864807,3.0,0.5607138276100159,9,7267
7347,0,7,4,True,10531,1,False,False,False,False,0.4898979365825653,3.0,0.7502000331878662,10,9382
7347,1,3,8,True,10531,1,False,True,True,True,0.0,0.0,0.4745524227619171,3,6081
7347,2,7,4,True,10531,6,False,False,False,False,0.19999998807907104,1.0,0.43220362067222595,8,9239
7347,3,1,10,False,23,1,True,False,False,False,0.8944271802902222,6.0,0.8946507573127747,7,7950
7347,4,6,5,True,10531,1,False,True,True,True,0.0,0.0,0.5678027868270874,6,10226
7347,5,2,9,False,1,1,True,False,False,False,1.1135528087615967,9.0,1.1139119863510132,11,53
7347,6,11,0,True,10531,1,False,,,,,,0.7927168607711792,11,8060
7347,7,9,2,True,10531,1,False,False,False,False,0.20000000298023224,1.0,0.5325410962104797,10,8060
7347,8,7,4,True,10531,1,False,False,False,False,0.44721361994743347,2.0,0.6654322147369385,9,7267
7347,9,11,0,True,10531,1,False,,,,,,0.7927168607711792,11,8060
7347,10,2,9,False,23,1,True,False,False,False,0.6633249521255493,5.0,0.6639276742935181,7,7950
7347,11,1,10,False,2992,24,True,True,True,True,0.0,0.0,0.019999995827674866,1,3706
7347,12,5,6,True,10531,6,False,False,False,False,0.19999998807907104,1.0,0.43127715587615967,6,9239
7347,13,8,3,True,10531,1,False,False,False,False,0.4000000059604645,1.0,0.8119113445281982,9,5808
7347,14,3,8,True,10531,4,False,False,False,False,0.19999998807907104,1.0,0.2986636757850647,4,845
7347,15,4,7,True,10531,1,False,True,True,True,0.0,0.0,0.22271056473255157,4,6335
7347,16,6,5,True,10531,1,False,False,False,False,0.19999998807907104,1.0,0.4317406117916107,7,1969
7347,17,8,3,True,10531,2,False,False,False,False,0.19999998807907104,1.0,0.7662897706031799,9,3329
7347,18,7,4,True,10531,1,False,False,False,False,0.20000001788139343,1.0,0.48456165194511414,8,8060
7347,19,6,5,True,10531,1,False,False,False,False,0.2828427255153656,2.0,0.5238320231437683,8,8060
7347,20,11,0,True,10531,1,False,,,,,,0.7927168607711792,11,8060
7347,21,10,1,True,10531,1,False,True,True,True,0.0,0.0,0.7720103859901428,10,1969
7347,22,10,1,True,10531,2,False,False,False,False,0.19999998807907104,1.0,0.7668116688728333,11,9382
7347,23,3,8,False,1,1,True,True,True,True,0.0,0.0,0.03464100882411003,3,6335
7347,24,10,1,True,10531,1,False,True,True,True,0.0,0.0,0.4939635396003723,10,8060
7347,25,4,7,True,10531,8,False,False,False,False,0.19999998807907104,1.0,0.3709447383880615,5,9239
7347,26,1,10,False,26,3,True,False,False,False,0.20000001788139343,1.0,0.20099753141403198,2,722
7347,27,4,7,True,10531,1,False,True,True,True,0.0,0.0,0.4214261770248413,4,4152
7347,28,2,9,False,23,1,True,False,False,False,0.6633249521255493,5.0,0.6639276742935181,7,7950
7347,29,7,4,True,10531,2,False,False,False,False,0.19999998807907104,1.0,0.7005712389945984,8,8085
7347,30,4,7,True,10531,1,False,False,False,False,0.4000000059604645,1.0,0.65848308801651,5,7604
7347,31,3,8,True,10531,4,False,False,False,False,0.20000001788139343,1.0,0.2986637055873871,4,5020
7952,0,10,1,True,10531,1,False,True,True,True,0.0,0.0,0.761577308177948,10,6271
7952,1,8,3,True,10531,1,False,False,False,False,0.20000001788139343,1.0,0.7343024611473083,9,8050
7952,2,7,4,True,10531,1,False,False,False,False,0.6000000238418579,3.0,0.7448490262031555,10,4075
7952,3,9,2,True,10531,1,False,False,False,False,0.2828426957130432,2.0,0.7068238854408264,11,7204
7952,4,7,4,True,10531,1,False,False,False,False,0.3999999761581421,4.0,0.6346652507781982,11,7204
7952,5,8,3,True,10531,1,False,False,False,False,0.2828426957130432,2.0,0.8119113445281982,10,10041
7952,6,4,7,True,10531,1,False,False,False,False,0.19999998807907104,1.0,0.6645299792289734,5,7176
7952,7,9,2,True,10531,1,False,False,False,False,0.44721361994743347,2.0,0.6289674043655396,11,8060
7952,8,10,1,True,10531,1,False,True,True,True,0.0,0.0,0.7924644947052002,10,8060
7952,9,1,10,False,5,1,True,False,False,False,0.8717798590660095,7.0,0.8720092177391052,8,6271
7952,10,6,5,True,10531,1,False,False,False,False,0.3464101552963257,3.0,0.5607138276100159,9,5808
7952,11,3,8,False,7,1,True,False,False,False,0.800000011920929,5.0,0.800749659538269,8,8865
7952,12,1,10,False,53,1,True,False,False,False,0.632455587387085,4.0,0.6327717304229736,5,9647
7952,13,8,3,True,10531,1,False,False,False,False,0.44721361994743347,2.0,0.700856626033783,10,4075
7952,14,9,2,True,10531,1,False,False,False,False,0.5656854510307312,2.0,0.7180529236793518,11,8060
7952,15,4,7,True,10531,1,False,False,False,False,0.3999999761581421,4.0,0.594642698764801,8,8940
7952,16,1,10,False,5,1,True,False,False,False,0.8717798590660095,7.0,0.8720092177391052,8,6271
7952,17,6,5,True,10531,1,False,False,False,False,0.4000000059604645,4.0,0.6945502161979675,10,8050
7952,18,9,2,True,10531,2,False,False,False,False,0.19999998807907104,1.0,0.7665507793426514,10,3329
7952,19,3,8,True,10531,1,False,False,False,False,0.2828426957130432,2.0,0.4209512770175934,5,3295
7952,20,1,10,False,26,1,True,False,False,False,0.5656853914260864,5.0,0.5660388469696045,6,7830
7952,21,5,6,True,10531,2,False,False,False,False,0.4898979365825653,3.0,0.6212890148162842,8,1026
7952,22,7,4,True,10531,1,False,False,False,False,0.19999998807907104,1.0,0.6023288369178772,8,6047
7952,23,10,1,True,10531,1,False,False,False,False,0.19999998807907104,1.0,0.8461678624153137,11,7267
7952,24,1,10,False,1620,5,True,False,False,False,0.4898979365825653,3.0,0.49030601978302,4,1814
7952,25,2,9,False,1,1,True,False,False,False,0.4898979365825653,3.0,0.4907137453556061,5,6335
7952,26,6,5,True,10531,1,False,False,False,False,0.2828426957130432,2.0,0.5238320231437683,8,9950
7952,27,7,4,True,10531,1,False,False,False,False,0.44721361994743347,2.0,0.6654322147369385,9,4075
7952,28,4,7,False,1,1,True,False,False,False,0.4472135901451111,2.0,0.4489988684654236,6,6335
7952,29,10,1,True,10531,2,False,True,True,True,0.0,0.0,0.7402702569961548,10,3329
7952,30,6,5,True,10531,1,False,False,False,False,0.3464101552963257,3.0,0.7552483677864075,9,5840
7952,31,9,2,True,10531,1,False,False,False,False,0.4472135901451111,2.0,0.6660330295562744,11,8060
1733,0,10,1,True,10531,1,False,True,True,True,0.0,0.0,0.7924644947052002,10,8060
1733,1,5,6,True,10531,1,False,True,True,True,0.0,0.0,0.3130495250225067,5,7379
1733,2,2,9,True,10531,2,False,False,False,False,0.2828426957130432,2.0,0.5067543983459473,4,7150
1733,3,9,2,True,10531,1,False,False,False,False,0.4000000059604645,1.0,0.5963220596313477,10,8060
1733,4,8,3,True,10531,1,False,True,True,True,0.0,0.0,0.6474565863609314,8,1969
1733,5,8,3,True,10531,1,False,True,True,True,0.0,0.0,0.6474565863609314,8,9950
1733,6,4,7,True,10531,4,False,False,False,False,0.19999998807907104,1.0,0.5153639912605286,5,35
1733,7,8,3,True,10531,1,False,False,False,False,0.4000000059604645,1.0,0.595986545085907,9,8060
1733,8,4,7,True,10531,2,False,False,False,False,0.2828426957130432,2.0,0.4749736487865448,6,1027
1733,9,7,4,True,10531,1,False,True,True,True,0.0,0.0,0.5242137312889099,7,7379
1733,10,7,4,True,10531,1,False,True,True,True,0.0,0.0,0.6714164614677429,7,9536
1733,11,2,9,False,7,1,True,True,True,True,0.0,0.0,0.028284266591072083,2,406
1733,12,3,8,False,2,1,True,False,False,False,1.0198038816452026,6.0,1.0203920602798462,9,6271
1733,13,4,7,True,10531,1,False,False,False,False,0.4898979365825653,3.0,0.6209669709205627,7,8050
1733,14,2,9,True,10531,2,False,False,False,False,0.2828426957130432,2.0,0.5067543983459473,4,7150
1733,15,8,3,True,10531,1,False,False,False,False,0.2828426957130432,2.0,0.6717142462730408,10,5069
1733,16,11,0,True,10531,1,False,,,,,,0.7927168607711792,11,8060
1733,17,10,1,True,10531,1,False,True,True,True,0.0,0.0,0.7924644947052002,10,8060
1733,18,9,2,True,10531,2,False,False,False,False,0.19999998807907104,1.0,0.6415606141090393,10,9382
1733,19,8,3,True,10531,1,False,False,False,False,0.4000000059604645,1.0,0.8597674369812012,9,2163
1733,20,4,7,True,10531,2,False,False,False,False,0.2828426957130432,2.0,0.4749736785888672,6,1026
1733,21,7,4,True,10531,1,False,False,False,False,0.4000000059604645,1.0,0.6948381066322327,8,296
1733,22,7,4,True,10531,1,False,False,False,False,0.5656854510307312,2.0,0.6832276582717896,9,8060
1733,23,9,2,True,10531,1,False,True,True,True,0.0,0.0,0.7717512845993042,9,1969
1733,24,6,5,True,10531,1,False,False,False,False,0.19999998807907104,1.0,0.4841487407684326,7,1969
1733,25,10,1,True,10531,1,False,True,True,True,0.0,0.0,0.4939635396003723,10,8060
1733,26,9,2,True,10531,1,False,False,False,False,0.19999998807907104,1.0,0.6779381036758423,10,1969
1733,27,7,4,True,10531,6,False,False,False,False,0.19999998807907104,1.0,0.6023288369178772,8,6012
1733,28,9,2,True,10531,1,False,False,False,False,0.4000000059604645,1.0,0.8411896824836731,10,1969
1733,29,4,7,True,10531,1,False,True,True,True,0.0,0.0,0.22271056473255157,4,8472
1733,30,4,7,True,10531,1,False,True,True,True,0.0,0.0,0.22271056473255157,4,6335
1733,31,11,0,True,10531,1,False,,,,,,0.7927168607711792,11,8060
6627,0,3,8,False,1,1,True,False,False,False,1.3266499042510986,7.0,1.3271020650863647,10,53
6627,1,7,4,True,10531,1,False,False,False,False,0.20000001788139343,1.0,0.6023288369178772,8,385
6627,2,10,1,True,10531,1,False,True,True,True,0.0,0.0,0.7924644947052002,10,8060
6627,3,8,3,True,10531,1,False,False,False,False,0.19999998807907104,1.0,0.6412488222122192,9,9382
6627,4,3,8,True,10531,5,False,False,False,False,0.19999998807907104,1.0,0.3704051673412323,4,844
6627,5,3,8,True,10531,3,False,False,False,False,0.19999998807907104,1.0,0.5596427321434021,4,4149
6627,6,1,10,False,26,1,True,False,False,False,0.4898979365825653,3.0,0.49030598998069763,4,4152
6627,7,8,3,True,10531,1,False,False,False,False,0.19999998807907104,1.0,0.6412488222122192,9,9382
6627,8,7,4,True,10531,1,False,False,False,False,0.19999998807907104,1.0,0.6023288369178772,8,5065
6627,9,4,7,True,10531,1,False,False,False,False,0.44721361994743347,2.0,0.6881860494613647,6,385
6627,10,6,5,True,10531,1,False,False,False,False,0.2828426957130432,2.0,0.475815087556839,8,10496
6627,11,9,2,True,10531,1,False,False,False,False,0.20000001788139343,1.0,0.4853864312171936,10,8060
6627,12,6,5,True,10531,1,False,False,False,False,0.2828426957130432,2.0,0.5678027868270874,8,1969
6627,13,2,9,False,1,1,True,False,False,False,1.3856406211853027,8.0,1.3859292268753052,10,53
6627,14,11,0,True,10531,1,False,,,,,,0.7927168607711792,11,8060
6627,15,9,2,True,10531,1,False,False,False,False,0.2828426957130432,2.0,0.6720119118690491,11,3329
6627,16,8,3,True,10531,1,False,False,False,False,0.4000000059604645,1.0,0.6951258778572083,9,9382
6627,17,5,6,True,10531,1,False,False,False,False,0.4898979663848877,3.0,0.5813776850700378,8,7285
6627,18,9,2,True,10531,2,False,False,False,False,0.19999998807907104,1.0,0.7665507793426514,10,9382
6627,19,6,5,True,10531,1,False,False,False,False,0.20000001788139343,1.0,0.6019967198371887,7,9382
6627,20,3,8,True,10531,3,False,False,False,False,0.19999998807907104,1.0,0.6642289161682129,4,8446
6627,21,7,4,True,10531,1,False,False,False,False,0.4000000059604645,1.0,0.5956509113311768,8,8060
6627,22,11,0,True,10531,1,False,,,,,,0.7927168607711792,11,8060
6627,23,7,4,True,10531,1,False,False,False,False,0.4000000059604645,1.0,0.5956509113311768,8,8060
6627,24,10,1,True,10531,1,False,True,True,True,0.0,0.0,0.4939635396003723,10,8060
6627,25,9,2,True,10531,1,False,True,True,True,0.0,0.0,0.7400000095367432,9,9382
6627,26,4,7,False,1,1,True,False,False,False,1.0198038816452026,6.0,1.0205880403518677,10,26
6627,27,10,1,True,10531,2,False,True,True,True,0.0,0.0,0.7402702569961548,10,3329
6627,28,2,9,False,2,1,True,False,False,False,0.9165151715278625,6.0,0.9169515371322632,8,26
6627,29,7,4,True,10531,1,False,False,False,False,0.19999998807907104,1.0,0.43220362067222595,8,6047
6627,30,1,10,False,10495,36,True,True,True,True,0.0,0.0,0.019999980926513672,1,591
6627,31,7,4,True,10531,1,False,False,False,False,0.20000001788139343,1.0,0.5317894220352173,8,4075
2904,0,11,0,True,10531,1,False,,,,,,0.7927168607711792,11,8060
2904,1,3,8,True,10531,3,False,False,False,False,0.2828426957130432,2.0,0.4209512770175934,5,4959
2904,2,8,3,True,10531,1,False,False,False,False,0.3464101552963257,3.0,0.6412487626075745,11,4853
2904,3,9,2,True,10531,1,False,False,False,False,0.5656854510307312,2.0,0.7180529236793518,11,8060
2904,4,3,8,False,245,15,True,True,True,True,0.0,0.0,0.034641001373529434,3,7023
2904,5,1,10,False,10446,92,True,True,True,True,0.0,0.0,0.019999980926513672,1,5869
2904,6,5,6,True,10531,1,False,False,False,False,0.2828426957130432,2.0,0.6340346932411194,7,8050
2904,7,10,1,True,10531,1,False,False,False,False,0.19999998807907104,1.0,0.5761944055557251,11,4075
2904,8,7,4,True,10531,2,False,False,False,False,0.19999998807907104,1.0,0.8165782690048218,8,10082
2904,9,6,5,True,10531,1,False,False,False,False,0.6928203105926514,3.0,0.7914543747901917,9,8060
2904,10,2,9,False,52,1,True,False,False,False,0.5291502475738525,4.0,0.5299056768417358,6,10054
2904,11,3,8,True,10531,1,False,False,False,False,0.2828426957130432,2.0,0.4745524227619171,5,3547
2904,12,3,8,True,10531,1,False,True,True,True,0.0,0.0,0.2218107283115387,3,5172
2904,13,6,5,True,10531,1,False,False,False,False,0.4000000059604645,1.0,0.5953150987625122,7,2228
2904,14,7,4,True,10531,1,False,False,False,False,0.2828426957130432,2.0,0.5242136716842651,9,6271
2904,15,11,0,True,10531,1,False,,,,,,0.7927168607711792,11,8060
2904,16,3,8,True,10531,1,False,False,False,False,0.2828426957130432,2.0,0.552449107170105,5,9710
2904,17,3,8,True,10531,1,False,False,False,False,0.2828426957130432,2.0,0.4745524227619171,5,8953
2904,18,6,5,True,10531,1,False,False,False,False,0.4898979663848877,3.0,0.6590902805328369,9,7285
2904,19,8,3,True,10531,1,False,False,False,False,0.4472135901451111,2.0,0.8551023602485657,10,10041
2904,20,4,7,True,10531,2,False,False,False,False,0.20000001788139343,1.0,0.5153639912605286,5,7830
2904,21,5,6,True,10531,1,False,True,True,True,0.0,0.0,0.5234501361846924,5,8465
2904,22,3,8,False,2,1,True,False,False,False,0.4472135901451111,2.0,0.4485532343387604,5,4152
2904,23,10,1,True,10531,1,False,True,True,True,0.0,0.0,0.7924644947052002,10,8060
2904,24,10,1,True,10531,1,False,False,False,False,0.19999998807907104,1.0,0.8461678624153137,11,7267
2904,25,10,1,True,10531,1,False,False,False,False,0.19999998807907104,1.0,0.846167802810669,11,4853
2904,26,1,10,False,26,1,True,False,False,False,0.4898979663848877,3.0,0.4903060495853424,4,7830
2904,27,6,5,True,10531,1,False,False,False,False,0.19999998807907104,1.0,0.531413197517395,7,9950
2904,28,5,6,True,10531,1,False,False,False,False,0.19999998807907104,1.0,0.43127715587615967,6,6097
2904,29,10,1,True,10531,1,False,True,True,True,0.0,0.0,0.7924644947052002,10,8060
2904,30,2,9,True,10531,2,False,False,False,False,0.19999998807907104,1.0,0.6267375946044922,3,5851
2904,31,9,2,True,10531,1,False,False,False,False,0.2828426957130432,2.0,0.6095899939537048,11,4853
8685,0,6,5,True,10531,1,False,False,False,False,0.4000000059604645,1.0,0.7282856702804565,7,1957
8685,1,5,6,True,10531,2,False,False,False,False,0.3999999761581421,1.0,0.5531726479530334,6,5410
8685,2,1,10,False,10495,465,True,True,True,True,0.0,0.0,0.019999980926513672,1,10411
8685,3,3,8,True,10531,5,False,False,False,False,0.20000001788139343,1.0,0.4660472273826599,4,723
8685,4,10,1,True,10531,2,False,True,True,True,0.0,0.0,0.7402702569961548,10,9382
8685,5,10,1,True,10531,1,False,True,True,True,0.0,0.0,0.7402702569961548,10,8997
8685,6,11,0,True,10531,1,False,,,,,,0.7927168607711792,11,8060
8685,7,2,9,True,10531,2,False,True,True,True,0.0,0.0,0.22090721130371094,2,8358
8685,8,10,1,True,10531,1,False,False,False,False,0.3999999761581421,1.0,0.6723094582557678,11,4075
8685,9,9,2,True,10531,1,False,False,False,False,0.3999999761581421,1.0,0.6720119118690491,10,4075
8685,10,5,6,True,10531,1,False,False,False,False,0.4898979365825653,3.0,0.6212889552116394,8,8050
8685,11,10,1,True,10531,1,False,False,False,False,0.19999998807907104,1.0,0.846167802810669,11,4853
8685,12,5,6,True,10531,1,False,False,False,False,0.3464101552963257,3.0,0.5458937883377075,8,423
8685,13,8,3,True,10531,1,False,False,False,False,0.4000000059604645,1.0,0.595986545085907,9,8060
8685,14,1,10,False,26,3,True,False,False,False,0.20000001788139343,1.0,0.20099753141403198,2,10094
8685,15,8,3,True,10531,1,False,False,False,False,0.4000000059604645,1.0,0.8119113445281982,9,8050
8685,16,11,0,True,10531,1,False,,,,,,0.7927168607711792,11,8060
8685,17,2,9,False,52,2,True,False,False,False,0.20000001788139343,1.0,0.20199011266231537,3,370
8685,18,8,3,True,10531,1,False,False,False,False,0.4000000059604645,1.0,0.8409518599510193,9,9950
8685,19,10,1,True,10531,1,False,False,False,False,0.3999999761581421,1.0,0.6723094582557678,11,4075
8685,20,1,10,False,10495,465,True,True,True,True,0.0,0.0,0.019999980926513672,1,104
8685,21,6,5,True,10531,1,False,True,True,True,0.0,0.0,0.6590902805328369,6,6335
8685,22,5,6,True,10531,1,False,True,True,True,0.0,0.0,0.5674504637718201,5,5694
8685,23,1,10,False,2992,92,True,True,True,True,0.0,0.0,0.019999995827674866,1,668
8685,24,7,4,True,10531,1,False,False,False,False,0.3464101552963257,3.0,0.5165268778800964,10,8997
8685,25,1,10,False,1,1,True,False,False,False,1.3856406211853027,10.0,1.3857848644256592,11,53
8685,26,10,1,True,10531,2,False,True,True,True,0.0,0.0,0.7402702569961548,10,9382
8685,27,9,2,True,10531,1,False,False,False,False,0.20000001788139343,1.0,0.5325410962104797,10,8060
8685,28,3,8,True,10531,4,False,False,False,False,0.2828426957130432,2.0,0.6581793427467346,5,9863
8685,29,11,0,True,10531,1,False,,,,,,0.7927168607711792,11,8060
8685,30,2,9,False,2932,92,True,True,True,True,0.0,0.0,0.028284255415201187,2,5639
8685,31,5,6,True,10531,3,False,False,False,False,0.19999998807907104,1.0,0.5603570342063904,6,9243
9007,0,11,0,True,10531,1,False,,,,,,0.7927168607711792,11,8060
9007,1,4,7,False,7,1,True,False,False,False,0.3464101552963257,3.0,0.34871190786361694,7,8865
9007,2,9,2,True,10531,1,False,False,False,False,0.4000000059604645,1.0,0.8121576905250549,10,9382
9007,3,9,2,True,10531,1,False,False,False,False,0.4472135901451111,2.0,0.6660330295562744,11,4075
9007,4,3,8,False,1,1,True,False,False,False,1.058300495147705,8.0,1.0588672161102295,11,53
9007,5,4,7,True,10531,2,False,False,False,False,0.19999998807907104,1.0,0.5153639912605286,5,9960
9007,6,6,5,True,10531,1,False,True,True,True,0.0,0.0,0.5678027868270874,6,5292
9007,7,9,2,True,10531,1,False,False,False,False,0.19999998807907104,1.0,0.6415606141090393,10,9382
9007,8,3,8,True,10531,2,False,False,False,False,0.19999998807907104,1.0,0.5149757266044617,4,9621
9007,9,8,3,True,10531,1,False,False,False,False,0.19999998807907104,1.0,0.7662897706031799,9,1954
9007,10,9,2,True,10531,1,False,False,False,False,0.3999999761581421,1.0,0.6720119118690491,10,4075
9007,11,3,8,True,10531,1,False,False,False,False,0.20000001788139343,1.0,0.4303486943244934,4,917
9007,12,11,0,True,10531,1,False,,,,,,0.7927168607711792,11,8060
9007,13,6,5,True,10531,1,False,False,False,False,0.19999998807907104,1.0,0.8163332939147949,7,7275
9007,14,11,0,True,10531,1,False,,,,,,0.7927168607711792,11,8060
9007,15,3,8,False,1,1,True,False,False,False,0.4898979663848877,3.0,0.49112117290496826,6,6335
9007,16,1,10,False,3,1,True,False,False,False,0.9380831718444824,8.0,0.938296377658844,9,8997
9007,17,7,4,True,10531,1,False,False,False,False,0.4000000059604645,1.0,0.8311437964439392,8,6271
9007,18,9,2,True,10531,1,False,False,False,False,0.4472135901451111,2.0,0.6660330295562744,11,4075
9007,19,3,8,True,10531,9,False,False,False,False,0.2828426957130432,2.0,0.3594439923763275,5,5175
9007,20,2,9,False,4,1,True,False,False,False,0.8485281467437744,7.0,0.8489994406700134,9,8997
9007,21,8,3,True,10531,1,False,False,False,False,0.19999998807907104,1.0,0.5321654081344604,9,4295
9007,22,5,6,False,7,1,True,False,False,False,0.2828426957130432,2.0,0.2863563895225525,7,8865
9007,23,4,7,True,10531,1,False,False,False,False,0.44721361994743347,2.0,0.6273754835128784,6,2163
9007,24,8,3,True,10531,1,False,False,False,False,0.20000001788139343,1.0,0.7868926525115967,9,2163
9007,25,6,5,True,10531,1,False,False,False,False,0.20000001788139343,1.0,0.6406247019767761,7,296
9007,26,8,3,True,10531,1,False,False,False,False,0.20000001788139343,1.0,0.5321654081344604,9,8060
9007,27,6,5,True,10531,1,False,False,False,False,0.4472135901451111,2.0,0.8546344637870789,8,10041
9007,28,11,0,True,10531,1,False,,,,,,0.7927168607711792,11,8060
9007,29,5,6,True,10531,4,False,False,False,False,0.3464101552963257,3.0,0.4669046700000763,8,6355
9007,30,3,8,True,10531,1,False,True,True,True,0.0,0.0,0.6581792831420898,3,4380
9007,31,4,7,True,10531,1,False,False,False,False,0.2828426957130432,2.0,0.4749736487865448,6,2669
669,0,2,9,False,1,1,True,False,False,False,1.1661903858184814,8.0,1.1665332317352295,10,53
669,1,6,5,True,10531,1,False,False,False,False,0.2828427255153656,2.0,0.5678027868270874,8,4075
669,2,9,2,True,10531,1,False,False,False,False,0.20000001788139343,1.0,0.5325410962104797,10,4075
669,3,3,8,False,2,1,True,False,False,False,0.6928203105926514,6.0,0.6936858296394348,9,8997
669,4,6,5,True,10531,3,False,False,False,False,0.19999998807907104,1.0,0.37202149629592896,7,9842
669,5,6,5,True,10531,1,False,False,False,False,0.44721361994743347,2.0,0.6651315689086914,8,4075
669,6,10,1,True,10531,1,False,True,True,True,0.0,0.0,0.761577308177948,10,8060
669,7,4,7,False,23,1,True,False,False,False,0.7483315467834473,5.0,0.7493998408317566,9,8060
669,8,9,2,True,10531,2,False,True,True,True,0.0,0.0,0.7400000095367432,9,3329
669,9,5,6,True,10531,1,False,False,False,False,0.4898979663848877,3.0,0.6212890148162842,8,6271
669,10,3,8,True,10531,1,False,False,False,False,0.3464101552963257,3.0,0.5149757266044617,6,4782
669,11,5,6,True,10531,1,False,False,False,False,0.2828426957130432,2.0,0.5234500765800476,7,1025
669,12,1,10,False,573,16,True,False,False,False,0.19999998807907104,1.0,0.2009975016117096,2,2367
669,13,11,0,True,10531,1,False,,,,,,0.7927168607711792,11,8060
669,14,9,2,True,10531,2,False,False,False,False,0.19999998807907104,1.0,0.7665507793426514,10,9382
669,15,8,3,True,10531,1,False,False,False,False,0.4898979663848877,3.0,0.622253954410553,11,8060
669,16,9,2,True,10531,1,False,False,False,False,0.4000000059604645,1.0,0.6352952122688293,10,4075
669,17,7,4,True,10531,1,False,False,False,False,0.20000001788139343,1.0,0.7866383790969849,8,8060
669,18,8,3,True,10531,1,False,False,False,False,0.44721361994743347,2.0,0.6286493539810181,10,4075
669,19,8,3,True,10531,2,False,False,False,False,0.20000001788139343,1.0,0.7343024611473083,9,9382
669,20,11,0,True,10531,1,False,,,,,,0.7927168607711792,11,8060
669,21,3,8,True,10531,1,False,False,False,False,0.4898979663848877,3.0,0.6206448674201965,6,4075
669,22,6,5,True,10531,1,False,False,False,False,0.3464101552963257,3.0,0.7863841652870178,9,5290
669,23,8,3,True,10531,1,False,False,False,False,0.2828426957130432,2.0,0.7288347482681274,10,9382
669,24,10,1,True,10531,1,False,True,True,True,0.0,0.0,0.761577308177948,10,8060
669,25,9,2,True,10531,1,False,True,True,True,0.0,0.0,0.7400000095367432,9,8997
669,26,2,9,True,10531,3,False,False,False,False,0.19999998807907104,1.0,0.4656178951263428,3,9914
669,27,2,9,False,53,1,True,False,False,False,0.2828426957130432,2.0,0.28425338864326477,4,9647
669,28,1,10,False,1620,2,True,False,False,False,0.4472135901451111,2.0,0.4476605951786041,3,232
669,29,11,0,True,10531,1,False,,,,,,0.7927168607711792,11,8060
669,30,1,10,False,5,1,True,False,False,False,0.6633250117301941,5.0,0.6636264324188232,6,6271
669,31,9,2,True,10531,2,False,False,False,False,0.19999998807907104,1.0,0.7665507793426514,10,3329
9320,0,6,5,True,10531,1,False,False,False,False,0.19999998807907104,1.0,0.4317406415939331,7,3329
9320,1,7,4,True,10531,1,False,False,False,False,0.2828426957130432,2.0,0.634665310382843,9,1969
9320,2,11,0,True,10531,1,False,,,,,,0.7927168607711792,11,8060
9320,3,7,4,True,10531,1,False,True,True,True,0.0,0.0,0.7607890963554382,7,2163
9320,4,2,9,False,1,1,True,False,False,False,1.058300495147705,9.0,1.058678388595581,11,8997
9320,5,4,7,True,10531,15,False,True,True,True,0.0,0.0,0.4214261770248413,4,6720
9320,6,7,4,True,10531,1,False,False,False,False,0.4000000059604645,1.0,0.5538952946662903,8,8060
9320,7,1,10,False,53,1,True,True,True,True,0.0,0.0,0.019999995827674866,1,422
9320,8,5,6,True,10531,3,False,True,True,True,0.0,0.0,0.5674504637718201,5,1953
9320,9,11,0,True,10531,1,False,,,,,,0.7927168607711792,11,8060
9320,10,9,2,True,10531,1,False,True,True,True,0.0,0.0,0.7922120690345764,9,8060
9320,11,3,8,True,10531,4,False,False,False,False,0.20000001788139343,1.0,0.2986637055873871,4,6866
9320,12,2,9,False,10445,109,True,True,True,True,0.0,0.0,0.028284244239330292,2,5741
9320,13,7,4,True,10531,2,False,False,False,False,0.2828426957130432,2.0,0.7607890963554382,9,5293
9320,14,1,10,False,3,1,True,False,False,False,1.058300495147705,9.0,1.058489441871643,10,8997
9320,15,6,5,True,10531,2,False,True,True,True,0.0,0.0,0.5238320827484131,6,8118
9320,16,10,1,True,10531,1,False,True,True,True,0.0,0.0,0.761577308177948,10,8060
9320,17,10,1,True,10531,1,False,True,True,True,0.0,0.0,0.8221921920776367,10,7267
9320,18,10,1,True,10531,1,False,True,True,True,0.0,0.0,0.7924644947052002,10,8060
9320,19,11,0,True,10531,1,False,,,,,,0.7927168607711792,11,8060
9320,20,2,9,False,4,1,True,False,False,False,1.0,6.0,1.0003999471664429,8,6271
9320,21,8,3,True,10531,1,False,True,True,True,0.0,0.0,0.7714921236038208,8,9950
9320,22,5,6,True,10531,1,False,False,False,False,0.2828427255153656,2.0,0.4219004511833191,7,10041
9320,23,9,2,True,10531,1,False,True,True,True,0.0,0.0,0.7922120690345764,9,8060
9320,24,7,4,True,10531,1,False,False,False,False,0.4000000059604645,1.0,0.5956509113311768,8,8060
9320,25,6,5,True,10531,1,False,False,False,False,0.2828427255153656,2.0,0.7282856702804565,8,1969
9320,26,2,9,False,1,1,True,False,False,False,1.3711308240890503,9.0,1.371422529220581,11,53
9320,27,6,5,True,10531,1,False,False,False,False,0.3464101552963257,3.0,0.5161395072937012,9,1969
9320,28,2,9,True,10531,2,False,False,False,False,0.20000001788139343,1.0,0.2979933023452759,3,1026
9320,29,10,1,True,10531,1,False,True,True,True,0.0,0.0,0.7924644947052002,10,8060
9320,30,5,6,True,10531,2,False,True,True,True,0.0,0.0,0.3130495250225067,5,8118
9320,31,10,1,True,10531,1,False,True,True,True,0.0,0.0,0.7924644947052002,10,8060
5822,0,2,9,True,10531,2,False,False,False,False,0.2828426957130432,2.0,0.42047592997550964,4,6081
5822,1,8,3,True,10531,1,False,True,True,True,0.0,0.0,0.7714921236038208,8,1969
5822,2,4,7,True,10531,1,False,False,False,False,0.2828426957130432,2.0,0.35999998450279236,6,5510
5822,3,5,6,True,10531,1,False,False,False,False,0.2828426957130432,2.0,0.4219004511833191,7,3345
5822,4,5,6,True,10531,1,False,False,False,False,0.19999998807907104,1.0,0.699999988079071,6,4335
5822,5,8,3,True,10531,3,False,False,False,False,0.20000001788139343,1.0,0.6026607751846313,9,2153
5822,6,8,3,True,10531,1,False,False,False,False,0.5999999642372131,3.0,0.7766594886779785,11,4853
5822,7,7,4,True,10531,1,False,False,False,False,0.19999998807907104,1.0,0.6409368515014648,8,1969
5822,8,11,0,True,10531,1,False,,,,,,0.7927168607711792,11,8060
5822,9,6,5,True,10531,1,False,False,False,False,0.4472135901451111,2.0,0.722772479057312,8,9119
5822,10,6,5,True,10531,1,False,False,False,False,0.19999998807907104,1.0,0.6019967198371887,7,8296
5822,11,7,4,True,10531,1,False,False,False,False,0.4472135603427887,2.0,0.6283311247825623,9,9382
5822,12,4,7,True,10531,1,False,False,False,False,0.20000001788139343,1.0,0.4833218455314636,5,4295
5822,13,5,6,True,10531,1,False,False,False,False,0.3464101552963257,3.0,0.5603570342063904,8,9700
5822,14,10,1,True,10531,1,False,True,True,True,0.0,0.0,0.4939635396003723,10,8060
5822,15,8,3,True,10531,1,False,False,False,False,0.4472135603427887,2.0,0.6657326221466064,10,4853
5822,16,8,3,True,10531,1,False,False,False,False,0.2828426957130432,2.0,0.6717142462730408,10,8050
5822,17,3,8,False,2,1,True,False,False,False,0.7483314871788025,6.0,0.7491328716278076,9,8997
5822,18,10,1,True,10531,2,False,False,False,False,0.19999998807907104,1.0,0.7668116092681885,11,3329
5822,19,1,10,False,5,1,True,False,False,False,0.8485281467437744,7.0,0.8487638831138611,8,8997
5822,20,3,8,False,2,1,True,False,False,False,0.800000011920929,4.0,0.800749659538269,7,9647
5822,21,6,5,True,10531,4,False,False,False,False,0.3464101552963257,3.0,0.4673328399658203,9,2673
5822,22,8,3,True,10531,1,False,False,False,False,0.2828426957130432,2.0,0.8119113445281982,10,4853
5822,23,10,1,True,10531,2,False,False,False,False,0.19999998807907104,1.0,0.7668116688728333,11,9382
5822,24,8,3,True,10531,1,False,False,False,False,0.2828426957130432,2.0,0.6717142462730408,10,3329
5822,25,8,3,True,10531,1,False,False,False,False,0.4472135901451111,2.0,0.6657326817512512,10,7267
5822,26,11,0,True,10531,1,False,,,,,,0.7927168607711792,11,8060
5822,27,6,5,True,10531,1,False,False,False,False,0.19999998807907104,1.0,0.4841487407684326,7,1969
5822,28,5,6,True,10531,2,False,False,False,False,0.2828426957130432,2.0,0.6340346932411194,7,2370
5822,29,5,6,True,10531,2,False,True,True,True,0.0,0.0,0.5674504637718201,5,6732
5822,30,2,9,True,10531,2,False,False,False,False,0.3464101552963257,3.0,0.4656178653240204,5,1026
5822,31,5,6,True,10531,1,False,False,False,False,0.2828426957130432,2.0,0.8111720085144043,7,10478
967,0,5,6,True,10531,1,False,False,False,False,0.44721361994743347,2.0,0.5458937883377075,7,10041
967,1,7,4,True,10531,1,False,False,False,False,0.4472135603427887,2.0,0.6890572905540466,9,2948
967,2,2,9,False,1,1,True,False,False,False,1.2489995956420898,9.0,1.2493197917938232,11,53
967,3,10,1,True,10531,1,False,True,True,True,0.0,0.0,0.761577308177948,10,6271
967,4,2,9,False,1,1,True,False,False,False,1.3266499042510986,8.0,1.3269513845443726,10,26
967,5,11,0,True,10531,1,False,,,,,,0.7927168607711792,11,8060
967,6,2,9,False,1,1,True,False,False,False,0.4000000059604645,1.0,0.4009987711906433,3,6335
967,7,3,8,True,10531,2,False,True,True,True,0.0,0.0,0.5226854085922241,3,2127
967,8,10,1,True,10531,2,False,False,False,False,0.19999998807907104,1.0,0.7668116688728333,11,9382
967,9,4,7,True,10531,3,False,False,False,False,0.3464101552963257,3.0,0.5153639316558838,7,4159
967,10,7,4,True,10531,1,False,False,False,False,0.4898979365825653,3.0,0.7502000331878662,10,7204
967,11,1,10,False,2992,92,True,True,True,True,0.0,0.0,0.019999995827674866,1,859
967,12,10,1,True,10531,2,False,True,True,True,0.0,0.0,0.7402702569961548,10,9382
967,13,6,5,True,10531,1,False,False,False,False,0.19999998807907104,1.0,0.601996660232544,7,10091
967,14,10,1,True,10531,1,False,False,False,False,0.19999998807907104,1.0,0.846167802810669,11,4853
967,15,7,4,True,10531,1,False,False,False,False,0.2828426957130432,2.0,0.7607890963554382,9,5293
967,16,5,6,True,10531,2,False,False,False,False,0.3464101552963257,3.0,0.7549834847450256,8,5670
967,17,6,5,True,10531,6,False,False,False,False,0.19999998807907104,1.0,0.4317406415939331,7,6011
967,18,3,8,True,10531,1,False,True,True,True,0.0,0.0,0.31176915764808655,3,6081
967,19,6,5,True,10531,1,False,False,False,False,0.4472135901451111,2.0,0.6887670755386353,8,9382
967,20,5,6,True,10531,2,False,True,True,True,0.0,0.0,0.3130495250225067,5,2122
967,21,4,7,True,10531,1,False,False,False,False,0.4472135901451111,2.0,0.5878775119781494,6,1969
967,22,5,6,True,10531,1,False,False,False,False,0.2828426957130432,2.0,0.5234500765800476,7,10496
967,23,1,10,False,10446,465,True,True,True,True,0.0,0.0,0.019999980926513672,1,8715
967,24,6,5,True,10531,1,False,False,False,False,0.4000000059604645,1.0,0.6945502161979675,7,9119
967,25,4,7,True,10531,1,False,False,False,False,0.19999998807907104,1.0,0.5600000023841858,5,5839
967,26,5,6,True,10531,2,False,True,True,True,0.0,0.0,0.6587867736816406,5,7734
967,27,8,3,True,10531,1,False,False,False,False,0.44721361994743347,2.0,0.5892367959022522,10,8060
967,28,2,9,False,2,1,True,False,False,False,1.0198038816452026,7.0,1.0201960802078247,9,8997
967,29,9,2,True,10531,2,False,False,False,False,0.4472135901451111,2.0,0.836421012878418,11,9382
967,30,11,0,True,10531,1,False,,,,,,0.7927168607711792,11,8060
967,31,1,10,False,53,2,True,False,False,False,0.20000001788139343,1.0,0.20099753141403198,2,370
2386,0,1,10,False,573,2,True,False,False,False,0.2828426957130432,2.0,0.2835489511489868,3,2315
2386,1,5,6,True,10531,3,False,False,False,False,0.20000001788139343,1.0,0.5603570938110352,6,2352
2386,2,5,6,True,10531,6,False,False,False,False,0.19999998807907104,1.0,0.5603570342063904,6,6011
2386,3,4,7,True,10531,1,False,True,True,True,0.0,0.0,0.31240999698638916,4,2153
2386,4,11,0,True,10531,1,False,,,,,,0.7927168607711792,11,8060
2386,5,7,4,True,10531,1,False,False,False,False,0.2828427255153656,2.0,0.5242136716842651,9,8060
2386,6,11,0,True,10531,1,False,,,,,,0.7927168607711792,11,8060
2386,7,7,4,True,10531,1,False,True,True,True,0.0,0.0,0.7394593358039856,7,1954
2386,8,5,6,True,10531,3,False,True,True,True,0.0,0.0,0.5674504637718201,5,1953
2386,9,10,1,True,10531,2,False,False,False,False,0.19999998807907104,1.0,0.7668116092681885,11,3329
2386,10,3,8,True,10531,1,False,False,False,False,0.34641018509864807,3.0,0.5149757266044617,6,7267
2386,11,5,6,True,10531,2,False,False,False,False,0.19999998807907104,1.0,0.43127715587615967,6,9511
2386,12,10,1,True,10531,1,False,False,False,False,0.20000001788139343,1.0,0.7874007821083069,11,8060
2386,13,8,3,True,10531,1,False,False,False,False,0.20000001788139343,1.0,0.7662897706031799,9,9950
2386,14,10,1,True,10531,1,False,True,True,True,0.0,0.0,0.4939635396003723,10,8060
2386,15,10,1,True,10531,1,False,True,True,True,0.0,0.0,0.8221921920776367,10,7267
2386,16,1,10,False,53,1,True,False,False,False,0.20000001788139343,1.0,0.20099753141403198,2,422
2386,17,9,2,True,10531,1,False,False,False,False,0.20000001788139343,1.0,0.7871467471122742,10,8060
2386,18,6,5,True,10531,1,False,True,True,True,0.0,0.0,0.7059745192527771,6,1954
2386,19,1,10,False,10446,54,True,True,True,True,0.0,0.0,0.019999980926513672,1,2386
2386,20,8,3,True,10531,1,False,False,False,False,0.20000001788139343,1.0,0.7868926525115967,9,2163
2386,21,8,3,True,10531,1,False,False,False,False,0.20000001788139343,1.0,0.7557777762413025,9,10041
2386,22,8,3,True,10531,1,False,True,True,True,0.0,0.0,0.7919595837593079,8,2163
2386,23,9,2,True,10531,1,False,False,False,False,0.19999998807907104,1.0,0.6779381036758423,10,1969
2386,24,4,7,True,10531,6,False,True,True,True,0.0,0.0,0.4749736785888672,4,313
2386,25,4,7,True,10531,1,False,False,False,False,0.2828426957130432,2.0,0.4749736785888672,6,2228
2386,26,9,2,True,10531,1,False,True,True,True,0.0,0.0,0.8219488859176636,9,7267
2386,27,6,5,True,10531,1,False,True,True,True,0.0,0.0,0.4923413395881653,6,1957
2386,28,5,6,True,10531,1,False,True,True,True,0.0,0.0,0.5674504637718201,5,9950
2386,29,7,4,True,10531,1,False,False,False,False,0.2828426957130432,2.0,0.5242137312889099,9,9382
2386,30,1,10,False,26,3,True,False,False,False,0.20000001788139343,1.0,0.20099753141403198,2,9163
2386,31,8,3,True,10531,1,False,False,False,False,0.20000001788139343,1.0,0.7557777762413025,9,8060
4730,0,11,0,True,10531,1,False,,,,,,0.7927168607711792,11,8060
4730,1,3,8,True,10531,3,False,False,False,False,0.2828426957130432,2.0,0.4209512770175934,5,9743
4730,2,11,0,True,10531,1,False,,,,,,0.7927168607711792,11,8060
4730,3,10,1,True,10531,1,False,True,True,True,0.0,0.0,0.7924644947052002,10,8060
4730,4,5,6,True,10531,1,False,False,False,False,0.2828426957130432,2.0,0.7280110120773315,7,7787
4730,5,3,8,True,10531,1,False,False,False,False,0.2828426957130432,2.0,0.5943063497543335,5,8953
4730,6,11,0,True,10531,1,False,,,,,,0.7927168607711792,11,8060
4730,7,6,5,True,10531,1,False,False,False,False,0.19999998807907104,1.0,0.4317406117916107,7,1120
4730,8,1,10,False,10495,37,True,True,True,True,0.0,0.0,0.019999980926513672,1,10385
4730,9,6,5,True,10531,1,False,False,False,False,0.19999998807907104,1.0,0.6651315689086914,7,5409
4730,10,1,10,False,26,1,True,False,False,False,0.4898979365825653,3.0,0.49030601978302,4,7830
4730,11,1,10,False,53,1,True,False,False,False,0.4472135901451111,2.0,0.4476605951786041,3,6475
4730,12,6,5,True,10531,1,False,False,False,False,0.3999999761581421,4.0,0.6945502161979675,10,2177
4730,13,9,2,True,10531,2,False,True,True,True,0.0,0.0,0.7400000095367432,9,9382
4730,14,6,5,True,10531,1,False,True,True,True,0.0,0.0,0.6711184978485107,6,8465
4730,15,2,9,False,25,1,True,False,False,False,0.4898979365825653,3.0,0.4907137453556061,5,7830
4730,16,5,6,True,10531,1,False,False,False,False,0.6000000238418579,3.0,0.7113367915153503,8,7285
4730,17,6,5,True,10531,4,False,False,False,False,0.19999998807907104,1.0,0.5607138276100159,7,9717
4730,18,10,1,True,10531,1,False,False,False,False,0.19999998807907104,1.0,0.5329164862632751,11,8060
4730,19,3,8,True,10531,2,False,True,True,True,0.0,0.0,0.5226854085922241,3,6080
4730,20,8,3,True,10531,1,False,False,False,False,0.4000000059604645,1.0,0.8313844203948975,9,6271
4730,21,10,1,True,10531,1,False,False,False,False,0.19999998807907104,1.0,0.846167802810669,11,4853
4730,22,1,10,False,53,1,True,False,False,False,0.4472135901451111,2.0,0.4476605951786041,3,6475
4730,23,4,7,True,10531,3,False,False,False,False,0.19999998807907104,1.0,0.5153639912605286,5,5809
4730,24,5,6,True,10531,1,False,False,False,False,0.3464101552963257,3.0,0.515751838684082,8,2669
4730,25,2,9,False,1,1,True,False,False,False,1.1661903858184814,9.0,1.166533350944519,11,53
4730,26,7,4,True,10531,1,False,False,False,False,0.2828426957130432,2.0,0.7285602688789368,9,251
4730,27,7,4,True,10531,1,False,False,False,False,0.2828426957130432,2.0,0.7607890963554382,9,6874
4730,28,9,2,True,10531,1,False,False,False,False,0.2828426957130432,2.0,0.5688585042953491,11,4075
4730,29,5,6,False,1,1,True,False,False,False,0.8485282063484192,6.0,0.8497058749198914,11,26
4730,30,1,10,False,3,1,True,False,False,False,0.8000000715255737,7.0,0.8002500534057617,8,8997
4730,31,1,10,False,10495,37,True,True,True,True,0.0,0.0,0.019999980926513672,1,1789
4656,0,9,2,True,10531,2,False,False,False,False,0.19999998807907104,1.0,0.7665507793426514,10,9382
4656,1,4,7,True,10531,1,False,False,False,False,0.3464101552963257,3.0,0.6881860494613647,7,423
4656,2,11,0,True,10531,1,False,,,,,,0.7927168607711792,11,8060
4656,3,9,2,True,10531,1,False,False,False,False,0.4472135603427887,2.0,0.701141893863678,11,4853
4656,4,2,9,True,10531,1,False,False,False,False,0.19999998807907104,1.0,0.4656178951263428,3,406
4656,5,6,5,True,10531,1,False,False,False,False,0.19999998807907104,1.0,0.6651316285133362,7,5640
4656,6,7,4,True,10531,1,False,False,False,False,0.19999998807907104,1.0,0.6409368515014648,8,7204
4656,7,2,9,False,23,3,True,False,False,False,0.6000000238418579,1.0,0.600666344165802,3,10094
4656,8,3,8,False,3,2,True,False,False,False,0.2828426957130432,2.0,0.2849561274051666,5,419
4656,9,6,5,True,10531,1,False,False,False,False,0.19999998807907104,1.0,0.6651315689086914,7,5640
4656,10,6,5,True,10531,1,False,False,False,False,0.4472135603427887,2.0,0.6280127167701721,8,1025
4656,11,1,10,False,573,15,True,False,False,False,0.19999998807907104,1.0,0.2009975016117096,2,9913
4656,12,7,4,True,10531,2,False,False,False,False,0.19999998807907104,1.0,0.6409368515014648,8,3329
4656,13,10,1,True,10531,1,False,True,True,True,0.0,0.0,0.7402702569961548,10,3329
4656,14,5,6,True,10531,1,False,False,False,False,0.2828426957130432,2.0,0.7280110120773315,7,7254
4656,15,1,10,False,26,1,True,True,True,True,0.0,0.0,0.019999995827674866,1,4152
4656,16,4,7,True,10531,1,False,False,False,False,0.3464101552963257,3.0,0.46647611260414124,7,8997
4656,17,6,5,True,10531,1,False,False,False,False,0.3999999761581421,4.0,0.5535340905189514,10,5069
4656,18,6,5,True,10531,1,False,False,False,False,0.19999998807907104,1.0,0.5607138276100159,7,10091
4656,19,5,6,True,10531,1,False,False,False,False,0.3464101552963257,3.0,0.6276941895484924,8,8997
4656,20,6,5,True,10531,3,False,False,False,False,0.3464101552963257,3.0,0.5161395072937012,9,4159
4656,21,5,6,True,10531,1,False,False,False,False,0.19999998807907104,1.0,0.7000000476837158,6,5086
4656,22,8,3,True,10531,1,False,False,False,False,0.19999998807907104,1.0,0.6412488222122192,9,8997
4656,23,11,0,True,10531,1,False,,,,,,0.7927168607711792,11,8060
4656,24,5,6,True,10531,1,False,False,False,False,0.19999998807907104,1.0,0.43127715587615967,6,8256
4656,25,9,2,True,10531,1,False,False,False,False,0.4000000059604645,1.0,0.8411896824836731,10,1969
4656,26,11,0,True,10531,1,False,,,,,,0.7927168607711792,11,8060
4656,27,4,7,True,10531,2,False,False,False,False,0.2828426957130432,2.0,0.6939740777015686,6,7433
4656,28,11,0,True,10531,1,False,,,,,,0.7927168607711792,11,8060
4656,29,10,1,True,10531,1,False,True,True,True,0.0,0.0,0.7924644947052002,10,8060
4656,30,6,5,True,10531,2,False,False,False,False,0.2828426957130432,2.0,0.5238320231437683,8,5292
4656,31,6,5,True,10531,1,False,False,False,False,0.19999998807907104,1.0,0.5607138276100159,7,8954
5728,0,3,8,False,52,2,True,False,False,False,0.19999998807907104,1.0,0.20297782123088837,4,419
5728,1,7,4,True,10531,1,False,True,True,True,0.0,0.0,0.3831448554992676,7,2153
5728,2,2,9,False,1,1,True,False,False,False,1.5099668502807617,9.0,1.5102317333221436,11,53
5728,3,10,1,True,10531,1,False,True,True,True,0.0,0.0,0.7924644947052002,10,8060
5728,4,3,8,True,10531,1,False,False,False,False,0.3464101552963257,3.0,0.4660471975803375,6,10226
5728,5,7,4,True,10531,1,False,False,False,False,0.19999998807907104,1.0,0.6773477792739868,8,1969
5728,6,10,1,True,10531,2,False,False,False,False,0.19999998807907104,1.0,0.7668116092681885,11,3329
5728,7,8,3,True,10531,1,False,True,True,True,0.0,0.0,0.6092618703842163,8,9382
5728,8,9,2,True,10531,2,False,False,False,False,0.19999998807907104,1.0,0.7665507793426514,10,3329
5728,9,2,9,False,510,4,True,False,False,False,0.4472135901451111,2.0,0.44810712337493896,4,10510
5728,10,1,10,False,3,1,True,False,False,False,0.800000011920929,8.0,0.8002499938011169,9,8997
5728,11,9,2,True,10531,1,False,False,False,False,0.20000001788139343,1.0,0.7345747351646423,10,9382
5728,12,10,1,True,10531,1,False,True,True,True,0.0,0.0,0.7402702569961548,10,9382
5728,13,2,9,True,10531,2,False,False,False,False,0.19999998807907104,1.0,0.4656178951263428,3,424
5728,14,7,4,True,10531,1,False,False,False,False,0.20000001788139343,1.0,0.6023288369178772,8,3329
5728,15,11,0,True,10531,1,False,,,,,,0.7927168607711792,11,8060
5728,16,1,10,False,3,1,True,False,False,False,0.800000011920929,8.0,0.8002499938011169,9,8997
5728,17,10,1,True,10531,1,False,True,True,True,0.0,0.0,0.7402702569961548,10,3329
5728,18,3,8,True,10531,2,False,False,False,False,0.19999998807907104,1.0,0.4660472273826599,4,419
5728,19,1,10,False,3,1,True,False,False,False,0.800000011920929,8.0,0.8002499938011169,9,8997
5728,20,7,4,True,10531,2,False,True,True,True,0.0,0.0,0.7394592761993408,7,3329
5728,21,7,4,True,10531,1,False,False,False,False,0.20000001788139343,1.0,0.73403000831604,8,3329
5728,22,3,8,False,25,1,True,False,False,False,0.3464101552963257,3.0,0.34813788533210754,6,4152
5728,23,5,6,True,10531,2,False,False,False,False,0.2828427255153656,2.0,0.5949790477752686,7,3329
5728,24,7,4,True,10531,1,False,False,False,False,0.2828426957130432,2.0,0.7285602688789368,9,6874
5728,25,8,3,True,10531,1,False,True,True,True,0.0,0.0,0.7397297620773315,8,9382
5728,26,6,5,True,10531,1,False,False,False,False,0.34641018509864807,3.0,0.7552483677864075,9,1969
5728,27,3,8,True,10531,4,False,False,False,False,0.2828427255153656,2.0,0.552449107170105,5,4147
5728,28,9,2,True,10531,1,False,True,True,True,0.0,0.0,0.7717512845993042,9,1969
5728,29,1,10,False,5,1,True,False,False,False,0.6633249521255493,8.0,0.6636264324188232,9,8997
5728,30,4,7,True,10531,1,False,True,True,True,0.0,0.0,0.5230678915977478,4,5991
5728,31,4,7,True,10531,1,False,False,False,False,0.19999998807907104,1.0,0.4664761424064636,5,423
8642,0,10,1,True,10531,1,False,False,False,False,0.3999999761581421,1.0,0.6723094582557678,11,4075
8642,1,8,3,True,10531,1,False,False,False,False,0.3464101552963257,3.0,0.700856626033783,11,7204
8642,2,10,1,True,10531,1,False,False,False,False,0.3999999761581421,1.0,0.6723094582557678,11,4075
8642,3,11,0,True,10531,1,False,,,,,,0.7927168607711792,11,8060
8642,4,11,0,True,10531,1,False,,,,,,0.7927168607711792,11,8060
8642,5,6,5,True,10531,1,False,False,False,False,0.44721361994743347,2.0,0.6651315689086914,8,7267
8642,6,10,1,True,10531,1,False,True,True,True,0.0,0.0,0.7402702569961548,10,9382
8642,7,3,8,True,10531,1,False,False,False,False,0.2828426957130432,2.0,0.5943063497543335,5,5839
8642,8,7,4,True,10531,1,False,False,False,False,0.4000000059604645,1.0,0.6948381066322327,8,1969
8642,9,3,8,False,2,1,True,False,False,False,0.9591662883758545,6.0,0.9597916603088379,9,6271
8642,10,4,7,True,10531,2,False,False,False,False,0.2828426957130432,2.0,0.5528110265731812,6,9960
8642,11,9,2,True,10531,1,False,True,True,True,0.0,0.0,0.49355849623680115,9,8060
8642,12,5,6,True,10531,1,False,False,False,False,0.20000001788139343,1.0,0.6403124332427979,6,1957
8642,13,3,8,True,10531,2,False,False,False,False,0.20000001788139343,1.0,0.4660472273826599,4,370
8642,14,4,7,True,10531,1,False,False,False,False,0.19999998807907104,1.0,0.3709447383880615,5,6436
8642,15,6,5,True,10531,1,False,False,False,False,0.3464101552963257,3.0,0.6887670755386353,9,5640
8642,16,6,5,True,10531,1,False,False,False,False,0.2828426957130432,2.0,0.4223741888999939,8,9536
8642,17,2,9,False,510,2,True,False,False,False,0.19999998807907104,1.0,0.20199008285999298,3,8021
8642,18,3,8,True,10531,3,False,False,False,False,0.19999998807907104,1.0,0.3704051673412323,4,8380
8642,19,10,1,True,10531,2,False,False,False,False,0.19999998807907104,1.0,0.7668116092681885,11,3329
8642,20,9,2,True,10531,1,False,False,False,False,0.20000001788139343,1.0,0.8170679211616516,10,7267
8642,21,4,7,True,10531,1,False,False,False,False,0.19999998807907104,1.0,0.5600000023841858,5,6081
8642,22,6,5,True,10531,1,False,False,False,False,0.19999998807907104,1.0,0.531413197517395,7,1969
8642,23,4,7,True,10531,3,False,True,True,True,0.0,0.0,0.5230678915977478,4,4920
8642,24,7,4,True,10531,1,False,True,True,True,0.0,0.0,0.5681549310684204,7,9382
8642,25,8,3,True,10531,2,False,False,False,False,0.19999998807907104,1.0,0.6412488222122192,9,3329
8642,26,11,0,True,10531,1,False,,,,,,0.7927168607711792,11,8060
8642,27,4,7,True,10531,1,False,False,False,False,0.44721361994743347,2.0,0.6881860494613647,6,296
8642,28,6,5,True,10531,1,False,True,True,True,0.0,0.0,0.5678027868270874,6,9208
8642,29,7,4,True,10531,1,False,False,False,False,0.3464101552963257,3.0,0.7555131316184998,10,6874
8642,30,2,9,True,10531,1,False,False,False,False,0.19999998807907104,1.0,0.4656178653240204,3,7150
8642,31,11,0,True,10531,1,False,,,,,,0.7927168607711792,11,8060
4227,0,10,1,True,10531,1,False,False,False,False,0.19999998807907104,1.0,0.5329164862632751,11,8060
4227,1,4,7,False,1,1,True,False,False,False,1.0198038816452026,6.0,1.0205880403518677,10,6271
4227,2,11,0,True,10531,1,False,,,,,,0.7927168607711792,11,8060
4227,3,3,8,False,2,1,True,False,False,False,0.800000011920929,5.0,0.8007497191429138,8,8997
4227,4,10,1,True,10531,1,False,True,True,True,0.0,0.0,0.7924644947052002,10,8060
4227,5,5,6,True,10531,1,False,False,False,False,0.3464101552963257,3.0,0.6016643643379211,8,4295
4227,6,5,6,True,10531,1,False,False,False,False,0.4898979663848877,3.0,0.7496666312217712,8,2669
4227,7,9,2,True,10531,1,False,False,False,False,0.2828426957130432,2.0,0.8411896228790283,11,4853
4227,8,1,10,False,23,1,True,False,False,False,0.9165151715278625,7.0,0.9167333245277405,8,1162
4227,9,8,3,True,10531,1,False,False,False,False,0.19999998807907104,1.0,0.6776430010795593,9,5808
4227,10,6,5,True,10531,1,False,True,True,True,0.0,0.0,0.5238320827484131,6,6436
4227,11,3,8,True,10531,1,False,True,True,True,0.0,0.0,0.2218107283115387,3,8472
4227,12,10,1,True,10531,1,False,True,True,True,0.0,0.0,0.7402702569961548,10,8997
4227,13,1,10,False,26,3,True,False,False,False,0.2828426957130432,2.0,0.28354892134666443,3,10094
4227,14,8,3,True,10531,2,False,False,False,False,0.4000000059604645,1.0,0.8119113445281982,9,9382
4227,15,3,8,True,10531,4,False,False,False,False,0.3464101552963257,3.0,0.5875372290611267,6,8385
4227,16,11,0,True,10531,1,False,,,,,,0.7927168607711792,11,8060
4227,17,2,9,True,10531,1,False,False,False,False,0.3464101552963257,3.0,0.4108527600765228,5,5175
4227,18,1,10,False,53,1,True,False,False,False,0.20000001788139343,1.0,0.20099753141403198,2,10054
4227,19,3,8,False,1,1,True,False,False,False,1.0954450368881226,8.0,1.0959926843643188,11,53
4227,20,6,5,True,10531,6,False,False,False,False,0.2828426957130432,2.0,0.4758150577545166,8,4147
4227,21,2,9,False,2932,21,True,True,True,True,0.0,0.0,0.028284255415201187,2,6346
4227,22,7,4,True,10531,1,False,False,False,False,0.4472135901451111,2.0,0.755513072013855,9,5808
4227,23,4,7,True,10531,1,False,False,False,False,0.2828426957130432,2.0,0.4749736785888672,6,878
4227,24,3,8,True,10531,3,False,False,False,False,0.19999998807907104,1.0,0.3704051673412323,4,8759
4227,25,6,5,True,10531,1,False,True,True,True,0.0,0.0,0.7059745192527771,6,5694
4227,26,1,10,False,5,1,True,False,False,False,1.0,6.0,1.0002000331878662,7,8997
4227,27,8,3,True,10531,1,False,False,False,False,0.44721361994743347,2.0,0.9095053672790527,10,7267
4227,28,3,8,True,10531,1,False,True,True,True,0.0,0.0,0.6581792831420898,3,3959
4227,29,3,8,False,3,1,True,False,False,False,0.2828426957130432,2.0,0.2849561274051666,5,419
4227,30,5,6,True,10531,1,False,False,False,False,0.3999999761581421,4.0,0.7169379591941833,9,423
4227,31,5,6,True,10531,1,False,False,False,False,0.3464101552963257,3.0,0.6648308038711548,8,5598
6764,0,4,7,True,10531,1,False,False,False,False,0.3464101552963257,3.0,0.5455272793769836,7,423
6764,1,6,5,True,10531,2,False,False,False,False,0.2828426957130432,2.0,0.7282856702804565,8,5670
6764,2,5,6,True,10531,2,False,False,False,False,0.2828426957130432,2.0,0.5949790477752686,7,2653
6764,3,3,8,False,2,1,True,False,False,False,1.0198038816452026,6.0,1.0203920602798462,9,6271
6764,4,4,7,True,10531,3,False,False,False,False,0.4472135901451111,2.0,0.5878775715827942,6,1953
6764,5,8,3,True,10531,1,False,False,False,False,0.4000000059604645,1.0,0.8313844203948975,9,8060
6764,6,2,9,False,10445,17,True,True,True,True,0.0,0.0,0.028284244239330292,2,1842
6764,7,10,1,True,10531,2,False,False,False,False,0.19999998807907104,1.0,0.7668116092681885,11,3329
6764,8,6,5,True,10531,1,False,False,False,False,0.19999998807907104,1.0,0.48414871096611023,7,9950
6764,9,6,5,True,10531,1,False,False,False,False,0.19999998807907104,1.0,0.5607138276100159,7,10091
6764,10,8,3,True,10531,2,False,False,False,False,0.19999998807907104,1.0,0.6412488222122192,9,9382
6764,11,5,6,True,10531,1,False,False,False,False,0.4472135603427887,2.0,0.6526867747306824,7,2948
6764,12,7,4,True,10531,1,False,False,False,False,0.4000000059604645,1.0,0.5956509113311768,8,8060
6764,13,3,8,True,10531,1,False,True,True,True,0.0,0.0,0.31176915764808655,3,917
6764,14,5,6,True,10531,3,False,False,False,False,0.19999998807907104,1.0,0.6016644239425659,6,3294
6764,15,9,2,True,10531,1,False,False,False,False,0.2828426957130432,2.0,0.8411896228790283,11,4853
6764,16,10,1,True,10531,1,False,True,True,True,0.0,0.0,0.7402702569961548,10,8997
6764,17,4,7,True,10531,6,False,False,False,False,0.20000001788139343,1.0,0.3709447383880615,5,2029
6764,18,8,3,True,10531,2,False,False,False,False,0.4472135901451111,2.0,0.8361818790435791,10,9382
6764,19,9,2,True,10531,1,False,False,False,False,0.4472135901451111,2.0,0.6660330295562744,11,4075
6764,20,5,6,True,10531,3,False,False,False,False,0.19999998807907104,1.0,0.6016643643379211,6,6873
6764,21,5,6,True,10531,1,False,False,False,False,0.4000000059604645,1.0,0.6942622065544128,6,296
6764,22,7,4,True,10531,1,False,False,False,False,0.19999998807907104,1.0,0.5317894220352173,8,4295
6764,23,7,4,True,10531,1,False,False,False,False,0.19999998807907104,1.0,0.6409368515014648,8,3329
6764,24,8,3,True,10531,1,False,False,False,False,0.19999998807907104,1.0,0.6776430010795593,9,5808
6764,25,1,10,False,2992,11,True,True,True,True,0.0,0.0,0.019999995827674866,1,126
6764,26,5,6,True,10531,1,False,False,False,False,0.3464101552963257,3.0,0.6276941895484924,8,8954
6764,27,10,1,True,10531,1,False,True,True,True,0.0,0.0,0.8221921920776367,10,7267
6764,28,8,3,True,10531,2,False,False,False,False,0.4472135901451111,2.0,0.8361818790435791,10,3329
6764,29,7,4,True,10531,1,False,False,False,False,0.20000001788139343,1.0,0.6409368515014648,8,296
6764,30,2,9,False,22,2,True,False,False,False,0.8246211409568787,6.0,0.8251060843467712,8,1162
6764,31,8,3,True,10531,1,False,False,False,False,0.20000001788139343,1.0,0.484974205493927,9,8060
8211,0,3,8,False,1,1,True,False,False,False,1.1489125490188599,8.0,1.1494345664978027,11,53
8211,1,8,3,True,10531,1,False,False,False,False,0.6000000238418579,3.0,0.7451174855232239,11,4075
8211,2,10,1,True,10531,1,False,True,True,True,0.0,0.0,0.761577308177948,10,6271
8211,3,3,8,True,10531,1,False,False,False,False,0.20000001788139343,1.0,0.6270566582679749,4,7787
8211,4,6,5,True,10531,1,False,False,False,False,0.19999998807907104,1.0,0.5607138276100159,7,3140
8211,5,2,9,False,7,1,True,False,False,False,0.19999998807907104,1.0,0.20199008285999298,3,406
8211,6,1,10,False,53,3,True,False,False,False,0.2828426957130432,2.0,0.2835489511489868,3,370
8211,7,6,5,True,10531,1,False,False,False,False,0.3999999761581421,4.0,0.5083305835723877,10,8997
8211,8,2,9,False,1,1,True,False,False,False,1.2961480617523193,9.0,1.2964566946029663,11,53
8211,9,7,4,True,10531,2,False,False,False,False,0.3464101552963257,3.0,0.7230491042137146,10,5369
8211,10,10,1,True,10531,1,False,False,False,False,0.19999998807907104,1.0,0.846167802810669,11,4853
8211,11,2,9,False,2,1,True,False,False,False,1.1313707828521729,7.0,1.1317243576049805,9,6271
8211,12,10,1,True,10531,1,False,True,True,True,0.0,0.0,0.7924644947052002,10,8060
8211,13,2,9,False,2,1,True,False,False,False,1.1313707828521729,7.0,1.1317243576049805,9,6271
8211,14,3,8,True,10531,1,False,False,False,False,0.2828426957130432,2.0,0.4745523929595947,5,2669
8211,15,3,8,False,1,1,True,False,False,False,1.095445156097412,7.0,1.0959926843643188,10,26
8211,16,2,9,True,10531,6,False,False,False,False,0.20000001788139343,1.0,0.2979933023452759,3,5320
8211,17,9,2,True,10531,1,False,False,False,False,0.20000001788139343,1.0,0.8170679211616516,10,7267
8211,18,2,9,False,22,1,True,False,False,False,0.8246211409568787,6.0,0.8251060843467712,8,1162
8211,19,11,0,True,10531,1,False,,,,,,0.7927168607711792,11,8060
8211,20,5,6,True,10531,1,False,False,False,False,0.44721361994743347,2.0,0.5882176756858826,7,2163
8211,21,5,6,True,10531,1,False,True,True,True,0.0,0.0,0.4753945767879486,5,5002
8211,22,11,0,True,10531,1,False,,,,,,0.7927168607711792,11,8060
8211,23,7,4,True,10531,1,False,True,True,True,0.0,0.0,0.8214621543884277,7,9961
8211,24,5,6,True,10531,2,False,False,False,False,0.3464101552963257,3.0,0.5157518982887268,8,8333
8211,25,1,10,False,573,8,True,False,False,False,0.2828426957130432,2.0,0.28354892134666443,3,7734
8211,26,6,5,True,10531,1,False,False,False,False,0.6000000238418579,3.0,0.6770524382591248,9,6271
8211,27,6,5,True,10531,1,False,False,False,False,0.19999998807907104,1.0,0.4841487407684326,7,296
8211,28,6,5,True,10531,1,False,False,False,False,0.20000001788139343,1.0,0.4841487407684326,7,2163
8211,29,1,10,False,3,1,True,False,False,False,0.9380831718444824,8.0,0.938296377658844,9,8997
8211,30,4,7,True,10531,1,False,False,False,False,0.4472135603427887,5.0,0.68818598985672,9,7206
8211,31,11,0,True,10531,1,False,,,,,,0.7927168607711792,11,8060
9738,0,5,6,True,10531,1,False,False,False,False,0.19999998807907104,1.0,0.6016643643379211,6,1957
9738,1,3,8,False,1,1,True,False,False,False,1.0198038816452026,6.0,1.0203920602798462,9,26
9738,2,5,6,True,10531,1,False,False,False,False,0.3464101552963257,3.0,0.7549834847450256,8,6874
9738,3,10,1,True,10531,1,False,False,False,False,0.3999999761581421,1.0,0.6723094582557678,11,4075
9738,4,2,9,False,2,2,True,False,False,False,1.0954450368881226,8.0,1.0958101749420166,10,7520
9738,5,2,9,True,10531,1,False,False,False,False,0.4000000059604645,4.0,0.5067543983459473,6,7206
9738,6,9,2,True,10531,1,False,False,False,False,0.20000001788139343,1.0,0.5325410962104797,10,8060
9738,7,11,0,True,10531,1,False,,,,,,0.7927168607711792,11,8060
9738,8,2,9,True,10531,1,False,False,False,False,0.20000001788139343,1.0,0.36986488103866577,3,5106
9738,9,10,1,True,10531,1,False,False,False,False,0.19999998807907104,1.0,0.8461678624153137,11,7267
9738,10,9,2,True,10531,1,False,False,False,False,0.19999998807907104,1.0,0.7345747351646423,10,9382
9738,11,10,1,True,10531,1,False,True,True,True,0.0,0.0,0.4939635396003723,10,8060
9738,12,9,2,True,10531,1,False,True,True,True,0.0,0.0,0.7400000095367432,9,8997
9738,13,2,9,False,1,1,True,False,False,False,1.1832159757614136,7.0,1.18355393409729,9,26
9738,14,1,10,False,26,3,True,False,False,False,0.2828426957130432,2.0,0.28354892134666443,3,722
9738,15,8,3,True,10531,1,False,False,False,False,0.19999998807907104,1.0,0.5321654081344604,9,2163
9738,16,6,5,True,10531,1,False,False,False,False,0.19999998807907104,1.0,0.6019967198371887,7,6081
9738,17,1,10,False,2992,24,True,True,True,True,0.0,0.0,0.019999995827674866,1,9396
9738,18,11,0,True,10531,1,False,,,,,,0.7927168607711792,11,8060
9738,19,7,4,True,10531,1,False,False,False,False,0.19999998807907104,1.0,0.48456165194511414,8,10041
9738,20,1,10,False,23,1,True,False,False,False,0.7745966911315918,6.0,0.774854838848114,7,7950
9738,21,6,5,True,10531,1,False,False,False,False,0.2828426957130432,2.0,0.4223741888999939,8,4156
9738,22,7,4,True,10531,1,False,True,True,True,0.0,0.0,0.6714164614677429,7,8465
9738,23,5,6,True,10531,1,False,False,False,False,0.4472135901451111,2.0,0.7224956750869751,7,1954
9738,24,6,5,True,10531,1,False,False,False,False,0.4898979663848877,3.0,0.6590902805328369,9,8060
9738,25,5,6,True,10531,1,False,False,False,False,0.19999998807907104,1.0,0.699999988079071,6,9688
9738,26,1,10,False,10495,35,True,True,True,True,0.0,0.0,0.019999980926513672,1,5585
9738,27,6,5,True,10531,2,False,False,False,False,0.3464101552963257,3.0,0.5161395072937012,9,8333
9738,28,8,3,True,10531,1,False,False,False,False,0.19999998807907104,1.0,0.8168231248855591,9,2163
9738,29,2,9,False,7,2,True,False,False,False,0.4000000059604645,1.0,0.4009987711906433,3,406
9738,30,9,2,True,10531,1,False,True,True,True,0.0,0.0,0.7717512845993042,9,1969
9738,31,5,6,True,10531,2,False,False,False,False,0.3464101552963257,3.0,0.6276941895484924,8,5066
1918,0,7,4,True,10531,1,False,False,False,False,0.2828426957130432,2.0,0.634665310382843,9,8997
1918,1,11,0,True,10531,1,False,,,,,,0.7927168607711792,11,8060
1918,2,8,3,True,10531,1,False,False,False,False,0.20000001788139343,1.0,0.7343024611473083,9,5808
1918,3,11,0,True,10531,1,False,,,,,,0.7927168607711792,11,8060
1918,4,8,3,True,10531,1,False,False,False,False,0.2828426957130432,2.0,0.5685067772865295,10,4075
1918,5,8,3,True,10531,2,False,False,False,False,0.20000001788139343,1.0,0.7343024611473083,9,3329
1918,6,5,6,True,10531,1,False,False,False,False,0.34641018509864807,3.0,0.5157518982887268,8,8060
1918,7,9,2,True,10531,1,False,False,False,False,0.19999998807907104,1.0,0.6779381036758423,10,1969
1918,8,9,2,True,10531,1,False,False,False,False,0.20000000298023224,1.0,0.5325410962104797,10,8060
1918,9,6,5,True,10531,1,False,False,False,False,0.2828426957130432,2.0,0.671118438243866,8,9700
1918,10,5,6,True,10531,1,False,False,False,False,0.3464101552963257,3.0,0.6648308038711548,8,9700
1918,11,7,4,True,10531,1,False,True,True,True,0.0,0.0,0.6089335083961487,7,1969
1918,12,10,1,True,10531,1,False,False,False,False,0.20000001788139343,1.0,0.7668116092681885,11,3329
1918,13,7,4,True,10531,1,False,False,False,False,0.20000001788139343,1.0,0.73403000831604,8,8050
1918,14,8,3,True,10531,1,False,False,False,False,0.2828426957130432,2.0,0.7610518932342529,10,8050
1918,15,3,8,False,2,1,True,False,False,False,0.6000000238418579,6.0,0.6009991765022278,9,8997
1918,16,4,7,True,10531,1,False,False,False,False,0.19999998807907104,1.0,0.5153639912605286,5,10091
1918,17,7,4,True,10531,1,False,False,False,False,0.2828426957130432,2.0,0.634665310382843,9,7285
1918,18,1,10,False,26,1,True,False,False,False,0.3464101552963257,3.0,0.3469870388507843,4,7830
1918,19,8,3,True,10531,6,False,False,False,False,0.19999998807907104,1.0,0.6026607751846313,9,4147
1918,20,1,10,False,10446,17,True,True,True,True,0.0,0.0,0.019999980926513672,1,4800
1918,21,10,1,True,10531,1,False,True,True,True,0.0,0.0,0.7924644947052002,10,8060
1918,22,2,9,True,10531,2,False,False,False,False,0.4472135901451111,2.0,0.5447935461997986,4,9147
1918,23,9,2,True,10531,1,False,False,False,False,0.19999998807907104,1.0,0.6779381036758423,10,1969
1918,24,7,4,True,10531,1,False,False,False,False,0.2828426957130432,2.0,0.5242136716842651,9,9119
1918,25,3,8,True,10531,1,False,False,False,False,0.3464101552963257,3.0,0.41133928298950195,6,8050
1918,26,8,3,True,10531,1,False,True,True,True,0.0,0.0,0.7919595837593079,8,4295
1918,27,5,6,True,10531,1,False,False,False,False,0.19999998807907104,1.0,0.3714835047721863,6,10226
1918,28,3,8,True,10531,1,False,False,False,False,0.3464101552963257,3.0,0.5149757266044617,6,429
1918,29,6,5,True,10531,6,False,False,False,False,0.19999998807907104,1.0,0.4317406415939331,7,6011
1918,30,11,0,True,10531,1,False,,,,,,0.7927168607711792,11,8060
1918,31,2,9,True,10531,3,False,False,False,False,0.19999998807907104,1.0,0.4656178951263428,3,9241
3897,0,11,0,True,10531,1,False,,,,,,0.7927168607711792,11,8060
3897,1,10,1,True,10531,1,False,True,True,True,0.0,0.0,0.7924644947052002,10,8060
3897,2,6,5,True,10531,1,False,False,False,False,0.44721361994743347,2.0,0.6280127167701721,8,4075
3897,3,7,4,True,10531,1,False,False,False,False,0.3464101552963257,3.0,0.6654322147369385,10,3329
3897,4,11,0,True,10531,1,False,,,,,,0.7927168607711792,11,8060
3897,5,3,8,True,10531,2,False,False,False,False,0.20000001788139343,1.0,0.5149757266044617,4,9450
3897,6,1,10,False,2992,11,True,True,True,True,0.0,0.0,0.019999995827674866,1,7962
3897,7,9,2,True,10531,1,False,False,False,False,0.2828426957130432,2.0,0.7613146901130676,11,9382
3897,8,10,1,True,10531,1,False,False,False,False,0.20000001788139343,1.0,0.7668116092681885,11,3329
3897,9,9,2,True,10531,1,False,False,False,False,0.19999998807907104,1.0,0.7345747351646423,10,8997
3897,10,1,10,False,23,1,True,False,False,False,0.3999999761581421,4.0,0.4004996716976166,5,7950
3897,11,1,10,False,53,1,True,False,False,False,0.5999999642372131,3.0,0.6003332138061523,4,406
3897,12,2,9,True,10531,3,False,False,False,False,0.19999998807907104,1.0,0.4656178951263428,3,3186
3897,13,9,2,True,10531,1,False,False,False,False,0.20000001788139343,1.0,0.5325410962104797,10,4075
3897,14,4,7,True,10531,1,False,False,False,False,0.19999998807907104,1.0,0.3709447383880615,5,6094
3897,15,5,6,True,10531,2,False,False,False,False,0.3464101552963257,3.0,0.6648308038711548,8,9382
3897,16,6,5,True,10531,2,False,False,False,False,0.2828426957130432,2.0,0.760526180267334,8,8050
3897,17,1,10,False,10446,11,True,True,True,True,0.0,0.0,0.019999980926513672,1,6948
3897,18,7,4,True,10531,1,False,False,False,False,0.44721361994743347,2.0,0.6283311247825623,9,4075
3897,19,7,4,True,10531,1,False,True,True,True,0.0,0.0,0.49274739623069763,7,4075
3897,20,1,10,False,26,1,True,False,False,False,0.4472135603427887,2.0,0.44766056537628174,3,4152
3897,21,8,3,True,10531,1,False,False,False,False,0.4000000059604645,1.0,0.595986545085907,9,4075
3897,22,5,6,True,10531,1,False,False,False,False,0.19999998807907104,1.0,0.48373544216156006,6,7950
3897,23,3,8,True,10531,1,False,False,False,False,0.2828426957130432,2.0,0.3594440221786499,5,6047
3897,24,1,10,False,1620,12,True,False,False,False,0.19999998807907104,1.0,0.2009975016117096,2,2229
3897,25,5,6,True,10531,5,False,True,True,True,0.0,0.0,0.4753945767879486,5,8342
3897,26,7,4,True,10531,1,False,False,False,False,0.19999998807907104,1.0,0.6023288369178772,8,8050
3897,27,9,2,True,10531,1,False,False,False,False,0.20000000298023224,1.0,0.5325410962104797,10,8060
3897,28,10,1,True,10531,1,False,False,False,False,0.20000001788139343,1.0,0.7874007821083069,11,8060
3897,29,7,4,True,10531,2,False,False,False,False,0.3464101552963257,3.0,0.6654321551322937,10,5066
3897,30,1,10,False,1620,12,True,False,False,False,0.19999998807907104,1.0,0.2009975016117096,2,3045
3897,31,4,7,True,10531,2,False,False,False,False,0.3464101552963257,3.0,0.5878775715827942,7,5640
5259,0,10,1,True,10531,2,False,True,True,True,0.0,0.0,0.7402702569961548,10,9382
5259,1,8,3,True,10531,1,False,False,False,False,0.2828427255153656,2.0,0.7610519528388977,10,1969
5259,2,10,1,True,10531,1,False,False,False,False,0.20000001788139343,1.0,0.7874007821083069,11,8060
5259,3,2,9,False,2,1,True,False,False,False,1.2000000476837158,8.0,1.2003332376480103,10,26
5259,4,8,3,True,10531,1,False,False,False,False,0.19999998807907104,1.0,0.7343024611473083,9,9382
5259,5,4,7,True,10531,1,False,False,False,False,0.2828427255153656,2.0,0.5230678915977478,6,2163
5259,6,1,10,False,10495,164,True,True,True,True,0.0,0.0,0.019999980926513672,1,4325
5259,7,7,4,True,10531,1,False,False,False,False,0.20000001788139343,1.0,0.6409368515014648,8,1969
5259,8,1,10,False,26,3,True,False,False,False,0.20000001788139343,1.0,0.20099753141403198,2,7911
5259,9,7,4,True,10531,1,False,False,False,False,0.20000001788139343,1.0,0.5317894220352173,8,7267
5259,10,4,7,True,10531,2,False,True,True,True,0.0,0.0,0.38157567381858826,4,1026
5259,11,1,10,False,53,1,True,False,False,False,0.20000001788139343,1.0,0.20099753141403198,2,422
5259,12,4,7,True,10531,1,False,False,False,False,0.19999998807907104,1.0,0.2993325889110565,5,4144
5259,13,5,6,False,1,1,True,False,False,False,0.8485281467437744,6.0,0.8497058749198914,11,26
5259,14,11,0,True,10531,1,False,,,,,,0.7927168607711792,11,8060
5259,15,6,5,True,10531,1,False,True,True,True,0.0,0.0,0.5238320827484131,6,8954
5259,16,7,4,True,10531,1,False,False,False,False,0.2828426957130432,2.0,0.634665310382843,9,10226
5259,17,6,5,True,10531,1,False,False,False,False,0.2828426957130432,2.0,0.6343501210212708,8,1969
5259,18,4,7,True,10531,1,False,False,False,False,0.19999998807907104,1.0,0.3709447383880615,5,491
5259,19,1,10,False,10446,164,True,True,True,True,0.0,0.0,0.019999980926513672,1,840
5259,20,1,10,False,23,1,True,False,False,False,0.8717797994613647,8.0,0.8720092177391052,9,7950
5259,21,9,2,True,10531,1,False,False,False,False,0.4472135901451111,2.0,0.6660330295562744,11,4075
5259,22,11,0,True,10531,1,False,,,,,,0.7927168607711792,11,8060
5259,23,6,5,True,10531,1,False,False,False,False,0.19999998807907104,1.0,0.6406247019767761,7,9961
5259,24,10,1,True,10531,1,False,True,True,True,0.0,0.0,0.7720103859901428,10,1969
5259,25,7,4,True,10531,1,False,False,False,False,0.19999998807907104,1.0,0.48456165194511414,8,3329
5259,26,5,6,True,10531,2,False,False,False,False,0.3464101552963257,3.0,0.5458937883377075,8,5640
5259,27,3,8,True,10531,2,False,False,False,False,0.19999998807907104,1.0,0.3704051673412323,4,8494
5259,28,9,2,True,10531,1,False,False,False,False,0.4472135901451111,2.0,0.6660330295562744,11,4075
5259,29,7,4,True,10531,1,False,False,False,False,0.4898979663848877,3.0,0.7815369367599487,10,5808
5259,30,4,7,True,10531,2,False,False,False,False,0.19999998807907104,1.0,0.6645299196243286,5,491
5259,31,9,2,True,10531,1,False,False,False,False,0.19999998807907104,1.0,0.6779381036758423,10,1969
4734,0,7,4,True,10531,1,False,False,False,False,0.3464101552963257,3.0,0.6283311247825623,10,9382
4734,1,6,5,True,10531,3,False,False,False,False,0.3464101552963257,3.0,0.6651315689086914,9,1612
4734,2,3,8,False,1,1,True,False,False,False,0.8944271802902222,8.0,0.8950977921485901,11,53
4734,3,11,0,True,10531,1,False,,,,,,0.7927168607711792,11,8060
4734,4,10,1,True,10531,1,False,False,False,False,0.19999998807907104,1.0,0.5761944055557251,11,4075
4734,5,10,1,True,10531,2,False,True,True,True,0.0,0.0,0.7402702569961548,10,3329
4734,6,3,8,False,220,5,True,False,False,False,0.2828426957130432,2.0,0.2849561274051666,5,2862
4734,7,7,4,True,10531,1,False,False,False,False,0.19999998807907104,1.0,0.7660287618637085,8,2669
4734,8,5,6,True,10531,4,False,False,False,False,0.2828426957130432,2.0,0.4753945469856262,7,3547
4734,9,7,4,True,10531,1,False,False,False,False,0.3464101552963257,3.0,0.5610703825950623,10,9119
4734,10,1,10,False,573,2,True,True,True,True,0.0,0.0,0.019999995827674866,1,2960
4734,11,8,3,True,10531,1,False,False,False,False,0.4472135901451111,2.0,0.6657326817512512,10,4075
4734,12,2,9,False,2958,5,True,True,True,True,0.0,0.0,0.028284255415201187,2,3511
4734,13,1,10,False,23,1,True,False,False,False,0.7211102843284607,7.0,0.7213875651359558,8,2244
4734,14,2,9,True,10531,1,False,False,False,False,0.20000001788139343,1.0,0.5145872235298157,3,2639
4734,15,4,7,True,10531,1,False,False,False,False,0.5291503071784973,4.0,0.6523802876472473,8,1025
4734,16,8,3,True,10531,1,False,False,False,False,0.2828427255153656,2.0,0.7610518932342529,10,5808
4734,17,5,6,True,10531,1,False,False,False,False,0.3464101552963257,3.0,0.5157518982887268,8,9950
4734,18,3,8,True,10531,1,False,False,False,False,0.4000000059604645,4.0,0.5071489214897156,7,563
4734,19,8,3,True,10531,1,False,True,True,True,0.0,0.0,0.6092618703842163,8,5293
4734,20,7,4,True,10531,1,False,False,False,False,0.40000003576278687,1.0,0.7285602688789368,8,3329
4734,21,5,6,True,10531,1,False,False,False,False,0.19999998807907104,1.0,0.43127715587615967,6,6097
4734,22,6,5,True,10531,2,False,False,False,False,0.19999998807907104,1.0,0.6019967198371887,7,6874
4734,23,6,5,True,10531,1,False,False,False,False,0.19999998807907104,1.0,0.4841487407684326,7,2228
4734,24,11,0,True,10531,1,False,,,,,,0.7927168607711792,11,8060
4734,25,11,0,True,10531,1,False,,,,,,0.7927168607711792,11,8060
4734,26,6,5,True,10531,1,False,False,False,False,0.5291502475738525,4.0,0.6887670159339905,10,7267
4734,27,10,1,True,10531,1,False,False,False,False,0.19999998807907104,1.0,0.5761944055557251,11,4075
4734,28,6,5,True,10531,2,False,False,False,False,0.3464101552963257,3.0,0.5161395072937012,9,7792
4734,29,9,2,True,10531,1,False,False,False,False,0.2828426957130432,2.0,0.6095899939537048,11,7267
4734,30,8,3,True,10531,1,False,False,False,False,0.3464101552963257,3.0,0.6026607751846313,11,7267
4734,31,8,3,True,10531,1,False,False,False,False,0.4898979663848877,3.0,0.6596969366073608,11,4075
8828,0,8,3,True,10531,1,False,False,False,False,0.2828426957130432,2.0,0.6717142462730408,10,3329
8828,1,3,8,True,10531,1,False,False,False,False,0.20000001788139343,1.0,0.3704051673412323,4,10041
8828,2,10,1,True,10531,1,False,True,True,True,0.0,0.0,0.7924644947052002,10,8060
8828,3,1,10,False,2992,5,True,True,True,True,0.0,0.0,0.019999995827674866,1,6532
8828,4,8,3,True,10531,1,False,True,True,True,0.0,0.0,0.8217055201530457,8,7267
8828,5,6,5,True,10531,1,False,False,False,False,0.20000000298023224,1.0,0.4841487407684326,7,8060
8828,6,11,0,True,10531,1,False,,,,,,0.7927168607711792,11,8060
8828,7,10,1,True,10531,1,False,True,True,True,0.0,0.0,0.8221921920776367,10,7267
8828,8,2,9,False,10445,146,True,True,True,True,0.0,0.0,0.028284244239330292,2,8899
8828,9,4,7,True,10531,6,False,False,False,False,0.20000001788139343,1.0,0.466476172208786,5,9239
8828,10,1,10,False,2992,5,True,True,True,True,0.0,0.0,0.019999995827674866,1,6532
8828,11,5,6,True,10531,1,False,False,False,False,0.44721361994743347,2.0,0.6884766221046448,7,9961
8828,12,9,2,True,10531,2,False,False,False,False,0.20000001788139343,1.0,0.7345747351646423,10,9382
8828,13,7,4,True,10531,4,False,True,True,True,0.0,0.0,0.5681549310684204,7,9239
8828,14,8,3,True,10531,1,False,False,False,False,0.2828426957130432,2.0,0.6717142462730408,10,3329
8828,15,5,6,True,10531,1,False,False,False,False,0.20000001788139343,1.0,0.7549834251403809,6,2163
8828,16,3,8,False,1,1,True,False,False,False,1.039230465888977,5.0,1.039807677268982,8,9647
8828,17,1,10,False,10446,146,True,True,True,True,0.0,0.0,0.019999980926513672,1,10498
8828,18,8,3,True,10531,1,False,False,False,False,0.20000001788139343,1.0,0.7662897706031799,9,1969
8828,19,10,1,True,10531,2,False,True,True,True,0.0,0.0,0.7402702569961548,10,3329
8828,20,5,6,True,10531,3,False,False,False,False,0.2828426957130432,2.0,0.4219004511833191,7,8954
8828,21,11,0,True,10531,1,False,,,,,,0.7927168607711792,11,8060
8828,22,5,6,True,10531,1,False,False,False,False,0.20000001788139343,1.0,0.48373547196388245,6,7267
8828,23,5,6,True,10531,3,False,True,True,True,0.0,0.0,0.5674504637718201,5,1953
8828,24,8,3,True,10531,1,False,False,False,False,0.4000000059604645,1.0,0.595986545085907,9,8060
8828,25,7,4,True,10531,1,False,False,False,False,0.2828426957130432,2.0,0.5242136716842651,9,1969
8828,26,7,4,True,10531,1,False,False,False,False,0.2828427255153656,2.0,0.634665310382843,9,1969
8828,27,9,2,True,10531,1,False,True,True,True,0.0,0.0,0.7922121286392212,9,7267
8828,28,11,0,True,10531,1,False,,,,,,0.7927168607711792,11,8060
8828,29,1,10,False,53,8,True,True,True,True,0.0,0.0,0.019999995827674866,1,9735
8828,30,11,0,True,10531,1,False,,,,,,0.7927168607711792,11,8060
8828,31,4,7,True,10531,6,False,False,False,False,0.20000001788139343,1.0,0.466476172208786,5,4527
1346,0,5,6,True,10531,1,False,False,False,False,0.4898979663848877,3.0,0.6212890148162842,8,6271
1346,1,10,1,True,10531,1,False,True,True,True,0.0,0.0,0.7924644947052002,10,8060
1346,2,5,6,True,10531,1,False,False,False,False,0.3464101552963257,3.0,0.6648308038711548,8,5290
1346,3,1,10,False,23,1,True,False,False,False,0.6324555277824402,7.0,0.6327716708183289,8,1162
1346,4,4,7,True,10531,1,False,False,False,False,0.19999998807907104,1.0,0.601331889629364,5,8940
1346,5,9,2,True,10531,1,False,False,False,False,0.19999998807907104,1.0,0.8170679211616516,10,2163
1346,6,9,2,True,10531,1,False,False,False,False,0.4000000059604645,1.0,0.6352952122688293,10,8060
1346,7,9,2,True,10531,2,False,True,True,True,0.0,0.0,0.7400000095367432,9,3329
1346,8,10,1,True,10531,1,False,False,False,False,0.19999998807907104,1.0,0.846167802810669,11,4853
1346,9,3,8,True,10531,1,False,True,True,True,0.0,0.0,0.4745524227619171,3,8959
1346,10,7,4,True,10531,1,False,False,False,False,0.6000000238418579,3.0,0.7448490262031555,10,4075
1346,11,8,3,True,10531,1,False,False,False,False,0.3464101552963257,3.0,0.6026607155799866,11,4853
1346,12,5,6,True,10531,2,False,False,False,False,0.3464101552963257,3.0,0.6276941895484924,8,6874
1346,13,1,10,False,2992,110,True,True,True,True,0.0,0.0,0.019999995827674866,1,9018
1346,14,6,5,True,10531,1,False,False,False,False,0.6000000238418579,3.0,0.7116178870201111,9,10041
1346,15,9,2,True,10531,1,False,False,False,False,0.20000001788139343,1.0,0.7665507793426514,10,5808
1346,16,11,0,True,10531,1,False,,,,,,0.7927168607711792,11,8060
1346,17,10,1,True,10531,1,False,True,True,True,0.0,0.0,0.7720103859901428,10,1969
1346,18,7,4,True,10531,2,False,False,False,False,0.4898979365825653,3.0,0.7502000331878662,10,1969
1346,19,3,8,True,10531,1,False,False,False,False,0.3464101552963257,3.0,0.4660471975803375,6,73
1346,20,9,2,True,10531,1,False,True,True,True,0.0,0.0,0.7613146305084229,9,6271
1346,21,9,2,True,10531,1,False,True,True,True,0.0,0.0,0.7717512845993042,9,1969
1346,22,11,0,True,10531,1,False,,,,,,0.7927168607711792,11,8060
1346,23,6,5,True,10531,1,False,False,False,False,0.19999998807907104,1.0,0.6770524382591248,7,1957
1346,24,5,6,True,10531,2,False,False,False,False,0.4472135901451111,2.0,0.6884766221046448,7,6842
1346,25,9,2,True,10531,1,False,False,False,False,0.19999998807907104,1.0,0.6415606141090393,10,3329
1346,26,7,4,True,10531,1,False,False,False,False,0.4472135901451111,2.0,0.7230491042137146,9,3329
1346,27,8,3,True,10531,2,False,False,False,False,0.4472135901451111,2.0,0.7233256697654724,10,9382
1346,28,4,7,True,10531,1,False,False,False,False,0.4472135901451111,5.0,0.5878775715827942,9,2669
1346,29,11,0,True,10531,1,False,,,,,,0.7927168607711792,11,8060
1346,30,11,0,True,10531,1,False,,,,,,0.7927168607711792,11,8060
1346,31,1,10,False,573,29,True,True,True,True,0.0,0.0,0.019999995827674866,1,5881
5396,0,5,6,True,10531,1,False,False,False,False,0.19999998807907104,1.0,0.43127715587615967,6,5166
5396,1,1,10,False,5,1,True,False,False,False,0.800000011920929,5.0,0.8002499938011169,6,6271
5396,2,10,1,True,10531,1,False,True,True,True,0.0,0.0,0.7924644947052002,10,8060
5396,3,10,1,True,10531,1,False,False,False,False,0.20000001788139343,1.0,0.7874007821083069,11,8060
5396,4,11,0,True,10531,1,False,,,,,,0.7927168607711792,11,8060
5396,5,6,5,True,10531,1,False,True,True,True,0.0,0.0,0.44090816378593445,6,3321
5396,6,10,1,True,10531,1,False,True,True,True,0.0,0.0,0.7402702569961548,10,9382
5396,7,9,2,True,10531,1,False,True,True,True,0.0,0.0,0.44226688146591187,9,6271
5396,8,7,4,True,10531,2,False,True,True,True,0.0,0.0,0.5681549310684204,7,8305
5396,9,10,1,True,10531,1,False,True,True,True,0.0,0.0,0.7924644947052002,10,8060
5396,10,9,2,True,10531,1,False,False,False,False,0.20000001788139343,1.0,0.7871467471122742,10,8060
5396,11,11,0,True,10531,1,False,,,,,,0.7927168607711792,11,8060
5396,12,7,4,True,10531,1,False,False,False,False,0.19999998807907104,1.0,0.73403000831604,8,5290
5396,13,7,4,True,10531,1,False,False,False,False,0.2828426957130432,2.0,0.5681548714637756,9,7065
5396,14,4,7,True,10531,1,False,False,False,False,0.2828427255153656,2.0,0.5528110265731812,6,660
5396,15,10,1,True,10531,1,False,True,True,True,0.0,0.0,0.4939635396003723,10,8060
5396,16,9,2,True,10531,1,False,True,True,True,0.0,0.0,0.7400000095367432,9,9382
5396,17,7,4,True,10531,1,False,False,False,False,0.19999998807907104,1.0,0.48456165194511414,8,7262
5396,18,3,8,False,2,1,True,False,False,False,0.800000011920929,5.0,0.8007497191429138,8,6271
5396,19,3,8,True,10531,1,False,False,False,False,0.2828427255153656,2.0,0.552449107170105,5,660
5396,20,8,3,True,10531,1,False,False,False,False,0.40000003576278687,1.0,0.5959866046905518,9,6271
5396,21,5,6,True,10531,1,False,False,False,False,0.3464101552963257,3.0,0.4669046998023987,8,7285
5396,22,3,8,True,10531,1,False,True,True,True,0.0,0.0,0.31176915764808655,3,6220
5396,23,8,3,True,10531,2,False,True,True,True,0.0,0.0,0.7397297024726868,8,3329
5396,24,6,5,True,10531,1,False,False,False,False,0.2828427255153656,2.0,0.475815087556839,8,8060
5396,25,8,3,True,10531,1,False,False,False,False,0.2828426957130432,2.0,0.6717142462730408,10,5293
5396,26,5,6,True,10531,4,False,False,False,False,0.19999998807907104,1.0,0.5603570342063904,6,5608
5396,27,6,5,True,10531,1,False,False,False,False,0.2828427255153656,2.0,0.5953150987625122,8,9382
5396,28,7,4,True,10531,2,False,False,False,False,0.2828426957130432,2.0,0.5956509113311768,9,7904
5396,29,1,10,False,23,1,True,False,False,False,0.6928203105926514,6.0,0.6931089162826538,7,7950
5396,30,5,6,True,10531,1,False,False,False,False,0.2828426957130432,2.0,0.5234500765800476,7,3329
5396,31,3,8,True,10531,1,False,False,False,False,0.40000003576278687,4.0,0.4573839008808136,7,8060
8266,0,11,0,True,10531,1,False,,,,,,0.7927168607711792,11,8060
8266,1,8,3,True,10531,1,False,False,False,False,0.2828426957130432,2.0,0.5685067772865295,10,9896
8266,2,2,9,False,23,1,True,False,False,False,0.4898979365825653,6.0,0.4907137155532837,8,1162
8266,3,8,3,True,10531,1,False,False,False,False,0.2828426957130432,2.0,0.634980320930481,10,3329
8266,4,8,3,True,10531,1,False,True,True,True,0.0,0.0,0.6092618703842163,8,9382
8266,5,3,8,True,10531,2,False,False,False,False,0.2828426957130432,2.0,0.3594439923763275,5,8465
8266,6,3,8,False,3,2,True,False,False,False,0.4898979663848877,3.0,0.49112117290496826,6,419
8266,7,8,3,True,10531,1,False,False,False,False,0.3464101552963257,3.0,0.5614267587661743,11,8997
8266,8,1,10,False,23,1,True,False,False,False,0.6324555277824402,7.0,0.6327716708183289,8,1162
8266,9,7,4,True,10531,1,False,False,False,False,0.4898979365825653,3.0,0.6593936681747437,10,10041
8266,10,4,7,True,10531,1,False,False,False,False,0.4898979663848877,3.0,0.5810335278511047,7,8050
8266,11,6,5,True,10531,1,False,False,False,False,0.19999998807907104,1.0,0.516139566898346,7,9647
8266,12,9,2,True,10531,1,False,False,False,False,0.19999998807907104,1.0,0.6415606141090393,10,3329
8266,13,2,9,False,7,1,True,False,False,False,0.6633249521255493,5.0,0.6639277338981628,7,8865
8266,14,5,6,True,10531,2,False,False,False,False,0.4472135901451111,5.0,0.5458937883377075,10,5293
8266,15,5,6,True,10531,1,False,False,False,False,0.3464101552963257,3.0,0.6276941895484924,8,7275
8266,16,11,0,True,10531,1,False,,,,,,0.7927168607711792,11,8060
8266,17,9,2,True,10531,1,False,False,False,False,0.20000001788139343,1.0,0.7871467471122742,10,8060
8266,18,2,9,True,10531,4,False,False,False,False,0.3999999761581421,4.0,0.5067543983459473,6,5513
8266,19,4,7,True,10531,1,False,False,False,False,0.19999998807907104,1.0,0.5600000023841858,5,8465
8266,20,4,7,True,10531,1,False,False,False,False,0.4472135901451111,5.0,0.6881860494613647,9,2669
8266,21,7,4,True,10531,1,False,False,False,False,0.44721361994743347,2.0,0.6283311247825623,9,8060
8266,22,10,1,True,10531,1,False,False,False,False,0.19999998807907104,1.0,0.5761944055557251,11,4075
8266,23,5,6,True,10531,1,False,False,False,False,0.3464101552963257,3.0,0.7861297726631165,8,2669
8266,24,9,2,True,10531,1,False,False,False,False,0.4000000059604645,1.0,0.6352952122688293,10,8060
8266,25,5,6,True,10531,1,False,False,False,False,0.5656854510307312,5.0,0.6826419234275818,10,4075
8266,26,4,7,True,10531,1,False,False,False,False,0.3999999761581421,4.0,0.5075430870056152,8,6097
8266,27,11,0,True,10531,1,False,,,,,,0.7927168607711792,11,8060
8266,28,6,5,True,10531,2,False,False,False,False,0.3464101552963257,3.0,0.4673328399658203,9,9382
8266,29,7,4,True,10531,1,False,False,False,False,0.19999998807907104,1.0,0.6773477792739868,8,1969
8266,30,6,5,True,10531,9,False,False,False,False,0.19999998807907104,1.0,0.6019967198371887,7,3918
8266,31,3,8,True,10531,1,False,False,False,False,0.4472135901451111,5.0,0.5451605319976807,8,2669
7545,0,3,8,True,10531,1,False,False,False,False,0.19999998807907104,1.0,0.4303486943244934,4,6081
7545,1,10,1,True,10531,1,False,False,False,False,0.20000001788139343,1.0,0.7874007821083069,11,8060
7545,2,11,0,True,10531,1,False,,,,,,0.7927168607711792,11,8060
7545,3,2,9,True,10531,1,False,False,False,False,0.2828426957130432,2.0,0.5520869493484497,4,3115
7545,4,8,3,True,10531,1,False,False,False,False,0.2828426957130432,2.0,0.5245950818061829,10,4075
7545,5,10,1,True,10531,1,False,False,False,False,0.19999998807907104,1.0,0.5761944055557251,11,4075
7545,6,11,0,True,10531,1,False,,,,,,0.7927168607711792,11,8060
7545,7,10,1,True,10531,1,False,False,False,False,0.19999998807907104,1.0,0.846167802810669,11,4853
7545,8,9,2,True,10531,1,False,False,False,False,0.4000000059604645,1.0,0.5963220596313477,10,8060
7545,9,3,8,True,10531,1,False,False,False,False,0.5291502475738525,4.0,0.5737595558166504,7,7285
7545,10,3,8,True,10531,5,False,False,False,False,0.19999998807907104,1.0,0.3704051673412323,4,9456
7545,11,3,8,False,1,1,True,False,False,False,1.039230465888977,7.0,1.039807677268982,10,26
7545,12,7,4,True,10531,1,False,False,False,False,0.3464101552963257,3.0,0.5165268778800964,10,7285
7545,13,9,2,True,10531,1,False,False,False,False,0.19999998807907104,1.0,0.5758472084999084,10,4075
7545,14,7,4,True,10531,1,False,False,False,False,0.19999998807907104,1.0,0.6409368515014648,8,1484
7545,15,2,9,False,2,1,True,False,False,False,1.0198038816452026,9.0,1.0201960802078247,11,53
7545,16,5,6,True,10531,2,False,False,False,False,0.2828426957130432,2.0,0.4753945767879486,7,9119
7545,17,2,9,False,22,1,True,False,False,False,0.5999999642372131,6.0,0.6006662845611572,8,2244
7545,18,3,8,True,10531,1,False,False,False,False,0.3464101552963257,3.0,0.5875372290611267,6,8353
7545,19,1,10,False,26,4,True,False,False,False,0.4898979365825653,3.0,0.49030601978302,4,10094
7545,20,1,10,False,2992,5,True,True,True,True,0.0,0.0,0.019999995827674866,1,401
7545,21,6,5,True,10531,1,False,False,False,False,0.6000000238418579,3.0,0.7761443257331848,9,7267
7545,22,2,9,True,10531,3,False,False,False,False,0.3464101552963257,3.0,0.4656178653240204,5,4959
7545,23,2,9,False,1,1,True,False,False,False,1.1661903858184814,9.0,1.166533350944519,11,53
7545,24,10,1,True,10531,1,False,True,True,True,0.0,0.0,0.7402702569961548,10,8997
7545,25,10,1,True,10531,1,False,True,True,True,0.0,0.0,0.7402702569961548,10,8997
7545,26,6,5,True,10531,1,False,False,False,False,0.2828426957130432,2.0,0.5238320231437683,8,4075
7545,27,3,8,False,2,1,True,False,False,False,0.4472135901451111,5.0,0.448553204536438,8,8997
7545,28,8,3,True,10531,2,False,False,False,False,0.19999998807907104,1.0,0.8168231844902039,9,5670
7545,29,11,0,True,10531,1,False,,,,,,0.7927168607711792,11,8060
7545,30,4,7,True,10531,1,False,False,False,False,0.5291502475738525,4.0,0.6881860494613647,8,4821
7545,31,4,7,True,10531,6,False,False,False,False,0.19999998807907104,1.0,0.5153639912605286,5,4152
8005,0,1,10,False,5,1,True,False,False,False,0.7211102843284607,7.0,0.7213876247406006,8,8997
8005,1,4,7,True,10531,1,False,False,False,False,0.3999999761581421,4.0,0.5528109669685364,8,9382
8005,2,11,0,True,10531,1,False,,,,,,0.7927168607711792,11,8060
8005,3,3,8,True,10531,1,False,False,False,False,0.4472135901451111,5.0,0.6878953576087952,8,8050
8005,4,1,10,False,5,1,True,False,False,False,0.7211102843284607,7.0,0.7213876247406006,8,8997
8005,5,1,10,False,5,1,True,False,False,False,0.7211102843284607,7.0,0.7213876247406006,8,8997
8005,6,7,4,True,10531,1,False,False,False,False,0.2828426957130432,2.0,0.634665310382843,9,3329
8005,7,5,6,True,10531,1,False,False,False,False,0.3999999761581421,4.0,0.6942622065544128,9,1969
8005,8,9,2,True,10531,1,False,False,False,False,0.2828426957130432,2.0,0.8121576309204102,11,8060
8005,9,11,0,True,10531,1,False,,,,,,0.7927168607711792,11,8060
8005,10,7,4,True,10531,2,False,False,False,False,0.44721361994743347,2.0,0.7555131316184998,9,5293
8005,11,2,9,True,10531,1,False,True,True,True,0.0,0.0,0.4741308093070984,2,8005
8005,12,6,5,False,1,1,True,False,False,False,0.7211102247238159,4.0,0.722772479057312,10,26
8005,13,2,9,True,10531,1,False,False,False,False,0.4000000059604645,4.0,0.45694637298583984,6,8050
8005,14,2,9,True,10531,1,False,True,True,True,0.0,0.0,0.4741308093070984,2,8005
8005,15,3,8,True,10531,1,False,True,True,True,0.0,0.0,0.4745524525642395,3,8005
8005,16,4,7,True,10531,1,False,False,False,False,0.2828426957130432,2.0,0.42142611742019653,6,8050
8005,17,8,3,True,10531,1,False,False,False,False,0.2828427255153656,2.0,0.7610518932342529,10,5808
8005,18,8,3,True,10531,1,False,False,False,False,0.2828426957130432,2.0,0.7919596433639526,10,5808
8005,19,8,3,True,10531,1,False,False,False,False,0.4472135901451111,2.0,0.7557777762413025,10,9896
8005,20,8,3,True,10531,1,False,False,False,False,0.2828427255153656,2.0,0.7610518932342529,10,5808
8005,21,5,6,True,10531,1,False,False,False,False,0.3999999761581421,4.0,0.5949789881706238,9,1957
8005,22,7,4,True,10531,1,False,False,False,False,0.2828426957130432,2.0,0.634665310382843,9,8050
8005,23,10,1,True,10531,1,False,True,True,True,0.0,0.0,0.761577308177948,10,8060
8005,24,8,3,True,10531,2,False,False,False,False,0.40000003576278687,1.0,0.7288347482681274,9,5293
8005,25,4,7,True,10531,1,False,False,False,False,0.5656853914260864,5.0,0.6823488473892212,9,4075
8005,26,6,5,True,10531,1,False,False,False,False,0.6928203105926514,4.0,0.8212186098098755,10,7267
8005,27,3,8,False,263,3,True,False,False,False,0.4000000059604645,4.0,0.4014971852302551,7,10510
8005,28,7,4,True,10531,1,False,False,False,False,0.19999998807907104,1.0,0.48456162214279175,8,8050
8005,29,5,6,True,10531,1,False,False,False,False,0.2828426957130432,2.0,0.7280110120773315,7,2669
8005,30,1,10,False,3,1,True,False,False,False,0.8000000715255737,7.0,0.8002500534057617,8,8997
8005,31,10,1,True,10531,1,False,False,False,False,0.6000000238418579,1.0,0.7771744132041931,11,8060
7739,0,8,3,True,10531,1,False,False,False,False,0.19999998807907104,1.0,0.6412488222122192,9,3329
7739,1,5,6,True,10531,1,False,False,False,False,0.5291502475738525,4.0,0.6526867747306824,9,6436
7739,2,6,5,True,10531,1,False,False,False,False,0.2828426957130432,2.0,0.8114185333251953,8,2163
7739,3,1,10,False,23,1,True,False,False,False,0.6928203105926514,9.0,0.6931089162826538,10,2244
7739,4,1,10,False,1620,2,True,False,False,False,0.6324555277824402,4.0,0.6327716708183289,5,896
7739,5,3,8,True,10531,2,False,False,False,False,0.19999998807907104,1.0,0.3704051673412323,4,10082
7739,6,7,4,True,10531,1,False,False,False,False,0.3464101552963257,3.0,0.7866384387016296,10,5290
7739,7,8,3,True,10531,1,False,False,False,False,0.2828426957130432,2.0,0.6717142462730408,10,9896
7739,8,8,3,True,10531,1,False,False,False,False,0.19999998807907104,1.0,0.6412487626075745,9,3329
7739,9,6,5,True,10531,1,False,False,False,False,0.2828426957130432,2.0,0.5238320231437683,8,9896
7739,10,2,9,True,10531,1,False,False,False,False,0.3464101552963257,3.0,0.5871967077255249,5,9961
7739,11,10,1,True,10531,1,False,False,False,False,0.6000000238418579,1.0,0.7771744132041931,11,8060
7739,12,5,6,True,10531,1,False,False,False,False,0.19999998807907104,1.0,0.43127715587615967,6,9382
7739,13,8,3,True,10531,1,False,False,False,False,0.19999998807907104,1.0,0.5754997730255127,9,4075
7739,14,7,4,True,10531,1,False,False,False,False,0.19999998807907104,1.0,0.48456165194511414,8,9896
7739,15,8,3,True,10531,1,False,False,False,False,0.19999998807907104,1.0,0.6412488222122192,9,9382
7739,16,6,5,True,10531,1,False,False,False,False,0.3464101552963257,3.0,0.5161395072937012,9,6271
7739,17,2,9,False,2,2,True,False,False,False,0.9380831718444824,8.0,0.938509464263916,10,7522
7739,18,10,1,True,10531,2,False,True,True,True,0.0,0.0,0.7402702569961548,10,9382
7739,19,11,0,True,10531,1,False,,,,,,0.7927168607711792,11,8060
7739,20,7,4,True,10531,1,False,False,False,False,0.3464101552963257,3.0,0.6283311247825623,10,3329
7739,21,7,4,True,10531,2,False,False,False,False,0.19999998807907104,1.0,0.7005712389945984,8,10082
7739,22,11,0,True,10531,1,False,,,,,,0.7927168607711792,11,8060
7739,23,11,0,True,10531,1,False,,,,,,0.7927168607711792,11,8060
7739,24,8,3,True,10531,2,False,True,True,True,0.0,0.0,0.7065408825874329,8,3329
7739,25,2,9,False,1,1,True,False,False,False,0.8246211409568787,8.0,0.8251060843467712,10,53
7739,26,7,4,True,10531,1,False,False,False,False,0.20000001788139343,1.0,0.6409368515014648,8,5808
7739,27,6,5,True,10531,1,False,False,False,False,0.2828426957130432,2.0,0.5238320231437683,8,9896
7739,28,6,5,True,10531,1,False,False,False,False,0.2828426957130432,2.0,0.5238320231437683,8,4075
7739,29,1,10,False,1,1,True,False,False,False,1.0198038816452026,9.0,1.0199999809265137,10,53
7739,30,10,1,True,10531,1,False,False,False,False,0.19999998807907104,1.0,0.5761944055557251,11,4075
7739,31,4,7,True,10531,4,False,False,False,False,0.19999998807907104,1.0,0.3709447383880615,5,9842
10263,0,11,0,True,10531,1,False,,,,,,0.7927168607711792,11,8060
10263,1,2,9,False,1,1,True,False,False,False,1.2961480617523193,9.0,1.2964566946029663,11,53
10263,2,5,6,True,10531,1,False,False,False,False,0.19999998807907104,1.0,0.48373544216156006,6,1957
10263,3,2,9,False,52,8,True,False,False,False,0.3464101552963257,3.0,0.3475629389286041,5,409
10263,4,8,3,True,10531,1,False,False,False,False,0.3999999761581421,1.0,0.634980320930481,9,4075
10263,5,4,7,True,10531,1,False,False,False,False,0.2828426957130432,2.0,0.523067831993103,6,9700
10263,6,4,7,True,10531,2,False,False,False,False,0.19999998807907104,1.0,0.43081316351890564,5,2370
10263,7,1,10,False,23,1,True,False,False,False,0.7745966911315918,6.0,0.774854838848114,7,7950
10263,8,10,1,True,10531,2,False,False,False,False,0.19999998807907104,1.0,0.7668116092681885,11,3329
10263,9,7,4,True,10531,1,False,True,True,True,0.0,0.0,0.6089335083961487,7,1969
10263,10,9,2,True,10531,1,False,True,True,True,0.0,0.0,0.7922121286392212,9,4295
10263,11,3,8,True,10531,1,False,False,False,False,0.2828426957130432,2.0,0.552449107170105,5,9561
10263,12,5,6,True,10531,1,False,False,False,False,0.3464101552963257,3.0,0.5157518982887268,8,2841
10263,13,3,8,True,10531,2,False,False,False,False,0.2828426957130432,2.0,0.3594439923763275,5,3727
10263,14,4,7,False,1,1,True,False,False,False,0.9380831718444824,5.0,0.9389355778694153,9,26
10263,15,3,8,True,10531,4,False,False,False,False,0.2828426957130432,2.0,0.552449107170105,5,5086
10263,16,7,4,True,10531,2,False,False,False,False,0.4472135901451111,2.0,0.8359426259994507,9,9382
10263,17,11,0,True,10531,1,False,,,,,,0.7927168607711792,11,8060
10263,18,5,6,True,10531,1,False,True,True,True,0.0,0.0,0.4219004809856415,5,4152
10263,19,9,2,True,10531,1,False,False,False,False,0.4472135901451111,2.0,0.8364209532737732,11,9382
10263,20,6,5,True,10531,1,False,True,True,True,0.0,0.0,0.5678027868270874,6,8256
10263,21,3,8,True,10531,1,False,False,False,False,0.2828426957130432,2.0,0.4209512770175934,5,2127
10263,22,8,3,True,10531,1,False,False,False,False,0.4472135901451111,2.0,0.7233256697654724,10,9382
10263,23,2,9,False,1,1,True,False,False,False,1.1832159757614136,7.0,1.18355393409729,9,26
10263,24,7,4,True,10531,1,False,False,False,False,0.2828426957130432,2.0,0.6714164614677429,9,5808
10263,25,11,0,True,10531,1,False,,,,,,0.7927168607711792,11,8060
10263,26,4,7,True,10531,4,False,False,False,False,0.2828426957130432,2.0,0.5946427583694458,6,9530
10263,27,7,4,True,10531,1,False,False,False,False,0.4898979365825653,3.0,0.6219325065612793,10,9382
10263,28,11,0,True,10531,1,False,,,,,,0.7927168607711792,11,8060
10263,29,6,5,True,10531,1,False,False,False,False,0.5291502475738525,4.0,0.6529931426048279,10,4853
10263,30,6,5,True,10531,2,False,True,True,True,0.0,0.0,0.7059745192527771,6,2370
10263,31,7,4,True,10531,1,False,False,False,False,0.44721361994743347,2.0,0.6283311247825623,9,8060
5539,0,3,8,False,2,1,True,False,False,False,0.20000001788139343,1.0,0.20297783613204956,4,4152
5539,1,6,5,True,10531,1,False,False,False,False,0.19999998807907104,1.0,0.531413197517395,7,4295
5539,2,7,4,True,10531,1,False,False,False,False,0.4000000059604645,1.0,0.6948381066322327,8,7604
5539,3,1,10,False,3,1,True,False,False,False,0.9797959327697754,8.0,0.9800000786781311,9,8997
5539,4,1,10,False,10495,22,True,True,True,True,0.0,0.0,0.019999980926513672,1,3059
5539,5,2,9,False,2958,3,True,True,True,True,0.0,0.0,0.028284255415201187,2,9421
5539,6,10,1,True,10531,2,False,False,False,False,0.19999998807907104,1.0,0.7668116688728333,11,9382
5539,7,3,8,False,1,1,True,False,False,False,0.9591662883758545,4.0,0.9597916603088379,7,9647
5539,8,8,3,True,10531,1,False,False,False,False,0.3464101552963257,3.0,0.8361818194389343,11,4853
5539,9,3,8,False,220,3,True,True,True,True,0.0,0.0,0.03464100882411003,3,9179
5539,10,3,8,False,1,1,True,False,False,False,1.1832159757614136,8.0,1.183722972869873,11,53
5539,11,4,7,False,1,1,True,False,False,False,1.216552495956421,7.0,1.2172099351882935,11,26
5539,12,1,10,False,5,1,True,False,False,False,0.9797959327697754,8.0,0.9800000786781311,9,8997
5539,13,2,9,False,53,4,True,False,False,False,0.19999998807907104,1.0,0.20199008285999298,3,2666
5539,14,7,4,True,10531,1,False,False,False,False,0.2828426957130432,2.0,0.7607890963554382,9,9382
5539,15,9,2,True,10531,1,False,True,True,True,0.0,0.0,0.8219488859176636,9,7267
5539,16,9,2,True,10531,1,False,False,False,False,0.2828426957130432,2.0,0.7613146901130676,11,9382
5539,17,5,6,True,10531,2,False,False,False,False,0.3464101552963257,3.0,0.5882176756858826,8,10082
5539,18,4,7,True,10531,2,False,False,False,False,0.19999998807907104,1.0,0.43081316351890564,5,917
5539,19,8,3,True,10531,1,False,True,True,True,0.0,0.0,0.7397297024726868,8,3329
5539,20,9,2,True,10531,1,False,True,True,True,0.0,0.0,0.7717512845993042,9,1969
5539,21,11,0,True,10531,1,False,,,,,,0.7927168607711792,11,8060
5539,22,11,0,True,10531,1,False,,,,,,0.7927168607711792,11,8060
5539,23,5,6,True,10531,1,False,False,False,False,0.4000000059604645,1.0,0.5531726479530334,6,10041
5539,24,2,9,True,10531,4,False,True,True,True,0.0,0.0,0.42047595977783203,2,723
5539,25,11,0,True,10531,1,False,,,,,,0.7927168607711792,11,8060
5539,26,4,7,False,1,1,True,False,False,False,1.216552495956421,7.0,1.2172099351882935,11,26
5539,27,3,8,False,1,1,True,False,False,False,1.1832159757614136,8.0,1.183722972869873,11,53
5539,28,11,0,True,10531,1,False,,,,,,0.7927168607711792,11,8060
5539,29,1,10,False,5,1,True,False,False,False,0.9797959327697754,8.0,0.9800000786781311,9,8997
5539,30,6,5,True,10531,1,False,False,False,False,0.19999998807907104,1.0,0.531413197517395,7,9700
5539,31,7,4,True,10531,1,False,False,False,False,0.4898979663848877,3.0,0.7174956798553467,10,9382
990,0,2,9,False,10445,13,True,True,True,True,0.0,0.0,0.028284244239330292,2,5726
990,1,1,10,False,53,1,True,False,False,False,0.20000001788139343,1.0,0.20099753141403198,2,10054
990,2,9,2,True,10531,1,False,False,False,False,0.3999999761581421,1.0,0.6720119118690491,10,4075
990,3,10,1,True,10531,1,False,True,True,True,0.0,0.0,0.7924644947052002,10,8060
990,4,9,2,True,10531,1,False,False,False,False,0.19999998807907104,1.0,0.6779380440711975,10,7204
990,5,1,10,False,2992,4,True,True,True,True,0.0,0.0,0.019999995827674866,1,8519
990,6,6,5,True,10531,1,False,False,False,False,0.3464101552963257,3.0,0.7552483677864075,9,6874
990,7,7,4,True,10531,6,False,False,False,False,0.2828426957130432,2.0,0.47623521089553833,9,2966
990,8,6,5,True,10531,1,False,False,False,False,0.19999998807907104,1.0,0.4841487407684326,7,1969
990,9,10,1,True,10531,1,False,True,True,True,0.0,0.0,0.8221921920776367,10,7267
990,10,6,5,True,10531,1,False,False,False,False,0.4000000059604645,1.0,0.6590902805328369,7,6344
990,11,2,9,False,1,1,True,False,False,False,1.2961480617523193,9.0,1.2964566946029663,11,53
990,12,4,7,True,10531,6,False,False,False,False,0.2828426957130432,2.0,0.42142611742019653,6,4147
990,13,6,5,True,10531,1,False,False,False,False,0.19999998807907104,1.0,0.6770524382591248,7,9950
990,14,9,2,True,10531,1,False,False,False,False,0.19999998807907104,1.0,0.5758472084999084,10,7267
990,15,1,10,False,1620,2,True,True,True,True,0.0,0.0,0.02000001072883606,1,994
990,16,1,10,False,10446,13,True,True,True,True,0.0,0.0,0.019999980926513672,1,2527
990,17,1,10,False,1620,2,True,True,True,True,0.0,0.0,0.02000001072883606,1,10050
990,18,4,7,True,10531,2,False,False,False,False,0.3464101552963257,3.0,0.46647611260414124,7,9147
990,19,7,4,True,10531,1,False,False,False,False,0.19999998807907104,1.0,0.6023288369178772,8,1969
990,20,9,2,True,10531,1,False,False,False,False,0.20000001788139343,1.0,0.6415606141090393,10,9382
990,21,3,8,False,1,1,True,False,False,False,1.1135529279708862,8.0,1.1140915155410767,11,26
990,22,11,0,True,10531,1,False,,,,,,0.7927168607711792,11,8060
990,23,7,4,True,10531,1,False,False,False,False,0.4898979663848877,3.0,0.7502000331878662,10,9382
990,24,9,2,True,10531,1,False,False,False,False,0.2828426957130432,2.0,0.7922121286392212,11,5293
990,25,4,7,True,10531,6,False,True,True,True,0.0,0.0,0.31240999698638916,4,6376
990,26,7,4,True,10531,1,False,False,False,False,0.19999998807907104,1.0,0.48456165194511414,8,2163
990,27,9,2,True,10531,1,False,False,False,False,0.3999999761581421,1.0,0.6720119118690491,10,4075
990,28,7,4,True,10531,1,False,False,False,False,0.2828426957130432,2.0,0.5242136716842651,9,3329
990,29,1,10,False,573,4,True,False,False,False,0.4000000059604645,1.0,0.40049970149993896,2,8021
990,30,8,3,True,10531,1,False,False,False,False,0.19999998807907104,1.0,0.5754997730255127,9,7267
990,31,2,9,False,3,1,True,False,False,False,0.8944271802902222,6.0,0.8948743343353271,8,8997
2120,0,4,7,True,10531,5,False,False,False,False,0.19999998807907104,1.0,0.6645299196243286,5,3310
2120,1,1,10,False,573,7,True,False,False,False,0.19999998807907104,1.0,0.2009975016117096,2,8021
2120,2,9,2,True,10531,1,False,False,False,False,0.4000000059604645,1.0,0.5963220596313477,10,8060
2120,3,11,0,True,10531,1,False,,,,,,0.7927168607711792,11,8060
2120,4,5,6,True,10531,1,False,False,False,False,0.19999998807907104,1.0,0.3714834749698639,6,6869
2120,5,4,7,True,10531,1,False,False,False,False,0.3999999761581421,4.0,0.65848308801651,8,5598
2120,6,3,8,False,1,1,True,False,False,False,1.1832159757614136,7.0,1.183722972869873,10,6271
2120,7,11,0,True,10531,1,False,,,,,,0.7927168607711792,11,8060
2120,8,6,5,True,10531,1,False,False,False,False,0.4000000059604645,1.0,0.6945502161979675,7,9119
2120,9,6,5,True,10531,1,False,False,False,False,0.3999999761581421,4.0,0.7812809944152832,10,5598
2120,10,5,6,True,10531,1,False,False,False,False,0.4000000059604645,1.0,0.5949790477752686,6,2163
2120,11,9,2,True,10531,1,False,False,False,False,0.2828426957130432,2.0,0.6720119118690491,11,3329
2120,12,10,1,True,10531,1,False,False,False,False,0.19999998807907104,1.0,0.846167802810669,11,4853
2120,13,1,10,False,573,7,True,False,False,False,0.19999998807907104,1.0,0.2009975016117096,2,7734
2120,14,8,3,True,10531,1,False,True,True,True,0.0,0.0,0.6717142462730408,8,9536
2120,15,8,3,True,10531,1,False,False,False,False,0.4000000059604645,1.0,0.8872429132461548,9,7267
2120,16,8,3,True,10531,1,False,False,False,False,0.2828426957130432,2.0,0.7610518932342529,10,3329
2120,17,5,6,True,10531,1,False,False,False,False,0.2828426957130432,2.0,0.4753945469856262,7,7258
2120,18,10,1,True,10531,1,False,False,False,False,0.3999999761581421,1.0,0.6723094582557678,11,4075
2120,19,6,5,True,10531,1,False,False,False,False,0.2828426957130432,2.0,0.5953150391578674,8,8997
2120,20,7,4,True,10531,1,False,False,False,False,0.2828426957130432,2.0,0.6593936681747437,9,423
2120,21,10,1,True,10531,1,False,False,False,False,0.3999999761581421,1.0,0.6723094582557678,11,4075
2120,22,9,2,True,10531,1,False,False,False,False,0.4000000059604645,1.0,0.8121576905250549,10,8997
2120,23,2,9,False,22,1,True,False,False,False,0.800000011920929,5.0,0.8004998564720154,7,1162
2120,24,9,2,True,10531,1,False,False,False,False,0.3999999761581421,1.0,0.5963220596313477,10,6271
2120,25,6,5,True,10531,1,False,False,False,False,0.2828426957130432,2.0,0.5238320231437683,8,5069
2120,26,9,2,True,10531,1,False,False,False,False,0.2828426957130432,2.0,0.6720119118690491,11,3329
2120,27,9,2,True,10531,1,False,True,True,True,0.0,0.0,0.49355849623680115,9,8060
2120,28,9,2,True,10531,1,False,False,False,False,0.4000000059604645,1.0,0.5963220596313477,10,8060
2120,29,8,3,True,10531,1,False,False,False,False,0.44721361994743347,2.0,0.6286493539810181,10,8060
2120,30,6,5,True,10531,1,False,False,False,False,0.19999998807907104,1.0,0.516139566898346,7,5640
2120,31,7,4,True,10531,1,False,True,True,True,0.0,0.0,0.7712328433990479,7,9950
7339,0,3,8,True,10531,1,False,False,False,False,0.2828426957130432,2.0,0.4209512770175934,5,8005
7339,1,6,5,True,10531,3,False,False,False,False,0.20000001788139343,1.0,0.733757495880127,7,8050
7339,2,5,6,True,10531,2,False,False,False,False,0.2828426957130432,2.0,0.5234500765800476,7,6873
7339,3,9,2,True,10531,1,False,False,False,False,0.3999999761581421,1.0,0.6720119118690491,10,4075
7339,4,2,9,False,1,1,True,False,False,False,1.2806248664855957,8.0,1.2809370756149292,10,26
7339,5,4,7,True,10531,1,False,False,False,False,0.19999998807907104,1.0,0.430813193321228,5,10226
7339,6,4,7,True,10531,1,False,False,False,False,0.19999998807907104,1.0,0.4664761424064636,5,7433
7339,7,5,6,True,10531,2,False,False,False,False,0.19999998807907104,1.0,0.43127715587615967,6,371
7339,8,8,3,True,10531,2,False,False,False,False,0.2828426957130432,2.0,0.8409518599510193,10,10082
7339,9,7,4,True,10531,1,False,False,False,False,0.3999999761581421,1.0,0.6948381066322327,8,1163
7339,10,11,0,True,10531,1,False,,,,,,0.7927168607711792,11,8060
7339,11,1,10,False,10495,91,True,True,True,True,0.0,0.0,0.019999980926513672,1,5238
7339,12,6,5,True,10531,1,False,True,True,True,0.0,0.0,0.6711184978485107,6,5839
7339,13,4,7,True,10531,1,False,False,False,False,0.19999998807907104,1.0,0.5600000023841858,5,987
7339,14,3,8,True,10531,2,False,False,False,False,0.19999998807907104,1.0,0.5149757266044617,4,2145
7339,15,7,4,True,10531,1,False,False,False,False,0.19999998807907104,1.0,0.7660287618637085,8,1954
7339,16,6,5,True,10531,1,False,False,False,False,0.2828426957130432,2.0,0.7914543747901917,8,9961
7339,17,4,7,True,10531,3,False,False,False,False,0.19999998807907104,1.0,0.29933255910873413,5,336
7339,18,4,7,True,10531,1,False,False,False,False,0.2828427255153656,2.0,0.5946427583694458,6,9700
7339,19,5,6,True,10531,1,False,False,False,False,0.19999998807907104,1.0,0.5157518982887268,6,7254
7339,20,2,9,True,10531,1,False,False,False,False,0.19999998807907104,1.0,0.5145872235298157,3,7787
7339,21,2,9,False,1,1,True,False,False,False,1.2489995956420898,9.0,1.2493197917938232,11,53
7339,22,3,8,True,10531,3,False,False,False,False,0.19999998807907104,1.0,0.3704051673412323,4,6512
7339,23,7,4,True,10531,7,False,False,False,False,0.19999998807907104,1.0,0.561070442199707,8,9849
7339,24,9,2,True,10531,1,False,True,True,True,0.0,0.0,0.8219488859176636,9,7267
7339,25,2,9,False,22,1,True,False,False,False,0.800000011920929,5.0,0.8004998564720154,7,2244
7339,26,9,2,True,10531,1,False,False,False,False,0.4472135901451111,2.0,0.6660330295562744,11,4075
7339,27,4,7,True,10531,1,False,False,False,False,0.19999998807907104,1.0,0.3709447383880615,5,697
7339,28,5,6,True,10531,2,False,False,False,False,0.3464101552963257,3.0,0.5882176756858826,8,10082
7339,29,3,8,True,10531,2,False,False,False,False,0.19999998807907104,1.0,0.4303486943244934,4,10112
7339,30,11,0,True,10531,1,False,,,,,,0.7927168607711792,11,8060
7339,31,1,10,False,1620,11,True,True,True,True,0.0,0.0,0.02000001072883606,1,9432
904,0,11,0,True,10531,1,False,,,,,,0.7927168607711792,11,8060
904,1,7,4,True,10531,1,False,False,False,False,0.6000000238418579,3.0,0.7118988633155823,10,8060
904,2,9,2,True,10531,1,False,True,True,True,0.0,0.0,0.8219488859176636,9,7267
904,3,4,7,True,10531,2,False,False,False,False,0.3464101552963257,3.0,0.6273754835128784,7,2388
904,4,6,5,True,10531,1,False,False,False,False,0.4898979663848877,3.0,0.8593020439147949,9,2669
904,5,10,1,True,10531,1,False,True,True,True,0.0,0.0,0.8221921920776367,10,7267
904,6,8,3,True,10531,1,False,False,False,False,0.19999998807907104,1.0,0.7868926525115967,9,5640
904,7,10,1,True,10531,1,False,False,False,False,0.3999999761581421,1.0,0.6723094582557678,11,4075
904,8,6,5,True,10531,1,False,True,True,True,0.0,0.0,0.6086049675941467,6,1957
904,9,3,8,False,3,1,True,False,False,False,0.2828426957130432,2.0,0.2849561274051666,5,419
904,10,10,1,True,10531,1,False,False,False,False,0.3999999761581421,1.0,0.6723094582557678,11,4075
904,11,3,8,True,10531,1,False,False,False,False,0.2828426957130432,2.0,0.552449107170105,5,9172
904,12,3,8,True,10531,5,False,True,True,True,0.0,0.0,0.3810511827468872,3,6882
904,13,1,10,False,26,3,True,False,False,False,0.2828426957130432,2.0,0.28354892134666443,3,723
904,14,9,2,True,10531,1,False,False,False,False,0.4000000059604645,1.0,0.8411896824836731,10,1969
904,15,2,9,True,10531,2,False,False,False,False,0.3464101552963257,3.0,0.5447935461997986,5,7150
904,16,3,8,True,10531,2,False,False,False,False,0.19999998807907104,1.0,0.2986636757850647,4,336
904,17,8,3,True,10531,1,False,True,True,True,0.0,0.0,0.7610518932342529,8,6271
904,18,3,8,True,10531,9,False,False,False,False,0.2828426957130432,2.0,0.5943063497543335,5,5269
904,19,3,8,True,10531,2,False,True,True,True,0.0,0.0,0.4745524525642395,3,8021
904,20,6,5,True,10531,1,False,False,False,False,0.19999998807907104,1.0,0.6019967198371887,7,9382
904,21,4,7,True,10531,1,False,True,True,True,0.0,0.0,0.65848308801651,4,6335
904,22,11,0,True,10531,1,False,,,,,,0.7927168607711792,11,8060
904,23,3,8,True,10531,1,False,False,False,False,0.2828426957130432,2.0,0.4209512770175934,5,878
904,24,10,1,True,10531,1,False,True,True,True,0.0,0.0,0.7720103859901428,10,1969
904,25,6,5,True,10531,1,False,False,False,False,0.19999998807907104,1.0,0.6406247019767761,7,1969
904,26,5,6,True,10531,3,False,False,False,False,0.19999998807907104,1.0,0.6016643643379211,6,7527
904,27,6,5,True,10531,3,False,False,False,False,0.19999998807907104,1.0,0.6019967198371887,7,3294
904,28,1,10,False,3,1,True,False,False,False,1.0770330429077148,7.0,1.0772186517715454,8,8997
904,29,8,3,True,10531,1,False,False,False,False,0.6000000238418579,3.0,0.7121797800064087,11,8060
904,30,10,1,True,10531,1,False,False,False,False,0.19999998807907104,1.0,0.5329164862632751,11,8060
904,31,2,9,True,10531,3,False,False,False,False,0.19999998807907104,1.0,0.369864821434021,3,634
9037,0,3,8,False,220,4,True,False,False,False,0.4000000059604645,1.0,0.4014972150325775,4,5436
9037,1,10,1,True,10531,1,False,True,True,True,0.0,0.0,0.7924644947052002,10,8060
9037,2,11,0,True,10531,1,False,,,,,,0.7927168607711792,11,8060
9037,3,6,5,True,10531,1,False,False,False,False,0.3464101552963257,3.0,0.5161395072937012,9,6047
9037,4,6,5,True,10531,1,False,False,False,False,0.5291502475738525,4.0,0.6887670159339905,10,4853
9037,5,1,10,False,573,7,True,True,True,True,0.0,0.0,0.019999995827674866,1,293
9037,6,6,5,True,10531,4,False,False,False,False,0.19999998807907104,1.0,0.5607138276100159,7,6007
9037,7,8,3,True,10531,1,False,True,True,True,0.0,0.0,0.7397297024726868,8,8997
9037,8,4,7,True,10531,2,False,False,False,False,0.3464101552963257,3.0,0.4664761424064636,7,237
9037,9,1,10,False,573,7,True,True,True,True,0.0,0.0,0.019999995827674866,1,9548
9037,10,8,3,True,10531,1,False,False,False,False,0.4472135901451111,2.0,0.6657326817512512,10,4075
9037,11,1,10,False,5,1,True,False,False,False,0.7745966911315918,6.0,0.774854838848114,7,6271
9037,12,5,6,True,10531,1,False,True,True,True,0.0,0.0,0.382099449634552,5,9643
9037,13,6,5,True,10531,1,False,False,False,False,0.19999998807907104,1.0,0.516139566898346,7,9647
9037,14,8,3,True,10531,1,False,False,False,False,0.44721361994743347,2.0,0.6286493539810181,10,8060
9037,15,2,9,False,10445,110,True,True,True,True,0.0,0.0,0.028284244239330292,2,328
9037,16,11,0,True,10531,1,False,,,,,,0.7927168607711792,11,8060
9037,17,7,4,True,10531,1,False,False,False,False,0.4472135901451111,2.0,0.7230491042137146,9,3329
9037,18,1,10,False,1,1,True,False,False,False,1.4422204494476318,10.0,1.442359209060669,11,53
9037,19,2,9,False,1,1,True,False,False,False,1.3114876747131348,9.0,1.3117927312850952,11,53
9037,20,3,8,True,10531,2,False,False,False,False,0.2828426957130432,2.0,0.4209512770175934,5,811
9037,21,5,6,True,10531,1,False,False,False,False,0.2828426957130432,2.0,0.6340346932411194,7,1969
9037,22,1,10,False,1620,4,True,False,False,False,0.4000000059604645,1.0,0.40049970149993896,2,7087
9037,23,2,9,False,1,1,True,False,False,False,1.4282857179641724,9.0,1.4285657405853271,11,53
9037,24,3,8,True,10531,1,False,True,True,True,0.0,0.0,0.4745524525642395,3,1423
9037,25,6,5,True,10531,2,False,False,False,False,0.4472135901451111,2.0,0.722772479057312,8,9382
9037,26,4,7,False,1,1,True,False,False,False,0.4472135901451111,2.0,0.44899889826774597,6,9647
9037,27,8,3,True,10531,1,False,True,True,True,0.0,0.0,0.7714921236038208,8,1969
9037,28,4,7,True,10531,2,False,True,True,True,0.0,0.0,0.5946428179740906,4,9923
9037,29,5,6,True,10531,1,False,False,False,False,0.19999998807907104,1.0,0.48373547196388245,6,1969
9037,30,11,0,True,10531,1,False,,,,,,0.7927168607711792,11,8060
9037,31,8,3,True,10531,1,False,False,False,False,0.19999998807907104,1.0,0.6412487626075745,9,3329
4558,0,8,3,True,10531,2,False,False,False,False,0.4472135901451111,2.0,0.8361818790435791,10,3329
4558,1,8,3,True,10531,1,False,False,False,False,0.2828426957130432,2.0,0.7610519528388977,10,6874
4558,2,6,5,True,10531,1,False,False,False,False,0.5656854510307312,2.0,0.6829348802566528,8,6271
4558,3,6,5,True,10531,1,False,False,False,False,0.2828426957130432,2.0,0.634350061416626,8,3329
4558,4,10,1,True,10531,1,False,False,False,False,0.4000000059604645,1.0,0.6356099247932434,11,8060
4558,5,9,2,True,10531,1,False,True,True,True,0.0,0.0,0.7613146305084229,9,6271
4558,6,7,4,True,10531,1,False,False,False,False,0.4472135901451111,2.0,0.5888972878456116,9,9382
4558,7,5,6,True,10531,1,False,False,False,False,0.20000000298023224,1.0,0.48373547196388245,6,6271
4558,8,8,3,True,10531,1,False,False,False,False,0.4000000059604645,1.0,0.8313844203948975,9,6271
4558,9,3,8,True,10531,3,False,False,False,False,0.3464101552963257,3.0,0.5875372290611267,6,6874
4558,10,6,5,True,10531,1,False,False,False,False,0.19999998807907104,1.0,0.733757495880127,7,5290
4558,11,8,3,True,10531,1,False,False,False,False,0.44721361994743347,2.0,0.6286493539810181,10,4075
4558,12,3,8,True,10531,1,False,False,False,False,0.20000001788139343,1.0,0.2986637055873871,4,10052
4558,13,4,7,True,10531,1,False,False,False,False,0.2828426957130432,2.0,0.5528110265731812,6,5640
4558,14,7,4,True,10531,1,False,False,False,False,0.4898979663848877,3.0,0.6219325065612793,10,8060
4558,15,7,4,True,10531,1,False,False,False,False,0.19999998807907104,1.0,0.6773477792739868,8,1969
4558,16,6,5,True,10531,1,False,False,False,False,0.20000001788139343,1.0,0.4317406713962555,7,6271
4558,17,11,0,True,10531,1,False,,,,,,0.7927168607711792,11,8060
4558,18,10,1,True,10531,2,False,True,True,True,0.0,0.0,0.7402702569961548,10,3329
4558,19,3,8,True,10531,2,False,False,False,False,0.2828426957130432,2.0,0.4209512770175934,5,3321
4558,20,3,8,True,10531,1,False,False,False,False,0.4472135901451111,2.0,0.5451605319976807,5,5991
4558,21,2,9,False,25,1,True,False,False,False,0.6324555277824402,4.0,0.6330876350402832,6,4152
4558,22,9,2,True,10531,1,False,False,False,False,0.20000001788139343,1.0,0.5325410962104797,10,4075
4558,23,4,7,True,10531,1,False,False,False,False,0.2828426957130432,2.0,0.5528109669685364,6,6943
4558,24,3,8,True,10531,1,False,False,False,False,0.3464101552963257,3.0,0.4660471975803375,6,237
4558,25,1,10,False,1620,4,True,False,False,False,0.3464101552963257,3.0,0.3469870388507843,4,6461
4558,26,1,10,False,1620,4,True,False,False,False,0.34641018509864807,3.0,0.3469870686531067,4,4092
4558,27,3,8,False,220,4,True,False,False,False,0.34641018509864807,3.0,0.34813791513442993,6,4092
4558,28,9,2,True,10531,1,False,False,False,False,0.44721361994743347,2.0,0.6289674043655396,11,8060
4558,29,9,2,True,10531,1,False,False,False,False,0.20000001788139343,1.0,0.5325410962104797,10,4075
4558,30,3,8,False,23,7,True,False,False,False,0.7745966911315918,4.0,0.7753708958625793,7,10094
4558,31,10,1,True,10531,1,False,True,True,True,0.0,0.0,0.7924644947052002,10,8060
4620,0,3,8,True,10531,1,False,False,False,False,0.3999999761581421,4.0,0.6206448078155518,7,7830
4620,1,10,1,True,10531,1,False,False,False,False,0.19999998807907104,1.0,0.7974960803985596,11,1969
4620,2,6,5,True,10531,5,False,False,False,False,0.3464101552963257,3.0,0.8546344637870789,9,7536
4620,3,9,2,True,10531,1,False,False,False,False,0.19999998807907104,1.0,0.6415606141090393,10,7285
4620,4,8,3,True,10531,1,False,False,False,False,0.3999999761581421,1.0,0.7288347482681274,9,8050
4620,5,9,2,True,10531,1,False,False,False,False,0.19999998807907104,1.0,0.7345747351646423,10,8997
4620,6,4,7,True,10531,1,False,False,False,False,0.5656853914260864,5.0,0.7054076790809631,9,4527
4620,7,2,9,False,1,1,True,False,False,False,1.0,8.0,1.0003998279571533,10,53
4620,8,1,10,False,10446,23,True,False,False,False,0.19999998807907104,1.0,0.2009975016117096,2,6186
4620,9,7,4,True,10531,1,False,False,False,False,0.4898979365825653,3.0,0.5392587184906006,10,26
4620,10,8,3,True,10531,4,False,False,False,False,0.2828426957130432,2.0,0.634980320930481,10,6011
4620,11,2,9,True,10531,1,False,False,False,False,0.3999999761581421,4.0,0.6203224658966064,6,9863
4620,12,7,4,True,10531,4,False,False,False,False,0.3464101552963257,3.0,0.5165268778800964,10,4147
4620,13,8,3,True,10531,1,False,False,False,False,0.6633249521255493,3.0,0.8551023602485657,11,4075
4620,14,6,5,True,10531,1,False,False,False,False,0.3999999761581421,4.0,0.8593020439147949,10,4046
4620,15,3,8,True,10531,1,False,False,False,False,0.4472135901451111,5.0,0.7437741756439209,8,10478
4620,16,11,0,True,10531,1,False,,,,,,0.7927168607711792,11,8060
4620,17,3,8,True,10531,3,False,False,False,False,0.3999999761581421,4.0,0.7491328716278076,7,9241
4620,18,5,6,True,10531,1,False,False,False,False,0.4472135901451111,2.0,0.7224956750869751,7,9950
4620,19,4,7,True,10531,1,False,False,False,False,0.3999999761581421,4.0,0.65848308801651,8,1960
4620,20,8,3,True,10531,1,False,False,False,False,0.3464101552963257,3.0,0.516913890838623,11,6271
4620,21,7,4,True,10531,1,False,False,False,False,0.4898979365825653,3.0,0.6593936681747437,10,1969
4620,22,8,3,True,10531,1,False,False,False,False,0.3464101552963257,3.0,0.700856626033783,11,1969
4620,23,1,10,False,23,5,True,False,False,False,0.8246211409568787,6.0,0.8248636722564697,7,8046
4620,24,10,1,True,10531,2,False,True,True,True,0.0,0.0,0.7402702569961548,10,3329
4620,25,10,1,True,10531,1,False,False,False,False,0.19999998807907104,1.0,0.846167802810669,11,4853
4620,26,1,10,False,2992,30,True,False,False,False,0.2828426957130432,2.0,0.28354892134666443,3,8788
4620,27,4,7,True,10531,1,False,False,False,False,0.2828426957130432,2.0,0.6939740777015686,6,7750
4620,28,5,6,True,10531,1,False,False,False,False,0.2828426957130432,2.0,0.8306624293327332,7,6335
4620,29,6,5,True,10531,1,False,False,False,False,0.2828426957130432,2.0,0.671118438243866,8,9700
4620,30,6,5,True,10531,1,False,False,False,False,0.2828426957130432,2.0,0.5238320231437683,8,7204
4620,31,3,8,False,1,1,True,False,False,False,1.1489125490188599,7.0,1.1494346857070923,10,53
6891,0,9,2,True,10531,1,False,False,False,False,0.2828426957130432,2.0,0.7068238854408264,11,7204
6891,1,7,4,True,10531,1,False,False,False,False,0.19999998807907104,1.0,0.73403000831604,8,9961
6891,2,11,0,True,10531,1,False,,,,,,0.7927168607711792,11,8060
6891,3,8,3,True,10531,1,False,False,False,False,0.3464101552963257,3.0,0.700856626033783,11,5293
6891,4,6,5,True,10531,1,False,False,False,False,0.3464101552963257,3.0,0.5607138276100159,9,4782
6891,5,7,4,True,10531,1,False,True,True,True,0.0,0.0,0.6471476554870605,7,9950
6891,6,11,0,True,10531,1,False,,,,,,0.7927168607711792,11,8060
6891,7,1,10,False,1,1,True,False,False,False,1.2649110555648804,10.0,1.2650691270828247,11,53
6891,8,5,6,True,10531,1,False,False,False,False,0.2828426957130432,2.0,0.4753945469856262,7,1969
6891,9,3,8,False,1,1,True,False,False,False,0.4472135901451111,2.0,0.4485532343387604,5,6335
6891,10,11,0,True,10531,1,False,,,,,,0.7927168607711792,11,8060
6891,11,8,3,True,10531,1,False,False,False,False,0.4000000059604645,1.0,0.6717142462730408,9,7267
6891,12,11,0,True,10531,1,False,,,,,,0.7927168607711792,11,8060
6891,13,4,7,True,10531,1,False,False,False,False,0.19999998807907104,1.0,0.6881860494613647,5,6335
6891,14,4,7,False,1,1,True,False,False,False,0.7745966911315918,6.0,0.7756288051605225,10,26
6891,15,7,4,True,10531,1,False,False,False,False,0.4000000059604645,4.0,0.5956509113311768,11,5293
6891,16,10,1,True,10531,1,False,False,False,False,0.19999998807907104,1.0,0.846167802810669,11,4853
6891,17,9,2,True,10531,2,False,False,False,False,0.4472135901451111,2.0,0.836421012878418,11,3329
6891,18,10,1,True,10531,1,False,True,True,True,0.0,0.0,0.7720103859901428,10,1969
6891,19,9,2,True,10531,1,False,False,False,False,0.2828426957130432,2.0,0.7922121286392212,11,5293
6891,20,2,9,False,1620,2,True,False,False,False,0.2828427255153656,2.0,0.28425341844558716,4,994
6891,21,1,10,False,10446,16,True,True,True,True,0.0,0.0,0.019999980926513672,1,5162
6891,22,7,4,True,10531,2,False,False,False,False,0.3464101552963257,3.0,0.7555131316184998,10,10082
6891,23,4,7,True,10531,1,False,True,True,True,0.0,0.0,0.31240999698638916,4,9691
6891,24,8,3,True,10531,1,False,False,False,False,0.6324555277824402,2.0,0.8313844203948975,10,4075
6891,25,3,8,True,10531,2,False,False,False,False,0.19999998807907104,1.0,0.4303486943244934,4,1957
6891,26,11,0,True,10531,1,False,,,,,,0.7927168607711792,11,8060
6891,27,8,3,True,10531,1,False,True,True,True,0.0,0.0,0.7610518932342529,8,10041
6891,28,2,9,False,1,1,True,False,False,False,1.1135528087615967,9.0,1.1139119863510132,11,53
6891,29,3,8,True,10531,1,False,False,False,False,0.19999998807907104,1.0,0.3704051673412323,4,8061
6891,30,11,0,True,10531,1,False,,,,,,0.7927168607711792,11,8060
6891,31,11,0,True,10531,1,False,,,,,,0.7927168607711792,11,8060
8149,0,3,8,True,10531,1,False,False,False,False,0.2828426957130432,2.0,0.5071489214897156,5,9647
8149,1,9,2,True,10531,1,False,False,False,False,0.4000000059604645,1.0,0.8121576905250549,10,8997
8149,2,6,5,True,10531,1,False,False,False,False,0.2828426957130432,2.0,0.760526180267334,8,6874
8149,3,8,3,True,10531,1,False,False,False,False,0.2828426957130432,2.0,0.6717142462730408,10,3329
8149,4,7,4,True,10531,1,False,False,False,False,0.3464101552963257,3.0,0.5165268778800964,10,8060
8149,5,11,0,True,10531,1,False,,,,,,0.7927168607711792,11,8060
8149,6,3,8,False,245,5,True,True,True,True,0.0,0.0,0.034641001373529434,3,17
8149,7,11,0,True,10531,1,False,,,,,,0.7927168607711792,11,8060
8149,8,9,2,True,10531,1,False,False,False,False,0.19999998807907104,1.0,0.6779380440711975,10,1969
8149,9,10,1,True,10531,1,False,True,True,True,0.0,0.0,0.7924644947052002,10,8060
8149,10,6,5,True,10531,1,False,False,False,False,0.19999998807907104,1.0,0.48414871096611023,7,5069
8149,11,3,8,True,10531,1,False,False,False,False,0.3464101552963257,3.0,0.5875372290611267,6,2948
8149,12,2,9,False,1,1,True,False,False,False,1.3564660549163818,9.0,1.356760859489441,11,53
8149,13,11,0,True,10531,1,False,,,,,,0.7927168607711792,11,8060
8149,14,8,3,True,10531,1,False,False,False,False,0.4472135901451111,2.0,0.6286493539810181,10,8060
8149,15,11,0,True,10531,1,False,,,,,,0.7927168607711792,11,8060
8149,16,1,10,False,10446,32,True,True,True,True,0.0,0.0,0.019999980926513672,1,7589
8149,17,8,3,True,10531,1,False,False,False,False,0.4000000059604645,1.0,0.8119113445281982,9,8997
8149,18,11,0,True,10531,1,False,,,,,,0.7927168607711792,11,8060
8149,19,3,8,True,10531,1,False,False,False,False,0.19999998807907104,1.0,0.2986636757850647,4,5816
8149,20,11,0,True,10531,1,False,,,,,,0.7927168607711792,11,8060
8149,21,11,0,True,10531,1,False,,,,,,0.7927168607711792,11,8060
8149,22,11,0,True,10531,1,False,,,,,,0.7927168607711792,11,8060
8149,23,10,1,True,10531,1,False,False,False,False,0.19999998807907104,1.0,0.846167802810669,11,4853
8149,24,4,7,True,10531,1,False,False,False,False,0.2828426957130432,2.0,0.6337192058563232,6,6874
8149,25,6,5,True,10531,2,False,False,False,False,0.3464101552963257,3.0,0.6651315689086914,9,5290
8149,26,5,6,True,10531,1,False,True,True,True,0.0,0.0,0.5234501361846924,5,1423
8149,27,11,0,True,10531,1,False,,,,,,0.7927168607711792,11,8060
8149,28,1,10,False,2992,32,True,True,True,True,0.0,0.0,0.019999995827674866,1,2001
8149,29,2,9,False,1,1,True,False,False,False,1.2806248664855957,9.0,1.2809371948242188,11,53
8149,30,8,3,True,10531,1,False,False,False,False,0.19999998807907104,1.0,0.6412488222122192,9,5069
8149,31,11,0,True,10531,1,False,,,,,,0.7927168607711792,11,8060
939,0,7,4,True,10531,1,False,False,False,False,0.2828426957130432,2.0,0.7607890963554382,9,8050
939,1,4,7,False,1,1,True,False,False,False,0.5656853914260864,5.0,0.5670979022979736,9,8997
939,2,7,4,True,10531,1,False,False,False,False,0.19999998807907104,1.0,0.6773477792739868,8,1957
939,3,2,9,False,2,1,True,False,False,False,0.632455587387085,4.0,0.633087694644928,6,9647
939,4,9,2,True,10531,1,False,False,False,False,0.19999998807907104,1.0,0.5758472084999084,10,4075
939,5,8,3,True,10531,1,False,False,False,False,0.4472135901451111,2.0,0.7233256697654724,10,3329
939,6,6,5,True,10531,1,False,False,False,False,0.3464101552963257,3.0,0.601996660232544,9,7267
939,7,2,9,False,1,1,True,False,False,False,1.1661903858184814,9.0,1.1665332317352295,11,53
939,8,5,6,True,10531,1,False,False,False,False,0.2828426957130432,2.0,0.36055511236190796,7,9647
939,9,3,8,False,2,1,True,False,False,False,0.632455587387085,4.0,0.6334035396575928,7,9647
939,10,8,3,True,10531,1,False,True,True,True,0.0,0.0,0.6092618703842163,8,8997
939,11,5,6,True,10531,1,False,False,False,False,0.3464101552963257,3.0,0.5603570342063904,8,5293
939,12,1,10,False,10446,5,True,True,True,True,0.0,0.0,0.019999980926513672,1,531
939,13,3,8,False,1,1,True,False,False,False,1.0,8.0,1.00059974193573,11,53
939,14,5,6,True,10531,1,False,False,False,False,0.632455587387085,4.0,0.7389181852340698,9,6271
939,15,3,8,True,10531,1,False,False,False,False,0.5291503071784973,4.0,0.5737595558166504,7,8050
939,16,2,9,False,220,8,True,False,False,False,0.2828426957130432,2.0,0.28425338864326477,4,6715
939,17,9,2,True,10531,1,False,False,False,False,0.2828426957130432,2.0,0.7613146901130676,11,9382
939,18,4,7,False,220,8,True,False,False,False,0.2828426957130432,2.0,0.2856571078300476,6,5436
939,19,1,10,False,573,2,True,True,True,True,0.0,0.0,0.019999995827674866,1,7819
939,20,11,0,True,10531,1,False,,,,,,0.7927168607711792,11,8060
939,21,1,10,False,10446,5,True,True,True,True,0.0,0.0,0.019999980926513672,1,1762
939,22,2,9,True,10531,4,False,False,False,False,0.2828426957130432,2.0,0.5520869493484497,4,6338
939,23,5,6,True,10531,2,False,True,True,True,0.0,0.0,0.5234501361846924,5,5075
939,24,2,9,False,1,1,True,False,False,False,0.4898979365825653,3.0,0.4907137453556061,5,6335
939,25,1,10,False,10446,5,True,True,True,True,0.0,0.0,0.019999980926513672,1,1762
939,26,6,5,True,10531,1,False,False,False,False,0.19999998807907104,1.0,0.6019967198371887,7,10091
939,27,7,4,True,10531,2,False,False,False,False,0.2828426957130432,2.0,0.6714164614677429,9,4782
939,28,7,4,True,10531,1,False,False,False,False,0.2828427255153656,2.0,0.7607890963554382,9,5808
939,29,10,1,True,10531,1,False,True,True,True,0.0,0.0,0.7720103859901428,10,1969
939,30,6,5,True,10531,2,False,False,False,False,0.2828426957130432,2.0,0.4223741888999939,8,6007
939,31,3,8,False,1,1,True,False,False,False,1.1313707828521729,7.0,1.1319010257720947,10,26
