source_row,perturbation_id,masked_feature_count,unmasked_feature_count,used_fallback_to_all_rows,candidate_count_true,min_tie_count,masked_feature_admissible,exact_match_unmasked,near_match_unmasked_le_0_05,near_match_unmasked_le_0_10,l2_distance_unmasked,hamming_distance_unmasked,reference_full_l2_to_perturbed,reference_full_hamming_to_perturbed,selected_index
1480,0,8,3,True,10498,1,False,False,False,False,0.44721361994743347,2.0,0.700856626033783,10,4062
1480,1,2,9,True,10498,1,False,False,False,False,0.4472135901451111,2.0,0.651766836643219,4,7183
1480,2,6,5,True,10498,1,False,False,False,False,0.3464101552963257,3.0,0.6651315689086914,9,658
1480,3,6,5,True,10498,1,False,False,False,False,0.19999998807907104,1.0,0.3006659150123596,7,9617
1480,4,5,6,True,10498,1,False,False,False,False,0.2828426957130432,2.0,0.4753945469856262,7,8025
1480,5,8,3,True,10498,1,False,False,False,False,0.2828426957130432,2.0,0.5245950818061829,10,9355
1480,6,3,8,True,10498,1,False,False,False,False,0.19999998807907104,1.0,0.4303486943244934,4,3535
1480,7,4,7,True,10498,1,False,False,False,False,0.19999998807907104,1.0,0.3709447383880615,5,3947
1480,8,7,4,True,10498,1,False,False,False,False,0.4898979663848877,3.0,0.6219324469566345,10,8035
1480,9,11,0,True,10498,1,False,,,,,,0.7927168607711792,11,8035
1480,10,2,9,False,2945,45,True,True,True,True,0.0,0.0,0.028284255415201187,2,1747
1480,11,1,10,False,10411,88,True,True,True,True,0.0,0.0,0.019999980926513672,1,8497
1480,12,3,8,True,10498,1,False,False,False,False,0.19999998807907104,1.0,0.2986636757850647,4,7805
1480,13,2,9,False,2,1,True,False,False,False,0.2828426957130432,2.0,0.28425338864326477,4,4139
1480,14,7,4,True,10498,1,False,False,False,False,0.2828426957130432,2.0,0.6714164018630981,9,9867
1480,15,2,9,False,1,1,True,False,False,False,1.1661903858184814,9.0,1.1665332317352295,11,53
1480,16,3,8,False,1,1,True,False,False,False,0.9999999403953552,8.0,1.00059974193573,11,53
1480,17,2,9,False,4,1,True,False,False,False,0.8485281467437744,6.0,0.8489995002746582,8,6248
1480,18,8,3,True,10498,2,False,False,False,False,0.19999998807907104,1.0,0.6412488222122192,9,9355
1480,19,1,10,False,25,1,True,False,False,False,0.7211102843284607,7.0,0.7213875651359558,8,1157
1480,20,11,0,True,10498,1,False,,,,,,0.7927168607711792,11,8035
1480,21,2,9,False,25,1,True,False,False,False,0.5999999642372131,6.0,0.6006662845611572,8,1157
1480,22,11,0,True,10498,1,False,,,,,,0.7927168607711792,11,8035
1480,23,4,7,True,10498,1,False,False,False,False,0.19999998807907104,1.0,0.7222188115119934,5,3947
1480,24,4,7,True,10498,1,False,False,False,False,0.5291502475738525,4.0,0.6523802280426025,8,428
1480,25,11,0,True,10498,1,False,,,,,,0.7927168607711792,11,8035
1480,26,10,1,True,10498,1,False,True,True,True,0.0,0.0,0.7924644947052002,10,8035
1480,27,2,9,False,1,1,True,False,False,False,1.2649110555648804,9.0,1.265227198600769,11,26
1480,28,7,4,True,10498,1,False,False,False,False,0.4472135901451111,2.0,0.5888972878456116,9,6248
1480,29,1,10,False,575,29,True,True,True,True,0.0,0.0,0.019999995827674866,1,1738
1480,30,10,1,True,10498,1,False,True,True,True,0.0,0.0,0.761577308177948,10,6248
1480,31,5,6,True,10498,1,False,False,False,False,0.4898979663848877,3.0,0.7169379591941833,8,8025
6767,0,4,7,True,10498,2,False,True,True,True,0.0,0.0,0.31240999698638916,4,7229
6767,1,2,9,False,540,4,True,False,False,False,0.19999998807907104,1.0,0.20199008285999298,3,7726
6767,2,11,0,True,10498,1,False,,,,,,0.7927168607711792,11,8035
6767,3,5,6,True,10498,1,False,True,True,True,0.0,0.0,0.5674504637718201,5,9931
6767,4,11,0,True,10498,1,False,,,,,,0.7927168607711792,11,8035
6767,5,2,9,False,2,1,True,False,False,False,0.8246211409568787,6.0,0.8251060843467712,8,8970
6767,6,7,4,True,10498,1,False,False,False,False,0.20000001788139343,1.0,0.6409368515014648,8,1963
6767,7,6,5,True,10498,1,False,False,False,False,0.19999998807907104,1.0,0.6651315689086914,7,10445
6767,8,11,0,True,10498,1,False,,,,,,0.7927168607711792,11,8035
6767,9,6,5,True,10498,1,False,False,False,False,0.3464101552963257,3.0,0.6887670755386353,9,5621
6767,10,2,9,False,2,1,True,False,False,False,0.19999998807907104,1.0,0.20199008285999298,3,4139
6767,11,1,10,False,575,4,True,False,False,False,0.19999998807907104,1.0,0.2009975016117096,2,7726
6767,12,9,2,True,10498,1,False,False,False,False,0.20000001788139343,1.0,0.7665507793426514,10,1963
6767,13,4,7,True,10498,1,False,True,True,True,0.0,0.0,0.5230678915977478,4,6922
6767,14,9,2,True,10498,1,False,True,True,True,0.0,0.0,0.6477653980255127,9,1963
6767,15,10,1,True,10498,1,False,True,True,True,0.0,0.0,0.7402702569961548,10,8970
6767,16,5,6,True,10498,2,False,True,True,True,0.0,0.0,0.5234501361846924,5,7689
6767,17,9,2,True,10498,1,False,False,False,False,0.19999998807907104,1.0,0.6415606141090393,10,8970
6767,18,8,3,True,10498,1,False,False,False,False,0.4472135901451111,2.0,0.7233256697654724,10,8970
6767,19,11,0,True,10498,1,False,,,,,,0.7927168607711792,11,8035
6767,20,11,0,True,10498,1,False,,,,,,0.7927168607711792,11,8035
6767,21,10,1,True,10498,1,False,False,False,False,0.3999999761581421,1.0,0.6723094582557678,11,4062
6767,22,1,10,False,5,1,True,False,False,False,0.9165151715278625,7.0,0.9167333841323853,8,8970
6767,23,10,1,True,10498,2,False,False,False,False,0.19999998807907104,1.0,0.7668116092681885,11,3317
6767,24,3,8,False,2,1,True,False,False,False,0.8485281467437744,4.0,0.849234938621521,7,9617
6767,25,6,5,True,10498,1,False,False,False,False,0.20000001788139343,1.0,0.733757495880127,7,1948
6767,26,11,0,True,10498,1,False,,,,,,0.7927168607711792,11,8035
6767,27,3,8,False,1,1,True,False,False,False,0.4472135901451111,2.0,0.4485532343387604,5,6312
6767,28,1,10,False,52,3,True,False,False,False,0.2828426957130432,2.0,0.2835489511489868,3,421
6767,29,6,5,True,10498,1,False,False,False,False,0.19999998807907104,1.0,0.6019967198371887,7,9355
6767,30,7,4,True,10498,2,False,False,False,False,0.20000001788139343,1.0,0.73403000831604,8,9355
6767,31,6,5,True,10498,1,False,False,False,False,0.3999999761581421,1.0,0.5083306431770325,7,236
3379,0,9,2,True,10498,1,False,True,True,True,0.0,0.0,0.7922121286392212,9,2156
3379,1,4,7,True,10498,1,False,True,True,True,0.0,0.0,0.31240999698638916,4,7355
3379,2,1,10,False,25,1,True,False,False,False,1.039230465888977,8.0,1.039422869682312,9,7924
3379,3,10,1,True,10498,1,False,False,False,False,0.19999998807907104,1.0,0.846167802810669,11,4838
3379,4,4,7,False,1,1,True,False,False,False,0.7483315467834473,5.0,0.7493997812271118,9,8035
3379,5,8,3,True,10498,1,False,False,False,False,0.44721361994743347,2.0,0.5892367959022522,10,8035
3379,6,7,4,True,10498,1,False,False,False,False,0.2828426957130432,2.0,0.6948381662368774,9,5621
3379,7,9,2,True,10498,1,False,True,True,True,0.0,0.0,0.6095900535583496,9,9355
3379,8,6,5,True,10498,1,False,False,False,False,0.3464101552963257,3.0,0.6280127763748169,9,5273
3379,9,8,3,True,10498,1,False,False,False,False,0.20000001788139343,1.0,0.8168231248855591,9,7244
3379,10,10,1,True,10498,1,False,True,True,True,0.0,0.0,0.7924644947052002,10,8035
3379,11,6,5,True,10498,4,False,False,False,False,0.20000001788139343,1.0,0.5607138276100159,7,4134
3379,12,4,7,True,10498,1,False,False,False,False,0.19999998807907104,1.0,0.430813193321228,5,7235
3379,13,5,6,False,1,1,True,False,False,False,0.8944271802902222,6.0,0.8955445289611816,11,53
3379,14,6,5,True,10498,1,False,False,False,False,0.2828426957130432,2.0,0.6590902805328369,8,422
3379,15,6,5,True,10498,1,False,False,False,False,0.3464101552963257,3.0,0.8064738512039185,9,5621
3379,16,9,2,True,10498,1,False,False,False,False,0.4000000059604645,1.0,0.8874682784080505,10,7244
3379,17,1,10,False,26,6,True,False,False,False,0.19999998807907104,1.0,0.2009975016117096,2,721
3379,18,1,10,False,575,2,True,False,False,False,0.2828426957130432,2.0,0.2835489511489868,3,7993
3379,19,11,0,True,10498,1,False,,,,,,0.7927168607711792,11,8035
3379,20,10,1,True,10498,2,False,True,True,True,0.0,0.0,0.7402702569961548,10,9355
3379,21,5,6,True,10498,1,False,False,False,False,0.2828426957130432,2.0,0.4753945767879486,7,10463
3379,22,11,0,True,10498,1,False,,,,,,0.7927168607711792,11,8035
3379,23,4,7,True,10498,2,False,False,False,False,0.2828426957130432,2.0,0.50754314661026,6,7993
3379,24,10,1,True,10498,1,False,True,True,True,0.0,0.0,0.7402702569961548,10,3317
3379,25,3,8,True,10498,1,False,False,False,False,0.2828426957130432,2.0,0.5071489214897156,5,4512
3379,26,1,10,False,25,1,True,False,False,False,1.039230465888977,8.0,1.039422869682312,9,7924
3379,27,6,5,True,10498,1,False,False,False,False,0.44721361994743347,2.0,0.722772479057312,8,1948
3379,28,7,4,True,10498,1,False,False,False,False,0.2828426957130432,2.0,0.5242136716842651,9,1963
3379,29,6,5,True,10498,1,False,False,False,False,0.44721361994743347,2.0,0.6280127167701721,8,7244
3379,30,4,7,True,10498,2,False,False,False,False,0.3464101552963257,3.0,0.46647611260414124,7,695
3379,31,4,7,True,10498,1,False,False,False,False,0.44721361994743347,2.0,0.5878775715827942,6,2156
1928,0,10,1,True,10498,2,False,False,False,False,0.19999998807907104,1.0,0.7668116688728333,11,9355
1928,1,3,8,True,10498,1,False,False,False,False,0.19999998807907104,1.0,0.3704051673412323,4,6413
1928,2,4,7,True,10498,8,False,False,False,False,0.19999998807907104,1.0,0.3709447383880615,5,8836
1928,3,5,6,True,10498,1,False,False,False,False,0.2828426957130432,2.0,0.5531726479530334,7,9592
1928,4,3,8,True,10498,3,False,True,True,True,0.0,0.0,0.4745524227619171,3,4905
1928,5,9,2,True,10498,1,False,False,False,False,0.2828426957130432,2.0,0.7922121286392212,11,5276
1928,6,3,8,True,10498,1,False,False,False,False,0.2828426957130432,2.0,0.3594440221786499,5,4131
1928,7,5,6,True,10498,1,False,False,False,False,0.20000001788139343,1.0,0.6403124332427979,6,1948
1928,8,5,6,True,10498,1,False,False,False,False,0.4000000059604645,4.0,0.7169379591941833,9,422
1928,9,7,4,True,10498,1,False,False,False,False,0.4000000059604645,1.0,0.8595348000526428,8,2156
1928,10,6,5,True,10498,2,False,False,False,False,0.3464101552963257,3.0,0.7552483677864075,9,5651
1928,11,1,10,False,10411,427,True,True,True,True,0.0,0.0,0.019999980926513672,1,2720
1928,12,9,2,True,10498,1,False,True,True,True,0.0,0.0,0.7613146305084229,9,6248
1928,13,6,5,True,10498,1,False,True,True,True,0.0,0.0,0.3136877417564392,6,7355
1928,14,7,4,True,10498,1,False,False,False,False,0.4898979067802429,3.0,0.6593936681747437,10,1020
1928,15,2,9,False,48,2,True,True,True,True,0.0,0.0,0.02828427590429783,2,4242
1928,16,5,6,True,10498,1,False,False,False,False,0.3464101552963257,3.0,0.6648308038711548,8,7181
1928,17,1,10,False,2981,83,True,True,True,True,0.0,0.0,0.019999995827674866,1,2364
1928,18,8,3,True,10498,2,False,False,False,False,0.4472135901451111,2.0,0.8361818790435791,10,9355
1928,19,8,3,True,10498,1,False,False,False,False,0.4898979067802429,3.0,0.6596968770027161,11,1020
1928,20,2,9,False,1,1,True,False,False,False,1.2961480617523193,9.0,1.2964566946029663,11,53
1928,21,10,1,True,10498,1,False,True,True,True,0.0,0.0,0.7720103859901428,10,1963
1928,22,7,4,True,10498,1,False,False,False,False,0.19999998807907104,1.0,0.48456165194511414,8,9355
1928,23,8,3,True,10498,1,False,False,False,False,0.2828426957130432,2.0,0.7288347482681274,10,8927
1928,24,9,2,True,10498,1,False,True,True,True,0.0,0.0,0.7400000095367432,9,9355
1928,25,2,9,True,10498,12,False,True,True,True,0.0,0.0,0.22090721130371094,2,5028
1928,26,11,0,True,10498,1,False,,,,,,0.7927168607711792,11,8035
1928,27,7,4,True,10498,1,False,False,False,False,0.2828426957130432,2.0,0.634665310382843,9,3317
1928,28,9,2,True,10498,1,False,True,True,True,0.0,0.0,0.7717512845993042,9,1963
1928,29,7,4,True,10498,1,False,False,False,False,0.4898979663848877,3.0,0.7815369367599487,10,5789
1928,30,5,6,True,10498,1,False,False,False,False,0.19999998807907104,1.0,0.8637129068374634,6,9931
1928,31,11,0,True,10498,1,False,,,,,,0.7927168607711792,11,8035
5061,0,2,9,False,1,1,True,False,False,False,0.9165151715278625,7.0,0.9169515371322632,9,8970
5061,1,1,10,False,10411,41,True,True,True,True,0.0,0.0,0.019999980926513672,1,4015
5061,2,8,3,True,10498,1,False,True,True,True,0.0,0.0,0.5396294593811035,8,4062
5061,3,11,0,True,10498,1,False,,,,,,0.7927168607711792,11,8035
5061,4,6,5,True,10498,1,False,False,False,False,0.3464101552963257,3.0,0.5161395072937012,9,8970
5061,5,9,2,True,10498,2,False,True,True,True,0.0,0.0,0.7400000095367432,9,9355
5061,6,2,9,False,1,1,True,False,False,False,0.9591663479804993,6.0,0.9595832824707031,8,26
5061,7,10,1,True,10498,1,False,True,True,True,0.0,0.0,0.5403702259063721,10,4062
5061,8,3,8,True,10498,1,False,False,False,False,0.19999998807907104,1.0,0.5596427321434021,4,1015
5061,9,11,0,True,10498,1,False,,,,,,0.7927168607711792,11,8035
5061,10,1,10,False,575,16,True,True,True,True,0.0,0.0,0.019999995827674866,1,7792
5061,11,11,0,True,10498,1,False,,,,,,0.7927168607711792,11,8035
5061,12,11,0,True,10498,1,False,,,,,,0.7927168607711792,11,8035
5061,13,1,10,False,10411,41,True,True,True,True,0.0,0.0,0.019999980926513672,1,6094
5061,14,1,10,False,10460,41,True,True,True,True,0.0,0.0,0.019999980926513672,1,7434
5061,15,7,4,True,10498,1,False,False,False,False,0.4898979663848877,3.0,0.6219325065612793,10,8970
5061,16,1,10,False,1616,4,True,False,False,False,0.4000000059604645,1.0,0.40049970149993896,2,7067
5061,17,4,7,True,10498,1,False,False,False,False,0.19999998807907104,1.0,0.5600000023841858,5,563
5061,18,5,6,True,10498,1,False,False,False,False,0.20000000298023224,1.0,0.5603570938110352,6,10195
5061,19,5,6,True,10498,1,False,False,False,False,0.19999998807907104,1.0,0.5157518982887268,6,6408
5061,20,7,4,True,10498,1,False,False,False,False,0.44721361994743347,2.0,0.6654322147369385,9,4062
5061,21,4,7,True,10498,2,False,False,False,False,0.3464101552963257,3.0,0.6273754835128784,7,6851
5061,22,8,3,True,10498,2,False,False,False,False,0.19999998807907104,1.0,0.6412488222122192,9,9355
5061,23,8,3,True,10498,2,False,False,False,False,0.4000000059604645,1.0,0.8119113445281982,9,3317
5061,24,8,3,True,10498,1,False,False,False,False,0.2828426957130432,2.0,0.7065408825874329,10,7181
5061,25,3,8,False,23,3,True,False,False,False,0.7211102843284607,2.0,0.7219418883323669,5,720
5061,26,9,2,True,10498,1,False,True,True,True,0.0,0.0,0.7400000095367432,9,8970
5061,27,9,2,True,10498,1,False,True,True,True,0.0,0.0,0.5399999618530273,9,4062
5061,28,11,0,True,10498,1,False,,,,,,0.7927168607711792,11,8035
5061,29,11,0,True,10498,1,False,,,,,,0.7927168607711792,11,8035
5061,30,7,4,True,10498,1,False,False,False,False,0.4000000059604645,1.0,0.8407140374183655,8,1963
5061,31,7,4,True,10498,1,False,False,False,False,0.3464101552963257,3.0,0.6023288369178772,10,7181
1839,0,7,4,True,10498,1,False,True,True,True,0.0,0.0,0.7062577605247498,7,9931
1839,1,10,1,True,10498,1,False,True,True,True,0.0,0.0,0.7924644947052002,10,8035
1839,2,7,4,True,10498,1,False,False,False,False,0.3464101552963257,3.0,0.7866384387016296,10,5579
1839,3,1,10,False,10411,203,True,True,True,True,0.0,0.0,0.019999980926513672,1,456
1839,4,6,5,True,10498,1,False,False,False,False,0.19999998807907104,1.0,0.6019967198371887,7,2594
1839,5,5,6,True,10498,1,False,False,False,False,0.2828426957130432,2.0,0.36055511236190796,7,4131
1839,6,10,1,True,10498,1,False,False,False,False,0.19999998807907104,1.0,0.846167802810669,11,4838
1839,7,2,9,False,7,1,True,False,False,False,0.3464101552963257,3.0,0.3475629389286041,5,8838
1839,8,6,5,True,10498,1,False,False,False,False,0.19999998807907104,1.0,0.48414871096611023,7,9671
1839,9,1,10,False,52,3,True,False,False,False,0.2828426957130432,2.0,0.2835489511489868,3,4242
1839,10,9,2,True,10498,1,False,False,False,False,0.19999998807907104,1.0,0.6415606141090393,10,9355
1839,11,7,4,True,10498,1,False,False,False,False,0.4000000059604645,1.0,0.8595348000526428,8,2156
1839,12,5,6,True,10498,1,False,False,False,False,0.19999998807907104,1.0,0.29999998211860657,6,6312
1839,13,4,7,True,10498,3,False,False,False,False,0.19999998807907104,1.0,0.5600000023841858,5,7756
1839,14,11,0,True,10498,1,False,,,,,,0.7927168607711792,11,8035
1839,15,11,0,True,10498,1,False,,,,,,0.7927168607711792,11,8035
1839,16,3,8,True,10498,3,False,True,True,True,0.0,0.0,0.31176915764808655,3,8732
1839,17,4,7,True,10498,2,False,False,False,False,0.3464101552963257,3.0,0.5153639316558838,7,1021
1839,18,4,7,True,10498,9,False,False,False,False,0.20000001788139343,1.0,0.430813193321228,5,370
1839,19,1,10,False,5,1,True,False,False,False,1.0198038816452026,7.0,1.0199999809265137,8,8970
1839,20,7,4,True,10498,1,False,True,True,True,0.0,0.0,0.7607890963554382,7,5621
1839,21,6,5,True,10498,1,False,False,False,False,0.4898979365825653,3.0,0.6590902805328369,9,5789
1839,22,10,1,True,10498,1,False,True,True,True,0.0,0.0,0.4939635396003723,10,8035
1839,23,4,7,True,10498,3,False,True,True,True,0.0,0.0,0.38157567381858826,4,632
1839,24,11,0,True,10498,1,False,,,,,,0.7927168607711792,11,8035
1839,25,5,6,True,10498,4,False,False,False,False,0.3464101552963257,3.0,0.4669046700000763,8,6332
1839,26,9,2,True,10498,1,False,True,True,True,0.0,0.0,0.8506468534469604,9,9931
1839,27,2,9,False,48,3,True,False,False,False,0.19999998807907104,1.0,0.20199008285999298,3,369
1839,28,11,0,True,10498,1,False,,,,,,0.7927168607711792,11,8035
1839,29,4,7,True,10498,1,False,False,False,False,0.19999998807907104,1.0,0.6997142434120178,5,5819
1839,30,8,3,True,10498,2,False,False,False,False,0.19999998807907104,1.0,0.7662897706031799,9,3317
1839,31,10,1,True,10498,1,False,True,True,True,0.0,0.0,0.761577308177948,10,6248
426,0,10,1,True,10498,1,False,True,True,True,0.0,0.0,0.761577308177948,10,6248
426,1,3,8,True,10498,2,False,False,False,False,0.19999998807907104,1.0,0.5149757266044617,4,2419
426,2,9,2,True,10498,1,False,True,True,True,0.0,0.0,0.7400000095367432,9,9355
426,3,6,5,True,10498,4,False,False,False,False,0.20000001788139343,1.0,0.5607138276100159,7,9213
426,4,7,4,True,10498,1,False,False,False,False,0.19999998807907104,1.0,0.5317894220352173,8,1963
426,5,11,0,True,10498,1,False,,,,,,0.7927168607711792,11,8035
426,6,6,5,True,10498,1,False,False,False,False,0.4472135901451111,2.0,0.6280127167701721,8,1963
426,7,7,4,True,10498,1,False,False,False,False,0.2828426957130432,2.0,0.7607890963554382,9,2658
426,8,4,7,True,10498,1,False,False,False,False,0.20000001788139343,1.0,0.430813193321228,5,1951
426,9,9,2,True,10498,1,False,True,True,True,0.0,0.0,0.7613146305084229,9,10010
426,10,6,5,True,10498,1,False,False,False,False,0.4000000059604645,1.0,0.5953150987625122,7,2156
426,11,10,1,True,10498,1,False,True,True,True,0.0,0.0,0.7402702569961548,10,9355
426,12,7,4,True,10498,1,False,False,False,False,0.19999998807907104,1.0,0.6023288369178772,8,9355
426,13,4,7,True,10498,3,False,False,False,False,0.19999998807907104,1.0,0.5153639912605286,5,8328
426,14,6,5,True,10498,2,False,False,False,False,0.19999998807907104,1.0,0.6019967198371887,7,676
426,15,7,4,True,10498,1,False,False,False,False,0.5656854510307312,2.0,0.6832276582717896,9,8035
426,16,5,6,True,10498,2,False,True,True,True,0.0,0.0,0.5234501361846924,5,4999
426,17,8,3,True,10498,1,False,True,True,True,0.0,0.0,0.7610518932342529,8,10010
426,18,5,6,True,10498,1,False,False,False,False,0.2828426957130432,2.0,0.5949790477752686,7,1954
426,19,4,7,True,10498,7,False,True,True,True,0.0,0.0,0.31240999698638916,4,4868
426,20,11,0,True,10498,1,False,,,,,,0.7927168607711792,11,8035
426,21,5,6,True,10498,1,False,False,False,False,0.19999998807907104,1.0,0.6648308038711548,6,7763
426,22,5,6,True,10498,1,False,False,False,False,0.4898979663848877,3.0,0.6212890148162842,8,8035
426,23,9,2,True,10498,1,False,False,False,False,0.3999999761581421,1.0,0.6720119118690491,10,4062
426,24,11,0,True,10498,1,False,,,,,,0.7927168607711792,11,8035
426,25,11,0,True,10498,1,False,,,,,,0.7927168607711792,11,8035
426,26,9,2,True,10498,1,False,False,False,False,0.4000000059604645,1.0,0.5963220596313477,10,8035
426,27,1,10,False,10460,427,True,True,True,True,0.0,0.0,0.019999980926513672,1,5164
426,28,6,5,True,10498,1,False,False,False,False,0.4000000059604645,1.0,0.5535340905189514,7,10010
426,29,9,2,True,10498,1,False,False,False,False,0.4000000059604645,1.0,0.5963220596313477,10,8035
426,30,10,1,True,10498,2,False,True,True,True,0.0,0.0,0.7402702569961548,10,9355
426,31,10,1,True,10498,2,False,True,True,True,0.0,0.0,0.7402702569961548,10,3317
8065,0,2,9,False,4,1,True,False,False,False,0.7483314871788025,5.0,0.7488658428192139,7,6248
8065,1,5,6,True,10498,4,False,False,False,False,0.2828426957130432,2.0,0.36055508255958557,7,35
8065,2,1,10,False,25,1,True,False,False,False,0.7211102247238159,7.0,0.7213875651359558,8,1157
8065,3,8,3,True,10498,1,False,False,False,False,0.2828426957130432,2.0,0.5245950818061829,10,8035
8065,4,7,4,True,10498,2,False,False,False,False,0.3464101552963257,3.0,0.755513072013855,10,8927
8065,5,1,10,False,1616,25,True,False,False,False,0.19999998807907104,1.0,0.2009975016117096,2,5361
8065,6,6,5,True,10498,2,False,True,True,True,0.0,0.0,0.5678027868270874,6,7148
8065,7,3,8,True,10498,4,False,False,False,False,0.2828426957130432,2.0,0.4209512770175934,5,9326
8065,8,8,3,True,10498,1,False,False,False,False,0.19999998807907104,1.0,0.7343024611473083,9,9355
8065,9,11,0,True,10498,1,False,,,,,,0.7927168607711792,11,8035
8065,10,2,9,False,2,1,True,False,False,False,0.8485281467437744,6.0,0.8489994406700134,8,6248
8065,11,3,8,True,10498,2,False,False,False,False,0.3464101552963257,3.0,0.5451605319976807,6,5392
8065,12,11,0,True,10498,1,False,,,,,,0.7927168607711792,11,8035
8065,13,5,6,True,10498,1,False,True,True,True,0.0,0.0,0.382099449634552,5,5149
8065,14,11,0,True,10498,1,False,,,,,,0.7927168607711792,11,8035
8065,15,7,4,True,10498,1,False,False,False,False,0.6000000238418579,3.0,0.6773477792739868,10,6248
8065,16,8,3,True,10498,2,False,False,False,False,0.3464101552963257,3.0,0.700856626033783,11,5052
8065,17,3,8,True,10498,1,False,True,True,True,0.0,0.0,0.5226854085922241,3,6413
8065,18,9,2,True,10498,1,False,True,True,True,0.0,0.0,0.7922121286392212,9,8035
8065,19,3,8,False,48,1,True,False,False,False,0.2828426957130432,2.0,0.2849561274051666,5,418
8065,20,1,10,False,3,1,True,False,False,False,0.8246211409568787,6.0,0.8248636722564697,7,8970
8065,21,2,9,False,2919,19,True,True,True,True,0.0,0.0,0.028284255415201187,2,6887
8065,22,2,9,True,10498,1,False,True,True,True,0.0,0.0,0.3111269772052765,2,6413
8065,23,7,4,True,10498,1,False,False,False,False,0.4472135901451111,2.0,0.6654321551322937,9,4062
8065,24,6,5,True,10498,4,False,False,False,False,0.19999998807907104,1.0,0.516139566898346,7,2223
8065,25,10,1,True,10498,1,False,True,True,True,0.0,0.0,0.7720103859901428,10,1963
8065,26,7,4,True,10498,1,False,False,False,False,0.2828426957130432,2.0,0.8116649985313416,9,5621
8065,27,6,5,True,10498,1,False,False,False,False,0.5291503071784973,4.0,0.6529931426048279,10,8035
8065,28,11,0,True,10498,1,False,,,,,,0.7927168607711792,11,8035
8065,29,7,4,True,10498,1,False,True,True,True,0.0,0.0,0.7285602688789368,7,6413
8065,30,11,0,True,10498,1,False,,,,,,0.7927168607711792,11,8035
8065,31,5,6,False,1,1,True,False,False,False,0.9165151715278625,6.0,0.9176056385040283,11,26
4262,0,10,1,True,10498,1,False,True,True,True,0.0,0.0,0.4939635396003723,10,8035
4262,1,8,3,True,10498,1,False,False,False,False,0.2828426957130432,2.0,0.7610519528388977,10,9355
4262,2,10,1,True,10498,1,False,True,True,True,0.0,0.0,0.761577308177948,10,8035
4262,3,3,8,False,1,1,True,False,False,False,1.3114876747131348,8.0,1.3119450807571411,11,53
4262,4,1,10,False,3,1,True,False,False,False,1.039230465888977,8.0,1.039422869682312,9,8970
4262,5,11,0,True,10498,1,False,,,,,,0.7927168607711792,11,8035
4262,6,5,6,True,10498,1,False,False,False,False,0.20000001788139343,1.0,0.43127715587615967,6,1951
4262,7,9,2,True,10498,1,False,True,True,True,0.0,0.0,0.7717512845993042,9,1963
4262,8,3,8,False,2,1,True,False,False,False,0.632455587387085,7.0,0.6334035396575928,10,8970
4262,9,8,3,True,10498,1,False,True,True,True,0.0,0.0,0.5396294593811035,8,7244
4262,10,11,0,True,10498,1,False,,,,,,0.7927168607711792,11,8035
4262,11,9,2,True,10498,1,False,False,False,False,0.20000001788139343,1.0,0.7665507793426514,10,3317
4262,12,6,5,True,10498,1,False,False,False,False,0.20000001788139343,1.0,0.5607138276100159,7,1963
4262,13,6,5,True,10498,1,False,False,False,False,0.20000001788139343,1.0,0.6406247019767761,7,9921
4262,14,2,9,True,10498,1,False,False,False,False,0.19999998807907104,1.0,0.369864821434021,3,4280
4262,15,2,9,False,2,1,True,False,False,False,1.216552495956421,7.0,1.216881275177002,9,26
4262,16,5,6,True,10498,3,False,False,False,False,0.20000001788139343,1.0,0.5157518982887268,6,2146
4262,17,2,9,True,10498,1,False,True,True,True,0.0,0.0,0.22090721130371094,2,7581
4262,18,5,6,True,10498,1,False,False,False,False,0.4000000059604645,1.0,0.5531726479530334,6,8035
4262,19,2,9,False,2,1,True,False,False,False,0.8717797994613647,8.0,0.8722385168075562,10,8970
4262,20,11,0,True,10498,1,False,,,,,,0.7927168607711792,11,8035
4262,21,11,0,True,10498,1,False,,,,,,0.7927168607711792,11,8035
4262,22,5,6,True,10498,1,False,False,False,False,0.19999998807907104,1.0,0.3714835047721863,6,1963
4262,23,8,3,True,10498,1,False,True,True,True,0.0,0.0,0.7714921236038208,8,9921
4262,24,6,5,True,10498,2,False,False,False,False,0.19999998807907104,1.0,0.4317406117916107,7,9493
4262,25,7,4,True,10498,1,False,True,True,True,0.0,0.0,0.7607890963554382,7,2156
4262,26,1,10,False,10411,39,True,True,True,True,0.0,0.0,0.019999980926513672,1,8388
4262,27,9,2,True,10498,1,False,False,False,False,0.2828426957130432,2.0,0.7613146901130676,11,9355
4262,28,2,9,True,10498,39,False,True,True,True,0.0,0.0,0.22090721130371094,2,8627
4262,29,10,1,True,10498,1,False,True,True,True,0.0,0.0,0.761577308177948,10,8035
4262,30,6,5,True,10498,1,False,False,False,False,0.3464101552963257,3.0,0.6280127763748169,9,9355
4262,31,1,10,False,52,4,True,True,True,True,0.0,0.0,0.019999995827674866,1,6581
7765,0,6,5,True,10498,1,False,False,False,False,0.4472135901451111,2.0,0.722772479057312,8,1963
7765,1,10,1,True,10498,2,False,True,True,True,0.0,0.0,0.7402702569961548,10,3317
7765,2,3,8,True,10498,1,False,False,False,False,0.2828426957130432,2.0,0.552449107170105,5,1954
7765,3,11,0,True,10498,1,False,,,,,,0.7927168607711792,11,8035
7765,4,11,0,True,10498,1,False,,,,,,0.7927168607711792,11,8035
7765,5,4,7,False,2,1,True,False,False,False,0.5656854510307312,2.0,0.5670979022979736,6,4139
7765,6,2,9,False,1,1,True,False,False,False,1.2000000476837158,8.0,1.2003332376480103,10,26
7765,7,6,5,True,10498,1,False,False,False,False,0.4472135901451111,2.0,0.6280127763748169,8,295
7765,8,10,1,True,10498,2,False,True,True,True,0.0,0.0,0.7402702569961548,10,3317
7765,9,4,7,True,10498,1,False,False,False,False,0.3464101552963257,3.0,0.6273754835128784,7,8491
7765,10,6,5,True,10498,1,False,False,False,False,0.19999998807907104,1.0,0.531413197517395,7,9921
7765,11,3,8,True,10498,3,False,False,False,False,0.19999998807907104,1.0,0.3704051673412323,4,1955
7765,12,6,5,True,10498,1,False,False,False,False,0.4898979663848877,3.0,0.6216108202934265,9,8035
7765,13,2,9,True,10498,1,False,False,False,False,0.3464101552963257,3.0,0.4656178653240204,5,878
7765,14,5,6,True,10498,1,False,False,False,False,0.19999998807907104,1.0,0.699999988079071,6,9931
7765,15,5,6,True,10498,1,False,False,False,False,0.4000000059604645,1.0,0.7810249924659729,6,5637
7765,16,6,5,True,10498,1,False,False,False,False,0.5291502475738525,4.0,0.6529931426048279,10,8970
7765,17,1,10,False,1616,2,True,False,False,False,0.20000001788139343,1.0,0.20099753141403198,2,10019
7765,18,9,2,True,10498,1,False,False,False,False,0.44721361994743347,2.0,0.6660330295562744,11,8035
7765,19,9,2,True,10498,1,False,False,False,False,0.4000000059604645,1.0,0.6352952122688293,10,8035
7765,20,2,9,False,1,1,True,False,False,False,1.2489995956420898,9.0,1.2493197917938232,11,53
7765,21,1,10,False,25,1,True,False,False,False,0.9380831718444824,8.0,0.938296377658844,9,1157
7765,22,2,9,False,540,4,True,False,False,False,0.4000000059604645,4.0,0.4009987413883209,6,2307
7765,23,6,5,True,10498,1,False,False,False,False,0.4000000059604645,1.0,0.634350061416626,7,7244
7765,24,3,8,False,1,1,True,False,False,False,1.039230465888977,7.0,1.039807677268982,10,26
7765,25,5,6,True,10498,1,False,False,False,False,0.19999998807907104,1.0,0.43127715587615967,6,5275
7765,26,6,5,True,10498,1,False,False,False,False,0.5656854510307312,2.0,0.6829348802566528,8,10010
7765,27,6,5,True,10498,1,False,False,False,False,0.4472135901451111,2.0,0.6280127167701721,8,1963
7765,28,3,8,True,10498,1,False,False,False,False,0.2828426957130432,2.0,0.5943063497543335,5,1954
7765,29,8,3,True,10498,1,False,False,False,False,0.4898979365825653,3.0,0.7288346290588379,11,4838
7765,30,7,4,True,10498,1,False,True,True,True,0.0,0.0,0.6089335083961487,7,1963
7765,31,3,8,False,3,1,True,False,False,False,0.4472135901451111,2.0,0.4485532343387604,5,418
865,0,9,2,True,10498,2,False,False,False,False,0.4000000059604645,1.0,0.8121576905250549,10,9355
865,1,9,2,True,10498,1,False,False,False,False,0.20000001788139343,1.0,0.4853864312171936,10,8035
865,2,10,1,True,10498,1,False,True,True,True,0.0,0.0,0.7720103859901428,10,1963
865,3,4,7,True,10498,1,False,False,False,False,0.2828426957130432,2.0,0.6337192058563232,6,1954
865,4,9,2,True,10498,1,False,True,True,True,0.0,0.0,0.7717512845993042,9,1963
865,5,9,2,True,10498,1,False,False,False,False,0.2828426957130432,2.0,0.7068238854408264,11,7181
865,6,9,2,True,10498,1,False,True,True,True,0.0,0.0,0.7613146305084229,9,6248
865,7,11,0,True,10498,1,False,,,,,,0.7927168607711792,11,8035
865,8,6,5,True,10498,4,False,False,False,False,0.19999998807907104,1.0,0.37202149629592896,7,2661
865,9,8,3,True,10498,1,False,False,False,False,0.19999998807907104,1.0,0.6776430010795593,9,1963
865,10,4,7,True,10498,1,False,True,True,True,0.0,0.0,0.6705222129821777,4,9659
865,11,4,7,True,10498,2,False,False,False,False,0.3999999761581421,1.0,0.5528109669685364,5,5393
865,12,9,2,True,10498,1,False,True,True,True,0.0,0.0,0.7613146305084229,9,6248
865,13,4,7,False,1,1,True,False,False,False,1.0198038816452026,6.0,1.0205880403518677,10,26
865,14,2,9,False,2,1,True,True,True,True,0.0,0.0,0.028284266591072083,2,4139
865,15,11,0,True,10498,1,False,,,,,,0.7927168607711792,11,8035
865,16,8,3,True,10498,1,False,False,False,False,0.4000000059604645,1.0,0.595986545085907,9,8035
865,17,2,9,False,23,3,True,True,True,True,0.0,0.0,0.02828427590429783,2,721
865,18,8,3,True,10498,1,False,False,False,False,0.5656854510307312,2.0,0.6835203170776367,10,8035
865,19,6,5,True,10498,1,False,False,False,False,0.19999998807907104,1.0,0.4841487407684326,7,3826
865,20,3,8,True,10498,1,False,False,False,False,0.19999998807907104,1.0,0.2986636757850647,4,6350
865,21,5,6,True,10498,1,False,True,True,True,0.0,0.0,0.5234501361846924,5,5637
865,22,7,4,True,10498,1,False,False,False,False,0.3999999761581421,1.0,0.7815369367599487,8,830
865,23,8,3,True,10498,1,False,True,True,True,0.0,0.0,0.8504117131233215,8,9931
865,24,8,3,True,10498,1,False,False,False,False,0.3464101552963257,3.0,0.7868926525115967,11,6851
865,25,7,4,True,10498,1,False,False,False,False,0.4000000059604645,1.0,0.7285602688789368,8,1963
865,26,8,3,True,10498,1,False,True,True,True,0.0,0.0,0.7397297024726868,8,1963
865,27,8,3,True,10498,1,False,True,True,True,0.0,0.0,0.5396294593811035,8,7244
865,28,9,2,True,10498,1,False,False,False,False,0.4000000059604645,1.0,0.5963220596313477,10,8035
865,29,7,4,True,10498,2,False,False,False,False,0.19999998807907104,1.0,0.6023288369178772,8,676
865,30,4,7,True,10498,3,False,False,False,False,0.2828426957130432,2.0,0.5946427583694458,6,9502
865,31,1,10,False,10411,465,True,True,True,True,0.0,0.0,0.019999980926513672,1,914
6447,0,1,10,False,25,1,True,False,False,False,0.5999999642372131,6.0,0.6003332138061523,7,1157
6447,1,9,2,True,10498,1,False,False,False,False,0.20000001788139343,1.0,0.6415606141090393,10,8970
6447,2,4,7,True,10498,1,False,False,False,False,0.4000000059604645,1.0,0.5528110265731812,5,3128
6447,3,3,8,False,2,2,True,False,False,False,0.6324555277824402,7.0,0.633403480052948,10,7499
6447,4,1,10,False,52,1,True,False,False,False,0.4000000059604645,1.0,0.40049970149993896,2,405
6447,5,2,9,True,10498,2,False,True,True,True,0.0,0.0,0.4741308093070984,2,7229
6447,6,11,0,True,10498,1,False,,,,,,0.7927168607711792,11,8035
6447,7,7,4,True,10498,1,False,False,False,False,0.2828426957130432,2.0,0.7062577605247498,9,7181
6447,8,10,1,True,10498,2,False,True,True,True,0.0,0.0,0.7402702569961548,10,3317
6447,9,5,6,False,1,1,True,False,False,False,0.8246211409568787,5.0,0.8258329629898071,10,6248
6447,10,9,2,True,10498,1,False,False,False,False,0.19999998807907104,1.0,0.6415606141090393,10,3317
6447,11,4,7,True,10498,1,False,False,False,False,0.19999998807907104,1.0,0.6997142434120178,5,250
6447,12,2,9,False,1,1,True,False,False,False,1.3564660549163818,9.0,1.356760859489441,11,53
6447,13,4,7,False,3,1,True,False,False,False,0.4472135901451111,2.0,0.44899889826774597,6,418
6447,14,3,8,True,10498,1,False,False,False,False,0.19999998807907104,1.0,0.5149757266044617,4,1418
6447,15,6,5,True,10498,1,False,False,False,False,0.5656853914260864,2.0,0.6829348802566528,8,6248
6447,16,5,6,True,10498,1,False,False,False,False,0.4472135901451111,2.0,0.7224957346916199,7,9355
6447,17,6,5,True,10498,1,False,False,False,False,0.3464101552963257,3.0,0.6280127167701721,9,6851
6447,18,4,7,True,10498,2,False,False,False,False,0.2828426957130432,2.0,0.4749736785888672,6,5143
6447,19,11,0,True,10498,1,False,,,,,,0.7927168607711792,11,8035
6447,20,1,10,False,1,1,True,False,False,False,1.4832396507263184,10.0,1.4833744764328003,11,53
6447,21,10,1,True,10498,1,False,True,True,True,0.0,0.0,0.7924644947052002,10,8035
6447,22,6,5,True,10498,1,False,False,False,False,0.19999998807907104,1.0,0.531413197517395,7,1963
6447,23,6,5,True,10498,1,False,False,False,False,0.4000000059604645,1.0,0.8309031128883362,7,6248
6447,24,4,7,True,10498,2,False,False,False,False,0.3464101552963257,3.0,0.5878775715827942,7,5621
6447,25,2,9,False,7,1,True,False,False,False,0.7745966911315918,4.0,0.7751129269599915,6,8838
6447,26,6,5,True,10498,1,False,False,False,False,0.19999998807907104,1.0,0.6406247019767761,7,5275
6447,27,9,2,True,10498,1,False,False,False,False,0.2828426957130432,2.0,0.8411896228790283,11,4838
6447,28,5,6,True,10498,1,False,False,False,False,0.3464101552963257,3.0,0.4669046998023987,8,8970
6447,29,11,0,True,10498,1,False,,,,,,0.7927168607711792,11,8035
6447,30,10,1,True,10498,1,False,True,True,True,0.0,0.0,0.7720103859901428,10,1963
6447,31,3,8,True,10498,2,False,True,True,True,0.0,0.0,0.4745524525642395,3,5058
6664,0,10,1,True,10498,1,False,True,True,True,0.0,0.0,0.7720103859901428,10,1963
6664,1,2,9,False,4,1,True,False,False,False,0.632455587387085,7.0,0.633087694644928,9,8970
6664,2,10,1,True,10498,2,False,True,True,True,0.0,0.0,0.7402702569961548,10,3317
6664,3,11,0,True,10498,1,False,,,,,,0.7927168607711792,11,8035
6664,4,9,2,True,10498,1,False,True,True,True,0.0,0.0,0.7400000095367432,9,9355
6664,5,5,6,True,10498,6,False,False,False,False,0.19999998807907104,1.0,0.43127715587615967,6,5990
6664,6,3,8,True,10498,8,False,True,True,True,0.0,0.0,0.4745524525642395,3,6380
6664,7,4,7,True,10498,1,False,False,False,False,0.44721361994743347,2.0,0.5878775715827942,6,10010
6664,8,6,5,True,10498,1,False,False,False,False,0.19999998807907104,1.0,0.601996660232544,7,5273
6664,9,7,4,True,10498,1,False,True,True,True,0.0,0.0,0.7917070388793945,7,2156
6664,10,7,4,True,10498,1,False,False,False,False,0.2828426957130432,2.0,0.6714164614677429,9,1963
6664,11,2,9,False,25,3,True,False,False,False,0.20000001788139343,1.0,0.20199011266231537,3,7285
6664,12,4,7,True,10498,2,False,True,True,True,0.0,0.0,0.31240999698638916,4,8093
6664,13,5,6,True,10498,1,False,False,False,False,0.2828427255153656,2.0,0.4753945767879486,7,2156
6664,14,9,2,True,10498,2,False,False,False,False,0.19999998807907104,1.0,0.7665507793426514,10,9355
6664,15,5,6,True,10498,1,False,False,False,False,0.19999998807907104,1.0,0.3714834749698639,6,490
6664,16,2,9,False,1,1,True,False,False,False,1.216552495956421,9.0,1.216881275177002,11,53
6664,17,9,2,True,10498,1,False,False,False,False,0.4472135603427887,2.0,0.6289674043655396,11,6248
6664,18,4,7,False,7,1,True,True,True,True,0.0,0.0,0.03999999165534973,4,8838
6664,19,4,7,True,10498,1,False,False,False,False,0.2828426957130432,2.0,0.5075430870056152,6,422
6664,20,10,1,True,10498,1,False,False,False,False,0.3999999761581421,1.0,0.6723094582557678,11,4062
6664,21,8,3,True,10498,1,False,False,False,False,0.20000001788139343,1.0,0.8168231248855591,9,2156
6664,22,11,0,True,10498,1,False,,,,,,0.7927168607711792,11,8035
6664,23,9,2,True,10498,2,False,False,False,False,0.19999998807907104,1.0,0.7665507793426514,10,3317
6664,24,11,0,True,10498,1,False,,,,,,0.7927168607711792,11,8035
6664,25,5,6,True,10498,4,False,False,False,False,0.2828426957130432,2.0,0.4753945469856262,7,7148
6664,26,8,3,True,10498,1,False,False,False,False,0.20000001788139343,1.0,0.8168231248855591,9,7244
6664,27,4,7,True,10498,1,False,False,False,False,0.2828427255153656,2.0,0.4214261770248413,6,7581
6664,28,2,9,True,10498,1,False,False,False,False,0.34641018509864807,3.0,0.5871967673301697,5,428
6664,29,1,10,False,1,1,True,False,False,False,1.2806247472763062,10.0,1.2807809114456177,11,53
6664,30,3,8,True,10498,1,False,False,False,False,0.34641018509864807,3.0,0.5875372886657715,6,428
6664,31,9,2,True,10498,1,False,True,True,True,0.0,0.0,0.6095900535583496,9,3317
971,0,1,10,False,575,1,True,False,False,False,0.19999998807907104,1.0,0.2009975016117096,2,5506
971,1,6,5,True,10498,1,False,False,False,False,0.20000001788139343,1.0,0.7863841652870178,7,2156
971,2,4,7,True,10498,1,False,True,True,True,0.0,0.0,0.5230678915977478,4,5048
971,3,4,7,True,10498,1,False,False,False,False,0.3464101552963257,3.0,0.5878775715827942,7,2628
971,4,6,5,True,10498,1,False,False,False,False,0.20000001788139343,1.0,0.5607138276100159,7,6321
971,5,10,1,True,10498,1,False,False,False,False,0.19999998807907104,1.0,0.5329164862632751,11,8035
971,6,9,2,True,10498,1,False,False,False,False,0.19999998807907104,1.0,0.5758472084999084,10,4062
971,7,6,5,True,10498,1,False,False,False,False,0.5291503071784973,4.0,0.615142285823822,10,8035
971,8,1,10,False,2981,3,True,True,True,True,0.0,0.0,0.019999995827674866,1,2489
971,9,10,1,True,10498,1,False,True,True,True,0.0,0.0,0.761577308177948,10,6248
971,10,2,9,False,2,1,True,False,False,False,0.6928203105926514,4.0,0.6933974623680115,6,9617
971,11,1,10,False,1616,14,True,False,False,False,0.2828426957130432,2.0,0.28354892134666443,3,10054
971,12,6,5,True,10498,1,False,False,False,False,0.2828426957130432,2.0,0.5953150391578674,8,7031
971,13,3,8,True,10498,1,False,True,True,True,0.0,0.0,0.31176915764808655,3,5053
971,14,7,4,True,10498,1,False,False,False,False,0.2828426957130432,2.0,0.634665310382843,9,7262
971,15,2,9,True,10498,6,False,False,False,False,0.2828426957130432,2.0,0.3588871657848358,4,2091
971,16,3,8,True,10498,1,False,False,False,False,0.2828426957130432,2.0,0.5943063497543335,5,7549
971,17,6,5,True,10498,1,False,False,False,False,0.19999998807907104,1.0,0.601996660232544,7,6851
971,18,11,0,True,10498,1,False,,,,,,0.7927168607711792,11,8035
971,19,7,4,True,10498,1,False,False,False,False,0.4000000059604645,1.0,0.8116649985313416,8,8025
971,20,3,8,False,2,1,True,False,False,False,0.6928203701972961,6.0,0.6936858296394348,9,8970
971,21,5,6,True,10498,1,False,False,False,False,0.2828426957130432,2.0,0.6340346932411194,7,2658
971,22,2,9,True,10498,2,False,False,False,False,0.19999998807907104,1.0,0.4656178951263428,3,3015
971,23,8,3,True,10498,2,False,False,False,False,0.4472135901451111,2.0,0.7233256697654724,10,9355
971,24,2,9,False,1,1,True,False,False,False,1.0198038816452026,9.0,1.0201959609985352,11,53
971,25,7,4,True,10498,2,False,False,False,False,0.2828426957130432,2.0,0.634665310382843,9,9355
971,26,1,10,False,5,1,True,False,False,False,0.9165151715278625,7.0,0.9167333841323853,8,8970
971,27,9,2,True,10498,1,False,False,False,False,0.20000001788139343,1.0,0.7871467471122742,10,8035
971,28,5,6,True,10498,1,False,False,False,False,0.2828426957130432,2.0,0.7280110120773315,7,9931
971,29,9,2,True,10498,2,False,True,True,True,0.0,0.0,0.7400000095367432,9,3317
971,30,5,6,True,10498,1,False,False,False,False,0.3464101552963257,3.0,0.5603570342063904,8,9671
971,31,3,8,True,10498,2,False,False,False,False,0.3464101552963257,3.0,0.41133925318717957,6,5634
5991,0,1,10,False,25,1,True,False,False,False,0.8485281467437744,7.0,0.8487638235092163,8,7924
5991,1,3,8,True,10498,1,False,False,False,False,0.20000001788139343,1.0,0.3704051673412323,4,428
5991,2,4,7,True,10498,1,False,True,True,True,0.0,0.0,0.5670979022979736,4,1948
5991,3,2,9,False,25,3,True,False,False,False,0.2828427255153656,2.0,0.28425341844558716,4,7885
5991,4,4,7,True,10498,1,False,True,True,True,0.0,0.0,0.5670979022979736,4,9921
5991,5,6,5,True,10498,1,False,False,False,False,0.20000001788139343,1.0,0.6406247019767761,7,9921
5991,6,8,3,True,10498,1,False,False,False,False,0.20000001788139343,1.0,0.8168231248855591,9,7244
5991,7,5,6,True,10498,1,False,False,False,False,0.2828426957130432,2.0,0.4753945767879486,7,4280
5991,8,4,7,True,10498,1,False,False,False,False,0.4472135603427887,5.0,0.5878775119781494,9,5052
5991,9,7,4,True,10498,1,False,True,True,True,0.0,0.0,0.7062577605247498,7,1963
5991,10,3,8,False,1,1,True,False,False,False,1.2000000476837158,8.0,1.2004998922348022,11,26
5991,11,9,2,True,10498,2,False,True,True,True,0.0,0.0,0.7400000095367432,9,3317
5991,12,8,3,True,10498,1,False,False,False,False,0.3999999761581421,1.0,0.634980320930481,9,4062
5991,13,1,10,False,10411,10,True,True,True,True,0.0,0.0,0.019999980926513672,1,1965
5991,14,8,3,True,10498,1,False,False,False,False,0.20000001788139343,1.0,0.7662897706031799,9,1948
5991,15,6,5,True,10498,1,False,False,False,False,0.4472135603427887,5.0,0.5885575413703918,11,5052
5991,16,6,5,True,10498,1,False,False,False,False,0.19999998807907104,1.0,0.6406247019767761,7,1963
5991,17,8,3,True,10498,6,False,False,False,False,0.19999998807907104,1.0,0.6026607751846313,9,9213
5991,18,4,7,False,1,1,True,False,False,False,0.800000011920929,7.0,0.8009994029998779,11,53
5991,19,8,3,True,10498,1,False,False,False,False,0.20000001788139343,1.0,0.7662897706031799,9,1963
5991,20,10,1,True,10498,1,False,True,True,True,0.0,0.0,0.7720103859901428,10,1963
5991,21,7,4,True,10498,1,False,False,False,False,0.4000000059604645,1.0,0.5538952946662903,8,8035
5991,22,8,3,True,10498,1,False,False,False,False,0.20000001788139343,1.0,0.6412488222122192,9,1963
5991,23,1,10,False,25,1,True,False,False,False,0.8485281467437744,7.0,0.8487638235092163,8,7924
5991,24,9,2,True,10498,1,False,False,False,False,0.20000001788139343,1.0,0.4853864312171936,10,8035
5991,25,4,7,True,10498,5,False,False,False,False,0.2828427255153656,2.0,0.50754314661026,6,4134
5991,26,5,6,True,10498,4,False,False,False,False,0.2828426957130432,2.0,0.36055511236190796,7,2660
5991,27,4,7,True,10498,1,False,False,False,False,0.20000001788139343,1.0,0.4833218455314636,5,2156
5991,28,7,4,True,10498,2,False,False,False,False,0.2828426957130432,2.0,0.5681549310684204,9,7181
5991,29,8,3,True,10498,1,False,False,False,False,0.20000001788139343,1.0,0.8168231248855591,9,7244
5991,30,5,6,True,10498,2,False,False,False,False,0.19999998807907104,1.0,0.5603570342063904,6,8036
5991,31,3,8,True,10498,1,False,False,False,False,0.20000001788139343,1.0,0.3704051673412323,4,1951
1438,0,8,3,True,10498,1,False,False,False,False,0.3464101552963257,3.0,0.8168231248855591,11,2658
1438,1,7,4,True,10498,1,False,False,False,False,0.4898979663848877,3.0,0.7285602688789368,10,4062
1438,2,3,8,True,10498,1,False,False,False,False,0.20000001788139343,1.0,0.3704051673412323,4,9326
1438,3,1,10,False,575,29,True,True,True,True,0.0,0.0,0.019999995827674866,1,9991
1438,4,1,10,False,10460,263,True,True,True,True,0.0,0.0,0.019999980926513672,1,1773
1438,5,8,3,True,10498,1,False,False,False,False,0.2828426957130432,2.0,0.7919596433639526,10,5276
1438,6,2,9,False,4,1,True,False,False,False,0.7745966911315918,6.0,0.7751129269599915,8,6248
1438,7,9,2,True,10498,1,False,False,False,False,0.5656854510307312,2.0,0.7180529236793518,11,8035
1438,8,10,1,True,10498,1,False,True,True,True,0.0,0.0,0.761577308177948,10,6248
1438,9,11,0,True,10498,1,False,,,,,,0.7927168607711792,11,8035
1438,10,7,4,True,10498,1,False,False,False,False,0.19999998807907104,1.0,0.5317894220352173,8,1963
1438,11,8,3,True,10498,1,False,True,True,True,0.0,0.0,0.6474565863609314,8,5789
1438,12,7,4,True,10498,1,False,False,False,False,0.4472135901451111,2.0,0.755513072013855,9,295
1438,13,6,5,True,10498,1,False,False,False,False,0.19999998807907104,1.0,0.733757495880127,7,5675
1438,14,7,4,True,10498,2,False,False,False,False,0.4472135901451111,2.0,0.6890573501586914,9,3317
1438,15,10,1,True,10498,2,False,False,False,False,0.19999998807907104,1.0,0.7668116688728333,11,9355
1438,16,6,5,True,10498,3,False,False,False,False,0.2828426957130432,2.0,0.5535340905189514,8,5352
1438,17,8,3,True,10498,2,False,False,False,False,0.19999998807907104,1.0,0.7662897706031799,9,8025
1438,18,6,5,True,10498,1,False,False,False,False,0.3464101552963257,3.0,0.5607138276100159,9,5789
1438,19,7,4,True,10498,1,False,False,False,False,0.19999998807907104,1.0,0.7866384387016296,8,10445
1438,20,2,9,False,25,1,True,False,False,False,0.4898979663848877,3.0,0.49071377515792847,5,7805
1438,21,7,4,True,10498,1,False,False,False,False,0.2828426957130432,2.0,0.6714164614677429,9,5789
1438,22,3,8,True,10498,1,False,True,True,True,0.0,0.0,0.4745524525642395,3,5790
1438,23,7,4,True,10498,1,False,False,False,False,0.6000000238418579,3.0,0.711898922920227,10,6248
1438,24,1,10,False,3,1,True,False,False,False,0.9380832314491272,8.0,0.938296377658844,9,8970
1438,25,3,8,False,1,1,True,False,False,False,0.9380831122398376,8.0,0.938722550868988,11,53
1438,26,7,4,True,10498,1,False,False,False,False,0.19999998807907104,1.0,0.7866384387016296,8,5621
1438,27,7,4,True,10498,1,False,False,False,False,0.4898979663848877,3.0,0.6948381066322327,10,4062
1438,28,3,8,False,2,1,True,False,False,False,0.4472135901451111,2.0,0.4485532343387604,5,4139
1438,29,6,5,True,10498,1,False,False,False,False,0.5291502475738525,4.0,0.7761443853378296,10,9867
1438,30,5,6,True,10498,2,False,False,False,False,0.20000001788139343,1.0,0.6648308038711548,6,7805
1438,31,4,7,True,10498,2,False,False,False,False,0.2828426957130432,2.0,0.5946427583694458,6,10051
6435,0,9,2,True,10498,1,False,False,False,False,0.40000003576278687,1.0,0.8600000143051147,10,6248
6435,1,5,6,True,10498,1,False,False,False,False,0.2828426957130432,2.0,0.6340346932411194,7,5052
6435,2,9,2,True,10498,1,False,False,False,False,0.19999998807907104,1.0,0.6415606141090393,10,9355
6435,3,6,5,True,10498,1,False,False,False,False,0.4000000059604645,1.0,0.6945502758026123,7,1963
6435,4,2,9,False,220,4,True,False,False,False,0.4000000059604645,1.0,0.4009987711906433,3,7064
6435,5,8,3,True,10498,1,False,False,False,False,0.2828426957130432,2.0,0.6092618107795715,10,4838
6435,6,4,7,True,10498,3,False,False,False,False,0.3464101552963257,3.0,0.5153639316558838,7,7768
6435,7,2,9,True,10498,2,False,False,False,False,0.2828426957130432,2.0,0.5520870089530945,4,2371
6435,8,5,6,False,1,1,True,False,False,False,0.9380831718444824,5.0,0.9391486048698425,10,26
6435,9,6,5,True,10498,2,False,False,False,False,0.19999998807907104,1.0,0.7002857327461243,7,10051
6435,10,6,5,True,10498,1,False,False,False,False,0.20000001788139343,1.0,0.4841487407684326,7,7262
6435,11,3,8,True,10498,1,False,False,False,False,0.4000000059604645,1.0,0.552449107170105,4,873
6435,12,2,9,True,10498,1,False,False,False,False,0.3464101552963257,3.0,0.5447935461997986,5,5831
6435,13,6,5,True,10498,1,False,False,False,False,0.40000003576278687,1.0,0.6216108202934265,7,9617
6435,14,2,9,False,1,1,True,False,False,False,1.1999999284744263,8.0,1.2003332376480103,10,26
6435,15,4,7,True,10498,2,False,False,False,False,0.2828426957130432,2.0,0.5528110265731812,6,9380
6435,16,7,4,True,10498,1,False,False,False,False,0.19999998807907104,1.0,0.6773477792739868,8,1948
6435,17,4,7,False,1,1,True,False,False,False,0.8944271802902222,6.0,0.8953211903572083,10,53
6435,18,4,7,True,10498,1,False,False,False,False,0.2828426957130432,2.0,0.5946427583694458,6,1158
6435,19,6,5,True,10498,1,False,False,False,False,0.4472135901451111,2.0,0.6280127167701721,8,9867
6435,20,8,3,True,10498,1,False,False,False,False,0.3464101552963257,3.0,0.700856626033783,11,5276
6435,21,4,7,True,10498,1,False,False,False,False,0.6324555277824402,4.0,0.7704544067382812,8,4806
6435,22,6,5,True,10498,2,False,False,False,False,0.4898979365825653,3.0,0.6216108202934265,9,9121
6435,23,2,9,False,7,1,True,False,False,False,0.44721361994743347,2.0,0.44810715317726135,4,9617
6435,24,7,4,True,10498,1,False,False,False,False,0.6000000238418579,3.0,0.7448490262031555,10,4062
6435,25,1,10,False,26,1,True,False,False,False,0.5291502475738525,4.0,0.5295280814170837,5,7805
6435,26,5,6,True,10498,1,False,False,False,False,0.19999998807907104,1.0,0.6016644239425659,6,5675
6435,27,4,7,True,10498,2,False,False,False,False,0.19999998807907104,1.0,0.430813193321228,5,5809
6435,28,7,4,True,10498,1,False,False,False,False,0.4898979663848877,3.0,0.6948381066322327,10,4838
6435,29,2,9,False,7,1,True,False,False,False,0.44721361994743347,2.0,0.44810715317726135,4,9617
6435,30,11,0,True,10498,1,False,,,,,,0.7927168607711792,11,8035
6435,31,6,5,True,10498,1,False,False,False,False,0.4472135901451111,2.0,0.6887670755386353,8,6025
3166,0,8,3,True,10498,1,False,True,True,True,0.0,0.0,0.7610518932342529,8,10010
3166,1,1,10,False,10460,427,True,True,True,True,0.0,0.0,0.019999980926513672,1,7658
3166,2,1,10,False,3,1,True,False,False,False,1.039230465888977,8.0,1.039422869682312,9,8970
3166,3,10,1,True,10498,1,False,True,True,True,0.0,0.0,0.7924644947052002,10,8035
3166,4,10,1,True,10498,2,False,False,False,False,0.19999998807907104,1.0,0.7668116688728333,11,9355
3166,5,4,7,True,10498,1,False,False,False,False,0.19999998807907104,1.0,0.430813193321228,5,7235
3166,6,2,9,False,25,6,True,False,False,False,0.2828426957130432,2.0,0.28425341844558716,4,720
3166,7,8,3,True,10498,1,False,False,False,False,0.19999998807907104,1.0,0.484974205493927,9,10463
3166,8,11,0,True,10498,1,False,,,,,,0.7927168607711792,11,8035
3166,9,2,9,False,2,1,True,False,False,False,0.8485281467437744,7.0,0.8489994406700134,9,8970
3166,10,5,6,True,10498,6,False,False,False,False,0.20000001788139343,1.0,0.3714834749698639,6,7362
3166,11,7,4,True,10498,1,False,False,False,False,0.2828426957130432,2.0,0.7607890963554382,9,9931
3166,12,7,4,True,10498,1,False,False,False,False,0.20000001788139343,1.0,0.7866384387016296,8,2156
3166,13,8,3,True,10498,1,False,False,False,False,0.5656854510307312,2.0,0.6835203170776367,10,8035
3166,14,2,9,False,540,2,True,False,False,False,0.19999998807907104,1.0,0.20199008285999298,3,7996
3166,15,9,2,True,10498,1,False,False,False,False,0.2828426957130432,2.0,0.8411896228790283,11,4838
3166,16,9,2,True,10498,1,False,False,False,False,0.2828426957130432,2.0,0.8411896228790283,11,4838
3166,17,10,1,True,10498,1,False,False,False,False,0.3999999761581421,1.0,0.6723094582557678,11,4062
3166,18,11,0,True,10498,1,False,,,,,,0.7927168607711792,11,8035
3166,19,9,2,True,10498,2,False,True,True,True,0.0,0.0,0.7400000095367432,9,3317
3166,20,8,3,True,10498,1,False,False,False,False,0.4000000059604645,1.0,0.6951258778572083,9,9355
3166,21,2,9,False,2,1,True,False,False,False,0.8246211409568787,3.0,0.8251060843467712,5,9617
3166,22,1,10,False,10460,427,True,True,True,True,0.0,0.0,0.019999980926513672,1,9738
3166,23,6,5,True,10498,1,False,False,False,False,0.2828426957130432,2.0,0.760526180267334,8,1954
3166,24,10,1,True,10498,1,False,True,True,True,0.0,0.0,0.7720103859901428,10,1963
3166,25,4,7,True,10498,2,False,False,False,False,0.3999999761581421,1.0,0.5528109669685364,5,6756
3166,26,5,6,True,10498,1,False,False,False,False,0.20000001788139343,1.0,0.6403124332427979,6,1948
3166,27,7,4,True,10498,1,False,False,False,False,0.6000000238418579,3.0,0.6773477792739868,10,6248
3166,28,5,6,True,10498,3,False,False,False,False,0.2828426957130432,2.0,0.4753945767879486,7,2146
3166,29,1,10,False,575,2,True,False,False,False,0.19999998807907104,1.0,0.2009975016117096,2,7996
3166,30,7,4,True,10498,1,False,False,False,False,0.2828426957130432,2.0,0.7607890963554382,9,9931
3166,31,11,0,True,10498,1,False,,,,,,0.7927168607711792,11,8035
4433,0,10,1,True,10498,1,False,False,False,False,0.20000001788139343,1.0,0.7874007821083069,11,8035
4433,1,10,1,True,10498,1,False,True,True,True,0.0,0.0,0.7402702569961548,10,9355
4433,2,5,6,True,10498,1,False,False,False,False,0.19999998807907104,1.0,0.48373547196388245,6,295
4433,3,9,2,True,10498,1,False,False,False,False,0.3999999761581421,1.0,0.6720119118690491,10,4062
4433,4,5,6,True,10498,7,False,False,False,False,0.20000001788139343,1.0,0.3714834749698639,6,6509
4433,5,6,5,True,10498,1,False,False,False,False,0.19999998807907104,1.0,0.4317406415939331,7,9355
4433,6,6,5,True,10498,1,False,False,False,False,0.3464101552963257,3.0,0.5607137680053711,9,8025
4433,7,3,8,True,10498,1,False,False,False,False,0.4898979663848877,3.0,0.6206448674201965,6,2156
4433,8,11,0,True,10498,1,False,,,,,,0.7927168607711792,11,8035
4433,9,4,7,True,10498,1,False,False,False,False,0.2828426957130432,2.0,0.5528109669685364,6,9592
4433,10,5,6,True,10498,1,False,True,True,True,0.0,0.0,0.44045430421829224,5,1951
4433,11,11,0,True,10498,1,False,,,,,,0.7927168607711792,11,8035
4433,12,6,5,True,10498,1,False,False,False,False,0.44721361994743347,2.0,0.5462599992752075,8,10010
4433,13,6,5,True,10498,1,False,True,True,True,0.0,0.0,0.6468384861946106,6,9921
4433,14,8,3,True,10498,1,False,False,False,False,0.2828426957130432,2.0,0.7919596433639526,10,5276
4433,15,9,2,True,10498,1,False,False,False,False,0.2828426957130432,2.0,0.7068238854408264,11,7181
4433,16,7,4,True,10498,1,False,True,True,True,0.0,0.0,0.6471476554870605,7,1951
4433,17,10,1,True,10498,2,False,True,True,True,0.0,0.0,0.7402702569961548,10,3317
4433,18,1,10,False,26,3,True,False,False,False,0.20000001788139343,1.0,0.20099753141403198,2,9104
4433,19,3,8,True,10498,2,False,False,False,False,0.2828426957130432,2.0,0.5524490475654602,5,7549
4433,20,3,8,False,1,1,True,False,False,False,1.2489995956420898,8.0,1.24947988986969,11,26
4433,21,5,6,True,10498,1,False,False,False,False,0.2828426957130432,2.0,0.5531727075576782,7,6312
4433,22,4,7,True,10498,1,False,False,False,False,0.19999998807907104,1.0,0.43081316351890564,5,1022
4433,23,4,7,True,10498,1,False,False,False,False,0.44721361994743347,2.0,0.6273754835128784,6,2156
4433,24,9,2,True,10498,2,False,False,False,False,0.20000001788139343,1.0,0.7345747351646423,10,9355
4433,25,4,7,True,10498,1,False,True,True,True,0.0,0.0,0.4214261770248413,4,418
4433,26,2,9,True,10498,6,False,False,False,False,0.3464101552963257,3.0,0.5447935461997986,5,4512
4433,27,10,1,True,10498,1,False,False,False,False,0.3999999761581421,1.0,0.6723094582557678,11,4062
4433,28,4,7,True,10498,1,False,False,False,False,0.20000001788139343,1.0,0.430813193321228,5,428
4433,29,8,3,True,10498,1,False,False,False,False,0.2828426957130432,2.0,0.5245950818061829,10,3317
4433,30,2,9,False,3,1,True,False,False,False,0.8485281467437744,7.0,0.8489994406700134,9,8970
4433,31,2,9,False,25,1,True,False,False,False,0.7211102247238159,7.0,0.7216647267341614,9,7924
6806,0,7,4,True,10498,2,False,False,False,False,0.44721361994743347,2.0,0.7555131316184998,9,1948
6806,1,4,7,True,10498,1,False,False,False,False,0.2828426957130432,2.0,0.4749736785888672,6,295
6806,2,9,2,True,10498,1,False,True,True,True,0.0,0.0,0.8506468534469604,9,9931
6806,3,9,2,True,10498,1,False,False,False,False,0.20000001788139343,1.0,0.7560423612594604,10,6248
6806,4,11,0,True,10498,1,False,,,,,,0.7927168607711792,11,8035
6806,5,8,3,True,10498,1,False,True,True,True,0.0,0.0,0.7714921236038208,8,9921
6806,6,3,8,False,7,1,True,False,False,False,0.44721361994743347,2.0,0.44855326414108276,5,8838
6806,7,8,3,True,10498,2,False,True,True,True,0.0,0.0,0.7065408825874329,8,9355
6806,8,1,10,False,5,1,True,False,False,False,0.9380831718444824,8.0,0.938296377658844,9,8970
6806,9,2,9,False,220,8,True,False,False,False,0.19999998807907104,1.0,0.20199008285999298,3,354
6806,10,5,6,True,10498,1,False,False,False,False,0.5656853914260864,5.0,0.6465292572975159,10,8025
6806,11,5,6,True,10498,1,False,False,False,False,0.2828427255153656,2.0,0.4753945767879486,7,2156
6806,12,8,3,True,10498,1,False,False,False,False,0.2828427255153656,2.0,0.750466525554657,10,6248
6806,13,11,0,True,10498,1,False,,,,,,0.7927168607711792,11,8035
6806,14,7,4,True,10498,1,False,True,True,True,0.0,0.0,0.5681549310684204,7,9355
6806,15,2,9,False,540,4,True,False,False,False,0.2828426957130432,2.0,0.28425338864326477,4,2419
6806,16,7,4,True,10498,1,False,False,False,False,0.20000001788139343,1.0,0.48456165194511414,8,8035
6806,17,4,7,True,10498,1,False,True,True,True,0.0,0.0,0.6705222129821777,4,9931
6806,18,5,6,True,10498,1,False,False,False,False,0.20000001788139343,1.0,0.3714835047721863,6,8060
6806,19,3,8,False,1,1,True,False,False,False,0.8944271802902222,6.0,0.8950977921485901,9,6248
6806,20,10,1,True,10498,1,False,True,True,True,0.0,0.0,0.761577308177948,10,6248
6806,21,8,3,True,10498,1,False,False,False,False,0.2828427255153656,2.0,0.5245950818061829,10,8035
6806,22,10,1,True,10498,2,False,False,False,False,0.19999998807907104,1.0,0.7668116688728333,11,9355
6806,23,3,8,False,25,4,True,False,False,False,0.44721361994743347,2.0,0.4485532343387604,5,7285
6806,24,5,6,True,10498,1,False,False,False,False,0.3464101552963257,3.0,0.5157518982887268,8,9092
6806,25,4,7,True,10498,1,False,False,False,False,0.2828426957130432,2.0,0.6337192058563232,6,9921
6806,26,5,6,True,10498,1,False,False,False,False,0.4898979663848877,3.0,0.7496666312217712,8,8025
6806,27,3,8,True,10498,1,False,False,False,False,0.2828426957130432,2.0,0.4745524227619171,5,9921
6806,28,1,10,False,2981,3,True,True,True,True,0.0,0.0,0.019999995827674866,1,1182
6806,29,8,3,True,10498,1,False,False,False,False,0.20000001788139343,1.0,0.8456949591636658,9,7244
6806,30,5,6,True,10498,1,False,False,False,False,0.2828426957130432,2.0,0.4753945469856262,7,9092
6806,31,6,5,True,10498,1,False,False,False,False,0.2828426957130432,2.0,0.5238320231437683,8,3457
7383,0,10,1,True,10498,2,False,False,False,False,0.19999998807907104,1.0,0.7668116688728333,11,9355
7383,1,2,9,True,10498,1,False,True,True,True,0.0,0.0,0.3111269772052765,2,6072
7383,2,7,4,True,10498,1,False,False,False,False,0.20000001788139343,1.0,0.6654322147369385,8,5621
7383,3,3,8,True,10498,3,False,False,False,False,0.19999998807907104,1.0,0.2986636757850647,4,6846
7383,4,10,1,True,10498,1,False,True,True,True,0.0,0.0,0.4939635396003723,10,8035
7383,5,5,6,True,10498,3,False,False,False,False,0.19999998807907104,1.0,0.5157518982887268,6,488
7383,6,5,6,True,10498,1,False,True,True,True,0.0,0.0,0.3130495250225067,5,3283
7383,7,5,6,True,10498,6,False,False,False,False,0.2828426957130432,2.0,0.4219004511833191,7,5383
7383,8,8,3,True,10498,1,False,False,False,False,0.4000000059604645,1.0,0.634980320930481,9,4062
7383,9,8,3,True,10498,2,False,False,False,False,0.4000000059604645,1.0,0.8119113445281982,9,9355
7383,10,2,9,True,10498,6,False,True,True,True,0.0,0.0,0.42047595977783203,2,231
7383,11,2,9,False,2919,30,True,True,True,True,0.0,0.0,0.028284255415201187,2,8018
7383,12,8,3,True,10498,1,False,False,False,False,0.4000000059604645,1.0,0.8313844203948975,9,8035
7383,13,5,6,True,10498,1,False,False,False,False,0.2828427255153656,2.0,0.4753945767879486,7,6248
7383,14,5,6,True,10498,1,False,False,False,False,0.4000000059604645,1.0,0.6587867736816406,6,9423
7383,15,11,0,True,10498,1,False,,,,,,0.7927168607711792,11,8035
7383,16,3,8,True,10498,1,False,False,False,False,0.20000001788139343,1.0,0.5149757266044617,4,2891
7383,17,6,5,True,10498,2,False,True,True,True,0.0,0.0,0.6086049675941467,6,7148
7383,18,2,9,True,10498,2,False,False,False,False,0.2828426957130432,2.0,0.5067543983459473,4,6057
7383,19,7,4,True,10498,1,False,False,False,False,0.2828426957130432,2.0,0.7285602688789368,9,8927
7383,20,4,7,False,1,1,True,False,False,False,0.9380831718444824,5.0,0.9389356374740601,9,26
7383,21,6,5,True,10498,2,False,False,False,False,0.2828426957130432,2.0,0.7282856702804565,8,7187
7383,22,2,9,False,2,1,True,False,False,False,0.9591663479804993,6.0,0.9595832824707031,8,26
7383,23,6,5,True,10498,2,False,True,True,True,0.0,0.0,0.5678027868270874,6,7148
7383,24,2,9,False,2,1,True,True,True,True,0.0,0.0,0.028284266591072083,2,9617
7383,25,2,9,False,2,1,True,False,False,False,0.9591663479804993,6.0,0.9595832824707031,8,26
7383,26,9,2,True,10498,1,False,True,True,True,0.0,0.0,0.7613146305084229,9,6248
7383,27,2,9,False,1616,2,True,True,True,True,0.0,0.0,0.028284266591072083,2,231
7383,28,5,6,True,10498,1,False,False,False,False,0.3464101552963257,3.0,0.7861298322677612,8,6851
7383,29,7,4,True,10498,1,False,False,False,False,0.44721361994743347,2.0,0.546626091003418,9,6248
7383,30,4,7,True,10498,2,False,True,True,True,0.0,0.0,0.31240999698638916,4,5393
7383,31,8,3,True,10498,1,False,False,False,False,0.4472135901451111,2.0,0.8069697022438049,10,8970
5057,0,8,3,True,10498,1,False,True,True,True,0.0,0.0,0.4418144226074219,8,6248
5057,1,10,1,True,10498,1,False,False,False,False,0.19999998807907104,1.0,0.846167802810669,11,4838
5057,2,11,0,True,10498,1,False,,,,,,0.7927168607711792,11,8035
5057,3,2,9,True,10498,1,False,False,False,False,0.3464101552963257,3.0,0.4108527600765228,5,7276
5057,4,9,2,True,10498,1,False,True,True,True,0.0,0.0,0.5399999618530273,9,4062
5057,5,2,9,False,1,1,True,False,False,False,0.7211102843284607,2.0,0.7216647863388062,4,6312
5057,6,3,8,True,10498,3,False,False,False,False,0.2828426957130432,2.0,0.4209512770175934,5,8093
5057,7,3,8,True,10498,4,False,False,False,False,0.19999998807907104,1.0,0.5149757266044617,4,7159
5057,8,4,7,True,10498,1,False,False,False,False,0.4472135901451111,2.0,0.5878775715827942,6,4767
5057,9,7,4,True,10498,1,False,False,False,False,0.6000000238418579,3.0,0.7118988633155823,10,8035
5057,10,9,2,True,10498,1,False,True,True,True,0.0,0.0,0.5399999618530273,9,4062
5057,11,6,5,True,10498,2,False,False,False,False,0.4472135901451111,2.0,0.7552483677864075,8,7181
5057,12,7,4,True,10498,2,False,False,False,False,0.44721361994743347,2.0,0.7230491042137146,9,7042
5057,13,1,10,False,1616,4,True,False,False,False,0.19999998807907104,1.0,0.2009975016117096,2,5419
5057,14,6,5,True,10498,1,False,False,False,False,0.19999998807907104,1.0,0.6651315689086914,7,5621
5057,15,11,0,True,10498,1,False,,,,,,0.7927168607711792,11,8035
5057,16,3,8,False,1,1,True,False,False,False,1.1135529279708862,6.0,1.1140915155410767,9,26
5057,17,10,1,True,10498,2,False,True,True,True,0.0,0.0,0.7402702569961548,10,3317
5057,18,7,4,True,10498,1,False,False,False,False,0.2828426957130432,2.0,0.634665310382843,9,8970
5057,19,5,6,True,10498,1,False,False,False,False,0.6000000238418579,3.0,0.7113367915153503,8,8035
5057,20,10,1,True,10498,1,False,True,True,True,0.0,0.0,0.761577308177948,10,6248
5057,21,1,10,False,575,16,True,True,True,True,0.0,0.0,0.019999995827674866,1,9857
5057,22,9,2,True,10498,1,False,False,False,False,0.4472135901451111,2.0,0.6289674043655396,11,8035
5057,23,10,1,True,10498,1,False,False,False,False,0.19999998807907104,1.0,0.5329164862632751,11,8035
5057,24,2,9,False,1616,4,True,False,False,False,0.19999998807907104,1.0,0.20199008285999298,3,4040
5057,25,10,1,True,10498,1,False,True,True,True,0.0,0.0,0.5403702259063721,10,4062
5057,26,1,10,False,5,1,True,False,False,False,0.8246211409568787,5.0,0.8248636722564697,6,6248
5057,27,6,5,True,10498,1,False,False,False,False,0.19999998807907104,1.0,0.6651315689086914,7,6057
5057,28,7,4,True,10498,1,False,False,False,False,0.3464101552963257,3.0,0.6654322147369385,10,5273
5057,29,6,5,True,10498,1,False,False,False,False,0.19999998807907104,1.0,0.722772479057312,7,236
5057,30,10,1,True,10498,2,False,False,False,False,0.19999998807907104,1.0,0.7668116092681885,11,3317
5057,31,2,9,True,10498,1,False,False,False,False,0.2828426957130432,2.0,0.5520870089530945,4,5392
7786,0,2,9,False,25,1,True,False,False,False,0.7211102247238159,7.0,0.7216647267341614,9,7924
7786,1,3,8,True,10498,2,False,True,True,True,0.0,0.0,0.2218107283115387,3,8701
7786,2,9,2,True,10498,1,False,True,True,True,0.0,0.0,0.7400000095367432,9,1963
7786,3,6,5,True,10498,1,False,False,False,False,0.20000001788139343,1.0,0.6406247019767761,7,9921
7786,4,7,4,True,10498,1,False,False,False,False,0.19999998807907104,1.0,0.43220362067222595,8,9355
7786,5,7,4,True,10498,1,False,False,False,False,0.4000000059604645,1.0,0.8116649985313416,8,1963
7786,6,6,5,True,10498,1,False,False,False,False,0.19999998807907104,1.0,0.4841487407684326,7,3826
7786,7,11,0,True,10498,1,False,,,,,,0.7927168607711792,11,8035
7786,8,3,8,True,10498,1,False,False,False,False,0.19999998807907104,1.0,0.2986636757850647,4,8445
7786,9,1,10,False,10411,89,True,True,True,True,0.0,0.0,0.019999980926513672,1,4789
7786,10,9,2,True,10498,1,False,False,False,False,0.20000001788139343,1.0,0.8170679211616516,10,7244
7786,11,6,5,True,10498,1,False,False,False,False,0.34641018509864807,3.0,0.5161395072937012,9,8035
7786,12,8,3,True,10498,1,False,False,False,False,0.20000001788139343,1.0,0.7662897706031799,9,9921
7786,13,4,7,True,10498,1,False,False,False,False,0.19999998807907104,1.0,0.5600000023841858,5,8274
7786,14,4,7,True,10498,1,False,True,True,True,0.0,0.0,0.22271056473255157,4,5158
7786,15,4,7,True,10498,1,False,False,False,False,0.2828426957130432,2.0,0.5946427583694458,6,10060
7786,16,7,4,True,10498,1,False,False,False,False,0.3464101552963257,3.0,0.6283311247825623,10,8970
7786,17,1,10,False,3,1,True,False,False,False,0.9797959327697754,8.0,0.9800000190734863,9,8970
7786,18,11,0,True,10498,1,False,,,,,,0.7927168607711792,11,8035
7786,19,10,1,True,10498,1,False,True,True,True,0.0,0.0,0.7924644947052002,10,8035
7786,20,3,8,True,10498,9,False,True,True,True,0.0,0.0,0.31176915764808655,3,4822
7786,21,3,8,False,1,1,True,False,False,False,1.2000000476837158,8.0,1.2004998922348022,11,26
7786,22,8,3,True,10498,1,False,True,True,True,0.0,0.0,0.6474565863609314,8,1963
7786,23,2,9,False,52,4,True,False,False,False,0.2828426957130432,2.0,0.28425341844558716,4,4242
7786,24,6,5,True,10498,1,False,False,False,False,0.2828426957130432,2.0,0.6945502758026123,8,5621
7786,25,4,7,True,10498,1,False,False,False,False,0.4898979663848877,3.0,0.6209670305252075,7,7244
7786,26,5,6,True,10498,1,False,False,False,False,0.2828426957130432,2.0,0.6587867736816406,7,4512
7786,27,8,3,True,10498,1,False,False,False,False,0.4472135901451111,2.0,0.7557777762413025,10,1963
7786,28,6,5,True,10498,1,False,False,False,False,0.19999998807907104,1.0,0.733757495880127,7,5273
7786,29,1,10,False,5,1,True,False,False,False,0.9797959327697754,8.0,0.9800000786781311,9,8970
7786,30,1,10,False,25,1,True,False,False,False,0.9380831718444824,8.0,0.938296377658844,9,7924
7786,31,11,0,True,10498,1,False,,,,,,0.7927168607711792,11,8035
200,0,6,5,True,10498,1,False,False,False,False,0.4000000059604645,1.0,0.5535340905189514,7,8035
200,1,5,6,True,10498,1,False,False,False,False,0.7211102843284607,2.0,0.7861297726631165,7,6248
200,2,2,9,False,23,1,True,False,False,False,0.632455587387085,4.0,0.633087694644928,6,8035
200,3,11,0,True,10498,1,False,,,,,,0.7927168607711792,11,8035
200,4,10,1,True,10498,2,False,True,True,True,0.0,0.0,0.7402702569961548,10,9355
200,5,5,6,True,10498,1,False,False,False,False,0.2828427255153656,2.0,0.6340347528457642,7,9355
200,6,11,0,True,10498,1,False,,,,,,0.7927168607711792,11,8035
200,7,11,0,True,10498,1,False,,,,,,0.7927168607711792,11,8035
200,8,8,3,True,10498,1,False,False,False,False,0.6324555277824402,2.0,0.8313843607902527,10,4838
200,9,8,3,True,10498,1,False,False,False,False,0.2828426957130432,2.0,0.7610519528388977,10,6851
200,10,2,9,True,10498,1,False,False,False,False,0.3464101552963257,3.0,0.4656178653240204,5,6413
200,11,2,9,True,10498,19,False,True,True,True,0.0,0.0,0.42047595977783203,2,4975
200,12,3,8,True,10498,3,False,False,False,False,0.3464101552963257,3.0,0.5451605319976807,6,4512
200,13,1,10,False,2981,18,True,True,True,True,0.0,0.0,0.019999995827674866,1,455
200,14,2,9,False,1,1,True,False,False,False,1.6370705366134644,9.0,1.6373149156570435,11,53
200,15,3,8,True,10498,2,False,True,True,True,0.0,0.0,0.31176915764808655,3,5990
200,16,4,7,True,10498,1,False,False,False,False,0.4472135901451111,2.0,0.6881860494613647,6,3317
200,17,9,2,True,10498,1,False,True,True,True,0.0,0.0,0.7922120690345764,9,8035
200,18,2,9,False,25,1,True,False,False,False,0.4898979663848877,3.0,0.49071377515792847,5,4139
200,19,5,6,True,10498,1,False,False,False,False,0.2828426957130432,2.0,0.4219004511833191,7,5969
200,20,5,6,True,10498,1,False,True,True,True,0.0,0.0,0.5234501361846924,5,3133
200,21,8,3,True,10498,1,False,False,False,False,0.20000001788139343,1.0,0.484974205493927,9,8035
200,22,5,6,True,10498,1,False,False,False,False,0.2828426957130432,2.0,0.5949789881706238,7,3317
200,23,4,7,False,3,2,True,False,False,False,0.2828426957130432,2.0,0.2856571078300476,6,418
200,24,4,7,True,10498,1,False,False,False,False,0.2828426957130432,2.0,0.6939740777015686,6,8927
200,25,6,5,True,10498,1,False,False,False,False,0.44721361994743347,2.0,0.5885576009750366,8,8035
200,26,5,6,True,10498,1,False,False,False,False,0.44721361994743347,2.0,0.8062257766723633,7,9355
200,27,5,6,True,10498,2,False,False,False,False,0.20000001788139343,1.0,0.43127718567848206,6,370
200,28,6,5,True,10498,1,False,False,False,False,0.20000001788139343,1.0,0.733757495880127,7,9355
200,29,5,6,True,10498,1,False,False,False,False,0.2828426957130432,2.0,0.5234500765800476,7,3317
200,30,1,10,False,575,1,True,False,False,False,0.44721361994743347,2.0,0.4476606249809265,3,2126
200,31,4,7,True,10498,1,False,False,False,False,0.5656854510307312,2.0,0.682348906993866,6,8035
8794,0,11,0,True,10498,1,False,,,,,,0.7927168607711792,11,8035
8794,1,3,8,True,10498,1,False,False,False,False,0.44721361994743347,2.0,0.5451605319976807,5,8035
8794,2,8,3,True,10498,2,False,False,False,False,0.20000001788139343,1.0,0.7343024611473083,9,3317
8794,3,3,8,True,10498,1,False,False,False,False,0.20000001788139343,1.0,0.5596427321434021,4,1951
8794,4,5,6,True,10498,1,False,False,False,False,0.2828427255153656,2.0,0.4753945767879486,7,8035
8794,5,3,8,True,10498,2,False,False,False,False,0.20000001788139343,1.0,0.2986637055873871,4,1021
8794,6,5,6,True,10498,9,False,False,False,False,0.20000001788139343,1.0,0.5603570938110352,6,7129
8794,7,6,5,True,10498,1,False,True,True,True,0.0,0.0,0.7059745192527771,6,1963
8794,8,9,2,True,10498,1,False,False,False,False,0.2828426957130432,2.0,0.6720119118690491,11,3317
8794,9,6,5,True,10498,1,False,True,True,True,0.0,0.0,0.7282856702804565,6,2156
8794,10,3,8,False,1,1,True,False,False,False,1.095445156097412,5.0,1.0959926843643188,8,9617
8794,11,2,9,False,7,1,True,False,False,False,0.3464101552963257,3.0,0.3475629687309265,5,423
8794,12,4,7,True,10498,2,False,False,False,False,0.20000001788139343,1.0,0.3709447383880615,5,9121
8794,13,4,7,False,2,1,True,False,False,False,0.9165151715278625,4.0,0.9173876047134399,8,9617
8794,14,3,8,True,10498,1,False,False,False,False,0.44721361994743347,2.0,0.5451605319976807,5,8035
8794,15,9,2,True,10498,2,False,False,False,False,0.19999998807907104,1.0,0.7665507793426514,10,3317
8794,16,5,6,True,10498,1,False,False,False,False,0.4000000059604645,1.0,0.5079370141029358,6,8035
8794,17,8,3,True,10498,1,False,True,True,True,0.0,0.0,0.6092618703842163,8,1963
8794,18,6,5,True,10498,1,False,False,False,False,0.2828427255153656,2.0,0.634350061416626,8,9921
8794,19,10,1,True,10498,2,False,True,True,True,0.0,0.0,0.7402702569961548,10,9355
8794,20,2,9,False,25,6,True,False,False,False,0.20000001788139343,1.0,0.20199011266231537,3,9137
8794,21,5,6,True,10498,1,False,False,False,False,0.20000001788139343,1.0,0.6016644239425659,6,9921
8794,22,7,4,True,10498,1,False,False,False,False,0.2828426957130432,2.0,0.6714164614677429,9,1963
8794,23,4,7,True,10498,7,False,False,False,False,0.19999998807907104,1.0,0.3709447383880615,5,8278
8794,24,7,4,True,10498,2,False,False,False,False,0.19999998807907104,1.0,0.6409368515014648,8,9355
8794,25,11,0,True,10498,1,False,,,,,,0.7927168607711792,11,8035
8794,26,7,4,True,10498,1,False,True,True,True,0.0,0.0,0.7917070388793945,7,7244
8794,27,7,4,True,10498,1,False,True,True,True,0.0,0.0,0.4413614869117737,7,7244
8794,28,11,0,True,10498,1,False,,,,,,0.7927168607711792,11,8035
8794,29,8,3,True,10498,1,False,True,True,True,0.0,0.0,0.6092618703842163,8,1963
8794,30,3,8,True,10498,1,False,False,False,False,0.19999998807907104,1.0,0.3704051673412323,4,4280
8794,31,3,8,True,10498,2,False,False,False,False,0.2828426957130432,2.0,0.4209512770175934,5,9493
4756,0,4,7,False,1,1,True,False,False,False,1.1999999284744263,6.0,1.2006664276123047,10,26
4756,1,11,0,True,10498,1,False,,,,,,0.7927168607711792,11,8035
4756,2,4,7,True,10498,1,False,False,False,False,0.2828427255153656,2.0,0.4749737083911896,6,8035
4756,3,3,8,True,10498,1,False,False,False,False,0.20000001788139343,1.0,0.3704051673412323,4,2830
4756,4,9,2,True,10498,1,False,False,False,False,0.20000001788139343,1.0,0.7665507793426514,10,1963
4756,5,7,4,True,10498,8,False,False,False,False,0.20000001788139343,1.0,0.561070442199707,8,7129
4756,6,3,8,True,10498,6,False,False,False,False,0.20000001788139343,1.0,0.4660472273826599,4,2955
4756,7,5,6,True,10498,1,False,False,False,False,0.19999998807907104,1.0,0.48373547196388245,6,4280
4756,8,8,3,True,10498,1,False,True,True,True,0.0,0.0,0.5396294593811035,8,7244
4756,9,7,4,True,10498,1,False,True,True,True,0.0,0.0,0.6471476554870605,7,1951
4756,10,1,10,False,575,1,True,False,False,False,0.4000000059604645,4.0,0.40049970149993896,5,4030
4756,11,6,5,True,10498,1,False,False,False,False,0.20000001788139343,1.0,0.7552483081817627,7,2156
4756,12,9,2,True,10498,1,False,True,True,True,0.0,0.0,0.8219488859176636,9,7244
4756,13,3,8,True,10498,2,False,True,True,True,0.0,0.0,0.31176915764808655,3,1021
4756,14,3,8,False,25,3,True,True,True,True,0.0,0.0,0.03464099019765854,3,8885
4756,15,7,4,True,10498,1,False,False,False,False,0.20000001788139343,1.0,0.8165782690048218,8,7244
4756,16,8,3,True,10498,1,False,False,False,False,0.2828427255153656,2.0,0.7610518932342529,10,3317
4756,17,9,2,True,10498,1,False,True,True,True,0.0,0.0,0.7717512845993042,9,1963
4756,18,6,5,True,10498,1,False,False,False,False,0.2828427255153656,2.0,0.5238320827484131,8,9921
4756,19,6,5,True,10498,4,False,True,True,True,0.0,0.0,0.475815087556839,6,2955
4756,20,3,8,False,51,8,True,True,True,True,0.0,0.0,0.03464099019765854,3,9706
4756,21,11,0,True,10498,1,False,,,,,,0.7927168607711792,11,8035
4756,22,11,0,True,10498,1,False,,,,,,0.7927168607711792,11,8035
4756,23,7,4,True,10498,1,False,True,True,True,0.0,0.0,0.44136151671409607,7,8035
4756,24,1,10,False,52,8,True,True,True,True,0.0,0.0,0.019999995827674866,1,6595
4756,25,4,7,True,10498,2,False,True,True,True,0.0,0.0,0.38157567381858826,4,1021
4756,26,11,0,True,10498,1,False,,,,,,0.7927168607711792,11,8035
4756,27,1,10,False,1,1,True,False,False,False,1.3856406211853027,10.0,1.3857849836349487,11,53
4756,28,11,0,True,10498,1,False,,,,,,0.7927168607711792,11,8035
4756,29,1,10,False,1616,146,True,True,True,True,0.0,0.0,0.02000001072883606,1,415
4756,30,8,3,True,10498,1,False,False,False,False,0.3464101552963257,3.0,0.6657326817512512,11,3317
4756,31,10,1,True,10498,1,False,True,True,True,0.0,0.0,0.7924644947052002,10,8035
1815,0,2,9,False,1,1,True,False,False,False,1.0198038816452026,7.0,1.0201960802078247,9,8970
1815,1,7,4,True,10498,1,False,False,False,False,0.2828426957130432,2.0,0.7917070388793945,9,5276
1815,2,7,4,True,10498,1,False,True,True,True,0.0,0.0,0.7394592761993408,7,8913
1815,3,4,7,True,10498,1,False,False,False,False,0.19999998807907104,1.0,0.430813193321228,5,3128
1815,4,10,1,True,10498,2,False,True,True,True,0.0,0.0,0.7402702569961548,10,3317
1815,5,4,7,True,10498,1,False,False,False,False,0.3464101552963257,3.0,0.41182515025138855,7,5158
1815,6,9,2,True,10498,1,False,True,True,True,0.0,0.0,0.7613146305084229,9,6248
1815,7,4,7,True,10498,1,False,False,False,False,0.3464101552963257,3.0,0.5153639316558838,7,2658
1815,8,6,5,True,10498,1,False,False,False,False,0.2828426957130432,2.0,0.671118438243866,8,2658
1815,9,3,8,False,7,1,True,False,False,False,0.4898979663848877,3.0,0.4911211431026459,6,8838
1815,10,10,1,True,10498,1,False,False,False,False,0.19999998807907104,1.0,0.5761944055557251,11,4062
1815,11,7,4,True,10498,4,False,False,False,False,0.19999998807907104,1.0,0.6023288369178772,8,4134
1815,12,10,1,True,10498,1,False,False,False,False,0.19999998807907104,1.0,0.5761944055557251,11,4062
1815,13,9,2,True,10498,1,False,False,False,False,0.19999998807907104,1.0,0.532541036605835,10,8035
1815,14,11,0,True,10498,1,False,,,,,,0.7927168607711792,11,8035
1815,15,4,7,False,1,1,True,False,False,False,0.8485281467437744,7.0,0.8494704365730286,11,53
1815,16,10,1,True,10498,2,False,True,True,True,0.0,0.0,0.7402702569961548,10,3317
1815,17,5,6,True,10498,1,False,True,True,True,0.0,0.0,0.3130495250225067,5,4079
1815,18,2,9,False,25,1,True,False,False,False,0.5999999642372131,6.0,0.6006662845611572,8,1157
1815,19,7,4,True,10498,1,False,False,False,False,0.19999998807907104,1.0,0.5317894220352173,8,2156
1815,20,6,5,True,10498,1,False,False,False,False,0.4472135901451111,2.0,0.6651315689086914,8,7244
1815,21,3,8,True,10498,1,False,False,False,False,0.3464101552963257,3.0,0.4660471975803375,6,873
1815,22,10,1,True,10498,1,False,False,False,False,0.19999998807907104,1.0,0.846167802810669,11,4838
1815,23,1,10,False,10460,88,True,True,True,True,0.0,0.0,0.019999980926513672,1,1342
1815,24,10,1,True,10498,2,False,False,False,False,0.19999998807907104,1.0,0.7668116688728333,11,9355
1815,25,8,3,True,10498,1,False,True,True,True,0.0,0.0,0.7397297620773315,8,9931
1815,26,2,9,False,25,3,True,False,False,False,0.4472135901451111,2.0,0.44810712337493896,4,721
1815,27,10,1,True,10498,1,False,False,False,False,0.19999998807907104,1.0,0.5761944055557251,11,4062
1815,28,4,7,False,1,1,True,False,False,False,1.039230465888977,7.0,1.040000081062317,11,26
1815,29,9,2,True,10498,2,False,True,True,True,0.0,0.0,0.7400000095367432,9,9355
1815,30,3,8,False,51,1,True,False,False,False,0.4000000059604645,1.0,0.4014972150325775,4,10023
1815,31,4,7,True,10498,2,False,False,False,False,0.19999998807907104,1.0,0.48332181572914124,5,1951
5616,0,9,2,True,10498,1,False,False,False,False,0.19999998807907104,1.0,0.6779381036758423,10,1963
5616,1,9,2,True,10498,1,False,True,True,True,0.0,0.0,0.7922120690345764,9,8035
5616,2,8,3,True,10498,1,False,False,False,False,0.5656854510307312,2.0,0.6835203170776367,10,8035
5616,3,5,6,True,10498,2,False,True,True,True,0.0,0.0,0.5234501361846924,5,5058
5616,4,11,0,True,10498,1,False,,,,,,0.7927168607711792,11,8035
5616,5,1,10,False,3,1,True,False,False,False,0.9165151715278625,7.0,0.9167333841323853,8,8970
5616,6,10,1,True,10498,1,False,True,True,True,0.0,0.0,0.761577308177948,10,6248
5616,7,10,1,True,10498,1,False,True,True,True,0.0,0.0,0.7924644947052002,10,8035
5616,8,10,1,True,10498,1,False,True,True,True,0.0,0.0,0.7402702569961548,10,8970
5616,9,10,1,True,10498,1,False,True,True,True,0.0,0.0,0.4939635396003723,10,8035
5616,10,7,4,True,10498,6,False,False,False,False,0.19999998807907104,1.0,0.6023288369178772,8,5990
5616,11,9,2,True,10498,1,False,False,False,False,0.19999998807907104,1.0,0.7345747351646423,10,8970
5616,12,2,9,False,1,1,True,False,False,False,1.1135528087615967,6.0,1.1139119863510132,8,26
5616,13,5,6,True,10498,3,False,False,False,False,0.19999998807907104,1.0,0.3714834749698639,6,7129
5616,14,11,0,True,10498,1,False,,,,,,0.7927168607711792,11,8035
5616,15,10,1,True,10498,1,False,True,True,True,0.0,0.0,0.5403702259063721,10,4062
5616,16,10,1,True,10498,1,False,True,True,True,0.0,0.0,0.4939635396003723,10,8035
5616,17,2,9,False,2,1,True,False,False,False,0.9165151715278625,7.0,0.9169514775276184,9,8970
5616,18,3,8,True,10498,3,False,False,False,False,0.2828426957130432,2.0,0.4209512770175934,5,4145
5616,19,1,10,False,26,1,True,False,False,False,0.3999999761581421,1.0,0.4004996716976166,2,4139
5616,20,9,2,True,10498,1,False,False,False,False,0.19999998807907104,1.0,0.6415606141090393,10,8970
5616,21,7,4,True,10498,1,False,False,False,False,0.2828426957130432,2.0,0.6714164614677429,9,5052
5616,22,8,3,True,10498,1,False,False,False,False,0.3464101552963257,3.0,0.700856626033783,11,5276
5616,23,10,1,True,10498,1,False,True,True,True,0.0,0.0,0.7924644947052002,10,8035
5616,24,4,7,True,10498,1,False,False,False,False,0.19999998807907104,1.0,0.3709447383880615,5,6811
5616,25,7,4,True,10498,1,False,False,False,False,0.20000001788139343,1.0,0.43220365047454834,8,6248
5616,26,10,1,True,10498,1,False,True,True,True,0.0,0.0,0.7402702569961548,10,8970
5616,27,5,6,True,10498,1,False,False,False,False,0.20000000298023224,1.0,0.5603570938110352,6,10195
5616,28,5,6,True,10498,2,False,False,False,False,0.19999998807907104,1.0,0.43127715587615967,6,482
5616,29,11,0,True,10498,1,False,,,,,,0.7927168607711792,11,8035
5616,30,9,2,True,10498,1,False,False,False,False,0.2828426957130432,2.0,0.7922121286392212,11,5276
5616,31,9,2,True,10498,1,False,False,False,False,0.2828426957130432,2.0,0.6720119118690491,11,3317
5949,0,7,4,True,10498,1,False,False,False,False,0.4000000059604645,4.0,0.5538952946662903,11,8035
5949,1,11,0,True,10498,1,False,,,,,,0.7927168607711792,11,8035
5949,2,4,7,True,10498,1,False,False,False,False,0.3464101552963257,3.0,0.5153639912605286,7,2156
5949,3,10,1,True,10498,1,False,False,False,False,0.20000001788139343,1.0,0.7874007821083069,11,8035
5949,4,6,5,True,10498,3,False,False,False,False,0.19999998807907104,1.0,0.6019967198371887,7,6850
5949,5,3,8,False,1,1,True,False,False,False,0.5291502475738525,4.0,0.5302829742431641,7,6312
5949,6,2,9,False,510,2,True,False,False,False,0.20000001788139343,1.0,0.20199011266231537,3,4030
5949,7,6,5,True,10498,1,False,False,False,False,0.3464101552963257,3.0,0.4673328101634979,9,8970
5949,8,1,10,False,575,2,True,False,False,False,0.20000001788139343,1.0,0.20099753141403198,2,4030
5949,9,7,4,True,10498,1,False,False,False,False,0.3464101552963257,3.0,0.561070442199707,10,8035
5949,10,10,1,True,10498,1,False,True,True,True,0.0,0.0,0.7402702569961548,10,9355
5949,11,10,1,True,10498,1,False,False,False,False,0.3999999761581421,1.0,0.6723094582557678,11,4062
5949,12,5,6,True,10498,1,False,False,False,False,0.3999999761581421,4.0,0.5531726479530334,9,9092
5949,13,2,9,False,7,1,True,False,False,False,0.4898979663848877,3.0,0.49071377515792847,5,8838
5949,14,7,4,True,10498,1,False,False,False,False,0.19999998807907104,1.0,0.48456165194511414,8,3457
5949,15,4,7,True,10498,1,False,False,False,False,0.4000000059604645,4.0,0.5075430870056152,8,2156
5949,16,3,8,True,10498,1,False,False,False,False,0.2828427255153656,2.0,0.42095130681991577,5,2658
5949,17,8,3,True,10498,1,False,False,False,False,0.4472135901451111,2.0,0.6286493539810181,10,4062
5949,18,1,10,False,5,1,True,False,False,False,0.8485282063484192,7.0,0.8487638831138611,8,8970
5949,19,11,0,True,10498,1,False,,,,,,0.7927168607711792,11,8035
5949,20,10,1,True,10498,2,False,True,True,True,0.0,0.0,0.7402702569961548,10,3317
5949,21,9,2,True,10498,2,False,False,False,False,0.20000001788139343,1.0,0.7345747351646423,10,3317
5949,22,4,7,True,10498,1,False,False,False,False,0.5656853914260864,5.0,0.646219789981842,9,8025
5949,23,1,10,False,52,2,True,False,False,False,0.3464101552963257,3.0,0.3469870388507843,4,7591
5949,24,1,10,False,26,4,True,False,False,False,0.4898979663848877,6.0,0.4903060495853424,7,9107
5949,25,1,10,False,10411,1,True,True,True,True,0.0,0.0,0.019999980926513672,1,5949
5949,26,9,2,True,10498,1,False,False,False,False,0.19999998807907104,1.0,0.6415606141090393,10,9355
5949,27,11,0,True,10498,1,False,,,,,,0.7927168607711792,11,8035
5949,28,8,3,True,10498,1,False,False,False,False,0.20000001788139343,1.0,0.700856626033783,9,3317
5949,29,7,4,True,10498,1,False,False,False,False,0.2828426957130432,2.0,0.4762352406978607,9,8035
5949,30,1,10,False,10411,1,True,True,True,True,0.0,0.0,0.019999980926513672,1,5949
5949,31,2,9,False,1,1,True,False,False,False,1.1135529279708862,8.0,1.1139119863510132,10,26
8306,0,1,10,False,2981,4,True,False,False,False,0.2828427255153656,2.0,0.2835489511489868,3,9213
8306,1,9,2,True,10498,1,False,False,False,False,0.4000000059604645,1.0,0.5963220596313477,10,8035
8306,2,5,6,True,10498,1,False,False,False,False,0.2828427255153656,2.0,0.36055511236190796,7,10463
8306,3,2,9,False,296,1,True,False,False,False,0.632455587387085,4.0,0.633087694644928,6,9355
8306,4,3,8,True,10498,4,False,False,False,False,0.2828427255153656,2.0,0.552449107170105,5,9213
8306,5,4,7,True,10498,1,False,False,False,False,0.2828427255153656,2.0,0.5946427583694458,6,1948
8306,6,11,0,True,10498,1,False,,,,,,0.7927168607711792,11,8035
8306,7,8,3,True,10498,1,False,False,False,False,0.20000001788139343,1.0,0.6412488222122192,9,3317
8306,8,3,8,False,1,1,True,False,False,False,1.2328827381134033,6.0,1.2333693504333496,9,26
8306,9,9,2,True,10498,1,False,True,True,True,0.0,0.0,0.7613146305084229,9,8035
8306,10,6,5,True,10498,1,False,True,True,True,0.0,0.0,0.6945502161979675,6,10010
8306,11,9,2,True,10498,1,False,False,False,False,0.20000001788139343,1.0,0.7345747351646423,10,3317
8306,12,1,10,False,2981,4,True,False,False,False,0.2828427255153656,2.0,0.2835489511489868,3,5989
8306,13,6,5,True,10498,1,False,False,False,False,0.20000001788139343,1.0,0.733757495880127,7,3317
8306,14,4,7,True,10498,2,False,True,True,True,0.0,0.0,0.22271056473255157,4,8306
8306,15,2,9,True,10498,2,False,True,True,True,0.0,0.0,0.22090721130371094,2,8306
8306,16,6,5,True,10498,1,False,True,True,True,0.0,0.0,0.7282856702804565,6,10010
8306,17,10,1,True,10498,1,False,True,True,True,0.0,0.0,0.761577308177948,10,8035
8306,18,7,4,True,10498,1,False,False,False,False,0.4000000059604645,1.0,0.5538952946662903,8,8035
8306,19,11,0,True,10498,1,False,,,,,,0.7927168607711792,11,8035
8306,20,3,8,True,10498,2,False,True,True,True,0.0,0.0,0.2218107283115387,3,9493
8306,21,8,3,True,10498,1,False,False,False,False,0.20000001788139343,1.0,0.6026607751846313,9,3317
8306,22,7,4,True,10498,1,False,False,False,False,0.4000000059604645,1.0,0.5538952946662903,8,8035
8306,23,1,10,False,2981,4,True,False,False,False,0.2828427255153656,2.0,0.2835489511489868,3,9213
8306,24,4,7,True,10498,1,False,False,False,False,0.20000000298023224,1.0,0.430813193321228,5,7244
8306,25,11,0,True,10498,1,False,,,,,,0.7927168607711792,11,8035
8306,26,6,5,True,10498,1,False,False,False,False,0.2828427255153656,2.0,0.5238320231437683,8,7244
8306,27,3,8,False,1,1,True,False,False,False,1.0770330429077148,5.0,1.0775898694992065,8,26
8306,28,9,2,True,10498,1,False,True,True,True,0.0,0.0,0.7613146305084229,9,8035
8306,29,7,4,True,10498,1,False,True,True,True,0.0,0.0,0.7607890963554382,7,7244
8306,30,3,8,False,1,1,True,False,False,False,0.9797959327697754,5.0,0.9804081320762634,8,6248
8306,31,2,9,True,10498,4,False,False,False,False,0.2828427255153656,2.0,0.5067543983459473,4,4134
3143,0,7,4,True,10498,1,False,False,False,False,0.44721361994743347,2.0,0.5888972878456116,9,8035
3143,1,3,8,False,3,1,True,False,False,False,0.19999998807907104,1.0,0.20297782123088837,4,418
3143,2,3,8,False,2,1,True,False,False,False,1.095445156097412,7.0,1.0959926843643188,10,26
3143,3,5,6,True,10498,1,False,False,False,False,0.3464101552963257,3.0,0.7224956750869751,8,2472
3143,4,2,9,False,52,2,True,False,False,False,0.20000001788139343,1.0,0.20199011266231537,3,369
3143,5,6,5,True,10498,1,False,False,False,False,0.20000001788139343,1.0,0.7657676339149475,7,1948
3143,6,3,8,True,10498,1,False,False,False,False,0.2828426957130432,2.0,0.4209512770175934,5,1307
3143,7,6,5,True,10498,1,False,True,True,True,0.0,0.0,0.5678027868270874,6,9355
3143,8,10,1,True,10498,2,False,False,False,False,0.19999998807907104,1.0,0.7668116092681885,11,3317
3143,9,5,6,True,10498,1,False,False,False,False,0.2828426957130432,2.0,0.5234501361846924,7,9921
3143,10,3,8,False,3,1,True,False,False,False,0.19999998807907104,1.0,0.20297782123088837,4,418
3143,11,2,9,False,2,1,True,False,False,False,0.8485281467437744,7.0,0.8489994406700134,9,8970
3143,12,6,5,True,10498,1,False,False,False,False,0.19999998807907104,1.0,0.4317406415939331,7,2146
3143,13,1,10,False,25,1,True,False,False,False,1.0,8.0,1.0002000331878662,9,7924
3143,14,5,6,True,10498,1,False,True,True,True,0.0,0.0,0.4219004809856415,5,405
3143,15,11,0,True,10498,1,False,,,,,,0.7927168607711792,11,8035
3143,16,7,4,True,10498,1,False,False,False,False,0.4000000059604645,1.0,0.5956509113311768,8,8035
3143,17,5,6,True,10498,1,False,False,False,False,0.2828426957130432,2.0,0.6340346932411194,7,5273
3143,18,8,3,True,10498,1,False,False,False,False,0.19999998807907104,1.0,0.6412488222122192,9,5275
3143,19,8,3,True,10498,1,False,False,False,False,0.19999998807907104,1.0,0.5321654081344604,9,1963
3143,20,1,10,False,575,2,True,False,False,False,0.19999998807907104,1.0,0.2009975016117096,2,7710
3143,21,2,9,False,3,1,True,False,False,False,0.8485281467437744,7.0,0.8489994406700134,9,8970
3143,22,11,0,True,10498,1,False,,,,,,0.7927168607711792,11,8035
3143,23,6,5,True,10498,1,False,False,False,False,0.19999998807907104,1.0,0.48414871096611023,7,9921
3143,24,2,9,False,2,1,True,False,False,False,1.2489995956420898,8.0,1.2493197917938232,10,26
3143,25,9,2,True,10498,1,False,False,False,False,0.20000001788139343,1.0,0.4853864312171936,10,8035
3143,26,4,7,True,10498,3,False,False,False,False,0.19999998807907104,1.0,0.6645299196243286,5,8319
3143,27,6,5,True,10498,1,False,False,False,False,0.5291502475738525,4.0,0.6887670159339905,10,5789
3143,28,1,10,False,3,1,True,False,False,False,1.039230465888977,8.0,1.039422869682312,9,8970
3143,29,3,8,True,10498,7,False,True,True,True,0.0,0.0,0.31176915764808655,3,6384
3143,30,8,3,True,10498,1,False,False,False,False,0.44721361994743347,2.0,0.5892367959022522,10,8035
3143,31,8,3,True,10498,1,False,False,False,False,0.4472135901451111,2.0,0.6657326817512512,10,4062
7413,0,2,9,False,23,3,True,False,False,False,0.6633249521255493,3.0,0.6639277338981628,5,10063
7413,1,5,6,True,10498,2,False,False,False,False,0.19999998807907104,1.0,0.43127715587615967,6,5275
7413,2,9,2,True,10498,1,False,False,False,False,0.4472135901451111,2.0,0.6660330295562744,11,4062
7413,3,7,4,True,10498,1,False,False,False,False,0.4472135901451111,2.0,0.5888972878456116,9,7262
7413,4,8,3,True,10498,1,False,False,False,False,0.2828426957130432,2.0,0.4766550064086914,10,6248
7413,5,3,8,False,1,1,True,False,False,False,0.7483314871788025,5.0,0.7491328716278076,8,6248
7413,6,11,0,True,10498,1,False,,,,,,0.7927168607711792,11,8035
7413,7,3,8,True,10498,2,False,False,False,False,0.3464101552963257,3.0,0.4660471975803375,6,6072
7413,8,9,2,True,10498,1,False,False,False,False,0.2828426957130432,2.0,0.5688585042953491,11,4062
7413,9,4,7,True,10498,1,False,False,False,False,0.3464101552963257,3.0,0.6273754835128784,7,6851
7413,10,3,8,True,10498,1,False,False,False,False,0.20000001788139343,1.0,0.5149757266044617,4,9508
7413,11,3,8,True,10498,3,False,False,False,False,0.2828426957130432,2.0,0.4209512770175934,5,676
7413,12,7,4,True,10498,1,False,False,False,False,0.2828426957130432,2.0,0.7285602688789368,9,250
7413,13,4,7,True,10498,1,False,False,False,False,0.19999998807907104,1.0,0.5600000023841858,5,10013
7413,14,5,6,True,10498,1,False,False,False,False,0.19999998807907104,1.0,0.5157518982887268,6,9617
7413,15,4,7,True,10498,2,False,False,False,False,0.4898979365825653,3.0,0.716658890247345,7,5276
7413,16,5,6,True,10498,2,False,False,False,False,0.19999998807907104,1.0,0.6016644239425659,6,5149
7413,17,3,8,True,10498,1,False,False,False,False,0.19999998807907104,1.0,0.5149757266044617,4,5392
7413,18,10,1,True,10498,2,False,False,False,False,0.19999998807907104,1.0,0.7668116688728333,11,9355
7413,19,5,6,True,10498,1,False,False,False,False,0.19999998807907104,1.0,0.5157518982887268,6,9617
7413,20,5,6,True,10498,1,False,False,False,False,0.19999998807907104,1.0,0.5603570342063904,6,10392
7413,21,6,5,True,10498,1,False,False,False,False,0.4472135901451111,2.0,0.5885576009750366,8,6248
7413,22,4,7,True,10498,1,False,False,False,False,0.3464101552963257,3.0,0.6273754835128784,7,6851
7413,23,11,0,True,10498,1,False,,,,,,0.7927168607711792,11,8035
7413,24,6,5,True,10498,2,False,True,True,True,0.0,0.0,0.6086049675941467,6,7148
7413,25,1,10,False,1,1,True,False,False,False,1.4142135381698608,10.0,1.4143550395965576,11,53
7413,26,6,5,True,10498,1,False,False,False,False,0.2828426957130432,2.0,0.7059745192527771,8,1963
7413,27,6,5,True,10498,1,False,False,False,False,0.3464101552963257,3.0,0.5607138276100159,9,4062
7413,28,3,8,True,10498,2,False,False,False,False,0.3464101552963257,3.0,0.4660471975803375,6,6072
7413,29,11,0,True,10498,1,False,,,,,,0.7927168607711792,11,8035
7413,30,5,6,True,10498,2,False,False,False,False,0.20000000298023224,1.0,0.43127715587615967,6,8025
7413,31,6,5,True,10498,1,False,False,False,False,0.19999998807907104,1.0,0.48414871096611023,7,5052
2079,0,3,8,True,10498,2,False,False,False,False,0.3464101552963257,3.0,0.4660472273826599,6,3317
2079,1,5,6,True,10498,1,False,False,False,False,0.5291502475738525,4.0,0.6148170828819275,9,6248
2079,2,3,8,False,245,1,True,False,False,False,0.2828426957130432,2.0,0.2849561274051666,5,10477
2079,3,3,8,True,10498,1,False,False,False,False,0.2828426957130432,2.0,0.5071489214897156,5,422
2079,4,10,1,True,10498,1,False,False,False,False,0.20000001788139343,1.0,0.7874007821083069,11,8035
2079,5,11,0,True,10498,1,False,,,,,,0.7927168607711792,11,8035
2079,6,10,1,True,10498,1,False,True,True,True,0.0,0.0,0.7402702569961548,10,3317
2079,7,5,6,True,10498,1,False,False,False,False,0.2828426957130432,2.0,0.4753945767879486,7,9355
2079,8,10,1,True,10498,1,False,True,True,True,0.0,0.0,0.4939635396003723,10,8035
2079,9,5,6,True,10498,1,False,False,False,False,0.44721361994743347,2.0,0.5882176756858826,7,8035
2079,10,10,1,True,10498,1,False,True,True,True,0.0,0.0,0.7402702569961548,10,9355
2079,11,11,0,True,10498,1,False,,,,,,0.7927168607711792,11,8035
2079,12,11,0,True,10498,1,False,,,,,,0.7927168607711792,11,8035
2079,13,11,0,True,10498,1,False,,,,,,0.7927168607711792,11,8035
2079,14,5,6,True,10498,1,False,False,False,False,0.4472135901451111,5.0,0.6884766221046448,10,8025
2079,15,11,0,True,10498,1,False,,,,,,0.7927168607711792,11,8035
2079,16,7,4,True,10498,1,False,False,False,False,0.2828427255153656,2.0,0.47623521089553833,9,8035
2079,17,8,3,True,10498,1,False,False,False,False,0.3999999761581421,1.0,0.6717142462730408,9,4062
2079,18,11,0,True,10498,1,False,,,,,,0.7927168607711792,11,8035
2079,19,3,8,True,10498,1,False,False,False,False,0.19999998807907104,1.0,0.5149757266044617,4,9592
2079,20,3,8,True,10498,1,False,False,False,False,0.2828426957130432,2.0,0.4745524227619171,5,1963
2079,21,11,0,True,10498,1,False,,,,,,0.7927168607711792,11,8035
2079,22,6,5,True,10498,1,False,False,False,False,0.3464101552963257,3.0,0.5161395072937012,9,9613
2079,23,8,3,True,10498,1,False,False,False,False,0.4000000059604645,1.0,0.595986545085907,9,8035
2079,24,8,3,True,10498,2,False,False,False,False,0.19999998807907104,1.0,0.7662897706031799,9,5276
2079,25,8,3,True,10498,1,False,False,False,False,0.20000001788139343,1.0,0.484974205493927,9,8035
2079,26,1,10,False,1616,7,True,True,True,True,0.0,0.0,0.02000001072883606,1,10469
2079,27,11,0,True,10498,1,False,,,,,,0.7927168607711792,11,8035
2079,28,9,2,True,10498,2,False,False,False,False,0.20000001788139343,1.0,0.7345747351646423,10,3317
2079,29,10,1,True,10498,2,False,False,False,False,0.19999998807907104,1.0,0.7668116688728333,11,9355
2079,30,6,5,True,10498,1,False,False,False,False,0.20000001788139343,1.0,0.6406247019767761,7,1963
2079,31,10,1,True,10498,2,False,True,True,True,0.0,0.0,0.7402702569961548,10,3317
7234,0,4,7,True,10498,1,False,False,False,False,0.19999998807907104,1.0,0.43081316351890564,5,2221
7234,1,3,8,True,10498,1,False,False,False,False,0.2828426957130432,2.0,0.3594439923763275,5,4131
7234,2,4,7,False,1,1,True,False,False,False,1.0770329236984253,7.0,1.077775478363037,11,53
7234,3,4,7,True,10498,1,False,True,True,True,0.0,0.0,0.4214261770248413,4,422
7234,4,5,6,True,10498,1,False,False,False,False,0.2828426957130432,2.0,0.4753945767879486,7,10010
7234,5,9,2,True,10498,1,False,False,False,False,0.2828426957130432,2.0,0.7068238854408264,11,1963
7234,6,8,3,True,10498,1,False,True,True,True,0.0,0.0,0.7919595837593079,8,2156
7234,7,10,1,True,10498,1,False,True,True,True,0.0,0.0,0.4939635396003723,10,8035
7234,8,7,4,True,10498,2,False,False,False,False,0.19999998807907104,1.0,0.6023288369178772,8,6851
7234,9,4,7,True,10498,1,False,False,False,False,0.19999998807907104,1.0,0.2993325889110565,5,6350
7234,10,5,6,True,10498,1,False,False,False,False,0.3464101552963257,3.0,0.4669046998023987,8,10010
7234,11,3,8,True,10498,3,False,False,False,False,0.2828426957130432,2.0,0.4745524227619171,5,1953
7234,12,1,10,False,3,1,True,False,False,False,0.9591663479804993,9.0,0.9593748450279236,10,8970
7234,13,11,0,True,10498,1,False,,,,,,0.7927168607711792,11,8035
7234,14,5,6,True,10498,2,False,False,False,False,0.2828426957130432,2.0,0.4753945767879486,7,3317
7234,15,2,9,False,10410,16,True,True,True,True,0.0,0.0,0.028284244239330292,2,735
7234,16,7,4,True,10498,2,False,True,True,True,0.0,0.0,0.5681549310684204,7,5990
7234,17,2,9,False,25,3,True,False,False,False,0.19999998807907104,1.0,0.20199008285999298,3,8826
7234,18,4,7,False,7,1,True,False,False,False,0.19999998807907104,1.0,0.20396076142787933,5,8838
7234,19,7,4,True,10498,1,False,True,True,True,0.0,0.0,0.44136151671409607,7,8035
7234,20,6,5,True,10498,1,False,False,False,False,0.2828426957130432,2.0,0.475815087556839,8,10463
7234,21,8,3,True,10498,1,False,False,False,False,0.20000001788139343,1.0,0.484974205493927,9,8035
7234,22,8,3,True,10498,2,False,False,False,False,0.20000001788139343,1.0,0.7343024611473083,9,3317
7234,23,4,7,True,10498,2,False,False,False,False,0.2828427255153656,2.0,0.5528110265731812,6,2658
7234,24,4,7,True,10498,2,False,False,False,False,0.19999998807907104,1.0,0.43081316351890564,5,9121
7234,25,9,2,True,10498,1,False,False,False,False,0.20000001788139343,1.0,0.6415606141090393,10,9355
7234,26,6,5,True,10498,1,False,False,False,False,0.20000001788139343,1.0,0.4317406713962555,7,8035
7234,27,5,6,True,10498,1,False,False,False,False,0.2828426957130432,2.0,0.6708203554153442,7,1951
7234,28,1,10,False,26,3,True,False,False,False,0.19999998807907104,1.0,0.2009975016117096,2,8885
7234,29,7,4,True,10498,1,False,False,False,False,0.20000001788139343,1.0,0.6023288369178772,8,3317
7234,30,9,2,True,10498,1,False,True,True,True,0.0,0.0,0.7922120690345764,9,8035
7234,31,8,3,True,10498,1,False,True,True,True,0.0,0.0,0.7919595837593079,8,2156
4684,0,4,7,True,10498,12,False,False,False,False,0.19999998807907104,1.0,0.5153639912605286,5,8068
4684,1,7,4,True,10498,4,False,False,False,False,0.19999998807907104,1.0,0.6023288369178772,8,9865
4684,2,7,4,True,10498,1,False,False,False,False,0.2828426957130432,2.0,0.7607890963554382,9,8279
4684,3,1,10,False,26,3,True,False,False,False,0.4000000059604645,1.0,0.40049970149993896,2,720
4684,4,5,6,True,10498,1,False,False,False,False,0.44721361994743347,2.0,0.6276941895484924,7,2156
4684,5,7,4,True,10498,1,False,False,False,False,0.19999998807907104,1.0,0.7005712389945984,8,8927
4684,6,1,10,False,10411,22,True,True,True,True,0.0,0.0,0.019999980926513672,1,6177
4684,7,3,8,False,6,1,True,False,False,False,0.2828426957130432,2.0,0.2849561274051666,5,405
4684,8,2,9,False,51,4,True,False,False,False,0.4472135901451111,2.0,0.44810712337493896,4,4242
4684,9,1,10,False,10411,22,True,True,True,True,0.0,0.0,0.019999980926513672,1,1090
4684,10,4,7,True,10498,4,False,False,False,False,0.20000001788139343,1.0,0.2993325889110565,5,3900
4684,11,8,3,True,10498,1,False,False,False,False,0.2828426957130432,2.0,0.634980320930481,10,8970
4684,12,10,1,True,10498,1,False,True,True,True,0.0,0.0,0.8221921920776367,10,7244
4684,13,6,5,True,10498,1,False,True,True,True,0.0,0.0,0.44090816378593445,6,3457
4684,14,11,0,True,10498,1,False,,,,,,0.7927168607711792,11,8035
4684,15,7,4,True,10498,1,False,False,False,False,0.2828426957130432,2.0,0.6714164018630981,9,5276
4684,16,9,2,True,10498,1,False,True,True,True,0.0,0.0,0.7613146305084229,9,10010
4684,17,6,5,True,10498,2,False,False,False,False,0.2828426957130432,2.0,0.7282856702804565,8,10051
4684,18,6,5,True,10498,1,False,False,False,False,0.20000001788139343,1.0,0.4841487407684326,7,1951
4684,19,4,7,False,1,1,True,False,False,False,1.0770329236984253,7.0,1.077775478363037,11,26
4684,20,7,4,True,10498,1,False,False,False,False,0.2828426957130432,2.0,0.6346652507781982,9,8970
4684,21,1,10,False,10460,22,True,True,True,True,0.0,0.0,0.019999980926513672,1,5897
4684,22,5,6,True,10498,2,False,False,False,False,0.19999998807907104,1.0,0.6403124332427979,6,2658
4684,23,6,5,True,10498,2,False,False,False,False,0.3464101552963257,3.0,0.5607138276100159,9,384
4684,24,3,8,False,1,1,True,False,False,False,0.7745966911315918,4.0,0.7753708958625793,7,9617
4684,25,8,3,True,10498,1,False,False,False,False,0.4472135901451111,2.0,0.6657326817512512,10,4062
4684,26,7,4,True,10498,1,False,False,False,False,0.5656854510307312,2.0,0.6832276582717896,9,8035
4684,27,1,10,False,52,4,True,False,False,False,0.4472135901451111,2.0,0.4476605951786041,3,4242
4684,28,3,8,False,7,1,True,False,False,False,0.19999998807907104,1.0,0.20297782123088837,4,8838
4684,29,2,9,False,1,1,True,False,False,False,1.2328827381134033,8.0,1.2332072257995605,10,26
4684,30,10,1,True,10498,2,False,True,True,True,0.0,0.0,0.7402702569961548,10,9355
4684,31,4,7,True,10498,1,False,False,False,False,0.4472135901451111,2.0,0.5878775715827942,6,428
1311,0,11,0,True,10498,1,False,,,,,,0.7927168607711792,11,8035
1311,1,5,6,True,10498,1,False,False,False,False,0.19999998807907104,1.0,0.43127715587615967,6,6413
1311,2,4,7,True,10498,1,False,False,False,False,0.19999998807907104,1.0,0.5600000023841858,5,10392
1311,3,2,9,False,10410,88,True,True,True,True,0.0,0.0,0.028284244239330292,2,86
1311,4,10,1,True,10498,1,False,False,False,False,0.19999998807907104,1.0,0.846167802810669,11,4838
1311,5,9,2,True,10498,2,False,False,False,False,0.4000000059604645,1.0,0.8121576905250549,10,3317
1311,6,8,3,True,10498,1,False,False,False,False,0.6000000238418579,3.0,0.7121797800064087,11,8035
1311,7,2,9,False,1,1,True,False,False,False,1.1135529279708862,8.0,1.1139119863510132,10,26
1311,8,11,0,True,10498,1,False,,,,,,0.7927168607711792,11,8035
1311,9,8,3,True,10498,1,False,False,False,False,0.2828426957130432,2.0,0.7610518932342529,10,8025
1311,10,10,1,True,10498,1,False,False,False,False,0.19999998807907104,1.0,0.846167802810669,11,4838
1311,11,3,8,True,10498,1,False,False,False,False,0.3464101552963257,3.0,0.6270565986633301,6,5819
1311,12,3,8,False,1,1,True,False,False,False,1.1135529279708862,8.0,1.1140915155410767,11,26
1311,13,9,2,True,10498,1,False,False,False,False,0.4472135901451111,2.0,0.6660330295562744,11,4062
1311,14,10,1,True,10498,1,False,True,True,True,0.0,0.0,0.761577308177948,10,6248
1311,15,1,10,False,10411,88,True,True,True,True,0.0,0.0,0.019999980926513672,1,1765
1311,16,4,7,True,10498,4,False,False,False,False,0.3999999761581421,4.0,0.6209670305252075,8,7337
1311,17,9,2,True,10498,1,False,True,True,True,0.0,0.0,0.7922121286392212,9,8035
1311,18,10,1,True,10498,1,False,True,True,True,0.0,0.0,0.7924644947052002,10,8035
1311,19,10,1,True,10498,1,False,True,True,True,0.0,0.0,0.7720103859901428,10,1963
1311,20,6,5,True,10498,1,False,False,False,False,0.6000000238418579,3.0,0.7445804476737976,9,6248
1311,21,9,2,True,10498,1,False,True,True,True,0.0,0.0,0.7922121286392212,9,8035
1311,22,7,4,True,10498,1,False,False,False,False,0.4472135901451111,2.0,0.755513072013855,9,1948
1311,23,3,8,False,2,1,True,False,False,False,0.8246211409568787,6.0,0.825348436832428,9,8970
1311,24,1,10,False,5,1,True,False,False,False,0.9165151715278625,7.0,0.9167333841323853,8,8970
1311,25,5,6,True,10498,1,False,False,False,False,0.3464101552963257,3.0,0.6648308038711548,8,2658
1311,26,4,7,True,10498,2,False,False,False,False,0.19999998807907104,1.0,0.43081316351890564,5,2209
1311,27,3,8,True,10498,18,False,False,False,False,0.2828426957130432,2.0,0.552449107170105,5,987
1311,28,1,10,False,25,1,True,False,False,False,0.7211102843284607,7.0,0.7213875651359558,8,1157
1311,29,4,7,False,23,3,True,False,False,False,0.2828426957130432,2.0,0.2856571078300476,6,721
1311,30,2,9,False,1,1,True,False,False,False,1.2649110555648804,9.0,1.265227198600769,11,26
1311,31,4,7,True,10498,2,False,False,False,False,0.5291502475738525,4.0,0.6523802280426025,8,9493
9277,0,6,5,True,10498,1,False,False,False,False,0.19999998807907104,1.0,0.6019967198371887,7,9355
9277,1,5,6,True,10498,1,False,False,False,False,0.4000000059604645,1.0,0.6942622065544128,6,1963
9277,2,5,6,True,10498,2,False,False,False,False,0.20000001788139343,1.0,0.3714834749698639,6,3826
9277,3,3,8,False,1616,22,True,True,True,True,0.0,0.0,0.034641001373529434,3,8181
9277,4,3,8,True,10498,1,False,True,True,True,0.0,0.0,0.31176915764808655,3,6059
9277,5,5,6,True,10498,1,False,False,False,False,0.19999998807907104,1.0,0.5603570342063904,6,1954
9277,6,1,10,False,5,1,True,False,False,False,0.9591663479804993,7.0,0.9593748450279236,8,8970
9277,7,7,4,True,10498,1,False,False,False,False,0.19999998807907104,1.0,0.48456165194511414,8,8230
9277,8,10,1,True,10498,1,False,True,True,True,0.0,0.0,0.7402702569961548,10,8970
9277,9,1,10,False,575,1,True,True,True,True,0.0,0.0,0.019999995827674866,1,7993
9277,10,9,2,True,10498,1,False,False,False,False,0.4000000059604645,1.0,0.8121576309204102,10,3317
9277,11,7,4,True,10498,1,False,False,False,False,0.44721361994743347,2.0,0.6283311247825623,9,8035
9277,12,11,0,True,10498,1,False,,,,,,0.7927168607711792,11,8035
9277,13,5,6,True,10498,3,False,False,False,False,0.3999999761581421,1.0,0.5079370141029358,6,9688
9277,14,2,9,False,51,4,True,False,False,False,0.2828426957130432,2.0,0.28425341844558716,4,421
9277,15,9,2,True,10498,1,False,True,True,True,0.0,0.0,0.7922121286392212,9,2156
9277,16,11,0,True,10498,1,False,,,,,,0.7927168607711792,11,8035
9277,17,6,5,True,10498,1,False,True,True,True,0.0,0.0,0.6468384861946106,6,9921
9277,18,10,1,True,10498,2,False,True,True,True,0.0,0.0,0.7402702569961548,10,3317
9277,19,1,10,False,3,1,True,False,False,False,0.9591663479804993,7.0,0.9593747854232788,8,8970
9277,20,5,6,True,10498,2,False,False,False,False,0.2828426957130432,2.0,0.5234500765800476,7,6850
9277,21,6,5,True,10498,1,False,False,False,False,0.3464101552963257,3.0,0.6651315689086914,9,5049
9277,22,5,6,True,10498,3,False,False,False,False,0.19999998807907104,1.0,0.29999998211860657,6,2136
9277,23,1,10,False,575,1,True,True,True,True,0.0,0.0,0.019999995827674866,1,7993
9277,24,11,0,True,10498,1,False,,,,,,0.7927168607711792,11,8035
9277,25,6,5,True,10498,1,False,False,False,False,0.44721361994743347,2.0,0.6887670755386353,8,7581
9277,26,3,8,True,10498,1,False,True,True,True,0.0,0.0,0.5226854085922241,3,6059
9277,27,9,2,True,10498,1,False,False,False,False,0.20000001788139343,1.0,0.8170679211616516,10,7244
9277,28,9,2,True,10498,1,False,False,False,False,0.4000000059604645,1.0,0.5963220596313477,10,8035
9277,29,2,9,False,4,1,True,False,False,False,1.0198038816452026,9.0,1.0201960802078247,11,4838
9277,30,8,3,True,10498,1,False,False,False,False,0.44721361994743347,2.0,0.6286493539810181,10,8035
9277,31,6,5,True,10498,1,False,False,False,False,0.19999998807907104,1.0,0.5607138276100159,7,8927
4595,0,5,6,True,10498,3,False,False,False,False,0.19999998807907104,1.0,0.3714834749698639,6,8093
4595,1,7,4,True,10498,1,False,False,False,False,0.4000000059604645,4.0,0.6948381066322327,11,8025
4595,2,4,7,False,1,1,True,False,False,False,0.7483314871788025,5.0,0.7493997812271118,9,6248
4595,3,3,8,True,10498,3,False,False,False,False,0.3464101552963257,3.0,0.5875372290611267,6,2642
4595,4,4,7,True,10498,1,False,False,False,False,0.19999998807907104,1.0,0.430813193321228,5,9613
4595,5,1,10,False,3,1,True,False,False,False,0.8485281467437744,7.0,0.8487638235092163,8,8970
4595,6,8,3,True,10498,1,False,True,True,True,0.0,0.0,0.6092618703842163,8,1963
4595,7,3,8,True,10498,6,False,False,False,False,0.20000001788139343,1.0,0.3704051673412323,4,7362
4595,8,2,9,False,296,8,True,False,False,False,0.2828426957130432,2.0,0.28425338864326477,4,9855
4595,9,8,3,True,10498,1,False,False,False,False,0.2828426957130432,2.0,0.6717142462730408,10,3317
4595,10,4,7,True,10498,1,False,False,False,False,0.4000000059604645,4.0,0.65848308801651,8,5276
4595,11,9,2,True,10498,1,False,False,False,False,0.3999999761581421,1.0,0.6720119118690491,10,4062
4595,12,1,10,False,10411,83,True,True,True,True,0.0,0.0,0.019999980926513672,1,478
4595,13,6,5,True,10498,1,False,False,False,False,0.3999999761581421,4.0,0.5083305835723877,10,8970
4595,14,9,2,True,10498,2,False,True,True,True,0.0,0.0,0.7400000095367432,9,9355
4595,15,7,4,True,10498,1,False,False,False,False,0.2828426957130432,2.0,0.6948381662368774,9,5621
4595,16,6,5,True,10498,1,False,False,False,False,0.44721361994743347,2.0,0.6280127167701721,8,8035
4595,17,9,2,True,10498,1,False,False,False,False,0.19999998807907104,1.0,0.6415606141090393,10,9355
4595,18,10,1,True,10498,1,False,False,False,False,0.3999999761581421,1.0,0.6723094582557678,11,4062
4595,19,11,0,True,10498,1,False,,,,,,0.7927168607711792,11,8035
4595,20,1,10,False,10411,83,True,True,True,True,0.0,0.0,0.019999980926513672,1,9387
4595,21,5,6,True,10498,2,False,True,True,True,0.0,0.0,0.382099449634552,5,370
4595,22,1,10,False,575,8,True,False,False,False,0.2828426957130432,2.0,0.28354892134666443,3,292
4595,23,3,8,True,10498,2,False,False,False,False,0.19999998807907104,1.0,0.3704051673412323,4,3109
4595,24,1,10,False,575,8,True,False,False,False,0.2828426957130432,2.0,0.28354892134666443,3,1458
4595,25,11,0,True,10498,1,False,,,,,,0.7927168607711792,11,8035
4595,26,6,5,True,10498,1,False,False,False,False,0.4000000059604645,1.0,0.6590902805328369,7,9355
4595,27,11,0,True,10498,1,False,,,,,,0.7927168607711792,11,8035
4595,28,2,9,False,2945,83,True,True,True,True,0.0,0.0,0.028284255415201187,2,3783
4595,29,2,9,False,25,1,True,False,False,False,0.19999998807907104,1.0,0.20199008285999298,3,4139
4595,30,3,8,True,10498,1,False,False,False,False,0.19999998807907104,1.0,0.3704051673412323,4,3128
4595,31,9,2,True,10498,2,False,True,True,True,0.0,0.0,0.7400000095367432,9,3317
990,0,10,1,True,10498,1,False,False,False,False,0.19999998807907104,1.0,0.8461678624153137,11,7244
990,1,8,3,True,10498,1,False,False,False,False,0.20000001788139343,1.0,0.6412488222122192,9,1963
990,2,3,8,False,7,1,True,False,False,False,0.4472135901451111,2.0,0.4485532343387604,5,8838
990,3,4,7,True,10498,2,False,False,False,False,0.2828426957130432,2.0,0.4214261472225189,6,5931
990,4,8,3,True,10498,1,False,False,False,False,0.20000001788139343,1.0,0.7662897706031799,9,5789
990,5,2,9,True,10498,1,False,False,False,False,0.44721361994743347,5.0,0.49879857897758484,7,8025
990,6,7,4,True,10498,1,False,False,False,False,0.20000001788139343,1.0,0.6409368515014648,8,1963
990,7,6,5,True,10498,1,False,False,False,False,0.3464101552963257,3.0,0.5161395072937012,9,7262
990,8,7,4,True,10498,1,False,False,False,False,0.3464101552963257,3.0,0.6283311247825623,10,8970
990,9,1,10,False,5,1,True,False,False,False,0.7483315467834473,8.0,0.7485987544059753,9,8970
990,10,11,0,True,10498,1,False,,,,,,0.7927168607711792,11,8035
990,11,7,4,True,10498,1,False,False,False,False,0.3464101552963257,3.0,0.6654322147369385,10,9867
990,12,9,2,True,10498,1,False,False,False,False,0.4472135901451111,2.0,0.6660330295562744,11,4062
990,13,6,5,True,10498,1,False,False,False,False,0.2828427255153656,2.0,0.7605261206626892,8,5789
990,14,11,0,True,10498,1,False,,,,,,0.7927168607711792,11,8035
990,15,1,10,False,5,1,True,False,False,False,0.7483315467834473,8.0,0.7485987544059753,9,8970
990,16,4,7,False,1,1,True,False,False,False,0.3464101552963257,3.0,0.34871190786361694,7,6312
990,17,2,9,False,2,1,True,False,False,False,0.7483315467834473,8.0,0.7488659024238586,10,8970
990,18,11,0,True,10498,1,False,,,,,,0.7927168607711792,11,8035
990,19,7,4,True,10498,2,False,False,False,False,0.2828426957130432,2.0,0.7607890963554382,9,9355
990,20,10,1,True,10498,1,False,True,True,True,0.0,0.0,0.7924644947052002,10,8035
990,21,10,1,True,10498,1,False,True,True,True,0.0,0.0,0.7402702569961548,10,3317
990,22,1,10,False,10460,21,True,True,True,True,0.0,0.0,0.019999980926513672,1,3758
990,23,2,9,False,4,1,True,False,False,False,0.632455587387085,7.0,0.633087694644928,9,8970
990,24,7,4,True,10498,1,False,False,False,False,0.2828426957130432,2.0,0.7815369367599487,9,10010
990,25,4,7,True,10498,1,False,False,False,False,0.3464101552963257,3.0,0.5600000023841858,7,2658
990,26,1,10,False,10460,21,True,True,True,True,0.0,0.0,0.019999980926513672,1,2573
990,27,7,4,True,10498,1,False,False,False,False,0.4000000059604645,4.0,0.6593937277793884,11,9355
990,28,11,0,True,10498,1,False,,,,,,0.7927168607711792,11,8035
990,29,2,9,True,10498,1,False,False,False,False,0.20000001788139343,1.0,0.36986488103866577,3,4934
990,30,4,7,False,6,1,True,False,False,False,0.5291502475738525,4.0,0.5306599736213684,8,405
990,31,3,8,True,10498,1,False,False,False,False,0.2828427255153656,2.0,0.552449107170105,5,5800
814,0,4,7,True,10498,1,False,False,False,False,0.3464101552963257,3.0,0.6273754835128784,7,10195
814,1,4,7,False,1,1,True,False,False,False,1.0770329236984253,7.0,1.077775478363037,11,53
814,2,5,6,True,10498,1,False,False,False,False,0.2828426957130432,2.0,0.7280110120773315,7,6851
814,3,4,7,True,10498,4,False,False,False,False,0.2828427255153656,2.0,0.5528110265731812,6,5989
814,4,7,4,True,10498,2,False,False,False,False,0.20000001788139343,1.0,0.6023288369178772,8,3317
814,5,6,5,True,10498,1,False,False,False,False,0.20000001788139343,1.0,0.4841487407684326,7,2156
814,6,5,6,True,10498,1,False,False,False,False,0.3464101552963257,3.0,0.5603570342063904,8,7181
814,7,11,0,True,10498,1,False,,,,,,0.7927168607711792,11,8035
814,8,5,6,True,10498,2,False,False,False,False,0.3464101552963257,3.0,0.5882176756858826,8,10051
814,9,7,4,True,10498,1,False,False,False,False,0.20000001788139343,1.0,0.8165782690048218,8,7244
814,10,5,6,True,10498,1,False,False,False,False,0.20000001788139343,1.0,0.7000000476837158,6,1954
814,11,8,3,True,10498,1,False,False,False,False,0.19999998807907104,1.0,0.7662897706031799,9,9931
814,12,11,0,True,10498,1,False,,,,,,0.7927168607711792,11,8035
814,13,8,3,True,10498,1,False,True,True,True,0.0,0.0,0.7714921236038208,8,9921
814,14,9,2,True,10498,1,False,False,False,False,0.19999998807907104,1.0,0.6415606141090393,10,9355
814,15,3,8,False,2,1,True,False,False,False,1.0198040008544922,7.0,1.0203920602798462,10,6248
814,16,5,6,True,10498,1,False,True,True,True,0.0,0.0,0.5674504637718201,5,1954
814,17,7,4,True,10498,1,False,False,False,False,0.3464101552963257,3.0,0.6654322147369385,10,1963
814,18,5,6,True,10498,1,False,False,False,False,0.20000001788139343,1.0,0.6403124332427979,6,9921
814,19,6,5,True,10498,2,False,False,False,False,0.19999998807907104,1.0,0.4673328697681427,7,423
814,20,10,1,True,10498,1,False,True,True,True,0.0,0.0,0.4939635396003723,10,8035
814,21,6,5,True,10498,1,False,False,False,False,0.2828427255153656,2.0,0.7282856702804565,8,9355
814,22,8,3,True,10498,1,False,False,False,False,0.20000001788139343,1.0,0.484974205493927,9,8035
814,23,3,8,False,1,1,True,False,False,False,0.800000011920929,8.0,0.8007497191429138,11,8970
814,24,4,7,True,10498,1,False,False,False,False,0.4000000059604645,4.0,0.5075430870056152,8,9613
814,25,8,3,True,10498,1,False,False,False,False,0.20000001788139343,1.0,0.484974205493927,9,8035
814,26,5,6,True,10498,1,False,False,False,False,0.3464101552963257,3.0,0.5157518982887268,8,9613
814,27,1,10,False,575,2,True,False,False,False,0.2828426957130432,2.0,0.2835489511489868,3,7726
814,28,2,9,False,2,2,True,False,False,False,1.2806247472763062,8.0,1.2809370756149292,10,7499
814,29,2,9,False,2,1,True,False,False,False,0.800000011920929,8.0,0.8004998564720154,10,8970
814,30,10,1,True,10498,1,False,True,True,True,0.0,0.0,0.7720103859901428,10,1963
814,31,8,3,True,10498,1,False,False,False,False,0.20000001788139343,1.0,0.7662897706031799,9,1963
2799,0,6,5,True,10498,2,False,False,False,False,0.3464101552963257,3.0,0.5161395072937012,9,9493
2799,1,7,4,True,10498,1,False,False,False,False,0.4472135901451111,2.0,0.9092854261398315,9,7244
2799,2,9,2,True,10498,1,False,False,False,False,0.4472135901451111,2.0,0.6660330295562744,11,4062
2799,3,8,3,True,10498,1,False,False,False,False,0.4898979663848877,3.0,0.6951258778572083,11,4838
2799,4,4,7,True,10498,1,False,False,False,False,0.5291502475738525,4.0,0.6523802280426025,8,10010
2799,5,8,3,True,10498,1,False,False,False,False,0.4898979365825653,3.0,0.6951258778572083,11,4838
2799,6,3,8,True,10498,3,False,False,False,False,0.19999998807907104,1.0,0.3704051673412323,4,729
2799,7,10,1,True,10498,1,False,True,True,True,0.0,0.0,0.7402702569961548,10,3317
2799,8,11,0,True,10498,1,False,,,,,,0.7927168607711792,11,8035
2799,9,1,10,False,26,1,True,False,False,False,0.4472135901451111,2.0,0.4476605951786041,3,7805
2799,10,4,7,True,10498,1,False,False,False,False,0.2828426957130432,2.0,0.4749736487865448,6,7980
2799,11,4,7,True,10498,1,False,False,False,False,0.2828426957130432,2.0,0.5946427583694458,6,250
2799,12,6,5,True,10498,1,False,False,False,False,0.2828426957130432,2.0,0.5678027868270874,8,2156
2799,13,7,4,True,10498,2,False,False,False,False,0.2828426957130432,2.0,0.5242136716842651,9,5275
2799,14,6,5,True,10498,1,False,False,False,False,0.4472135901451111,2.0,0.7552483677864075,8,9921
2799,15,11,0,True,10498,1,False,,,,,,0.7927168607711792,11,8035
2799,16,8,3,True,10498,1,False,False,False,False,0.19999998807907104,1.0,0.6412488222122192,9,9355
2799,17,1,10,False,5,1,True,False,False,False,0.8485282063484192,7.0,0.8487638831138611,8,8970
2799,18,8,3,True,10498,4,False,False,False,False,0.19999998807907104,1.0,0.6026607751846313,9,2955
2799,19,1,10,False,5,1,True,False,False,False,0.8485282063484192,7.0,0.8487638831138611,8,8970
2799,20,1,10,False,1616,22,True,False,False,False,0.2828426957130432,2.0,0.28354892134666443,3,10178
2799,21,2,9,False,7,1,True,False,False,False,0.3464101552963257,3.0,0.3475629389286041,5,405
2799,22,8,3,True,10498,2,False,False,False,False,0.2828426957130432,2.0,0.6717142462730408,10,7181
2799,23,8,3,True,10498,4,False,False,False,False,0.19999998807907104,1.0,0.6026608347892761,9,6025
2799,24,11,0,True,10498,1,False,,,,,,0.7927168607711792,11,8035
2799,25,5,6,True,10498,1,False,False,False,False,0.19999998807907104,1.0,0.6648308038711548,6,10445
2799,26,8,3,True,10498,1,False,False,False,False,0.2828426957130432,2.0,0.7610518932342529,10,6851
2799,27,5,6,True,10498,2,False,False,False,False,0.2828426957130432,2.0,0.4753945469856262,7,6413
2799,28,8,3,True,10498,1,False,False,False,False,0.4000000059604645,1.0,0.8597674369812012,9,4280
2799,29,2,9,False,24,1,True,False,False,False,0.5999999642372131,6.0,0.6006662845611572,8,2237
2799,30,3,8,True,10498,1,False,False,False,False,0.2828426957130432,2.0,0.5071489214897156,5,10445
2799,31,10,1,True,10498,1,False,True,True,True,0.0,0.0,0.7720103859901428,10,1963
7578,0,8,3,True,10498,1,False,False,False,False,0.20000001788139343,1.0,0.8168231248855591,9,2156
7578,1,7,4,True,10498,1,False,False,False,False,0.4898979663848877,3.0,0.6948381066322327,10,7244
7578,2,5,6,True,10498,2,False,False,False,False,0.3464101552963257,3.0,0.6276942491531372,8,5651
7578,3,2,9,False,540,7,True,False,False,False,0.19999998807907104,1.0,0.20199008285999298,3,5506
7578,4,1,10,False,2981,23,True,True,True,True,0.0,0.0,0.019999995827674866,1,9752
7578,5,9,2,True,10498,1,False,False,False,False,0.19999998807907104,1.0,0.6415606141090393,10,9355
7578,6,9,2,True,10498,1,False,False,False,False,0.19999998807907104,1.0,0.532541036605835,10,8035
7578,7,9,2,True,10498,1,False,True,True,True,0.0,0.0,0.7613146305084229,9,6248
7578,8,7,4,True,10498,1,False,False,False,False,0.2828426957130432,2.0,0.5242136716842651,9,10463
7578,9,1,10,False,25,1,True,False,False,False,0.8944272398948669,6.0,0.8946508169174194,7,1157
7578,10,3,8,True,10498,1,False,False,False,False,0.3464101552963257,3.0,0.6270565986633301,6,7183
7578,11,9,2,True,10498,1,False,False,False,False,0.4000000059604645,1.0,0.8121576905250549,10,8970
7578,12,8,3,True,10498,1,False,True,True,True,0.0,0.0,0.5685068368911743,8,6321
7578,13,9,2,True,10498,1,False,False,False,False,0.19999998807907104,1.0,0.6779380440711975,10,1963
7578,14,9,2,True,10498,1,False,False,False,False,0.4000000059604645,1.0,0.8121576905250549,10,8970
7578,15,4,7,True,10498,1,False,False,False,False,0.3999999761581421,1.0,0.5075430870056152,5,3283
7578,16,2,9,False,2919,23,True,True,True,True,0.0,0.0,0.028284255415201187,2,9174
7578,17,11,0,True,10498,1,False,,,,,,0.7927168607711792,11,8035
7578,18,5,6,True,10498,1,False,False,False,False,0.2828426957130432,2.0,0.5949790477752686,7,5819
7578,19,11,0,True,10498,1,False,,,,,,0.7927168607711792,11,8035
7578,20,3,8,False,1,1,True,False,False,False,1.095445156097412,7.0,1.0959926843643188,10,26
7578,21,7,4,True,10498,1,False,False,False,False,0.4000000059604645,1.0,0.8595348000526428,8,2156
7578,22,6,5,True,10498,1,False,False,False,False,0.19999998807907104,1.0,0.4317406415939331,7,6413
7578,23,3,8,True,10498,1,False,False,False,False,0.19999998807907104,1.0,0.2986636757850647,4,8573
7578,24,5,6,True,10498,1,False,False,False,False,0.3464101552963257,3.0,0.6648308038711548,8,2830
7578,25,8,3,True,10498,1,False,False,False,False,0.19999998807907104,1.0,0.8456950187683105,9,6851
7578,26,6,5,True,10498,1,False,False,False,False,0.19999998807907104,1.0,0.4317406415939331,7,9268
7578,27,5,6,True,10498,1,False,False,False,False,0.19999998807907104,1.0,0.5603570342063904,6,1418
7578,28,5,6,True,10498,2,False,False,False,False,0.20000001788139343,1.0,0.3714834749698639,6,5275
7578,29,3,8,True,10498,1,False,False,False,False,0.2828426957130432,2.0,0.552449107170105,5,5928
7578,30,7,4,True,10498,1,False,False,False,False,0.19999998807907104,1.0,0.6023288369178772,8,10195
7578,31,4,7,True,10498,1,False,False,False,False,0.3464101552963257,3.0,0.5878775715827942,7,7805
4621,0,10,1,True,10498,2,False,False,False,False,0.19999998807907104,1.0,0.7668116092681885,11,3317
4621,1,3,8,True,10498,1,False,False,False,False,0.2828426957130432,2.0,0.5524490475654602,5,5069
4621,2,7,4,True,10498,1,False,False,False,False,0.2828426957130432,2.0,0.5242136716842651,9,3317
4621,3,3,8,False,7,1,True,False,False,False,0.6633249521255493,3.0,0.6642289161682129,6,8838
4621,4,2,9,False,1,1,True,False,False,False,0.8246211409568787,6.0,0.8251060843467712,8,8970
4621,5,8,3,True,10498,1,False,False,False,False,0.4000000059604645,1.0,0.595986545085907,9,8035
4621,6,6,5,True,10498,1,False,False,False,False,0.3464101552963257,3.0,0.7002856731414795,9,5276
4621,7,5,6,True,10498,1,False,False,False,False,0.19999998807907104,1.0,0.48373547196388245,6,1963
4621,8,5,6,True,10498,1,False,True,True,True,0.0,0.0,0.5674504637718201,5,9182
4621,9,10,1,True,10498,1,False,True,True,True,0.0,0.0,0.7924644947052002,10,8035
4621,10,11,0,True,10498,1,False,,,,,,0.7927168607711792,11,8035
4621,11,10,1,True,10498,1,False,True,True,True,0.0,0.0,0.7924644947052002,10,8035
4621,12,7,4,True,10498,2,False,True,True,True,0.0,0.0,0.5681549310684204,7,6709
4621,13,11,0,True,10498,1,False,,,,,,0.7927168607711792,11,8035
4621,14,11,0,True,10498,1,False,,,,,,0.7927168607711792,11,8035
4621,15,1,10,False,26,1,True,True,True,True,0.0,0.0,0.019999995827674866,1,4139
4621,16,4,7,True,10498,1,False,True,True,True,0.0,0.0,0.38157570362091064,4,10195
4621,17,10,1,True,10498,1,False,True,True,True,0.0,0.0,0.7924644947052002,10,8035
4621,18,7,4,True,10498,1,False,False,False,False,0.19999998807907104,1.0,0.73403000831604,8,9355
4621,19,3,8,True,10498,4,False,True,True,True,0.0,0.0,0.31176915764808655,3,561
4621,20,2,9,True,10498,2,False,True,True,True,0.0,0.0,0.22090721130371094,2,3109
4621,21,2,9,True,10498,2,False,True,True,True,0.0,0.0,0.22090721130371094,2,335
4621,22,11,0,True,10498,1,False,,,,,,0.7927168607711792,11,8035
4621,23,3,8,False,24,1,True,False,False,False,0.5656853914260864,5.0,0.5667450428009033,8,1157
4621,24,8,3,True,10498,1,False,False,False,False,0.19999998807907104,1.0,0.484974205493927,9,10463
4621,25,7,4,True,10498,1,False,True,True,True,0.0,0.0,0.6714164614677429,7,9508
4621,26,7,4,True,10498,2,False,False,False,False,0.4000000059604645,1.0,0.8116649985313416,8,3317
4621,27,5,6,True,10498,2,False,False,False,False,0.4898979365825653,3.0,0.7496666312217712,8,9355
4621,28,2,9,True,10498,1,False,True,True,True,0.0,0.0,0.42047595977783203,2,405
4621,29,11,0,True,10498,1,False,,,,,,0.7927168607711792,11,8035
4621,30,8,3,True,10498,1,False,False,False,False,0.3464101552963257,3.0,0.7868926525115967,11,6851
4621,31,11,0,True,10498,1,False,,,,,,0.7927168607711792,11,8035
8115,0,10,1,True,10498,1,False,True,True,True,0.0,0.0,0.8221921920776367,10,7244
8115,1,7,4,True,10498,1,False,False,False,False,0.20000001788139343,1.0,0.816578209400177,8,7244
8115,2,10,1,True,10498,1,False,True,True,True,0.0,0.0,0.8221921920776367,10,7244
8115,3,4,7,True,10498,1,False,False,False,False,0.2828426957130432,2.0,0.42142611742019653,6,2658
8115,4,5,6,True,10498,1,False,False,False,False,0.20000001788139343,1.0,0.7334848642349243,6,9921
8115,5,2,9,False,1,1,True,False,False,False,1.0770329236984253,9.0,1.077404260635376,11,53
8115,6,11,0,True,10498,1,False,,,,,,0.7927168607711792,11,8035
8115,7,3,8,True,10498,2,False,False,False,False,0.2828426957130432,2.0,0.5071489214897156,5,5651
8115,8,6,5,True,10498,1,False,False,False,False,0.3464101552963257,3.0,0.4673328399658203,9,10010
8115,9,1,10,False,26,6,True,False,False,False,0.3464101552963257,3.0,0.3469870388507843,4,721
8115,10,5,6,True,10498,1,False,False,False,False,0.2828427255153656,2.0,0.5949790477752686,7,9092
8115,11,2,9,False,1,1,True,False,False,False,1.0770329236984253,9.0,1.077404260635376,11,53
8115,12,7,4,True,10498,1,False,True,True,True,0.0,0.0,0.7062577605247498,7,6851
8115,13,2,9,False,7,1,True,False,False,False,0.20000001788139343,1.0,0.20199011266231537,3,423
8115,14,6,5,True,10498,1,False,True,True,True,0.0,0.0,0.6086049675941467,6,2658
8115,15,2,9,False,1,1,True,False,False,False,1.0770329236984253,9.0,1.077404260635376,11,53
8115,16,4,7,True,10498,2,False,False,False,False,0.19999998807907104,1.0,0.5153639912605286,5,2158
8115,17,7,4,True,10498,1,False,False,False,False,0.4000000059604645,4.0,0.6593937277793884,11,9355
8115,18,4,7,True,10498,1,False,False,False,False,0.3999999761581421,1.0,0.5075430870056152,5,4190
8115,19,5,6,True,10498,1,False,False,False,False,0.4898979663848877,3.0,0.7496666312217712,8,5789
8115,20,2,9,True,10498,2,False,False,False,False,0.19999998807907104,1.0,0.3698648512363434,3,380
8115,21,9,2,True,10498,1,False,False,False,False,0.19999998807907104,1.0,0.6779380440711975,10,5789
8115,22,5,6,True,10498,4,False,False,False,False,0.19999998807907104,1.0,0.5603570342063904,6,9502
8115,23,2,9,False,2,1,True,False,False,False,0.8485282063484192,7.0,0.8489995002746582,9,8970
8115,24,2,9,False,1,1,True,False,False,False,1.1661903858184814,9.0,1.166533350944519,11,53
8115,25,3,8,False,1,1,True,False,False,False,1.039230465888977,7.0,1.039807677268982,10,26
8115,26,11,0,True,10498,1,False,,,,,,0.7927168607711792,11,8035
8115,27,3,8,False,2,1,True,False,False,False,0.2828426957130432,2.0,0.2849561274051666,5,4139
8115,28,10,1,True,10498,1,False,False,False,False,0.20000001788139343,1.0,0.7874007821083069,11,8035
8115,29,11,0,True,10498,1,False,,,,,,0.7927168607711792,11,8035
8115,30,3,8,True,10498,2,False,False,False,False,0.19999998807907104,1.0,0.4303486943244934,4,10081
8115,31,2,9,False,51,1,True,False,False,False,0.20000001788139343,1.0,0.20199011266231537,3,7591
7374,0,4,7,True,10498,2,False,False,False,False,0.3464101552963257,3.0,0.4664761424064636,7,8306
7374,1,5,6,True,10498,2,False,False,False,False,0.2828426957130432,2.0,0.4219004511833191,7,9493
7374,2,4,7,True,10498,1,False,False,False,False,0.2828426957130432,2.0,0.35999998450279236,6,4131
7374,3,10,1,True,10498,1,False,True,True,True,0.0,0.0,0.8221921920776367,10,7244
7374,4,1,10,False,10460,54,True,True,True,True,0.0,0.0,0.019999980926513672,1,6950
7374,5,3,8,True,10498,1,False,False,False,False,0.2828427255153656,2.0,0.42095133662223816,5,5969
7374,6,9,2,True,10498,1,False,False,False,False,0.40000003576278687,1.0,0.6352952122688293,10,8035
7374,7,11,0,True,10498,1,False,,,,,,0.7927168607711792,11,8035
7374,8,4,7,True,10498,2,False,False,False,False,0.3464101552963257,3.0,0.4664761424064636,7,8306
7374,9,6,5,True,10498,1,False,True,True,True,0.0,0.0,0.44090813398361206,6,1951
7374,10,11,0,True,10498,1,False,,,,,,0.7927168607711792,11,8035
7374,11,10,1,True,10498,1,False,True,True,True,0.0,0.0,0.761577308177948,10,8035
7374,12,11,0,True,10498,1,False,,,,,,0.7927168607711792,11,8035
7374,13,11,0,True,10498,1,False,,,,,,0.7927168607711792,11,8035
7374,14,4,7,True,10498,1,False,True,True,True,0.0,0.0,0.31240999698638916,4,2830
7374,15,9,2,True,10498,2,False,False,False,False,0.20000001788139343,1.0,0.7665507793426514,10,1963
7374,16,2,9,True,10498,2,False,False,False,False,0.2828427255153656,2.0,0.42047592997550964,4,1021
7374,17,3,8,True,10498,2,False,False,False,False,0.20000001788139343,1.0,0.4303486943244934,4,1021
7374,18,3,8,False,48,1,True,True,True,True,0.0,0.0,0.03464100882411003,3,421
7374,19,5,6,True,10498,1,False,True,True,True,0.0,0.0,0.6082763075828552,5,1951
7374,20,8,3,True,10498,2,False,False,False,False,0.19999998807907104,1.0,0.6412488222122192,9,9355
7374,21,11,0,True,10498,1,False,,,,,,0.7927168607711792,11,8035
7374,22,4,7,False,1,1,True,False,False,False,0.9797959327697754,7.0,0.9806120991706848,11,53
7374,23,6,5,True,10498,1,False,False,False,False,0.19999998807907104,1.0,0.4317406415939331,7,3317
7374,24,8,3,True,10498,1,False,False,False,False,0.19999998807907104,1.0,0.6412488222122192,9,1963
7374,25,10,1,True,10498,1,False,True,True,True,0.0,0.0,0.7402702569961548,10,3317
7374,26,2,9,True,10498,2,False,False,False,False,0.20000001788139343,1.0,0.3698648512363434,3,1021
7374,27,11,0,True,10498,1,False,,,,,,0.7927168607711792,11,8035
7374,28,2,9,False,2,1,True,False,False,False,0.9380831718444824,8.0,0.938509464263916,10,8970
7374,29,8,3,True,10498,1,False,False,False,False,0.19999998807907104,1.0,0.6412488222122192,9,1963
7374,30,7,4,True,10498,1,False,False,False,False,0.4472135901451111,2.0,0.6654321551322937,9,4062
7374,31,8,3,True,10498,1,False,False,False,False,0.20000001788139343,1.0,0.7557777762413025,9,8035
2686,0,7,4,True,10498,1,False,False,False,False,0.2828426957130432,2.0,0.7285602688789368,9,9355
2686,1,2,9,False,1,1,True,False,False,False,1.216552495956421,9.0,1.2168811559677124,11,53
2686,2,9,2,True,10498,1,False,False,False,False,0.19999998807907104,1.0,0.6415606141090393,10,3317
2686,3,11,0,True,10498,1,False,,,,,,0.7927168607711792,11,8035
2686,4,11,0,True,10498,1,False,,,,,,0.7927168607711792,11,8035
2686,5,5,6,True,10498,1,False,False,False,False,0.19999998807907104,1.0,0.5310367345809937,6,9921
2686,6,8,3,True,10498,1,False,False,False,False,0.3464101552963257,3.0,0.5614266991615295,11,8970
2686,7,7,4,True,10498,1,False,False,False,False,0.2828427255153656,2.0,0.5242136716842651,9,8035
2686,8,7,4,True,10498,1,False,False,False,False,0.2828427255153656,2.0,0.5242136716842651,9,8035
2686,9,5,6,True,10498,1,False,False,False,False,0.19999998807907104,1.0,0.48373547196388245,6,5275
2686,10,1,10,False,1,1,True,False,False,False,1.3564659357070923,10.0,1.3566133975982666,11,53
2686,11,5,6,True,10498,1,False,True,True,True,0.0,0.0,0.4219004809856415,5,418
2686,12,1,10,False,3,1,True,False,False,False,1.039230465888977,8.0,1.039422869682312,9,8970
2686,13,9,2,True,10498,1,False,False,False,False,0.20000001788139343,1.0,0.7665507793426514,10,1963
2686,14,7,4,True,10498,1,False,True,True,True,0.0,0.0,0.6089335083961487,7,1963
2686,15,1,10,False,52,3,True,False,False,False,0.2828426957130432,2.0,0.2835489511489868,3,4242
2686,16,1,10,False,2981,20,True,True,True,True,0.0,0.0,0.019999995827674866,1,7101
2686,17,9,2,True,10498,1,False,True,True,True,0.0,0.0,0.7613146305084229,9,6248
2686,18,10,1,True,10498,1,False,True,True,True,0.0,0.0,0.7924644947052002,10,8035
2686,19,6,5,True,10498,1,False,False,False,False,0.2828426957130432,2.0,0.6343501210212708,8,1963
2686,20,3,8,True,10498,1,False,False,False,False,0.2828427255153656,2.0,0.42095130681991577,5,428
2686,21,5,6,True,10498,1,False,False,False,False,0.2828426957130432,2.0,0.6340346932411194,7,9921
2686,22,6,5,True,10498,2,False,False,False,False,0.3999999761581421,4.0,0.6945502161979675,10,5052
2686,23,1,10,False,26,3,True,False,False,False,0.20000001788139343,1.0,0.20099753141403198,2,7885
2686,24,11,0,True,10498,1,False,,,,,,0.7927168607711792,11,8035
2686,25,10,1,True,10498,1,False,True,True,True,0.0,0.0,0.8221921920776367,10,7244
2686,26,8,3,True,10498,1,False,False,False,False,0.20000001788139343,1.0,0.7868926525115967,9,2156
2686,27,3,8,True,10498,1,False,False,False,False,0.2828426957130432,2.0,0.3594439923763275,5,4365
2686,28,2,9,False,25,3,True,False,False,False,0.20000001788139343,1.0,0.20199011266231537,3,7885
2686,29,4,7,False,245,3,True,False,False,False,0.2828426957130432,2.0,0.2856571078300476,6,9499
2686,30,11,0,True,10498,1,False,,,,,,0.7927168607711792,11,8035
2686,31,8,3,True,10498,2,False,False,False,False,0.19999998807907104,1.0,0.6412488222122192,9,7148
8012,0,11,0,True,10498,1,False,,,,,,0.7927168607711792,11,8035
8012,1,3,8,True,10498,1,False,False,False,False,0.2828426957130432,2.0,0.6581793427467346,5,7922
8012,2,1,10,False,10460,21,True,False,False,False,0.2828426957130432,2.0,0.28354892134666443,3,7792
8012,3,9,2,True,10498,1,False,False,False,False,0.2828426957130432,2.0,0.6720119118690491,11,3317
8012,4,2,9,False,2,1,True,False,False,False,0.7483315467834473,5.0,0.7488658428192139,7,6248
8012,5,1,10,False,25,3,True,False,False,False,0.2828426957130432,2.0,0.28354892134666443,3,7837
8012,6,8,3,True,10498,1,False,False,False,False,0.4472135901451111,2.0,0.8551023602485657,10,6248
8012,7,9,2,True,10498,2,False,False,False,False,0.4472135901451111,2.0,0.8646386861801147,11,1963
8012,8,7,4,True,10498,1,False,False,False,False,0.4472135901451111,2.0,0.6654321551322937,9,4062
8012,9,8,3,True,10498,1,False,False,False,False,0.40000003576278687,1.0,0.695125937461853,9,8970
8012,10,5,6,True,10498,1,False,False,False,False,0.4472135901451111,2.0,0.6526867747306824,7,236
8012,11,6,5,True,10498,1,False,False,False,False,0.5656853914260864,5.0,0.8014985918998718,11,1963
8012,12,6,5,True,10498,2,False,False,False,False,0.4898979365825653,3.0,0.8593021035194397,9,9355
8012,13,8,3,True,10498,1,False,False,False,False,0.2828426957130432,2.0,0.7610518932342529,10,3317
8012,14,10,1,True,10498,1,False,True,True,True,0.0,0.0,0.761577308177948,10,6248
8012,15,3,8,False,1,1,True,False,False,False,1.216552495956421,5.0,1.217045545578003,8,26
8012,16,5,6,True,10498,1,False,False,False,False,0.5656853914260864,5.0,0.90443354845047,10,5273
8012,17,3,8,True,10498,1,False,True,True,True,0.0,0.0,0.6206448674201965,3,8012
8012,18,5,6,True,10498,1,False,False,False,False,0.4472135901451111,2.0,0.6276941895484924,7,4838
8012,19,6,5,True,10498,1,False,False,False,False,0.19999998807907104,1.0,0.8357033133506775,7,7983
8012,20,9,2,True,10498,2,False,False,False,False,0.2828426957130432,2.0,0.792212188243866,11,9355
8012,21,11,0,True,10498,1,False,,,,,,0.7927168607711792,11,8035
8012,22,4,7,True,10498,2,False,False,False,False,0.2828426957130432,2.0,0.5528110265731812,6,5749
8012,23,2,9,False,2,1,True,False,False,False,1.2328828573226929,6.0,1.2332072257995605,8,26
8012,24,5,6,True,10498,1,False,False,False,False,0.5656853914260864,5.0,0.8774964809417725,10,5273
8012,25,7,4,True,10498,2,False,False,False,False,0.4898979365825653,3.0,0.7502000331878662,10,3317
8012,26,5,6,True,10498,4,False,False,False,False,0.19999998807907104,1.0,0.6016643643379211,6,9813
8012,27,3,8,False,263,19,True,False,False,False,0.2828426957130432,2.0,0.2849561274051666,5,7792
8012,28,6,5,True,10498,1,False,False,False,False,0.6000000238418579,3.0,0.8260750770568848,9,8970
8012,29,8,3,True,10498,2,False,False,False,False,0.4000000059604645,1.0,0.8119113445281982,9,3317
8012,30,5,6,True,10498,1,False,False,False,False,0.4898979365825653,3.0,0.6942622065544128,8,4062
8012,31,2,9,True,10498,1,False,False,False,False,0.2828426957130432,2.0,0.6578753590583801,4,7922
2711,0,7,4,True,10498,1,False,False,False,False,0.19999998807907104,1.0,0.48456165194511414,8,10463
2711,1,2,9,False,1,1,True,False,False,False,1.0770329236984253,9.0,1.077404260635376,11,53
2711,2,9,2,True,10498,1,False,False,False,False,0.20000001788139343,1.0,0.4853864312171936,10,8035
2711,3,5,6,True,10498,1,False,False,False,False,0.34641018509864807,3.0,0.5157518982887268,8,2156
2711,4,6,5,True,10498,1,False,True,True,True,0.0,0.0,0.7391887903213501,6,2658
2711,5,11,0,True,10498,1,False,,,,,,0.7927168607711792,11,8035
2711,6,11,0,True,10498,1,False,,,,,,0.7927168607711792,11,8035
2711,7,9,2,True,10498,1,False,True,True,True,0.0,0.0,0.7400000095367432,9,8970
2711,8,3,8,False,23,6,True,False,False,False,0.19999998807907104,1.0,0.20297782123088837,4,720
2711,9,4,7,True,10498,1,False,False,False,False,0.3999999761581421,4.0,0.5528109669685364,8,5052
2711,10,5,6,True,10498,1,False,True,True,True,0.0,0.0,0.6340347528457642,5,9146
2711,11,10,1,True,10498,1,False,False,False,False,0.3999999761581421,1.0,0.6723094582557678,11,4062
2711,12,5,6,True,10498,1,False,False,False,False,0.3464101552963257,3.0,0.5157518982887268,8,10463
2711,13,2,9,False,2,1,True,False,False,False,0.19999998807907104,1.0,0.20199008285999298,3,4139
2711,14,6,5,True,10498,1,False,True,True,True,0.0,0.0,0.6711184978485107,6,1954
2711,15,11,0,True,10498,1,False,,,,,,0.7927168607711792,11,8035
2711,16,1,10,False,26,6,True,False,False,False,0.2828426957130432,2.0,0.2835489511489868,3,721
2711,17,6,5,True,10498,1,False,False,False,False,0.5656854510307312,2.0,0.6829348802566528,8,8035
2711,18,5,6,True,10498,1,False,False,False,False,0.19999998807907104,1.0,0.5603570342063904,6,5069
2711,19,5,6,True,10498,1,False,False,False,False,0.4472135901451111,2.0,0.7224956750869751,7,8025
2711,20,9,2,True,10498,1,False,True,True,True,0.0,0.0,0.8219488859176636,9,7244
2711,21,8,3,True,10498,1,False,True,True,True,0.0,0.0,0.5396294593811035,8,7244
2711,22,4,7,False,1,1,True,False,False,False,0.7483315467834473,5.0,0.7493997812271118,9,8035
2711,23,4,7,True,10498,2,False,False,False,False,0.20000001788139343,1.0,0.5600000023841858,5,6709
2711,24,6,5,True,10498,1,False,False,False,False,0.20000001788139343,1.0,0.4317406713962555,7,10010
2711,25,11,0,True,10498,1,False,,,,,,0.7927168607711792,11,8035
2711,26,10,1,True,10498,1,False,True,True,True,0.0,0.0,0.7402702569961548,10,3317
2711,27,4,7,True,10498,1,False,False,False,False,0.4000000059604645,4.0,0.5075430870056152,8,9355
2711,28,11,0,True,10498,1,False,,,,,,0.7927168607711792,11,8035
2711,29,5,6,True,10498,1,False,False,False,False,0.3464101552963257,3.0,0.5157518982887268,8,5273
2711,30,2,9,False,23,6,True,False,False,False,0.19999998807907104,1.0,0.20199008285999298,3,7885
2711,31,7,4,True,10498,1,False,False,False,False,0.44721361994743347,2.0,0.6283311247825623,9,8035
9973,0,5,6,True,10498,1,False,False,False,False,0.20000001788139343,1.0,0.43127718567848206,6,10010
9973,1,10,1,True,10498,1,False,True,True,True,0.0,0.0,0.7924644947052002,10,8035
9973,2,7,4,True,10498,1,False,False,False,False,0.2828427255153656,2.0,0.8116649389266968,9,7244
9973,3,6,5,True,10498,2,False,False,False,False,0.3464101552963257,3.0,0.6280127763748169,9,9355
9973,4,8,3,True,10498,1,False,False,False,False,0.4472135901451111,2.0,0.6657326817512512,10,4062
9973,5,8,3,True,10498,1,False,False,False,False,0.4472135603427887,2.0,0.6286493539810181,10,6248
9973,6,7,4,True,10498,4,False,True,True,True,0.0,0.0,0.5681549310684204,7,5989
9973,7,5,6,True,10498,1,False,False,False,False,0.2828427255153656,2.0,0.6340347528457642,7,1963
9973,8,6,5,True,10498,1,False,False,False,False,0.20000001788139343,1.0,0.6019967198371887,7,1963
9973,9,8,3,True,10498,1,False,True,True,True,0.0,0.0,0.7397297620773315,8,9921
9973,10,9,2,True,10498,2,False,True,True,True,0.0,0.0,0.7400000095367432,9,3317
9973,11,2,9,False,2,1,True,False,False,False,0.8717797994613647,8.0,0.8722385168075562,10,8970
9973,12,5,6,True,10498,1,False,False,False,False,0.2828427255153656,2.0,0.4753945767879486,7,2156
9973,13,7,4,True,10498,1,False,False,False,False,0.44721361994743347,2.0,0.6283311247825623,9,8035
9973,14,8,3,True,10498,2,False,False,False,False,0.2828427255153656,2.0,0.7288347482681274,10,9355
9973,15,9,2,True,10498,1,False,False,False,False,0.20000001788139343,1.0,0.5325410962104797,10,8035
9973,16,7,4,True,10498,4,False,True,True,True,0.0,0.0,0.5681549310684204,7,5989
9973,17,9,2,True,10498,2,False,False,False,False,0.20000001788139343,1.0,0.7345747351646423,10,3317
9973,18,7,4,True,10498,1,False,True,True,True,0.0,0.0,0.5681549310684204,7,9355
9973,19,4,7,True,10498,1,False,False,False,False,0.34641018509864807,3.0,0.5153639912605286,7,2156
9973,20,7,4,True,10498,2,False,False,False,False,0.3999999761581421,4.0,0.6948381066322327,11,8025
9973,21,2,9,True,10498,2,False,False,False,False,0.19999998807907104,1.0,0.369864821434021,3,4422
9973,22,8,3,True,10498,1,False,True,True,True,0.0,0.0,0.7397297024726868,8,1948
9973,23,1,10,False,26,3,True,False,False,False,0.20000001788139343,1.0,0.20099753141403198,2,9104
9973,24,10,1,True,10498,1,False,True,True,True,0.0,0.0,0.8221921920776367,10,7244
9973,25,3,8,True,10498,1,False,False,False,False,0.2828427255153656,2.0,0.42095133662223816,5,7581
9973,26,8,3,True,10498,1,False,False,False,False,0.20000001788139343,1.0,0.8168231248855591,9,7244
9973,27,6,5,True,10498,2,False,False,False,False,0.2828426957130432,2.0,0.5238320827484131,8,1963
9973,28,1,10,False,3,1,True,False,False,False,0.9797959327697754,8.0,0.9800000190734863,9,8970
9973,29,7,4,True,10498,1,False,True,True,True,0.0,0.0,0.6471476554870605,7,9921
9973,30,2,9,False,2,1,True,False,False,False,0.2828426957130432,2.0,0.28425338864326477,4,4139
9973,31,2,9,True,10498,1,False,True,True,True,0.0,0.0,0.22090721130371094,2,5158
7865,0,8,3,True,10498,2,False,False,False,False,0.3464101552963257,3.0,0.700856626033783,11,8025
7865,1,11,0,True,10498,1,False,,,,,,0.7927168607711792,11,8035
7865,2,6,5,True,10498,7,False,False,False,False,0.19999998807907104,1.0,0.5607138276100159,7,9820
7865,3,5,6,True,10498,3,False,False,False,False,0.19999998807907104,1.0,0.6016643643379211,6,1947
7865,4,8,3,True,10498,1,False,False,False,False,0.20000001788139343,1.0,0.5321654081344604,9,8035
7865,5,8,3,True,10498,1,False,False,False,False,0.20000001788139343,1.0,0.7557777762413025,9,10010
7865,6,4,7,True,10498,2,False,False,False,False,0.2828426957130432,2.0,0.42142611742019653,6,6413
7865,7,8,3,True,10498,1,False,False,False,False,0.20000001788139343,1.0,0.8168231248855591,9,2156
7865,8,10,1,True,10498,1,False,True,True,True,0.0,0.0,0.7720103859901428,10,1963
7865,9,1,10,False,1,1,True,False,False,False,1.3564659357070923,10.0,1.3566133975982666,11,53
7865,10,10,1,True,10498,1,False,True,True,True,0.0,0.0,0.4939635396003723,10,8035
7865,11,4,7,True,10498,3,False,False,False,False,0.2828426957130432,2.0,0.5946427583694458,6,2419
7865,12,9,2,True,10498,1,False,True,True,True,0.0,0.0,0.7400000095367432,9,3317
7865,13,5,6,True,10498,1,False,True,True,True,0.0,0.0,0.6082762479782104,5,9921
7865,14,5,6,True,10498,1,False,False,False,False,0.2828426957130432,2.0,0.5234500765800476,7,2221
7865,15,2,9,False,1,1,True,False,False,False,1.216552495956421,9.0,1.2168811559677124,11,53
7865,16,10,1,True,10498,1,False,True,True,True,0.0,0.0,0.7924644947052002,10,8035
7865,17,6,5,True,10498,1,False,False,False,False,0.2828426957130432,2.0,0.4758150577545166,8,4143
7865,18,11,0,True,10498,1,False,,,,,,0.7927168607711792,11,8035
7865,19,5,6,True,10498,1,False,False,False,False,0.2828426957130432,2.0,0.4753945469856262,7,5273
7865,20,7,4,True,10498,1,False,False,False,False,0.3464101552963257,3.0,0.6654322147369385,10,5276
7865,21,10,1,True,10498,1,False,True,True,True,0.0,0.0,0.7924644947052002,10,8035
7865,22,8,3,True,10498,1,False,True,True,True,0.0,0.0,0.49315309524536133,8,2156
7865,23,11,0,True,10498,1,False,,,,,,0.7927168607711792,11,8035
7865,24,1,10,False,1,1,True,False,False,False,1.3564659357070923,10.0,1.3566133975982666,11,53
7865,25,7,4,True,10498,1,False,True,True,True,0.0,0.0,0.7394593358039856,7,2658
7865,26,1,10,False,3,1,True,False,False,False,0.9797959327697754,8.0,0.9800000190734863,9,8970
7865,27,9,2,True,10498,1,False,False,False,False,0.4472135901451111,2.0,0.6660330295562744,11,4062
7865,28,9,2,True,10498,1,False,True,True,True,0.0,0.0,0.49355849623680115,9,8035
7865,29,2,9,False,296,15,True,False,False,False,0.2828426957130432,2.0,0.28425338864326477,4,7000
7865,30,8,3,True,10498,1,False,True,True,True,0.0,0.0,0.6474565863609314,8,9921
7865,31,10,1,True,10498,1,False,True,True,True,0.0,0.0,0.8221921920776367,10,7244
2736,0,6,5,True,10498,1,False,False,False,False,0.19999998807907104,1.0,0.6019967198371887,7,9355
2736,1,3,8,True,10498,2,False,False,False,False,0.2828426957130432,2.0,0.6936858296394348,5,6392
2736,2,4,7,False,48,2,True,True,True,True,0.0,0.0,0.039999984204769135,4,4242
2736,3,4,7,True,10498,9,False,False,False,False,0.19999998807907104,1.0,0.37094470858573914,5,1085
2736,4,10,1,True,10498,1,False,False,False,False,0.19999998807907104,1.0,0.846167802810669,11,4838
2736,5,6,5,True,10498,1,False,False,False,False,0.4898979365825653,3.0,0.6216108202934265,9,9355
2736,6,1,10,False,1616,5,True,True,True,True,0.0,0.0,0.02000001072883606,1,1808
2736,7,5,6,True,10498,2,False,False,False,False,0.19999998807907104,1.0,0.43127715587615967,6,5275
2736,8,3,8,False,1,1,True,False,False,False,0.4000000059604645,1.0,0.4014972150325775,4,6312
2736,9,7,4,True,10498,1,False,False,False,False,0.2828426957130432,2.0,0.7607890963554382,9,5276
2736,10,4,7,True,10498,4,False,False,False,False,0.2828426957130432,2.0,0.42142611742019653,6,6083
2736,11,3,8,False,1,1,True,False,False,False,0.8246211409568787,3.0,0.825348436832428,6,9617
2736,12,2,9,False,23,3,True,True,True,True,0.0,0.0,0.02828427590429783,2,720
2736,13,1,10,False,25,1,True,False,False,False,0.9797959327697754,7.0,0.9800000190734863,8,7924
2736,14,11,0,True,10498,1,False,,,,,,0.7927168607711792,11,8035
2736,15,8,3,True,10498,1,False,False,False,False,0.19999998807907104,1.0,0.6412488222122192,9,9355
2736,16,11,0,True,10498,1,False,,,,,,0.7927168607711792,11,8035
2736,17,1,10,False,2981,93,True,True,True,True,0.0,0.0,0.019999995827674866,1,9021
2736,18,4,7,True,10498,1,False,False,False,False,0.19999998807907104,1.0,0.7222188115119934,5,1307
2736,19,5,6,True,10498,1,False,False,False,False,0.3999999761581421,4.0,0.5531726479530334,9,2170
2736,20,10,1,True,10498,1,False,True,True,True,0.0,0.0,0.7924644947052002,10,8035
2736,21,3,8,True,10498,1,False,True,True,True,0.0,0.0,0.6334035396575928,3,7763
2736,22,5,6,True,10498,1,False,False,False,False,0.44721361994743347,2.0,0.6276941895484924,7,2156
2736,23,8,3,True,10498,1,False,False,False,False,0.20000001788139343,1.0,0.8456949591636658,9,7244
2736,24,6,5,True,10498,1,False,False,False,False,0.19999998807907104,1.0,0.6406247019767761,7,5275
2736,25,2,9,False,1,1,True,False,False,False,1.2489995956420898,9.0,1.2493197917938232,11,53
2736,26,1,10,False,52,2,True,False,False,False,0.20000001788139343,1.0,0.20099753141403198,2,4242
2736,27,9,2,True,10498,2,False,False,False,False,0.4000000059604645,1.0,0.8121576905250549,10,3317
2736,28,1,10,False,1616,5,True,True,True,True,0.0,0.0,0.02000001072883606,1,1808
2736,29,7,4,True,10498,1,False,False,False,False,0.3464101552963257,3.0,0.7005712389945984,10,5276
2736,30,9,2,True,10498,1,False,False,False,False,0.2828426957130432,2.0,0.7068238854408264,11,7181
2736,31,1,10,False,3,1,True,False,False,False,1.0198038816452026,7.0,1.0199999809265137,8,8970
4708,0,5,6,True,10498,1,False,True,True,True,0.0,0.0,0.5234501361846924,5,3128
4708,1,2,9,False,10410,62,True,True,True,True,0.0,0.0,0.028284244239330292,2,2812
4708,2,8,3,True,10498,1,False,False,False,False,0.3999999761581421,1.0,0.595986545085907,9,6248
4708,3,4,7,False,1,1,True,False,False,False,0.4472135901451111,2.0,0.44899889826774597,6,9617
4708,4,7,4,True,10498,1,False,False,False,False,0.2828426957130432,2.0,0.7285602688789368,9,6851
4708,5,6,5,True,10498,2,False,False,False,False,0.19999998807907104,1.0,0.4317406415939331,7,1115
4708,6,6,5,True,10498,1,False,False,False,False,0.19999998807907104,1.0,0.6406247019767761,7,9355
4708,7,2,9,True,10498,1,False,False,False,False,0.19999998807907104,1.0,0.4656178951263428,3,405
4708,8,11,0,True,10498,1,False,,,,,,0.7927168607711792,11,8035
4708,9,6,5,True,10498,1,False,False,False,False,0.19999998807907104,1.0,0.733757495880127,7,6851
4708,10,7,4,True,10498,1,False,False,False,False,0.4898979663848877,3.0,0.5820652842521667,10,8035
4708,11,4,7,True,10498,2,False,False,False,False,0.2828426957130432,2.0,0.5528110265731812,6,7409
4708,12,11,0,True,10498,1,False,,,,,,0.7927168607711792,11,8035
4708,13,8,3,True,10498,1,False,False,False,False,0.19999998807907104,1.0,0.6412488222122192,9,9355
4708,14,9,2,True,10498,1,False,False,False,False,0.20000001788139343,1.0,0.4853864312171936,10,8035
4708,15,5,6,True,10498,1,False,True,True,True,0.0,0.0,0.5234501361846924,5,9508
4708,16,2,9,False,1,1,True,False,False,False,1.183215856552124,7.0,1.18355393409729,9,26
4708,17,8,3,True,10498,1,False,False,False,False,0.5656853914260864,2.0,0.6835203170776367,10,6248
4708,18,1,10,False,2981,62,True,True,True,True,0.0,0.0,0.019999995827674866,1,4708
4708,19,8,3,True,10498,1,False,False,False,False,0.2828426957130432,2.0,0.5245950818061829,10,9355
4708,20,10,1,True,10498,1,False,True,True,True,0.0,0.0,0.7924644947052002,10,8035
4708,21,11,0,True,10498,1,False,,,,,,0.7927168607711792,11,8035
4708,22,6,5,True,10498,1,False,False,False,False,0.5291502475738525,4.0,0.6887669563293457,10,4838
4708,23,5,6,True,10498,1,False,True,True,True,0.0,0.0,0.3130495250225067,5,3133
4708,24,5,6,True,10498,1,False,False,False,False,0.19999998807907104,1.0,0.3714834749698639,6,9508
4708,25,5,6,True,10498,1,False,True,True,True,0.0,0.0,0.5674504637718201,5,8230
4708,26,4,7,True,10498,1,False,False,False,False,0.3464101552963257,3.0,0.5455272793769836,7,422
4708,27,8,3,True,10498,1,False,False,False,False,0.3464101552963257,3.0,0.8361818194389343,11,4838
4708,28,5,6,True,10498,1,False,False,False,False,0.3999999761581421,1.0,0.5079370141029358,6,5985
4708,29,9,2,True,10498,1,False,True,True,True,0.0,0.0,0.7613146305084229,9,6248
4708,30,1,10,False,52,1,True,False,False,False,0.19999998807907104,1.0,0.2009975016117096,2,405
4708,31,4,7,True,10498,1,False,False,False,False,0.3464101552963257,3.0,0.5153639316558838,7,5276
7203,0,2,9,False,1,1,True,False,False,False,1.1661903858184814,9.0,1.166533350944519,11,53
7203,1,4,7,True,10498,1,False,False,False,False,0.19999998807907104,1.0,0.601331889629364,5,9921
7203,2,10,1,True,10498,1,False,False,False,False,0.20000001788139343,1.0,0.7874007821083069,11,8035
7203,3,5,6,True,10498,1,False,False,False,False,0.19999998807907104,1.0,0.6016643643379211,6,295
7203,4,4,7,True,10498,1,False,False,False,False,0.3464101552963257,3.0,0.5153639316558838,7,7181
7203,5,9,2,True,10498,1,False,True,True,True,0.0,0.0,0.7291090488433838,9,6248
7203,6,9,2,True,10498,1,False,False,False,False,0.19999998807907104,1.0,0.5758472084999084,10,7244
7203,7,6,5,True,10498,1,False,True,True,True,0.0,0.0,0.7914543747901917,6,9931
7203,8,1,10,False,52,1,True,False,False,False,0.2828426957130432,2.0,0.28354892134666443,3,6350
7203,9,9,2,True,10498,1,False,False,False,False,0.20000001788139343,1.0,0.6415606141090393,10,9355
7203,10,1,10,False,2981,4,True,False,False,False,0.19999998807907104,1.0,0.2009975016117096,2,6759
7203,11,9,2,True,10498,1,False,True,True,True,0.0,0.0,0.7613146305084229,9,6248
7203,12,4,7,True,10498,2,False,False,False,False,0.3464101552963257,3.0,0.6273754835128784,7,295
7203,13,10,1,True,10498,1,False,False,False,False,0.19999998807907104,1.0,0.5329164862632751,11,8035
7203,14,3,8,False,2,1,True,False,False,False,0.8717797994613647,5.0,0.8724678158760071,8,6248
7203,15,10,1,True,10498,1,False,True,True,True,0.0,0.0,0.7924644947052002,10,8035
7203,16,3,8,True,10498,2,False,False,False,False,0.3464101552963257,3.0,0.4660471975803375,6,2830
7203,17,10,1,True,10498,2,False,False,False,False,0.19999998807907104,1.0,0.7668116688728333,11,9355
7203,18,3,8,False,220,3,True,False,False,False,0.19999998807907104,1.0,0.20297782123088837,4,4079
7203,19,3,8,True,10498,2,False,False,False,False,0.3464101552963257,3.0,0.4660471975803375,6,4243
7203,20,5,6,True,10498,1,False,True,True,True,0.0,0.0,0.4753945767879486,5,6321
7203,21,8,3,True,10498,1,False,False,False,False,0.3464101552963257,3.0,0.5614267587661743,11,8035
7203,22,1,10,False,10460,1,True,True,True,True,0.0,0.0,0.019999980926513672,1,7203
7203,23,7,4,True,10498,1,False,True,True,True,0.0,0.0,0.728560209274292,7,6248
7203,24,10,1,True,10498,2,False,False,False,False,0.19999998807907104,1.0,0.7668116092681885,11,3317
7203,25,2,9,False,1,1,True,False,False,False,0.9165151715278625,7.0,0.9169515371322632,9,8970
7203,26,6,5,True,10498,1,False,False,False,False,0.3464101552963257,3.0,0.5161395072937012,9,7181
7203,27,6,5,True,10498,1,False,False,False,False,0.2828426957130432,2.0,0.5238320231437683,8,2156
7203,28,7,4,True,10498,1,False,True,True,True,0.0,0.0,0.7712328433990479,7,9921
7203,29,5,6,True,10498,1,False,False,False,False,0.19999998807907104,1.0,0.43127715587615967,6,9921
7203,30,11,0,True,10498,1,False,,,,,,0.7927168607711792,11,8035
7203,31,6,5,True,10498,1,False,False,False,False,0.2828426957130432,2.0,0.7605261206626892,8,2658
5097,0,3,8,False,510,15,True,False,False,False,0.19999998807907104,1.0,0.20297782123088837,4,6999
5097,1,8,3,True,10498,1,False,False,False,False,0.5656854510307312,2.0,0.6835203170776367,10,8035
5097,2,8,3,True,10498,1,False,False,False,False,0.44721361994743347,2.0,0.6286493539810181,10,8035
5097,3,1,10,False,1616,3,True,True,True,True,0.0,0.0,0.02000001072883606,1,7321
5097,4,1,10,False,5,1,True,False,False,False,0.7483315467834473,6.0,0.7485987544059753,7,8970
5097,5,4,7,False,245,15,True,False,False,False,0.19999998807907104,1.0,0.20396076142787933,5,9890
5097,6,6,5,True,10498,2,False,True,True,True,0.0,0.0,0.5238320827484131,6,8093
5097,7,1,10,False,52,1,True,False,False,False,0.19999998807907104,1.0,0.2009975016117096,2,405
5097,8,2,9,True,10498,1,False,False,False,False,0.2828426957130432,2.0,0.5520870089530945,4,7409
5097,9,8,3,True,10498,1,False,True,True,True,0.0,0.0,0.7714921236038208,8,1963
5097,10,3,8,True,10498,1,False,False,False,False,0.4000000059604645,1.0,0.5071489214897156,4,3826
5097,11,8,3,True,10498,2,False,False,False,False,0.4000000059604645,1.0,0.8119113445281982,9,3317
5097,12,8,3,True,10498,1,False,False,False,False,0.4000000059604645,1.0,0.595986545085907,9,8035
5097,13,11,0,True,10498,1,False,,,,,,0.7927168607711792,11,8035
5097,14,6,5,True,10498,1,False,False,False,False,0.2828426957130432,2.0,0.671118438243866,8,5276
5097,15,7,4,True,10498,2,False,False,False,False,0.4000000059604645,1.0,0.8116649985313416,8,9355
5097,16,5,6,True,10498,1,False,False,False,False,0.2828426957130432,2.0,0.5234500765800476,7,7181
5097,17,6,5,True,10498,2,False,False,False,False,0.3464101552963257,3.0,0.6651315689086914,9,5052
5097,18,8,3,True,10498,1,False,True,True,True,0.0,0.0,0.49315309524536133,8,8035
5097,19,9,2,True,10498,1,False,True,True,True,0.0,0.0,0.7717512845993042,9,1963
5097,20,4,7,True,10498,4,False,False,False,False,0.19999998807907104,1.0,0.3709447383880615,5,561
5097,21,9,2,True,10498,1,False,True,True,True,0.0,0.0,0.7922120690345764,9,8035
5097,22,1,10,False,25,1,True,False,False,False,0.6928203105926514,6.0,0.6931089162826538,7,7924
5097,23,9,2,True,10498,1,False,False,False,False,0.19999998807907104,1.0,0.8459314107894897,10,4838
5097,24,5,6,True,10498,4,False,False,False,False,0.19999998807907104,1.0,0.5157518982887268,6,841
5097,25,3,8,False,220,3,True,True,True,True,0.0,0.0,0.03464100882411003,3,7321
5097,26,5,6,True,10498,1,False,True,True,True,0.0,0.0,0.5234501361846924,5,8269
5097,27,9,2,True,10498,1,False,False,False,False,0.4000000059604645,1.0,0.5963220596313477,10,8035
5097,28,11,0,True,10498,1,False,,,,,,0.7927168607711792,11,8035
5097,29,4,7,True,10498,1,False,False,False,False,0.2828426957130432,2.0,0.5075430870056152,6,422
5097,30,8,3,True,10498,2,False,True,True,True,0.0,0.0,0.5685068368911743,8,2146
5097,31,9,2,True,10498,1,False,False,False,False,0.4472135603427887,2.0,0.6289674043655396,11,6248
9355,0,7,4,True,10498,2,False,False,False,False,0.2828426957130432,2.0,0.5681548714637756,9,5789
9355,1,2,9,False,220,1,True,False,False,False,0.34641018509864807,3.0,0.3475629687309265,5,3317
9355,2,3,8,False,1,1,True,False,False,False,0.6633248925209045,5.0,0.6642288565635681,8,26
9355,3,2,9,False,2,2,True,False,False,False,1.216552495956421,7.0,1.216881275177002,9,7499
9355,4,6,5,True,10498,1,False,True,True,True,0.0,0.0,0.3136877715587616,6,9355
9355,5,10,1,True,10498,1,False,False,False,False,0.6000000238418579,1.0,0.7771744132041931,11,8035
9355,6,5,6,True,10498,1,False,True,True,True,0.0,0.0,0.5674504637718201,5,9355
9355,7,6,5,True,10498,1,False,False,False,False,0.4472135901451111,2.0,0.6280127167701721,8,4062
9355,8,2,9,True,10498,1,False,True,True,True,0.0,0.0,0.4741308093070984,2,9355
9355,9,1,10,False,5,1,True,False,False,False,0.5656854510307312,5.0,0.5660389065742493,6,8970
9355,10,9,2,True,10498,1,False,True,True,True,0.0,0.0,0.7400000095367432,9,9355
9355,11,9,2,True,10498,1,False,True,True,True,0.0,0.0,0.7613146305084229,9,8035
9355,12,9,2,True,10498,1,False,True,True,True,0.0,0.0,0.7068239450454712,9,9355
9355,13,11,0,True,10498,1,False,,,,,,0.7927168607711792,11,8035
9355,14,7,4,True,10498,1,False,False,False,False,0.4472135901451111,2.0,0.6283311247825623,9,4062
9355,15,8,3,True,10498,1,False,False,False,False,0.20000001788139343,1.0,0.7343024611473083,9,3317
9355,16,7,4,True,10498,1,False,False,False,False,0.4472135901451111,2.0,0.6283311247825623,9,4062
9355,17,4,7,True,10498,1,False,True,True,True,0.0,0.0,0.4749737083911896,4,9355
9355,18,10,1,True,10498,1,False,True,True,True,0.0,0.0,0.7924644947052002,10,8035
9355,19,11,0,True,10498,1,False,,,,,,0.7927168607711792,11,8035
9355,20,7,4,True,10498,1,False,True,True,True,0.0,0.0,0.5681549310684204,7,9355
9355,21,9,2,True,10498,2,False,True,True,True,0.0,0.0,0.7068239450454712,9,9355
9355,22,1,10,False,3,1,True,False,False,False,0.5656854510307312,5.0,0.5660389065742493,6,8970
9355,23,8,3,True,10498,1,False,True,True,True,0.0,0.0,0.6717142462730408,8,9355
9355,24,9,2,True,10498,1,False,True,True,True,0.0,0.0,0.7922120690345764,9,8035
9355,25,3,8,False,2,2,True,False,False,False,1.216552495956421,7.0,1.217045545578003,10,7499
9355,26,2,9,False,48,1,True,False,False,False,0.6928203105926514,4.0,0.6933974623680115,6,422
9355,27,4,7,True,10498,1,False,True,True,True,0.0,0.0,0.5230678915977478,4,9355
9355,28,7,4,True,10498,1,False,True,True,True,0.0,0.0,0.6089335083961487,7,9355
9355,29,8,3,True,10498,1,False,False,False,False,0.4472135901451111,2.0,0.6286493539810181,10,4062
9355,30,3,8,True,10498,1,False,False,False,False,0.4472135901451111,2.0,0.5451605319976807,5,4062
9355,31,5,6,True,10498,1,False,False,False,False,0.20000001788139343,1.0,0.43127718567848206,6,3317
3771,0,1,10,False,575,4,True,False,False,False,0.19999998807907104,1.0,0.2009975016117096,2,7996
3771,1,10,1,True,10498,2,False,False,False,False,0.19999998807907104,1.0,0.7668116688728333,11,9355
3771,2,8,3,True,10498,2,False,False,False,False,0.19999998807907104,1.0,0.6412488222122192,9,370
3771,3,11,0,True,10498,1,False,,,,,,0.7927168607711792,11,8035
3771,4,7,4,True,10498,1,False,False,False,False,0.4000000059604645,1.0,0.634665310382843,8,2156
3771,5,6,5,True,10498,1,False,False,False,False,0.2828426957130432,2.0,0.7282856702804565,8,5820
3771,6,9,2,True,10498,1,False,True,True,True,0.0,0.0,0.7613146305084229,9,10010
3771,7,7,4,True,10498,1,False,False,False,False,0.44721361994743347,2.0,0.6654322147369385,9,7244
3771,8,7,4,True,10498,1,False,False,False,False,0.3464101552963257,3.0,0.7866384387016296,10,5579
3771,9,11,0,True,10498,1,False,,,,,,0.7927168607711792,11,8035
3771,10,11,0,True,10498,1,False,,,,,,0.7927168607711792,11,8035
3771,11,9,2,True,10498,1,False,False,False,False,0.19999998807907104,1.0,0.6779381036758423,10,1963
3771,12,8,3,True,10498,1,False,False,False,False,0.4898979663848877,3.0,0.6596969366073608,11,8035
3771,13,1,10,False,10460,2,True,True,True,True,0.0,0.0,0.019999980926513672,1,3771
3771,14,5,6,True,10498,1,False,False,False,False,0.5291503071784973,4.0,0.6884765625,9,4280
3771,15,6,5,True,10498,1,False,True,True,True,0.0,0.0,0.5238320827484131,6,490
3771,16,6,5,True,10498,2,False,False,False,False,0.2828426957130432,2.0,0.5953150987625122,8,3317
3771,17,1,10,False,26,1,True,False,False,False,0.4472135901451111,5.0,0.44766056537628174,6,7805
3771,18,1,10,False,5,1,True,False,False,False,0.9165151715278625,7.0,0.9167333841323853,8,8970
3771,19,8,3,True,10498,1,False,False,False,False,0.20000001788139343,1.0,0.7662897706031799,9,1963
3771,20,3,8,True,10498,1,False,False,False,False,0.2828426957130432,2.0,0.4745524227619171,5,878
3771,21,9,2,True,10498,1,False,True,True,True,0.0,0.0,0.7400000095367432,9,8970
3771,22,5,6,True,10498,1,False,False,False,False,0.19999998807907104,1.0,0.5603570938110352,6,490
3771,23,6,5,True,10498,2,False,False,False,False,0.4000000059604645,1.0,0.5535341501235962,7,1021
3771,24,11,0,True,10498,1,False,,,,,,0.7927168607711792,11,8035
3771,25,8,3,True,10498,1,False,False,False,False,0.2828426957130432,2.0,0.6717142462730408,10,5789
3771,26,9,2,True,10498,1,False,True,True,True,0.0,0.0,0.6477653980255127,9,1963
3771,27,11,0,True,10498,1,False,,,,,,0.7927168607711792,11,8035
3771,28,11,0,True,10498,1,False,,,,,,0.7927168607711792,11,8035
3771,29,6,5,True,10498,4,False,False,False,False,0.4472135901451111,2.0,0.5462599992752075,8,6332
3771,30,10,1,True,10498,1,False,True,True,True,0.0,0.0,0.7720103859901428,10,1963
3771,31,8,3,True,10498,1,False,False,False,False,0.2828426957130432,2.0,0.7065408825874329,10,7181
9906,0,11,0,True,10498,1,False,,,,,,0.7927168607711792,11,8035
9906,1,2,9,False,7,1,True,False,False,False,0.2828426957130432,2.0,0.28425341844558716,4,423
9906,2,3,8,True,10498,1,False,False,False,False,0.2828426957130432,2.0,0.4745524227619171,5,4280
9906,3,3,8,False,48,8,True,True,True,True,0.0,0.0,0.03464100882411003,3,8832
9906,4,7,4,True,10498,1,False,False,False,False,0.20000001788139343,1.0,0.48456165194511414,8,8035
9906,5,2,9,False,1,1,True,False,False,False,1.2489995956420898,9.0,1.2493197917938232,11,53
9906,6,7,4,True,10498,6,False,False,False,False,0.19999998807907104,1.0,0.561070442199707,8,8278
9906,7,4,7,True,10498,8,False,False,False,False,0.20000001788139343,1.0,0.2993325889110565,5,8093
9906,8,9,2,True,10498,1,False,True,True,True,0.0,0.0,0.8219488859176636,9,7244
9906,9,8,3,True,10498,1,False,False,False,False,0.2828426957130432,2.0,0.6717142462730408,10,1963
9906,10,3,8,True,10498,1,False,False,False,False,0.20000001788139343,1.0,0.4303486943244934,4,2830
9906,11,10,1,True,10498,1,False,True,True,True,0.0,0.0,0.7924644947052002,10,8035
9906,12,1,10,False,52,8,True,True,True,True,0.0,0.0,0.019999995827674866,1,9706
9906,13,7,4,True,10498,2,False,False,False,False,0.20000001788139343,1.0,0.755513072013855,8,8035
9906,14,3,8,True,10498,5,False,True,True,True,0.0,0.0,0.4745524525642395,3,9600
9906,15,9,2,True,10498,1,False,False,False,False,0.4000000059604645,1.0,0.5963220596313477,10,8035
9906,16,3,8,True,10498,4,False,True,True,True,0.0,0.0,0.2218107283115387,3,6581
9906,17,4,7,True,10498,2,False,False,False,False,0.2828427255153656,2.0,0.5946427583694458,6,1948
9906,18,10,1,True,10498,1,False,False,False,False,0.20000001788139343,1.0,0.7668116092681885,11,3317
9906,19,3,8,True,10498,1,False,False,False,False,0.3464101552963257,3.0,0.4660472273826599,6,1963
9906,20,11,0,True,10498,1,False,,,,,,0.7927168607711792,11,8035
9906,21,4,7,True,10498,1,False,True,True,True,0.0,0.0,0.5670979022979736,4,1948
9906,22,8,3,True,10498,1,False,True,True,True,0.0,0.0,0.7610518932342529,8,2156
9906,23,9,2,True,10498,1,False,False,False,False,0.2828426957130432,2.0,0.6720119118690491,11,9355
9906,24,11,0,True,10498,1,False,,,,,,0.7927168607711792,11,8035
9906,25,3,8,True,10498,3,False,False,False,False,0.19999998807907104,1.0,0.2986636757850647,4,430
9906,26,4,7,True,10498,1,False,False,False,False,0.2828427255153656,2.0,0.5946427583694458,6,9921
9906,27,3,8,True,10498,1,False,False,False,False,0.20000001788139343,1.0,0.2986637055873871,4,7581
9906,28,4,7,True,10498,1,False,False,False,False,0.19999998807907104,1.0,0.2993325889110565,5,4131
9906,29,4,7,True,10498,1,False,False,False,False,0.20000001788139343,1.0,0.5600000023841858,5,1963
9906,30,6,5,True,10498,1,False,False,False,False,0.3464101552963257,3.0,0.5161395072937012,9,9355
9906,31,4,7,True,10498,5,False,False,False,False,0.20000001788139343,1.0,0.5153639912605286,5,9213
3491,0,10,1,True,10498,1,False,True,True,True,0.0,0.0,0.4939635396003723,10,8035
3491,1,1,10,False,3,1,True,False,False,False,0.8485282063484192,7.0,0.8487638831138611,8,8970
3491,2,10,1,True,10498,2,False,True,True,True,0.0,0.0,0.7402702569961548,10,9355
3491,3,3,8,True,10498,1,False,False,False,False,0.19999998807907104,1.0,0.5149757266044617,4,8024
3491,4,10,1,True,10498,1,False,False,False,False,0.19999998807907104,1.0,0.5761944055557251,11,4062
3491,5,7,4,True,10498,1,False,False,False,False,0.2828426957130432,2.0,0.6714164614677429,9,3317
3491,6,6,5,True,10498,2,False,False,False,False,0.19999998807907104,1.0,0.601996660232544,7,8230
3491,7,2,9,True,10498,1,False,False,False,False,0.19999998807907104,1.0,0.369864821434021,3,9604
3491,8,6,5,True,10498,1,False,False,False,False,0.19999998807907104,1.0,0.7863841652870178,7,5621
3491,9,4,7,True,10498,1,False,False,False,False,0.2828426957130432,2.0,0.523067831993103,6,1479
3491,10,10,1,True,10498,1,False,False,False,False,0.19999998807907104,1.0,0.846167802810669,11,4838
3491,11,4,7,True,10498,1,False,True,True,True,0.0,0.0,0.31240999698638916,4,3128
3491,12,1,10,False,52,8,True,False,False,False,0.4898979365825653,3.0,0.49030601978302,4,9706
3491,13,7,4,True,10498,2,False,True,True,True,0.0,0.0,0.7062578201293945,7,3427
3491,14,2,9,False,25,4,True,False,False,False,0.4472135901451111,2.0,0.44810712337493896,4,720
3491,15,7,4,True,10498,4,False,False,False,False,0.19999998807907104,1.0,0.561070442199707,8,9688
3491,16,6,5,True,10498,1,False,False,False,False,0.2828427255153656,2.0,0.5238320231437683,8,8035
3491,17,1,10,False,10460,19,True,True,True,True,0.0,0.0,0.019999980926513672,1,3125
3491,18,10,1,True,10498,1,False,True,True,True,0.0,0.0,0.7402702569961548,10,8970
3491,19,8,3,True,10498,1,False,False,False,False,0.19999998807907104,1.0,0.484974205493927,9,10463
3491,20,10,1,True,10498,1,False,False,False,False,0.19999998807907104,1.0,0.5761944055557251,11,4062
3491,21,9,2,True,10498,1,False,True,True,True,0.0,0.0,0.7922121286392212,9,8035
3491,22,11,0,True,10498,1,False,,,,,,0.7927168607711792,11,8035
3491,23,9,2,True,10498,1,False,False,False,False,0.19999998807907104,1.0,0.7345747351646423,10,8970
3491,24,2,9,False,25,4,True,False,False,False,0.4472135901451111,2.0,0.44810712337493896,4,720
3491,25,2,9,False,1,1,True,False,False,False,1.1313707828521729,7.0,1.1317243576049805,9,26
3491,26,3,8,True,10498,2,False,False,False,False,0.19999998807907104,1.0,0.3704051673412323,4,6059
3491,27,4,7,True,10498,1,False,False,False,False,0.4472135603427887,5.0,0.6144916415214539,9,7983
3491,28,4,7,True,10498,4,False,False,False,False,0.2828426957130432,2.0,0.5528110265731812,6,9217
3491,29,11,0,True,10498,1,False,,,,,,0.7927168607711792,11,8035
3491,30,7,4,True,10498,1,False,False,False,False,0.20000001788139343,1.0,0.6023288369178772,8,8025
3491,31,1,10,False,1616,56,True,False,False,False,0.19999998807907104,1.0,0.2009975016117096,2,5185
1215,0,4,7,True,10498,1,False,False,False,False,0.2828426957130432,2.0,0.5946427583694458,6,5069
1215,1,5,6,True,10498,1,False,True,True,True,0.0,0.0,0.5234501361846924,5,8269
1215,2,4,7,True,10498,1,False,False,False,False,0.2828426957130432,2.0,0.5528110265731812,6,7231
1215,3,7,4,True,10498,1,False,False,False,False,0.19999998807907104,1.0,0.6773477792739868,8,9921
1215,4,7,4,True,10498,3,False,False,False,False,0.19999998807907104,1.0,0.6409368515014648,8,1947
1215,5,10,1,True,10498,1,False,True,True,True,0.0,0.0,0.761577308177948,10,6248
1215,6,2,9,False,220,4,True,True,True,True,0.0,0.0,0.02828427590429783,2,4040
1215,7,5,6,True,10498,1,False,True,True,True,0.0,0.0,0.382099449634552,5,912
1215,8,10,1,True,10498,1,False,False,False,False,0.19999998807907104,1.0,0.846167802810669,11,4838
1215,9,11,0,True,10498,1,False,,,,,,0.7927168607711792,11,8035
1215,10,11,0,True,10498,1,False,,,,,,0.7927168607711792,11,8035
1215,11,4,7,False,1,1,True,False,False,False,1.0198038816452026,6.0,1.0205880403518677,10,6248
1215,12,8,3,True,10498,1,False,False,False,False,0.44721361994743347,2.0,0.6286493539810181,10,8035
1215,13,5,6,True,10498,1,False,True,True,True,0.0,0.0,0.5674504637718201,5,9659
1215,14,7,4,True,10498,1,False,False,False,False,0.20000001788139343,1.0,0.5751521587371826,8,7244
1215,15,6,5,True,10498,1,False,False,False,False,0.19999998807907104,1.0,0.6406247019767761,7,9931
1215,16,4,7,True,10498,1,False,False,False,False,0.19999998807907104,1.0,0.3709447383880615,5,6811
1215,17,8,3,True,10498,1,False,False,False,False,0.2828426957130432,2.0,0.7065408825874329,10,7181
1215,18,9,2,True,10498,1,False,True,True,True,0.0,0.0,0.8219488859176636,9,7244
1215,19,9,2,True,10498,1,False,False,False,False,0.2828426957130432,2.0,0.7922121286392212,11,5276
1215,20,9,2,True,10498,1,False,True,True,True,0.0,0.0,0.8219488859176636,9,7244
1215,21,5,6,True,10498,1,False,False,False,False,0.4000000059604645,1.0,0.5531726479530334,6,10010
1215,22,5,6,True,10498,2,False,False,False,False,0.19999998807907104,1.0,0.6016644239425659,6,6413
1215,23,10,1,True,10498,1,False,True,True,True,0.0,0.0,0.7924644947052002,10,8035
1215,24,3,8,True,10498,5,False,True,True,True,0.0,0.0,0.3810511827468872,3,6859
1215,25,5,6,True,10498,2,False,False,False,False,0.2828426957130432,2.0,0.6340346932411194,7,3427
1215,26,1,10,False,575,2,True,True,True,True,0.0,0.0,0.019999995827674866,1,7996
1215,27,1,10,False,10460,465,True,True,True,True,0.0,0.0,0.019999980926513672,1,8597
1215,28,1,10,False,5,1,True,False,False,False,1.0198038816452026,7.0,1.0199999809265137,8,8970
1215,29,8,3,True,10498,1,False,False,False,False,0.2828426957130432,2.0,0.7919596433639526,10,5276
1215,30,3,8,True,10498,1,False,False,False,False,0.19999998807907104,1.0,0.6642289161682129,4,7763
1215,31,9,2,True,10498,1,False,True,True,True,0.0,0.0,0.7717512845993042,9,1963
3529,0,4,7,True,10498,1,False,False,False,False,0.4472135901451111,5.0,0.5455272793769836,9,4838
3529,1,10,1,True,10498,1,False,True,True,True,0.0,0.0,0.7924644947052002,10,8035
3529,2,6,5,True,10498,1,False,False,False,False,0.44721361994743347,2.0,0.6280127167701721,8,4062
3529,3,9,2,True,10498,1,False,False,False,False,0.19999998807907104,1.0,0.6779380440711975,10,1963
3529,4,4,7,True,10498,1,False,False,False,False,0.2828426957130432,2.0,0.42142611742019653,6,696
3529,5,6,5,True,10498,1,False,False,False,False,0.19999998807907104,1.0,0.6651315689086914,7,4690
3529,6,9,2,True,10498,1,False,False,False,False,0.19999998807907104,1.0,0.7665507793426514,10,8970
3529,7,4,7,True,10498,1,False,False,False,False,0.5291503071784973,4.0,0.6144917011260986,8,4062
3529,8,1,10,False,26,1,True,False,False,False,0.774596631526947,4.0,0.7748547792434692,5,4139
3529,9,10,1,True,10498,1,False,False,False,False,0.20000001788139343,1.0,0.7874007821083069,11,8035
3529,10,1,10,False,52,1,True,False,False,False,0.2828426957130432,2.0,0.2835489511489868,3,9617
3529,11,6,5,True,10498,1,False,False,False,False,0.19999998807907104,1.0,0.6406247019767761,7,8025
3529,12,2,9,False,52,1,True,False,False,False,0.2828426957130432,2.0,0.28425341844558716,4,9617
3529,13,3,8,False,263,3,True,True,True,True,0.0,0.0,0.034641001373529434,3,3529
3529,14,11,0,True,10498,1,False,,,,,,0.7927168607711792,11,8035
3529,15,2,9,False,2,1,True,False,False,False,1.0954450368881226,6.0,1.0958101749420166,8,26
3529,16,6,5,True,10498,1,False,False,False,False,0.19999998807907104,1.0,0.4841487407684326,7,3317
3529,17,1,10,False,26,1,True,False,False,False,0.774596631526947,4.0,0.7748547792434692,5,4139
3529,18,5,6,True,10498,5,False,False,False,False,0.19999998807907104,1.0,0.5603570342063904,6,5495
3529,19,4,7,True,10498,2,False,False,False,False,0.2828426957130432,2.0,0.4749736785888672,6,7148
3529,20,7,4,True,10498,1,False,False,False,False,0.4898979663848877,3.0,0.6219325065612793,10,4062
3529,21,11,0,True,10498,1,False,,,,,,0.7927168607711792,11,8035
3529,22,6,5,True,10498,5,False,False,False,False,0.19999998807907104,1.0,0.5607138276100159,7,5495
3529,23,4,7,True,10498,1,False,False,False,False,0.19999998807907104,1.0,0.3709447383880615,5,5985
3529,24,5,6,True,10498,1,False,False,False,False,0.2828427255153656,2.0,0.5949790477752686,7,3317
3529,25,10,1,True,10498,1,False,True,True,True,0.0,0.0,0.7924644947052002,10,8035
3529,26,10,1,True,10498,1,False,False,False,False,0.19999998807907104,1.0,0.846167802810669,11,4838
3529,27,5,6,True,10498,1,False,False,False,False,0.2828427255153656,2.0,0.5234500765800476,7,4062
3529,28,7,4,True,10498,1,False,False,False,False,0.2828426957130432,2.0,0.634665310382843,9,3317
3529,29,8,3,True,10498,1,False,False,False,False,0.20000000298023224,1.0,0.6026607751846313,9,3317
3529,30,1,10,False,2981,3,True,True,True,True,0.0,0.0,0.019999995827674866,1,3529
3529,31,11,0,True,10498,1,False,,,,,,0.7927168607711792,11,8035
903,0,9,2,True,10498,1,False,False,False,False,0.20000001788139343,1.0,0.4853864312171936,10,8035
903,1,4,7,True,10498,3,False,False,False,False,0.19999998807907104,1.0,0.43081316351890564,5,1955
903,2,1,10,False,26,6,True,False,False,False,0.2828426957130432,2.0,0.2835489511489868,3,9104
903,3,7,4,True,10498,1,False,False,False,False,0.19999998807907104,1.0,0.7660287618637085,8,9931
903,4,7,4,True,10498,1,False,False,False,False,0.2828426957130432,2.0,0.706257700920105,9,7181
903,5,7,4,True,10498,1,False,False,False,False,0.3464101552963257,3.0,0.6654322147369385,10,3317
903,6,8,3,True,10498,6,False,False,False,False,0.19999998807907104,1.0,0.6026607751846313,9,5990
903,7,11,0,True,10498,1,False,,,,,,0.7927168607711792,11,8035
903,8,8,3,True,10498,1,False,False,False,False,0.2828426957130432,2.0,0.7919596433639526,10,5276
903,9,9,2,True,10498,1,False,False,False,False,0.2828426957130432,2.0,0.8411896228790283,11,4838
903,10,10,1,True,10498,1,False,True,True,True,0.0,0.0,0.8221921920776367,10,7244
903,11,5,6,True,10498,1,False,True,True,True,0.0,0.0,0.382099449634552,5,8538
903,12,8,3,True,10498,1,False,False,False,False,0.4898979365825653,3.0,0.6951258778572083,11,4838
903,13,7,4,True,10498,1,False,False,False,False,0.4472135901451111,2.0,0.5888972878456116,9,6248
903,14,1,10,False,1616,117,True,True,True,True,0.0,0.0,0.02000001072883606,1,9267
903,15,3,8,True,10498,1,False,False,False,False,0.3464101552963257,3.0,0.5451605319976807,6,4512
903,16,5,6,True,10498,1,False,False,False,False,0.19999998807907104,1.0,0.6648308038711548,6,7763
903,17,5,6,True,10498,1,False,False,False,False,0.19999998807907104,1.0,0.43127715587615967,6,4143
903,18,3,8,True,10498,1,False,False,False,False,0.20000001788139343,1.0,0.4303486943244934,4,912
903,19,5,6,True,10498,1,False,False,False,False,0.3464101552963257,3.0,0.6276941895484924,8,6851
903,20,1,10,False,1,1,True,False,False,False,1.4282857179641724,10.0,1.428425669670105,11,53
903,21,10,1,True,10498,1,False,False,False,False,0.19999998807907104,1.0,0.846167802810669,11,4838
903,22,5,6,True,10498,1,False,False,False,False,0.3464101552963257,3.0,0.6276941895484924,8,922
903,23,2,9,False,2,1,True,False,False,False,0.8485281467437744,7.0,0.8489994406700134,9,8970
903,24,6,5,True,10498,1,False,False,False,False,0.2828426957130432,2.0,0.634350061416626,8,1954
903,25,9,2,True,10498,1,False,False,False,False,0.4472135901451111,2.0,0.6660330295562744,11,4062
903,26,8,3,True,10498,1,False,False,False,False,0.44721361994743347,2.0,0.6286493539810181,10,8035
903,27,4,7,True,10498,1,False,False,False,False,0.3464101552963257,3.0,0.5878775715827942,7,2472
903,28,10,1,True,10498,1,False,False,False,False,0.3999999761581421,1.0,0.6723094582557678,11,4062
903,29,7,4,True,10498,1,False,False,False,False,0.2828426957130432,2.0,0.7607890963554382,9,1954
903,30,10,1,True,10498,1,False,True,True,True,0.0,0.0,0.7924644947052002,10,8035
903,31,10,1,True,10498,1,False,True,True,True,0.0,0.0,0.7924644947052002,10,8035
9888,0,4,7,True,10498,1,False,False,False,False,0.19999998807907104,1.0,0.5600000023841858,5,7355
9888,1,7,4,True,10498,2,False,False,False,False,0.3464101552963257,3.0,0.755513072013855,10,8927
9888,2,8,3,True,10498,1,False,False,False,False,0.4472135901451111,2.0,0.6286493539810181,10,8035
9888,3,3,8,True,10498,1,False,False,False,False,0.19999998807907104,1.0,0.3704051673412323,4,6413
9888,4,8,3,True,10498,2,False,False,False,False,0.4472135901451111,2.0,0.7233256697654724,10,3317
9888,5,11,0,True,10498,1,False,,,,,,0.7927168607711792,11,8035
9888,6,4,7,True,10498,1,False,False,False,False,0.19999998807907104,1.0,0.3709447383880615,5,9508
9888,7,8,3,True,10498,1,False,False,False,False,0.4472135901451111,2.0,0.7557777762413025,10,1963
9888,8,5,6,True,10498,1,False,False,False,False,0.3464101552963257,3.0,0.6276941895484924,8,8927
9888,9,1,10,False,52,1,True,False,False,False,0.19999998807907104,1.0,0.2009975016117096,2,405
9888,10,11,0,True,10498,1,False,,,,,,0.7927168607711792,11,8035
9888,11,6,5,True,10498,1,False,True,True,True,0.0,0.0,0.5678027868270874,6,5143
9888,12,11,0,True,10498,1,False,,,,,,0.7927168607711792,11,8035
9888,13,3,8,True,10498,3,False,True,True,True,0.0,0.0,0.4745524525642395,3,1001
9888,14,4,7,False,2,1,True,False,False,False,0.8246211409568787,5.0,0.8255907297134399,9,6248
9888,15,8,3,True,10498,1,False,False,False,False,0.19999998807907104,1.0,0.6776430010795593,9,7181
9888,16,5,6,True,10498,6,False,True,True,True,0.0,0.0,0.5674504637718201,5,6353
9888,17,2,9,False,3,1,True,False,False,False,0.5291502475738525,4.0,0.5299056768417358,6,8970
9888,18,5,6,True,10498,1,False,False,False,False,0.19999998807907104,1.0,0.43127715587615967,6,5149
9888,19,5,6,True,10498,1,False,False,False,False,0.19999998807907104,1.0,0.6016643643379211,6,9182
9888,20,9,2,True,10498,1,False,False,False,False,0.19999998807907104,1.0,0.532541036605835,10,8035
9888,21,5,6,True,10498,1,False,False,False,False,0.5291502475738525,4.0,0.6148170828819275,9,8025
9888,22,11,0,True,10498,1,False,,,,,,0.7927168607711792,11,8035
9888,23,2,9,False,2,1,True,False,False,False,0.800000011920929,5.0,0.8004999160766602,7,8970
9888,24,2,9,False,540,8,True,False,False,False,0.19999998807907104,1.0,0.20199008285999298,3,7078
9888,25,4,7,True,10498,1,False,False,False,False,0.6000000238418579,3.0,0.676461398601532,7,6248
9888,26,5,6,True,10498,1,False,False,False,False,0.3464101552963257,3.0,0.5603570342063904,8,5052
9888,27,5,6,True,10498,1,False,False,False,False,0.3464101552963257,3.0,0.6276941895484924,8,8927
9888,28,8,3,True,10498,1,False,False,False,False,0.19999998807907104,1.0,0.6776430010795593,9,5789
9888,29,7,4,True,10498,1,False,False,False,False,0.19999998807907104,1.0,0.6409368515014648,8,7181
9888,30,8,3,True,10498,1,False,False,False,False,0.4472135901451111,2.0,0.6286493539810181,10,8035
9888,31,10,1,True,10498,1,False,False,False,False,0.19999998807907104,1.0,0.5329164862632751,11,8035
3728,0,9,2,True,10498,2,False,True,True,True,0.0,0.0,0.7400000095367432,9,3317
3728,1,3,8,True,10498,2,False,True,True,True,0.0,0.0,0.5943063497543335,3,7726
3728,2,10,1,True,10498,2,False,True,True,True,0.0,0.0,0.7402702569961548,10,3317
3728,3,9,2,True,10498,1,False,False,False,False,0.20000001788139343,1.0,0.7345747351646423,10,8970
3728,4,1,10,False,52,1,True,False,False,False,0.20000001788139343,1.0,0.20099753141403198,2,421
3728,5,3,8,True,10498,1,False,False,False,False,0.2828426957130432,2.0,0.4209512770175934,5,6083
3728,6,5,6,True,10498,2,False,False,False,False,0.20000001788139343,1.0,0.5603570938110352,6,6052
3728,7,9,2,True,10498,1,False,True,True,True,0.0,0.0,0.7613146305084229,9,10010
3728,8,8,3,True,10498,1,False,True,True,True,0.0,0.0,0.7714921236038208,8,9921
3728,9,6,5,True,10498,1,False,False,False,False,0.4898979365825653,3.0,0.6216108202934265,9,1020
3728,10,6,5,True,10498,1,False,False,False,False,0.2828426957130432,2.0,0.634350061416626,8,5276
3728,11,9,2,True,10498,1,False,True,True,True,0.0,0.0,0.7717512845993042,9,1963
3728,12,8,3,True,10498,1,False,False,False,False,0.19999998807907104,1.0,0.484974205493927,9,10463
3728,13,6,5,True,10498,1,False,True,True,True,0.0,0.0,0.5238320827484131,6,490
3728,14,1,10,False,52,1,True,False,False,False,0.20000001788139343,1.0,0.20099753141403198,2,421
3728,15,11,0,True,10498,1,False,,,,,,0.7927168607711792,11,8035
3728,16,4,7,True,10498,1,False,True,True,True,0.0,0.0,0.4749737083911896,4,490
3728,17,8,3,True,10498,1,False,False,False,False,0.44721361994743347,2.0,0.5892367959022522,10,8035
3728,18,10,1,True,10498,1,False,True,True,True,0.0,0.0,0.7924644947052002,10,8035
3728,19,8,3,True,10498,1,False,False,False,False,0.19999998807907104,1.0,0.6412488222122192,9,8025
3728,20,5,6,True,10498,4,False,False,False,False,0.19999998807907104,1.0,0.3714835047721863,6,8927
3728,21,1,10,False,1,1,True,False,False,False,1.2328827381134033,10.0,1.233044981956482,11,53
3728,22,11,0,True,10498,1,False,,,,,,0.7927168607711792,11,8035
3728,23,7,4,True,10498,2,False,False,False,False,0.3464101552963257,3.0,0.6654322147369385,10,5052
3728,24,2,9,False,1,1,True,False,False,False,1.1661903858184814,9.0,1.166533350944519,11,53
3728,25,5,6,True,10498,1,False,False,False,False,0.2828426957130432,2.0,0.4753945767879486,7,9613
3728,26,4,7,True,10498,1,False,False,False,False,0.19999998807907104,1.0,0.5153639912605286,5,5069
3728,27,11,0,True,10498,1,False,,,,,,0.7927168607711792,11,8035
3728,28,5,6,False,1,1,True,False,False,False,0.9591662883758545,6.0,0.9602082967758179,11,26
3728,29,3,8,True,10498,1,False,False,False,False,0.19999998807907104,1.0,0.2986636757850647,4,8445
3728,30,9,2,True,10498,1,False,False,False,False,0.20000001788139343,1.0,0.7871467471122742,10,8035
3728,31,8,3,True,10498,1,False,True,True,True,0.0,0.0,0.5685068368911743,8,7878
6257,0,11,0,True,10498,1,False,,,,,,0.7927168607711792,11,8035
6257,1,11,0,True,10498,1,False,,,,,,0.7927168607711792,11,8035
6257,2,9,2,True,10498,1,False,False,False,False,0.20000001788139343,1.0,0.7345747351646423,10,9355
6257,3,3,8,False,1,1,True,False,False,False,1.1832159757614136,8.0,1.183722972869873,11,53
6257,4,6,5,True,10498,2,False,False,False,False,0.2828426957130432,2.0,0.475815087556839,8,9493
6257,5,5,6,True,10498,1,False,False,False,False,0.2828427255153656,2.0,0.5949790477752686,7,9921
6257,6,4,7,True,10498,1,False,False,False,False,0.20000001788139343,1.0,0.430813193321228,5,2830
6257,7,1,10,False,5,1,True,False,False,False,0.9380831718444824,8.0,0.938296377658844,9,8970
6257,8,5,6,True,10498,1,False,True,True,True,0.0,0.0,0.44045430421829224,5,10010
6257,9,8,3,True,10498,1,False,False,False,False,0.4000000059604645,1.0,0.595986545085907,9,8035
6257,10,8,3,True,10498,2,False,False,False,False,0.20000001788139343,1.0,0.7343024611473083,9,9355
6257,11,10,1,True,10498,1,False,True,True,True,0.0,0.0,0.4939635396003723,10,8035
6257,12,3,8,False,1,1,True,False,False,False,1.216552495956421,7.0,1.217045545578003,10,6248
6257,13,1,10,False,5,1,True,False,False,False,0.9380831718444824,8.0,0.938296377658844,9,8970
6257,14,1,10,False,1,1,True,False,False,False,1.3856406211853027,10.0,1.3857849836349487,11,53
6257,15,2,9,False,25,3,True,True,True,True,0.0,0.0,0.028284255415201187,2,9137
6257,16,8,3,True,10498,2,False,False,False,False,0.20000001788139343,1.0,0.6026607751846313,9,3317
6257,17,9,2,True,10498,1,False,True,True,True,0.0,0.0,0.49355849623680115,9,8035
6257,18,6,5,True,10498,1,False,False,False,False,0.20000001788139343,1.0,0.7552483081817627,7,7244
6257,19,4,7,True,10498,3,False,True,True,True,0.0,0.0,0.38157567381858826,4,1955
6257,20,2,9,False,1,1,True,False,False,False,1.3564659357070923,8.0,1.356760859489441,10,26
6257,21,10,1,True,10498,1,False,True,True,True,0.0,0.0,0.7924644947052002,10,8035
6257,22,7,4,True,10498,1,False,False,False,False,0.20000001788139343,1.0,0.7866383790969849,8,7244
6257,23,8,3,True,10498,1,False,False,False,False,0.20000001788139343,1.0,0.7343024611473083,9,1963
6257,24,3,8,True,10498,2,False,False,False,False,0.2828426957130432,2.0,0.4209512770175934,5,8306
6257,25,10,1,True,10498,2,False,True,True,True,0.0,0.0,0.7402702569961548,10,3317
6257,26,10,1,True,10498,1,False,True,True,True,0.0,0.0,0.7720103859901428,10,1963
6257,27,8,3,True,10498,1,False,False,False,False,0.20000001788139343,1.0,0.7868925929069519,9,8035
6257,28,7,4,True,10498,1,False,True,True,True,0.0,0.0,0.7394593358039856,7,9921
6257,29,8,3,True,10498,1,False,True,True,True,0.0,0.0,0.7919595837593079,8,7244
6257,30,4,7,True,10498,1,False,True,True,True,0.0,0.0,0.4399999976158142,4,7244
6257,31,4,7,True,10498,2,False,False,False,False,0.2828426957130432,2.0,0.4749736785888672,6,8306
6496,0,5,6,True,10498,2,False,False,False,False,0.44721361994743347,2.0,0.5882176756858826,7,370
6496,1,6,5,True,10498,1,False,False,False,False,0.20000001788139343,1.0,0.5607138276100159,7,9355
6496,2,1,10,False,52,8,True,False,False,False,0.19999998807907104,1.0,0.2009975016117096,2,409
6496,3,8,3,True,10498,1,False,False,False,False,0.4000000059604645,1.0,0.595986545085907,9,8035
6496,4,1,10,False,25,1,True,False,False,False,1.0198038816452026,7.0,1.0199999809265137,8,7924
6496,5,9,2,True,10498,1,False,False,False,False,0.19999998807907104,1.0,0.6779381036758423,10,1963
6496,6,8,3,True,10498,1,False,False,False,False,0.2828426957130432,2.0,0.6349803805351257,10,9355
6496,7,5,6,True,10498,1,False,False,False,False,0.20000001788139343,1.0,0.48373547196388245,6,7244
6496,8,9,2,True,10498,1,False,False,False,False,0.20000001788139343,1.0,0.7665507793426514,10,3317
6496,9,7,4,True,10498,1,False,False,False,False,0.44721361994743347,2.0,0.7230491042137146,9,3317
6496,10,11,0,True,10498,1,False,,,,,,0.7927168607711792,11,8035
6496,11,9,2,True,10498,1,False,True,True,True,0.0,0.0,0.7068239450454712,9,9355
6496,12,11,0,True,10498,1,False,,,,,,0.7927168607711792,11,8035
6496,13,7,4,True,10498,1,False,False,False,False,0.20000001788139343,1.0,0.73403000831604,8,1963
6496,14,7,4,True,10498,1,False,False,False,False,0.2828426957130432,2.0,0.5956509113311768,9,254
6496,15,11,0,True,10498,1,False,,,,,,0.7927168607711792,11,8035
6496,16,3,8,True,10498,1,False,False,False,False,0.44721361994743347,2.0,0.5451605319976807,5,7581
6496,17,7,4,True,10498,1,False,False,False,False,0.20000001788139343,1.0,0.5317894220352173,8,7244
6496,18,10,1,True,10498,1,False,True,True,True,0.0,0.0,0.7924644947052002,10,8035
6496,19,7,4,True,10498,1,False,False,False,False,0.20000001788139343,1.0,0.5317894220352173,8,9921
6496,20,9,2,True,10498,1,False,False,False,False,0.19999998807907104,1.0,0.6779381036758423,10,1963
6496,21,9,2,True,10498,1,False,False,False,False,0.19999998807907104,1.0,0.6415606141090393,10,9355
6496,22,5,6,True,10498,1,False,False,False,False,0.2828426957130432,2.0,0.5234500765800476,7,4280
6496,23,3,8,True,10498,1,False,False,False,False,0.19999998807907104,1.0,0.2986636757850647,4,6312
6496,24,8,3,True,10498,2,False,False,False,False,0.19999998807907104,1.0,0.6412488222122192,9,3317
6496,25,3,8,True,10498,2,False,True,True,True,0.0,0.0,0.2218107283115387,3,3715
6496,26,2,9,False,1,1,True,False,False,False,1.3711308240890503,9.0,1.371422529220581,11,53
6496,27,10,1,True,10498,1,False,True,True,True,0.0,0.0,0.7924644947052002,10,8035
6496,28,4,7,True,10498,2,False,False,False,False,0.19999998807907104,1.0,0.43081316351890564,5,9121
6496,29,10,1,True,10498,1,False,False,False,False,0.20000001788139343,1.0,0.7668116092681885,11,3317
6496,30,2,9,False,23,6,True,False,False,False,0.19999998807907104,1.0,0.20199008285999298,3,7885
6496,31,2,9,True,10498,1,False,False,False,False,0.19999998807907104,1.0,0.2979932725429535,3,6083
7047,0,9,2,True,10498,1,False,True,True,True,0.0,0.0,0.7717512845993042,9,1963
7047,1,6,5,True,10498,8,False,False,False,False,0.20000001788139343,1.0,0.37202149629592896,7,7129
7047,2,2,9,False,2,1,True,False,False,False,0.9797959327697754,8.0,0.9802041053771973,10,8970
7047,3,3,8,False,2,1,True,False,False,False,1.0954450368881226,8.0,1.0959926843643188,11,53
7047,4,10,1,True,10498,1,False,True,True,True,0.0,0.0,0.4939635396003723,10,8035
7047,5,6,5,True,10498,1,False,False,False,False,0.20000001788139343,1.0,0.733757495880127,7,1963
7047,6,3,8,True,10498,1,False,False,False,False,0.40000003576278687,1.0,0.552449107170105,4,10010
7047,7,3,8,True,10498,1,False,False,False,False,0.4000000059604645,4.0,0.5806893110275269,7,5621
7047,8,6,5,True,10498,1,False,False,False,False,0.4000000059604645,1.0,0.8593020439147949,7,2156
7047,9,6,5,True,10498,1,False,True,True,True,0.0,0.0,0.4923413395881653,6,2156
7047,10,7,4,True,10498,1,False,False,False,False,0.20000000298023224,1.0,0.5317894220352173,8,8035
7047,11,9,2,True,10498,2,False,False,False,False,0.4000000059604645,1.0,0.8121576905250549,10,3317
7047,12,10,1,True,10498,1,False,True,True,True,0.0,0.0,0.7720103859901428,10,1963
7047,13,11,0,True,10498,1,False,,,,,,0.7927168607711792,11,8035
7047,14,5,6,True,10498,1,False,False,False,False,0.2828426957130432,2.0,0.6340347528457642,7,1963
7047,15,11,0,True,10498,1,False,,,,,,0.7927168607711792,11,8035
7047,16,3,8,True,10498,1,False,False,False,False,0.44721361994743347,2.0,0.5451605319976807,5,7581
7047,17,10,1,True,10498,1,False,True,True,True,0.0,0.0,0.7924644947052002,10,8035
7047,18,5,6,True,10498,1,False,False,False,False,0.19999998807907104,1.0,0.6884765625,6,6312
7047,19,2,9,False,25,1,True,False,False,False,0.8246211409568787,6.0,0.8251060843467712,8,7924
7047,20,4,7,False,3,1,True,False,False,False,0.3464101552963257,3.0,0.34871190786361694,7,423
7047,21,4,7,True,10498,1,False,False,False,False,0.4000000059604645,1.0,0.5528109669685364,5,2156
7047,22,8,3,True,10498,1,False,False,False,False,0.20000001788139343,1.0,0.7662897706031799,9,1948
7047,23,9,2,True,10498,1,False,True,True,True,0.0,0.0,0.7717512845993042,9,1963
7047,24,8,3,True,10498,1,False,True,True,True,0.0,0.0,0.5396294593811035,8,7244
7047,25,11,0,True,10498,1,False,,,,,,0.7927168607711792,11,8035
7047,26,10,1,True,10498,1,False,True,True,True,0.0,0.0,0.7402702569961548,10,9355
7047,27,4,7,True,10498,1,False,False,False,False,0.4000000059604645,1.0,0.594642698764801,5,7244
7047,28,3,8,True,10498,3,False,True,True,True,0.0,0.0,0.4745524525642395,3,3715
7047,29,10,1,True,10498,1,False,True,True,True,0.0,0.0,0.7402702569961548,10,9355
7047,30,6,5,True,10498,1,False,False,False,False,0.4898979663848877,3.0,0.5817216038703918,9,8035
7047,31,10,1,True,10498,2,False,False,False,False,0.19999998807907104,1.0,0.7668116092681885,11,3317
3108,0,8,3,True,10498,1,False,False,False,False,0.2828426957130432,2.0,0.5245950818061829,10,9355
3108,1,2,9,False,25,3,True,False,False,False,0.5291502475738525,4.0,0.5299056768417358,6,721
3108,2,3,8,False,1,1,True,False,False,False,0.9999999403953552,8.0,1.00059974193573,11,53
3108,3,7,4,True,10498,2,False,False,False,False,0.19999998807907104,1.0,0.8165782690048218,8,5651
3108,4,8,3,True,10498,1,False,False,False,False,0.4472135901451111,2.0,0.8361818194389343,10,9355
3108,5,8,3,True,10498,1,False,False,False,False,0.4472135901451111,2.0,0.6657326817512512,10,4062
3108,6,3,8,True,10498,1,False,False,False,False,0.3464101552963257,3.0,0.5875372290611267,6,9931
3108,7,10,1,True,10498,1,False,True,True,True,0.0,0.0,0.761577308177948,10,6248
3108,8,2,9,False,10410,2,True,True,True,True,0.0,0.0,0.028284244239330292,2,8495
3108,9,7,4,True,10498,1,False,False,False,False,0.19999998807907104,1.0,0.6409368515014648,8,3317
3108,10,4,7,True,10498,1,False,False,False,False,0.3464101552963257,3.0,0.5153639316558838,7,2658
3108,11,2,9,True,10498,3,False,False,False,False,0.4000000059604645,4.0,0.5067543983459473,6,8926
3108,12,10,1,True,10498,1,False,True,True,True,0.0,0.0,0.7924644947052002,10,8035
3108,13,5,6,True,10498,1,False,False,False,False,0.2828426957130432,2.0,0.6340346932411194,7,7980
3108,14,4,7,True,10498,2,False,False,False,False,0.2828426957130432,2.0,0.6337192058563232,6,3535
3108,15,3,8,False,2,1,True,False,False,False,0.5656854510307312,5.0,0.5667451024055481,8,8970
3108,16,5,6,True,10498,1,False,False,False,False,0.2828426957130432,2.0,0.6340346932411194,7,9921
3108,17,11,0,True,10498,1,False,,,,,,0.7927168607711792,11,8035
3108,18,3,8,True,10498,2,False,False,False,False,0.2828426957130432,2.0,0.552449107170105,5,10013
3108,19,9,2,True,10498,1,False,False,False,False,0.4000000059604645,1.0,0.8316249251365662,10,6248
3108,20,4,7,True,10498,1,False,False,False,False,0.2828426957130432,2.0,0.523067831993103,6,8025
3108,21,4,7,True,10498,1,False,False,False,False,0.3464101552963257,3.0,0.6645299196243286,7,9931
3108,22,5,6,True,10498,2,False,False,False,False,0.2828426957130432,2.0,0.6340346932411194,7,1963
3108,23,11,0,True,10498,1,False,,,,,,0.7927168607711792,11,8035
3108,24,5,6,True,10498,2,False,False,False,False,0.2828426957130432,2.0,0.5949790477752686,7,8926
3108,25,7,4,True,10498,1,False,False,False,False,0.4472135901451111,2.0,0.6283311247825623,9,2221
3108,26,10,1,True,10498,1,False,False,False,False,0.19999998807907104,1.0,0.846167802810669,11,4838
3108,27,11,0,True,10498,1,False,,,,,,0.7927168607711792,11,8035
3108,28,9,2,True,10498,1,False,False,False,False,0.44721361994743347,2.0,0.6289674043655396,11,8035
3108,29,5,6,True,10498,1,False,False,False,False,0.4898979663848877,3.0,0.7496666312217712,8,5789
3108,30,5,6,True,10498,1,False,True,True,True,0.0,0.0,0.382099449634552,5,5275
3108,31,10,1,True,10498,1,False,False,False,False,0.3999999761581421,1.0,0.6723094582557678,11,4062
2461,0,10,1,True,10498,1,False,True,True,True,0.0,0.0,0.7924644947052002,10,8035
2461,1,2,9,True,10498,1,False,False,False,False,0.19999998807907104,1.0,0.2979932725429535,3,8573
2461,2,7,4,True,10498,1,False,False,False,False,0.5656854510307312,2.0,0.6832276582717896,9,8035
2461,3,11,0,True,10498,1,False,,,,,,0.7927168607711792,11,8035
2461,4,6,5,True,10498,2,False,True,True,True,0.0,0.0,0.5678027868270874,6,370
2461,5,6,5,True,10498,1,False,False,False,False,0.4472135901451111,2.0,0.5885576009750366,8,10010
2461,6,10,1,True,10498,1,False,True,True,True,0.0,0.0,0.761577308177948,10,6248
2461,7,7,4,True,10498,2,False,False,False,False,0.4472135901451111,2.0,0.7230491042137146,9,9355
2461,8,9,2,True,10498,2,False,False,False,False,0.4000000059604645,1.0,0.8121576905250549,10,3317
2461,9,4,7,True,10498,1,False,True,True,True,0.0,0.0,0.31240999698638916,4,8269
2461,10,11,0,True,10498,1,False,,,,,,0.7927168607711792,11,8035
2461,11,4,7,True,10498,2,False,False,False,False,0.2828426957130432,2.0,0.4749736785888672,6,1021
2461,12,4,7,True,10498,2,False,True,True,True,0.0,0.0,0.4749737083911896,4,8438
2461,13,2,9,False,1,1,True,False,False,False,1.2961480617523193,9.0,1.2964566946029663,11,53
2461,14,9,2,True,10498,1,False,False,False,False,0.19999998807907104,1.0,0.6415606141090393,10,9355
2461,15,7,4,True,10498,1,False,False,False,False,0.19999998807907104,1.0,0.48456165194511414,8,2221
2461,16,4,7,True,10498,1,False,False,False,False,0.19999998807907104,1.0,0.5600000023841858,5,10060
2461,17,3,8,True,10498,3,False,False,False,False,0.3464101552963257,3.0,0.5875372290611267,6,7127
2461,18,9,2,True,10498,1,False,False,False,False,0.4000000059604645,1.0,0.5963220596313477,10,8035
2461,19,8,3,True,10498,1,False,False,False,False,0.2828426957130432,2.0,0.7065408825874329,10,7181
2461,20,2,9,False,23,3,True,False,False,False,0.19999998807907104,1.0,0.20199008285999298,3,720
2461,21,9,2,True,10498,1,False,False,False,False,0.20000001788139343,1.0,0.5325410962104797,10,8035
2461,22,7,4,True,10498,1,False,False,False,False,0.2828426957130432,2.0,0.634665310382843,9,8025
2461,23,2,9,True,10498,10,False,False,False,False,0.3464101552963257,3.0,0.687604546546936,5,9834
2461,24,1,10,False,10460,47,True,True,True,True,0.0,0.0,0.019999980926513672,1,4175
2461,25,8,3,True,10498,1,False,False,False,False,0.4472135901451111,2.0,0.6657326817512512,10,7244
2461,26,1,10,False,2981,93,True,True,True,True,0.0,0.0,0.019999995827674866,1,1823
2461,27,1,10,False,1,1,True,False,False,False,1.4282857179641724,10.0,1.428425669670105,11,53
2461,28,2,9,False,1,1,True,False,False,False,1.2961480617523193,9.0,1.2964566946029663,11,53
2461,29,1,10,False,1,1,True,False,False,False,1.4282857179641724,10.0,1.428425669670105,11,53
2461,30,1,10,False,10460,47,True,True,True,True,0.0,0.0,0.019999980926513672,1,1599
2461,31,11,0,True,10498,1,False,,,,,,0.7927168607711792,11,8035
3928,0,7,4,True,10498,1,False,True,True,True,0.0,0.0,0.6471476554870605,7,1951
3928,1,4,7,True,10498,3,False,False,False,False,0.19999998807907104,1.0,0.5600000023841858,5,1953
3928,2,4,7,True,10498,1,False,False,False,False,0.2828426957130432,2.0,0.42142611742019653,6,7235
3928,3,10,1,True,10498,1,False,True,True,True,0.0,0.0,0.7924644947052002,10,8035
3928,4,4,7,False,1,1,True,False,False,False,0.9380831718444824,5.0,0.9389355778694153,9,26
3928,5,3,8,True,10498,2,False,False,False,False,0.20000001788139343,1.0,0.3704051971435547,4,6818
3928,6,6,5,True,10498,1,False,False,False,False,0.4472135901451111,2.0,0.722772479057312,8,9355
3928,7,1,10,False,2981,24,True,True,True,True,0.0,0.0,0.019999995827674866,1,9700
3928,8,1,10,False,26,3,True,False,False,False,0.20000001788139343,1.0,0.20099753141403198,2,721
3928,9,5,6,True,10498,1,False,False,False,False,0.19999998807907104,1.0,0.43127715587615967,6,9671
3928,10,4,7,True,10498,3,False,False,False,False,0.19999998807907104,1.0,0.5153639912605286,5,3715
3928,11,4,7,True,10498,5,False,False,False,False,0.20000001788139343,1.0,0.466476172208786,5,721
3928,12,3,8,False,2,1,True,True,True,True,0.0,0.0,0.034641001373529434,3,4139
3928,13,3,8,True,10498,1,False,True,True,True,0.0,0.0,0.31176915764808655,3,6059
3928,14,5,6,True,10498,1,False,True,True,True,0.0,0.0,0.5234501361846924,5,5637
3928,15,11,0,True,10498,1,False,,,,,,0.7927168607711792,11,8035
3928,16,6,5,True,10498,1,False,False,False,False,0.2828426957130432,2.0,0.7282856702804565,8,7231
3928,17,8,3,True,10498,1,False,False,False,False,0.19999998807907104,1.0,0.7343024611473083,9,9355
3928,18,11,0,True,10498,1,False,,,,,,0.7927168607711792,11,8035
3928,19,9,2,True,10498,1,False,False,False,False,0.19999998807907104,1.0,0.7345747351646423,10,9355
3928,20,3,8,True,10498,4,False,False,False,False,0.19999998807907104,1.0,0.2986636757850647,4,35
3928,21,8,3,True,10498,1,False,False,False,False,0.4472135901451111,2.0,0.7557777762413025,10,5789
3928,22,6,5,True,10498,1,False,False,False,False,0.5656854510307312,2.0,0.6829348802566528,8,8035
3928,23,10,1,True,10498,2,False,False,False,False,0.19999998807907104,1.0,0.7668116092681885,11,3317
3928,24,7,4,True,10498,1,False,False,False,False,0.3464101552963257,3.0,0.8067218065261841,10,4838
3928,25,4,7,True,10498,2,False,False,False,False,0.3464101552963257,3.0,0.5878775715827942,7,10051
3928,26,2,9,True,10498,5,False,False,False,False,0.3464101552963257,3.0,0.4656178653240204,5,6083
3928,27,3,8,True,10498,1,False,True,True,True,0.0,0.0,0.4745524227619171,3,6059
3928,28,5,6,True,10498,1,False,False,False,False,0.20000001788139343,1.0,0.5157518982887268,6,4690
3928,29,4,7,True,10498,1,False,True,True,True,0.0,0.0,0.6337192058563232,4,6922
3928,30,7,4,True,10498,1,False,False,False,False,0.2828426957130432,2.0,0.5242136716842651,9,5789
3928,31,2,9,False,23,3,True,True,True,True,0.0,0.0,0.02828427590429783,2,721
1713,0,2,9,False,296,8,True,False,False,False,0.19999998807907104,1.0,0.20199008285999298,3,2126
1713,1,3,8,True,10498,1,False,False,False,False,0.19999998807907104,1.0,0.5149757266044617,4,9146
1713,2,6,5,True,10498,1,False,False,False,False,0.19999998807907104,1.0,0.37202146649360657,7,9508
1713,3,11,0,True,10498,1,False,,,,,,0.7927168607711792,11,8035
1713,4,1,10,False,3,1,True,False,False,False,1.0198038816452026,7.0,1.0199999809265137,8,8970
1713,5,4,7,True,10498,3,False,False,False,False,0.3464101552963257,3.0,0.5455272793769836,7,3902
1713,6,11,0,True,10498,1,False,,,,,,0.7927168607711792,11,8035
1713,7,3,8,True,10498,1,False,False,False,False,0.19999998807907104,1.0,0.5149757266044617,4,7763
1713,8,1,10,False,3,1,True,False,False,False,1.0198038816452026,7.0,1.0199999809265137,8,8970
1713,9,5,6,True,10498,3,False,False,False,False,0.19999998807907104,1.0,0.48373547196388245,6,1947
1713,10,11,0,True,10498,1,False,,,,,,0.7927168607711792,11,8035
1713,11,11,0,True,10498,1,False,,,,,,0.7927168607711792,11,8035
1713,12,4,7,True,10498,2,False,True,True,True,0.0,0.0,0.780768871307373,4,7710
1713,13,3,8,True,10498,1,False,True,True,True,0.0,0.0,0.31176915764808655,3,6059
1713,14,7,4,True,10498,1,False,False,False,False,0.3464101552963257,3.0,0.7005712389945984,10,5276
1713,15,4,7,True,10498,1,False,False,False,False,0.2828426957130432,2.0,0.5528109669685364,6,2472
1713,16,5,6,True,10498,5,False,False,False,False,0.4000000059604645,1.0,0.6587867736816406,6,9213
1713,17,9,2,True,10498,1,False,True,True,True,0.0,0.0,0.7613146305084229,9,6248
1713,18,10,1,True,10498,1,False,True,True,True,0.0,0.0,0.7924644947052002,10,8035
1713,19,9,2,True,10498,1,False,False,False,False,0.19999998807907104,1.0,0.6415606141090393,10,9355
1713,20,9,2,True,10498,1,False,True,True,True,0.0,0.0,0.6477653980255127,9,1963
1713,21,2,9,True,10498,2,False,False,False,False,0.2828426957130432,2.0,0.5520870089530945,4,9834
1713,22,11,0,True,10498,1,False,,,,,,0.7927168607711792,11,8035
1713,23,3,8,True,10498,1,False,False,False,False,0.2828426957130432,2.0,0.5071489214897156,5,8289
1713,24,11,0,True,10498,1,False,,,,,,0.7927168607711792,11,8035
1713,25,11,0,True,10498,1,False,,,,,,0.7927168607711792,11,8035
1713,26,2,9,False,48,2,True,True,True,True,0.0,0.0,0.02828427590429783,2,369
1713,27,2,9,False,1,1,True,False,False,False,1.0198038816452026,7.0,1.0201960802078247,9,8970
1713,28,3,8,False,1,1,True,False,False,False,1.0954450368881226,8.0,1.0959926843643188,11,53
1713,29,9,2,True,10498,1,False,False,False,False,0.2828426957130432,2.0,0.7068238854408264,11,7181
1713,30,6,5,True,10498,1,False,False,False,False,0.3999999761581421,1.0,0.6590902805328369,7,830
1713,31,2,9,False,2,1,True,False,False,False,0.8246211409568787,6.0,0.8251060843467712,8,8970
4601,0,1,10,False,5,1,True,False,False,False,0.8485282063484192,7.0,0.8487638831138611,8,8970
4601,1,3,8,True,10498,1,False,False,False,False,0.19999998807907104,1.0,0.5149757266044617,4,9834
4601,2,3,8,True,10498,1,False,False,False,False,0.2828426957130432,2.0,0.5071489214897156,5,10445
4601,3,9,2,True,10498,1,False,False,False,False,0.20000001788139343,1.0,0.8170679211616516,10,7244
4601,4,5,6,True,10498,2,False,False,False,False,0.3464101552963257,3.0,0.4669046998023987,8,8970
4601,5,7,4,True,10498,1,False,False,False,False,0.3464101552963257,3.0,0.7555131316184998,10,9355
4601,6,7,4,True,10498,1,False,False,False,False,0.2828426957130432,2.0,0.634665310382843,9,5276
4601,7,11,0,True,10498,1,False,,,,,,0.7927168607711792,11,8035
4601,8,2,9,True,10498,1,False,False,False,False,0.3464101552963257,3.0,0.4656178653240204,5,2658
4601,9,8,3,True,10498,1,False,False,False,False,0.20000001788139343,1.0,0.8168231248855591,9,7244
4601,10,7,4,True,10498,2,False,False,False,False,0.19999998807907104,1.0,0.8165782690048218,8,5651
4601,11,10,1,True,10498,1,False,False,False,False,0.20000001788139343,1.0,0.7874007821083069,11,8035
4601,12,3,8,True,10498,1,False,True,True,True,0.0,0.0,0.31176915764808655,3,490
4601,13,5,6,True,10498,1,False,False,False,False,0.3464101552963257,3.0,0.5603570342063904,8,9671
4601,14,2,9,True,10498,1,False,False,False,False,0.2828426957130432,2.0,0.3588871657848358,4,5158
4601,15,7,4,True,10498,2,False,False,False,False,0.2828426957130432,2.0,0.6714164614677429,9,7181
4601,16,11,0,True,10498,1,False,,,,,,0.7927168607711792,11,8035
4601,17,4,7,True,10498,1,False,True,True,True,0.0,0.0,0.31240999698638916,4,9326
4601,18,4,7,True,10498,1,False,True,True,True,0.0,0.0,0.5230678915977478,4,8914
4601,19,3,8,True,10498,2,False,False,False,False,0.19999998807907104,1.0,0.2986636757850647,4,9922
4601,20,4,7,False,1,1,True,False,False,False,0.5291502475738525,4.0,0.5306599736213684,8,9617
4601,21,2,9,False,1,1,True,False,False,False,1.1135529279708862,9.0,1.1139119863510132,11,53
4601,22,10,1,True,10498,1,False,True,True,True,0.0,0.0,0.7402702569961548,10,3317
4601,23,10,1,True,10498,1,False,True,True,True,0.0,0.0,0.8221921920776367,10,7244
4601,24,2,9,True,10498,1,False,False,False,False,0.2828426957130432,2.0,0.42047590017318726,4,2628
4601,25,2,9,True,10498,2,False,False,False,False,0.4472135901451111,2.0,0.651766836643219,4,2628
4601,26,2,9,False,23,6,True,False,False,False,0.2828426957130432,2.0,0.28425338864326477,4,7885
4601,27,5,6,True,10498,7,False,False,False,False,0.19999998807907104,1.0,0.29999998211860657,6,5749
4601,28,10,1,True,10498,1,False,False,False,False,0.19999998807907104,1.0,0.5329164862632751,11,8035
4601,29,6,5,True,10498,1,False,False,False,False,0.2828426957130432,2.0,0.475815087556839,8,8970
4601,30,8,3,True,10498,1,False,False,False,False,0.20000001788139343,1.0,0.7557777762413025,9,10010
4601,31,5,6,True,10498,1,False,False,False,False,0.4000000059604645,4.0,0.5079370141029358,9,6248
5111,0,8,3,True,10498,1,False,False,False,False,0.19999998807907104,1.0,0.6412488222122192,9,3317
5111,1,5,6,True,10498,1,False,False,False,False,0.19999998807907104,1.0,0.6016643643379211,6,9355
5111,2,11,0,True,10498,1,False,,,,,,0.7927168607711792,11,8035
5111,3,1,10,False,575,1,True,False,False,False,0.19999998807907104,1.0,0.2009975016117096,2,2126
5111,4,11,0,True,10498,1,False,,,,,,0.7927168607711792,11,8035
5111,5,10,1,True,10498,1,False,True,True,True,0.0,0.0,0.761577308177948,10,6248
5111,6,9,2,True,10498,1,False,True,True,True,0.0,0.0,0.7922120690345764,9,8035
5111,7,7,4,True,10498,7,False,False,False,False,0.19999998807907104,1.0,0.561070442199707,8,9820
5111,8,5,6,True,10498,11,False,False,False,False,0.20000001788139343,1.0,0.5603570938110352,6,370
5111,9,3,8,True,10498,3,False,False,False,False,0.3464101552963257,3.0,0.5875372290611267,6,536
5111,10,4,7,True,10498,1,False,False,False,False,0.3464101552963257,3.0,0.6645299196243286,7,7181
5111,11,2,9,False,4,1,True,False,False,False,0.7483314871788025,5.0,0.7488658428192139,7,6248
5111,12,9,2,True,10498,1,False,False,False,False,0.4000000059604645,1.0,0.8121576905250549,10,9355
5111,13,2,9,True,10498,3,False,False,False,False,0.3464101552963257,3.0,0.5447935461997986,5,5392
5111,14,3,8,False,1,1,True,False,False,False,1.095445156097412,7.0,1.0959926843643188,10,26
5111,15,7,4,True,10498,1,False,False,False,False,0.2828426957130432,2.0,0.7285602688789368,9,8927
5111,16,6,5,True,10498,7,False,False,False,False,0.19999998807907104,1.0,0.5607138276100159,7,9628
5111,17,5,6,True,10498,1,False,False,False,False,0.2828426957130432,2.0,0.5531727075576782,7,5621
5111,18,4,7,False,2,1,True,False,False,False,0.4472135901451111,2.0,0.44899889826774597,6,9617
5111,19,7,4,True,10498,1,False,False,False,False,0.2828426957130432,2.0,0.8116649985313416,9,5621
5111,20,3,8,True,10498,1,False,False,False,False,0.19999998807907104,1.0,0.3704051673412323,4,9677
5111,21,11,0,True,10498,1,False,,,,,,0.7927168607711792,11,8035
5111,22,8,3,True,10498,2,False,False,False,False,0.4472135901451111,2.0,0.8361818790435791,10,9355
5111,23,11,0,True,10498,1,False,,,,,,0.7927168607711792,11,8035
5111,24,5,6,True,10498,1,False,False,False,False,0.2828426957130432,2.0,0.5234500765800476,7,1963
5111,25,2,9,False,7,1,True,False,False,False,0.6928203105926514,4.0,0.6933974623680115,6,8838
5111,26,3,8,False,3,2,True,False,False,False,0.2828426957130432,2.0,0.2849561274051666,5,418
5111,27,4,7,True,10498,1,False,False,False,False,0.2828426957130432,2.0,0.727736234664917,6,6851
5111,28,7,4,True,10498,1,False,False,False,False,0.2828426957130432,2.0,0.5242136716842651,9,3317
5111,29,11,0,True,10498,1,False,,,,,,0.7927168607711792,11,8035
5111,30,1,10,False,3,1,True,False,False,False,0.7211102843284607,7.0,0.7213875651359558,8,8970
5111,31,1,10,False,52,1,True,False,False,False,0.19999998807907104,1.0,0.2009975016117096,2,405
7182,0,6,5,True,10498,1,False,False,False,False,0.44721361994743347,2.0,0.6280127167701721,8,7244
7182,1,1,10,False,1616,2,True,True,True,True,0.0,0.0,0.02000001072883606,1,7182
7182,2,4,7,True,10498,2,False,False,False,False,0.19999998807907104,1.0,0.430813193321228,5,10081
7182,3,2,9,True,10498,5,False,False,False,False,0.3464101552963257,3.0,0.4656178653240204,5,8732
7182,4,7,4,True,10498,1,False,False,False,False,0.20000001788139343,1.0,0.5317894220352173,8,7244
7182,5,10,1,True,10498,2,False,False,False,False,0.19999998807907104,1.0,0.7668116688728333,11,9355
7182,6,6,5,True,10498,1,False,True,True,True,0.0,0.0,0.4923413395881653,6,2156
7182,7,4,7,True,10498,1,False,False,False,False,0.2828427255153656,2.0,0.6337192058563232,6,2658
7182,8,10,1,True,10498,1,False,True,True,True,0.0,0.0,0.8221921920776367,10,7244
7182,9,6,5,True,10498,1,False,False,False,False,0.2828426957130432,2.0,0.5953150391578674,8,9355
7182,10,5,6,True,10498,1,False,False,False,False,0.19999998807907104,1.0,0.43127715587615967,6,8230
7182,11,5,6,True,10498,3,False,False,False,False,0.2828426957130432,2.0,0.4219004213809967,7,6811
7182,12,8,3,True,10498,1,False,False,False,False,0.20000001788139343,1.0,0.7868925929069519,9,8035
7182,13,8,3,True,10498,2,False,False,False,False,0.2828426957130432,2.0,0.7610519528388977,10,9355
7182,14,7,4,True,10498,1,False,False,False,False,0.3464101552963257,3.0,0.7555131316184998,10,9355
7182,15,6,5,True,10498,1,False,False,False,False,0.2828426957130432,2.0,0.7282856702804565,8,9931
7182,16,4,7,False,7,1,True,False,False,False,0.4000000059604645,1.0,0.4019950330257416,5,8838
7182,17,1,10,False,26,6,True,False,False,False,0.4472135901451111,2.0,0.4476605951786041,3,9104
7182,18,4,7,True,10498,1,False,False,False,False,0.20000001788139343,1.0,0.466476172208786,5,490
7182,19,6,5,True,10498,1,False,False,False,False,0.44721361994743347,2.0,0.5885576009750366,8,2156
7182,20,11,0,True,10498,1,False,,,,,,0.7927168607711792,11,8035
7182,21,1,10,False,10411,2,True,True,True,True,0.0,0.0,0.019999980926513672,1,7182
7182,22,7,4,True,10498,2,False,False,False,False,0.3464101552963257,3.0,0.7555131316184998,10,9355
7182,23,4,7,True,10498,2,False,False,False,False,0.20000001788139343,1.0,0.5153639912605286,5,7187
7182,24,9,2,True,10498,2,False,False,False,False,0.19999998807907104,1.0,0.6415606141090393,10,3317
7182,25,5,6,True,10498,1,False,False,False,False,0.20000001788139343,1.0,0.7000000476837158,6,3317
7182,26,1,10,False,5,1,True,False,False,False,0.8717797994613647,8.0,0.8720092177391052,9,8970
7182,27,1,10,False,1616,2,True,True,True,True,0.0,0.0,0.02000001072883606,1,8418
7182,28,11,0,True,10498,1,False,,,,,,0.7927168607711792,11,8035
7182,29,1,10,False,3,1,True,False,False,False,0.800000011920929,8.0,0.8002499938011169,9,8970
7182,30,10,1,True,10498,1,False,True,True,True,0.0,0.0,0.7924644947052002,10,8035
7182,31,8,3,True,10498,1,False,False,False,False,0.20000001788139343,1.0,0.7557777762413025,9,8035
5130,0,10,1,True,10498,1,False,True,True,True,0.0,0.0,0.7924644947052002,10,8035
5130,1,9,2,True,10498,1,False,True,True,True,0.0,0.0,0.7717512845993042,9,9921
5130,2,5,6,True,10498,1,False,False,False,False,0.3999999761581421,4.0,0.6587867736816406,9,7183
5130,3,2,9,True,10498,5,False,False,False,False,0.20000001788139343,1.0,0.4656178951263428,3,720
5130,4,2,9,False,510,2,True,True,True,True,0.0,0.0,0.028284255415201187,2,7996
5130,5,8,3,True,10498,1,False,False,False,False,0.4000000059604645,1.0,0.8597674369812012,9,2156
5130,6,5,6,True,10498,1,False,False,False,False,0.19999998807907104,1.0,0.5310367345809937,6,9671
5130,7,11,0,True,10498,1,False,,,,,,0.7927168607711792,11,8035
5130,8,9,2,True,10498,1,False,True,True,True,0.0,0.0,0.7400000095367432,9,8970
5130,9,10,1,True,10498,2,False,True,True,True,0.0,0.0,0.7402702569961548,10,3317
5130,10,4,7,True,10498,3,False,False,False,False,0.19999998807907104,1.0,0.3709447383880615,5,8093
5130,11,1,10,False,1,1,True,False,False,False,1.3856406211853027,10.0,1.3857848644256592,11,53
5130,12,3,8,True,10498,2,False,False,False,False,0.2828426957130432,2.0,0.5524490475654602,5,6392
5130,13,2,9,False,1,1,True,False,False,False,1.0198038816452026,7.0,1.0201960802078247,9,8970
5130,14,9,2,True,10498,2,False,False,False,False,0.19999998807907104,1.0,0.7665507793426514,10,3317
5130,15,6,5,True,10498,1,False,False,False,False,0.3464101552963257,3.0,0.6651315689086914,9,5049
5130,16,10,1,True,10498,1,False,False,False,False,0.3999999761581421,1.0,0.6723094582557678,11,4062
5130,17,9,2,True,10498,1,False,True,True,True,0.0,0.0,0.7400000095367432,9,1963
5130,18,8,3,True,10498,1,False,False,False,False,0.5656853914260864,2.0,0.6835203170776367,10,6248
5130,19,9,2,True,10498,2,False,True,True,True,0.0,0.0,0.7400000095367432,9,9355
5130,20,7,4,True,10498,1,False,False,False,False,0.20000001788139343,1.0,0.8165782690048218,8,2156
5130,21,1,10,False,10411,465,True,True,True,True,0.0,0.0,0.019999980926513672,1,5271
5130,22,9,2,True,10498,2,False,False,False,False,0.4000000059604645,1.0,0.8121576905250549,10,9355
5130,23,5,6,True,10498,9,False,False,False,False,0.19999998807907104,1.0,0.5603570342063904,6,4901
5130,24,8,3,True,10498,1,False,False,False,False,0.3999999761581421,1.0,0.595986545085907,9,6248
5130,25,11,0,True,10498,1,False,,,,,,0.7927168607711792,11,8035
5130,26,9,2,True,10498,1,False,True,True,True,0.0,0.0,0.7613146305084229,9,6248
5130,27,7,4,True,10498,2,False,False,False,False,0.2828426957130432,2.0,0.7285602688789368,9,10051
5130,28,6,5,True,10498,1,False,True,True,True,0.0,0.0,0.7391887307167053,6,1948
5130,29,6,5,True,10498,1,False,True,True,True,0.0,0.0,0.5678027868270874,6,9182
5130,30,10,1,True,10498,1,False,True,True,True,0.0,0.0,0.7924644947052002,10,8035
5130,31,10,1,True,10498,1,False,True,True,True,0.0,0.0,0.761577308177948,10,6248
1571,0,6,5,True,10498,3,False,False,False,False,0.2828426957130432,2.0,0.4758150577545166,8,2582
1571,1,7,4,True,10498,2,False,True,True,True,0.0,0.0,0.6714164614677429,7,7229
1571,2,2,9,False,220,4,True,False,False,False,0.4000000059604645,1.0,0.4009987711906433,3,7067
1571,3,7,4,True,10498,1,False,False,False,False,0.2828426957130432,2.0,0.5242136716842651,9,6248
1571,4,4,7,True,10498,1,False,True,True,True,0.0,0.0,0.4749737083911896,4,5790
1571,5,7,4,True,10498,1,False,False,False,False,0.4472135901451111,2.0,0.5888972878456116,9,6248
1571,6,7,4,True,10498,1,False,False,False,False,0.4000000059604645,1.0,0.7285602688789368,8,1963
1571,7,9,2,True,10498,1,False,False,False,False,0.4472135901451111,2.0,0.9097252488136292,11,7244
1571,8,1,10,False,25,1,True,False,False,False,0.6324555277824402,7.0,0.6327716708183289,8,1157
1571,9,1,10,False,10460,263,True,True,True,True,0.0,0.0,0.019999980926513672,1,1438
1571,10,9,2,True,10498,1,False,False,False,False,0.2828426957130432,2.0,0.6720119118690491,11,3317
1571,11,6,5,True,10498,1,False,False,False,False,0.3464101552963257,3.0,0.7002856731414795,9,5276
1571,12,1,10,False,2981,110,True,True,True,True,0.0,0.0,0.019999995827674866,1,1496
1571,13,2,9,False,3,1,True,False,False,False,0.7211102843284607,7.0,0.7216647863388062,9,8970
1571,14,11,0,True,10498,1,False,,,,,,0.7927168607711792,11,8035
1571,15,10,1,True,10498,2,False,False,False,False,0.19999998807907104,1.0,0.7668116688728333,11,9355
1571,16,11,0,True,10498,1,False,,,,,,0.7927168607711792,11,8035
1571,17,10,1,True,10498,2,False,True,True,True,0.0,0.0,0.7402702569961548,10,3317
1571,18,4,7,True,10498,1,False,False,False,False,0.3999999761581421,4.0,0.65848308801651,8,1954
1571,19,1,10,False,52,1,True,False,False,False,0.4898979663848877,3.0,0.4903060495853424,4,10023
1571,20,4,7,True,10498,2,False,True,True,True,0.0,0.0,0.4749737083911896,4,5479
1571,21,10,1,True,10498,1,False,True,True,True,0.0,0.0,0.7720103859901428,10,1963
1571,22,9,2,True,10498,1,False,True,True,True,0.0,0.0,0.7717512845993042,9,1963
1571,23,10,1,True,10498,1,False,False,False,False,0.19999998807907104,1.0,0.8461678624153137,11,7244
1571,24,4,7,True,10498,1,False,False,False,False,0.2828426957130432,2.0,0.727736234664917,6,5800
1571,25,10,1,True,10498,1,False,True,True,True,0.0,0.0,0.761577308177948,10,6248
1571,26,2,9,False,2,1,True,False,False,False,0.8485281467437744,7.0,0.8489995002746582,9,8970
1571,27,3,8,True,10498,1,False,False,False,False,0.5291503071784973,4.0,0.6141660809516907,7,8025
1571,28,1,10,False,5,1,True,False,False,False,0.8717797994613647,7.0,0.8720092177391052,8,6248
1571,29,2,9,False,25,1,True,False,False,False,0.4898979365825653,6.0,0.4907137155532837,8,1157
1571,30,5,6,True,10498,2,False,False,False,False,0.19999998807907104,1.0,0.6016643643379211,6,2209
1571,31,8,3,True,10498,1,False,False,False,False,0.6000000238418579,3.0,0.7451174855232239,11,4062
9678,0,11,0,True,10498,1,False,,,,,,0.7927168607711792,11,8035
9678,1,3,8,True,10498,1,False,True,True,True,0.0,0.0,0.6334035396575928,3,5621
9678,2,2,9,False,296,4,True,True,True,True,0.0,0.0,0.028284266591072083,2,237
9678,3,8,3,True,10498,1,False,False,False,False,0.44721361994743347,2.0,0.7233256697654724,10,8970
9678,4,8,3,True,10498,1,False,False,False,False,0.2828426957130432,2.0,0.5245950818061829,10,1020
9678,5,9,2,True,10498,1,False,False,False,False,0.20000001788139343,1.0,0.6415606141090393,10,3317
9678,6,6,5,True,10498,1,False,False,False,False,0.19999998807907104,1.0,0.601996660232544,7,9355
9678,7,2,9,False,2945,4,True,True,True,True,0.0,0.0,0.028284255415201187,2,5636
9678,8,3,8,False,1,1,True,False,False,False,0.8485281467437744,4.0,0.8492349982261658,7,26
9678,9,9,2,True,10498,1,False,False,False,False,0.19999998807907104,1.0,0.5758471488952637,10,4838
9678,10,5,6,True,10498,1,False,False,False,False,0.4898979663848877,3.0,0.5813777446746826,8,4062
9678,11,8,3,True,10498,1,False,False,False,False,0.4000000059604645,1.0,0.634980320930481,9,4062
9678,12,10,1,True,10498,1,False,True,True,True,0.0,0.0,0.7924644947052002,10,8035
9678,13,8,3,True,10498,1,False,False,False,False,0.4000000059604645,1.0,0.634980320930481,9,4062
9678,14,4,7,True,10498,1,False,True,True,True,0.0,0.0,0.31240999698638916,4,6025
9678,15,8,3,True,10498,1,False,False,False,False,0.20000001788139343,1.0,0.7662897706031799,9,3317
9678,16,1,10,False,10460,4,True,True,True,True,0.0,0.0,0.019999980926513672,1,237
9678,17,9,2,True,10498,1,False,False,False,False,0.19999998807907104,1.0,0.8459314703941345,10,6851
9678,18,1,10,False,3,1,True,False,False,False,0.7745966911315918,6.0,0.7748548984527588,7,8970
9678,19,8,3,True,10498,1,False,False,False,False,0.19999998807907104,1.0,0.5321654081344604,9,9867
9678,20,1,10,False,10460,4,True,True,True,True,0.0,0.0,0.019999980926513672,1,9678
9678,21,6,5,True,10498,1,False,False,False,False,0.2828426957130432,2.0,0.634350061416626,8,8970
9678,22,2,9,False,1,1,True,False,False,False,1.1489125490188599,7.0,1.1492606401443481,9,53
9678,23,3,8,False,1,1,True,False,False,False,0.7211102247238159,4.0,0.7219418883323669,7,26
9678,24,7,4,True,10498,1,False,False,False,False,0.4898979663848877,3.0,0.831143856048584,10,3317
9678,25,1,10,False,1,1,True,False,False,False,1.216552495956421,8.0,1.2167168855667114,9,53
9678,26,10,1,True,10498,1,False,True,True,True,0.0,0.0,0.7924644947052002,10,8035
9678,27,5,6,True,10498,1,False,False,False,False,0.2828427255153656,2.0,0.4753945767879486,7,4062
9678,28,1,10,False,26,1,True,False,False,False,0.7483314871788025,3.0,0.7485986351966858,4,4139
9678,29,9,2,True,10498,2,False,True,True,True,0.0,0.0,0.7400000095367432,9,9355
9678,30,7,4,True,10498,1,False,False,False,False,0.19999998807907104,1.0,0.5317894220352173,8,9867
9678,31,4,7,True,10498,4,False,True,True,True,0.0,0.0,0.22271056473255157,4,2852
5170,0,8,3,True,10498,2,False,False,False,False,0.19999998807907104,1.0,0.6412488222122192,9,3317
5170,1,8,3,True,10498,1,False,False,False,False,0.5656854510307312,2.0,0.7177743315696716,10,8035
5170,2,2,9,False,2945,24,True,True,True,True,0.0,0.0,0.028284255415201187,2,9170
5170,3,1,10,False,1616,3,True,False,False,False,0.4000000059604645,1.0,0.40049970149993896,2,7321
5170,4,10,1,True,10498,1,False,True,True,True,0.0,0.0,0.7924644947052002,10,8035
5170,5,2,9,False,1,1,True,False,False,False,1.0770329236984253,7.0,1.077404260635376,9,26
5170,6,7,4,True,10498,1,False,False,False,False,0.20000001788139343,1.0,0.6773477792739868,8,7181
5170,7,8,3,True,10498,1,False,False,False,False,0.2828426957130432,2.0,0.5245950818061829,10,9355
5170,8,1,10,False,10411,24,True,True,True,True,0.0,0.0,0.019999980926513672,1,2665
5170,9,8,3,True,10498,1,False,True,True,True,0.0,0.0,0.7919595837593079,8,8035
5170,10,1,10,False,26,1,True,False,False,False,0.5656853914260864,2.0,0.5660388469696045,3,4139
5170,11,1,10,False,2981,24,True,True,True,True,0.0,0.0,0.019999995827674866,1,5170
5170,12,6,5,True,10498,1,False,False,False,False,0.19999998807907104,1.0,0.4317406415939331,7,9613
5170,13,10,1,True,10498,1,False,True,True,True,0.0,0.0,0.7402702569961548,10,3317
5170,14,8,3,True,10498,1,False,False,False,False,0.19999998807907104,1.0,0.5321654081344604,9,9867
5170,15,9,2,True,10498,1,False,False,False,False,0.19999998807907104,1.0,0.6415606141090393,10,9355
5170,16,4,7,True,10498,1,False,False,False,False,0.19999998807907104,1.0,0.48332181572914124,5,7042
5170,17,11,0,True,10498,1,False,,,,,,0.7927168607711792,11,8035
5170,18,9,2,True,10498,1,False,False,False,False,0.20000001788139343,1.0,0.5325410962104797,10,4062
5170,19,9,2,True,10498,1,False,False,False,False,0.4000000059604645,1.0,0.8411896824836731,10,1963
5170,20,6,5,True,10498,1,False,False,False,False,0.2828426957130432,2.0,0.5238320231437683,8,4767
5170,21,11,0,True,10498,1,False,,,,,,0.7927168607711792,11,8035
5170,22,5,6,True,10498,1,False,False,False,False,0.4898979663848877,3.0,0.6212890148162842,8,4767
5170,23,9,2,True,10498,1,False,False,False,False,0.19999998807907104,1.0,0.8459314107894897,10,4838
5170,24,9,2,True,10498,1,False,False,False,False,0.19999998807907104,1.0,0.4853864312171936,10,6248
5170,25,6,5,True,10498,1,False,False,False,False,0.3464101552963257,3.0,0.6651315689086914,9,7983
5170,26,1,10,False,2981,24,True,True,True,True,0.0,0.0,0.019999995827674866,1,5170
5170,27,11,0,True,10498,1,False,,,,,,0.7927168607711792,11,8035
5170,28,11,0,True,10498,1,False,,,,,,0.7927168607711792,11,8035
5170,29,4,7,True,10498,1,False,False,False,False,0.20000000298023224,1.0,0.601331889629364,5,1158
5170,30,8,3,True,10498,2,False,False,False,False,0.4472135901451111,2.0,0.7233256697654724,10,9355
5170,31,2,9,False,1616,3,True,False,False,False,0.4000000059604645,1.0,0.4009987711906433,3,9153
9294,0,6,5,True,10498,3,False,False,False,False,0.19999998807907104,1.0,0.5607138276100159,7,7129
9294,1,7,4,True,10498,1,False,False,False,False,0.4000000059604645,1.0,0.8407140374183655,8,9921
9294,2,3,8,True,10498,3,False,False,False,False,0.2828426957130432,2.0,0.5943063497543335,5,1953
9294,3,9,2,True,10498,1,False,True,True,True,0.0,0.0,0.7922120690345764,9,8035
9294,4,3,8,True,10498,2,False,True,True,True,0.0,0.0,0.42095133662223816,3,4242
9294,5,5,6,True,10498,1,False,False,False,False,0.2828426957130432,2.0,0.6340346932411194,7,9921
9294,6,10,1,True,10498,1,False,True,True,True,0.0,0.0,0.7720103859901428,10,1963
9294,7,5,6,True,10498,1,False,False,False,False,0.5291503071784973,4.0,0.6148170828819275,9,9355
9294,8,6,5,True,10498,1,False,False,False,False,0.2828426957130432,2.0,0.5953150391578674,8,8927
9294,9,9,2,True,10498,1,False,True,True,True,0.0,0.0,0.7291090488433838,9,6248
9294,10,5,6,True,10498,1,False,False,False,False,0.4000000059604645,4.0,0.7496666312217712,9,6851
9294,11,4,7,True,10498,1,False,True,True,True,0.0,0.0,0.38157567381858826,4,7581
9294,12,4,7,False,1,1,True,False,False,False,1.2649110555648804,7.0,1.2655433416366577,11,26
9294,13,10,1,True,10498,1,False,True,True,True,0.0,0.0,0.7924644947052002,10,8035
9294,14,9,2,True,10498,1,False,True,True,True,0.0,0.0,0.49355849623680115,9,8035
9294,15,8,3,True,10498,1,False,False,False,False,0.20000001788139343,1.0,0.6412488222122192,9,9355
9294,16,3,8,True,10498,1,False,False,False,False,0.19999998807907104,1.0,0.5596427321434021,4,2830
9294,17,9,2,True,10498,2,False,False,False,False,0.19999998807907104,1.0,0.6415606141090393,10,3317
9294,18,9,2,True,10498,1,False,True,True,True,0.0,0.0,0.7613146305084229,9,10010
9294,19,11,0,True,10498,1,False,,,,,,0.7927168607711792,11,8035
9294,20,3,8,True,10498,3,False,False,False,False,0.19999998807907104,1.0,0.2986636757850647,4,3133
9294,21,5,6,True,10498,4,False,True,True,True,0.0,0.0,0.3130495250225067,5,5703
9294,22,3,8,True,10498,23,False,True,True,True,0.0,0.0,0.42095133662223816,3,6564
9294,23,5,6,True,10498,1,False,False,False,False,0.19999998807907104,1.0,0.29999998211860657,6,6350
9294,24,4,7,True,10498,4,False,False,False,False,0.2828426957130432,2.0,0.5528110265731812,6,5526
9294,25,6,5,True,10498,1,False,False,False,False,0.19999998807907104,1.0,0.4841487407684326,7,1963
9294,26,4,7,True,10498,1,False,False,False,False,0.3464101552963257,3.0,0.5878775715827942,7,1954
9294,27,11,0,True,10498,1,False,,,,,,0.7927168607711792,11,8035
9294,28,8,3,True,10498,1,False,False,False,False,0.20000001788139343,1.0,0.7662897706031799,9,1963
9294,29,3,8,True,10498,3,False,False,False,False,0.2828427255153656,2.0,0.5943063497543335,5,5420
9294,30,1,10,False,25,1,True,False,False,False,1.1489125490188599,8.0,1.149086594581604,9,7924
9294,31,5,6,True,10498,1,False,True,True,True,0.0,0.0,0.44045430421829224,5,2156
1664,0,9,2,True,10498,1,False,False,False,False,0.2828426957130432,2.0,0.7922121286392212,11,5276
1664,1,9,2,True,10498,1,False,False,False,False,0.19999998807907104,1.0,0.6415606141090393,10,3317
1664,2,5,6,True,10498,1,False,True,True,True,0.0,0.0,0.4753945767879486,5,5088
1664,3,10,1,True,10498,1,False,True,True,True,0.0,0.0,0.7402702569961548,10,8970
1664,4,3,8,False,1,1,True,False,False,False,0.4472135901451111,2.0,0.4485532343387604,5,6312
1664,5,10,1,True,10498,1,False,True,True,True,0.0,0.0,0.7402702569961548,10,8970
1664,6,1,10,False,10460,263,True,True,True,True,0.0,0.0,0.019999980926513672,1,1626
1664,7,4,7,False,1,1,True,False,False,False,0.9797959327697754,7.0,0.9806120991706848,11,26
1664,8,4,7,True,10498,1,False,False,False,False,0.5291503071784973,4.0,0.6144917011260986,8,8025
1664,9,10,1,True,10498,1,False,False,False,False,0.4000000059604645,1.0,0.6356099247932434,11,8035
1664,10,7,4,True,10498,1,False,False,False,False,0.20000001788139343,1.0,0.7660287618637085,8,5789
1664,11,11,0,True,10498,1,False,,,,,,0.7927168607711792,11,8035
1664,12,2,9,False,25,1,True,False,False,False,0.4898979365825653,6.0,0.4907137155532837,8,1157
1664,13,1,10,False,575,29,True,True,True,True,0.0,0.0,0.019999995827674866,1,1812
1664,14,11,0,True,10498,1,False,,,,,,0.7927168607711792,11,8035
1664,15,4,7,True,10498,2,False,False,False,False,0.20000001788139343,1.0,0.6997142434120178,5,7183
1664,16,8,3,True,10498,1,False,False,False,False,0.4472135901451111,2.0,0.8361818194389343,10,9355
1664,17,2,9,False,2,1,True,False,False,False,0.8717797994613647,7.0,0.8722385764122009,9,6248
1664,18,1,10,False,1,1,True,False,False,False,1.2649110555648804,10.0,1.2650691270828247,11,53
1664,19,8,3,True,10498,1,False,False,False,False,0.19999998807907104,1.0,0.6776430010795593,9,9921
1664,20,1,10,False,1,1,True,False,False,False,1.2649110555648804,10.0,1.2650691270828247,11,53
1664,21,10,1,True,10498,1,False,True,True,True,0.0,0.0,0.7402702569961548,10,8970
1664,22,7,4,True,10498,2,False,False,False,False,0.4472135901451111,2.0,0.7230491042137146,9,3317
1664,23,11,0,True,10498,1,False,,,,,,0.7927168607711792,11,8035
1664,24,5,6,True,10498,1,False,False,False,False,0.3464101552963257,3.0,0.5603570342063904,8,5789
1664,25,2,9,False,2,2,True,False,False,False,0.6633249521255493,8.0,0.6639276742935181,10,7497
1664,26,1,10,False,3,1,True,False,False,False,0.9380832314491272,8.0,0.938296377658844,9,8970
1664,27,9,2,True,10498,1,False,False,False,False,0.2828426957130432,2.0,0.7922121286392212,11,5276
1664,28,11,0,True,10498,1,False,,,,,,0.7927168607711792,11,8035
1664,29,5,6,True,10498,1,False,False,False,False,0.19999998807907104,1.0,0.3714834749698639,6,5985
1664,30,8,3,True,10498,1,False,False,False,False,0.3464101552963257,3.0,0.8168231248855591,11,2658
1664,31,9,2,True,10498,1,False,True,True,True,0.0,0.0,0.6477653980255127,9,5789
7401,0,7,4,True,10498,1,False,False,False,False,0.6324555277824402,4.0,0.7712327837944031,11,4838
7401,1,5,6,True,10498,1,False,True,True,True,0.0,0.0,0.6082762479782104,5,9921
7401,2,11,0,True,10498,1,False,,,,,,0.7927168607711792,11,8035
7401,3,5,6,True,10498,1,False,False,False,False,0.19999998807907104,1.0,0.43127715587615967,6,7235
7401,4,4,7,True,10498,1,False,False,False,False,0.19999998807907104,1.0,0.29933255910873413,5,6312
7401,5,5,6,True,10498,3,False,False,False,False,0.20000001788139343,1.0,0.3714835047721863,6,9182
7401,6,3,8,False,1,1,True,False,False,False,1.1832159757614136,7.0,1.183722972869873,10,26
7401,7,9,2,True,10498,1,False,False,False,False,0.4472135603427887,2.0,0.701141893863678,11,4838
7401,8,7,4,True,10498,1,False,True,True,True,0.0,0.0,0.7394592761993408,7,1948
7401,9,1,10,False,10460,427,True,True,True,True,0.0,0.0,0.019999980926513672,1,4427
7401,10,6,5,True,10498,1,False,False,False,False,0.44721361994743347,2.0,0.5885576009750366,8,2156
7401,11,9,2,True,10498,1,False,False,False,False,0.4472135901451111,2.0,0.6660330295562744,11,4062
7401,12,6,5,True,10498,1,False,False,False,False,0.19999998807907104,1.0,0.6019967198371887,7,10195
7401,13,8,3,True,10498,1,False,False,False,False,0.5656853914260864,2.0,0.6835203170776367,10,6248
7401,14,3,8,True,10498,3,False,False,False,False,0.19999998807907104,1.0,0.3704051673412323,4,8269
7401,15,5,6,True,10498,3,False,True,True,True,0.0,0.0,0.670820415019989,5,4905
7401,16,8,3,True,10498,1,False,False,False,False,0.2828426957130432,2.0,0.7065408825874329,10,7181
7401,17,6,5,True,10498,1,False,False,False,False,0.20000001788139343,1.0,0.6019967198371887,7,295
7401,18,1,10,False,26,6,True,False,False,False,0.2828426957130432,2.0,0.2835489511489868,3,721
7401,19,6,5,True,10498,1,False,False,False,False,0.20000001788139343,1.0,0.6019967198371887,7,428
7401,20,6,5,True,10498,1,False,False,False,False,0.2828426957130432,2.0,0.6343501210212708,8,5275
7401,21,8,3,True,10498,1,False,False,False,False,0.4472135901451111,2.0,0.5892367959022522,10,6248
7401,22,9,2,True,10498,1,False,False,False,False,0.19999998807907104,1.0,0.6415606141090393,10,3317
7401,23,8,3,True,10498,1,False,False,False,False,0.4000000059604645,1.0,0.595986545085907,9,8035
7401,24,10,1,True,10498,2,False,True,True,True,0.0,0.0,0.7402702569961548,10,3317
7401,25,4,7,True,10498,1,False,False,False,False,0.3464101552963257,3.0,0.7222188711166382,7,1954
7401,26,10,1,True,10498,1,False,True,True,True,0.0,0.0,0.8221921920776367,10,7244
7401,27,1,10,False,575,2,True,False,False,False,0.19999998807907104,1.0,0.2009975016117096,2,7996
7401,28,2,9,False,25,6,True,False,False,False,0.2828426957130432,2.0,0.28425341844558716,4,721
7401,29,9,2,True,10498,1,False,True,True,True,0.0,0.0,0.7400000095367432,9,9355
7401,30,3,8,True,10498,1,False,False,False,False,0.3464101552963257,3.0,0.5875372290611267,6,7231
7401,31,9,2,True,10498,2,False,False,False,False,0.19999998807907104,1.0,0.7665507793426514,10,3317
4767,0,10,1,True,10498,1,False,False,False,False,0.20000001788139343,1.0,0.7668116092681885,11,3317
4767,1,10,1,True,10498,2,False,True,True,True,0.0,0.0,0.7402702569961548,10,3317
4767,2,11,0,True,10498,1,False,,,,,,0.7927168607711792,11,8035
4767,3,5,6,True,10498,1,False,False,False,False,0.3464101552963257,3.0,0.5157518982887268,8,8035
4767,4,11,0,True,10498,1,False,,,,,,0.7927168607711792,11,8035
4767,5,4,7,True,10498,1,False,False,False,False,0.20000000298023224,1.0,0.430813193321228,5,7262
4767,6,8,3,True,10498,1,False,False,False,False,0.19999998807907104,1.0,0.484974205493927,9,8035
4767,7,8,3,True,10498,1,False,False,False,False,0.20000001788139343,1.0,0.7662897706031799,9,3317
4767,8,9,2,True,10498,1,False,True,True,True,0.0,0.0,0.7922120690345764,9,8035
4767,9,1,10,False,2981,1,True,True,True,True,0.0,0.0,0.019999995827674866,1,4767
4767,10,2,9,False,2,1,True,False,False,False,0.5656853914260864,5.0,0.5663920640945435,7,26
4767,11,8,3,True,10498,2,False,True,True,True,0.0,0.0,0.7397297024726868,8,3317
4767,12,7,4,True,10498,1,False,False,False,False,0.19999998807907104,1.0,0.48456165194511414,8,10463
4767,13,6,5,True,10498,1,False,False,False,False,0.20000001788139343,1.0,0.4841487407684326,7,7181
4767,14,2,9,False,2919,1,True,True,True,True,0.0,0.0,0.028284255415201187,2,4767
4767,15,6,5,True,10498,1,False,False,False,False,0.20000001788139343,1.0,0.4317406713962555,7,9355
4767,16,3,8,False,23,1,True,False,False,False,0.3464101552963257,3.0,0.34813791513442993,6,8035
4767,17,7,4,True,10498,1,False,False,False,False,0.2828426957130432,2.0,0.4762352406978607,9,8035
4767,18,4,7,True,10498,1,False,False,False,False,0.20000001788139343,1.0,0.430813193321228,5,7181
4767,19,5,6,True,10498,1,False,False,False,False,0.20000001788139343,1.0,0.43127718567848206,6,9355
4767,20,6,5,True,10498,2,False,False,False,False,0.20000001788139343,1.0,0.6019967198371887,7,3317
4767,21,5,6,True,10498,1,False,True,True,True,0.0,0.0,0.22360679507255554,5,7262
4767,22,1,10,False,25,1,True,False,False,False,0.8246211409568787,6.0,0.8248636722564697,7,7924
4767,23,1,10,False,52,1,True,False,False,False,0.20000001788139343,1.0,0.20099753141403198,2,7262
4767,24,3,8,True,10498,1,False,False,False,False,0.19999998807907104,1.0,0.2986636757850647,4,10463
4767,25,4,7,True,10498,1,False,False,False,False,0.20000000298023224,1.0,0.3709447383880615,5,7262
4767,26,6,5,True,10498,1,False,True,True,True,0.0,0.0,0.44090816378593445,6,9867
4767,27,6,5,True,10498,1,False,True,True,True,0.0,0.0,0.7282856702804565,6,8035
4767,28,8,3,True,10498,1,False,False,False,False,0.20000001788139343,1.0,0.6026607751846313,9,3317
4767,29,2,9,False,1,1,True,False,False,False,1.216552495956421,8.0,1.216881275177002,10,53
4767,30,11,0,True,10498,1,False,,,,,,0.7927168607711792,11,8035
4767,31,6,5,True,10498,1,False,True,True,True,0.0,0.0,0.44090813398361206,6,4062
7193,0,4,7,True,10498,1,False,False,False,False,0.2828426957130432,2.0,0.5528109669685364,6,7231
7193,1,5,6,True,10498,1,False,False,False,False,0.20000001788139343,1.0,0.48373547196388245,6,2156
7193,2,11,0,True,10498,1,False,,,,,,0.7927168607711792,11,8035
7193,3,11,0,True,10498,1,False,,,,,,0.7927168607711792,11,8035
7193,4,4,7,True,10498,2,False,False,False,False,0.3999999761581421,4.0,0.7166589498519897,8,10051
7193,5,2,9,True,10498,1,False,False,False,False,0.19999998807907104,1.0,0.5145872235298157,3,7763
7193,6,7,4,True,10498,1,False,False,False,False,0.4472135901451111,2.0,0.7230491042137146,9,9355
7193,7,1,10,False,52,1,True,False,False,False,0.2828426957130432,2.0,0.2835489511489868,3,7591
7193,8,6,5,True,10498,1,False,False,False,False,0.44721361994743347,2.0,0.6280127167701721,8,8035
7193,9,1,10,False,1,1,True,False,False,False,1.2806247472763062,10.0,1.2807809114456177,11,53
7193,10,7,4,True,10498,1,False,False,False,False,0.19999998807907104,1.0,0.7660287618637085,8,1948
7193,11,8,3,True,10498,1,False,False,False,False,0.19999998807907104,1.0,0.7343024611473083,9,9355
7193,12,9,2,True,10498,1,False,False,False,False,0.20000001788139343,1.0,0.5325410962104797,10,8035
7193,13,7,4,True,10498,1,False,False,False,False,0.4898979365825653,3.0,0.6219324469566345,10,6248
7193,14,7,4,True,10498,1,False,False,False,False,0.19999998807907104,1.0,0.7866384387016296,8,5621
7193,15,3,8,True,10498,2,False,False,False,False,0.2828426957130432,2.0,0.552449107170105,5,2642
7193,16,6,5,True,10498,1,False,False,False,False,0.20000001788139343,1.0,0.6406247019767761,7,9921
7193,17,3,8,True,10498,1,False,False,False,False,0.3464101552963257,3.0,0.5451605319976807,6,8289
7193,18,2,9,True,10498,2,False,True,True,True,0.0,0.0,0.22090721130371094,2,2135
7193,19,2,9,False,25,6,True,False,False,False,0.3464101552963257,3.0,0.3475629389286041,5,7885
7193,20,8,3,True,10498,1,False,False,False,False,0.4898979365825653,3.0,0.6951258778572083,11,4838
7193,21,6,5,True,10498,1,False,False,False,False,0.20000001788139343,1.0,0.6019967198371887,7,9355
7193,22,5,6,True,10498,1,False,False,False,False,0.20000001788139343,1.0,0.5603570938110352,6,9503
7193,23,11,0,True,10498,1,False,,,,,,0.7927168607711792,11,8035
7193,24,11,0,True,10498,1,False,,,,,,0.7927168607711792,11,8035
7193,25,9,2,True,10498,1,False,False,False,False,0.20000001788139343,1.0,0.7345747351646423,10,3317
7193,26,5,6,True,10498,1,False,False,False,False,0.19999998807907104,1.0,0.6016643643379211,6,2830
7193,27,8,3,True,10498,1,False,False,False,False,0.20000001788139343,1.0,0.7343024611473083,9,3317
7193,28,8,3,True,10498,1,False,False,False,False,0.4000000059604645,1.0,0.8597674369812012,9,2156
7193,29,10,1,True,10498,1,False,True,True,True,0.0,0.0,0.8221921920776367,10,7244
7193,30,9,2,True,10498,1,False,False,False,False,0.19999998807907104,1.0,0.6779380440711975,10,1963
7193,31,4,7,True,10498,1,False,False,False,False,0.2828426957130432,2.0,0.6337192058563232,6,1954
7458,0,11,0,True,10498,1,False,,,,,,0.7927168607711792,11,8035
7458,1,11,0,True,10498,1,False,,,,,,0.7927168607711792,11,8035
7458,2,2,9,False,1,1,True,False,False,False,1.0770329236984253,7.0,1.077404260635376,9,53
7458,3,4,7,True,10498,1,False,False,False,False,0.5291502475738525,4.0,0.6144917011260986,8,8025
7458,4,4,7,False,1,1,True,False,False,False,1.0198038816452026,6.0,1.0205880403518677,10,26
7458,5,4,7,True,10498,1,False,False,False,False,0.4898979663848877,3.0,0.6584831476211548,7,9355
7458,6,8,3,True,10498,1,False,False,False,False,0.19999998807907104,1.0,0.6026607751846313,9,6025
7458,7,6,5,True,10498,2,False,False,False,False,0.20000000298023224,1.0,0.6651315689086914,7,1418
7458,8,7,4,True,10498,1,False,True,True,True,0.0,0.0,0.5681549310684204,7,10195
7458,9,6,5,True,10498,1,False,False,False,False,0.3464101552963257,3.0,0.7002856731414795,9,2658
7458,10,11,0,True,10498,1,False,,,,,,0.7927168607711792,11,8035
7458,11,8,3,True,10498,1,False,False,False,False,0.19999998807907104,1.0,0.8168231248855591,9,2156
7458,12,1,10,False,1,1,True,False,False,False,1.2328827381134033,8.0,1.233044981956482,9,53
7458,13,8,3,True,10498,1,False,False,False,False,0.20000001788139343,1.0,0.5321654081344604,9,4062
7458,14,10,1,True,10498,1,False,True,True,True,0.0,0.0,0.7924644947052002,10,8035
7458,15,1,10,False,1,1,True,False,False,False,1.2328827381134033,8.0,1.233044981956482,9,53
7458,16,8,3,True,10498,1,False,False,False,False,0.19999998807907104,1.0,0.6412488222122192,9,9355
7458,17,7,4,True,10498,2,False,False,False,False,0.4472135901451111,2.0,0.7230491042137146,9,9355
7458,18,1,10,False,1616,1,True,False,False,False,0.4472135901451111,2.0,0.4476605951786041,3,6312
7458,19,5,6,True,10498,1,False,False,False,False,0.3464101552963257,3.0,0.515751838684082,8,8025
7458,20,8,3,True,10498,1,False,False,False,False,0.2828426957130432,2.0,0.7610518932342529,10,8025
7458,21,2,9,False,1,1,True,False,False,False,0.4472135901451111,2.0,0.44810712337493896,4,6312
7458,22,9,2,True,10498,2,False,False,False,False,0.19999998807907104,1.0,0.7665507793426514,10,9355
7458,23,2,9,False,2,1,True,False,False,False,0.8246211409568787,5.0,0.8251060843467712,7,6248
7458,24,7,4,True,10498,1,False,False,False,False,0.4472135901451111,2.0,0.9092854261398315,9,7244
7458,25,6,5,True,10498,1,False,False,False,False,0.19999998807907104,1.0,0.7863841652870178,7,5621
7458,26,6,5,True,10498,1,False,False,False,False,0.5656854510307312,2.0,0.7172168493270874,8,4062
7458,27,7,4,True,10498,1,False,False,False,False,0.4472135901451111,2.0,0.7230491042137146,9,3317
7458,28,10,1,True,10498,2,False,True,True,True,0.0,0.0,0.7402702569961548,10,9355
7458,29,2,9,True,10498,1,False,False,False,False,0.4898979663848877,3.0,0.6817623972892761,5,8279
7458,30,6,5,True,10498,1,False,False,False,False,0.4000000059604645,4.0,0.6590902805328369,10,5273
7458,31,1,10,False,575,7,True,True,True,True,0.0,0.0,0.019999995827674866,1,5613
7967,0,9,2,True,10498,1,False,False,False,False,0.19999998807907104,1.0,0.5758472084999084,10,4062
7967,1,1,10,False,26,1,True,False,False,False,0.4472135901451111,2.0,0.4476605951786041,3,4139
7967,2,6,5,True,10498,1,False,False,False,False,0.4898979663848877,3.0,0.6590902805328369,9,4062
7967,3,8,3,True,10498,1,False,False,False,False,0.4898979663848877,3.0,0.6596969366073608,11,4062
7967,4,1,10,False,1,1,True,False,False,False,1.3711309432983398,10.0,1.37127685546875,11,53
7967,5,8,3,True,10498,1,False,False,False,False,0.19999998807907104,1.0,0.6776430010795593,9,1963
7967,6,7,4,True,10498,1,False,False,False,False,0.3464101552963257,3.0,0.5610703825950623,10,5276
7967,7,8,3,True,10498,1,False,False,False,False,0.19999998807907104,1.0,0.6412488222122192,9,3317
7967,8,11,0,True,10498,1,False,,,,,,0.7927168607711792,11,8035
7967,9,5,6,True,10498,2,False,False,False,False,0.4472135603427887,5.0,0.6884765625,10,7983
7967,10,3,8,True,10498,1,False,False,False,False,0.19999998807907104,1.0,0.4660472273826599,4,6909
7967,11,7,4,True,10498,2,False,False,False,False,0.20000001788139343,1.0,0.7660287618637085,8,1963
7967,12,4,7,False,1,1,True,False,False,False,0.7745966911315918,6.0,0.7756288051605225,10,6248
7967,13,7,4,True,10498,2,False,False,False,False,0.20000001788139343,1.0,0.7660287618637085,8,1963
7967,14,9,2,True,10498,1,False,False,False,False,0.4000000059604645,1.0,0.8411896824836731,10,1963
7967,15,3,8,True,10498,2,False,False,False,False,0.20000001788139343,1.0,0.3704051971435547,4,5931
7967,16,1,10,False,25,1,True,False,False,False,0.4898979365825653,6.0,0.49030598998069763,7,2237
7967,17,7,4,True,10498,1,False,True,True,True,0.0,0.0,0.6089335083961487,7,1963
7967,18,6,5,True,10498,1,False,False,False,False,0.19999998807907104,1.0,0.4841487407684326,7,1963
7967,19,4,7,True,10498,1,False,False,False,False,0.3464101552963257,3.0,0.6273755431175232,7,1158
7967,20,4,7,True,10498,3,False,False,False,False,0.19999998807907104,1.0,0.5153639912605286,5,5649
7967,21,11,0,True,10498,1,False,,,,,,0.7927168607711792,11,8035
7967,22,2,9,True,10498,1,False,False,False,False,0.19999998807907104,1.0,0.5145872235298157,3,1155
7967,23,1,10,False,3,1,True,False,False,False,0.7745967507362366,7.0,0.7748548984527588,8,8970
7967,24,4,7,True,10498,1,False,False,False,False,0.5291503071784973,4.0,0.6144917011260986,8,7262
7967,25,1,10,False,26,1,True,False,False,False,0.4472135901451111,2.0,0.4476605951786041,3,4139
7967,26,6,5,True,10498,1,False,False,False,False,0.2828426957130432,2.0,0.7059745192527771,8,7181
7967,27,10,1,True,10498,1,False,True,True,True,0.0,0.0,0.7402702569961548,10,3317
7967,28,10,1,True,10498,1,False,True,True,True,0.0,0.0,0.7720103859901428,10,1963
7967,29,2,9,False,25,1,True,False,False,False,0.4472135901451111,2.0,0.44810712337493896,4,4139
7967,30,8,3,True,10498,1,False,False,False,False,0.2828426957130432,2.0,0.6092618107795715,10,4838
7967,31,11,0,True,10498,1,False,,,,,,0.7927168607711792,11,8035
929,0,10,1,True,10498,1,False,False,False,False,0.3999999761581421,1.0,0.6723094582557678,11,4062
929,1,9,2,True,10498,2,False,False,False,False,0.19999998807907104,1.0,0.6415606141090393,10,3317
929,2,9,2,True,10498,1,False,True,True,True,0.0,0.0,0.7922121286392212,9,8035
929,3,4,7,True,10498,1,False,False,False,False,0.3464101552963257,3.0,0.6273754835128784,7,7183
929,4,1,10,False,1616,5,True,False,False,False,0.19999998807907104,1.0,0.2009975016117096,2,2735
929,5,9,2,True,10498,1,False,True,True,True,0.0,0.0,0.8506468534469604,9,9931
929,6,9,2,True,10498,1,False,True,True,True,0.0,0.0,0.7717512845993042,9,9921
929,7,10,1,True,10498,1,False,True,True,True,0.0,0.0,0.8221921920776367,10,7244
929,8,9,2,True,10498,1,False,False,False,False,0.4472135901451111,2.0,0.6289674043655396,11,8035
929,9,11,0,True,10498,1,False,,,,,,0.7927168607711792,11,8035
929,10,4,7,True,10498,1,False,True,True,True,0.0,0.0,0.22271056473255157,4,6312
929,11,7,4,True,10498,6,False,False,False,False,0.2828426957130432,2.0,0.47623521089553833,9,2955
929,12,8,3,True,10498,6,False,False,False,False,0.2828426957130432,2.0,0.634980320930481,10,9213
929,13,9,2,True,10498,1,False,False,False,False,0.19999998807907104,1.0,0.6779381036758423,10,1963
929,14,6,5,True,10498,1,False,False,False,False,0.19999998807907104,1.0,0.601996660232544,7,9931
929,15,6,5,True,10498,1,False,False,False,False,0.3999999761581421,1.0,0.7812809944152832,7,830
929,16,11,0,True,10498,1,False,,,,,,0.7927168607711792,11,8035
929,17,4,7,True,10498,2,False,True,True,True,0.0,0.0,0.5230678915977478,4,7229
929,18,10,1,True,10498,1,False,True,True,True,0.0,0.0,0.8221921920776367,10,7244
929,19,6,5,True,10498,1,False,False,False,False,0.2828426957130432,2.0,0.5953150391578674,8,309
929,20,11,0,True,10498,1,False,,,,,,0.7927168607711792,11,8035
929,21,5,6,True,10498,1,False,False,False,False,0.19999998807907104,1.0,0.699999988079071,6,9659
929,22,8,3,True,10498,1,False,False,False,False,0.4000000059604645,1.0,0.7288347482681274,9,1963
929,23,4,7,True,10498,2,False,False,False,False,0.2828426957130432,2.0,0.42142611742019653,6,3715
929,24,2,9,False,220,4,True,False,False,False,0.19999998807907104,1.0,0.20199008285999298,3,5419
929,25,4,7,True,10498,4,False,False,False,False,0.3464101552963257,3.0,0.5878775715827942,7,2342
929,26,9,2,True,10498,1,False,True,True,True,0.0,0.0,0.7922121286392212,9,8035
929,27,2,9,False,1,1,True,False,False,False,1.2489995956420898,8.0,1.2493197917938232,10,26
929,28,1,10,False,3,1,True,False,False,False,1.0,6.0,1.0002000331878662,7,8970
929,29,2,9,False,1,1,True,False,False,False,1.2489995956420898,8.0,1.2493197917938232,10,26
929,30,2,9,False,1616,5,True,False,False,False,0.19999998807907104,1.0,0.20199008285999298,3,4339
929,31,2,9,True,10498,3,False,False,False,False,0.3464101552963257,3.0,0.5871967077255249,5,7127
1096,0,2,9,True,10498,1,False,False,False,False,0.20000001788139343,1.0,0.3698648512363434,3,3309
1096,1,5,6,True,10498,1,False,False,False,False,0.4000000059604645,1.0,0.6587867736816406,6,5969
1096,2,4,7,True,10498,1,False,False,False,False,0.3464101552963257,3.0,0.6645299196243286,7,5276
1096,3,11,0,True,10498,1,False,,,,,,0.7927168607711792,11,8035
1096,4,2,9,False,1,1,True,False,False,False,0.9380831718444824,7.0,0.9385095238685608,9,26
1096,5,4,7,True,10498,1,False,False,False,False,0.3464101552963257,3.0,0.4664761424064636,7,9355
1096,6,6,5,True,10498,1,False,False,False,False,0.20000001788139343,1.0,0.4317406713962555,7,6248
1096,7,8,3,True,10498,1,False,False,False,False,0.44721361994743347,2.0,0.6286493539810181,10,8035
1096,8,3,8,True,10498,1,False,False,False,False,0.4000000059604645,1.0,0.5071489214897156,4,5969
1096,9,8,3,True,10498,1,False,False,False,False,0.2828426957130432,2.0,0.634980320930481,10,3317
1096,10,8,3,True,10498,1,False,False,False,False,0.20000001788139343,1.0,0.7868925929069519,9,8035
1096,11,1,10,False,10411,2,True,True,True,True,0.0,0.0,0.019999980926513672,1,10462
1096,12,5,6,True,10498,1,False,False,False,False,0.3464101552963257,3.0,0.5157518982887268,8,4767
1096,13,5,6,True,10498,3,False,False,False,False,0.2828426957130432,2.0,0.4219004213809967,7,2937
1096,14,11,0,True,10498,1,False,,,,,,0.7927168607711792,11,8035
1096,15,8,3,True,10498,1,False,False,False,False,0.2828427255153656,2.0,0.7817928194999695,10,8035
1096,16,9,2,True,10498,1,False,False,False,False,0.4000000059604645,1.0,0.6352952122688293,10,4062
1096,17,10,1,True,10498,1,False,False,False,False,0.20000001788139343,1.0,0.7874007821083069,11,8035
1096,18,8,3,True,10498,1,False,False,False,False,0.44721361994743347,2.0,0.6286493539810181,10,8035
1096,19,3,8,True,10498,7,False,False,False,False,0.2828426957130432,2.0,0.3594439923763275,5,7962
1096,20,9,2,True,10498,1,False,False,False,False,0.2828426957130432,2.0,0.7068238854408264,11,7181
1096,21,7,4,True,10498,1,False,False,False,False,0.3464101552963257,3.0,0.5610703825950623,10,5276
1096,22,3,8,True,10498,1,False,False,False,False,0.4000000059604645,4.0,0.6581793427467346,7,5276
1096,23,9,2,True,10498,1,False,False,False,False,0.19999998807907104,1.0,0.6779380440711975,10,1963
1096,24,8,3,True,10498,1,False,True,True,True,0.0,0.0,0.6092618703842163,8,9355
1096,25,7,4,True,10498,1,False,False,False,False,0.2828427255153656,2.0,0.5242136716842651,9,4062
1096,26,10,1,True,10498,1,False,True,True,True,0.0,0.0,0.7402702569961548,10,9355
1096,27,1,10,False,1616,6,True,False,False,False,0.4000000059604645,4.0,0.40049970149993896,5,4079
1096,28,11,0,True,10498,1,False,,,,,,0.7927168607711792,11,8035
1096,29,4,7,True,10498,3,False,False,False,False,0.3464101552963257,3.0,0.41182518005371094,7,4190
1096,30,8,3,True,10498,1,False,False,False,False,0.2828427255153656,2.0,0.7817928194999695,10,8035
1096,31,5,6,True,10498,1,False,True,True,True,0.0,0.0,0.382099449634552,5,3309
234,0,4,7,True,10498,1,False,False,False,False,0.2828426957130432,2.0,0.5946427583694458,6,6851
234,1,3,8,False,7,1,True,False,False,False,0.800000011920929,5.0,0.8007497191429138,8,8838
234,2,5,6,True,10498,1,False,False,False,False,0.20000000298023224,1.0,0.6016644239425659,6,8025
234,3,9,2,True,10498,1,False,True,True,True,0.0,0.0,0.7400000095367432,9,8970
234,4,2,9,False,1,1,True,False,False,False,1.2806248664855957,9.0,1.2809370756149292,11,53
234,5,6,5,True,10498,1,False,False,False,False,0.19999998807907104,1.0,0.531413197517395,7,5789
234,6,8,3,True,10498,1,False,True,True,True,0.0,0.0,0.6092618703842163,8,3317
234,7,7,4,True,10498,1,False,False,False,False,0.3464101552963257,3.0,0.5165268778800964,10,8035
234,8,8,3,True,10498,1,False,False,False,False,0.19999998807907104,1.0,0.6412488222122192,9,8970
234,9,1,10,False,26,1,True,False,False,False,0.3464101552963257,3.0,0.3469870090484619,4,4139
234,10,9,2,True,10498,1,False,False,False,False,0.2828426957130432,2.0,0.5688585042953491,11,4062
234,11,3,8,True,10498,1,False,True,True,True,0.0,0.0,0.31176915764808655,3,5983
234,12,10,1,True,10498,1,False,False,False,False,0.19999998807907104,1.0,0.846167802810669,11,4838
234,13,2,9,False,2,1,True,False,False,False,0.9797959327697754,7.0,0.9802041053771973,9,26
234,14,2,9,False,25,1,True,False,False,False,0.3464101552963257,3.0,0.34756290912628174,5,4139
234,15,8,3,True,10498,1,False,False,False,False,0.4472135901451111,2.0,0.8361818194389343,10,9355
234,16,2,9,True,10498,1,False,False,False,False,0.20000001788139343,1.0,0.4656178951263428,3,6909
234,17,2,9,False,1,1,True,False,False,False,0.9797959327697754,7.0,0.9802041053771973,9,26
234,18,6,5,True,10498,1,False,False,False,False,0.2828426957130432,2.0,0.5953150987625122,8,6025
234,19,1,10,False,25,1,True,False,False,False,0.5656853914260864,5.0,0.5660388469696045,6,2237
234,20,10,1,True,10498,1,False,True,True,True,0.0,0.0,0.7402702569961548,10,8970
234,21,10,1,True,10498,1,False,True,True,True,0.0,0.0,0.7924644947052002,10,8035
234,22,11,0,True,10498,1,False,,,,,,0.7927168607711792,11,8035
234,23,5,6,True,10498,1,False,False,False,False,0.2828426957130432,2.0,0.4753945767879486,7,8970
234,24,11,0,True,10498,1,False,,,,,,0.7927168607711792,11,8035
234,25,2,9,False,1,1,True,False,False,False,1.2806248664855957,9.0,1.2809370756149292,11,53
234,26,7,4,True,10498,2,False,False,False,False,0.5291502475738525,4.0,0.7230491042137146,11,4838
234,27,2,9,True,10498,1,False,False,False,False,0.20000001788139343,1.0,0.4656178951263428,3,6909
234,28,7,4,True,10498,1,False,False,False,False,0.2828426957130432,2.0,0.5681548714637756,9,4062
234,29,5,6,True,10498,3,False,False,False,False,0.19999998807907104,1.0,0.5157518982887268,6,5352
234,30,1,10,False,1,1,True,False,False,False,1.3416407108306885,10.0,1.3417898416519165,11,53
234,31,2,9,False,10410,17,True,True,True,True,0.0,0.0,0.028284244239330292,2,7567
3453,0,1,10,False,1,1,True,False,False,False,1.2328827381134033,10.0,1.233044981956482,11,53
3453,1,6,5,True,10498,1,False,False,False,False,0.20000001788139343,1.0,0.6019967198371887,7,1951
3453,2,9,2,True,10498,1,False,False,False,False,0.4472135901451111,2.0,0.6660330295562744,11,4062
3453,3,11,0,True,10498,1,False,,,,,,0.7927168607711792,11,8035
3453,4,5,6,True,10498,1,False,False,False,False,0.2828426957130432,2.0,0.4753945767879486,7,10195
3453,5,11,0,True,10498,1,False,,,,,,0.7927168607711792,11,8035
3453,6,7,4,True,10498,1,False,False,False,False,0.3464101552963257,3.0,0.6654322147369385,10,3317
3453,7,10,1,True,10498,2,False,True,True,True,0.0,0.0,0.7402702569961548,10,3317
3453,8,4,7,True,10498,2,False,True,True,True,0.0,0.0,0.31240999698638916,4,9121
3453,9,8,3,True,10498,4,False,True,True,True,0.0,0.0,0.5685068368911743,8,9213
3453,10,6,5,True,10498,1,False,False,False,False,0.19999998807907104,1.0,0.6019967198371887,7,9355
3453,11,8,3,True,10498,1,False,True,True,True,0.0,0.0,0.6092618703842163,8,1963
3453,12,4,7,False,1,1,True,False,False,False,0.9797958731651306,7.0,0.98061203956604,11,53
3453,13,1,10,False,10460,74,True,True,True,True,0.0,0.0,0.019999980926513672,1,4887
3453,14,9,2,True,10498,1,False,False,False,False,0.20000001788139343,1.0,0.6415606141090393,10,3317
3453,15,6,5,True,10498,6,False,False,False,False,0.19999998807907104,1.0,0.601996660232544,7,5990
3453,16,3,8,False,3,1,True,False,False,False,0.7745966911315918,6.0,0.7753708958625793,9,6248
3453,17,4,7,True,10498,7,False,False,False,False,0.20000001788139343,1.0,0.3709447383880615,5,6509
3453,18,7,4,True,10498,4,False,False,False,False,0.20000001788139343,1.0,0.561070442199707,8,4134
3453,19,8,3,True,10498,1,False,False,False,False,0.20000001788139343,1.0,0.7662897706031799,9,1963
3453,20,8,3,True,10498,1,False,False,False,False,0.4898979365825653,3.0,0.6596968770027161,11,1020
3453,21,7,4,True,10498,1,False,False,False,False,0.19999998807907104,1.0,0.6023288369178772,8,9355
3453,22,7,4,True,10498,1,False,True,True,True,0.0,0.0,0.7394592761993408,7,1948
3453,23,2,9,False,4,1,True,False,False,False,0.6000000238418579,6.0,0.6006662845611572,8,8970
3453,24,9,2,True,10498,1,False,False,False,False,0.20000001788139343,1.0,0.8459314703941345,10,7244
3453,25,9,2,True,10498,1,False,False,False,False,0.3999999761581421,1.0,0.6352952122688293,10,4062
3453,26,4,7,True,10498,1,False,False,False,False,0.2828426957130432,2.0,0.5528110265731812,6,8445
3453,27,8,3,True,10498,1,False,False,False,False,0.19999998807907104,1.0,0.484974205493927,9,9355
3453,28,5,6,True,10498,1,False,True,True,True,0.0,0.0,0.5234501361846924,5,7147
3453,29,2,9,False,1,1,True,False,False,False,1.1832159757614136,7.0,1.18355393409729,9,26
3453,30,10,1,True,10498,2,False,False,False,False,0.19999998807907104,1.0,0.7668116688728333,11,9355
3453,31,8,3,True,10498,1,False,False,False,False,0.20000001788139343,1.0,0.484974205493927,9,8035
1724,0,1,10,False,2981,23,True,True,True,True,0.0,0.0,0.019999995827674866,1,9699
1724,1,4,7,True,10498,8,False,False,False,False,0.2828426957130432,2.0,0.4214261472225189,6,8538
1724,2,5,6,True,10498,1,False,False,False,False,0.2828426957130432,2.0,0.5949790477752686,7,10060
1724,3,7,4,True,10498,1,False,True,True,True,0.0,0.0,0.6089335083961487,7,5275
1724,4,5,6,True,10498,1,False,False,False,False,0.4472135901451111,2.0,0.5882176756858826,7,8025
1724,5,2,9,False,1,1,True,False,False,False,1.1661903858184814,9.0,1.166533350944519,11,53
1724,6,1,10,False,10460,21,True,True,True,True,0.0,0.0,0.019999980926513672,1,6526
1724,7,7,4,True,10498,1,False,True,True,True,0.0,0.0,0.5242137312889099,7,9508
1724,8,4,7,True,10498,3,False,False,False,False,0.20000001788139343,1.0,0.3709447383880615,5,370
1724,9,3,8,True,10498,2,False,False,False,False,0.3464101552963257,3.0,0.5875372290611267,6,8296
1724,10,7,4,True,10498,1,False,False,False,False,0.2828426957130432,2.0,0.5681549310684204,9,5789
1724,11,5,6,True,10498,1,False,False,False,False,0.19999998807907104,1.0,0.29999998211860657,6,6312
1724,12,5,6,True,10498,1,False,True,True,True,0.0,0.0,0.6708204746246338,5,490
1724,13,11,0,True,10498,1,False,,,,,,0.7927168607711792,11,8035
1724,14,1,10,False,5,1,True,False,False,False,1.0,6.0,1.0002000331878662,7,8970
1724,15,8,3,True,10498,1,False,True,True,True,0.0,0.0,0.7919595837593079,8,2156
1724,16,1,10,False,575,7,True,False,False,False,0.19999998807907104,1.0,0.2009975016117096,2,5525
1724,17,6,5,True,10498,1,False,False,False,False,0.20000001788139343,1.0,0.5607138276100159,7,6321
1724,18,11,0,True,10498,1,False,,,,,,0.7927168607711792,11,8035
1724,19,11,0,True,10498,1,False,,,,,,0.7927168607711792,11,8035
1724,20,5,6,True,10498,1,False,False,False,False,0.2828426957130432,2.0,0.7280110120773315,7,9931
1724,21,10,1,True,10498,1,False,True,True,True,0.0,0.0,0.8221921920776367,10,7244
1724,22,4,7,True,10498,1,False,False,False,False,0.19999998807907104,1.0,0.5600000023841858,5,922
1724,23,1,10,False,575,7,True,False,False,False,0.20000001788139343,1.0,0.20099753141403198,2,2419
1724,24,8,3,True,10498,1,False,False,False,False,0.4898979663848877,3.0,0.622253954410553,11,8035
1724,25,11,0,True,10498,1,False,,,,,,0.7927168607711792,11,8035
1724,26,4,7,True,10498,1,False,False,False,False,0.3464101552963257,3.0,0.6273754835128784,7,7183
1724,27,6,5,True,10498,1,False,False,False,False,0.19999998807907104,1.0,0.4317406415939331,7,6413
1724,28,6,5,True,10498,1,False,False,False,False,0.19999998807907104,1.0,0.516139566898346,7,6312
1724,29,1,10,False,26,3,True,False,False,False,0.3464101552963257,3.0,0.3469870388507843,4,10063
1724,30,5,6,True,10498,1,False,False,False,False,0.2828426957130432,2.0,0.5531727075576782,7,9508
1724,31,8,3,True,10498,1,False,False,False,False,0.19999998807907104,1.0,0.6776430010795593,9,5789
3318,0,3,8,False,7,3,True,False,False,False,0.3464101552963257,3.0,0.34813791513442993,6,423
3318,1,3,8,False,1,1,True,False,False,False,0.6000000238418579,6.0,0.6009991765022278,9,8970
3318,2,3,8,False,2,1,True,False,False,False,0.6633249521255493,5.0,0.6642289161682129,8,9617
3318,3,9,2,True,10498,1,False,False,False,False,0.20000001788139343,1.0,0.6415606141090393,10,3317
3318,4,1,10,False,10460,1,True,True,True,True,0.0,0.0,0.019999980926513672,1,3318
3318,5,6,5,True,10498,1,False,False,False,False,0.2828426957130432,2.0,0.671118438243866,8,1948
3318,6,11,0,True,10498,1,False,,,,,,0.7927168607711792,11,8035
3318,7,6,5,True,10498,1,False,False,False,False,0.20000001788139343,1.0,0.4841487407684326,7,4280
3318,8,8,3,True,10498,1,False,False,False,False,0.20000001788139343,1.0,0.7343024611473083,9,3317
3318,9,8,3,True,10498,1,False,False,False,False,0.2828427255153656,2.0,0.6717142462730408,10,1963
3318,10,11,0,True,10498,1,False,,,,,,0.7927168607711792,11,8035
3318,11,9,2,True,10498,1,False,True,True,True,0.0,0.0,0.7922121286392212,9,4280
3318,12,7,4,True,10498,1,False,False,False,False,0.19999998807907104,1.0,0.73403000831604,8,6851
3318,13,11,0,True,10498,1,False,,,,,,0.7927168607711792,11,8035
3318,14,6,5,True,10498,1,False,False,False,False,0.2828427255153656,2.0,0.42237424850463867,8,8035
3318,15,8,3,True,10498,1,False,False,False,False,0.2828426957130432,2.0,0.7817928194999695,10,10010
3318,16,9,2,True,10498,2,False,False,False,False,0.19999998807907104,1.0,0.7665507793426514,10,3317
3318,17,5,6,True,10498,2,False,False,False,False,0.19999998807907104,1.0,0.6016644239425659,6,1129
3318,18,8,3,True,10498,1,False,False,False,False,0.4898979365825653,3.0,0.622253954410553,11,6248
3318,19,3,8,False,1,1,True,False,False,False,1.1999999284744263,8.0,1.2004998922348022,11,53
3318,20,2,9,False,7,3,True,False,False,False,0.3464101552963257,3.0,0.3475629389286041,5,423
3318,21,3,8,False,1,1,True,False,False,False,1.1999999284744263,8.0,1.2004998922348022,11,53
3318,22,11,0,True,10498,1,False,,,,,,0.7927168607711792,11,8035
3318,23,5,6,True,10498,1,False,False,False,False,0.3464101552963257,3.0,0.515751838684082,8,5276
3318,24,9,2,True,10498,1,False,False,False,False,0.4472135901451111,2.0,0.6660330295562744,11,4062
3318,25,5,6,True,10498,1,False,False,False,False,0.3464101552963257,3.0,0.5603570342063904,8,9921
3318,26,11,0,True,10498,1,False,,,,,,0.7927168607711792,11,8035
3318,27,3,8,True,10498,1,False,False,False,False,0.4000000059604645,4.0,0.5071489214897156,7,428
3318,28,4,7,False,7,1,True,False,False,False,0.2828426957130432,2.0,0.28565713763237,6,8838
3318,29,1,10,False,1616,33,True,False,False,False,0.2828426957130432,2.0,0.2835489511489868,3,6597
3318,30,2,9,False,23,3,True,False,False,False,0.2828426957130432,2.0,0.28425341844558716,4,7285
3318,31,6,5,True,10498,1,False,False,False,False,0.2828426957130432,2.0,0.6343501210212708,8,5273
8411,0,11,0,True,10498,1,False,,,,,,0.7927168607711792,11,8035
8411,1,2,9,False,220,3,True,True,True,True,0.0,0.0,0.02828427590429783,2,6692
8411,2,1,10,False,3,1,True,False,False,False,1.039230465888977,8.0,1.039422869682312,9,8970
8411,3,6,5,True,10498,1,False,False,False,False,0.2828427255153656,2.0,0.8114185333251953,8,2156
8411,4,3,8,True,10498,1,False,False,False,False,0.44721361994743347,2.0,0.5451605319976807,5,7581
8411,5,1,10,False,10460,78,True,True,True,True,0.0,0.0,0.019999980926513672,1,2961
8411,6,5,6,True,10498,3,False,True,True,True,0.0,0.0,0.670820415019989,5,6518
8411,7,10,1,True,10498,1,False,True,True,True,0.0,0.0,0.7924644947052002,10,8035
8411,8,2,9,False,51,3,True,False,False,False,0.2828426957130432,2.0,0.28425341844558716,4,4242
8411,9,8,3,True,10498,1,False,False,False,False,0.19999998807907104,1.0,0.6412488222122192,9,9355
8411,10,1,10,False,25,1,True,False,False,False,0.9380831718444824,8.0,0.938296377658844,9,7924
8411,11,11,0,True,10498,1,False,,,,,,0.7927168607711792,11,8035
8411,12,1,10,False,10460,78,True,True,True,True,0.0,0.0,0.019999980926513672,1,4429
8411,13,6,5,True,10498,1,False,False,False,False,0.44721361994743347,2.0,0.5885576009750366,8,8035
8411,14,11,0,True,10498,1,False,,,,,,0.7927168607711792,11,8035
8411,15,7,4,True,10498,1,False,False,False,False,0.20000001788139343,1.0,0.73403000831604,8,1948
8411,16,7,4,True,10498,1,False,False,False,False,0.4472135901451111,2.0,0.5888972878456116,9,6248
8411,17,1,10,False,26,3,True,False,False,False,0.20000001788139343,1.0,0.20099753141403198,2,9104
8411,18,10,1,True,10498,1,False,False,False,False,0.3999999761581421,1.0,0.6723094582557678,11,4062
8411,19,8,3,True,10498,1,False,True,True,True,0.0,0.0,0.7610518932342529,8,10010
8411,20,10,1,True,10498,1,False,True,True,True,0.0,0.0,0.7924644947052002,10,8035
8411,21,3,8,True,10498,1,False,False,False,False,0.2828426957130432,2.0,0.552449107170105,5,9592
8411,22,2,9,True,10498,3,False,True,True,True,0.0,0.0,0.22090721130371094,2,682
8411,23,3,8,True,10498,1,False,False,False,False,0.4898979663848877,3.0,0.5806893110275269,6,2156
8411,24,6,5,True,10498,1,False,False,False,False,0.4000000059604645,1.0,0.5953150987625122,7,2156
8411,25,11,0,True,10498,1,False,,,,,,0.7927168607711792,11,8035
8411,26,6,5,True,10498,1,False,False,False,False,0.2828426957130432,2.0,0.7282856702804565,8,6851
8411,27,6,5,True,10498,1,False,False,False,False,0.2828427255153656,2.0,0.8404760360717773,8,7244
8411,28,11,0,True,10498,1,False,,,,,,0.7927168607711792,11,8035
8411,29,4,7,True,10498,1,False,False,False,False,0.2828426957130432,2.0,0.6939740777015686,6,1954
8411,30,8,3,True,10498,1,False,True,True,True,0.0,0.0,0.7919595837593079,8,2156
8411,31,3,8,False,1,1,True,False,False,False,1.0770329236984253,7.0,1.0775898694992065,10,6248
4319,0,11,0,True,10498,1,False,,,,,,0.7927168607711792,11,8035
4319,1,9,2,True,10498,1,False,True,True,True,0.0,0.0,0.49355849623680115,9,8035
4319,2,7,4,True,10498,1,False,False,False,False,0.34641018509864807,3.0,0.5165268778800964,10,8035
4319,3,9,2,True,10498,1,False,False,False,False,0.20000001788139343,1.0,0.7345747351646423,10,3317
4319,4,9,2,True,10498,1,False,False,False,False,0.20000001788139343,1.0,0.8170679211616516,10,7244
4319,5,1,10,False,575,3,True,False,False,False,0.19999998807907104,1.0,0.2009975016117096,2,2307
4319,6,5,6,True,10498,1,False,True,True,True,0.0,0.0,0.6082762479782104,5,1951
4319,7,7,4,True,10498,2,False,False,False,False,0.20000001788139343,1.0,0.73403000831604,8,1948
4319,8,6,5,True,10498,1,False,False,False,False,0.3464101552963257,3.0,0.6280127167701721,9,5276
4319,9,6,5,True,10498,1,False,False,False,False,0.3464101552963257,3.0,0.6651315689086914,9,5276
4319,10,8,3,True,10498,1,False,False,False,False,0.20000001788139343,1.0,0.8168231248855591,9,7244
4319,11,2,9,False,1,1,True,False,False,False,0.9797959327697754,8.0,0.9802041053771973,10,8970
4319,12,9,2,True,10498,1,False,True,True,True,0.0,0.0,0.7922121286392212,9,8035
4319,13,7,4,True,10498,1,False,True,True,True,0.0,0.0,0.6089335083961487,7,1948
4319,14,7,4,True,10498,1,False,False,False,False,0.40000003576278687,1.0,0.634665310382843,8,8035
4319,15,6,5,True,10498,2,False,True,True,True,0.0,0.0,0.5238320827484131,6,7129
4319,16,3,8,True,10498,1,False,False,False,False,0.2828426957130432,2.0,0.3594439923763275,5,6312
4319,17,11,0,True,10498,1,False,,,,,,0.7927168607711792,11,8035
4319,18,9,2,True,10498,1,False,False,False,False,0.20000001788139343,1.0,0.8170679211616516,10,7244
4319,19,10,1,True,10498,1,False,True,True,True,0.0,0.0,0.8221921920776367,10,7244
4319,20,3,8,True,10498,1,False,False,False,False,0.2828427255153656,2.0,0.42095130681991577,5,428
4319,21,9,2,True,10498,2,False,False,False,False,0.20000001788139343,1.0,0.7345747351646423,10,9355
4319,22,5,6,True,10498,1,False,False,False,False,0.19999998807907104,1.0,0.5603570938110352,6,490
4319,23,3,8,False,1,1,True,False,False,False,1.039230465888977,7.0,1.039807677268982,10,26
4319,24,4,7,True,10498,1,False,False,False,False,0.2828426957130432,2.0,0.523067831993103,6,9671
4319,25,11,0,True,10498,1,False,,,,,,0.7927168607711792,11,8035
4319,26,4,7,True,10498,1,False,False,False,False,0.3464101552963257,3.0,0.6273754835128784,7,5276
4319,27,11,0,True,10498,1,False,,,,,,0.7927168607711792,11,8035
4319,28,10,1,True,10498,1,False,True,True,True,0.0,0.0,0.7402702569961548,10,9355
4319,29,4,7,False,1,1,True,False,False,False,1.1313707828521729,7.0,1.132077693939209,11,26
4319,30,10,1,True,10498,1,False,True,True,True,0.0,0.0,0.7924644947052002,10,8035
4319,31,4,7,True,10498,2,False,False,False,False,0.20000001788139343,1.0,0.430813193321228,5,1021
4200,0,9,2,True,10498,1,False,False,False,False,0.4472135901451111,2.0,0.9097252488136292,11,7244
4200,1,1,10,False,3,1,True,False,False,False,0.9165151715278625,7.0,0.9167333841323853,8,8970
4200,2,9,2,True,10498,1,False,False,False,False,0.2828426957130432,2.0,0.6720119118690491,11,3317
4200,3,11,0,True,10498,1,False,,,,,,0.7927168607711792,11,8035
4200,4,11,0,True,10498,1,False,,,,,,0.7927168607711792,11,8035
4200,5,7,4,True,10498,1,False,False,False,False,0.44721361994743347,2.0,0.6283311247825623,9,6248
4200,6,10,1,True,10498,2,False,False,False,False,0.19999998807907104,1.0,0.7668116688728333,11,9355
4200,7,1,10,False,1,1,True,False,False,False,1.3114876747131348,10.0,1.3116401433944702,11,53
4200,8,10,1,True,10498,2,False,True,True,True,0.0,0.0,0.7402702569961548,10,3317
4200,9,1,10,False,25,1,True,False,False,False,0.7211102843284607,7.0,0.7213875651359558,8,1157
4200,10,5,6,True,10498,1,False,False,False,False,0.3999999761581421,4.0,0.6587867736816406,9,8060
4200,11,10,1,True,10498,1,False,True,True,True,0.0,0.0,0.7924644947052002,10,8035
4200,12,9,2,True,10498,1,False,False,False,False,0.4000000059604645,1.0,0.8411896824836731,10,1963
4200,13,2,9,False,2,1,True,False,False,False,0.8246211409568787,6.0,0.8251060843467712,8,8970
4200,14,1,10,False,25,1,True,False,False,False,0.7211102843284607,7.0,0.7213875651359558,8,1157
4200,15,11,0,True,10498,1,False,,,,,,0.7927168607711792,11,8035
4200,16,11,0,True,10498,1,False,,,,,,0.7927168607711792,11,8035
4200,17,2,9,False,2,1,True,False,False,False,1.1999999284744263,8.0,1.2003333568572998,10,26
4200,18,9,2,True,10498,1,False,False,False,False,0.4472135901451111,2.0,0.6289674043655396,11,8035
4200,19,1,10,False,52,1,True,False,False,False,0.4472135901451111,2.0,0.4476605951786041,3,10023
4200,20,8,3,True,10498,1,False,False,False,False,0.4472135901451111,2.0,0.7233256697654724,10,7262
4200,21,3,8,False,1,1,True,False,False,False,1.1135529279708862,8.0,1.1140915155410767,11,26
4200,22,3,8,True,10498,1,False,False,False,False,0.19999998807907104,1.0,0.5149757266044617,4,5578
4200,23,3,8,True,10498,1,False,False,False,False,0.3464101552963257,3.0,0.5875372290611267,6,4033
4200,24,11,0,True,10498,1,False,,,,,,0.7927168607711792,11,8035
4200,25,9,2,True,10498,2,False,False,False,False,0.19999998807907104,1.0,0.7665507793426514,10,9355
4200,26,4,7,True,10498,2,False,True,True,True,0.0,0.0,0.65848308801651,4,4528
4200,27,1,10,False,3,1,True,False,False,False,0.9165151715278625,7.0,0.9167333841323853,8,8970
4200,28,1,10,False,10460,88,True,True,True,True,0.0,0.0,0.019999980926513672,1,1694
4200,29,9,2,True,10498,1,False,True,True,True,0.0,0.0,0.7400000095367432,9,8970
4200,30,2,9,False,2,1,True,False,False,False,1.1999999284744263,8.0,1.2003333568572998,10,26
4200,31,3,8,True,10498,6,False,False,False,False,0.3464101552963257,3.0,0.5451605319976807,6,3902
4229,0,3,8,True,10498,1,False,False,False,False,0.4472135901451111,5.0,0.5875372290611267,8,4806
4229,1,5,6,True,10498,1,False,False,False,False,0.3464101552963257,3.0,0.6648308038711548,8,9671
4229,2,10,1,True,10498,1,False,False,False,False,0.20000001788139343,1.0,0.7874007821083069,11,8035
4229,3,2,9,False,540,2,True,False,False,False,0.19999998807907104,1.0,0.20199008285999298,3,1074
4229,4,7,4,True,10498,1,False,False,False,False,0.19999998807907104,1.0,0.6023288369178772,8,10060
4229,5,11,0,True,10498,1,False,,,,,,0.7927168607711792,11,8035
4229,6,1,10,False,26,1,True,False,False,False,0.3999999761581421,4.0,0.4004996716976166,5,7805
4229,7,4,7,True,10498,1,False,False,False,False,0.2828426957130432,2.0,0.35999995470046997,6,5634
4229,8,8,3,True,10498,1,False,False,False,False,0.19999998807907104,1.0,0.7868925929069519,9,10010
4229,9,6,5,True,10498,3,False,False,False,False,0.3464101552963257,3.0,0.5161395072937012,9,4057
4229,10,8,3,True,10498,1,False,False,False,False,0.20000001788139343,1.0,0.8168231248855591,9,7244
4229,11,11,0,True,10498,1,False,,,,,,0.7927168607711792,11,8035
4229,12,2,9,False,4,1,True,False,False,False,0.6000000238418579,6.0,0.600666344165802,8,8970
4229,13,1,10,False,5,1,True,False,False,False,0.8485282063484192,7.0,0.8487638831138611,8,8970
4229,14,11,0,True,10498,1,False,,,,,,0.7927168607711792,11,8035
4229,15,4,7,True,10498,1,False,False,False,False,0.3464101552963257,3.0,0.4664761424064636,7,5276
4229,16,5,6,True,10498,1,False,False,False,False,0.2828426957130432,2.0,0.4753945767879486,7,7262
4229,17,2,9,False,1,1,True,False,False,False,1.058300495147705,8.0,1.058678388595581,10,26
4229,18,2,9,False,2,1,True,False,False,False,0.7211102247238159,5.0,0.7216647267341614,7,9617
4229,19,9,2,True,10498,1,False,False,False,False,0.19999998807907104,1.0,0.532541036605835,10,8035
4229,20,4,7,True,10498,1,False,False,False,False,0.2828426957130432,2.0,0.4214261472225189,6,6025
4229,21,11,0,True,10498,1,False,,,,,,0.7927168607711792,11,8035
4229,22,4,7,True,10498,1,False,False,False,False,0.4000000059604645,1.0,0.5528110265731812,5,2658
4229,23,9,2,True,10498,1,False,False,False,False,0.20000001788139343,1.0,0.7871467471122742,10,8035
4229,24,9,2,True,10498,1,False,False,False,False,0.6324555277824402,2.0,0.8316249251365662,11,4062
4229,25,5,6,True,10498,1,False,False,False,False,0.2828426957130432,2.0,0.4219004213809967,7,696
4229,26,3,8,False,3,1,True,False,False,False,0.19999998807907104,1.0,0.20297782123088837,4,423
4229,27,2,9,False,7,1,True,False,False,False,0.4898979663848877,3.0,0.4907137453556061,5,8838
4229,28,5,6,True,10498,1,False,False,False,False,0.3464101552963257,3.0,0.5603570342063904,8,1963
4229,29,1,10,False,25,1,True,False,False,False,0.8485281467437744,7.0,0.8487638235092163,8,2237
4229,30,1,10,False,10411,2,True,True,True,True,0.0,0.0,0.019999980926513672,1,4229
4229,31,9,2,True,10498,1,False,True,True,True,0.0,0.0,0.7717512845993042,9,9921
6867,0,5,6,True,10498,1,False,False,False,False,0.2828427255153656,2.0,0.4753945767879486,7,7262
6867,1,5,6,True,10498,2,False,False,False,False,0.2828426957130432,2.0,0.5234500765800476,7,5275
6867,2,6,5,True,10498,1,False,False,False,False,0.4000000059604645,1.0,0.7282856702804565,7,1963
6867,3,7,4,True,10498,1,False,False,False,False,0.4000000059604645,1.0,0.6948381066322327,8,3317
6867,4,2,9,True,10498,3,False,False,False,False,0.20000000298023224,1.0,0.3698648512363434,3,2229
6867,5,3,8,False,7,1,True,False,False,False,0.4898979663848877,3.0,0.49112117290496826,6,9617
6867,6,3,8,True,10498,1,False,False,False,False,0.3999999761581421,4.0,0.5806892514228821,7,8021
6867,7,8,3,True,10498,1,False,True,True,True,0.0,0.0,0.5396294593811035,8,4062
6867,8,11,0,True,10498,1,False,,,,,,0.7927168607711792,11,8035
6867,9,8,3,True,10498,1,False,False,False,False,0.19999998807907104,1.0,0.6026607751846313,9,3317
6867,10,2,9,False,2919,24,True,True,True,True,0.0,0.0,0.028284255415201187,2,9880
6867,11,5,6,True,10498,1,False,False,False,False,0.2828426957130432,2.0,0.5949790477752686,7,4079
6867,12,7,4,True,10498,1,False,True,True,True,0.0,0.0,0.634665310382843,7,5621
6867,13,1,10,False,10411,24,True,True,True,True,0.0,0.0,0.019999980926513672,1,2261
6867,14,3,8,False,25,1,True,False,False,False,0.5656853914260864,2.0,0.5667451024055481,5,4139
6867,15,10,1,True,10498,2,False,False,False,False,0.19999998807907104,1.0,0.7668116688728333,11,9355
6867,16,9,2,True,10498,1,False,False,False,False,0.4000000059604645,1.0,0.8121576309204102,10,3317
6867,17,5,6,True,10498,2,False,True,True,True,0.0,0.0,0.5234501361846924,5,4190
6867,18,5,6,False,1,1,True,False,False,False,0.4472135901451111,2.0,0.44944408535957336,7,9617
6867,19,7,4,True,10498,4,False,True,True,True,0.0,0.0,0.5681549310684204,7,6025
6867,20,6,5,False,1,1,True,False,False,False,0.6324555277824402,4.0,0.634350061416626,10,26
6867,21,10,1,True,10498,1,False,True,True,True,0.0,0.0,0.7924644947052002,10,8035
6867,22,7,4,True,10498,1,False,False,False,False,0.2828426957130432,2.0,0.6089334487915039,9,4838
6867,23,1,10,False,2981,24,True,True,True,True,0.0,0.0,0.019999995827674866,1,10185
6867,24,9,2,True,10498,1,False,False,False,False,0.20000001788139343,1.0,0.5325410962104797,10,4062
6867,25,9,2,True,10498,1,False,False,False,False,0.20000001788139343,1.0,0.5325410962104797,10,4062
6867,26,7,4,True,10498,1,False,False,False,False,0.2828427255153656,2.0,0.634665310382843,9,8970
6867,27,11,0,True,10498,1,False,,,,,,0.7927168607711792,11,8035
6867,28,8,3,True,10498,1,False,False,False,False,0.20000001788139343,1.0,0.6776430010795593,9,7181
6867,29,2,9,False,23,3,True,False,False,False,0.7211102843284607,2.0,0.7216647863388062,4,721
6867,30,2,9,False,2919,24,True,True,True,True,0.0,0.0,0.028284255415201187,2,9870
6867,31,8,3,True,10498,1,False,False,False,False,0.19999998807907104,1.0,0.5754997134208679,9,4838
10297,0,3,8,True,10498,2,False,False,False,False,0.19999998807907104,1.0,0.3704051673412323,4,9217
10297,1,7,4,True,10498,2,False,False,False,False,0.2828426957130432,2.0,0.8407140374183655,9,10051
10297,2,1,10,False,1616,53,True,True,True,True,0.0,0.0,0.02000001072883606,1,9114
10297,3,6,5,True,10498,1,False,True,True,True,0.0,0.0,0.5678027868270874,6,8269
10297,4,9,2,True,10498,1,False,False,False,False,0.19999998807907104,1.0,0.7345747351646423,10,9355
10297,5,4,7,True,10498,1,False,True,True,True,0.0,0.0,0.6337192058563232,4,9659
10297,6,1,10,False,5,1,True,False,False,False,0.9380831718444824,6.0,0.938296377658844,7,8970
10297,7,1,10,False,3,1,True,False,False,False,0.9380831718444824,6.0,0.938296377658844,7,8970
10297,8,3,8,False,7,1,True,False,False,False,0.2828426957130432,2.0,0.2849561274051666,5,8838
10297,9,5,6,True,10498,1,False,False,False,False,0.4000000059604645,1.0,0.6587867736816406,6,9092
10297,10,6,5,True,10498,1,False,False,False,False,0.19999998807907104,1.0,0.4317406117916107,7,1963
10297,11,7,4,True,10498,1,False,True,True,True,0.0,0.0,0.5242137312889099,7,7355
10297,12,7,4,True,10498,1,False,False,False,False,0.4000000059604645,1.0,0.8870174288749695,8,7244
10297,13,5,6,True,10498,1,False,True,True,True,0.0,0.0,0.5674504637718201,5,9671
10297,14,9,2,True,10498,1,False,False,False,False,0.19999998807907104,1.0,0.7345747351646423,10,8970
10297,15,7,4,True,10498,1,False,True,True,True,0.0,0.0,0.6471476554870605,7,9921
10297,16,5,6,True,10498,2,False,False,False,False,0.19999998807907104,1.0,0.5603570342063904,6,8274
10297,17,8,3,True,10498,1,False,False,False,False,0.5656854510307312,2.0,0.6835203170776367,10,8035
10297,18,3,8,True,10498,4,False,True,True,True,0.0,0.0,0.42095133662223816,3,721
10297,19,6,5,True,10498,1,False,True,True,True,0.0,0.0,0.7282856702804565,6,10010
10297,20,7,4,True,10498,4,False,True,True,True,0.0,0.0,0.5681549310684204,7,2955
10297,21,1,10,False,1616,53,True,True,True,True,0.0,0.0,0.02000001072883606,1,10065
10297,22,2,9,False,540,1,True,True,True,True,0.0,0.0,0.028284255415201187,2,8445
10297,23,8,3,True,10498,1,False,True,True,True,0.0,0.0,0.7397297620773315,8,1963
10297,24,8,3,True,10498,1,False,False,False,False,0.2828427255153656,2.0,0.5245950818061829,10,8035
10297,25,9,2,True,10498,1,False,False,False,False,0.2828426957130432,2.0,0.8411896228790283,11,4838
10297,26,2,9,True,10498,1,False,False,False,False,0.2828426957130432,2.0,0.3588871657848358,4,6083
10297,27,7,4,True,10498,1,False,False,False,False,0.4000000059604645,1.0,0.5956509113311768,8,8035
10297,28,6,5,True,10498,1,False,False,False,False,0.3464101552963257,3.0,0.7552483677864075,9,6851
10297,29,2,9,False,2,1,True,False,False,False,0.9380831718444824,6.0,0.938509464263916,8,8970
10297,30,9,2,True,10498,1,False,False,False,False,0.19999998807907104,1.0,0.7345747351646423,10,9355
10297,31,10,1,True,10498,1,False,False,False,False,0.20000001788139343,1.0,0.7668116092681885,11,3317
8104,0,9,2,True,10498,1,False,False,False,False,0.4000000059604645,1.0,0.5963220596313477,10,8035
8104,1,4,7,True,10498,1,False,False,False,False,0.19999998807907104,1.0,0.466476172208786,5,8289
8104,2,1,10,False,10411,68,True,True,True,True,0.0,0.0,0.019999980926513672,1,1911
8104,3,1,10,False,2981,16,True,True,True,True,0.0,0.0,0.019999995827674866,1,2933
8104,4,6,5,True,10498,1,False,True,True,True,0.0,0.0,0.6711184978485107,6,7763
8104,5,9,2,True,10498,1,False,True,True,True,0.0,0.0,0.49355849623680115,9,8035
8104,6,5,6,True,10498,1,False,False,False,False,0.4000000059604645,1.0,0.5531727075576782,6,10195
8104,7,2,9,True,10498,1,False,False,False,False,0.19999998807907104,1.0,0.5145872235298157,3,7763
8104,8,1,10,False,2981,16,True,True,True,True,0.0,0.0,0.019999995827674866,1,2933
8104,9,6,5,True,10498,1,False,False,False,False,0.4472135901451111,2.0,0.722772479057312,8,1963
8104,10,5,6,True,10498,1,False,False,False,False,0.3464101552963257,3.0,0.6276941895484924,8,5276
8104,11,7,4,True,10498,2,False,False,False,False,0.19999998807907104,1.0,0.6409368515014648,8,3282
8104,12,11,0,True,10498,1,False,,,,,,0.7927168607711792,11,8035
8104,13,11,0,True,10498,1,False,,,,,,0.7927168607711792,11,8035
8104,14,9,2,True,10498,1,False,False,False,False,0.19999998807907104,1.0,0.6779381036758423,10,1963
8104,15,8,3,True,10498,1,False,False,False,False,0.4000000059604645,1.0,0.8313844203948975,9,6248
8104,16,1,10,False,3,1,True,False,False,False,1.095445156097412,8.0,1.0956276655197144,9,8970
8104,17,6,5,True,10498,1,False,False,False,False,0.2828426957130432,2.0,0.671118438243866,8,7181
8104,18,2,9,False,1,1,True,False,False,False,1.3266499042510986,8.0,1.3269513845443726,10,26
8104,19,5,6,True,10498,1,False,True,True,True,0.0,0.0,0.382099449634552,5,8538
8104,20,4,7,True,10498,2,False,False,False,False,0.20000001788139343,1.0,0.5153639912605286,5,10391
8104,21,2,9,True,10498,1,False,False,False,False,0.2828426957130432,2.0,0.3588871657848358,4,4365
8104,22,11,0,True,10498,1,False,,,,,,0.7927168607711792,11,8035
8104,23,8,3,True,10498,1,False,False,False,False,0.2828426957130432,2.0,0.7065408825874329,10,7181
8104,24,6,5,True,10498,1,False,True,True,True,0.0,0.0,0.6086049675941467,6,1948
8104,25,7,4,True,10498,1,False,False,False,False,0.19999998807907104,1.0,0.6023288369178772,8,2830
8104,26,8,3,True,10498,1,False,True,True,True,0.0,0.0,0.6092618703842163,8,1963
8104,27,9,2,True,10498,1,False,False,False,False,0.4472135603427887,2.0,0.701141893863678,11,4838
8104,28,10,1,True,10498,1,False,True,True,True,0.0,0.0,0.4939635396003723,10,8035
8104,29,2,9,True,10498,3,False,False,False,False,0.20000001788139343,1.0,0.3698648512363434,3,9734
8104,30,9,2,True,10498,1,False,True,True,True,0.0,0.0,0.7613146305084229,9,6248
8104,31,1,10,False,1616,117,True,True,True,True,0.0,0.0,0.02000001072883606,1,3349
5221,0,9,2,True,10498,2,False,True,True,True,0.0,0.0,0.7400000691413879,9,8025
5221,1,2,9,True,10498,5,False,False,False,False,0.19999998807907104,1.0,0.2979932725429535,3,7182
5221,2,5,6,True,10498,1,False,True,True,True,0.0,0.0,0.6082762479782104,5,9921
5221,3,10,1,True,10498,1,False,True,True,True,0.0,0.0,0.4939635396003723,10,8035
5221,4,9,2,True,10498,1,False,False,False,False,0.4472135901451111,2.0,0.6660330295562744,11,4062
5221,5,6,5,True,10498,1,False,True,True,True,0.0,0.0,0.5238320827484131,6,5069
5221,6,5,6,True,10498,1,False,False,False,False,0.4898979365825653,3.0,0.6587867736816406,8,5789
5221,7,3,8,False,23,3,True,False,False,False,0.19999998807907104,1.0,0.20297782123088837,4,720
5221,8,2,9,False,7,2,True,False,False,False,0.2828426957130432,2.0,0.28425338864326477,4,405
5221,9,7,4,True,10498,1,False,True,True,True,0.0,0.0,0.5681549310684204,7,309
5221,10,6,5,True,10498,1,False,False,False,False,0.44721361994743347,2.0,0.8064738512039185,8,8025
5221,11,5,6,True,10498,1,False,False,False,False,0.3464101552963257,3.0,0.5157518982887268,8,5052
5221,12,7,4,True,10498,2,False,False,False,False,0.2828426957130432,2.0,0.634665310382843,9,8025
5221,13,10,1,True,10498,1,False,True,True,True,0.0,0.0,0.7924644947052002,10,8035
5221,14,9,2,True,10498,1,False,False,False,False,0.19999998807907104,1.0,0.7345747351646423,10,9355
5221,15,10,1,True,10498,1,False,True,True,True,0.0,0.0,0.7924644947052002,10,8035
5221,16,7,4,True,10498,1,False,False,False,False,0.19999998807907104,1.0,0.6023288369178772,8,9355
5221,17,2,9,True,10498,1,False,True,True,True,0.0,0.0,0.22090721130371094,2,380
5221,18,3,8,True,10498,1,False,True,True,True,0.0,0.0,0.31176915764808655,3,9481
5221,19,3,8,True,10498,5,False,False,False,False,0.19999998807907104,1.0,0.2986636757850647,4,8573
5221,20,2,9,False,1616,11,True,True,True,True,0.0,0.0,0.028284266591072083,2,5293
5221,21,6,5,True,10498,1,False,False,False,False,0.4898979663848877,3.0,0.7172169089317322,9,8025
5221,22,6,5,True,10498,1,False,False,False,False,0.4000000059604645,1.0,0.634350061416626,7,7244
5221,23,3,8,True,10498,1,False,True,True,True,0.0,0.0,0.2218107283115387,3,380
5221,24,10,1,True,10498,1,False,False,False,False,0.3999999761581421,1.0,0.6723094582557678,11,4062
5221,25,11,0,True,10498,1,False,,,,,,0.7927168607711792,11,8035
5221,26,5,6,True,10498,1,False,True,True,True,0.0,0.0,0.475394606590271,5,5621
5221,27,3,8,True,10498,1,False,False,False,False,0.4898979365825653,3.0,0.5806892514228821,6,6075
5221,28,6,5,True,10498,2,False,False,False,False,0.19999998807907104,1.0,0.7002857327461243,7,10051
5221,29,9,2,True,10498,1,False,False,False,False,0.20000001788139343,1.0,0.7345747351646423,10,8970
5221,30,7,4,True,10498,1,False,False,False,False,0.4898979365825653,3.0,0.6219324469566345,10,6248
5221,31,10,1,True,10498,1,False,True,True,True,0.0,0.0,0.7924644947052002,10,8035
5760,0,9,2,True,10498,1,False,False,False,False,0.20000001788139343,1.0,0.7871467471122742,10,8035
5760,1,10,1,True,10498,1,False,True,True,True,0.0,0.0,0.7402702569961548,10,8970
5760,2,2,9,False,25,1,True,False,False,False,0.5291502475738525,4.0,0.5299056172370911,6,4139
5760,3,2,9,False,2945,2,True,True,True,True,0.0,0.0,0.028284255415201187,2,5760
5760,4,8,3,True,10498,1,False,False,False,False,0.20000001788139343,1.0,0.7343024611473083,9,6851
5760,5,9,2,True,10498,2,False,True,True,True,0.0,0.0,0.7400000691413879,9,9355
5760,6,3,8,True,10498,1,False,True,True,True,0.0,0.0,0.5226854085922241,3,10060
5760,7,11,0,True,10498,1,False,,,,,,0.7927168607711792,11,8035
5760,8,10,1,True,10498,1,False,True,True,True,0.0,0.0,0.7402702569961548,10,8970
5760,9,11,0,True,10498,1,False,,,,,,0.7927168607711792,11,8035
5760,10,2,9,False,2,1,True,False,False,False,0.5291502475738525,4.0,0.5299056172370911,6,4139
5760,11,4,7,True,10498,1,False,False,False,False,0.20000001788139343,1.0,0.430813193321228,5,6851
5760,12,1,10,False,5,1,True,False,False,False,0.6633249521255493,5.0,0.6636264324188232,6,8970
5760,13,2,9,True,10498,1,False,False,False,False,0.3464101552963257,3.0,0.4108527898788452,5,7262
5760,14,7,4,True,10498,1,False,True,True,True,0.0,0.0,0.3831448554992676,7,10463
5760,15,9,2,True,10498,1,False,True,True,True,0.0,0.0,0.7922120690345764,9,8035
5760,16,11,0,True,10498,1,False,,,,,,0.7927168607711792,11,8035
5760,17,8,3,True,10498,1,False,False,False,False,0.19999998807907104,1.0,0.6026607751846313,9,8970
5760,18,8,3,True,10498,1,False,False,False,False,0.20000001788139343,1.0,0.484974205493927,9,8035
5760,19,4,7,True,10498,1,False,False,False,False,0.20000001788139343,1.0,0.466476172208786,5,422
5760,20,6,5,True,10498,1,False,False,False,False,0.20000001788139343,1.0,0.6019967198371887,7,6851
5760,21,11,0,True,10498,1,False,,,,,,0.7927168607711792,11,8035
5760,22,7,4,True,10498,2,False,False,False,False,0.20000001788139343,1.0,0.6023288369178772,8,3317
5760,23,3,8,False,263,6,True,False,False,False,0.19999998807907104,1.0,0.20297782123088837,4,5352
5760,24,10,1,True,10498,2,False,True,True,True,0.0,0.0,0.7402702569961548,10,3317
5760,25,5,6,True,10498,1,False,False,False,False,0.20000001788139343,1.0,0.6016644239425659,6,9092
5760,26,11,0,True,10498,1,False,,,,,,0.7927168607711792,11,8035
5760,27,1,10,False,25,1,True,False,False,False,0.5656853914260864,5.0,0.5660388469696045,6,7924
5760,28,5,6,True,10498,1,False,False,False,False,0.2828427255153656,2.0,0.4753945767879486,7,9092
5760,29,8,3,True,10498,1,False,False,False,False,0.20000000298023224,1.0,0.5321654081344604,9,8035
5760,30,3,8,True,10498,1,False,True,True,True,0.0,0.0,0.31176915764808655,3,5589
5760,31,10,1,True,10498,1,False,True,True,True,0.0,0.0,0.7402702569961548,10,8970
1305,0,3,8,True,10498,2,False,False,False,False,0.3464101552963257,3.0,0.4660471975803375,6,7183
1305,1,8,3,True,10498,1,False,False,False,False,0.2828426957130432,2.0,0.6717142462730408,10,9355
1305,2,8,3,True,10498,1,False,False,False,False,0.2828426957130432,2.0,0.634980320930481,10,3317
1305,3,10,1,True,10498,1,False,False,False,False,0.4000000059604645,1.0,0.6356099247932434,11,8035
1305,4,7,4,True,10498,1,False,False,False,False,0.4472135901451111,2.0,0.9092854261398315,9,7244
1305,5,11,0,True,10498,1,False,,,,,,0.7927168607711792,11,8035
1305,6,8,3,True,10498,1,False,True,True,True,0.0,0.0,0.6474565863609314,8,5789
1305,7,7,4,True,10498,1,False,False,False,False,0.3464101552963257,3.0,0.6023288369178772,10,7181
1305,8,10,1,True,10498,1,False,True,True,True,0.0,0.0,0.7402702569961548,10,8970
1305,9,1,10,False,575,30,True,False,False,False,0.20000001788139343,1.0,0.20099753141403198,2,3412
1305,10,3,8,True,10498,1,False,False,False,False,0.20000001788139343,1.0,0.5149757266044617,4,5088
1305,11,4,7,True,10498,1,False,False,False,False,0.3464101552963257,3.0,0.6645299196243286,7,9931
1305,12,9,2,True,10498,1,False,False,False,False,0.19999998807907104,1.0,0.4853864312171936,10,6248
1305,13,4,7,True,10498,1,False,False,False,False,0.20000001788139343,1.0,0.5153639912605286,5,5088
1305,14,10,1,True,10498,1,False,False,False,False,0.4000000059604645,1.0,0.6356099247932434,11,8035
1305,15,2,9,True,10498,1,False,False,False,False,0.2828426957130432,2.0,0.42047592997550964,4,3947
1305,16,3,8,False,1,1,True,False,False,False,0.6928203105926514,6.0,0.6936858296394348,9,8970
1305,17,11,0,True,10498,1,False,,,,,,0.7927168607711792,11,8035
1305,18,1,10,False,26,1,True,False,False,False,0.5291503071784973,4.0,0.5295281410217285,5,7805
1305,19,10,1,True,10498,1,False,True,True,True,0.0,0.0,0.7924644947052002,10,8035
1305,20,2,9,False,2919,1,True,True,True,True,0.0,0.0,0.028284255415201187,2,3334
1305,21,5,6,True,10498,1,False,False,False,False,0.44721361994743347,2.0,0.5882176756858826,7,6248
1305,22,1,10,False,5,1,True,False,False,False,0.8485282063484192,6.0,0.8487638831138611,7,6248
1305,23,9,2,True,10498,1,False,False,False,False,0.44721361994743347,2.0,0.7011419534683228,11,4062
1305,24,7,4,True,10498,1,False,False,False,False,0.3464101552963257,3.0,0.6023288369178772,10,7181
1305,25,8,3,True,10498,1,False,False,False,False,0.2828426957130432,2.0,0.634980320930481,10,8970
1305,26,8,3,True,10498,1,False,True,True,True,0.0,0.0,0.7610518932342529,8,6248
1305,27,10,1,True,10498,1,False,True,True,True,0.0,0.0,0.7402702569961548,10,8970
1305,28,6,5,True,10498,1,False,False,False,False,0.5291502475738525,4.0,0.6887670159339905,10,1020
1305,29,7,4,True,10498,1,False,False,False,False,0.6000000238418579,3.0,0.776401937007904,10,7244
1305,30,2,9,True,10498,1,False,False,False,False,0.3464101552963257,3.0,0.5447935461997986,5,5831
1305,31,4,7,True,10498,5,False,False,False,False,0.2828426957130432,2.0,0.5946427583694458,6,9714
6846,0,1,10,False,25,2,True,False,False,False,0.7483314871788025,6.0,0.7485986948013306,7,5756
6846,1,3,8,False,1,1,True,False,False,False,0.8485281467437744,4.0,0.8492349982261658,7,6312
6846,2,10,1,True,10498,1,False,True,True,True,0.0,0.0,0.7924644947052002,10,8035
6846,3,5,6,True,10498,1,False,False,False,False,0.3464101552963257,3.0,0.515751838684082,8,7262
6846,4,4,7,True,10498,1,False,False,False,False,0.2828426957130432,2.0,0.35999998450279236,6,6811
6846,5,2,9,False,7,1,True,False,False,False,0.8717797994613647,5.0,0.8722385168075562,7,8838
6846,6,1,10,False,10411,1,True,True,True,True,0.0,0.0,0.019999980926513672,1,6846
6846,7,6,5,True,10498,1,False,False,False,False,0.19999998807907104,1.0,0.4317406117916107,7,5789
6846,8,3,8,True,10498,1,False,False,False,False,0.2828426957130432,2.0,0.5071489214897156,5,2937
6846,9,3,8,False,48,1,True,False,False,False,0.4000000059604645,4.0,0.4014972150325775,7,423
6846,10,9,2,True,10498,2,False,False,False,False,0.2828426957130432,2.0,0.6720119118690491,11,9355
6846,11,4,7,True,10498,1,False,False,False,False,0.2828426957130432,2.0,0.4749736487865448,6,384
6846,12,4,7,True,10498,2,False,False,False,False,0.2828426957130432,2.0,0.727736234664917,6,2642
6846,13,7,4,True,10498,1,False,False,False,False,0.5656854510307312,2.0,0.6832276582717896,9,8035
6846,14,9,2,True,10498,1,False,False,False,False,0.2828426957130432,2.0,0.6720119118690491,11,3317
6846,15,6,5,True,10498,1,False,False,False,False,0.2828426957130432,2.0,0.7282856702804565,8,8927
6846,16,11,0,True,10498,1,False,,,,,,0.7927168607711792,11,8035
6846,17,9,2,True,10498,1,False,False,False,False,0.2828426957130432,2.0,0.6095899939537048,11,4838
6846,18,5,6,True,10498,1,False,False,False,False,0.2828426957130432,2.0,0.5949789881706238,7,2937
6846,19,2,9,False,1,1,True,False,False,False,1.0770330429077148,7.0,1.077404260635376,9,26
6846,20,8,3,True,10498,1,False,False,False,False,0.4000000059604645,1.0,0.634980320930481,9,8035
6846,21,10,1,True,10498,1,False,False,False,False,0.19999998807907104,1.0,0.5761944055557251,11,4062
6846,22,6,5,True,10498,4,False,False,False,False,0.19999998807907104,1.0,0.5607138276100159,7,2229
6846,23,3,8,True,10498,1,False,False,False,False,0.5291502475738525,4.0,0.6141660809516907,7,7262
6846,24,11,0,True,10498,1,False,,,,,,0.7927168607711792,11,8035
6846,25,3,8,True,10498,1,False,True,True,True,0.0,0.0,0.2218107283115387,3,6846
6846,26,6,5,True,10498,1,False,True,True,True,0.0,0.0,0.5678027868270874,6,3128
6846,27,8,3,True,10498,2,False,False,False,False,0.4472135901451111,2.0,0.8361818790435791,10,3317
6846,28,9,2,True,10498,2,False,False,False,False,0.19999998807907104,1.0,0.7665507793426514,10,3317
6846,29,4,7,True,10498,3,False,False,False,False,0.2828427255153656,2.0,0.4749736785888672,6,5990
6846,30,8,3,True,10498,1,False,False,False,False,0.4000000059604645,1.0,0.55425626039505,9,8035
6846,31,6,5,True,10498,1,False,False,False,False,0.5291502475738525,4.0,0.6529931426048279,10,9355
4492,0,4,7,True,10498,1,False,False,False,False,0.3464101552963257,3.0,0.6273754835128784,7,7980
4492,1,6,5,True,10498,2,False,False,False,False,0.2828426957130432,2.0,0.6945502758026123,8,5352
4492,2,4,7,False,48,1,True,False,False,False,0.19999998807907104,1.0,0.20396076142787933,5,7591
4492,3,3,8,True,10498,1,False,False,False,False,0.2828426957130432,2.0,0.4745524227619171,5,9671
4492,4,8,3,True,10498,1,False,False,False,False,0.44721361994743347,2.0,0.5892367959022522,10,8035
4492,5,5,6,True,10498,1,False,False,False,False,0.3999999761581421,1.0,0.6587867736816406,6,830
4492,6,7,4,True,10498,1,False,False,False,False,0.2828426957130432,2.0,0.6714164018630981,9,5789
4492,7,5,6,True,10498,2,False,False,False,False,0.19999998807907104,1.0,0.43127715587615967,6,370
4492,8,7,4,True,10498,1,False,False,False,False,0.2828426957130432,2.0,0.5956509113311768,9,8970
4492,9,11,0,True,10498,1,False,,,,,,0.7927168607711792,11,8035
4492,10,6,5,True,10498,1,False,True,True,True,0.0,0.0,0.6086049675941467,6,2658
4492,11,2,9,False,2,1,True,False,False,False,0.19999998807907104,1.0,0.20199008285999298,3,4139
4492,12,3,8,False,48,1,True,False,False,False,0.19999998807907104,1.0,0.20297782123088837,4,7591
4492,13,6,5,True,10498,1,False,False,False,False,0.4472135901451111,2.0,0.7552483081817627,8,5789
4492,14,2,9,False,296,6,True,False,False,False,0.19999998807907104,1.0,0.20199008285999298,3,12
4492,15,1,10,False,575,2,True,False,False,False,0.19999998807907104,1.0,0.2009975016117096,2,7993
4492,16,5,6,True,10498,1,False,True,True,True,0.0,0.0,0.3130495250225067,5,9481
4492,17,3,8,False,1,1,True,False,False,False,1.0954450368881226,8.0,1.0959926843643188,11,53
4492,18,9,2,True,10498,1,False,True,True,True,0.0,0.0,0.7922121286392212,9,2156
4492,19,3,8,False,1,1,True,False,False,False,1.2806248664855957,8.0,1.2810932397842407,11,26
4492,20,8,3,True,10498,1,False,False,False,False,0.4472135901451111,2.0,0.8361818194389343,10,9355
4492,21,6,5,True,10498,1,False,True,True,True,0.0,0.0,0.5238320827484131,6,3128
4492,22,11,0,True,10498,1,False,,,,,,0.7927168607711792,11,8035
4492,23,4,7,True,10498,1,False,False,False,False,0.19999998807907104,1.0,0.29933255910873413,5,2891
4492,24,10,1,True,10498,1,False,True,True,True,0.0,0.0,0.7924644947052002,10,8035
4492,25,5,6,True,10498,2,False,False,False,False,0.19999998807907104,1.0,0.43127715587615967,6,912
4492,26,2,9,False,2,1,True,False,False,False,1.2000000476837158,8.0,1.2003332376480103,10,6248
4492,27,11,0,True,10498,1,False,,,,,,0.7927168607711792,11,8035
4492,28,9,2,True,10498,1,False,False,False,False,0.19999998807907104,1.0,0.8459314703941345,10,6851
4492,29,2,9,False,1616,11,True,True,True,True,0.0,0.0,0.028284266591072083,2,4962
4492,30,1,10,False,1616,11,True,True,True,True,0.0,0.0,0.02000001072883606,1,2089
4492,31,11,0,True,10498,1,False,,,,,,0.7927168607711792,11,8035
3037,0,1,10,False,10411,21,True,True,True,True,0.0,0.0,0.019999980926513672,1,3821
3037,1,8,3,True,10498,1,False,False,False,False,0.19999998807907104,1.0,0.7343024611473083,9,5052
3037,2,8,3,True,10498,2,False,False,False,False,0.19999998807907104,1.0,0.7662897706031799,9,8025
3037,3,7,4,True,10498,1,False,False,False,False,0.2828426957130432,2.0,0.7285602688789368,9,8970
3037,4,11,0,True,10498,1,False,,,,,,0.7927168607711792,11,8035
3037,5,7,4,True,10498,1,False,False,False,False,0.4898979663848877,3.0,0.6593936681747437,10,4062
3037,6,2,9,True,10498,2,False,False,False,False,0.44721361994743347,2.0,0.651766836643219,4,2628
3037,7,11,0,True,10498,1,False,,,,,,0.7927168607711792,11,8035
3037,8,9,2,True,10498,1,False,False,False,False,0.20000001788139343,1.0,0.7665507793426514,10,5789
3037,9,8,3,True,10498,1,False,False,False,False,0.19999998807907104,1.0,0.5321654081344604,9,5789
3037,10,6,5,True,10498,6,False,False,False,False,0.19999998807907104,1.0,0.6019967198371887,7,1952
3037,11,5,6,True,10498,2,False,False,False,False,0.2828426957130432,2.0,0.6340346932411194,7,8913
3037,12,6,5,True,10498,1,False,False,False,False,0.3464101552963257,3.0,0.6280127167701721,9,8970
3037,13,3,8,True,10498,1,False,False,False,False,0.4000000059604645,4.0,0.5071489214897156,7,8025
3037,14,9,2,True,10498,1,False,False,False,False,0.20000001788139343,1.0,0.7665507793426514,10,5789
3037,15,8,3,True,10498,1,False,False,False,False,0.2828426957130432,2.0,0.5245950818061829,10,8970
3037,16,5,6,True,10498,1,False,False,False,False,0.3464101552963257,3.0,0.5603570342063904,8,9867
3037,17,4,7,True,10498,3,False,False,False,False,0.2828427255153656,2.0,0.5946427583694458,6,10069
3037,18,2,9,False,1,1,True,False,False,False,1.0770329236984253,9.0,1.077404260635376,11,53
3037,19,9,2,True,10498,1,False,False,False,False,0.20000001788139343,1.0,0.7871467471122742,10,8035
3037,20,2,9,False,1616,1,True,False,False,False,0.4000000059604645,4.0,0.4009987413883209,6,6312
3037,21,2,9,False,7,1,True,False,False,False,0.5291502475738525,4.0,0.5299056172370911,6,405
3037,22,7,4,True,10498,1,False,False,False,False,0.2828426957130432,2.0,0.6714164614677429,9,1948
3037,23,10,1,True,10498,2,False,False,False,False,0.19999998807907104,1.0,0.7668116092681885,11,3317
3037,24,10,1,True,10498,1,False,True,True,True,0.0,0.0,0.7924644947052002,10,8035
3037,25,6,5,True,10498,1,False,False,False,False,0.5291503071784973,4.0,0.6887670755386353,10,4062
3037,26,8,3,True,10498,1,False,False,False,False,0.2828426957130432,2.0,0.7610518932342529,10,8025
3037,27,11,0,True,10498,1,False,,,,,,0.7927168607711792,11,8035
3037,28,4,7,True,10498,1,False,False,False,False,0.2828426957130432,2.0,0.4749736785888672,6,1963
3037,29,11,0,True,10498,1,False,,,,,,0.7927168607711792,11,8035
3037,30,7,4,True,10498,1,False,False,False,False,0.2828426957130432,2.0,0.634665310382843,9,8970
3037,31,4,7,True,10498,1,False,False,False,False,0.3464101552963257,3.0,0.4664761424064636,7,8025
9494,0,3,8,True,10498,4,False,False,False,False,0.2828426957130432,2.0,0.5071489214897156,5,2342
9494,1,3,8,True,10498,3,False,False,False,False,0.2828426957130432,2.0,0.5943063497543335,5,1947
9494,2,5,6,True,10498,1,False,False,False,False,0.2828426957130432,2.0,0.5531727075576782,7,8927
9494,3,1,10,False,5,1,True,False,False,False,1.1135529279708862,9.0,1.1137324571609497,10,8970
9494,4,3,8,True,10498,8,False,False,False,False,0.19999998807907104,1.0,0.2986636757850647,4,6951
9494,5,6,5,True,10498,1,False,True,True,True,0.0,0.0,0.6086049675941467,6,1951
9494,6,9,2,True,10498,1,False,True,True,True,0.0,0.0,0.8219488859176636,9,7244
9494,7,8,3,True,10498,1,False,False,False,False,0.19999998807907104,1.0,0.6412488222122192,9,5275
9494,8,5,6,True,10498,1,False,True,True,True,0.0,0.0,0.5674504637718201,5,5675
9494,9,2,9,False,1,1,True,False,False,False,0.5656854510307312,2.0,0.5663921236991882,4,6312
9494,10,5,6,True,10498,1,False,False,False,False,0.3464101552963257,3.0,0.7549834251403809,8,5276
9494,11,6,5,True,10498,1,False,False,False,False,0.2828426957130432,2.0,0.6590902805328369,8,4512
9494,12,2,9,False,2945,23,True,True,True,True,0.0,0.0,0.028284255415201187,2,7270
9494,13,9,2,True,10498,1,False,False,False,False,0.20000001788139343,1.0,0.6415606141090393,10,9355
9494,14,8,3,True,10498,1,False,False,False,False,0.4000000059604645,1.0,0.595986545085907,9,8035
9494,15,6,5,True,10498,4,False,True,True,True,0.0,0.0,0.5238320827484131,6,2955
9494,16,11,0,True,10498,1,False,,,,,,0.7927168607711792,11,8035
9494,17,9,2,True,10498,2,False,False,False,False,0.19999998807907104,1.0,0.7665507793426514,10,3317
9494,18,9,2,True,10498,1,False,True,True,True,0.0,0.0,0.6477653980255127,9,1963
9494,19,7,4,True,10498,1,False,False,False,False,0.2828426957130432,2.0,0.6346652507781982,9,3317
9494,20,2,9,False,1616,117,True,True,True,True,0.0,0.0,0.028284266591072083,2,6793
9494,21,8,3,True,10498,1,False,False,False,False,0.4000000059604645,1.0,0.55425626039505,9,8035
9494,22,3,8,True,10498,3,False,False,False,False,0.19999998807907104,1.0,0.2986636757850647,4,9095
9494,23,9,2,True,10498,2,False,True,True,True,0.0,0.0,0.7400000095367432,9,9355
9494,24,10,1,True,10498,2,False,False,False,False,0.19999998807907104,1.0,0.7668116092681885,11,3317
9494,25,4,7,True,10498,3,False,False,False,False,0.2828426957130432,2.0,0.42142611742019653,6,1947
9494,26,1,10,False,575,3,True,False,False,False,0.44721361994743347,2.0,0.4476606249809265,3,7996
9494,27,8,3,True,10498,1,False,False,False,False,0.6000000238418579,1.0,0.7451174259185791,9,6248
9494,28,10,1,True,10498,1,False,True,True,True,0.0,0.0,0.761577308177948,10,8035
9494,29,11,0,True,10498,1,False,,,,,,0.7927168607711792,11,8035
9494,30,8,3,True,10498,1,False,False,False,False,0.4000000059604645,1.0,0.595986545085907,9,8035
9494,31,3,8,True,10498,1,False,False,False,False,0.2828426957130432,2.0,0.4209512770175934,5,4243
2911,0,7,4,True,10498,1,False,True,True,True,0.0,0.0,0.5956509709358215,7,422
2911,1,5,6,True,10498,1,False,False,False,False,0.3464101552963257,3.0,0.6276941895484924,8,9355
2911,2,4,7,True,10498,8,False,False,False,False,0.20000001788139343,1.0,0.2993325889110565,5,10001
2911,3,7,4,True,10498,1,False,False,False,False,0.44721361994743347,2.0,0.6283311247825623,9,8035
2911,4,10,1,True,10498,1,False,True,True,True,0.0,0.0,0.7924644947052002,10,8035
2911,5,1,10,False,10411,13,True,True,True,True,0.0,0.0,0.019999980926513672,1,2054
2911,6,7,4,True,10498,1,False,False,False,False,0.2828427255153656,2.0,0.7285602688789368,9,9355
2911,7,6,5,True,10498,1,False,False,False,False,0.20000001788139343,1.0,0.531413197517395,7,7244
2911,8,8,3,True,10498,1,False,False,False,False,0.3464101552963257,3.0,0.5614266991615295,11,8970
2911,9,1,10,False,1616,13,True,True,True,True,0.0,0.0,0.02000001072883606,1,8684
2911,10,6,5,True,10498,6,False,True,True,True,0.0,0.0,0.5238320827484131,6,9820
2911,11,3,8,False,1,1,True,False,False,False,1.2000000476837158,8.0,1.2004998922348022,11,26
2911,12,4,7,True,10498,1,False,False,False,False,0.2828427255153656,2.0,0.727736234664917,6,2658
2911,13,7,4,True,10498,1,False,False,False,False,0.2828426957130432,2.0,0.47623521089553833,9,10010
2911,14,7,4,True,10498,1,False,True,True,True,0.0,0.0,0.821462094783783,7,7244
2911,15,3,8,True,10498,3,False,False,False,False,0.2828427255153656,2.0,0.5071489214897156,5,8927
2911,16,1,10,False,5,1,True,False,False,False,0.8944272398948669,9.0,0.8946508169174194,10,8970
2911,17,2,9,False,1,1,True,False,False,False,0.4000000059604645,4.0,0.4009987413883209,6,6312
2911,18,11,0,True,10498,1,False,,,,,,0.7927168607711792,11,8035
2911,19,10,1,True,10498,1,False,True,True,True,0.0,0.0,0.7402702569961548,10,9355
2911,20,8,3,True,10498,1,False,False,False,False,0.2828427255153656,2.0,0.4766550064086914,10,8035
2911,21,7,4,True,10498,1,False,False,False,False,0.19999998807907104,1.0,0.5317894220352173,8,4280
2911,22,3,8,False,1,1,True,False,False,False,1.2806248664855957,8.0,1.2810932397842407,11,26
2911,23,9,2,True,10498,1,False,True,True,True,0.0,0.0,0.6095900535583496,9,9355
2911,24,6,5,True,10498,6,False,False,False,False,0.19999998807907104,1.0,0.6019967198371887,7,1945
2911,25,3,8,True,10498,3,False,False,False,False,0.4000000059604645,4.0,0.4573838710784912,7,7581
2911,26,1,10,False,10411,13,True,True,True,True,0.0,0.0,0.019999980926513672,1,8684
2911,27,4,7,True,10498,1,False,False,False,False,0.40000003576278687,4.0,0.5075430870056152,8,7244
2911,28,11,0,True,10498,1,False,,,,,,0.7927168607711792,11,8035
2911,29,7,4,True,10498,1,False,False,False,False,0.2828427255153656,2.0,0.7815369367599487,9,8035
2911,30,10,1,True,10498,1,False,True,True,True,0.0,0.0,0.7402702569961548,10,3317
2911,31,7,4,True,10498,1,False,False,False,False,0.2828426957130432,2.0,0.6714164018630981,9,1963
8854,0,10,1,True,10498,1,False,True,True,True,0.0,0.0,0.4939635396003723,10,8035
8854,1,10,1,True,10498,1,False,True,True,True,0.0,0.0,0.7720103859901428,10,1963
8854,2,3,8,True,10498,1,False,False,False,False,0.20000001788139343,1.0,0.4303486943244934,4,7244
8854,3,8,3,True,10498,1,False,False,False,False,0.20000001788139343,1.0,0.5321654081344604,9,7244
8854,4,4,7,True,10498,6,False,False,False,False,0.20000001788139343,1.0,0.466476172208786,5,4134
8854,5,7,4,True,10498,1,False,True,True,True,0.0,0.0,0.7607890963554382,7,7244
8854,6,7,4,True,10498,1,False,False,False,False,0.2828426957130432,2.0,0.6714164614677429,9,1963
8854,7,11,0,True,10498,1,False,,,,,,0.7927168607711792,11,8035
8854,8,10,1,True,10498,1,False,True,True,True,0.0,0.0,0.8221921920776367,10,7244
8854,9,8,3,True,10498,1,False,True,True,True,0.0,0.0,0.7397297620773315,8,1963
8854,10,8,3,True,10498,1,False,False,False,False,0.2828426957130432,2.0,0.6717142462730408,10,3317
8854,11,7,4,True,10498,1,False,False,False,False,0.3464101552963257,3.0,0.7555131316184998,10,9355
8854,12,10,1,True,10498,1,False,False,False,False,0.20000001788139343,1.0,0.7668116092681885,11,3317
8854,13,6,5,True,10498,1,False,False,False,False,0.2828426957130432,2.0,0.5238320231437683,8,4280
8854,14,9,2,True,10498,1,False,True,True,True,0.0,0.0,0.7717512845993042,9,1963
8854,15,1,10,False,10411,146,True,True,True,True,0.0,0.0,0.019999980926513672,1,7580
8854,16,4,7,True,10498,3,False,False,False,False,0.20000001788139343,1.0,0.5600000023841858,5,1947
8854,17,8,3,True,10498,1,False,False,False,False,0.20000001788139343,1.0,0.432666152715683,9,8035
8854,18,4,7,True,10498,1,False,False,False,False,0.4898979663848877,3.0,0.6209670305252075,7,8035
8854,19,6,5,True,10498,1,False,False,False,False,0.44721361994743347,2.0,0.6280127167701721,8,8035
8854,20,9,2,True,10498,1,False,False,False,False,0.20000001788139343,1.0,0.4853864312171936,10,8035
8854,21,1,10,False,575,1,True,False,False,False,0.4000000059604645,4.0,0.40049970149993896,5,4030
8854,22,11,0,True,10498,1,False,,,,,,0.7927168607711792,11,8035
8854,23,1,10,False,1616,146,True,True,True,True,0.0,0.0,0.02000001072883606,1,7580
8854,24,5,6,True,10498,1,False,False,False,False,0.4898979663848877,3.0,0.6212890148162842,8,8035
8854,25,10,1,True,10498,1,False,True,True,True,0.0,0.0,0.4939635396003723,10,8035
8854,26,10,1,True,10498,1,False,True,True,True,0.0,0.0,0.761577308177948,10,8035
8854,27,5,6,True,10498,6,False,False,False,False,0.20000001788139343,1.0,0.4669046998023987,6,2955
8854,28,10,1,True,10498,1,False,True,True,True,0.0,0.0,0.8221921920776367,10,7244
8854,29,1,10,False,5,1,True,False,False,False,0.9380831718444824,8.0,0.938296377658844,9,8970
8854,30,5,6,True,10498,5,False,False,False,False,0.20000001788139343,1.0,0.5157518982887268,6,4134
8854,31,1,10,False,5,1,True,False,False,False,0.9380831718444824,8.0,0.938296377658844,9,8970
603,0,4,7,False,1,1,True,False,False,False,1.0770329236984253,7.0,1.077775478363037,11,53
603,1,9,2,True,10498,1,False,True,True,True,0.0,0.0,0.49355846643447876,9,8035
603,2,3,8,True,10498,2,False,False,False,False,0.19999998807907104,1.0,0.5149757862091064,4,2115
603,3,4,7,True,10498,1,False,True,True,True,0.0,0.0,0.31240999698638916,4,912
603,4,2,9,False,1,1,True,False,False,False,1.2489995956420898,9.0,1.2493197917938232,11,53
603,5,11,0,True,10498,1,False,,,,,,0.7927168607711792,11,8035
603,6,8,3,True,10498,1,False,False,False,False,0.2828426957130432,2.0,0.634980320930481,10,9355
603,7,11,0,True,10498,1,False,,,,,,0.7927168607711792,11,8035
603,8,9,2,True,10498,1,False,False,False,False,0.19999998807907104,1.0,0.7345747351646423,10,3317
603,9,6,5,True,10498,1,False,False,False,False,0.4000000059604645,4.0,0.5953150391578674,10,7181
603,10,5,6,True,10498,1,False,False,False,False,0.2828427255153656,2.0,0.7280110120773315,7,9931
603,11,1,10,False,575,2,True,False,False,False,0.2828426957130432,2.0,0.2835489511489868,3,2115
603,12,8,3,True,10498,1,False,False,False,False,0.19999998807907104,1.0,0.5321654081344604,9,4280
603,13,1,10,False,5,1,True,False,False,False,1.058300495147705,9.0,1.058489441871643,10,8970
603,14,8,3,True,10498,1,False,False,False,False,0.6000000238418579,1.0,0.7451174259185791,9,6248
603,15,9,2,True,10498,1,False,False,False,False,0.19999998807907104,1.0,0.6415606141090393,10,3317
603,16,3,8,True,10498,1,False,False,False,False,0.20000001788139343,1.0,0.2986637055873871,4,8538
603,17,10,1,True,10498,1,False,True,True,True,0.0,0.0,0.761577308177948,10,6248
603,18,7,4,True,10498,1,False,False,False,False,0.3464101552963257,3.0,0.7866384387016296,10,2658
603,19,8,3,True,10498,2,False,False,False,False,0.19999998807907104,1.0,0.6026607751846313,9,2146
603,20,5,6,True,10498,1,False,False,False,False,0.3464101552963257,3.0,0.6884766221046448,8,8927
603,21,6,5,True,10498,1,False,False,False,False,0.4472135901451111,5.0,0.5462599992752075,11,8970
603,22,9,2,True,10498,2,False,False,False,False,0.19999998807907104,1.0,0.7665507793426514,10,3317
603,23,4,7,True,10498,6,False,False,False,False,0.2828426957130432,2.0,0.5946427583694458,6,5383
603,24,5,6,True,10498,1,False,False,False,False,0.3464101552963257,3.0,0.7224956750869751,8,8927
603,25,6,5,True,10498,1,False,False,False,False,0.2828426957130432,2.0,0.634350061416626,8,3317
603,26,6,5,True,10498,1,False,False,False,False,0.2828426957130432,2.0,0.5953150391578674,8,8927
603,27,1,10,False,10411,12,True,True,True,True,0.0,0.0,0.019999980926513672,1,5028
603,28,2,9,True,10498,3,False,False,False,False,0.20000001788139343,1.0,0.3698648512363434,3,5303
603,29,6,5,True,10498,1,False,False,False,False,0.3464101552963257,3.0,0.7863841652870178,9,2658
603,30,2,9,False,1616,12,True,True,True,True,0.0,0.0,0.028284266591072083,2,1844
603,31,5,6,True,10498,1,False,False,False,False,0.2828427255153656,2.0,0.4219004809856415,7,8035
8504,0,3,8,False,1,1,True,False,False,False,0.6000000238418579,6.0,0.6009991765022278,9,8970
8504,1,11,0,True,10498,1,False,,,,,,0.7927168607711792,11,8035
8504,2,5,6,True,10498,2,False,False,False,False,0.2828426957130432,2.0,0.6340346932411194,7,1963
8504,3,8,3,True,10498,2,False,False,False,False,0.2828426957130432,2.0,0.5685068368911743,10,7181
8504,4,11,0,True,10498,1,False,,,,,,0.7927168607711792,11,8035
8504,5,5,6,True,10498,1,False,False,False,False,0.19999998807907104,1.0,0.5603570342063904,6,3740
8504,6,2,9,False,1,1,True,False,False,False,0.8485282063484192,7.0,0.8489995002746582,9,8970
8504,7,7,4,True,10498,1,False,False,False,False,0.20000001788139343,1.0,0.5317894220352173,8,7244
8504,8,3,8,True,10498,4,False,False,False,False,0.19999998807907104,1.0,0.4660472273826599,4,721
8504,9,7,4,True,10498,1,False,False,False,False,0.19999998807907104,1.0,0.48456165194511414,8,3317
8504,10,6,5,True,10498,3,False,False,False,False,0.3999999761581421,1.0,0.5083306431770325,7,5495
8504,11,6,5,True,10498,1,False,False,False,False,0.2828427255153656,2.0,0.6343501210212708,8,9092
8504,12,3,8,False,1,1,True,False,False,False,1.2000000476837158,8.0,1.2004998922348022,11,26
8504,13,3,8,True,10498,20,False,True,True,True,0.0,0.0,0.4745524227619171,3,9425
8504,14,10,1,True,10498,1,False,True,True,True,0.0,0.0,0.8221921920776367,10,7244
8504,15,9,2,True,10498,1,False,False,False,False,0.2828426957130432,2.0,0.8411896228790283,11,4838
8504,16,7,4,True,10498,1,False,False,False,False,0.2828426957130432,2.0,0.5242136716842651,9,9355
8504,17,10,1,True,10498,1,False,True,True,True,0.0,0.0,0.4939635396003723,10,8035
8504,18,7,4,True,10498,1,False,False,False,False,0.19999998807907104,1.0,0.8067218065261841,8,6312
8504,19,8,3,True,10498,1,False,True,True,True,0.0,0.0,0.5396294593811035,8,7244
8504,20,10,1,True,10498,1,False,True,True,True,0.0,0.0,0.7924644947052002,10,8035
8504,21,9,2,True,10498,1,False,False,False,False,0.4472135901451111,2.0,0.6660330295562744,11,4062
8504,22,5,6,True,10498,1,False,False,False,False,0.2828426957130432,2.0,0.7280110120773315,7,1954
8504,23,1,10,False,10460,93,True,True,True,True,0.0,0.0,0.019999980926513672,1,2262
8504,24,11,0,True,10498,1,False,,,,,,0.7927168607711792,11,8035
8504,25,9,2,True,10498,1,False,False,False,False,0.2828426957130432,2.0,0.8411896228790283,11,4838
8504,26,3,8,True,10498,2,False,False,False,False,0.20000001788139343,1.0,0.5149757862091064,4,5819
8504,27,9,2,True,10498,1,False,False,False,False,0.4000000059604645,1.0,0.8411896824836731,10,5789
8504,28,10,1,True,10498,1,False,True,True,True,0.0,0.0,0.7402702569961548,10,8970
8504,29,9,2,True,10498,1,False,False,False,False,0.19999998807907104,1.0,0.7345747351646423,10,8970
8504,30,9,2,True,10498,1,False,False,False,False,0.4000000059604645,1.0,0.8411896824836731,10,5789
8504,31,7,4,True,10498,2,False,False,False,False,0.2828426957130432,2.0,0.5681549310684204,9,7181
2421,0,6,5,True,10498,7,False,False,False,False,0.2828426957130432,2.0,0.5953150987625122,8,9703
2421,1,5,6,True,10498,9,False,False,False,False,0.19999998807907104,1.0,0.43127715587615967,6,7866
2421,2,4,7,True,10498,4,False,False,False,False,0.2828426957130432,2.0,0.35999998450279236,6,10021
2421,3,3,8,True,10498,1,False,True,True,True,0.0,0.0,0.31176915764808655,3,5965
2421,4,7,4,True,10498,2,False,False,False,False,0.2828426957130432,2.0,0.6714164614677429,9,5276
2421,5,5,6,True,10498,2,False,False,False,False,0.2828426957130432,2.0,0.4753945469856262,7,7042
2421,6,10,1,True,10498,2,False,True,True,True,0.0,0.0,0.7402702569961548,10,9355
2421,7,1,10,False,1616,1,True,False,False,False,0.4000000059604645,1.0,0.40049970149993896,2,5222
2421,8,9,2,True,10498,1,False,False,False,False,0.19999998807907104,1.0,0.6415606141090393,10,9355
2421,9,6,5,True,10498,1,False,False,False,False,0.5656854510307312,2.0,0.6829348802566528,8,6248
2421,10,3,8,True,10498,1,False,False,False,False,0.19999998807907104,1.0,0.2986636757850647,4,7791
2421,11,9,2,True,10498,1,False,False,False,False,0.4000000059604645,1.0,0.6352952122688293,10,8035
2421,12,3,8,True,10498,1,False,False,False,False,0.19999998807907104,1.0,0.5149757266044617,4,5621
2421,13,1,10,False,1,1,True,False,False,False,1.3564660549163818,9.0,1.3566133975982666,10,53
2421,14,8,3,True,10498,1,False,False,False,False,0.2828426957130432,2.0,0.5245950818061829,10,9355
2421,15,9,2,True,10498,1,False,False,False,False,0.19999998807907104,1.0,0.7345747351646423,10,8970
2421,16,3,8,True,10498,3,False,False,False,False,0.3464101552963257,3.0,0.4660471975803375,6,5273
2421,17,10,1,True,10498,1,False,True,True,True,0.0,0.0,0.5403702259063721,10,4062
2421,18,4,7,True,10498,2,False,False,False,False,0.2828426957130432,2.0,0.4749736785888672,6,7042
2421,19,9,2,True,10498,1,False,False,False,False,0.19999998807907104,1.0,0.5758471488952637,10,4838
2421,20,7,4,True,10498,1,False,False,False,False,0.40000003576278687,1.0,0.5956509709358215,8,6248
2421,21,5,6,True,10498,2,False,False,False,False,0.19999998807907104,1.0,0.43127715587615967,6,5809
2421,22,8,3,True,10498,1,False,False,False,False,0.2828426957130432,2.0,0.8409518599510193,10,4838
2421,23,3,8,True,10498,1,False,False,False,False,0.19999998807907104,1.0,0.5149757266044617,4,2167
2421,24,4,7,True,10498,1,False,False,False,False,0.20000000298023224,1.0,0.3709447383880615,5,3283
2421,25,3,8,False,2,1,True,False,False,False,0.5999999642372131,3.0,0.6009991765022278,6,4139
2421,26,6,5,True,10498,1,False,False,False,False,0.4472135901451111,2.0,0.8064738512039185,8,8970
2421,27,3,8,True,10498,1,False,False,False,False,0.19999998807907104,1.0,0.5596427321434021,4,563
2421,28,5,6,True,10498,1,False,False,False,False,0.20000001788139343,1.0,0.5603570938110352,6,4079
2421,29,4,7,True,10498,1,False,False,False,False,0.2828426957130432,2.0,0.4749736785888672,6,6803
2421,30,7,4,True,10498,1,False,False,False,False,0.19999998807907104,1.0,0.8454585075378418,8,6851
2421,31,9,2,True,10498,1,False,True,True,True,0.0,0.0,0.7613146305084229,9,6248
359,0,2,9,True,10498,1,False,False,False,False,0.20000001788139343,1.0,0.4656178951263428,3,7763
359,1,6,5,True,10498,1,False,True,True,True,0.0,0.0,0.6086050271987915,6,9921
359,2,10,1,True,10498,2,False,True,True,True,0.0,0.0,0.7402702569961548,10,9355
359,3,6,5,True,10498,1,False,False,False,False,0.19999998807907104,1.0,0.601996660232544,7,9931
359,4,6,5,True,10498,1,False,False,False,False,0.4000000059604645,1.0,0.8014985918998718,7,6248
359,5,3,8,False,1,1,True,False,False,False,1.2000000476837158,8.0,1.2004998922348022,11,26
359,6,7,4,True,10498,1,False,False,False,False,0.3999999761581421,1.0,0.6346652507781982,8,4062
359,7,1,10,False,26,3,True,False,False,False,0.4898979663848877,3.0,0.4903060495853424,4,8826
359,8,10,1,True,10498,1,False,False,False,False,0.19999998807907104,1.0,0.846167802810669,11,4838
359,9,2,9,False,296,3,True,False,False,False,0.3999999761581421,1.0,0.4009987413883209,3,6745
359,10,2,9,True,10498,1,False,False,False,False,0.20000001788139343,1.0,0.6267375946044922,3,7763
359,11,8,3,True,10498,1,False,True,True,True,0.0,0.0,0.3836665153503418,8,8035
359,12,3,8,True,10498,1,False,False,False,False,0.20000001788139343,1.0,0.3704051673412323,4,912
359,13,9,2,True,10498,2,False,False,False,False,0.4472135901451111,2.0,0.836421012878418,11,3317
359,14,10,1,True,10498,1,False,True,True,True,0.0,0.0,0.761577308177948,10,8035
359,15,10,1,True,10498,1,False,False,False,False,0.19999998807907104,1.0,0.846167802810669,11,4838
359,16,2,9,True,10498,1,False,True,True,True,0.0,0.0,0.22090721130371094,2,912
359,17,2,9,True,10498,1,False,False,False,False,0.20000001788139343,1.0,0.3698648512363434,3,912
359,18,4,7,True,10498,2,False,False,False,False,0.4898979663848877,3.0,0.5381449460983276,7,9355
359,19,4,7,True,10498,1,False,False,False,False,0.2828426957130432,2.0,0.5946427583694458,6,2658
359,20,11,0,True,10498,1,False,,,,,,0.7927168607711792,11,8035
359,21,5,6,True,10498,1,False,True,True,True,0.0,0.0,0.44045430421829224,5,2156
359,22,8,3,True,10498,1,False,True,True,True,0.0,0.0,0.7397297620773315,8,9921
359,23,10,1,True,10498,1,False,False,False,False,0.19999998807907104,1.0,0.846167802810669,11,4838
359,24,2,9,False,2,1,True,False,False,False,0.7211102247238159,2.0,0.7216647267341614,4,9617
359,25,5,6,True,10498,1,False,False,False,False,0.20000001788139343,1.0,0.43127715587615967,6,2156
359,26,1,10,False,26,3,True,False,False,False,0.4898979663848877,3.0,0.4903060495853424,4,9137
359,27,5,6,True,10498,2,False,False,False,False,0.5656854510307312,2.0,0.8306624293327332,7,1948
359,28,7,4,True,10498,2,False,False,False,False,0.19999998807907104,1.0,0.6023288369178772,8,9355
359,29,3,8,False,2,1,True,False,False,False,1.039230465888977,7.0,1.039807677268982,10,26
359,30,8,3,True,10498,1,False,False,False,False,0.20000001788139343,1.0,0.8168231248855591,9,2156
359,31,2,9,False,1,1,True,False,False,False,1.3711308240890503,9.0,1.371422529220581,11,53
8835,0,7,4,True,10498,1,False,False,False,False,0.20000001788139343,1.0,0.755513072013855,8,6248
8835,1,9,2,True,10498,2,False,True,True,True,0.0,0.0,0.7400000691413879,9,9355
8835,2,8,3,True,10498,1,False,False,False,False,0.4472135901451111,2.0,0.7557777762413025,10,1963
8835,3,10,1,True,10498,1,False,False,False,False,0.19999998807907104,1.0,0.846167802810669,11,4838
8835,4,10,1,True,10498,1,False,True,True,True,0.0,0.0,0.4939635396003723,10,8035
8835,5,1,10,False,52,2,True,False,False,False,0.19999998807907104,1.0,0.2009975016117096,2,418
8835,6,1,10,False,10460,22,True,True,True,True,0.0,0.0,0.019999980926513672,1,465
8835,7,1,10,False,5,1,True,False,False,False,0.8717797994613647,8.0,0.8720092177391052,9,8970
8835,8,10,1,True,10498,1,False,True,True,True,0.0,0.0,0.761577308177948,10,6248
8835,9,1,10,False,1616,22,True,True,True,True,0.0,0.0,0.02000001072883606,1,4092
8835,10,2,9,False,25,1,True,False,False,False,0.2828426957130432,2.0,0.28425341844558716,4,4139
8835,11,8,3,True,10498,1,False,False,False,False,0.44721361994743347,2.0,0.8361818194389343,10,1963
8835,12,7,4,True,10498,1,False,False,False,False,0.44721361994743347,2.0,0.8067218065261841,9,9355
8835,13,3,8,True,10498,1,False,False,False,False,0.3464101552963257,3.0,0.5451605319976807,6,4512
8835,14,6,5,True,10498,1,False,False,False,False,0.20000001788139343,1.0,0.6406247019767761,7,1963
8835,15,11,0,True,10498,1,False,,,,,,0.7927168607711792,11,8035
8835,16,7,4,True,10498,1,False,False,False,False,0.44721361994743347,2.0,0.8067218065261841,9,9355
8835,17,10,1,True,10498,1,False,True,True,True,0.0,0.0,0.7402702569961548,10,9355
8835,18,4,7,True,10498,1,False,False,False,False,0.19999998807907104,1.0,0.48332181572914124,5,10463
8835,19,6,5,True,10498,2,False,False,False,False,0.19999998807907104,1.0,0.601996660232544,7,6321
8835,20,9,2,True,10498,1,False,False,False,False,0.2828426957130432,2.0,0.7922121286392212,11,5276
8835,21,2,9,False,23,6,True,False,False,False,0.6324555277824402,2.0,0.633087694644928,4,720
8835,22,6,5,True,10498,1,False,False,False,False,0.3464101552963257,3.0,0.722772479057312,9,8927
8835,23,3,8,False,2,1,True,False,False,False,0.7211102843284607,2.0,0.7219418883323669,5,9617
8835,24,1,10,False,52,2,True,False,False,False,0.20000001788139343,1.0,0.20099753141403198,2,405
8835,25,7,4,True,10498,1,False,False,False,False,0.3464101552963257,3.0,0.7005712389945984,10,7181
8835,26,10,1,True,10498,2,False,False,False,False,0.19999998807907104,1.0,0.7668116688728333,11,9355
8835,27,5,6,True,10498,1,False,False,False,False,0.19999998807907104,1.0,0.43127715587615967,6,2146
8835,28,8,3,True,10498,1,False,False,False,False,0.2828426957130432,2.0,0.6717142462730408,10,3317
8835,29,10,1,True,10498,1,False,True,True,True,0.0,0.0,0.7402702569961548,10,9355
8835,30,4,7,True,10498,4,False,True,True,True,0.0,0.0,0.4749737083911896,4,2223
8835,31,9,2,True,10498,1,False,False,False,False,0.2828426957130432,2.0,0.8411896228790283,11,4838
10278,0,3,8,True,10498,1,False,True,True,True,0.0,0.0,0.5226854085922241,3,6059
10278,1,5,6,True,10498,1,False,False,False,False,0.19999998807907104,1.0,0.48373547196388245,6,8230
10278,2,3,8,True,10498,1,False,True,True,True,0.0,0.0,0.5226854085922241,3,6059
10278,3,10,1,True,10498,1,False,True,True,True,0.0,0.0,0.7402702569961548,10,3317
10278,4,5,6,True,10498,1,False,False,False,False,0.20000001788139343,1.0,0.43127715587615967,6,1951
10278,5,4,7,False,1,1,True,False,False,False,1.1313707828521729,7.0,1.132077693939209,11,26
10278,6,10,1,True,10498,1,False,True,True,True,0.0,0.0,0.7402702569961548,10,3317
10278,7,1,10,False,1616,22,True,True,True,True,0.0,0.0,0.02000001072883606,1,1979
10278,8,9,2,True,10498,1,False,False,False,False,0.20000001788139343,1.0,0.7345747351646423,10,8970
10278,9,11,0,True,10498,1,False,,,,,,0.7927168607711792,11,8035
10278,10,6,5,True,10498,1,False,False,False,False,0.4472135901451111,2.0,0.6887670755386353,8,9355
10278,11,1,10,False,575,1,True,True,True,True,0.0,0.0,0.019999995827674866,1,7993
10278,12,9,2,True,10498,1,False,False,False,False,0.3999999761581421,1.0,0.6720119118690491,10,4062
10278,13,3,8,True,10498,1,False,False,False,False,0.2828426957130432,2.0,0.4209512770175934,5,873
10278,14,1,10,False,1616,22,True,True,True,True,0.0,0.0,0.02000001072883606,1,5204
10278,15,2,9,False,2,1,True,True,True,True,0.0,0.0,0.028284266591072083,2,4139
10278,16,7,4,True,10498,1,False,False,False,False,0.4472135603427887,2.0,0.6283311247825623,9,1020
10278,17,8,3,True,10498,1,False,False,False,False,0.19999998807907104,1.0,0.7868926525115967,9,5621
10278,18,7,4,True,10498,1,False,False,False,False,0.2828426957130432,2.0,0.5242136716842651,9,9355
10278,19,2,9,False,25,1,True,False,False,False,0.6928203105926514,6.0,0.6933974027633667,8,7924
10278,20,6,5,True,10498,1,False,False,False,False,0.4000000059604645,1.0,0.8309031128883362,7,10010
10278,21,4,7,True,10498,1,False,False,False,False,0.3464101552963257,3.0,0.5153639316558838,7,5273
10278,22,6,5,True,10498,1,False,False,False,False,0.19999998807907104,1.0,0.4841487407684326,7,2221
10278,23,2,9,True,10498,1,False,False,False,False,0.2828426957130432,2.0,0.42047590017318726,4,873
10278,24,3,8,True,10498,9,False,False,False,False,0.19999998807907104,1.0,0.5596427321434021,4,6384
10278,25,3,8,True,10498,2,False,False,False,False,0.19999998807907104,1.0,0.4303486943244934,4,10081
10278,26,2,9,True,10498,2,False,False,False,False,0.3464101552963257,3.0,0.4656178653240204,5,1021
10278,27,11,0,True,10498,1,False,,,,,,0.7927168607711792,11,8035
10278,28,1,10,False,1616,22,True,True,True,True,0.0,0.0,0.02000001072883606,1,5204
10278,29,8,3,True,10498,1,False,True,True,True,0.0,0.0,0.7610518932342529,8,10010
10278,30,8,3,True,10498,1,False,False,False,False,0.2828427255153656,2.0,0.5245950818061829,10,8035
10278,31,11,0,True,10498,1,False,,,,,,0.7927168607711792,11,8035
4230,0,1,10,False,10460,266,True,True,True,True,0.0,0.0,0.019999980926513672,1,2797
4230,1,11,0,True,10498,1,False,,,,,,0.7927168607711792,11,8035
4230,2,1,10,False,10460,266,True,True,True,True,0.0,0.0,0.019999980926513672,1,10130
4230,3,10,1,True,10498,1,False,False,False,False,0.19999998807907104,1.0,0.846167802810669,11,4838
4230,4,1,10,False,2981,81,True,True,True,True,0.0,0.0,0.019999995827674866,1,10335
4230,5,3,8,False,2,1,True,False,False,False,0.4472135901451111,5.0,0.4485532343387604,8,8970
4230,6,10,1,True,10498,1,False,False,False,False,0.3999999761581421,1.0,0.6723094582557678,11,4062
4230,7,3,8,False,1,1,True,False,False,False,1.2806248664855957,8.0,1.2810932397842407,11,26
4230,8,1,10,False,2981,81,True,True,True,True,0.0,0.0,0.019999995827674866,1,6927
4230,9,6,5,True,10498,4,False,False,False,False,0.19999998807907104,1.0,0.37202149629592896,7,2661
4230,10,1,10,False,10411,266,True,True,True,True,0.0,0.0,0.019999980926513672,1,9849
4230,11,3,8,False,1,1,True,False,False,False,0.7483314871788025,6.0,0.7491328716278076,9,8970
4230,12,11,0,True,10498,1,False,,,,,,0.7927168607711792,11,8035
4230,13,2,9,False,25,3,True,False,False,False,0.20000001788139343,1.0,0.20199011266231537,3,721
4230,14,1,10,False,10411,266,True,True,True,True,0.0,0.0,0.019999980926513672,1,3033
4230,15,8,3,True,10498,1,False,True,True,True,0.0,0.0,0.6474565863609314,8,9921
4230,16,8,3,True,10498,1,False,False,False,False,0.4898979365825653,3.0,0.6951258778572083,11,4838
4230,17,2,9,False,1,1,True,False,False,False,1.2489995956420898,9.0,1.2493197917938232,11,53
4230,18,2,9,False,510,1,True,True,True,True,0.0,0.0,0.028284255415201187,2,7993
4230,19,7,4,True,10498,1,False,False,False,False,0.2828426957130432,2.0,0.5956509113311768,9,9355
4230,20,1,10,False,5,1,True,False,False,False,0.9591663479804993,7.0,0.9593748450279236,8,8970
4230,21,11,0,True,10498,1,False,,,,,,0.7927168607711792,11,8035
4230,22,2,9,False,2,1,True,False,False,False,0.7483315467834473,6.0,0.7488658428192139,8,8970
4230,23,1,10,False,52,4,True,False,False,False,0.2828426957130432,2.0,0.2835489511489868,3,369
4230,24,3,8,True,10498,1,False,True,True,True,0.0,0.0,0.2218107283115387,3,5493
4230,25,6,5,True,10498,1,False,True,True,True,0.0,0.0,0.6086049675941467,6,9671
4230,26,1,10,False,3,1,True,False,False,False,0.9591663479804993,7.0,0.9593747854232788,8,8970
4230,27,9,2,True,10498,1,False,False,False,False,0.20000001788139343,1.0,0.8170679211616516,10,7244
4230,28,6,5,True,10498,1,False,False,False,False,0.20000001788139343,1.0,0.4841487407684326,7,2156
4230,29,11,0,True,10498,1,False,,,,,,0.7927168607711792,11,8035
4230,30,6,5,True,10498,1,False,False,False,False,0.19999998807907104,1.0,0.48414871096611023,7,9671
4230,31,1,10,False,26,3,True,False,False,False,0.20000001788139343,1.0,0.20099753141403198,2,10063
2863,0,2,9,True,10498,7,False,False,False,False,0.2828426957130432,2.0,0.5067543983459473,4,5392
2863,1,3,8,False,7,1,True,False,False,False,0.800000011920929,5.0,0.8007497191429138,8,8838
2863,2,9,2,True,10498,1,False,False,False,False,0.4472135901451111,2.0,0.8364209532737732,11,9355
2863,3,10,1,True,10498,1,False,True,True,True,0.0,0.0,0.7924644947052002,10,8035
2863,4,3,8,True,10498,1,False,True,True,True,0.0,0.0,0.31176915764808655,3,5983
2863,5,9,2,True,10498,1,False,True,True,True,0.0,0.0,0.6095900535583496,9,8970
2863,6,9,2,True,10498,1,False,False,False,False,0.19999998807907104,1.0,0.8459314703941345,10,6851
2863,7,2,9,False,4,1,True,False,False,False,0.8246211409568787,6.0,0.8251060843467712,8,8970
2863,8,5,6,True,10498,1,False,False,False,False,0.19999998807907104,1.0,0.43127715587615967,6,6321
2863,9,6,5,True,10498,1,False,False,False,False,0.19999998807907104,1.0,0.4317406415939331,7,5149
2863,10,2,9,False,1,1,True,False,False,False,1.3564660549163818,9.0,1.356760859489441,11,53
2863,11,4,7,True,10498,1,False,False,False,False,0.5291503071784973,4.0,0.6523802280426025,8,4062
2863,12,2,9,True,10498,2,False,False,False,False,0.19999998807907104,1.0,0.2979932725429535,3,335
2863,13,2,9,True,10498,2,False,False,False,False,0.3464101552963257,3.0,0.4108527600765228,5,6811
2863,14,10,1,True,10498,1,False,False,False,False,0.19999998807907104,1.0,0.5329164862632751,11,8035
2863,15,11,0,True,10498,1,False,,,,,,0.7927168607711792,11,8035
2863,16,11,0,True,10498,1,False,,,,,,0.7927168607711792,11,8035
2863,17,1,10,False,10411,32,True,True,True,True,0.0,0.0,0.019999980926513672,1,3219
2863,18,5,6,True,10498,1,False,False,False,False,0.2828426957130432,2.0,0.5234500765800476,7,4767
2863,19,6,5,True,10498,1,False,False,False,False,0.4898979663848877,3.0,0.6590902805328369,9,4062
2863,20,7,4,True,10498,1,False,False,False,False,0.4472135901451111,2.0,0.6283311247825623,9,8035
2863,21,1,10,False,5,1,True,False,False,False,0.8246211409568787,6.0,0.8248636722564697,7,8970
2863,22,4,7,False,1,1,True,False,False,False,0.7483314871788025,5.0,0.7493997812271118,9,6248
2863,23,5,6,True,10498,1,False,False,False,False,0.2828426957130432,2.0,0.5949789881706238,7,254
2863,24,4,7,True,10498,9,False,False,False,False,0.19999998807907104,1.0,0.430813193321228,5,9612
2863,25,3,8,True,10498,1,False,False,False,False,0.19999998807907104,1.0,0.4303486943244934,4,9268
2863,26,2,9,False,48,2,True,False,False,False,0.3464101552963257,3.0,0.3475629389286041,5,418
2863,27,4,7,True,10498,1,False,True,True,True,0.0,0.0,0.31240999698638916,4,9508
2863,28,1,10,False,10411,32,True,True,True,True,0.0,0.0,0.019999980926513672,1,1380
2863,29,11,0,True,10498,1,False,,,,,,0.7927168607711792,11,8035
2863,30,2,9,False,2,1,True,False,False,False,0.2828426957130432,2.0,0.28425338864326477,4,9617
2863,31,2,9,False,510,5,True,True,True,True,0.0,0.0,0.028284255415201187,2,17
2222,0,3,8,False,1,1,True,False,False,False,1.4142135381698608,8.0,1.414637804031372,11,53
2222,1,4,7,True,10498,1,False,False,False,False,0.5656854510307312,2.0,0.682348906993866,6,8035
2222,2,8,3,True,10498,2,False,False,False,False,0.4472135901451111,2.0,0.7557777762413025,10,5052
2222,3,4,7,True,10498,1,False,True,True,True,0.0,0.0,0.31240999698638916,4,10195
2222,4,5,6,True,10498,1,False,False,False,False,0.2828426957130432,2.0,0.5949789881706238,7,254
2222,5,9,2,True,10498,1,False,True,True,True,0.0,0.0,0.7922120690345764,9,8035
2222,6,2,9,False,1,1,True,False,False,False,1.2000000476837158,6.0,1.2003332376480103,8,26
2222,7,7,4,True,10498,1,False,True,True,True,0.0,0.0,0.7917070388793945,7,8035
2222,8,1,10,False,26,1,True,False,False,False,0.20000001788139343,1.0,0.20099753141403198,2,4139
2222,9,10,1,True,10498,1,False,True,True,True,0.0,0.0,0.7402702569961548,10,8970
2222,10,6,5,True,10498,1,False,False,False,False,0.2828426957130432,2.0,0.6711184978485107,8,5052
2222,11,8,3,True,10498,1,False,False,False,False,0.20000000298023224,1.0,0.5321654081344604,9,8035
2222,12,3,8,False,2,1,True,False,False,False,0.20000001788139343,1.0,0.20297783613204956,4,4139
2222,13,9,2,True,10498,2,False,False,False,False,0.19999998807907104,1.0,0.7665507793426514,10,3317
2222,14,9,2,True,10498,1,False,True,True,True,0.0,0.0,0.7400000095367432,9,8970
2222,15,4,7,True,10498,1,False,False,False,False,0.20000001788139343,1.0,0.3709447383880615,5,3128
2222,16,4,7,True,10498,1,False,False,False,False,0.4472135901451111,5.0,0.5455272793769836,9,5273
2222,17,9,2,True,10498,1,False,False,False,False,0.19999998807907104,1.0,0.8170679211616516,10,4838
2222,18,10,1,True,10498,1,False,True,True,True,0.0,0.0,0.7924644947052002,10,8035
2222,19,4,7,False,1,1,True,False,False,False,1.1999999284744263,6.0,1.2006664276123047,10,26
2222,20,6,5,True,10498,1,False,False,False,False,0.20000001788139343,1.0,0.6019967198371887,7,1963
2222,21,8,3,True,10498,1,False,False,False,False,0.20000001788139343,1.0,0.6412488222122192,9,3317
2222,22,8,3,True,10498,1,False,True,True,True,0.0,0.0,0.7919595837593079,8,8035
2222,23,11,0,True,10498,1,False,,,,,,0.7927168607711792,11,8035
2222,24,5,6,True,10498,1,False,False,False,False,0.20000001788139343,1.0,0.3714834749698639,6,3128
2222,25,3,8,True,10498,4,False,False,False,False,0.3464101552963257,3.0,0.5875372290611267,6,5069
2222,26,3,8,True,10498,1,False,False,False,False,0.3464101552963257,3.0,0.5875372290611267,6,7231
2222,27,11,0,True,10498,1,False,,,,,,0.7927168607711792,11,8035
2222,28,2,9,False,1616,3,True,True,True,True,0.0,0.0,0.028284266591072083,2,7513
2222,29,6,5,True,10498,1,False,True,True,True,0.0,0.0,0.5678027868270874,6,8230
2222,30,5,6,True,10498,1,False,False,False,False,0.2828426957130432,2.0,0.5949790477752686,7,8970
2222,31,2,9,False,2,1,True,False,False,False,1.2000000476837158,6.0,1.2003332376480103,8,26
10179,0,4,7,True,10498,2,False,False,False,False,0.19999998807907104,1.0,0.5600000023841858,5,7187
10179,1,8,3,True,10498,1,False,False,False,False,0.5999999642372131,3.0,0.7766594886779785,11,4838
10179,2,5,6,True,10498,2,False,False,False,False,0.19999998807907104,1.0,0.6403124332427979,6,2658
10179,3,10,1,True,10498,1,False,True,True,True,0.0,0.0,0.7720103859901428,10,1963
10179,4,6,5,True,10498,1,False,False,False,False,0.4472135901451111,2.0,0.722772479057312,8,1963
10179,5,8,3,True,10498,1,False,False,False,False,0.20000001788139343,1.0,0.8168231248855591,9,2156
10179,6,9,2,True,10498,1,False,False,False,False,0.20000001788139343,1.0,0.5325410962104797,10,8035
10179,7,9,2,True,10498,1,False,False,False,False,0.2828426957130432,2.0,0.8411896228790283,11,4838
10179,8,8,3,True,10498,2,False,False,False,False,0.2828426957130432,2.0,0.8409518599510193,10,10051
10179,9,4,7,False,2,1,True,False,False,False,0.8485281467437744,6.0,0.8494704365730286,10,6248
10179,10,11,0,True,10498,1,False,,,,,,0.7927168607711792,11,8035
10179,11,2,9,False,2,1,True,False,False,False,1.2000000476837158,8.0,1.2003332376480103,10,6248
10179,12,1,10,False,25,1,True,False,False,False,0.9165151715278625,7.0,0.9167333245277405,8,7924
10179,13,11,0,True,10498,1,False,,,,,,0.7927168607711792,11,8035
10179,14,8,3,True,10498,1,False,True,True,True,0.0,0.0,0.5396294593811035,8,7244
10179,15,6,5,True,10498,1,False,False,False,False,0.2828426957130432,2.0,0.7605261206626892,8,9931
10179,16,8,3,True,10498,2,False,True,True,True,0.0,0.0,0.7397297024726868,8,9355
10179,17,9,2,True,10498,1,False,False,False,False,0.19999998807907104,1.0,0.6415606141090393,10,8970
10179,18,3,8,False,2,1,True,False,False,False,0.4472135901451111,5.0,0.4485532343387604,8,8970
10179,19,5,6,True,10498,2,False,False,False,False,0.19999998807907104,1.0,0.43127715587615967,6,2830
10179,20,10,1,True,10498,1,False,True,True,True,0.0,0.0,0.7402702569961548,10,3317
10179,21,8,3,True,10498,1,False,False,False,False,0.2828426957130432,2.0,0.6717142462730408,10,5052
10179,22,9,2,True,10498,1,False,False,False,False,0.19999998807907104,1.0,0.6415606141090393,10,9355
10179,23,2,9,False,4,1,True,False,False,False,1.0198038816452026,9.0,1.0201960802078247,11,4838
10179,24,6,5,True,10498,1,False,False,False,False,0.4472135901451111,2.0,0.6887670755386353,8,9355
10179,25,11,0,True,10498,1,False,,,,,,0.7927168607711792,11,8035
10179,26,4,7,True,10498,12,False,False,False,False,0.19999998807907104,1.0,0.5600000023841858,5,9923
10179,27,8,3,True,10498,1,False,False,False,False,0.3464101552963257,3.0,0.8361818194389343,11,4838
10179,28,11,0,True,10498,1,False,,,,,,0.7927168607711792,11,8035
10179,29,1,10,False,5,1,True,False,False,False,0.9591663479804993,7.0,0.9593748450279236,8,8970
10179,30,10,1,True,10498,1,False,True,True,True,0.0,0.0,0.7402702569961548,10,8970
10179,31,6,5,True,10498,1,False,False,False,False,0.3464101552963257,3.0,0.6651315689086914,9,5049
4523,0,3,8,True,10498,2,False,True,True,True,0.0,0.0,0.31176915764808655,3,9217
4523,1,5,6,True,10498,2,False,True,True,True,0.0,0.0,0.5674504637718201,5,6413
4523,2,3,8,False,1,1,True,False,False,False,0.4472135901451111,2.0,0.4485532343387604,5,6312
4523,3,11,0,True,10498,1,False,,,,,,0.7927168607711792,11,8035
4523,4,7,4,True,10498,1,False,False,False,False,0.3464101552963257,3.0,0.7866383790969849,10,2658
4523,5,10,1,True,10498,1,False,True,True,True,0.0,0.0,0.4939635396003723,10,8035
4523,6,11,0,True,10498,1,False,,,,,,0.7927168607711792,11,8035
4523,7,11,0,True,10498,1,False,,,,,,0.7927168607711792,11,8035
4523,8,4,7,True,10498,2,False,False,False,False,0.4472135901451111,2.0,0.5455272793769836,6,9493
4523,9,8,3,True,10498,2,False,True,True,True,0.0,0.0,0.7397297024726868,8,3317
4523,10,9,2,True,10498,1,False,False,False,False,0.6324555277824402,2.0,0.8316248655319214,11,4838
4523,11,3,8,True,10498,11,False,True,True,True,0.0,0.0,0.31176915764808655,3,6733
4523,12,5,6,True,10498,1,False,False,False,False,0.44721361994743347,2.0,0.7224956750869751,7,1963
4523,13,6,5,True,10498,1,False,False,False,False,0.4000000059604645,1.0,0.5953150987625122,7,2156
4523,14,8,3,True,10498,1,False,False,False,False,0.2828426957130432,2.0,0.6717142462730408,10,1963
4523,15,4,7,True,10498,1,False,True,True,True,0.0,0.0,0.38157567381858826,4,8538
4523,16,9,2,True,10498,1,False,True,True,True,0.0,0.0,0.7613146305084229,9,6248
4523,17,5,6,True,10498,1,False,False,False,False,0.4000000059604645,4.0,0.7496666312217712,9,1954
4523,18,3,8,True,10498,2,False,False,False,False,0.19999998807907104,1.0,0.4660472273826599,4,418
4523,19,3,8,False,1,1,True,False,False,False,1.2328827381134033,8.0,1.2333693504333496,11,53
4523,20,7,4,True,10498,7,False,False,False,False,0.19999998807907104,1.0,0.561070442199707,8,5383
4523,21,2,9,True,10498,2,False,True,True,True,0.0,0.0,0.42047595977783203,2,4242
4523,22,11,0,True,10498,1,False,,,,,,0.7927168607711792,11,8035
4523,23,6,5,True,10498,1,False,False,False,False,0.19999998807907104,1.0,0.6770524382591248,7,9921
4523,24,8,3,True,10498,1,False,False,False,False,0.4000000059604645,1.0,0.8597674369812012,9,2156
4523,25,5,6,True,10498,1,False,False,False,False,0.19999998807907104,1.0,0.8062257766723633,6,6312
4523,26,4,7,True,10498,1,False,False,False,False,0.4000000059604645,4.0,0.7493997812271118,8,1954
4523,27,6,5,True,10498,1,False,False,False,False,0.3464101552963257,3.0,0.5161395072937012,9,3826
4523,28,6,5,True,10498,1,False,False,False,False,0.20000001788139343,1.0,0.6406247019767761,7,9921
4523,29,3,8,False,2,1,True,False,False,False,0.6324555277824402,7.0,0.633403480052948,10,8970
4523,30,1,10,False,1,1,True,False,False,False,1.4966628551483154,10.0,1.4967964887619019,11,53
4523,31,4,7,True,10498,5,False,False,False,False,0.20000001788139343,1.0,0.5600000023841858,5,7765
3600,0,8,3,True,10498,2,False,False,False,False,0.4472135901451111,2.0,0.7233256697654724,10,3317
3600,1,9,2,True,10498,1,False,True,True,True,0.0,0.0,0.49355849623680115,9,8035
3600,2,11,0,True,10498,1,False,,,,,,0.7927168607711792,11,8035
3600,3,11,0,True,10498,1,False,,,,,,0.7927168607711792,11,8035
3600,4,1,10,False,1616,11,True,False,False,False,0.19999998807907104,1.0,0.2009975016117096,2,3088
3600,5,10,1,True,10498,1,False,True,True,True,0.0,0.0,0.7402702569961548,10,3317
3600,6,5,6,True,10498,1,False,False,False,False,0.19999998807907104,1.0,0.5603570342063904,6,8927
3600,7,1,10,False,2981,9,True,True,True,True,0.0,0.0,0.019999995827674866,1,3601
3600,8,8,3,True,10498,1,False,False,False,False,0.19999998807907104,1.0,0.7343024611473083,9,6851
3600,9,4,7,True,10498,2,False,False,False,False,0.2828426957130432,2.0,0.6337192058563232,6,7504
3600,10,3,8,True,10498,4,False,False,False,False,0.3999999761581421,4.0,0.5806892514228821,7,410
3600,11,11,0,True,10498,1,False,,,,,,0.7927168607711792,11,8035
3600,12,2,9,True,10498,1,False,False,False,False,0.19999998807907104,1.0,0.5145872235298157,3,2796
3600,13,1,10,False,52,1,True,False,False,False,0.4898979365825653,3.0,0.49030601978302,4,7591
3600,14,4,7,True,10498,4,False,False,False,False,0.2828426957130432,2.0,0.5075430870056152,6,721
3600,15,5,6,True,10498,1,False,False,False,False,0.3464101552963257,3.0,0.515751838684082,8,2658
3600,16,1,10,False,2981,9,True,True,True,True,0.0,0.0,0.019999995827674866,1,3501
3600,17,8,3,True,10498,1,False,True,True,True,0.0,0.0,0.7397297024726868,8,3317
3600,18,8,3,True,10498,2,False,False,False,False,0.4000000059604645,1.0,0.8119113445281982,9,9355
3600,19,2,9,False,2,2,True,False,False,False,1.0,8.0,1.0003999471664429,10,7497
3600,20,6,5,True,10498,1,False,False,False,False,0.5291502475738525,4.0,0.615142285823822,10,10010
3600,21,3,8,True,10498,1,False,False,False,False,0.3464101552963257,3.0,0.6270565986633301,6,8326
3600,22,4,7,True,10498,1,False,False,False,False,0.2828426957130432,2.0,0.6337192058563232,6,2658
3600,23,11,0,True,10498,1,False,,,,,,0.7927168607711792,11,8035
3600,24,5,6,True,10498,1,False,False,False,False,0.19999998807907104,1.0,0.6016643643379211,6,7980
3600,25,6,5,True,10498,10,False,False,False,False,0.2828426957130432,2.0,0.475815087556839,8,370
3600,26,10,1,True,10498,2,False,False,False,False,0.19999998807907104,1.0,0.7668116688728333,11,9355
3600,27,10,1,True,10498,1,False,True,True,True,0.0,0.0,0.7402702569961548,10,8970
3600,28,6,5,True,10498,1,False,False,False,False,0.3464101552963257,3.0,0.601996660232544,9,4806
3600,29,6,5,True,10498,2,False,False,False,False,0.2828426957130432,2.0,0.634350061416626,8,9182
3600,30,5,6,True,10498,1,False,False,False,False,0.3464101552963257,3.0,0.515751838684082,8,7235
3600,31,8,3,True,10498,1,False,False,False,False,0.19999998807907104,1.0,0.6412488222122192,9,3317
319,0,1,10,False,3,1,True,False,False,False,0.9380832314491272,8.0,0.938296377658844,9,8970
319,1,1,10,False,5,1,True,False,False,False,0.8717797994613647,7.0,0.8720092177391052,8,6248
319,2,9,2,True,10498,1,False,False,False,False,0.19999998807907104,1.0,0.5758472084999084,10,4062
319,3,8,3,True,10498,1,False,False,False,False,0.19999998807907104,1.0,0.6412487626075745,9,3317
319,4,1,10,False,10411,263,True,True,True,True,0.0,0.0,0.019999980926513672,1,2944
319,5,9,2,True,10498,1,False,False,False,False,0.4000000059604645,1.0,0.6352952122688293,10,8035
319,6,6,5,True,10498,3,False,False,False,False,0.2828426957130432,2.0,0.4758150577545166,8,9813
319,7,4,7,True,10498,1,False,False,False,False,0.19999998807907104,1.0,0.2993325889110565,5,2126
319,8,11,0,True,10498,1,False,,,,,,0.7927168607711792,11,8035
319,9,11,0,True,10498,1,False,,,,,,0.7927168607711792,11,8035
319,10,7,4,True,10498,1,False,False,False,False,0.5291502475738525,4.0,0.7764019966125488,11,9867
319,11,6,5,True,10498,1,False,False,False,False,0.5656853914260864,5.0,0.7172168493270874,11,4838
319,12,4,7,True,10498,1,False,False,False,False,0.19999998807907104,1.0,0.6645299196243286,5,7153
319,13,3,8,True,10498,1,False,False,False,False,0.2828426957130432,2.0,0.552449107170105,5,6312
319,14,1,10,False,5,1,True,False,False,False,0.8717797994613647,7.0,0.8720092177391052,8,6248
319,15,4,7,True,10498,1,False,False,False,False,0.3464101552963257,3.0,0.5153639912605286,7,8926
319,16,5,6,True,10498,8,False,False,False,False,0.4472135901451111,2.0,0.6884765625,7,5731
319,17,11,0,True,10498,1,False,,,,,,0.7927168607711792,11,8035
319,18,7,4,True,10498,1,False,False,False,False,0.19999998807907104,1.0,0.6773477792739868,8,1951
319,19,10,1,True,10498,1,False,False,False,False,0.19999998807907104,1.0,0.5761944055557251,11,4062
319,20,7,4,True,10498,1,False,False,False,False,0.3464101552963257,3.0,0.5165268778800964,10,6248
319,21,1,10,False,2981,110,True,True,True,True,0.0,0.0,0.019999995827674866,1,8912
319,22,4,7,True,10498,3,False,False,False,False,0.3464101552963257,3.0,0.6273754835128784,7,1947
319,23,1,10,False,52,1,True,False,False,False,0.4898979663848877,3.0,0.4903060495853424,4,10023
319,24,11,0,True,10498,1,False,,,,,,0.7927168607711792,11,8035
319,25,4,7,True,10498,5,False,False,False,False,0.2828426957130432,2.0,0.6584831476211548,6,3344
319,26,7,4,True,10498,3,False,False,False,False,0.20000001788139343,1.0,0.73403000831604,8,8926
319,27,7,4,True,10498,1,False,False,False,False,0.4472135901451111,2.0,0.7555131316184998,9,9921
319,28,8,3,True,10498,1,False,False,False,False,0.4898979663848877,3.0,0.7288346886634827,11,4838
319,29,1,10,False,1616,5,True,False,False,False,0.4472135901451111,2.0,0.4476605951786041,3,4339
319,30,8,3,True,10498,1,False,False,False,False,0.19999998807907104,1.0,0.5754997730255127,9,4062
319,31,1,10,False,52,1,True,False,False,False,0.4898979663848877,3.0,0.4903060495853424,4,10023
6246,0,5,6,True,10498,2,False,False,False,False,0.2828426957130432,2.0,0.5949790477752686,7,676
6246,1,9,2,True,10498,1,False,True,True,True,0.0,0.0,0.49355849623680115,9,8035
6246,2,3,8,True,10498,1,False,False,False,False,0.4472135901451111,2.0,0.5875372290611267,5,1963
6246,3,8,3,True,10498,1,False,False,False,False,0.20000001788139343,1.0,0.7662897706031799,9,1963
6246,4,4,7,True,10498,1,False,False,False,False,0.19999998807907104,1.0,0.466476172208786,5,418
6246,5,4,7,True,10498,6,False,False,False,False,0.2828426957130432,2.0,0.4214261472225189,6,5989
6246,6,8,3,True,10498,1,False,False,False,False,0.4472135901451111,2.0,0.5892367959022522,10,6248
6246,7,11,0,True,10498,1,False,,,,,,0.7927168607711792,11,8035
6246,8,4,7,True,10498,1,False,False,False,False,0.632455587387085,4.0,0.7054076790809631,8,8035
6246,9,9,2,True,10498,1,False,True,True,True,0.0,0.0,0.7400000691413879,9,9355
6246,10,11,0,True,10498,1,False,,,,,,0.7927168607711792,11,8035
6246,11,5,6,True,10498,1,False,False,False,False,0.2828426957130432,2.0,0.4219004213809967,7,9508
6246,12,3,8,True,10498,1,False,False,False,False,0.4000000059604645,4.0,0.5806892514228821,7,422
6246,13,11,0,True,10498,1,False,,,,,,0.7927168607711792,11,8035
6246,14,8,3,True,10498,1,False,False,False,False,0.19999998807907104,1.0,0.484974205493927,9,10463
6246,15,11,0,True,10498,1,False,,,,,,0.7927168607711792,11,8035
6246,16,2,9,False,540,8,True,False,False,False,0.2828426957130432,2.0,0.28425338864326477,4,7078
6246,17,8,3,True,10498,1,False,False,False,False,0.19999998807907104,1.0,0.5321654081344604,9,1963
6246,18,4,7,True,10498,1,False,False,False,False,0.3464101552963257,3.0,0.5455272793769836,7,422
6246,19,1,10,False,52,1,True,True,True,True,0.0,0.0,0.019999995827674866,1,405
6246,20,9,2,True,10498,1,False,True,True,True,0.0,0.0,0.7922120690345764,9,8035
6246,21,2,9,False,10410,83,True,True,True,True,0.0,0.0,0.028284244239330292,2,6674
6246,22,3,8,True,10498,1,False,False,False,False,0.3464101552963257,3.0,0.5451605319976807,6,5621
6246,23,11,0,True,10498,1,False,,,,,,0.7927168607711792,11,8035
6246,24,6,5,True,10498,1,False,False,False,False,0.20000001788139343,1.0,0.6406247019767761,7,1963
6246,25,11,0,True,10498,1,False,,,,,,0.7927168607711792,11,8035
6246,26,2,9,False,2,1,True,False,False,False,1.095445156097412,7.0,1.0958101749420166,9,26
6246,27,7,4,True,10498,1,False,False,False,False,0.2828426957130432,2.0,0.6714164614677429,9,1963
6246,28,5,6,True,10498,3,False,False,False,False,0.4000000059604645,1.0,0.6587867736816406,6,6052
6246,29,2,9,False,3,1,True,False,False,False,0.5999999642372131,6.0,0.6006662845611572,8,8970
6246,30,1,10,False,25,1,True,False,False,False,0.800000011920929,7.0,0.8002499938011169,8,7924
6246,31,10,1,True,10498,1,False,True,True,True,0.0,0.0,0.761577308177948,10,6248
3149,0,9,2,True,10498,1,False,False,False,False,0.3999999761581421,1.0,0.6720119118690491,10,4062
3149,1,5,6,True,10498,1,False,False,False,False,0.2828426957130432,2.0,0.6340346932411194,7,9921
3149,2,4,7,True,10498,1,False,False,False,False,0.19999998807907104,1.0,0.3709447383880615,5,9677
3149,3,4,7,True,10498,1,False,False,False,False,0.3464101552963257,3.0,0.6273754835128784,7,922
3149,4,8,3,True,10498,1,False,False,False,False,0.2828427255153656,2.0,0.4766550064086914,10,8035
3149,5,4,7,True,10498,1,False,False,False,False,0.19999998807907104,1.0,0.3709447383880615,5,9677
3149,6,5,6,True,10498,1,False,False,False,False,0.19999998807907104,1.0,0.699999988079071,6,1954
3149,7,11,0,True,10498,1,False,,,,,,0.7927168607711792,11,8035
3149,8,10,1,True,10498,2,False,False,False,False,0.19999998807907104,1.0,0.7668116688728333,11,9355
3149,9,11,0,True,10498,1,False,,,,,,0.7927168607711792,11,8035
3149,10,11,0,True,10498,1,False,,,,,,0.7927168607711792,11,8035
3149,11,4,7,True,10498,2,False,False,False,False,0.2828426957130432,2.0,0.4749736785888672,6,2830
3149,12,11,0,True,10498,1,False,,,,,,0.7927168607711792,11,8035
3149,13,4,7,True,10498,1,False,False,False,False,0.19999998807907104,1.0,0.5600000023841858,5,1954
3149,14,5,6,True,10498,2,False,True,True,True,0.0,0.0,0.5674504637718201,5,7030
3149,15,3,8,True,10498,3,False,True,True,True,0.0,0.0,0.2218107283115387,3,682
3149,16,11,0,True,10498,1,False,,,,,,0.7927168607711792,11,8035
3149,17,9,2,True,10498,1,False,False,False,False,0.20000001788139343,1.0,0.8170679211616516,10,7244
3149,18,6,5,True,10498,2,False,False,False,False,0.19999998807907104,1.0,0.733757495880127,7,8036
3149,19,8,3,True,10498,1,False,False,False,False,0.19999998807907104,1.0,0.6776430010795593,9,1963
3149,20,4,7,True,10498,1,False,False,False,False,0.44721361994743347,2.0,0.5878775715827942,6,10010
3149,21,8,3,True,10498,1,False,False,False,False,0.4000000059604645,1.0,0.595986545085907,9,8035
3149,22,7,4,True,10498,1,False,False,False,False,0.2828426957130432,2.0,0.5242136716842651,9,4280
3149,23,10,1,True,10498,1,False,True,True,True,0.0,0.0,0.8221921920776367,10,7244
3149,24,1,10,False,2981,20,True,True,True,True,0.0,0.0,0.019999995827674866,1,1018
3149,25,10,1,True,10498,1,False,True,True,True,0.0,0.0,0.7924644947052002,10,8035
3149,26,4,7,True,10498,1,False,True,True,True,0.0,0.0,0.5230678915977478,4,5675
3149,27,7,4,True,10498,1,False,False,False,False,0.4472135901451111,2.0,0.5888972878456116,9,6248
3149,28,6,5,True,10498,1,False,False,False,False,0.2828427255153656,2.0,0.475815087556839,8,2156
3149,29,5,6,True,10498,1,False,False,False,False,0.2828426957130432,2.0,0.6340346932411194,7,9921
3149,30,6,5,True,10498,1,False,False,False,False,0.2828426957130432,2.0,0.634350061416626,8,5273
3149,31,3,8,True,10498,1,False,False,False,False,0.2828427255153656,2.0,0.5943063497543335,5,428
8238,0,2,9,False,2,1,True,False,False,False,1.1999999284744263,8.0,1.2003333568572998,10,26
8238,1,7,4,True,10498,1,False,False,False,False,0.4472135901451111,2.0,0.7005712389945984,9,7244
8238,2,10,1,True,10498,1,False,False,False,False,0.19999998807907104,1.0,0.8461678624153137,11,7244
8238,3,3,8,True,10498,1,False,False,False,False,0.2828426957130432,2.0,0.42095130681991577,5,3283
8238,4,4,7,True,10498,1,False,False,False,False,0.3464101552963257,3.0,0.6645299196243286,7,1954
8238,5,3,8,True,10498,1,False,True,True,True,0.0,0.0,0.6334035396575928,3,8932
8238,6,8,3,True,10498,1,False,False,False,False,0.4472135901451111,2.0,0.8361818194389343,10,9355
8238,7,7,4,True,10498,1,False,False,False,False,0.2828426957130432,2.0,0.6714164614677429,9,5052
8238,8,5,6,True,10498,1,False,False,False,False,0.3464101552963257,3.0,0.7224956750869751,8,827
8238,9,9,2,True,10498,1,False,True,True,True,0.0,0.0,0.7613146305084229,9,6248
8238,10,6,5,True,10498,2,False,True,True,True,0.0,0.0,0.6343501210212708,6,7229
8238,11,1,10,False,26,1,True,False,False,False,0.4898979663848877,3.0,0.4903060495853424,4,7805
8238,12,6,5,True,10498,1,False,False,False,False,0.20000001788139343,1.0,0.37202149629592896,7,4079
8238,13,1,10,False,2981,110,True,True,True,True,0.0,0.0,0.019999995827674866,1,5324
8238,14,8,3,True,10498,1,False,False,False,False,0.2828426957130432,2.0,0.5245950818061829,10,3317
8238,15,5,6,True,10498,1,False,False,False,False,0.2828426957130432,2.0,0.5531726479530334,7,5621
8238,16,8,3,True,10498,1,False,False,False,False,0.40000003576278687,1.0,0.8597674369812012,9,6248
8238,17,1,10,False,10411,263,True,True,True,True,0.0,0.0,0.019999980926513672,1,615
8238,18,6,5,True,10498,1,False,False,False,False,0.19999998807907104,1.0,0.7863841652870178,7,5621
8238,19,11,0,True,10498,1,False,,,,,,0.7927168607711792,11,8035
8238,20,5,6,True,10498,1,False,False,False,False,0.19999998807907104,1.0,0.6648308038711548,6,10445
8238,21,7,4,True,10498,1,False,False,False,False,0.19999998807907104,1.0,0.7866384387016296,8,5621
8238,22,11,0,True,10498,1,False,,,,,,0.7927168607711792,11,8035
8238,23,11,0,True,10498,1,False,,,,,,0.7927168607711792,11,8035
8238,24,8,3,True,10498,1,False,False,False,False,0.19999998807907104,1.0,0.7662897706031799,9,8913
8238,25,2,9,False,2,1,True,False,False,False,0.8485281467437744,7.0,0.8489995002746582,9,8970
8238,26,11,0,True,10498,1,False,,,,,,0.7927168607711792,11,8035
8238,27,6,5,True,10498,1,False,False,False,False,0.20000001788139343,1.0,0.6406247019767761,7,5789
8238,28,11,0,True,10498,1,False,,,,,,0.7927168607711792,11,8035
8238,29,9,2,True,10498,1,False,False,False,False,0.19999998807907104,1.0,0.8170679211616516,10,2156
8238,30,9,2,True,10498,1,False,True,True,True,0.0,0.0,0.6477653980255127,9,5789
8238,31,3,8,True,10498,2,False,False,False,False,0.4000000059604645,4.0,0.6206448674201965,7,4033
5796,0,3,8,True,10498,1,False,False,False,False,0.4898979663848877,3.0,0.6206448674201965,6,2156
5796,1,8,3,True,10498,1,False,False,False,False,0.2828426957130432,2.0,0.5245950818061829,10,8970
5796,2,1,10,False,5,1,True,False,False,False,0.9165151715278625,7.0,0.9167333841323853,8,8970
5796,3,4,7,True,10498,2,False,False,False,False,0.3464101552963257,3.0,0.5878775715827942,7,5651
5796,4,7,4,True,10498,1,False,False,False,False,0.19999998807907104,1.0,0.6773477792739868,8,1951
5796,5,8,3,True,10498,1,False,False,False,False,0.2828426957130432,2.0,0.7065408825874329,10,7181
5796,6,5,6,True,10498,4,False,False,False,False,0.3464101552963257,3.0,0.4669046700000763,8,6332
5796,7,9,2,True,10498,1,False,False,False,False,0.4000000059604645,1.0,0.8121576905250549,10,8970
5796,8,5,6,True,10498,1,False,False,False,False,0.2828426957130432,2.0,0.4753945469856262,7,7235
5796,9,1,10,False,2981,4,True,True,True,True,0.0,0.0,0.019999995827674866,1,1192
5796,10,1,10,False,575,11,True,False,False,False,0.2828426957130432,2.0,0.28354892134666443,3,2419
5796,11,5,6,True,10498,1,False,False,False,False,0.19999998807907104,1.0,0.6016643643379211,6,2594
5796,12,6,5,True,10498,1,False,False,False,False,0.2828426957130432,2.0,0.475815087556839,8,10010
5796,13,1,10,False,1616,14,True,False,False,False,0.19999998807907104,1.0,0.2009975016117096,2,6841
5796,14,8,3,True,10498,1,False,False,False,False,0.19999998807907104,1.0,0.7662897706031799,9,1948
5796,15,7,4,True,10498,1,False,True,True,True,0.0,0.0,0.6714164614677429,7,9508
5796,16,8,3,True,10498,1,False,True,True,True,0.0,0.0,0.6092618703842163,8,5275
5796,17,3,8,False,2,1,True,False,False,False,0.9591662883758545,6.0,0.9597916603088379,9,6248
5796,18,5,6,True,10498,2,False,False,False,False,0.19999998807907104,1.0,0.5603570342063904,6,7187
5796,19,4,7,True,10498,1,False,False,False,False,0.3464101552963257,3.0,0.4664761424064636,7,4143
5796,20,9,2,True,10498,1,False,False,False,False,0.20000001788139343,1.0,0.4853864312171936,10,8035
5796,21,5,6,True,10498,1,False,False,False,False,0.2828426957130432,2.0,0.7602631449699402,7,1948
5796,22,4,7,True,10498,1,False,False,False,False,0.2828426957130432,2.0,0.35999998450279236,6,4131
5796,23,3,8,True,10498,1,False,False,False,False,0.19999998807907104,1.0,0.2986636757850647,4,1189
5796,24,3,8,True,10498,2,False,False,False,False,0.19999998807907104,1.0,0.2986636757850647,4,231
5796,25,7,4,True,10498,1,False,False,False,False,0.44721361994743347,2.0,0.6283311247825623,9,7244
5796,26,7,4,True,10498,1,False,False,False,False,0.2828426957130432,2.0,0.7285602688789368,9,9355
5796,27,4,7,True,10498,1,False,False,False,False,0.4898979663848877,3.0,0.6209670305252075,7,2156
5796,28,1,10,False,1,1,True,False,False,False,1.2328827381134033,10.0,1.233044981956482,11,53
5796,29,8,3,True,10498,1,False,False,False,False,0.19999998807907104,1.0,0.6412488222122192,9,3317
5796,30,2,9,False,1,1,True,False,False,False,0.4898979365825653,3.0,0.4907137453556061,5,6312
5796,31,10,1,True,10498,2,False,False,False,False,0.19999998807907104,1.0,0.7668116688728333,11,9355
938,0,1,10,False,26,1,True,False,False,False,0.5656853914260864,5.0,0.5660388469696045,6,7805
938,1,7,4,True,10498,1,False,False,False,False,0.4898979663848877,3.0,0.6948381066322327,10,4062
938,2,5,6,True,10498,2,False,False,False,False,0.3464101552963257,3.0,0.7549834847450256,8,5651
938,3,6,5,True,10498,1,False,False,False,False,0.19999998807907104,1.0,0.6406247019767761,7,2658
938,4,3,8,True,10498,1,False,True,True,True,0.0,0.0,0.4745524525642395,3,9536
938,5,7,4,True,10498,1,False,True,True,True,0.0,0.0,0.6471475958824158,7,5789
938,6,3,8,True,10498,1,False,False,False,False,0.4472135901451111,2.0,0.6878953576087952,5,8913
938,7,4,7,True,10498,1,False,False,False,False,0.2828426957130432,2.0,0.6584831476211548,6,2472
938,8,11,0,True,10498,1,False,,,,,,0.7927168607711792,11,8035
938,9,2,9,False,2,1,True,False,False,False,0.6633249521255493,3.0,0.6639277338981628,5,9617
938,10,9,2,True,10498,2,False,False,False,False,0.4000000059604645,1.0,0.8121576905250549,10,3317
938,11,6,5,True,10498,1,False,False,False,False,0.19999998807907104,1.0,0.6651315689086914,7,2472
938,12,10,1,True,10498,1,False,True,True,True,0.0,0.0,0.761577308177948,10,6248
938,13,6,5,True,10498,1,False,False,False,False,0.4000000059604645,1.0,0.5535341501235962,7,1115
938,14,2,9,True,10498,1,False,True,True,True,0.0,0.0,0.4741308093070984,2,922
938,15,5,6,True,10498,2,False,False,False,False,0.3464101552963257,3.0,0.6276942491531372,8,5651
938,16,1,10,False,3,1,True,False,False,False,0.9380832314491272,8.0,0.938296377658844,9,8970
938,17,9,2,True,10498,1,False,False,False,False,0.4000000059604645,1.0,0.6720119118690491,10,7244
938,18,11,0,True,10498,1,False,,,,,,0.7927168607711792,11,8035
938,19,2,9,False,2,1,True,False,False,False,1.1135529279708862,9.0,1.1139119863510132,11,53
938,20,4,7,True,10498,1,False,False,False,False,0.19999998807907104,1.0,0.430813193321228,5,8165
938,21,3,8,True,10498,3,False,True,True,True,0.0,0.0,0.4745524525642395,3,6982
938,22,7,4,True,10498,2,False,False,False,False,0.2828426957130432,2.0,0.6714164614677429,9,5276
938,23,10,1,True,10498,1,False,False,False,False,0.4000000059604645,1.0,0.6356099247932434,11,8035
938,24,9,2,True,10498,1,False,True,True,True,0.0,0.0,0.8219488859176636,9,7244
938,25,7,4,True,10498,1,False,False,False,False,0.19999998807907104,1.0,0.7005712389945984,8,250
938,26,6,5,True,10498,1,False,False,False,False,0.4472135901451111,2.0,0.722772479057312,8,9921
938,27,3,8,True,10498,3,False,False,False,False,0.4472135901451111,2.0,0.6878953576087952,5,9921
938,28,1,10,False,3,1,True,False,False,False,0.9380832314491272,8.0,0.938296377658844,9,8970
938,29,4,7,True,10498,1,False,False,False,False,0.2828426957130432,2.0,0.5528110265731812,6,6920
938,30,1,10,False,1,1,True,False,False,False,1.1313707828521729,10.0,1.1315475702285767,11,53
938,31,9,2,True,10498,1,False,True,True,True,0.0,0.0,0.7717512845993042,9,9921
5738,0,10,1,True,10498,2,False,True,True,True,0.0,0.0,0.7402702569961548,10,9355
5738,1,10,1,True,10498,1,False,True,True,True,0.0,0.0,0.7924644947052002,10,8035
5738,2,4,7,False,1,1,True,False,False,False,1.1135528087615967,6.0,1.1142710447311401,10,26
5738,3,3,8,True,10498,3,False,False,False,False,0.20000001788139343,1.0,0.5596427321434021,4,1955
5738,4,11,0,True,10498,1,False,,,,,,0.7927168607711792,11,8035
5738,5,4,7,False,1,1,True,False,False,False,1.058300495147705,6.0,1.0590561628341675,10,26
5738,6,10,1,True,10498,1,False,True,True,True,0.0,0.0,0.4939635396003723,10,8035
5738,7,2,9,False,48,8,True,True,True,True,0.0,0.0,0.02828427590429783,2,6595
5738,8,8,3,True,10498,1,False,False,False,False,0.2828427255153656,2.0,0.7610518932342529,10,3317
5738,9,8,3,True,10498,1,False,True,True,True,0.0,0.0,0.7919595837593079,8,7244
5738,10,8,3,True,10498,1,False,True,True,True,0.0,0.0,0.7397297620773315,8,1963
5738,11,1,10,False,575,1,True,False,False,False,0.4000000059604645,4.0,0.40049970149993896,5,4030
5738,12,1,10,False,3,1,True,False,False,False,1.039230465888977,8.0,1.039422869682312,9,8970
5738,13,11,0,True,10498,1,False,,,,,,0.7927168607711792,11,8035
5738,14,8,3,True,10498,1,False,True,True,True,0.0,0.0,0.6474565863609314,8,1951
5738,15,4,7,False,1,1,True,False,False,False,1.1661903858184814,7.0,1.166876196861267,11,53
5738,16,10,1,True,10498,1,False,False,False,False,0.20000001788139343,1.0,0.7668116092681885,11,3317
5738,17,3,8,True,10498,4,False,False,False,False,0.19999998807907104,1.0,0.3704051673412323,4,4774
5738,18,1,10,False,10411,146,True,True,True,True,0.0,0.0,0.019999980926513672,1,4835
5738,19,5,6,True,10498,1,False,False,False,False,0.3464101552963257,3.0,0.6276941895484924,8,9355
5738,20,8,3,True,10498,1,False,True,True,True,0.0,0.0,0.4418144226074219,8,8035
5738,21,7,4,True,10498,1,False,True,True,True,0.0,0.0,0.6471475958824158,7,1948
5738,22,5,6,True,10498,1,False,False,False,False,0.4898979663848877,3.0,0.6212890148162842,8,8035
5738,23,6,5,True,10498,1,False,False,False,False,0.20000000298023224,1.0,0.4841487407684326,7,8035
5738,24,3,8,False,24,1,True,False,False,False,0.8944271802902222,6.0,0.8950977921485901,9,7145
5738,25,5,6,True,10498,1,False,False,False,False,0.20000001788139343,1.0,0.43127715587615967,6,7244
5738,26,6,5,True,10498,1,False,False,False,False,0.20000001788139343,1.0,0.4841487407684326,7,7244
5738,27,1,10,False,1,1,True,False,False,False,1.3856406211853027,10.0,1.3857849836349487,11,53
5738,28,4,7,True,10498,3,False,False,False,False,0.20000001788139343,1.0,0.3709447383880615,5,1955
5738,29,4,7,True,10498,1,False,False,False,False,0.20000001788139343,1.0,0.5600000023841858,5,1963
5738,30,10,1,True,10498,1,False,True,True,True,0.0,0.0,0.4939635396003723,10,8035
5738,31,10,1,True,10498,1,False,True,True,True,0.0,0.0,0.761577308177948,10,8035
5861,0,1,10,False,10411,29,True,True,True,True,0.0,0.0,0.019999980926513672,1,6378
5861,1,2,9,False,1,1,True,False,False,False,1.039230465888977,7.0,1.0396153926849365,9,26
5861,2,7,4,True,10498,1,False,False,False,False,0.3464101552963257,3.0,0.6023287773132324,10,4838
5861,3,6,5,True,10498,4,False,False,False,False,0.2828426957130432,2.0,0.7282857298851013,8,5651
5861,4,8,3,True,10498,1,False,False,False,False,0.19999998807907104,1.0,0.7868925929069519,9,10010
5861,5,11,0,True,10498,1,False,,,,,,0.7927168607711792,11,8035
5861,6,9,2,True,10498,1,False,False,False,False,0.6324555277824402,2.0,0.8316249251365662,11,7244
5861,7,5,6,True,10498,1,False,False,False,False,0.2828426957130432,2.0,0.4753945469856262,7,6075
5861,8,11,0,True,10498,1,False,,,,,,0.7927168607711792,11,8035
5861,9,8,3,True,10498,1,False,False,False,False,0.40000003576278687,1.0,0.8597674369812012,9,6248
5861,10,3,8,True,10498,1,False,False,False,False,0.4472135901451111,5.0,0.7753708958625793,8,1954
5861,11,1,10,False,52,2,True,False,False,False,0.6000000238418579,3.0,0.6003332734107971,4,9617
5861,12,3,8,True,10498,1,False,True,True,True,0.0,0.0,0.5226854085922241,3,8438
5861,13,11,0,True,10498,1,False,,,,,,0.7927168607711792,11,8035
5861,14,8,3,True,10498,1,False,False,False,False,0.2828426957130432,2.0,0.5685067772865295,10,9867
5861,15,5,6,True,10498,1,False,False,False,False,0.2828426957130432,2.0,0.6942622661590576,7,5621
5861,16,11,0,True,10498,1,False,,,,,,0.7927168607711792,11,8035
5861,17,6,5,True,10498,2,False,False,False,False,0.19999998807907104,1.0,0.7863841652870178,7,5621
5861,18,2,9,False,2,1,True,False,False,False,0.9165151715278625,7.0,0.9169515371322632,9,8970
5861,19,10,1,True,10498,2,False,False,False,False,0.19999998807907104,1.0,0.7668116092681885,11,3317
5861,20,3,8,True,10498,5,False,False,False,False,0.3464101552963257,3.0,0.5451605319976807,6,5621
5861,21,11,0,True,10498,1,False,,,,,,0.7927168607711792,11,8035
5861,22,2,9,True,10498,2,False,False,False,False,0.19999998807907104,1.0,0.3698648512363434,3,2115
5861,23,6,5,True,10498,1,False,False,False,False,0.3464101552963257,3.0,0.4673328101634979,9,696
5861,24,5,6,True,10498,1,False,False,False,False,0.4472135603427887,5.0,0.6526867151260376,10,7983
5861,25,7,4,True,10498,1,False,False,False,False,0.5291502475738525,4.0,0.7230491042137146,11,4838
5861,26,11,0,True,10498,1,False,,,,,,0.7927168607711792,11,8035
5861,27,8,3,True,10498,1,False,False,False,False,0.44721361994743347,2.0,0.7557777762413025,10,3317
5861,28,8,3,True,10498,1,False,False,False,False,0.2828426957130432,2.0,0.6717142462730408,10,5052
5861,29,6,5,True,10498,2,False,False,False,False,0.20000000298023224,1.0,0.7002856731414795,7,2362
5861,30,9,2,True,10498,2,False,False,False,False,0.7211102843284607,2.0,0.8459314703941345,11,8035
5861,31,5,6,True,10498,5,False,False,False,False,0.19999998807907104,1.0,0.43127715587615967,6,4921
6581,0,5,6,False,1,1,True,False,False,False,0.8485281467437744,4.0,0.8497058749198914,9,26
6581,1,11,0,True,10498,1,False,,,,,,0.7927168607711792,11,8035
6581,2,6,5,True,10498,1,False,True,True,True,0.0,0.0,0.7282856702804565,6,10010
6581,3,7,4,True,10498,1,False,False,False,False,0.20000000298023224,1.0,0.5317894220352173,8,7244
6581,4,7,4,True,10498,1,False,False,False,False,0.44721361994743347,2.0,0.6283311247825623,9,9355
6581,5,1,10,False,2981,14,True,False,False,False,0.2828427255153656,2.0,0.2835489511489868,3,8093
6581,6,1,10,False,1,1,True,False,False,False,1.4422204494476318,10.0,1.442359209060669,11,53
6581,7,7,4,True,10498,1,False,False,False,False,0.2828426957130432,2.0,0.5956509709358215,9,9355
6581,8,5,6,True,10498,1,False,False,False,False,0.2828426957130432,2.0,0.5234500765800476,7,4280
6581,9,4,7,False,1,1,True,False,False,False,0.632455587387085,4.0,0.6337192058563232,8,8035
6581,10,8,3,True,10498,1,False,True,True,True,0.0,0.0,0.6092618703842163,8,1963
6581,11,6,5,True,10498,1,False,True,True,True,0.0,0.0,0.7605261206626892,6,10010
6581,12,8,3,True,10498,1,False,True,True,True,0.0,0.0,0.6474565863609314,8,9921
6581,13,2,9,False,4,2,True,False,False,False,1.0583006143569946,6.0,1.058678388595581,8,6248
6581,14,11,0,True,10498,1,False,,,,,,0.7927168607711792,11,8035
6581,15,8,3,True,10498,1,False,False,False,False,0.2828426957130432,2.0,0.6717142462730408,10,3317
6581,16,2,9,False,1,1,True,False,False,False,0.7211102843284607,2.0,0.7216647863388062,4,6312
6581,17,5,6,True,10498,2,False,True,True,True,0.0,0.0,0.7280109524726868,5,10010
6581,18,9,2,True,10498,1,False,True,True,True,0.0,0.0,0.7922120690345764,9,8035
6581,19,5,6,True,10498,1,False,False,False,False,0.19999998807907104,1.0,0.48373547196388245,6,1963
6581,20,7,4,True,10498,6,False,False,False,False,0.19999998807907104,1.0,0.43220362067222595,8,5990
6581,21,10,1,True,10498,1,False,True,True,True,0.0,0.0,0.7924644947052002,10,8035
6581,22,9,2,True,10498,1,False,True,True,True,0.0,0.0,0.7717512845993042,9,9921
6581,23,11,0,True,10498,1,False,,,,,,0.7927168607711792,11,8035
6581,24,2,9,True,10498,1,False,True,True,True,0.0,0.0,0.3111269772052765,2,10010
6581,25,2,9,False,296,1,True,False,False,False,0.632455587387085,4.0,0.633087694644928,6,9355
6581,26,9,2,True,10498,1,False,True,True,True,0.0,0.0,0.7922120690345764,9,8035
6581,27,1,10,False,10411,4,True,True,True,True,0.0,0.0,0.019999980926513672,1,8886
6581,28,1,10,False,3,1,True,False,False,False,1.1313707828521729,8.0,1.1315475702285767,9,8970
6581,29,8,3,True,10498,1,False,False,False,False,0.20000000298023224,1.0,0.484974205493927,9,8035
6581,30,5,6,True,10498,1,False,False,False,False,0.2828426957130432,2.0,0.4753945767879486,7,4280
6581,31,5,6,True,10498,1,False,False,False,False,0.20000000298023224,1.0,0.43127715587615967,6,7244
5958,0,6,5,True,10498,4,False,False,False,False,0.2828426957130432,2.0,0.4758150577545166,8,370
5958,1,5,6,True,10498,2,False,True,True,True,0.0,0.0,0.4753945767879486,5,2642
5958,2,5,6,True,10498,1,False,False,False,False,0.19999998807907104,1.0,0.29999998211860657,6,6350
5958,3,4,7,True,10498,1,False,False,False,False,0.2828426957130432,2.0,0.4749736785888672,6,9092
5958,4,6,5,True,10498,1,False,False,False,False,0.3464101552963257,3.0,0.5607138276100159,9,5789
5958,5,3,8,False,1,1,True,False,False,False,0.7483315467834473,6.0,0.7491328716278076,9,8970
5958,6,7,4,True,10498,1,False,True,True,True,0.0,0.0,0.6471476554870605,7,9921
5958,7,1,10,False,1616,69,True,False,False,False,0.19999998807907104,1.0,0.2009975016117096,2,2700
5958,8,6,5,True,10498,1,False,False,False,False,0.2828426957130432,2.0,0.6343501210212708,8,1963
5958,9,11,0,True,10498,1,False,,,,,,0.7927168607711792,11,8035
5958,10,1,10,False,1,1,True,False,False,False,1.2328827381134033,10.0,1.233044981956482,11,53
5958,11,1,10,False,52,1,True,False,False,False,0.20000001788139343,1.0,0.20099753141403198,2,421
5958,12,10,1,True,10498,1,False,True,True,True,0.0,0.0,0.8221921920776367,10,7244
5958,13,7,4,True,10498,1,False,False,False,False,0.2828426957130432,2.0,0.5956509113311768,9,8970
5958,14,9,2,True,10498,1,False,False,False,False,0.20000001788139343,1.0,0.7871467471122742,10,8035
5958,15,4,7,True,10498,2,False,False,False,False,0.20000001788139343,1.0,0.5600000023841858,5,8927
5958,16,8,3,True,10498,1,False,False,False,False,0.19999998807907104,1.0,0.6026607751846313,9,9355
5958,17,7,4,True,10498,1,False,False,False,False,0.4000000059604645,1.0,0.7285602688789368,8,1951
5958,18,2,9,False,220,1,True,True,True,True,0.0,0.0,0.02828427590429783,2,770
5958,19,3,8,False,7,1,True,True,True,True,0.0,0.0,0.03464101627469063,3,8838
5958,20,5,6,True,10498,1,False,False,False,False,0.2828427255153656,2.0,0.5234501361846924,7,2156
5958,21,10,1,True,10498,1,False,True,True,True,0.0,0.0,0.7924644947052002,10,8035
5958,22,10,1,True,10498,1,False,True,True,True,0.0,0.0,0.4939635396003723,10,8035
5958,23,3,8,True,10498,3,False,False,False,False,0.19999998807907104,1.0,0.3704051673412323,4,5058
5958,24,4,7,True,10498,1,False,True,True,True,0.0,0.0,0.4749737083911896,4,9146
5958,25,5,6,True,10498,1,False,False,False,False,0.3464101552963257,3.0,0.5603570342063904,8,5789
5958,26,10,1,True,10498,2,False,False,False,False,0.19999998807907104,1.0,0.7668116688728333,11,9355
5958,27,6,5,True,10498,2,False,True,True,True,0.0,0.0,0.5238320827484131,6,2642
5958,28,3,8,True,10498,3,False,True,True,True,0.0,0.0,0.3810511827468872,3,1955
5958,29,4,7,True,10498,1,False,True,True,True,0.0,0.0,0.5230678915977478,4,7549
5958,30,3,8,True,10498,2,False,False,False,False,0.19999998807907104,1.0,0.2986636757850647,4,352
5958,31,2,9,False,1,1,True,False,False,False,1.4142135381698608,9.0,1.4144963026046753,11,26
7933,0,8,3,True,10498,1,False,False,False,False,0.19999998807907104,1.0,0.484974205493927,9,6248
7933,1,4,7,False,1,1,True,False,False,False,0.6000000238418579,6.0,0.601331889629364,10,8970
7933,2,2,9,True,10498,4,False,False,False,False,0.3464101552963257,3.0,0.5447935461997986,5,2328
7933,3,7,4,True,10498,1,False,False,False,False,0.4898979365825653,3.0,0.6948381662368774,10,4062
7933,4,3,8,True,10498,3,False,False,False,False,0.2828426957130432,2.0,0.42095130681991577,5,10243
7933,5,1,10,False,575,7,True,False,False,False,0.19999998807907104,1.0,0.2009975016117096,2,3950
7933,6,1,10,False,3,1,True,False,False,False,0.8717798590660095,8.0,0.8720092177391052,9,8970
7933,7,3,8,True,10498,1,False,False,False,False,0.4898979365825653,3.0,0.5806892514228821,6,5052
7933,8,11,0,True,10498,1,False,,,,,,0.7927168607711792,11,8035
7933,9,10,1,True,10498,2,False,False,False,False,0.19999998807907104,1.0,0.7668116092681885,11,3317
7933,10,4,7,False,1,1,True,False,False,False,0.9591663479804993,6.0,0.9600000381469727,10,26
7933,11,5,6,True,10498,1,False,False,False,False,0.3464101552963257,3.0,0.5603570342063904,8,3317
7933,12,9,2,True,10498,1,False,False,False,False,0.19999998807907104,1.0,0.8170679211616516,10,8035
7933,13,10,1,True,10498,2,False,False,False,False,0.19999998807907104,1.0,0.7668116688728333,11,9355
7933,14,10,1,True,10498,1,False,False,False,False,0.19999998807907104,1.0,0.846167802810669,11,4838
7933,15,7,4,True,10498,1,False,False,False,False,0.3464101552963257,3.0,0.5165268778800964,10,6248
7933,16,1,10,False,2981,1,True,True,True,True,0.0,0.0,0.019999995827674866,1,7933
7933,17,11,0,True,10498,1,False,,,,,,0.7927168607711792,11,8035
7933,18,6,5,True,10498,2,False,False,False,False,0.19999998807907104,1.0,0.6406247019767761,7,7148
7933,19,10,1,True,10498,1,False,False,False,False,0.19999998807907104,1.0,0.8173127174377441,11,8035
7933,20,2,9,False,4,1,True,False,False,False,0.800000011920929,7.0,0.8004998564720154,9,6248
7933,21,9,2,True,10498,1,False,False,False,False,0.4000000059604645,1.0,0.8316249251365662,10,6248
7933,22,4,7,True,10498,4,False,True,True,True,0.0,0.0,0.22271056473255157,4,1065
7933,23,3,8,True,10498,1,False,False,False,False,0.4898979365825653,3.0,0.5806892514228821,6,5052
7933,24,10,1,True,10498,2,False,True,True,True,0.0,0.0,0.7402702569961548,10,9355
7933,25,2,9,True,10498,1,False,False,False,False,0.19999998807907104,1.0,0.5145872235298157,3,1155
7933,26,10,1,True,10498,1,False,True,True,True,0.0,0.0,0.7402702569961548,10,8970
7933,27,1,10,False,1616,4,True,False,False,False,0.4472135901451111,2.0,0.4476605951786041,3,4040
7933,28,8,3,True,10498,1,False,False,False,False,0.4472135901451111,2.0,0.6657326817512512,10,4062
7933,29,9,2,True,10498,1,False,False,False,False,0.2828426957130432,2.0,0.5688585042953491,11,4062
7933,30,8,3,True,10498,1,False,True,True,True,0.0,0.0,0.7714921236038208,8,1963
7933,31,7,4,True,10498,1,False,False,False,False,0.5291502475738525,4.0,0.8067218065261841,11,7181
821,0,7,4,True,10498,1,False,False,False,False,0.20000001788139343,1.0,0.7660287618637085,8,9921
821,1,8,3,True,10498,1,False,False,False,False,0.4472135901451111,2.0,0.6657326817512512,10,4062
821,2,6,5,True,10498,1,False,False,False,False,0.2828426957130432,2.0,0.760526180267334,8,9931
821,3,8,3,True,10498,1,False,False,False,False,0.20000001788139343,1.0,0.484974205493927,9,8035
821,4,7,4,True,10498,1,False,False,False,False,0.2828426957130432,2.0,0.6948381662368774,9,5621
821,5,8,3,True,10498,1,False,False,False,False,0.44721361994743347,2.0,0.5892367959022522,10,8035
821,6,3,8,False,1,1,True,False,False,False,0.4898979663848877,3.0,0.49112117290496826,6,6312
821,7,10,1,True,10498,1,False,False,False,False,0.19999998807907104,1.0,0.846167802810669,11,4838
821,8,10,1,True,10498,1,False,True,True,True,0.0,0.0,0.8221921920776367,10,7244
821,9,8,3,True,10498,1,False,False,False,False,0.19999998807907104,1.0,0.7662897706031799,9,9931
821,10,1,10,False,1616,63,True,True,True,True,0.0,0.0,0.02000001072883606,1,9768
821,11,4,7,True,10498,1,False,False,False,False,0.19999998807907104,1.0,0.5600000023841858,5,3128
821,12,6,5,True,10498,1,False,False,False,False,0.2828426957130432,2.0,0.6711184978485107,8,9921
821,13,4,7,False,1,1,True,False,False,False,1.0954450368881226,7.0,1.0961750745773315,11,26
821,14,1,10,False,1,1,True,False,False,False,1.3564659357070923,10.0,1.3566133975982666,11,53
821,15,4,7,True,10498,1,False,False,False,False,0.19999998807907104,1.0,0.3709447383880615,5,9677
821,16,8,3,True,10498,1,False,False,False,False,0.2828427255153656,2.0,0.5245950818061829,10,8035
821,17,6,5,True,10498,2,False,True,True,True,0.0,0.0,0.38262251019477844,6,7148
821,18,9,2,True,10498,2,False,False,False,False,0.19999998807907104,1.0,0.7665507793426514,10,3317
821,19,11,0,True,10498,1,False,,,,,,0.7927168607711792,11,8035
821,20,7,4,True,10498,1,False,False,False,False,0.19999998807907104,1.0,0.48456165194511414,8,10463
821,21,8,3,True,10498,1,False,False,False,False,0.19999998807907104,1.0,0.7868925929069519,9,10010
821,22,3,8,True,10498,1,False,False,False,False,0.3464101552963257,3.0,0.5149757266044617,6,2658
821,23,3,8,False,3,2,True,False,False,False,0.2828426957130432,2.0,0.2849561274051666,5,423
821,24,4,7,True,10498,1,False,False,False,False,0.2828426957130432,2.0,0.4749736785888672,6,428
821,25,11,0,True,10498,1,False,,,,,,0.7927168607711792,11,8035
821,26,2,9,True,10498,9,False,False,False,False,0.2828426957130432,2.0,0.3588871657848358,4,1137
821,27,1,10,False,5,1,True,False,False,False,1.039230465888977,8.0,1.039422869682312,9,8970
821,28,2,9,False,2,1,True,False,False,False,0.7211102843284607,7.0,0.7216647267341614,9,8970
821,29,11,0,True,10498,1,False,,,,,,0.7927168607711792,11,8035
821,30,11,0,True,10498,1,False,,,,,,0.7927168607711792,11,8035
821,31,5,6,True,10498,4,False,False,False,False,0.20000001788139343,1.0,0.5157518982887268,6,6811
5863,0,9,2,True,10498,1,False,False,False,False,0.19999998807907104,1.0,0.6415606141090393,10,8970
5863,1,10,1,True,10498,1,False,True,True,True,0.0,0.0,0.7924644947052002,10,8035
5863,2,3,8,True,10498,1,False,False,False,False,0.19999998807907104,1.0,0.2986636757850647,4,8284
5863,3,2,9,True,10498,1,False,False,False,False,0.19999998807907104,1.0,0.5145872235298157,3,7763
5863,4,3,8,False,2,2,True,False,False,False,0.8485281467437744,7.0,0.849234938621521,10,7499
5863,5,3,8,True,10498,1,False,False,False,False,0.19999998807907104,1.0,0.7219418287277222,4,1307
5863,6,9,2,True,10498,2,False,False,False,False,0.19999998807907104,1.0,0.7665507793426514,10,9355
5863,7,5,6,True,10498,2,False,False,False,False,0.4472135901451111,2.0,0.5458937883377075,7,9493
5863,8,9,2,True,10498,1,False,True,True,True,0.0,0.0,0.7922121286392212,9,8035
5863,9,6,5,True,10498,1,False,True,True,True,0.0,0.0,0.6711184978485107,6,6922
5863,10,3,8,False,1,1,True,False,False,False,1.1832159757614136,7.0,1.183722972869873,10,26
5863,11,4,7,True,10498,1,False,True,True,True,0.0,0.0,0.4214261770248413,4,405
5863,12,6,5,True,10498,1,False,False,False,False,0.5656853914260864,2.0,0.6829348802566528,8,6248
5863,13,5,6,True,10498,5,False,True,True,True,0.0,0.0,0.382099449634552,5,6562
5863,14,3,8,False,2918,93,True,True,True,True,0.0,0.0,0.03464099019765854,3,9341
5863,15,2,9,False,1,1,True,False,False,False,1.2489995956420898,9.0,1.2493197917938232,11,53
5863,16,1,10,False,26,3,True,False,False,False,0.20000001788139343,1.0,0.20099753141403198,2,721
5863,17,5,6,True,10498,1,False,False,False,False,0.4000000059604645,1.0,0.6942622661590576,6,9921
5863,18,2,9,False,510,2,True,True,True,True,0.0,0.0,0.028284255415201187,2,7710
5863,19,1,10,False,26,3,True,False,False,False,0.20000001788139343,1.0,0.20099753141403198,2,10063
5863,20,7,4,True,10498,1,False,False,False,False,0.4000000059604645,1.0,0.6948381066322327,8,9092
5863,21,11,0,True,10498,1,False,,,,,,0.7927168607711792,11,8035
5863,22,5,6,True,10498,1,False,False,False,False,0.4000000059604645,1.0,0.7280110120773315,6,9921
5863,23,11,0,True,10498,1,False,,,,,,0.7927168607711792,11,8035
5863,24,1,10,False,25,1,True,False,False,False,0.9797959327697754,7.0,0.9800000190734863,8,7924
5863,25,1,10,False,2981,93,True,True,True,True,0.0,0.0,0.019999995827674866,1,1237
5863,26,4,7,True,10498,5,False,True,True,True,0.0,0.0,0.38157567381858826,4,4921
5863,27,5,6,True,10498,1,False,False,False,False,0.3464101552963257,3.0,0.7224956750869751,8,10445
5863,28,9,2,True,10498,1,False,False,False,False,0.2828426957130432,2.0,0.8411896228790283,11,4838
5863,29,7,4,True,10498,1,False,False,False,False,0.4000000059604645,1.0,0.5956509113311768,8,8035
5863,30,9,2,True,10498,1,False,True,True,True,0.0,0.0,0.7922121286392212,9,8035
5863,31,9,2,True,10498,1,False,False,False,False,0.4000000059604645,1.0,0.8874682784080505,10,7244
8870,0,3,8,False,1,1,True,False,False,False,1.216552495956421,7.0,1.217045545578003,10,26
8870,1,11,0,True,10498,1,False,,,,,,0.7927168607711792,11,8035
8870,2,2,9,False,2,1,True,False,False,False,0.44721361994743347,2.0,0.44810715317726135,4,4139
8870,3,6,5,True,10498,1,False,False,False,False,0.20000001788139343,1.0,0.4317406713962555,7,8035
8870,4,2,9,False,52,4,True,False,False,False,0.19999998807907104,1.0,0.20199008285999298,3,369
8870,5,2,9,False,51,4,True,False,False,False,0.19999998807907104,1.0,0.20199008285999298,3,421
8870,6,9,2,True,10498,1,False,True,True,True,0.0,0.0,0.7068239450454712,9,3317
8870,7,9,2,True,10498,1,False,True,True,True,0.0,0.0,0.7400000095367432,9,3317
8870,8,9,2,True,10498,1,False,False,False,False,0.4000000059604645,1.0,0.8411896824836731,10,1963
8870,9,11,0,True,10498,1,False,,,,,,0.7927168607711792,11,8035
8870,10,11,0,True,10498,1,False,,,,,,0.7927168607711792,11,8035
8870,11,6,5,True,10498,1,False,False,False,False,0.19999998807907104,1.0,0.5161395072937012,7,8927
8870,12,1,10,False,1616,37,True,True,True,True,0.0,0.0,0.02000001072883606,1,9117
8870,13,5,6,True,10498,1,False,False,False,False,0.4000000059604645,1.0,0.5531726479530334,6,2156
8870,14,1,10,False,5,1,True,False,False,False,1.058300495147705,9.0,1.058489441871643,10,8970
8870,15,11,0,True,10498,1,False,,,,,,0.7927168607711792,11,8035
8870,16,4,7,True,10498,1,False,False,False,False,0.19999998807907104,1.0,0.48332181572914124,5,2221
8870,17,1,10,False,25,1,True,False,False,False,1.095445156097412,8.0,1.0956276655197144,9,7924
8870,18,4,7,True,10498,4,False,False,False,False,0.19999998807907104,1.0,0.3709447383880615,5,2023
8870,19,3,8,False,1,1,True,False,False,False,1.3114876747131348,8.0,1.3119450807571411,11,53
8870,20,3,8,True,10498,3,False,False,False,False,0.2828426957130432,2.0,0.4209512770175934,5,1947
8870,21,11,0,True,10498,1,False,,,,,,0.7927168607711792,11,8035
8870,22,6,5,True,10498,1,False,True,True,True,0.0,0.0,0.4923413395881653,6,1951
8870,23,10,1,True,10498,1,False,True,True,True,0.0,0.0,0.7402702569961548,10,3317
8870,24,4,7,False,1,1,True,False,False,False,1.216552495956421,7.0,1.2172099351882935,11,26
8870,25,3,8,False,2,2,True,False,False,False,1.1661903858184814,7.0,1.166704773902893,10,7497
8870,26,10,1,True,10498,1,False,True,True,True,0.0,0.0,0.7924644947052002,10,8035
8870,27,3,8,True,10498,2,False,False,False,False,0.19999998807907104,1.0,0.4303486943244934,4,912
8870,28,2,9,True,10498,2,False,False,False,False,0.19999998807907104,1.0,0.369864821434021,3,1021
8870,29,1,10,False,1616,37,True,True,True,True,0.0,0.0,0.02000001072883606,1,9103
8870,30,8,3,True,10498,1,False,False,False,False,0.20000001788139343,1.0,0.7662897706031799,9,1963
8870,31,5,6,True,10498,2,False,False,False,False,0.20000001788139343,1.0,0.7334848642349243,6,1948
4887,0,6,5,True,10498,1,False,False,False,False,0.20000001788139343,1.0,0.733757495880127,7,1963
4887,1,5,6,True,10498,1,False,False,False,False,0.2828426957130432,2.0,0.6340346932411194,7,10195
4887,2,8,3,True,10498,1,False,False,False,False,0.19999998807907104,1.0,0.6412488222122192,9,1963
4887,3,8,3,True,10498,1,False,False,False,False,0.20000001788139343,1.0,0.484974205493927,9,8035
4887,4,2,9,False,1,1,True,False,False,False,0.9591662883758545,7.0,0.9595832824707031,9,8970
4887,5,1,10,False,575,4,True,False,False,False,0.2828426957130432,2.0,0.28354892134666443,3,8445
4887,6,1,10,False,5,1,True,False,False,False,0.8485281467437744,7.0,0.8487638831138611,8,8970
4887,7,7,4,True,10498,1,False,False,False,False,0.3464101552963257,3.0,0.5165268778800964,10,8970
4887,8,4,7,True,10498,2,False,False,False,False,0.20000001788139343,1.0,0.6997142434120178,5,1948
4887,9,11,0,True,10498,1,False,,,,,,0.7927168607711792,11,8035
4887,10,4,7,True,10498,1,False,False,False,False,0.20000001788139343,1.0,0.3709447383880615,5,2344
4887,11,7,4,True,10498,1,False,False,False,False,0.20000001788139343,1.0,0.8165782690048218,8,2156
4887,12,6,5,True,10498,1,False,False,False,False,0.20000001788139343,1.0,0.7552483081817627,7,10010
4887,13,11,0,True,10498,1,False,,,,,,0.7927168607711792,11,8035
4887,14,9,2,True,10498,1,False,True,True,True,0.0,0.0,0.7400000095367432,9,1963
4887,15,1,10,False,25,1,True,False,False,False,0.8485281467437744,7.0,0.8487638235092163,8,7924
4887,16,3,8,False,1,1,True,False,False,False,0.9999999403953552,8.0,1.00059974193573,11,53
4887,17,6,5,True,10498,1,False,False,False,False,0.2828426957130432,2.0,0.475815087556839,8,1963
4887,18,5,6,True,10498,1,False,False,False,False,0.34641018509864807,3.0,0.5157518982887268,8,8035
4887,19,3,8,True,10498,1,False,False,False,False,0.2828426957130432,2.0,0.3594439923763275,5,6312
4887,20,3,8,True,10498,1,False,True,True,True,0.0,0.0,0.2218107283115387,3,6083
4887,21,8,3,True,10498,1,False,True,True,True,0.0,0.0,0.7397297024726868,8,1948
4887,22,5,6,True,10498,1,False,False,False,False,0.40000003576278687,4.0,0.5531727075576782,9,8035
4887,23,4,7,True,10498,1,False,False,False,False,0.2828426957130432,2.0,0.4749736487865448,6,9671
4887,24,9,2,True,10498,1,False,False,False,False,0.20000001788139343,1.0,0.8170679211616516,10,7244
4887,25,9,2,True,10498,1,False,True,True,True,0.0,0.0,0.7400000095367432,9,1963
4887,26,8,3,True,10498,1,False,False,False,False,0.20000001788139343,1.0,0.6776430010795593,9,9921
4887,27,11,0,True,10498,1,False,,,,,,0.7927168607711792,11,8035
4887,28,3,8,False,510,4,True,False,False,False,0.2828426957130432,2.0,0.2849561274051666,5,7726
4887,29,1,10,False,1616,47,True,True,True,True,0.0,0.0,0.02000001072883606,1,8311
4887,30,4,7,True,10498,1,False,True,True,True,0.0,0.0,0.22271056473255157,4,6083
4887,31,5,6,True,10498,1,False,False,False,False,0.20000001788139343,1.0,0.48373547196388245,6,1951
6790,0,5,6,True,10498,1,False,False,False,False,0.2828426957130432,2.0,0.5234500765800476,7,7181
6790,1,3,8,True,10498,1,False,False,False,False,0.2828426957130432,2.0,0.5071489214897156,5,422
6790,2,1,10,False,10411,5,True,True,True,True,0.0,0.0,0.019999980926513672,1,7157
6790,3,8,3,True,10498,1,False,False,False,False,0.19999998807907104,1.0,0.484974205493927,9,8970
6790,4,4,7,False,1,1,True,False,False,False,0.6633249521255493,3.0,0.6645299196243286,7,6312
6790,5,4,7,True,10498,2,False,False,False,False,0.3464101552963257,3.0,0.6273754835128784,7,9182
6790,6,11,0,True,10498,1,False,,,,,,0.7927168607711792,11,8035
6790,7,4,7,True,10498,1,False,False,False,False,0.3464101552963257,3.0,0.5153639316558838,7,5789
6790,8,7,4,True,10498,1,False,False,False,False,0.2828426957130432,2.0,0.5956509709358215,9,8970
6790,9,7,4,True,10498,1,False,False,False,False,0.19999998807907104,1.0,0.5751521587371826,8,4062
6790,10,11,0,True,10498,1,False,,,,,,0.7927168607711792,11,8035
6790,11,4,7,True,10498,2,False,False,False,False,0.3464101552963257,3.0,0.46647611260414124,7,5049
6790,12,4,7,True,10498,2,False,False,False,False,0.19999998807907104,1.0,0.5153639912605286,5,8023
6790,13,1,10,False,52,1,True,False,False,False,0.3999999761581421,4.0,0.4004996418952942,5,405
6790,14,8,3,True,10498,1,False,True,True,True,0.0,0.0,0.7397297024726868,8,3317
6790,15,5,6,True,10498,1,False,False,False,False,0.3464101552963257,3.0,0.5603570342063904,8,9092
6790,16,4,7,True,10498,1,False,False,False,False,0.2828426957130432,2.0,0.5946427583694458,6,10195
6790,17,8,3,True,10498,1,False,True,True,True,0.0,0.0,0.7397297024726868,8,8970
6790,18,10,1,True,10498,1,False,True,True,True,0.0,0.0,0.7924644947052002,10,8035
6790,19,1,10,False,25,1,True,False,False,False,0.5291502475738525,7.0,0.5295280814170837,8,7924
6790,20,6,5,True,10498,1,False,False,False,False,0.2828426957130432,2.0,0.634350061416626,8,9355
6790,21,3,8,True,10498,5,False,False,False,False,0.2828426957130432,2.0,0.4209512770175934,5,4079
6790,22,4,7,True,10498,1,False,False,False,False,0.3464101552963257,3.0,0.5153639316558838,7,1963
6790,23,4,7,True,10498,7,False,False,False,False,0.19999998807907104,1.0,0.29933255910873413,5,5749
6790,24,9,2,True,10498,1,False,False,False,False,0.20000001788139343,1.0,0.7345747351646423,10,3317
6790,25,6,5,True,10498,1,False,False,False,False,0.4898979663848877,3.0,0.6216108202934265,9,8035
6790,26,2,9,False,2,1,True,False,False,False,0.800000011920929,7.0,0.8004998564720154,9,6248
6790,27,1,10,False,5,1,True,False,False,False,0.6000000238418579,6.0,0.6003332734107971,7,8970
6790,28,4,7,True,10498,1,False,False,False,False,0.3464101552963257,3.0,0.4664761424064636,7,7262
6790,29,4,7,True,10498,5,False,False,False,False,0.19999998807907104,1.0,0.5600000023841858,5,9600
6790,30,6,5,True,10498,1,False,False,False,False,0.19999998807907104,1.0,0.7002857327461243,7,10013
6790,31,7,4,True,10498,1,False,False,False,False,0.2828426957130432,2.0,0.5242136716842651,9,9355
6936,0,9,2,True,10498,1,False,True,True,True,0.0,0.0,0.7400000095367432,9,8970
6936,1,3,8,True,10498,3,False,True,True,True,0.0,0.0,0.31176915764808655,3,2643
6936,2,8,3,True,10498,1,False,True,True,True,0.0,0.0,0.6474565863609314,8,1963
6936,3,8,3,True,10498,1,False,False,False,False,0.19999998807907104,1.0,0.6776430010795593,9,1963
6936,4,5,6,True,10498,1,False,False,False,False,0.2828426957130432,2.0,0.4219004213809967,7,4243
6936,5,11,0,True,10498,1,False,,,,,,0.7927168607711792,11,8035
6936,6,5,6,True,10498,1,False,False,False,False,0.3464101552963257,3.0,0.41231054067611694,8,4131
6936,7,11,0,True,10498,1,False,,,,,,0.7927168607711792,11,8035
6936,8,7,4,True,10498,1,False,False,False,False,0.19999998807907104,1.0,0.5751521587371826,8,7244
6936,9,9,2,True,10498,1,False,False,False,False,0.5656853914260864,2.0,0.7820485830307007,11,4062
6936,10,10,1,True,10498,1,False,True,True,True,0.0,0.0,0.4939635396003723,10,8035
6936,11,8,3,True,10498,1,False,False,False,False,0.19999998807907104,1.0,0.8456949591636658,9,7244
6936,12,3,8,False,51,8,True,False,False,False,0.2828426957130432,2.0,0.2849561274051666,5,6595
6936,13,3,8,True,10498,3,False,False,False,False,0.2828426957130432,2.0,0.3594439923763275,5,4243
6936,14,3,8,True,10498,1,False,False,False,False,0.3464101552963257,3.0,0.4660471975803375,6,8025
6936,15,4,7,True,10498,3,False,False,False,False,0.2828426957130432,2.0,0.4214261472225189,6,5651
6936,16,7,4,True,10498,4,False,True,True,True,0.0,0.0,0.5242137312889099,7,9213
6936,17,3,8,True,10498,1,False,False,False,False,0.2828426957130432,2.0,0.4745524227619171,5,1479
6936,18,1,10,False,5,1,True,False,False,False,0.6928203701972961,6.0,0.6931089758872986,7,8970
6936,19,9,2,True,10498,1,False,False,False,False,0.4000000059604645,1.0,0.5963220596313477,10,8035
6936,20,3,8,True,10498,1,False,False,False,False,0.4000000059604645,4.0,0.6206448674201965,7,5049
6936,21,3,8,False,2,2,True,False,False,False,0.9797958731651306,7.0,0.9804080724716187,10,7497
6936,22,3,8,False,1,1,True,False,False,False,1.1489125490188599,8.0,1.1494345664978027,11,53
6936,23,1,10,False,10411,34,True,True,True,True,0.0,0.0,0.019999980926513672,1,5883
6936,24,10,1,True,10498,1,False,True,True,True,0.0,0.0,0.7720103859901428,10,1963
6936,25,9,2,True,10498,1,False,False,False,False,0.19999998807907104,1.0,0.6779381036758423,10,1963
6936,26,7,4,True,10498,1,False,False,False,False,0.19999998807907104,1.0,0.7660287618637085,8,9921
6936,27,1,10,False,1616,3,True,True,True,True,0.0,0.0,0.02000001072883606,1,3060
6936,28,11,0,True,10498,1,False,,,,,,0.7927168607711792,11,8035
6936,29,2,9,False,52,8,True,False,False,False,0.2828426957130432,2.0,0.28425338864326477,4,8832
6936,30,4,7,True,10498,1,False,False,False,False,0.19999998807907104,1.0,0.3709447383880615,5,10195
6936,31,8,3,True,10498,1,False,False,False,False,0.19999998807907104,1.0,0.8168231248855591,9,2156
4562,0,8,3,True,10498,2,False,False,False,False,0.19999998807907104,1.0,0.6412488222122192,9,3317
4562,1,8,3,True,10498,1,False,False,False,False,0.5656854510307312,2.0,0.6835203170776367,10,8035
4562,2,6,5,True,10498,2,False,False,False,False,0.4472135901451111,2.0,0.722772479057312,8,9355
4562,3,3,8,True,10498,1,False,False,False,False,0.19999998807907104,1.0,0.5596427321434021,4,3128
4562,4,6,5,True,10498,1,False,False,False,False,0.4472135901451111,2.0,0.722772479057312,8,9355
4562,5,7,4,True,10498,2,False,False,False,False,0.4472135901451111,2.0,0.7230491042137146,9,3317
4562,6,3,8,True,10498,1,False,False,False,False,0.3464101552963257,3.0,0.6270565986633301,6,8927
4562,7,8,3,True,10498,1,False,True,True,True,0.0,0.0,0.6474565863609314,8,1963
4562,8,4,7,True,10498,1,False,False,False,False,0.19999998807907104,1.0,0.3709447383880615,5,3128
4562,9,8,3,True,10498,1,False,True,True,True,0.0,0.0,0.49315309524536133,8,8035
4562,10,3,8,True,10498,4,False,True,True,True,0.0,0.0,0.31176915764808655,3,7362
4562,11,3,8,False,23,6,True,False,False,False,0.6324555277824402,2.0,0.6334035396575928,5,720
4562,12,3,8,False,1,1,True,False,False,False,1.3856406211853027,8.0,1.3860735893249512,11,53
4562,13,4,7,True,10498,1,False,False,False,False,0.632455587387085,4.0,0.7054076790809631,8,8035
4562,14,4,7,True,10498,1,False,False,False,False,0.4000000059604645,4.0,0.7166589498519897,8,422
4562,15,6,5,True,10498,2,False,False,False,False,0.2828426957130432,2.0,0.5953150391578674,8,6321
4562,16,2,9,False,4,1,True,False,False,False,0.7483314871788025,5.0,0.7488658428192139,7,6248
4562,17,5,6,True,10498,1,False,False,False,False,0.44721361994743347,2.0,0.5882176756858826,7,8035
4562,18,7,4,True,10498,2,False,False,False,False,0.4472135901451111,2.0,0.7230491042137146,9,9355
4562,19,10,1,True,10498,1,False,True,True,True,0.0,0.0,0.4939635396003723,10,8035
4562,20,9,2,True,10498,1,False,True,True,True,0.0,0.0,0.49355846643447876,9,8035
4562,21,3,8,False,1,1,True,False,False,False,1.3856406211853027,8.0,1.3860735893249512,11,53
4562,22,10,1,True,10498,1,False,False,False,False,0.3999999761581421,1.0,0.6723094582557678,11,4062
4562,23,6,5,True,10498,1,False,False,False,False,0.4898979663848877,3.0,0.6216108202934265,9,8035
4562,24,4,7,True,10498,1,False,False,False,False,0.3464101552963257,3.0,0.5600000023841858,7,7181
4562,25,10,1,True,10498,1,False,True,True,True,0.0,0.0,0.7924644947052002,10,8035
4562,26,5,6,True,10498,4,False,False,False,False,0.2828426957130432,2.0,0.5531727075576782,7,9194
4562,27,11,0,True,10498,1,False,,,,,,0.7927168607711792,11,8035
4562,28,11,0,True,10498,1,False,,,,,,0.7927168607711792,11,8035
4562,29,4,7,True,10498,1,False,False,False,False,0.2828426957130432,2.0,0.5946427583694458,6,8927
4562,30,6,5,True,10498,1,False,True,True,True,0.0,0.0,0.5678027868270874,6,9182
4562,31,8,3,True,10498,1,False,False,False,False,0.2828426957130432,2.0,0.8409518599510193,10,4838
1188,0,6,5,True,10498,1,False,False,False,False,0.3464101552963257,3.0,0.5161395072937012,9,1963
1188,1,8,3,True,10498,1,False,False,False,False,0.20000001788139343,1.0,0.484974205493927,9,8035
1188,2,9,2,True,10498,1,False,True,True,True,0.0,0.0,0.7291090488433838,9,6248
1188,3,6,5,True,10498,1,False,False,False,False,0.3464101552963257,3.0,0.4673328399658203,9,9355
1188,4,8,3,True,10498,1,False,False,False,False,0.4898979365825653,3.0,0.6596969366073608,11,4062
1188,5,2,9,False,10410,4,True,True,True,True,0.0,0.0,0.028284244239330292,2,1188
1188,6,11,0,True,10498,1,False,,,,,,0.7927168607711792,11,8035
1188,7,7,4,True,10498,2,False,False,False,False,0.2828426957130432,2.0,0.634665310382843,9,9355
1188,8,2,9,False,1,1,True,False,False,False,1.4422204494476318,9.0,1.4424978494644165,11,53
1188,9,10,1,True,10498,1,False,True,True,True,0.0,0.0,0.761577308177948,10,6248
1188,10,5,6,True,10498,2,False,True,True,True,0.0,0.0,0.3130495250225067,5,6759
1188,11,3,8,False,2,2,True,False,False,False,1.1313707828521729,7.0,1.1319010257720947,10,7497
1188,12,9,2,True,10498,1,False,False,False,False,0.20000001788139343,1.0,0.4853864312171936,10,8035
1188,13,6,5,True,10498,1,False,False,False,False,0.3464101552963257,3.0,0.5161395072937012,9,9355
1188,14,1,10,False,1616,8,True,True,True,True,0.0,0.0,0.02000001072883606,1,598
1188,15,6,5,True,10498,1,False,False,False,False,0.19999998807907104,1.0,0.7002856731414795,7,6851
1188,16,6,5,True,10498,2,False,False,False,False,0.19999998807907104,1.0,0.6406247019767761,7,7148
1188,17,2,9,False,2,1,True,False,False,False,0.8000000715255737,7.0,0.8004999160766602,9,8970
1188,18,9,2,True,10498,1,False,False,False,False,0.20000001788139343,1.0,0.4853864312171936,10,8035
1188,19,2,9,False,540,1,True,False,False,False,0.2828426957130432,2.0,0.28425341844558716,4,8094
1188,20,5,6,True,10498,3,False,False,False,False,0.19999998807907104,1.0,0.6016643643379211,6,9182
1188,21,8,3,True,10498,1,False,False,False,False,0.4472135901451111,2.0,0.5892367959022522,10,6248
1188,22,10,1,True,10498,1,False,False,False,False,0.3999999761581421,1.0,0.6723094582557678,11,4062
1188,23,1,10,False,52,3,True,False,False,False,0.2828426957130432,2.0,0.28354892134666443,3,405
1188,24,10,1,True,10498,1,False,True,True,True,0.0,0.0,0.761577308177948,10,6248
1188,25,2,9,True,10498,7,False,False,False,False,0.3464101552963257,3.0,0.5447935461997986,5,422
1188,26,7,4,True,10498,1,False,False,False,False,0.2828427255153656,2.0,0.4228474795818329,9,8035
1188,27,5,6,True,10498,1,False,False,False,False,0.4472135901451111,2.0,0.5458937287330627,7,6248
1188,28,6,5,True,10498,1,False,False,False,False,0.19999998807907104,1.0,0.7002857327461243,7,6851
1188,29,6,5,True,10498,1,False,True,True,True,0.0,0.0,0.38262251019477844,6,383
1188,30,3,8,False,1,1,True,False,False,False,0.9165151119232178,6.0,0.9171696305274963,9,26
1188,31,3,8,True,10498,4,False,False,False,False,0.20000001788139343,1.0,0.3704051673412323,4,8278
2548,0,2,9,False,3,1,True,False,False,False,0.8485281467437744,7.0,0.8489995002746582,9,8970
2548,1,4,7,True,10498,1,False,False,False,False,0.20000001788139343,1.0,0.4833218455314636,5,1951
2548,2,6,5,True,10498,1,False,False,False,False,0.4472135901451111,2.0,0.722772479057312,8,1963
2548,3,1,10,False,575,2,True,False,False,False,0.19999998807907104,1.0,0.2009975016117096,2,7996
2548,4,2,9,False,1,1,True,False,False,False,1.2649110555648804,9.0,1.265227198600769,11,26
2548,5,3,8,False,1616,2,True,False,False,False,0.2828427255153656,2.0,0.284956157207489,5,989
2548,6,3,8,True,10498,1,False,False,False,False,0.3999999761581421,4.0,0.6206448674201965,7,9681
2548,7,2,9,False,23,6,True,False,False,False,0.4472135901451111,2.0,0.44810715317726135,4,10063
2548,8,8,3,True,10498,1,False,False,False,False,0.4000000059604645,1.0,0.634980320930481,9,2156
2548,9,8,3,True,10498,1,False,False,False,False,0.3464101552963257,3.0,0.700856626033783,11,7181
2548,10,4,7,False,1,1,True,False,False,False,0.7745966911315918,6.0,0.7756288051605225,10,6248
2548,11,2,9,False,2,2,True,False,False,False,0.9380831718444824,8.0,0.938509464263916,10,7497
2548,12,1,10,False,2981,11,True,True,True,True,0.0,0.0,0.019999995827674866,1,6520
2548,13,11,0,True,10498,1,False,,,,,,0.7927168607711792,11,8035
2548,14,6,5,True,10498,1,False,False,False,False,0.19999998807907104,1.0,0.531413197517395,7,1963
2548,15,8,3,True,10498,1,False,False,False,False,0.20000001788139343,1.0,0.6412488222122192,9,1963
2548,16,1,10,False,26,6,True,False,False,False,0.4898979663848877,3.0,0.4903060495853424,4,10063
2548,17,5,6,True,10498,1,False,False,False,False,0.19999998807907104,1.0,0.43127718567848206,6,10195
2548,18,8,3,True,10498,1,False,False,False,False,0.4898979365825653,3.0,0.6951258778572083,11,4838
2548,19,10,1,True,10498,1,False,True,True,True,0.0,0.0,0.761577308177948,10,6248
2548,20,1,10,False,3,1,True,False,False,False,1.039230465888977,8.0,1.039422869682312,9,8970
2548,21,9,2,True,10498,1,False,False,False,False,0.19999998807907104,1.0,0.7345747351646423,10,9355
2548,22,2,9,False,2,1,True,False,False,False,0.9797959327697754,7.0,0.9802041053771973,9,6248
2548,23,2,9,True,10498,3,False,False,False,False,0.3464101552963257,3.0,0.687604546546936,5,5928
2548,24,1,10,False,52,1,True,False,False,False,0.2828427255153656,2.0,0.2835489511489868,3,10023
2548,25,1,10,False,10460,10,True,True,True,True,0.0,0.0,0.019999980926513672,1,5167
2548,26,5,6,True,10498,1,False,False,False,False,0.4000000059604645,1.0,0.5531727075576782,6,912
2548,27,4,7,True,10498,5,False,True,True,True,0.0,0.0,0.5670979022979736,4,7765
2548,28,1,10,False,10460,10,True,True,True,True,0.0,0.0,0.019999980926513672,1,9055
2548,29,8,3,True,10498,1,False,False,False,False,0.2828426957130432,2.0,0.6717142462730408,10,3317
2548,30,9,2,True,10498,1,False,False,False,False,0.20000001788139343,1.0,0.7665507793426514,10,1963
2548,31,9,2,True,10498,1,False,False,False,False,0.4000000059604645,1.0,0.6352952122688293,10,8035
1451,0,11,0,True,10498,1,False,,,,,,0.7927168607711792,11,8035
1451,1,2,9,False,2,1,True,False,False,False,0.4472135901451111,2.0,0.44810715317726135,4,4139
1451,2,8,3,True,10498,1,False,False,False,False,0.4472135901451111,2.0,0.8361818194389343,10,9355
1451,3,5,6,True,10498,2,False,True,True,True,0.0,0.0,0.5949790477752686,5,9499
1451,4,5,6,True,10498,1,False,False,False,False,0.20000001788139343,1.0,0.6016644239425659,6,3535
1451,5,9,2,True,10498,2,False,False,False,False,0.19999998807907104,1.0,0.6415606141090393,10,9355
1451,6,10,1,True,10498,2,False,False,False,False,0.19999998807907104,1.0,0.7668116688728333,11,9355
1451,7,4,7,True,10498,1,False,False,False,False,0.2828426957130432,2.0,0.6337192058563232,6,9931
1451,8,3,8,True,10498,2,False,False,False,False,0.19999998807907104,1.0,0.3704051673412323,4,2115
1451,9,5,6,True,10498,1,False,False,False,False,0.4000000059604645,4.0,0.5949789881706238,9,5276
1451,10,6,5,True,10498,3,False,False,False,False,0.2828426957130432,2.0,0.7282857298851013,8,5651
1451,11,7,4,True,10498,1,False,False,False,False,0.3464101552963257,3.0,0.5610703825950623,10,2300
1451,12,1,10,False,25,1,True,False,False,False,0.6324555277824402,7.0,0.6327716708183289,8,1157
1451,13,2,9,False,1,1,True,False,False,False,0.9380832314491272,8.0,0.9385095238685608,10,8970
1451,14,10,1,True,10498,1,False,False,False,False,0.19999998807907104,1.0,0.8461678624153137,11,7244
1451,15,8,3,True,10498,1,False,False,False,False,0.44721361994743347,2.0,0.6286493539810181,10,8035
1451,16,3,8,True,10498,2,False,False,False,False,0.3464101552963257,3.0,0.4660471975803375,6,7183
1451,17,8,3,True,10498,1,False,False,False,False,0.20000001788139343,1.0,0.6412488222122192,9,8970
1451,18,8,3,True,10498,1,False,False,False,False,0.2828426957130432,2.0,0.5245950818061829,10,6248
1451,19,4,7,True,10498,1,False,False,False,False,0.2828426957130432,2.0,0.5946427583694458,6,8279
1451,20,1,10,False,10460,263,True,True,True,True,0.0,0.0,0.019999980926513672,1,7524
1451,21,10,1,True,10498,1,False,False,False,False,0.19999998807907104,1.0,0.846167802810669,11,4838
1451,22,11,0,True,10498,1,False,,,,,,0.7927168607711792,11,8035
1451,23,2,9,False,4,1,True,False,False,False,0.8485281467437744,6.0,0.8489995002746582,8,6248
1451,24,10,1,True,10498,1,False,False,False,False,0.19999998807907104,1.0,0.846167802810669,11,4838
1451,25,7,4,True,10498,1,False,False,False,False,0.2828426957130432,2.0,0.7062577605247498,9,9921
1451,26,8,3,True,10498,1,False,False,False,False,0.3464101552963257,3.0,0.8361818194389343,11,4838
1451,27,4,7,True,10498,3,False,False,False,False,0.2828426957130432,2.0,0.5946427583694458,6,490
1451,28,7,4,True,10498,1,False,False,False,False,0.2828426957130432,2.0,0.6089335083961487,9,4062
1451,29,1,10,False,1616,5,True,False,False,False,0.4472135901451111,2.0,0.4476605951786041,3,1808
1451,30,2,9,False,1,1,True,False,False,False,1.058300495147705,8.0,1.058678388595581,10,26
1451,31,9,2,True,10498,1,False,False,False,False,0.4000000059604645,1.0,0.8121576905250549,10,8970
386,0,7,4,True,10498,1,False,False,False,False,0.34641018509864807,3.0,0.5165268778800964,10,8035
386,1,3,8,True,10498,1,False,False,False,False,0.2828426957130432,2.0,0.552449107170105,5,8927
386,2,10,1,True,10498,1,False,True,True,True,0.0,0.0,0.4939635396003723,10,8035
386,3,4,7,True,10498,1,False,False,False,False,0.5291502475738525,4.0,0.6523802280426025,8,4062
386,4,9,2,True,10498,1,False,True,True,True,0.0,0.0,0.49355846643447876,9,8035
386,5,6,5,True,10498,1,False,False,False,False,0.2828427255153656,2.0,0.5238320231437683,8,8035
386,6,9,2,True,10498,1,False,False,False,False,0.3999999761581421,1.0,0.6720119118690491,10,4062
386,7,7,4,True,10498,1,False,False,False,False,0.4898979365825653,3.0,0.6593936681747437,10,4062
386,8,8,3,True,10498,1,False,False,False,False,0.2828426957130432,2.0,0.7065408825874329,10,1963
386,9,3,8,True,10498,3,False,False,False,False,0.3464101552963257,3.0,0.6878953576087952,6,254
386,10,3,8,True,10498,1,False,False,False,False,0.2828426957130432,2.0,0.3594439923763275,5,2891
386,11,10,1,True,10498,1,False,True,True,True,0.0,0.0,0.7402702569961548,10,9355
386,12,3,8,True,10498,1,False,False,False,False,0.2828426957130432,2.0,0.6581793427467346,5,7409
386,13,9,2,True,10498,1,False,False,False,False,0.4472135603427887,2.0,0.6289674043655396,11,6248
386,14,3,8,True,10498,2,False,False,False,False,0.19999998807907104,1.0,0.3704051673412323,4,9481
386,15,11,0,True,10498,1,False,,,,,,0.7927168607711792,11,8035
386,16,5,6,True,10498,1,False,False,False,False,0.2828426957130432,2.0,0.5949790477752686,7,5276
386,17,11,0,True,10498,1,False,,,,,,0.7927168607711792,11,8035
386,18,1,10,False,2981,11,True,True,True,True,0.0,0.0,0.019999995827674866,1,2118
386,19,4,7,True,10498,1,False,False,False,False,0.2828426957130432,2.0,0.5528110265731812,6,8927
386,20,4,7,True,10498,1,False,False,False,False,0.19999998807907104,1.0,0.5600000023841858,5,6851
386,21,5,6,True,10498,7,False,False,False,False,0.19999998807907104,1.0,0.5603570342063904,6,6288
386,22,7,4,True,10498,1,False,False,False,False,0.19999998807907104,1.0,0.561070442199707,8,254
386,23,5,6,True,10498,1,False,False,False,False,0.19999998807907104,1.0,0.6016643643379211,6,6851
386,24,3,8,True,10498,3,False,False,False,False,0.3464101552963257,3.0,0.5451605319976807,6,254
386,25,9,2,True,10498,2,False,True,True,True,0.0,0.0,0.7400000095367432,9,3317
386,26,4,7,True,10498,1,False,False,False,False,0.3999999761581421,4.0,0.5528109669685364,8,5052
386,27,3,8,False,1,1,True,False,False,False,1.1313707828521729,7.0,1.1319010257720947,10,26
386,28,9,2,True,10498,1,False,False,False,False,0.2828426957130432,2.0,0.7068238854408264,11,1963
386,29,6,5,True,10498,1,False,False,False,False,0.4898979365825653,3.0,0.6590902805328369,9,4062
386,30,4,7,True,10498,2,False,False,False,False,0.2828426957130432,2.0,0.5075430870056152,6,405
386,31,10,1,True,10498,2,False,False,False,False,0.19999998807907104,1.0,0.7668116092681885,11,3317
5905,0,4,7,True,10498,1,False,False,False,False,0.19999998807907104,1.0,0.430813193321228,5,9613
5905,1,2,9,False,2945,83,True,True,True,True,0.0,0.0,0.028284255415201187,2,9011
5905,2,9,2,True,10498,1,False,False,False,False,0.19999998807907104,1.0,0.6779381036758423,10,1963
5905,3,10,1,True,10498,1,False,True,True,True,0.0,0.0,0.7924644947052002,10,8035
5905,4,1,10,False,5,1,True,False,False,False,1.039230465888977,8.0,1.039422869682312,9,8970
5905,5,6,5,True,10498,1,False,False,False,False,0.2828426957130432,2.0,0.5238320231437683,8,1963
5905,6,5,6,True,10498,2,False,True,True,True,0.0,0.0,0.382099449634552,5,370
5905,7,8,3,True,10498,1,False,False,False,False,0.4000000059604645,1.0,0.8313844203948975,9,6248
5905,8,6,5,True,10498,1,False,False,False,False,0.20000001788139343,1.0,0.531413197517395,7,7244
5905,9,8,3,True,10498,1,False,False,False,False,0.19999998807907104,1.0,0.6412487626075745,9,3317
5905,10,1,10,False,26,6,True,False,False,False,0.2828426957130432,2.0,0.2835489511489868,3,7285
5905,11,1,10,False,575,2,True,False,False,False,0.19999998807907104,1.0,0.2009975016117096,2,7710
5905,12,8,3,True,10498,2,False,False,False,False,0.3464101552963257,3.0,0.700856626033783,11,5052
5905,13,2,9,True,10498,1,False,False,False,False,0.19999998807907104,1.0,0.5145872235298157,3,7127
5905,14,8,3,True,10498,1,False,False,False,False,0.4000000059604645,1.0,0.634980320930481,9,7244
5905,15,3,8,True,10498,1,False,False,False,False,0.3464101552963257,3.0,0.5875372290611267,6,1954
5905,16,7,4,True,10498,2,False,False,False,False,0.3464101552963257,3.0,0.7555131316184998,10,10051
5905,17,6,5,True,10498,3,False,True,True,True,0.0,0.0,0.5238320827484131,6,9217
5905,18,5,6,True,10498,1,False,False,False,False,0.3464101552963257,3.0,0.6648308038711548,8,6851
5905,19,8,3,True,10498,1,False,False,False,False,0.20000001788139343,1.0,0.8168231248855591,9,2156
5905,20,4,7,True,10498,1,False,False,False,False,0.19999998807907104,1.0,0.43081316351890564,5,1022
5905,21,2,9,True,10498,2,False,True,True,True,0.0,0.0,0.3111269772052765,2,5303
5905,22,6,5,True,10498,2,False,False,False,False,0.3999999761581421,4.0,0.7499333620071411,10,5352
5905,23,1,10,False,1616,117,True,True,True,True,0.0,0.0,0.02000001072883606,1,6463
5905,24,6,5,True,10498,1,False,False,False,False,0.19999998807907104,1.0,0.8064738512039185,7,6312
5905,25,6,5,True,10498,1,False,False,False,False,0.44721361994743347,2.0,0.5885576009750366,8,8035
5905,26,7,4,True,10498,1,False,False,False,False,0.5656853914260864,2.0,0.6832276582717896,9,6248
5905,27,8,3,True,10498,2,False,True,True,True,0.0,0.0,0.6092618703842163,8,370
5905,28,3,8,True,10498,2,False,True,True,True,0.0,0.0,0.31176915764808655,3,3715
5905,29,2,9,False,48,2,True,True,True,True,0.0,0.0,0.02828427590429783,2,4242
5905,30,6,5,True,10498,1,False,False,False,False,0.4000000059604645,1.0,0.5953150987625122,7,2156
5905,31,4,7,False,1,1,True,False,False,False,1.0198038816452026,6.0,1.0205880403518677,10,26
5250,0,5,6,True,10498,1,False,False,False,False,0.19999998807907104,1.0,0.6016643643379211,6,10060
5250,1,6,5,True,10498,1,False,False,False,False,0.4898979663848877,3.0,0.8309031128883362,9,8025
5250,2,5,6,True,10498,1,False,True,True,True,0.0,0.0,0.670820415019989,5,5637
5250,3,6,5,True,10498,1,False,False,False,False,0.4472135901451111,2.0,0.7552483677864075,8,1963
5250,4,1,10,False,10411,266,True,True,True,True,0.0,0.0,0.019999980926513672,1,7475
5250,5,8,3,True,10498,1,False,True,True,True,0.0,0.0,0.49315309524536133,8,8035
5250,6,8,3,True,10498,2,False,False,False,False,0.4472135901451111,2.0,0.8361818790435791,10,3317
5250,7,9,2,True,10498,2,False,False,False,False,0.4472135901451111,2.0,0.836421012878418,11,9355
5250,8,4,7,True,10498,2,False,False,False,False,0.2828426957130432,2.0,0.6939740777015686,6,5651
5250,9,7,4,True,10498,3,False,False,False,False,0.2828426957130432,2.0,0.6714164614677429,9,5276
5250,10,8,3,True,10498,1,False,False,False,False,0.2828426957130432,2.0,0.6717142462730408,10,5276
5250,11,10,1,True,10498,1,False,True,True,True,0.0,0.0,0.4939635396003723,10,8035
5250,12,11,0,True,10498,1,False,,,,,,0.7927168607711792,11,8035
5250,13,7,4,True,10498,1,False,False,False,False,0.4000000059604645,1.0,0.8116649985313416,8,1963
5250,14,8,3,True,10498,1,False,False,False,False,0.4472135901451111,2.0,0.7233256697654724,10,9355
5250,15,5,6,True,10498,1,False,False,False,False,0.3464101552963257,3.0,0.6276941895484924,8,254
5250,16,1,10,False,26,3,True,False,False,False,0.20000001788139343,1.0,0.20099753141403198,2,10063
5250,17,6,5,True,10498,1,False,False,False,False,0.2828426957130432,2.0,0.4758150577545166,8,7235
5250,18,6,5,True,10498,1,False,False,False,False,0.19999998807907104,1.0,0.4841487407684326,7,2221
5250,19,3,8,False,1,1,True,False,False,False,1.1313707828521729,7.0,1.1319010257720947,10,26
5250,20,4,7,True,10498,1,False,False,False,False,0.3464101552963257,3.0,0.5455272793769836,7,422
5250,21,2,9,False,52,4,True,False,False,False,0.2828426957130432,2.0,0.28425341844558716,4,4242
5250,22,10,1,True,10498,1,False,True,True,True,0.0,0.0,0.4939635396003723,10,8035
5250,23,5,6,True,10498,1,False,False,False,False,0.2828426957130432,2.0,0.5234500765800476,7,10463
5250,24,5,6,True,10498,1,False,False,False,False,0.19999998807907104,1.0,0.699999988079071,6,1954
5250,25,8,3,True,10498,1,False,False,False,False,0.20000001788139343,1.0,0.5321654081344604,9,8035
5250,26,11,0,True,10498,1,False,,,,,,0.7927168607711792,11,8035
5250,27,1,10,False,10460,266,True,True,True,True,0.0,0.0,0.019999980926513672,1,5784
5250,28,10,1,True,10498,1,False,True,True,True,0.0,0.0,0.4939635396003723,10,8035
5250,29,6,5,True,10498,2,False,False,False,False,0.3464101552963257,3.0,0.6651315689086914,9,5052
5250,30,4,7,True,10498,1,False,True,True,True,0.0,0.0,0.4399999976158142,4,1951
5250,31,4,7,True,10498,1,False,False,False,False,0.19999998807907104,1.0,0.48332181572914124,5,9671
4765,0,9,2,True,10498,1,False,True,True,True,0.0,0.0,0.49355849623680115,9,8035
4765,1,5,6,True,10498,2,False,False,False,False,0.19999998807907104,1.0,0.699999988079071,6,7187
4765,2,7,4,True,10498,2,False,False,False,False,0.19999998807907104,1.0,0.6409368515014648,8,3317
4765,3,7,4,True,10498,1,False,False,False,False,0.19999998807907104,1.0,0.6023288369178772,8,9355
4765,4,5,6,True,10498,1,False,False,False,False,0.2828426957130432,2.0,0.5531726479530334,7,7231
4765,5,3,8,True,10498,1,False,True,True,True,0.0,0.0,0.5226854085922241,3,8269
4765,6,10,1,True,10498,1,False,True,True,True,0.0,0.0,0.7720103859901428,10,1963
4765,7,6,5,True,10498,1,False,False,False,False,0.2828426957130432,2.0,0.5238320231437683,8,8025
4765,8,5,6,True,10498,1,False,False,False,False,0.19999998807907104,1.0,0.48373544216156006,6,3457
4765,9,1,10,False,25,1,True,False,False,False,0.6928203105926514,6.0,0.6931089162826538,7,7924
4765,10,7,4,True,10498,1,False,True,True,True,0.0,0.0,0.6089335083961487,7,3317
4765,11,5,6,True,10498,1,False,False,False,False,0.4000000059604645,1.0,0.8111720085144043,6,1963
4765,12,7,4,True,10498,1,False,False,False,False,0.4000000059604645,1.0,0.5956509113311768,8,8035
4765,13,11,0,True,10498,1,False,,,,,,0.7927168607711792,11,8035
4765,14,4,7,True,10498,2,False,False,False,False,0.19999998807907104,1.0,0.6645299196243286,5,2642
4765,15,11,0,True,10498,1,False,,,,,,0.7927168607711792,11,8035
4765,16,2,9,True,10498,1,False,False,False,False,0.2828426957130432,2.0,0.5067543983459473,4,7409
4765,17,8,3,True,10498,1,False,False,False,False,0.3999999761581421,1.0,0.6717142462730408,9,4062
4765,18,11,0,True,10498,1,False,,,,,,0.7927168607711792,11,8035
4765,19,6,5,True,10498,1,False,False,False,False,0.2828426957130432,2.0,0.634350061416626,8,8970
4765,20,8,3,True,10498,1,False,True,True,True,0.0,0.0,0.6474565863609314,8,1963
4765,21,7,4,True,10498,2,False,True,True,True,0.0,0.0,0.5242137312889099,7,7129
4765,22,10,1,True,10498,1,False,True,True,True,0.0,0.0,0.7402702569961548,10,3317
4765,23,11,0,True,10498,1,False,,,,,,0.7927168607711792,11,8035
4765,24,3,8,False,1,1,True,False,False,False,0.8485281467437744,6.0,0.8492349982261658,9,6248
4765,25,8,3,True,10498,1,False,False,False,False,0.4000000059604645,1.0,0.8119113445281982,9,3317
4765,26,4,7,True,10498,1,False,True,True,True,0.0,0.0,0.5230678915977478,4,8269
4765,27,10,1,True,10498,1,False,True,True,True,0.0,0.0,0.7402702569961548,10,3317
4765,28,4,7,True,10498,1,False,False,False,False,0.19999998807907104,1.0,0.5153639912605286,5,7276
4765,29,9,2,True,10498,1,False,True,True,True,0.0,0.0,0.7400000095367432,9,8970
4765,30,7,4,True,10498,1,False,False,False,False,0.5291502475738525,4.0,0.6890572905540466,11,4838
4765,31,9,2,True,10498,1,False,False,False,False,0.20000001788139343,1.0,0.7345747351646423,10,8970
5770,0,7,4,True,10498,1,False,False,False,False,0.20000001788139343,1.0,0.73403000831604,8,1963
5770,1,8,3,True,10498,1,False,False,False,False,0.3464101552963257,3.0,0.516913890838623,11,8035
5770,2,6,5,True,10498,1,False,False,False,False,0.19999998807907104,1.0,0.6651315689086914,7,5820
5770,3,2,9,False,1616,8,True,False,False,False,0.2828426957130432,2.0,0.28425338864326477,4,5419
5770,4,2,9,True,10498,1,False,False,False,False,0.19999998807907104,1.0,0.4656178951263428,3,5392
5770,5,6,5,True,10498,1,False,False,False,False,0.3464101552963257,3.0,0.5161395072937012,9,8035
5770,6,10,1,True,10498,1,False,True,True,True,0.0,0.0,0.7720103859901428,10,1963
5770,7,6,5,True,10498,1,False,True,True,True,0.0,0.0,0.5678027868270874,6,6321
5770,8,3,8,True,10498,7,False,False,False,False,0.2828426957130432,2.0,0.5943063497543335,5,9182
5770,9,5,6,True,10498,1,False,True,True,True,0.0,0.0,0.6082762479782104,5,1963
5770,10,7,4,True,10498,1,False,False,False,False,0.19999998807907104,1.0,0.6409368515014648,8,8025
5770,11,6,5,True,10498,1,False,False,False,False,0.3464101552963257,3.0,0.722772479057312,9,5621
5770,12,6,5,True,10498,1,False,False,False,False,0.6000000238418579,3.0,0.7116178870201111,9,8035
5770,13,8,3,True,10498,2,False,False,False,False,0.20000001788139343,1.0,0.7343024611473083,9,9355
5770,14,8,3,True,10498,1,False,False,False,False,0.19999998807907104,1.0,0.6776430010795593,9,1963
5770,15,6,5,True,10498,1,False,False,False,False,0.3464101552963257,3.0,0.5607138276100159,9,8035
5770,16,2,9,True,10498,1,False,False,False,False,0.19999998807907104,1.0,0.5145872235298157,3,5392
5770,17,8,3,True,10498,1,False,True,True,True,0.0,0.0,0.7714921236038208,8,1963
5770,18,5,6,True,10498,1,False,False,False,False,0.3999999761581421,1.0,0.6587867736816406,6,2937
5770,19,6,5,True,10498,1,False,True,True,True,0.0,0.0,0.5678027868270874,6,6321
5770,20,5,6,True,10498,2,False,False,False,False,0.4472135901451111,2.0,0.7224957346916199,7,9355
5770,21,9,2,True,10498,1,False,False,False,False,0.3999999761581421,1.0,0.6720119118690491,10,4062
5770,22,1,10,False,2981,4,True,True,True,True,0.0,0.0,0.019999995827674866,1,5770
5770,23,5,6,True,10498,1,False,False,False,False,0.20000001788139343,1.0,0.6016644239425659,6,1963
5770,24,2,9,False,10410,4,True,True,True,True,0.0,0.0,0.028284244239330292,2,5770
5770,25,10,1,True,10498,1,False,False,False,False,0.20000001788139343,1.0,0.7874007821083069,11,8035
5770,26,6,5,True,10498,1,False,False,False,False,0.2828426957130432,2.0,0.671118438243866,8,5276
5770,27,3,8,True,10498,2,False,False,False,False,0.19999998807907104,1.0,0.3704051673412323,4,8269
5770,28,3,8,True,10498,1,False,False,False,False,0.2828426957130432,2.0,0.4745524227619171,5,5149
5770,29,3,8,True,10498,2,False,False,False,False,0.19999998807907104,1.0,0.3704051673412323,4,7689
5770,30,2,9,False,1,1,True,False,False,False,1.399999976158142,9.0,1.4002856016159058,11,53
5770,31,2,9,True,10498,1,False,False,False,False,0.3464101552963257,3.0,0.4108527600765228,5,7276
10391,0,7,4,True,10498,1,False,False,False,False,0.4898979663848877,3.0,0.6593936681747437,10,8035
10391,1,3,8,True,10498,2,False,False,False,False,0.20000001788139343,1.0,0.5149757266044617,4,7355
10391,2,1,10,False,575,5,True,False,False,False,0.2828426957130432,2.0,0.28354892134666443,3,35
10391,3,7,4,True,10498,1,False,True,True,True,0.0,0.0,0.7394593358039856,7,1963
10391,4,11,0,True,10498,1,False,,,,,,0.7927168607711792,11,8035
10391,5,5,6,True,10498,1,False,False,False,False,0.6000000238418579,3.0,0.7113367915153503,8,8035
10391,6,10,1,True,10498,1,False,True,True,True,0.0,0.0,0.7924644947052002,10,8035
10391,7,10,1,True,10498,2,False,True,True,True,0.0,0.0,0.7402702569961548,10,3317
10391,8,3,8,True,10498,1,False,False,False,False,0.5291503071784973,4.0,0.6520736217498779,7,8035
10391,9,11,0,True,10498,1,False,,,,,,0.7927168607711792,11,8035
10391,10,10,1,True,10498,1,False,True,True,True,0.0,0.0,0.7924644947052002,10,8035
10391,11,5,6,True,10498,1,False,False,False,False,0.5291502475738525,4.0,0.6526867151260376,9,4838
10391,12,9,2,True,10498,1,False,False,False,False,0.3999999761581421,1.0,0.6720119118690491,10,4062
10391,13,2,9,False,1,1,True,False,False,False,1.1832159757614136,7.0,1.18355393409729,9,26
10391,14,3,8,False,23,6,True,False,False,False,0.6324555277824402,2.0,0.6334035396575928,5,721
10391,15,2,9,False,23,6,True,False,False,False,0.6324555277824402,2.0,0.633087694644928,4,10063
10391,16,11,0,True,10498,1,False,,,,,,0.7927168607711792,11,8035
10391,17,2,9,True,10498,1,False,False,False,False,0.3464101552963257,3.0,0.5447935461997986,5,7231
10391,18,7,4,True,10498,1,False,False,False,False,0.5656854510307312,2.0,0.6832276582717896,9,8035
10391,19,11,0,True,10498,1,False,,,,,,0.7927168607711792,11,8035
10391,20,8,3,True,10498,1,False,False,False,False,0.4000000059604645,1.0,0.595986545085907,9,8035
10391,21,2,9,False,1616,4,True,True,True,True,0.0,0.0,0.028284266591072083,2,9626
10391,22,11,0,True,10498,1,False,,,,,,0.7927168607711792,11,8035
10391,23,2,9,False,3,1,True,False,False,False,0.4472135901451111,5.0,0.4481070935726166,7,8970
10391,24,7,4,True,10498,1,False,False,False,False,0.4898979365825653,3.0,0.6593936681747437,10,1020
10391,25,7,4,True,10498,1,False,False,False,False,0.19999998807907104,1.0,0.6023288369178772,8,9355
10391,26,8,3,True,10498,1,False,False,False,False,0.20000001788139343,1.0,0.7343024611473083,9,1963
10391,27,1,10,False,5,1,True,False,False,False,0.7483314871788025,6.0,0.7485987544059753,7,8970
10391,28,5,6,True,10498,3,False,False,False,False,0.2828426957130432,2.0,0.4753945767879486,7,10463
10391,29,4,7,False,1,1,True,False,False,False,1.2489995956420898,7.0,1.249639868736267,11,53
10391,30,4,7,True,10498,1,False,False,False,False,0.4472135901451111,2.0,0.5878775119781494,6,1963
10391,31,2,9,False,1,1,True,False,False,False,1.5099668502807617,9.0,1.5102317333221436,11,53
2878,0,3,8,True,10498,3,False,False,False,False,0.2828426957130432,2.0,0.5071489214897156,5,5392
2878,1,10,1,True,10498,1,False,True,True,True,0.0,0.0,0.8221921920776367,10,7244
2878,2,1,10,False,575,7,True,False,False,False,0.19999998807907104,1.0,0.2009975016117096,2,7710
2878,3,11,0,True,10498,1,False,,,,,,0.7927168607711792,11,8035
2878,4,3,8,True,10498,1,False,False,False,False,0.19999998807907104,1.0,0.5149757266044617,4,5069
2878,5,5,6,True,10498,1,False,False,False,False,0.3464101552963257,3.0,0.6276941895484924,8,8927
2878,6,4,7,True,10498,3,False,False,False,False,0.19999998807907104,1.0,0.3709447383880615,5,8353
2878,7,8,3,True,10498,1,False,False,False,False,0.2828427255153656,2.0,0.4766550064086914,10,8035
2878,8,11,0,True,10498,1,False,,,,,,0.7927168607711792,11,8035
2878,9,9,2,True,10498,1,False,False,False,False,0.20000001788139343,1.0,0.4853864312171936,10,8035
2878,10,8,3,True,10498,1,False,False,False,False,0.4000000059604645,1.0,0.634980320930481,9,7244
2878,11,3,8,False,48,3,True,False,False,False,0.19999998807907104,1.0,0.20297782123088837,4,369
2878,12,9,2,True,10498,1,False,False,False,False,0.19999998807907104,1.0,0.6415606141090393,10,3317
2878,13,9,2,True,10498,1,False,False,False,False,0.4000000059604645,1.0,0.5963220596313477,10,8035
2878,14,8,3,True,10498,1,False,False,False,False,0.4000000059604645,1.0,0.8409518599510193,9,5789
2878,15,9,2,True,10498,1,False,False,False,False,0.20000001788139343,1.0,0.5325410962104797,10,8035
2878,16,11,0,True,10498,1,False,,,,,,0.7927168607711792,11,8035
2878,17,6,5,True,10498,1,False,False,False,False,0.4898979365825653,3.0,0.6216108202934265,9,9355
2878,18,8,3,True,10498,1,False,False,False,False,0.4000000059604645,1.0,0.634980320930481,9,7244
2878,19,6,5,True,10498,1,False,False,False,False,0.19999998807907104,1.0,0.7002857327461243,7,490
2878,20,10,1,True,10498,1,False,True,True,True,0.0,0.0,0.7402702569961548,10,8970
2878,21,10,1,True,10498,1,False,True,True,True,0.0,0.0,0.7924644947052002,10,8035
2878,22,11,0,True,10498,1,False,,,,,,0.7927168607711792,11,8035
2878,23,9,2,True,10498,1,False,False,False,False,0.4000000059604645,1.0,0.5963220596313477,10,8035
2878,24,7,4,True,10498,1,False,False,False,False,0.2828427255153656,2.0,0.5242136716842651,9,8035
2878,25,7,4,True,10498,1,False,False,False,False,0.19999998807907104,1.0,0.8067218065261841,8,6312
2878,26,2,9,False,1,1,True,False,False,False,1.1661903858184814,9.0,1.166533350944519,11,53
2878,27,5,6,True,10498,1,False,False,False,False,0.4000000059604645,1.0,0.5949790477752686,6,2156
2878,28,10,1,True,10498,2,False,True,True,True,0.0,0.0,0.7402702569961548,10,9355
2878,29,10,1,True,10498,1,False,True,True,True,0.0,0.0,0.761577308177948,10,6248
2878,30,6,5,True,10498,1,False,False,False,False,0.4472135901451111,2.0,0.5885575413703918,8,295
2878,31,7,4,True,10498,1,False,True,True,True,0.0,0.0,0.6714164614677429,7,5637
7325,0,7,4,True,10498,2,False,False,False,False,0.2828426957130432,2.0,0.7285602688789368,9,10051
7325,1,10,1,True,10498,1,False,True,True,True,0.0,0.0,0.7924644947052002,10,8035
7325,2,8,3,True,10498,1,False,True,True,True,0.0,0.0,0.8217055201530457,8,7244
7325,3,2,9,True,10498,1,False,False,False,False,0.2828426957130432,2.0,0.5067543983459473,4,9146
7325,4,2,9,True,10498,1,False,False,False,False,0.19999998807907104,1.0,0.5145872235298157,3,9146
7325,5,4,7,True,10498,1,False,False,False,False,0.20000001788139343,1.0,0.5600000023841858,5,9659
7325,6,2,9,True,10498,1,False,False,False,False,0.3464101552963257,3.0,0.5447935461997986,5,7231
7325,7,7,4,True,10498,1,False,False,False,False,0.4472135901451111,2.0,0.8359426259994507,9,8025
7325,8,1,10,False,10460,53,True,True,True,True,0.0,0.0,0.019999980926513672,1,3880
7325,9,2,9,False,4,1,True,False,False,False,0.7483315467834473,6.0,0.7488658428192139,8,8970
7325,10,2,9,False,48,8,True,False,False,False,0.19999998807907104,1.0,0.20199008285999298,3,409
7325,11,9,2,True,10498,1,False,True,True,True,0.0,0.0,0.49355849623680115,9,8035
7325,12,6,5,True,10498,1,False,False,False,False,0.2828426957130432,2.0,0.5953150987625122,8,8927
7325,13,8,3,True,10498,1,False,True,True,True,0.0,0.0,0.6474565863609314,8,1963
7325,14,4,7,False,7,1,True,False,False,False,0.19999998807907104,1.0,0.20396076142787933,5,8838
7325,15,8,3,True,10498,1,False,False,False,False,0.4000000059604645,1.0,0.595986545085907,9,8035
7325,16,9,2,True,10498,1,False,False,False,False,0.20000001788139343,1.0,0.7665507793426514,10,3317
7325,17,10,1,True,10498,1,False,True,True,True,0.0,0.0,0.7924644947052002,10,8035
7325,18,11,0,True,10498,1,False,,,,,,0.7927168607711792,11,8035
7325,19,7,4,True,10498,1,False,True,True,True,0.0,0.0,0.44136151671409607,7,2156
7325,20,10,1,True,10498,1,False,True,True,True,0.0,0.0,0.7720103859901428,10,1963
7325,21,3,8,True,10498,1,False,True,True,True,0.0,0.0,0.2218107283115387,3,6312
7325,22,11,0,True,10498,1,False,,,,,,0.7927168607711792,11,8035
7325,23,1,10,False,26,3,True,True,True,True,0.0,0.0,0.019999995827674866,1,720
7325,24,9,2,True,10498,1,False,True,True,True,0.0,0.0,0.7717512845993042,9,1963
7325,25,2,9,False,4,1,True,False,False,False,1.095445156097412,8.0,1.0958101749420166,10,4838
7325,26,10,1,True,10498,1,False,True,True,True,0.0,0.0,0.7402702569961548,10,8970
7325,27,5,6,True,10498,4,False,False,False,False,0.19999998807907104,1.0,0.4669046998023987,6,7338
7325,28,5,6,True,10498,1,False,False,False,False,0.2828426957130432,2.0,0.5949789881706238,7,254
7325,29,1,10,False,26,3,True,True,True,True,0.0,0.0,0.019999995827674866,1,720
7325,30,9,2,True,10498,1,False,False,False,False,0.4000000059604645,1.0,0.8411896824836731,10,5789
7325,31,9,2,True,10498,1,False,True,True,True,0.0,0.0,0.49355846643447876,9,8035
4899,0,8,3,True,10498,1,False,True,True,True,0.0,0.0,0.6474565863609314,8,1963
4899,1,1,10,False,1616,146,True,True,True,True,0.0,0.0,0.02000001072883606,1,8087
4899,2,9,2,True,10498,1,False,True,True,True,0.0,0.0,0.7922121286392212,9,7244
4899,3,8,3,True,10498,2,False,False,False,False,0.2828427255153656,2.0,0.7288347482681274,10,9355
4899,4,5,6,True,10498,1,False,False,False,False,0.19999998807907104,1.0,0.43127715587615967,6,10463
4899,5,4,7,True,10498,1,False,False,False,False,0.2828427255153656,2.0,0.4749736785888672,6,10010
4899,6,4,7,True,10498,2,False,False,False,False,0.20000001788139343,1.0,0.6997142434120178,5,1948
4899,7,5,6,True,10498,1,False,False,False,False,0.20000001788139343,1.0,0.48373547196388245,6,7244
4899,8,9,2,True,10498,1,False,False,False,False,0.20000001788139343,1.0,0.7665507793426514,10,3317
4899,9,11,0,True,10498,1,False,,,,,,0.7927168607711792,11,8035
4899,10,8,3,True,10498,1,False,True,True,True,0.0,0.0,0.7919595837593079,8,7244
4899,11,10,1,True,10498,1,False,True,True,True,0.0,0.0,0.7924644947052002,10,8035
4899,12,6,5,True,10498,1,False,False,False,False,0.20000001788139343,1.0,0.6406247019767761,7,9921
4899,13,6,5,True,10498,1,False,False,False,False,0.20000001788139343,1.0,0.7552483081817627,7,2156
4899,14,8,3,True,10498,1,False,True,True,True,0.0,0.0,0.7610518932342529,8,2156
4899,15,5,6,True,10498,1,False,False,False,False,0.2828426957130432,2.0,0.4753945767879486,7,1963
4899,16,3,8,False,1,1,True,False,False,False,0.632455587387085,4.0,0.6334035396575928,7,8035
4899,17,8,3,True,10498,1,False,True,True,True,0.0,0.0,0.7610518932342529,8,8035
4899,18,10,1,True,10498,1,False,True,True,True,0.0,0.0,0.7720103859901428,10,1963
4899,19,3,8,True,10498,2,False,True,True,True,0.0,0.0,0.3810511827468872,3,1021
4899,20,4,7,False,1,1,True,False,False,False,0.9380831718444824,5.0,0.9389356374740601,9,26
4899,21,6,5,True,10498,1,False,False,False,False,0.20000001788139343,1.0,0.4317406415939331,7,7244
4899,22,4,7,True,10498,7,False,False,False,False,0.20000001788139343,1.0,0.3709447383880615,5,9182
4899,23,11,0,True,10498,1,False,,,,,,0.7927168607711792,11,8035
4899,24,7,4,True,10498,1,False,False,False,False,0.2828426957130432,2.0,0.6714164614677429,9,1963
4899,25,4,7,True,10498,1,False,False,False,False,0.2828427255153656,2.0,0.5946427583694458,6,1963
4899,26,5,6,True,10498,3,False,True,True,True,0.0,0.0,0.5234501361846924,5,1955
4899,27,2,9,False,2,2,True,False,False,False,1.4282857179641724,8.0,1.4285657405853271,10,7497
4899,28,9,2,True,10498,1,False,False,False,False,0.20000001788139343,1.0,0.7665507793426514,10,3317
4899,29,3,8,True,10498,4,False,False,False,False,0.20000001788139343,1.0,0.3704051971435547,4,3742
4899,30,1,10,False,3,1,True,False,False,False,1.039230465888977,8.0,1.039422869682312,9,8970
4899,31,5,6,True,10498,1,False,True,True,True,0.0,0.0,0.382099449634552,5,7581
6908,0,4,7,True,10498,1,False,False,False,False,0.4472135901451111,2.0,0.5878775119781494,6,1963
6908,1,8,3,True,10498,1,False,False,False,False,0.19999998807907104,1.0,0.6412488222122192,9,9355
6908,2,8,3,True,10498,1,False,False,False,False,0.4000000059604645,1.0,0.8119113445281982,9,9355
6908,3,2,9,True,10498,1,False,True,True,True,0.0,0.0,0.22090721130371094,2,7276
6908,4,6,5,True,10498,1,False,False,False,False,0.20000001788139343,1.0,0.5607138276100159,7,9355
6908,5,5,6,True,10498,1,False,False,False,False,0.4000000059604645,1.0,0.6942622065544128,6,1963
6908,6,2,9,False,23,6,True,False,False,False,0.6324555277824402,2.0,0.633087694644928,4,720
6908,7,7,4,True,10498,1,False,False,False,False,0.20000001788139343,1.0,0.6409368515014648,8,1963
6908,8,3,8,True,10498,3,False,False,False,False,0.2828426957130432,2.0,0.4745524227619171,5,6413
6908,9,6,5,True,10498,1,False,False,False,False,0.2828426957130432,2.0,0.6711184978485107,8,1963
6908,10,3,8,False,2,1,True,False,False,False,0.5999999642372131,3.0,0.6009991765022278,6,9617
6908,11,11,0,True,10498,1,False,,,,,,0.7927168607711792,11,8035
6908,12,1,10,False,3,1,True,False,False,False,0.7745966911315918,7.0,0.774854838848114,8,8970
6908,13,8,3,True,10498,1,False,False,False,False,0.19999998807907104,1.0,0.7343024611473083,9,9355
6908,14,6,5,True,10498,1,False,False,False,False,0.2828427255153656,2.0,0.475815087556839,8,8035
6908,15,2,9,True,10498,3,False,False,False,False,0.3464101552963257,3.0,0.5447935461997986,5,4033
6908,16,6,5,True,10498,1,False,False,False,False,0.3464101552963257,3.0,0.5161395072937012,9,8970
6908,17,5,6,True,10498,1,False,False,False,False,0.4472135901451111,2.0,0.6276941895484924,7,1963
6908,18,3,8,True,10498,1,False,True,True,True,0.0,0.0,0.4745524227619171,3,5712
6908,19,5,6,True,10498,1,False,False,False,False,0.3464101552963257,3.0,0.6276941895484924,8,5276
6908,20,10,1,True,10498,1,False,True,True,True,0.0,0.0,0.7924644947052002,10,8035
6908,21,10,1,True,10498,1,False,True,True,True,0.0,0.0,0.7924644947052002,10,8035
6908,22,2,9,True,10498,1,False,False,False,False,0.19999998807907104,1.0,0.3698648512363434,3,5493
6908,23,7,4,True,10498,1,False,False,False,False,0.4000000059604645,1.0,0.6948381066322327,8,9355
6908,24,11,0,True,10498,1,False,,,,,,0.7927168607711792,11,8035
6908,25,10,1,True,10498,1,False,True,True,True,0.0,0.0,0.7924644947052002,10,8035
6908,26,2,9,False,1,1,True,False,False,False,1.4422204494476318,9.0,1.4424978494644165,11,53
6908,27,2,9,True,10498,4,False,False,False,False,0.3464101552963257,3.0,0.687604546546936,5,4512
6908,28,11,0,True,10498,1,False,,,,,,0.7927168607711792,11,8035
6908,29,9,2,True,10498,1,False,False,False,False,0.4472135603427887,2.0,0.701141893863678,11,4838
6908,30,6,5,True,10498,2,False,False,False,False,0.20000001788139343,1.0,0.6019967198371887,7,3317
6908,31,6,5,True,10498,1,False,False,False,False,0.44721361994743347,2.0,0.5885576009750366,8,8035
8109,0,8,3,True,10498,1,False,False,False,False,0.2828427255153656,2.0,0.634980320930481,10,9355
8109,1,2,9,True,10498,1,False,False,False,False,0.3464101552963257,3.0,0.4108527600765228,5,4365
8109,2,5,6,True,10498,1,False,False,False,False,0.20000001788139343,1.0,0.6403124332427979,6,1948
8109,3,8,3,True,10498,2,False,False,False,False,0.19999998807907104,1.0,0.6412488222122192,9,9355
8109,4,7,4,True,10498,1,False,False,False,False,0.3464101552963257,3.0,0.6654322147369385,10,7181
8109,5,1,10,False,3,1,True,False,False,False,1.1135529279708862,9.0,1.1137324571609497,10,8970
8109,6,10,1,True,10498,1,False,True,True,True,0.0,0.0,0.7720103859901428,10,1963
8109,7,11,0,True,10498,1,False,,,,,,0.7927168607711792,11,8035
8109,8,10,1,True,10498,1,False,True,True,True,0.0,0.0,0.8221921920776367,10,7244
8109,9,1,10,False,26,3,True,True,True,True,0.0,0.0,0.019999995827674866,1,8826
8109,10,7,4,True,10498,1,False,False,False,False,0.2828426957130432,2.0,0.634665310382843,9,1963
8109,11,5,6,True,10498,1,False,True,True,True,0.0,0.0,0.5674504637718201,5,5675
8109,12,5,6,True,10498,2,False,False,False,False,0.44721361994743347,2.0,0.7224956750869751,7,1963
8109,13,3,8,True,10498,1,False,False,False,False,0.20000001788139343,1.0,0.5149757266044617,4,5675
8109,14,9,2,True,10498,1,False,True,True,True,0.0,0.0,0.8219488859176636,9,7244
8109,15,8,3,True,10498,1,False,True,True,True,0.0,0.0,0.7610518932342529,8,8035
8109,16,5,6,True,10498,2,False,False,False,False,0.19999998807907104,1.0,0.6016644239425659,6,7148
8109,17,11,0,True,10498,1,False,,,,,,0.7927168607711792,11,8035
8109,18,2,9,True,10498,4,False,False,False,False,0.19999998807907104,1.0,0.5145872235298157,3,7337
8109,19,7,4,True,10498,1,False,False,False,False,0.2828426957130432,2.0,0.6714164614677429,9,3317
8109,20,10,1,True,10498,2,False,False,False,False,0.19999998807907104,1.0,0.7668116092681885,11,3317
8109,21,8,3,True,10498,1,False,False,False,False,0.20000001788139343,1.0,0.7557777762413025,9,8035
8109,22,1,10,False,2981,2,True,True,True,True,0.0,0.0,0.019999995827674866,1,6537
8109,23,11,0,True,10498,1,False,,,,,,0.7927168607711792,11,8035
8109,24,10,1,True,10498,1,False,True,True,True,0.0,0.0,0.4939635396003723,10,8035
8109,25,5,6,True,10498,1,False,False,False,False,0.20000001788139343,1.0,0.6016643643379211,6,1948
8109,26,4,7,True,10498,1,False,False,False,False,0.3464101552963257,3.0,0.6273754835128784,7,2658
8109,27,5,6,True,10498,6,False,False,False,False,0.19999998807907104,1.0,0.3714834749698639,6,9213
8109,28,11,0,True,10498,1,False,,,,,,0.7927168607711792,11,8035
8109,29,9,2,True,10498,1,False,True,True,True,0.0,0.0,0.8506468534469604,9,9931
8109,30,7,4,True,10498,1,False,False,False,False,0.3464101552963257,3.0,0.6654322147369385,10,9355
8109,31,1,10,False,3,1,True,False,False,False,1.1135529279708862,9.0,1.1137324571609497,10,8970
8178,0,6,5,True,10498,1,False,False,False,False,0.4898979365825653,3.0,0.6216108202934265,9,9355
8178,1,9,2,True,10498,1,False,True,True,True,0.0,0.0,0.7613146305084229,9,6248
8178,2,7,4,True,10498,1,False,False,False,False,0.19999998807907104,1.0,0.6654322147369385,8,5621
8178,3,11,0,True,10498,1,False,,,,,,0.7927168607711792,11,8035
8178,4,10,1,True,10498,1,False,False,False,False,0.19999998807907104,1.0,0.846167802810669,11,4838
8178,5,11,0,True,10498,1,False,,,,,,0.7927168607711792,11,8035
8178,6,10,1,True,10498,1,False,False,False,False,0.19999998807907104,1.0,0.846167802810669,11,4838
8178,7,9,2,True,10498,1,False,False,False,False,0.3999999761581421,1.0,0.6720119118690491,10,4062
8178,8,5,6,False,3,1,True,False,False,False,0.19999998807907104,1.0,0.20493899285793304,6,418
8178,9,2,9,True,10498,2,False,True,True,True,0.0,0.0,0.22090721130371094,2,335
8178,10,10,1,True,10498,1,False,True,True,True,0.0,0.0,0.7924644947052002,10,8035
8178,11,5,6,True,10498,1,False,False,False,False,0.4898979067802429,3.0,0.6587867736816406,8,1020
8178,12,8,3,True,10498,1,False,False,False,False,0.20000001788139343,1.0,0.5321654081344604,9,8035
8178,13,7,4,True,10498,1,False,False,False,False,0.2828426957130432,2.0,0.7607890963554382,9,8025
8178,14,8,3,True,10498,1,False,False,False,False,0.2828426957130432,2.0,0.7065408825874329,10,7181
8178,15,2,9,True,10498,2,False,False,False,False,0.3464101552963257,3.0,0.5871967077255249,5,5392
8178,16,8,3,True,10498,1,False,True,True,True,0.0,0.0,0.7610518932342529,8,6248
8178,17,10,1,True,10498,1,False,True,True,True,0.0,0.0,0.7924644947052002,10,8035
8178,18,4,7,True,10498,1,False,False,False,False,0.3464101552963257,3.0,0.5455272793769836,7,422
8178,19,7,4,True,10498,1,False,False,False,False,0.19999998807907104,1.0,0.6409368515014648,8,3317
8178,20,10,1,True,10498,2,False,True,True,True,0.0,0.0,0.7402702569961548,10,3317
8178,21,6,5,True,10498,1,False,False,False,False,0.3999999761581421,4.0,0.5535340905189514,10,5276
8178,22,4,7,True,10498,1,False,True,True,True,0.0,0.0,0.38157567381858826,4,8269
8178,23,7,4,True,10498,1,False,False,False,False,0.44721361994743347,2.0,0.6283311247825623,9,8035
8178,24,4,7,True,10498,2,False,False,False,False,0.2828426957130432,2.0,0.5946427583694458,6,2642
8178,25,10,1,True,10498,1,False,True,True,True,0.0,0.0,0.7924644947052002,10,8035
8178,26,6,5,True,10498,1,False,False,False,False,0.6000000238418579,3.0,0.7116178870201111,9,8035
8178,27,8,3,True,10498,1,False,False,False,False,0.3999999761581421,1.0,0.6717142462730408,9,4062
8178,28,2,9,False,25,1,True,True,True,True,0.0,0.0,0.028284255415201187,2,4139
8178,29,1,10,False,5,1,True,False,False,False,0.8246211409568787,6.0,0.8248636722564697,7,8970
8178,30,9,2,True,10498,1,False,False,False,False,0.19999998807907104,1.0,0.6779381036758423,10,1963
8178,31,11,0,True,10498,1,False,,,,,,0.7927168607711792,11,8035
8282,0,10,1,True,10498,1,False,True,True,True,0.0,0.0,0.7924644947052002,10,8035
8282,1,9,2,True,10498,1,False,True,True,True,0.0,0.0,0.44226688146591187,9,8035
8282,2,9,2,True,10498,2,False,False,False,False,0.19999998807907104,1.0,0.6415606141090393,10,3317
8282,3,8,3,True,10498,1,False,False,False,False,0.19999998807907104,1.0,0.5321654081344604,9,4280
8282,4,8,3,True,10498,1,False,False,False,False,0.4000000059604645,1.0,0.8872429132461548,9,7244
8282,5,8,3,True,10498,2,False,False,False,False,0.4472135901451111,2.0,0.7233256697654724,10,9355
8282,6,9,2,True,10498,1,False,False,False,False,0.2828426957130432,2.0,0.6720119118690491,11,3317
8282,7,8,3,True,10498,1,False,False,False,False,0.4000000059604645,1.0,0.595986545085907,9,8035
8282,8,4,7,False,1,1,True,False,False,False,1.1135528087615967,6.0,1.1142710447311401,10,26
8282,9,1,10,False,1616,117,True,True,True,True,0.0,0.0,0.02000001072883606,1,7698
8282,10,11,0,True,10498,1,False,,,,,,0.7927168607711792,11,8035
8282,11,7,4,True,10498,1,False,False,False,False,0.3464101552963257,3.0,0.6890573501586914,10,422
8282,12,7,4,True,10498,1,False,False,False,False,0.20000001788139343,1.0,0.6409368515014648,8,1963
8282,13,1,10,False,10460,117,True,True,True,True,0.0,0.0,0.019999980926513672,1,495
8282,14,10,1,True,10498,1,False,True,True,True,0.0,0.0,0.7924644947052002,10,8035
8282,15,10,1,True,10498,1,False,False,False,False,0.19999998807907104,1.0,0.846167802810669,11,4838
8282,16,7,4,True,10498,1,False,False,False,False,0.3464101552963257,3.0,0.8067218065261841,10,4838
8282,17,2,9,False,1,1,True,False,False,False,1.4422204494476318,9.0,1.4424978494644165,11,53
8282,18,6,5,True,10498,1,False,False,False,False,0.20000001788139343,1.0,0.733757495880127,7,1948
8282,19,8,3,True,10498,1,False,False,False,False,0.19999998807907104,1.0,0.6776430010795593,9,9921
8282,20,10,1,True,10498,1,False,True,True,True,0.0,0.0,0.8221921920776367,10,7244
8282,21,11,0,True,10498,1,False,,,,,,0.7927168607711792,11,8035
8282,22,8,3,True,10498,1,False,False,False,False,0.4472135901451111,2.0,0.7557777762413025,10,1963
8282,23,7,4,True,10498,1,False,False,False,False,0.20000001788139343,1.0,0.73403000831604,8,1963
8282,24,6,5,True,10498,1,False,False,False,False,0.19999998807907104,1.0,0.4317406415939331,7,4774
8282,25,2,9,False,23,3,True,False,False,False,0.19999998807907104,1.0,0.20199008285999298,3,8885
8282,26,2,9,False,2,1,True,False,False,False,0.44721361994743347,2.0,0.44810715317726135,4,4139
8282,27,5,6,True,10498,1,False,False,False,False,0.19999998807907104,1.0,0.43127715587615967,6,4143
8282,28,6,5,True,10498,1,False,False,False,False,0.19999998807907104,1.0,0.4317406415939331,7,2146
8282,29,1,10,False,1616,117,True,True,True,True,0.0,0.0,0.02000001072883606,1,1940
8282,30,11,0,True,10498,1,False,,,,,,0.7927168607711792,11,8035
8282,31,7,4,True,10498,1,False,False,False,False,0.3464101552963257,3.0,0.7866383790969849,10,2658
76,0,8,3,True,10498,1,False,True,True,True,0.0,0.0,0.49315309524536133,8,7244
76,1,11,0,True,10498,1,False,,,,,,0.7927168607711792,11,8035
76,2,4,7,False,1,1,True,False,False,False,0.8717797994613647,5.0,0.8726969957351685,9,6248
76,3,5,6,True,10498,1,False,False,False,False,0.2828426957130432,2.0,0.4219004511833191,7,4143
76,4,11,0,True,10498,1,False,,,,,,0.7927168607711792,11,8035
76,5,10,1,True,10498,1,False,True,True,True,0.0,0.0,0.7924644947052002,10,8035
76,6,10,1,True,10498,2,False,False,False,False,0.19999998807907104,1.0,0.7668116092681885,11,3317
76,7,8,3,True,10498,1,False,False,False,False,0.2828427255153656,2.0,0.634980320930481,10,9355
76,8,3,8,True,10498,1,False,False,False,False,0.20000001788139343,1.0,0.5596427917480469,4,9931
76,9,2,9,False,2,1,True,False,False,False,1.0,8.0,1.0003999471664429,10,8970
76,10,2,9,True,10498,7,False,False,False,False,0.3464101552963257,3.0,0.5447935461997986,5,9503
76,11,3,8,True,10498,2,False,False,False,False,0.2828427255153656,2.0,0.42095130681991577,5,4243
76,12,5,6,True,10498,1,False,False,False,False,0.34641018509864807,3.0,0.5882176756858826,8,9355
76,13,6,5,True,10498,1,False,False,False,False,0.34641018509864807,3.0,0.4673328697681427,9,8035
76,14,6,5,True,10498,1,False,False,False,False,0.20000001788139343,1.0,0.4317406713962555,7,8035
76,15,7,4,True,10498,1,False,False,False,False,0.20000001788139343,1.0,0.7866383790969849,8,7244
76,16,7,4,True,10498,1,False,True,True,True,0.0,0.0,0.7394593358039856,7,9921
76,17,5,6,True,10498,4,False,False,False,False,0.20000001788139343,1.0,0.6016644239425659,6,3282
76,18,6,5,True,10498,1,False,False,False,False,0.2828426957130432,2.0,0.4758150577545166,8,3317
76,19,9,2,True,10498,1,False,False,False,False,0.4000000059604645,1.0,0.5963220596313477,10,8035
76,20,9,2,True,10498,1,False,False,False,False,0.2828427255153656,2.0,0.7820485830307007,11,8035
76,21,9,2,True,10498,1,False,False,False,False,0.3999999761581421,1.0,0.6720119118690491,10,4062
76,22,3,8,True,10498,2,False,False,False,False,0.3464101552963257,3.0,0.4660471975803375,6,912
76,23,7,4,True,10498,1,False,False,False,False,0.5656853914260864,2.0,0.7174956798553467,9,6248
76,24,11,0,True,10498,1,False,,,,,,0.7927168607711792,11,8035
76,25,8,3,True,10498,1,False,False,False,False,0.2828426957130432,2.0,0.6717142462730408,10,3317
76,26,9,2,True,10498,1,False,False,False,False,0.20000001788139343,1.0,0.4853864312171936,10,8035
76,27,11,0,True,10498,1,False,,,,,,0.7927168607711792,11,8035
76,28,7,4,True,10498,1,False,True,True,True,0.0,0.0,0.7917070388793945,7,2156
76,29,2,9,True,10498,3,False,False,False,False,0.2828426957130432,2.0,0.3588871657848358,4,912
76,30,7,4,True,10498,1,False,False,False,False,0.19999998807907104,1.0,0.73403000831604,8,6851
76,31,11,0,True,10498,1,False,,,,,,0.7927168607711792,11,8035
8367,0,8,3,True,10498,1,False,False,False,False,0.19999998807907104,1.0,0.7343024611473083,9,9355
8367,1,1,10,False,10460,13,True,True,True,True,0.0,0.0,0.019999980926513672,1,7351
8367,2,2,9,False,7,1,True,False,False,False,0.6633249521255493,3.0,0.6639277338981628,5,8838
8367,3,9,2,True,10498,1,False,True,True,True,0.0,0.0,0.7400000691413879,9,9355
8367,4,1,10,False,10411,13,True,True,True,True,0.0,0.0,0.019999980926513672,1,7514
8367,5,4,7,False,1,1,True,False,False,False,1.1313707828521729,7.0,1.132077693939209,11,26
8367,6,4,7,True,10498,1,False,False,False,False,0.2828426957130432,2.0,0.4749736785888672,6,9613
8367,7,10,1,True,10498,1,False,True,True,True,0.0,0.0,0.7924644947052002,10,8035
8367,8,10,1,True,10498,1,False,False,False,False,0.19999998807907104,1.0,0.846167802810669,11,4838
8367,9,3,8,True,10498,12,False,False,False,False,0.19999998807907104,1.0,0.3704051673412323,4,2344
8367,10,11,0,True,10498,1,False,,,,,,0.7927168607711792,11,8035
8367,11,4,7,True,10498,1,False,False,False,False,0.2828426957130432,2.0,0.65848308801651,6,422
8367,12,7,4,True,10498,2,False,False,False,False,0.3464101552963257,3.0,0.7005712389945984,10,5052
8367,13,10,1,True,10498,2,False,False,False,False,0.19999998807907104,1.0,0.7668116092681885,11,3317
8367,14,4,7,True,10498,1,False,False,False,False,0.2828426957130432,2.0,0.727736234664917,6,6851
8367,15,10,1,True,10498,2,False,True,True,True,0.0,0.0,0.7402702569961548,10,3317
8367,16,4,7,False,1,1,True,False,False,False,0.8485281467437744,6.0,0.8494704365730286,10,26
8367,17,6,5,True,10498,2,False,False,False,False,0.19999998807907104,1.0,0.6019967198371887,7,6413
8367,18,6,5,True,10498,1,False,False,False,False,0.20000001788139343,1.0,0.6406247019767761,7,1963
8367,19,5,6,True,10498,1,False,False,False,False,0.19999998807907104,1.0,0.48373547196388245,6,3317
8367,20,1,10,False,3,1,True,False,False,False,0.7745966911315918,7.0,0.774854838848114,8,8970
8367,21,2,9,False,1,1,True,False,False,False,1.4422204494476318,9.0,1.4424978494644165,11,53
8367,22,8,3,True,10498,2,False,False,False,False,0.19999998807907104,1.0,0.6412488222122192,9,9355
8367,23,8,3,True,10498,1,False,False,False,False,0.4472135901451111,2.0,0.6657326817512512,10,4062
8367,24,7,4,True,10498,1,False,False,False,False,0.20000001788139343,1.0,0.5317894220352173,8,8035
8367,25,3,8,True,10498,2,False,False,False,False,0.20000001788139343,1.0,0.5596427917480469,4,6052
8367,26,8,3,True,10498,1,False,False,False,False,0.44721361994743347,2.0,0.5892367959022522,10,8035
8367,27,10,1,True,10498,1,False,True,True,True,0.0,0.0,0.4939635396003723,10,8035
8367,28,11,0,True,10498,1,False,,,,,,0.7927168607711792,11,8035
8367,29,3,8,True,10498,3,False,False,False,False,0.20000001788139343,1.0,0.3704051673412323,4,9182
8367,30,11,0,True,10498,1,False,,,,,,0.7927168607711792,11,8035
8367,31,9,2,True,10498,1,False,True,True,True,0.0,0.0,0.6095900535583496,9,3317
2078,0,4,7,True,10498,1,False,False,False,False,0.19999998807907104,1.0,0.43081316351890564,5,5026
2078,1,6,5,True,10498,1,False,False,False,False,0.19999998807907104,1.0,0.601996660232544,7,6025
2078,2,3,8,True,10498,7,False,False,False,False,0.19999998807907104,1.0,0.5149757266044617,4,311
2078,3,1,10,False,5,1,True,False,False,False,0.8485281467437744,7.0,0.8487638831138611,8,8970
2078,4,9,2,True,10498,1,False,True,True,True,0.0,0.0,0.7717512845993042,9,1963
2078,5,9,2,True,10498,1,False,False,False,False,0.20000001788139343,1.0,0.4853864312171936,10,8035
2078,6,1,10,False,10460,58,True,True,True,True,0.0,0.0,0.019999980926513672,1,5225
2078,7,7,4,True,10498,1,False,False,False,False,0.4000000059604645,1.0,0.634665310382843,8,4062
2078,8,1,10,False,25,1,True,False,False,False,0.5656853914260864,5.0,0.5660388469696045,6,7924
2078,9,2,9,False,24,1,True,False,False,False,0.3999999761581421,4.0,0.4009987413883209,6,2237
2078,10,2,9,False,4,1,True,False,False,False,0.8485281467437744,7.0,0.8489994406700134,9,8970
2078,11,4,7,False,220,3,True,True,True,True,0.0,0.0,0.039999984204769135,4,9394
2078,12,1,10,False,26,1,True,False,False,False,0.3999999761581421,1.0,0.4004996716976166,2,4139
2078,13,6,5,True,10498,1,False,False,False,False,0.4000000059604645,1.0,0.634350061416626,7,4062
2078,14,8,3,True,10498,1,False,False,False,False,0.19999998807907104,1.0,0.6412487626075745,9,7262
2078,15,10,1,True,10498,1,False,True,True,True,0.0,0.0,0.7402702569961548,10,3317
2078,16,3,8,True,10498,1,False,False,False,False,0.4472135901451111,2.0,0.6520736217498779,5,2607
2078,17,10,1,True,10498,1,False,True,True,True,0.0,0.0,0.7720103859901428,10,1963
2078,18,11,0,True,10498,1,False,,,,,,0.7927168607711792,11,8035
2078,19,10,1,True,10498,1,False,True,True,True,0.0,0.0,0.5403702259063721,10,4062
2078,20,1,10,False,10411,58,True,True,True,True,0.0,0.0,0.019999980926513672,1,693
2078,21,2,9,False,1,1,True,False,False,False,1.4142135381698608,8.0,1.4144964218139648,10,53
2078,22,7,4,True,10498,1,False,False,False,False,0.5656854510307312,2.0,0.7174956798553467,9,4062
2078,23,7,4,True,10498,1,False,True,True,True,0.0,0.0,0.6089335083961487,7,3317
2078,24,7,4,True,10498,1,False,False,False,False,0.4000000059604645,1.0,0.5956509113311768,8,8035
2078,25,9,2,True,10498,1,False,False,False,False,0.19999998807907104,1.0,0.6415606141090393,10,9355
2078,26,4,7,True,10498,1,False,False,False,False,0.19999998807907104,1.0,0.601331889629364,5,10060
2078,27,1,10,False,10411,58,True,True,True,True,0.0,0.0,0.019999980926513672,1,6118
2078,28,6,5,True,10498,2,False,False,False,False,0.4472135901451111,2.0,0.722772479057312,8,3317
2078,29,4,7,True,10498,1,False,False,False,False,0.19999998807907104,1.0,0.48332181572914124,5,7239
2078,30,7,4,True,10498,2,False,True,True,True,0.0,0.0,0.5242137312889099,7,8093
2078,31,6,5,True,10498,1,False,False,False,False,0.3464101552963257,3.0,0.5607138276100159,9,4838
8658,0,6,5,True,10498,1,False,False,False,False,0.4000000059604645,1.0,0.8114185333251953,7,9921
8658,1,6,5,True,10498,2,False,False,False,False,0.2828426957130432,2.0,0.7282856702804565,8,7187
8658,2,6,5,True,10498,1,False,True,True,True,0.0,0.0,0.6711184978485107,6,5675
8658,3,4,7,True,10498,1,False,True,True,True,0.0,0.0,0.4749737083911896,4,8445
8658,4,3,8,False,2,1,True,False,False,False,1.0954450368881226,8.0,1.0959926843643188,11,53
8658,5,8,3,True,10498,1,False,False,False,False,0.3999999761581421,1.0,0.6717142462730408,9,4062
8658,6,10,1,True,10498,2,False,False,False,False,0.19999998807907104,1.0,0.7668116688728333,11,9355
8658,7,2,9,False,4,1,True,False,False,False,1.0198038816452026,6.0,1.0201960802078247,8,6248
8658,8,4,7,True,10498,1,False,True,True,True,0.0,0.0,0.6705222129821777,4,7763
8658,9,3,8,False,2,1,True,False,False,False,0.8246211409568787,3.0,0.825348436832428,6,9617
8658,10,5,6,True,10498,1,False,False,False,False,0.6000000238418579,3.0,0.6767569780349731,8,6248
8658,11,10,1,True,10498,1,False,True,True,True,0.0,0.0,0.8221921920776367,10,7244
8658,12,11,0,True,10498,1,False,,,,,,0.7927168607711792,11,8035
8658,13,2,9,False,1,1,True,False,False,False,0.4000000059604645,1.0,0.4009987711906433,3,6312
8658,14,10,1,True,10498,1,False,True,True,True,0.0,0.0,0.7924644947052002,10,8035
8658,15,8,3,True,10498,2,False,False,False,False,0.2828426957130432,2.0,0.8409518599510193,10,10051
8658,16,6,5,True,10498,1,False,False,False,False,0.4000000059604645,1.0,0.5953150987625122,7,2156
8658,17,4,7,True,10498,2,False,False,False,False,0.19999998807907104,1.0,0.5153639912605286,5,7726
8658,18,10,1,True,10498,1,False,True,True,True,0.0,0.0,0.7924644947052002,10,8035
8658,19,9,2,True,10498,2,False,False,False,False,0.19999998807907104,1.0,0.7665507793426514,10,8025
8658,20,3,8,True,10498,1,False,False,False,False,0.19999998807907104,1.0,0.2986637055873871,4,2126
8658,21,4,7,True,10498,1,False,True,True,True,0.0,0.0,0.31240999698638916,4,8269
8658,22,2,9,False,1,1,True,False,False,False,1.2489995956420898,9.0,1.2493197917938232,11,53
8658,23,4,7,True,10498,2,False,True,True,True,0.0,0.0,0.4749737083911896,4,2419
8658,24,8,3,True,10498,1,False,False,False,False,0.19999998807907104,1.0,0.5321654081344604,9,1963
8658,25,6,5,True,10498,1,False,False,False,False,0.4898979365825653,3.0,0.6590902805328369,9,5789
8658,26,2,9,False,1,1,True,False,False,False,1.2489995956420898,9.0,1.2493197917938232,11,53
8658,27,4,7,True,10498,4,False,False,False,False,0.2828426957130432,2.0,0.5528110265731812,6,2342
8658,28,3,8,True,10498,4,False,False,False,False,0.2828426957130432,2.0,0.6581793427467346,5,9834
8658,29,9,2,True,10498,1,False,True,True,True,0.0,0.0,0.7613146305084229,9,6248
8658,30,6,5,True,10498,1,False,True,True,True,0.0,0.0,0.38262253999710083,6,10195
8658,31,1,10,False,26,3,True,False,False,False,0.20000001788139343,1.0,0.20099753141403198,2,720
1453,0,4,7,False,6,1,True,False,False,False,0.3464101552963257,3.0,0.34871190786361694,7,9617
1453,1,10,1,True,10498,1,False,True,True,True,0.0,0.0,0.7924644947052002,10,8035
1453,2,1,10,False,575,5,True,True,True,True,0.0,0.0,0.019999995827674866,1,5994
1453,3,3,8,True,10498,1,False,True,True,True,0.0,0.0,0.31176915764808655,3,8438
1453,4,2,9,False,2945,43,True,True,True,True,0.0,0.0,0.028284255415201187,2,6965
1453,5,9,2,True,10498,2,False,False,False,False,0.4472135901451111,2.0,0.836421012878418,11,9355
1453,6,4,7,True,10498,1,False,False,False,False,0.3464101552963257,3.0,0.6273755431175232,7,9931
1453,7,9,2,True,10498,1,False,False,False,False,0.4472135901451111,2.0,0.6660330295562744,11,4062
1453,8,1,10,False,3,1,True,False,False,False,0.8246212005615234,8.0,0.8248637318611145,9,8970
1453,9,11,0,True,10498,1,False,,,,,,0.7927168607711792,11,8035
1453,10,5,6,True,10498,1,False,True,True,True,0.0,0.0,0.5674504637718201,5,5052
1453,11,10,1,True,10498,1,False,False,False,False,0.20000001788139343,1.0,0.7874007821083069,11,8035
1453,12,6,5,True,10498,1,False,False,False,False,0.3464101552963257,3.0,0.601996660232544,9,7181
1453,13,11,0,True,10498,1,False,,,,,,0.7927168607711792,11,8035
1453,14,9,2,True,10498,1,False,False,False,False,0.44721361994743347,2.0,0.6289674043655396,11,8035
1453,15,7,4,True,10498,1,False,False,False,False,0.2828426957130432,2.0,0.5681549310684204,9,1963
1453,16,8,3,True,10498,1,False,False,False,False,0.4472135901451111,2.0,0.7233256697654724,10,9355
1453,17,9,2,True,10498,1,False,True,True,True,0.0,0.0,0.7922121286392212,9,8035
1453,18,5,6,True,10498,1,False,False,False,False,0.3464101552963257,3.0,0.6276941895484924,8,5800
1453,19,7,4,True,10498,1,False,False,False,False,0.19999998807907104,1.0,0.43220362067222595,8,6025
1453,20,1,10,False,1616,5,True,False,False,False,0.4472135901451111,2.0,0.4476605951786041,3,4985
1453,21,3,8,True,10498,1,False,False,False,False,0.5656853914260864,5.0,0.6820557117462158,8,9867
1453,22,6,5,True,10498,1,False,False,False,False,0.4472135901451111,2.0,0.722772479057312,8,9355
1453,23,3,8,False,2,1,True,False,False,False,0.7745966911315918,6.0,0.7753708958625793,9,6248
1453,24,1,10,False,25,1,True,False,False,False,0.6000000238418579,6.0,0.6003332138061523,7,1157
1453,25,5,6,True,10498,1,False,False,False,False,0.4472135901451111,2.0,0.5882176756858826,7,912
1453,26,4,7,True,10498,2,False,False,False,False,0.20000001788139343,1.0,0.6997142434120178,5,7183
1453,27,7,4,True,10498,1,False,False,False,False,0.5291502475738525,4.0,0.6890572905540466,11,4838
1453,28,1,10,False,5,1,True,False,False,False,0.8717797994613647,7.0,0.8720092177391052,8,6248
1453,29,11,0,True,10498,1,False,,,,,,0.7927168607711792,11,8035
1453,30,8,3,True,10498,1,False,False,False,False,0.2828426957130432,2.0,0.7610519528388977,10,6851
1453,31,4,7,True,10498,1,False,False,False,False,0.19999998807907104,1.0,0.6997142434120178,5,5579
6622,0,3,8,False,51,1,True,True,True,True,0.0,0.0,0.03464099019765854,3,405
6622,1,3,8,True,10498,2,False,False,False,False,0.19999998807907104,1.0,0.5596427321434021,4,8274
6622,2,7,4,True,10498,1,False,False,False,False,0.2828426957130432,2.0,0.8116649985313416,9,5621
6622,3,8,3,True,10498,1,False,False,False,False,0.44721361994743347,2.0,0.5892367959022522,10,8035
6622,4,9,2,True,10498,1,False,False,False,False,0.2828426957130432,2.0,0.8411896228790283,11,4838
6622,5,6,5,True,10498,1,False,False,False,False,0.20000001788139343,1.0,0.531413197517395,7,8035
6622,6,9,2,True,10498,1,False,False,False,False,0.2828426957130432,2.0,0.8411896228790283,11,4838
6622,7,2,9,True,10498,1,False,True,True,True,0.0,0.0,0.42047595977783203,2,405
6622,8,11,0,True,10498,1,False,,,,,,0.7927168607711792,11,8035
6622,9,8,3,True,10498,1,False,False,False,False,0.4000000059604645,1.0,0.8313844203948975,9,6248
6622,10,4,7,True,10498,3,False,False,False,False,0.2828426957130432,2.0,0.5946427583694458,6,5143
6622,11,6,5,True,10498,1,False,False,False,False,0.2828426957130432,2.0,0.8114185333251953,8,5621
6622,12,5,6,True,10498,1,False,False,False,False,0.19999998807907104,1.0,0.43127715587615967,6,6413
6622,13,10,1,True,10498,1,False,False,False,False,0.3999999761581421,1.0,0.6723094582557678,11,4062
6622,14,9,2,True,10498,1,False,False,False,False,0.20000001788139343,1.0,0.4853864312171936,10,8035
6622,15,5,6,True,10498,1,False,False,False,False,0.2828426957130432,2.0,0.4219004511833191,7,10195
6622,16,7,4,True,10498,1,False,False,False,False,0.3464101552963257,3.0,0.7005712389945984,10,5276
6622,17,5,6,True,10498,2,False,False,False,False,0.2828426957130432,2.0,0.5949790477752686,7,7878
6622,18,3,8,True,10498,2,False,False,False,False,0.19999998807907104,1.0,0.3704051673412323,4,5939
6622,19,9,2,True,10498,1,False,True,True,True,0.0,0.0,0.49355849623680115,9,8035
6622,20,2,9,True,10498,2,False,False,False,False,0.19999998807907104,1.0,0.2979932725429535,3,5939
6622,21,5,6,True,10498,1,False,False,False,False,0.3464101552963257,3.0,0.6648308038711548,8,3317
6622,22,1,10,False,25,1,True,False,False,False,0.800000011920929,7.0,0.8002499938011169,8,7924
6622,23,11,0,True,10498,1,False,,,,,,0.7927168607711792,11,8035
6622,24,5,6,True,10498,1,False,False,False,False,0.2828426957130432,2.0,0.6942622661590576,7,5621
6622,25,7,4,True,10498,1,False,False,False,False,0.2828426957130432,2.0,0.634665310382843,9,3317
6622,26,2,9,False,2,1,True,False,False,False,0.19999998807907104,1.0,0.20199008285999298,3,4139
6622,27,11,0,True,10498,1,False,,,,,,0.7927168607711792,11,8035
6622,28,11,0,True,10498,1,False,,,,,,0.7927168607711792,11,8035
6622,29,1,10,False,25,1,True,False,False,False,0.800000011920929,7.0,0.8002499938011169,8,7924
6622,30,5,6,True,10498,1,False,False,False,False,0.6000000238418579,3.0,0.6767569780349731,8,8035
6622,31,8,3,True,10498,1,False,False,False,False,0.20000001788139343,1.0,0.6412488222122192,9,1963
7098,0,3,8,False,1,1,True,False,False,False,1.1313707828521729,7.0,1.1319010257720947,10,26
7098,1,1,10,False,10411,164,True,True,True,True,0.0,0.0,0.019999980926513672,1,5353
7098,2,5,6,True,10498,2,False,False,False,False,0.3999999761581421,4.0,0.6942622065544128,9,5052
7098,3,3,8,True,10498,1,False,False,False,False,0.19999998807907104,1.0,0.3704051673412323,4,490
7098,4,2,9,False,2,1,True,False,False,False,0.7745966911315918,7.0,0.7751129269599915,9,8970
7098,5,2,9,False,2945,27,True,True,True,True,0.0,0.0,0.028284255415201187,2,2014
7098,6,9,2,True,10498,1,False,False,False,False,0.4472135901451111,2.0,0.6660330295562744,11,4062
7098,7,5,6,True,10498,1,False,False,False,False,0.19999998807907104,1.0,0.48373547196388245,6,2221
7098,8,4,7,False,7,1,True,True,True,True,0.0,0.0,0.03999999165534973,4,8838
7098,9,8,3,True,10498,1,False,False,False,False,0.20000001788139343,1.0,0.5754997730255127,9,7244
7098,10,5,6,True,10498,1,False,False,False,False,0.3999999761581421,4.0,0.6212889552116394,9,8970
7098,11,3,8,True,10498,13,False,True,True,True,0.0,0.0,0.4745524525642395,3,5744
7098,12,10,1,True,10498,1,False,False,False,False,0.3999999761581421,1.0,0.6723094582557678,11,4062
7098,13,7,4,True,10498,1,False,False,False,False,0.34641018509864807,3.0,0.5165268778800964,10,8035
7098,14,4,7,True,10498,1,False,False,False,False,0.3464101552963257,3.0,0.6273754835128784,7,5276
7098,15,4,7,True,10498,1,False,False,False,False,0.5291503071784973,4.0,0.6144917011260986,8,8035
7098,16,7,4,True,10498,1,False,False,False,False,0.4472135901451111,2.0,0.6654321551322937,9,4062
7098,17,9,2,True,10498,1,False,False,False,False,0.20000001788139343,1.0,0.7665507793426514,10,1963
7098,18,8,3,True,10498,2,False,False,False,False,0.20000001788139343,1.0,0.6026607751846313,9,3317
7098,19,6,5,True,10498,2,False,False,False,False,0.19999998807907104,1.0,0.4317406415939331,7,9484
7098,20,1,10,False,10460,164,True,True,True,True,0.0,0.0,0.019999980926513672,1,2169
7098,21,7,4,True,10498,1,False,False,False,False,0.20000001788139343,1.0,0.6023288369178772,8,1963
7098,22,6,5,True,10498,1,False,False,False,False,0.2828426957130432,2.0,0.4758150577545166,8,5273
7098,23,2,9,False,2,1,True,False,False,False,1.0954450368881226,8.0,1.0958101749420166,10,6248
7098,24,4,7,True,10498,1,False,False,False,False,0.19999998807907104,1.0,0.43081316351890564,5,3826
7098,25,6,5,True,10498,1,False,False,False,False,0.2828426957130432,2.0,0.6343501210212708,8,5273
7098,26,7,4,True,10498,1,False,True,True,True,0.0,0.0,0.49274739623069763,7,2156
7098,27,3,8,True,10498,1,False,False,False,False,0.34641018509864807,3.0,0.5149757266044617,6,2156
7098,28,2,9,True,10498,1,False,False,False,False,0.20000001788139343,1.0,0.3698648512363434,3,6083
7098,29,9,2,True,10498,1,False,False,False,False,0.4472135901451111,2.0,0.6660330295562744,11,4062
7098,30,7,4,True,10498,1,False,True,True,True,0.0,0.0,0.7712328433990479,7,9921
7098,31,3,8,True,10498,1,False,False,False,False,0.19999998807907104,1.0,0.5149757266044617,4,490
2491,0,6,5,True,10498,1,False,False,False,False,0.2828426957130432,2.0,0.5953150391578674,8,254
2491,1,5,6,True,10498,1,False,False,False,False,0.2828426957130432,2.0,0.5531727075576782,7,5621
2491,2,5,6,True,10498,1,False,False,False,False,0.5291503071784973,4.0,0.6884766221046448,9,7244
2491,3,3,8,True,10498,12,False,False,False,False,0.19999998807907104,1.0,0.2986636757850647,4,5028
2491,4,5,6,True,10498,3,False,False,False,False,0.2828426957130432,2.0,0.36055511236190796,7,3133
2491,5,4,7,True,10498,1,False,False,False,False,0.3464101552963257,3.0,0.41182518005371094,7,9107
2491,6,3,8,False,1,1,True,False,False,False,1.058300495147705,8.0,1.0588672161102295,11,53
2491,7,4,7,True,10498,1,False,False,False,False,0.2828426957130432,2.0,0.35999998450279236,6,6350
2491,8,9,2,True,10498,1,False,False,False,False,0.19999998807907104,1.0,0.532541036605835,10,8035
2491,9,8,3,True,10498,1,False,False,False,False,0.19999998807907104,1.0,0.5321653485298157,9,8035
2491,10,5,6,True,10498,1,False,False,False,False,0.2828427255153656,2.0,0.5531727075576782,7,6321
2491,11,4,7,True,10498,1,False,False,False,False,0.20000001788139343,1.0,0.430813193321228,5,5275
2491,12,9,2,True,10498,2,False,False,False,False,0.19999998807907104,1.0,0.7665507793426514,10,9355
2491,13,11,0,True,10498,1,False,,,,,,0.7927168607711792,11,8035
2491,14,6,5,True,10498,1,False,False,False,False,0.19999998807907104,1.0,0.7863841652870178,7,5621
2491,15,4,7,True,10498,1,False,False,False,False,0.19999998807907104,1.0,0.6997142434120178,5,7252
2491,16,8,3,True,10498,1,False,False,False,False,0.19999998807907104,1.0,0.6776430010795593,9,1963
2491,17,1,10,False,26,6,True,False,False,False,0.4000000059604645,4.0,0.4004996716976166,5,7285
2491,18,11,0,True,10498,1,False,,,,,,0.7927168607711792,11,8035
2491,19,5,6,True,10498,3,False,False,False,False,0.2828426957130432,2.0,0.36055511236190796,7,6811
2491,20,11,0,True,10498,1,False,,,,,,0.7927168607711792,11,8035
2491,21,6,5,True,10498,1,False,False,False,False,0.2828426957130432,2.0,0.5678027868270874,8,7244
2491,22,8,3,True,10498,1,False,True,True,True,0.0,0.0,0.8504117131233215,8,9931
2491,23,6,5,True,10498,1,False,False,False,False,0.4898979365825653,3.0,0.6216108202934265,9,10010
2491,24,1,10,False,1616,65,True,False,False,False,0.19999998807907104,1.0,0.2009975016117096,2,2021
2491,25,11,0,True,10498,1,False,,,,,,0.7927168607711792,11,8035
2491,26,5,6,True,10498,1,False,False,False,False,0.4898979663848877,3.0,0.7496665716171265,8,8025
2491,27,10,1,True,10498,1,False,False,False,False,0.3999999761581421,1.0,0.6723094582557678,11,4062
2491,28,1,10,False,5,1,True,False,False,False,1.0198038816452026,7.0,1.0199999809265137,8,8970
2491,29,9,2,True,10498,1,False,False,False,False,0.2828426957130432,2.0,0.5249761939048767,11,8035
2491,30,9,2,True,10498,2,False,False,False,False,0.19999998807907104,1.0,0.6415606141090393,10,3317
2491,31,5,6,True,10498,1,False,False,False,False,0.2828426957130432,2.0,0.6340346932411194,7,295
2999,0,8,3,True,10498,1,False,True,True,True,0.0,0.0,0.49315309524536133,8,8035
2999,1,3,8,False,1,1,True,False,False,False,1.2328827381134033,8.0,1.2333693504333496,11,53
2999,2,4,7,True,10498,1,False,False,False,False,0.2828426957130432,2.0,0.727736234664917,6,9931
2999,3,9,2,True,10498,1,False,True,True,True,0.0,0.0,0.5399999618530273,9,7244
2999,4,9,2,True,10498,1,False,False,False,False,0.4000000059604645,1.0,0.8316249251365662,10,6248
2999,5,7,4,True,10498,1,False,True,True,True,0.0,0.0,0.7062578201293945,7,9921
2999,6,7,4,True,10498,1,False,False,False,False,0.20000001788139343,1.0,0.5317894220352173,8,2156
2999,7,9,2,True,10498,1,False,False,False,False,0.3999999761581421,1.0,0.6720119118690491,10,4062
2999,8,10,1,True,10498,1,False,True,True,True,0.0,0.0,0.761577308177948,10,8035
2999,9,11,0,True,10498,1,False,,,,,,0.7927168607711792,11,8035
2999,10,2,9,False,1,1,True,False,False,False,1.2961480617523193,9.0,1.2964566946029663,11,53
2999,11,5,6,True,10498,1,False,False,False,False,0.4000000059604645,1.0,0.5531726479530334,6,2156
2999,12,3,8,False,1,1,True,False,False,False,1.1489125490188599,8.0,1.1494345664978027,11,53
2999,13,1,10,False,10460,50,True,True,True,True,0.0,0.0,0.019999980926513672,1,4098
2999,14,11,0,True,10498,1,False,,,,,,0.7927168607711792,11,8035
2999,15,10,1,True,10498,1,False,True,True,True,0.0,0.0,0.8221921920776367,10,7244
2999,16,5,6,True,10498,1,False,False,False,False,0.44721361994743347,2.0,0.7224956750869751,7,295
2999,17,7,4,True,10498,1,False,False,False,False,0.2828426957130432,2.0,0.7607890963554382,9,6851
2999,18,6,5,True,10498,14,False,False,False,False,0.19999998807907104,1.0,0.5607138872146606,7,9612
2999,19,10,1,True,10498,1,False,False,False,False,0.20000001788139343,1.0,0.7874007821083069,11,8035
2999,20,7,4,True,10498,1,False,False,False,False,0.2828427255153656,2.0,0.4228474795818329,9,8035
2999,21,9,2,True,10498,1,False,False,False,False,0.19999998807907104,1.0,0.8459314703941345,10,6851
2999,22,4,7,False,7,1,True,False,False,False,0.3464101552963257,3.0,0.34871190786361694,7,8838
2999,23,8,3,True,10498,1,False,False,False,False,0.2828426957130432,2.0,0.6349803805351257,10,9355
2999,24,6,5,True,10498,4,False,True,True,True,0.0,0.0,0.5238320827484131,6,5703
2999,25,7,4,True,10498,1,False,False,False,False,0.20000001788139343,1.0,0.6023288369178772,8,9355
2999,26,11,0,True,10498,1,False,,,,,,0.7927168607711792,11,8035
2999,27,2,9,False,48,3,True,False,False,False,0.19999998807907104,1.0,0.20199008285999298,3,6452
2999,28,5,6,True,10498,1,False,False,False,False,0.44721361994743347,2.0,0.7224956750869751,7,295
2999,29,4,7,True,10498,4,False,False,False,False,0.19999998807907104,1.0,0.5600000023841858,5,7504
2999,30,4,7,True,10498,2,False,False,False,False,0.3464101552963257,3.0,0.5153639316558838,7,1021
2999,31,11,0,True,10498,1,False,,,,,,0.7927168607711792,11,8035
9343,0,8,3,True,10498,1,False,False,False,False,0.4898979663848877,3.0,0.7504665851593018,11,9355
9343,1,8,3,True,10498,2,False,True,True,True,0.0,0.0,0.6092618703842163,8,370
9343,2,2,9,False,1,1,True,False,False,False,1.4142135381698608,9.0,1.4144963026046753,11,26
9343,3,3,8,False,1,1,True,False,False,False,0.9380831718444824,8.0,0.9387226104736328,11,8970
9343,4,11,0,True,10498,1,False,,,,,,0.7927168607711792,11,8035
9343,5,10,1,True,10498,2,False,False,False,False,0.19999998807907104,1.0,0.7668116688728333,11,9355
9343,6,10,1,True,10498,2,False,False,False,False,0.19999998807907104,1.0,0.7668116092681885,11,3317
9343,7,7,4,True,10498,1,False,False,False,False,0.2828427255153656,2.0,0.634665310382843,9,9355
9343,8,5,6,True,10498,4,False,True,True,True,0.0,0.0,0.5234501361846924,5,9213
9343,9,10,1,True,10498,1,False,True,True,True,0.0,0.0,0.761577308177948,10,8035
9343,10,3,8,True,10498,1,False,False,False,False,0.19999998807907104,1.0,0.4660472273826599,4,8289
9343,11,8,3,True,10498,1,False,True,True,True,0.0,0.0,0.4418144226074219,8,8035
9343,12,2,9,True,10498,9,False,False,False,False,0.19999998807907104,1.0,0.5145872235298157,3,5071
9343,13,7,4,True,10498,2,False,False,False,False,0.4000000059604645,1.0,0.8116649985313416,8,3317
9343,14,8,3,True,10498,1,False,True,True,True,0.0,0.0,0.6092618703842163,8,1963
9343,15,9,2,True,10498,1,False,True,True,True,0.0,0.0,0.49355849623680115,9,8035
9343,16,8,3,True,10498,1,False,False,False,False,0.20000001788139343,1.0,0.7662897706031799,9,1963
9343,17,10,1,True,10498,1,False,True,True,True,0.0,0.0,0.7924644947052002,10,8035
9343,18,7,4,True,10498,1,False,False,False,False,0.3464101552963257,3.0,0.7866384387016296,10,5276
9343,19,10,1,True,10498,1,False,True,True,True,0.0,0.0,0.7924644947052002,10,8035
9343,20,7,4,True,10498,1,False,True,True,True,0.0,0.0,0.7394593358039856,7,9921
9343,21,9,2,True,10498,1,False,False,False,False,0.4000000059604645,1.0,0.8411896824836731,10,1963
9343,22,3,8,True,10498,1,False,True,True,True,0.0,0.0,0.4745524525642395,3,7355
9343,23,8,3,True,10498,1,False,False,False,False,0.3464101552963257,3.0,0.7868926525115967,11,6851
9343,24,2,9,False,1,1,True,False,False,False,1.4422204494476318,9.0,1.4424978494644165,11,53
9343,25,5,6,True,10498,1,False,False,False,False,0.20000001788139343,1.0,0.7334848642349243,6,9931
9343,26,9,2,True,10498,1,False,False,False,False,0.2828426957130432,2.0,0.6720119118690491,11,9355
9343,27,1,10,False,25,1,True,False,False,False,1.1489125490188599,8.0,1.149086594581604,9,7924
9343,28,2,9,False,51,2,True,True,True,True,0.0,0.0,0.028284255415201187,2,4242
9343,29,2,9,False,2945,23,True,True,True,True,0.0,0.0,0.028284255415201187,2,7021
9343,30,9,2,True,10498,2,False,False,False,False,0.4000000059604645,1.0,0.8121576905250549,10,9355
9343,31,8,3,True,10498,1,False,False,False,False,0.2828426957130432,2.0,0.6717142462730408,10,3317
4031,0,1,10,False,5,1,True,False,False,False,0.9380831718444824,8.0,0.938296377658844,9,8970
4031,1,10,1,True,10498,1,False,False,False,False,0.3999999761581421,1.0,0.6723094582557678,11,4062
4031,2,1,10,False,575,2,True,False,False,False,0.2828426957130432,2.0,0.2835489511489868,3,2307
4031,3,4,7,True,10498,1,False,False,False,False,0.19999998807907104,1.0,0.2993325889110565,5,6350
4031,4,4,7,True,10498,1,False,False,False,False,0.2828427255153656,2.0,0.4749737083911896,6,7244
4031,5,6,5,True,10498,2,False,False,False,False,0.19999998807907104,1.0,0.733757495880127,7,2658
4031,6,4,7,True,10498,3,False,True,True,True,0.0,0.0,0.5670979022979736,4,1953
4031,7,11,0,True,10498,1,False,,,,,,0.7927168607711792,11,8035
4031,8,5,6,True,10498,1,False,False,False,False,0.2828426957130432,2.0,0.5949790477752686,7,1963
4031,9,6,5,True,10498,1,False,False,False,False,0.44721361994743347,2.0,0.5462600588798523,8,8035
4031,10,6,5,True,10498,2,False,True,True,True,0.0,0.0,0.5238320827484131,6,6052
4031,11,4,7,True,10498,1,False,True,True,True,0.0,0.0,0.38157567381858826,4,1951
4031,12,10,1,True,10498,1,False,True,True,True,0.0,0.0,0.7720103859901428,10,1963
4031,13,2,9,False,220,14,True,True,True,True,0.0,0.0,0.02828427590429783,2,4870
4031,14,7,4,True,10498,1,False,True,True,True,0.0,0.0,0.44136151671409607,7,2156
4031,15,6,5,True,10498,1,False,False,False,False,0.3464101552963257,3.0,0.6280127763748169,9,9355
4031,16,10,1,True,10498,1,False,True,True,True,0.0,0.0,0.7924644947052002,10,8035
4031,17,2,9,False,540,2,True,False,False,False,0.2828426957130432,2.0,0.28425341844558716,4,2307
4031,18,11,0,True,10498,1,False,,,,,,0.7927168607711792,11,8035
4031,19,4,7,True,10498,1,False,False,False,False,0.3464101552963257,3.0,0.46647611260414124,7,5276
4031,20,9,2,True,10498,1,False,True,True,True,0.0,0.0,0.7922121286392212,9,2156
4031,21,2,9,True,10498,2,False,False,False,False,0.20000001788139343,1.0,0.2979933023452759,3,9121
4031,22,8,3,True,10498,1,False,True,True,True,0.0,0.0,0.8217055797576904,8,2658
4031,23,6,5,True,10498,1,False,True,True,True,0.0,0.0,0.7059745192527771,6,2658
4031,24,9,2,True,10498,1,False,False,False,False,0.40000003576278687,1.0,0.6352952122688293,10,8035
4031,25,8,3,True,10498,1,False,True,True,True,0.0,0.0,0.6474565863609314,8,1963
4031,26,1,10,False,2981,13,True,True,True,True,0.0,0.0,0.019999995827674866,1,8037
4031,27,9,2,True,10498,1,False,False,False,False,0.19999998807907104,1.0,0.6415606141090393,10,3317
4031,28,4,7,True,10498,1,False,False,False,False,0.3464101552963257,3.0,0.5878775715827942,7,5276
4031,29,9,2,True,10498,1,False,False,False,False,0.4472135603427887,2.0,0.6289674043655396,11,6248
4031,30,5,6,True,10498,1,False,False,False,False,0.19999998807907104,1.0,0.29999998211860657,6,4131
4031,31,3,8,True,10498,9,False,True,True,True,0.0,0.0,0.4745524227619171,3,2340
8758,0,8,3,True,10498,1,False,True,True,True,0.0,0.0,0.7397297024726868,8,1963
8758,1,2,9,False,2,1,True,False,False,False,1.1135529279708862,8.0,1.1139119863510132,10,6248
8758,2,3,8,False,1,1,True,False,False,False,1.1489125490188599,8.0,1.1494345664978027,11,53
8758,3,7,4,True,10498,4,False,True,True,True,0.0,0.0,0.5681549310684204,7,2955
8758,4,10,1,True,10498,1,False,True,True,True,0.0,0.0,0.7402702569961548,10,8970
8758,5,8,3,True,10498,1,False,False,False,False,0.4472135901451111,2.0,0.6657326817512512,10,4062
8758,6,8,3,True,10498,1,False,False,False,False,0.19999998807907104,1.0,0.6776430010795593,9,1948
8758,7,6,5,True,10498,2,False,True,True,True,0.0,0.0,0.475815087556839,6,601
8758,8,11,0,True,10498,1,False,,,,,,0.7927168607711792,11,8035
8758,9,8,3,True,10498,1,False,False,False,False,0.19999998807907104,1.0,0.484974205493927,9,10010
8758,10,5,6,True,10498,1,False,False,False,False,0.3464101552963257,3.0,0.6016643643379211,8,7244
8758,11,3,8,True,10498,3,False,False,False,False,0.44721361994743347,2.0,0.6520736217498779,5,5621
8758,12,6,5,True,10498,1,False,False,False,False,0.19999998807907104,1.0,0.531413197517395,7,9921
8758,13,3,8,False,2,1,True,True,True,True,0.0,0.0,0.034641001373529434,3,4139
8758,14,8,3,True,10498,1,False,False,False,False,0.20000001788139343,1.0,0.6412488222122192,9,1963
8758,15,5,6,True,10498,1,False,False,False,False,0.2828426957130432,2.0,0.5531726479530334,7,10445
8758,16,8,3,True,10498,1,False,False,False,False,0.4000000059604645,1.0,0.595986545085907,9,8035
8758,17,8,3,True,10498,1,False,False,False,False,0.20000001788139343,1.0,0.7343024611473083,9,8025
8758,18,11,0,True,10498,1,False,,,,,,0.7927168607711792,11,8035
8758,19,5,6,True,10498,1,False,False,False,False,0.2828426957130432,2.0,0.6942622661590576,7,7231
8758,20,2,9,False,2,2,True,False,False,False,1.0,8.0,1.0003999471664429,10,7499
8758,21,6,5,True,10498,1,False,False,False,False,0.2828426957130432,2.0,0.5953150987625122,8,9355
8758,22,8,3,True,10498,1,False,False,False,False,0.3464101552963257,3.0,0.8168231248855591,11,9931
8758,23,5,6,True,10498,2,False,False,False,False,0.3464101552963257,3.0,0.5157518982887268,8,9121
8758,24,9,2,True,10498,1,False,False,False,False,0.19999998807907104,1.0,0.8459314703941345,10,7244
8758,25,5,6,True,10498,3,False,False,False,False,0.2828426957130432,2.0,0.5949790477752686,7,9217
8758,26,8,3,True,10498,1,False,False,False,False,0.19999998807907104,1.0,0.6026607751846313,9,8970
8758,27,3,8,True,10498,3,False,False,False,False,0.19999998807907104,1.0,0.2986636757850647,4,335
8758,28,7,4,True,10498,1,False,False,False,False,0.2828426957130432,2.0,0.634665310382843,9,8970
8758,29,5,6,True,10498,1,False,False,False,False,0.19999998807907104,1.0,0.43127715587615967,6,6059
8758,30,7,4,True,10498,1,False,False,False,False,0.4898979663848877,3.0,0.6219325065612793,10,8035
8758,31,1,10,False,10411,59,True,True,True,True,0.0,0.0,0.019999980926513672,1,5786
8375,0,5,6,True,10498,2,False,False,False,False,0.2828426957130432,2.0,0.6942622661590576,7,4033
8375,1,5,6,True,10498,1,False,False,False,False,0.2828426957130432,2.0,0.4753945767879486,7,2221
8375,2,8,3,True,10498,1,False,False,False,False,0.19999998807907104,1.0,0.7868925929069519,9,10010
8375,3,9,2,True,10498,1,False,True,True,True,0.0,0.0,0.49355849623680115,9,8035
8375,4,7,4,True,10498,1,False,False,False,False,0.20000001788139343,1.0,0.561070442199707,8,9355
8375,5,7,4,True,10498,1,False,False,False,False,0.19999998807907104,1.0,0.7005712389945984,8,490
8375,6,8,3,True,10498,1,False,False,False,False,0.3464101552963257,3.0,0.7008566856384277,11,1963
8375,7,6,5,True,10498,1,False,False,False,False,0.3464101552963257,3.0,0.5161395072937012,9,1963
8375,8,11,0,True,10498,1,False,,,,,,0.7927168607711792,11,8035
8375,9,3,8,True,10498,1,False,False,False,False,0.3464101552963257,3.0,0.6270566582679749,6,1951
8375,10,6,5,True,10498,3,False,False,False,False,0.19999998807907104,1.0,0.6406247019767761,7,3282
8375,11,5,6,True,10498,2,False,False,False,False,0.4000000059604645,4.0,0.5079370141029358,9,1963
8375,12,9,2,True,10498,2,False,True,True,True,0.0,0.0,0.7400000095367432,9,9355
8375,13,6,5,True,10498,4,False,False,False,False,0.3464101552963257,3.0,0.722772479057312,9,5989
8375,14,4,7,True,10498,1,False,False,False,False,0.19999998807907104,1.0,0.5153639912605286,5,490
8375,15,3,8,True,10498,1,False,False,False,False,0.19999998807907104,1.0,0.3704051673412323,4,2344
8375,16,3,8,True,10498,1,False,False,False,False,0.3464101552963257,3.0,0.41133925318717957,6,8445
8375,17,11,0,True,10498,1,False,,,,,,0.7927168607711792,11,8035
8375,18,7,4,True,10498,1,False,False,False,False,0.3464101552963257,3.0,0.7005712389945984,10,1963
8375,19,6,5,True,10498,1,False,False,False,False,0.2828427255153656,2.0,0.5238320231437683,8,7244
8375,20,9,2,True,10498,2,False,False,False,False,0.20000001788139343,1.0,0.7345747351646423,10,3317
8375,21,1,10,False,25,1,True,False,False,False,0.8485281467437744,7.0,0.8487638235092163,8,7924
8375,22,7,4,True,10498,2,False,False,False,False,0.2828427255153656,2.0,0.5956509709358215,9,9355
8375,23,11,0,True,10498,1,False,,,,,,0.7927168607711792,11,8035
8375,24,5,6,True,10498,4,False,False,False,False,0.2828426957130432,2.0,0.5949790477752686,7,2955
8375,25,6,5,True,10498,1,False,False,False,False,0.3464101552963257,3.0,0.6280127167701721,9,8970
8375,26,4,7,True,10498,4,False,False,False,False,0.3464101552963257,3.0,0.4118252098560333,7,6332
8375,27,1,10,False,26,3,True,False,False,False,0.2828426957130432,2.0,0.2835489511489868,3,9104
8375,28,11,0,True,10498,1,False,,,,,,0.7927168607711792,11,8035
8375,29,1,10,False,26,3,True,False,False,False,0.2828426957130432,2.0,0.2835489511489868,3,7885
8375,30,6,5,True,10498,1,False,False,False,False,0.3464101552963257,3.0,0.6280127763748169,9,1963
8375,31,2,9,True,10498,1,False,False,False,False,0.3464101552963257,3.0,0.4656178653240204,5,428
4529,0,8,3,True,10498,1,False,True,True,True,0.0,0.0,0.6474565863609314,8,4806
4529,1,6,5,True,10498,2,False,False,False,False,0.19999998807907104,1.0,0.7002856731414795,7,3763
4529,2,2,9,False,540,3,True,True,True,True,0.0,0.0,0.028284255415201187,2,7995
4529,3,1,10,False,10460,21,True,True,True,True,0.0,0.0,0.019999980926513672,1,851
4529,4,7,4,True,10498,1,False,False,False,False,0.5656854510307312,2.0,0.6832276582717896,9,8035
4529,5,2,9,True,10498,8,False,True,True,True,0.0,0.0,0.4741308093070984,2,633
4529,6,1,10,False,1,1,True,False,False,False,1.3266499042510986,9.0,1.3268005847930908,10,53
4529,7,10,1,True,10498,1,False,True,True,True,0.0,0.0,0.8221921920776367,10,7244
4529,8,4,7,True,10498,2,False,False,False,False,0.19999998807907104,1.0,0.5153639912605286,5,8270
4529,9,2,9,False,48,2,True,True,True,True,0.0,0.0,0.02828427590429783,2,369
4529,10,10,1,True,10498,1,False,True,True,True,0.0,0.0,0.7924644947052002,10,8035
4529,11,4,7,True,10498,2,False,False,False,False,0.19999998807907104,1.0,0.43081316351890564,5,482
4529,12,3,8,False,2,1,True,False,False,False,0.9380831718444824,5.0,0.938722550868988,8,6248
4529,13,9,2,True,10498,1,False,True,True,True,0.0,0.0,0.7922121286392212,9,8035
4529,14,2,9,True,10498,1,False,False,False,False,0.3464101552963257,3.0,0.5871967077255249,5,827
4529,15,4,7,True,10498,2,False,False,False,False,0.19999998807907104,1.0,0.4833218455314636,5,3282
4529,16,10,1,True,10498,1,False,True,True,True,0.0,0.0,0.8221921920776367,10,7244
4529,17,5,6,True,10498,1,False,True,True,True,0.0,0.0,0.5234501361846924,5,9508
4529,18,10,1,True,10498,2,False,True,True,True,0.0,0.0,0.7402702569961548,10,3317
4529,19,11,0,True,10498,1,False,,,,,,0.7927168607711792,11,8035
4529,20,5,6,True,10498,1,False,False,False,False,0.19999998807907104,1.0,0.5603570342063904,6,9146
4529,21,10,1,True,10498,1,False,True,True,True,0.0,0.0,0.7924644947052002,10,8035
4529,22,3,8,True,10498,1,False,False,False,False,0.3464101552963257,3.0,0.6878953576087952,6,3902
4529,23,1,10,False,1,1,True,False,False,False,1.3266499042510986,9.0,1.3268005847930908,10,53
4529,24,7,4,True,10498,1,False,False,False,False,0.4000000059604645,1.0,0.7285602688789368,8,9867
4529,25,5,6,True,10498,1,False,True,True,True,0.0,0.0,0.382099449634552,5,8269
4529,26,1,10,False,3,1,True,False,False,False,1.095445156097412,8.0,1.0956276655197144,9,8970
4529,27,6,5,True,10498,1,False,False,False,False,0.4000000059604645,1.0,0.6945502161979675,7,384
4529,28,4,7,True,10498,1,False,False,False,False,0.4898979663848877,3.0,0.6209669709205627,7,4806
4529,29,11,0,True,10498,1,False,,,,,,0.7927168607711792,11,8035
4529,30,8,3,True,10498,2,False,False,False,False,0.4000000059604645,1.0,0.8119113445281982,9,9355
4529,31,9,2,True,10498,2,False,False,False,False,0.19999998807907104,1.0,0.7665507793426514,10,5052
8662,0,10,1,True,10498,1,False,True,True,True,0.0,0.0,0.8221921920776367,10,7244
8662,1,6,5,True,10498,2,False,False,False,False,0.20000001788139343,1.0,0.4317406713962555,7,2146
8662,2,7,4,True,10498,1,False,False,False,False,0.20000001788139343,1.0,0.755513072013855,8,10010
8662,3,4,7,True,10498,2,False,False,False,False,0.2828426957130432,2.0,0.4749736785888672,6,912
8662,4,1,10,False,3,1,True,False,False,False,0.9797959327697754,8.0,0.9800000190734863,9,8970
8662,5,1,10,False,10460,89,True,True,True,True,0.0,0.0,0.019999980926513672,1,2722
8662,6,3,8,True,10498,1,False,False,False,False,0.19999998807907104,1.0,0.2986636757850647,4,5493
8662,7,5,6,True,10498,1,False,False,False,False,0.19999998807907104,1.0,0.6884765625,6,6312
8662,8,2,9,False,25,6,True,False,False,False,0.2828426957130432,2.0,0.28425341844558716,4,7885
8662,9,6,5,True,10498,2,False,False,False,False,0.19999998807907104,1.0,0.4317406117916107,7,370
8662,10,6,5,True,10498,1,False,False,False,False,0.2828426957130432,2.0,0.5238320827484131,8,1963
8662,11,5,6,True,10498,1,False,False,False,False,0.4898979663848877,3.0,0.6212890148162842,8,8035
8662,12,6,5,True,10498,2,False,False,False,False,0.20000001788139343,1.0,0.733757495880127,7,1948
8662,13,7,4,True,10498,1,False,True,True,True,0.0,0.0,0.6471476554870605,7,1951
8662,14,1,10,False,52,4,True,False,False,False,0.2828426957130432,2.0,0.2835489511489868,3,421
8662,15,5,6,True,10498,1,False,False,False,False,0.4472135603427887,2.0,0.6884765625,7,830
8662,16,4,7,True,10498,1,False,False,False,False,0.19999998807907104,1.0,0.5600000023841858,5,1954
8662,17,3,8,True,10498,2,False,False,False,False,0.2828426957130432,2.0,0.4209512770175934,5,6413
8662,18,3,8,True,10498,1,False,True,True,True,0.0,0.0,0.31176915764808655,3,2120
8662,19,9,2,True,10498,1,False,True,True,True,0.0,0.0,0.6095900535583496,9,9355
8662,20,4,7,True,10498,1,False,False,False,False,0.20000001788139343,1.0,0.3709447383880615,5,7355
8662,21,2,9,True,10498,1,False,False,False,False,0.3464101552963257,3.0,0.465617835521698,5,873
8662,22,9,2,True,10498,2,False,False,False,False,0.19999998807907104,1.0,0.6415606141090393,10,3317
8662,23,5,6,True,10498,1,False,False,False,False,0.19999998807907104,1.0,0.6016644239425659,6,1954
8662,24,4,7,True,10498,7,False,True,True,True,0.0,0.0,0.5230678915977478,4,4901
8662,25,7,4,True,10498,1,False,False,False,False,0.20000001788139343,1.0,0.48456165194511414,8,10010
8662,26,11,0,True,10498,1,False,,,,,,0.7927168607711792,11,8035
8662,27,6,5,True,10498,1,False,False,False,False,0.2828426957130432,2.0,0.634350061416626,8,6851
8662,28,4,7,False,1,1,True,False,False,False,0.9591662883758545,6.0,0.9599999785423279,10,26
8662,29,5,6,True,10498,2,False,False,False,False,0.2828426957130432,2.0,0.4753945767879486,7,8306
8662,30,4,7,True,10498,1,False,True,True,True,0.0,0.0,0.22271056473255157,4,2136
8662,31,7,4,True,10498,1,False,False,False,False,0.4000000059604645,1.0,0.634665310382843,8,7244
7993,0,9,2,True,10498,2,False,False,False,False,0.19999998807907104,1.0,0.7665507793426514,10,9355
7993,1,6,5,True,10498,1,False,False,False,False,0.2828426957130432,2.0,0.5238320827484131,8,1963
7993,2,7,4,True,10498,1,False,True,True,True,0.0,0.0,0.7917070388793945,7,2156
7993,3,6,5,True,10498,1,False,False,False,False,0.19999998807907104,1.0,0.6019967198371887,7,9355
7993,4,6,5,True,10498,2,False,False,False,False,0.20000001788139343,1.0,0.733757495880127,7,1948
7993,5,9,2,True,10498,1,False,False,False,False,0.6000000238418579,1.0,0.7769169807434082,10,8035
7993,6,3,8,True,10498,3,False,False,False,False,0.3464101552963257,3.0,0.41133925318717957,6,9531
7993,7,7,4,True,10498,2,False,False,False,False,0.3464101552963257,3.0,0.7555131316184998,10,250
7993,8,6,5,True,10498,1,False,False,False,False,0.6000000238418579,1.0,0.7445803880691528,7,10010
7993,9,9,2,True,10498,1,False,True,True,True,0.0,0.0,0.7717512845993042,9,1963
7993,10,3,8,False,24,1,True,False,False,False,0.5656853914260864,5.0,0.5667450428009033,8,2237
7993,11,3,8,False,1,1,True,False,False,False,1.0,8.0,1.00059974193573,11,53
7993,12,5,6,True,10498,1,False,False,False,False,0.2828426957130432,2.0,0.5234500765800476,7,8025
7993,13,10,1,True,10498,1,False,True,True,True,0.0,0.0,0.7924644947052002,10,8035
7993,14,7,4,True,10498,1,False,False,False,False,0.6000000238418579,1.0,0.776401937007904,8,2156
7993,15,8,3,True,10498,2,False,False,False,False,0.19999998807907104,1.0,0.6412488222122192,9,9355
7993,16,1,10,False,26,3,True,False,False,False,0.632455587387085,2.0,0.6327717304229736,3,721
7993,17,11,0,True,10498,1,False,,,,,,0.7927168607711792,11,8035
7993,18,7,4,True,10498,1,False,False,False,False,0.3464101552963257,3.0,0.6654322147369385,10,5052
7993,19,4,7,True,10498,1,False,False,False,False,0.6000000238418579,3.0,0.7110555768013,7,2658
7993,20,2,9,False,1616,1,True,False,False,False,0.20000001788139343,1.0,0.20199011266231537,3,6312
7993,21,5,6,True,10498,1,False,False,False,False,0.2828426957130432,2.0,0.5949790477752686,7,9355
7993,22,2,9,False,25,3,True,False,False,False,0.632455587387085,2.0,0.633087694644928,4,721
7993,23,2,9,True,10498,1,False,True,True,True,0.0,0.0,0.4741308093070984,2,7726
7993,24,8,3,True,10498,1,False,False,False,False,0.44721361994743347,2.0,0.8069697022438049,10,3317
7993,25,1,10,False,10411,1,True,True,True,True,0.0,0.0,0.019999980926513672,1,7993
7993,26,1,10,False,1,1,True,False,False,False,1.1661903858184814,9.0,1.1663618087768555,10,53
7993,27,5,6,True,10498,2,False,False,False,False,0.44721361994743347,2.0,0.7224956750869751,7,8095
7993,28,5,6,True,10498,2,False,False,False,False,0.2828426957130432,2.0,0.6942622661590576,7,5651
7993,29,3,8,True,10498,1,False,False,False,False,0.19999998807907104,1.0,0.4660472273826599,4,5621
7993,30,11,0,True,10498,1,False,,,,,,0.7927168607711792,11,8035
7993,31,5,6,True,10498,1,False,False,False,False,0.20000000298023224,1.0,0.6016644239425659,6,1951
3252,0,2,9,False,2,2,True,False,False,False,0.9797958731651306,7.0,0.9802040457725525,9,7499
3252,1,5,6,True,10498,1,False,False,False,False,0.2828426957130432,2.0,0.6340346932411194,7,8025
3252,2,7,4,True,10498,1,False,False,False,False,0.2828426957130432,2.0,0.634665310382843,9,8970
3252,3,1,10,False,575,6,True,False,False,False,0.19999998807907104,1.0,0.2009975016117096,2,2126
3252,4,10,1,True,10498,2,False,True,True,True,0.0,0.0,0.7402702569961548,10,9355
3252,5,1,10,False,1,1,True,False,False,False,1.4560219049453735,10.0,1.4561593532562256,11,53
3252,6,11,0,True,10498,1,False,,,,,,0.7927168607711792,11,8035
3252,7,8,3,True,10498,1,False,False,False,False,0.4898979067802429,3.0,0.6951258778572083,11,4838
3252,8,7,4,True,10498,1,False,False,False,False,0.2828426957130432,2.0,0.47623521089553833,9,3317
3252,9,10,1,True,10498,1,False,True,True,True,0.0,0.0,0.7924644947052002,10,8035
3252,10,2,9,False,2,1,True,False,False,False,0.6000000238418579,6.0,0.6006662845611572,8,8970
3252,11,10,1,True,10498,1,False,True,True,True,0.0,0.0,0.7924644947052002,10,8035
3252,12,10,1,True,10498,1,False,True,True,True,0.0,0.0,0.7924644947052002,10,8035
3252,13,7,4,True,10498,2,False,True,True,True,0.0,0.0,0.5681549310684204,7,8278
3252,14,3,8,True,10498,1,False,False,False,False,0.19999998807907104,1.0,0.6642289161682129,4,7409
3252,15,6,5,True,10498,1,False,False,False,False,0.19999998807907104,1.0,0.6019967198371887,7,10195
3252,16,3,8,True,10498,1,False,False,False,False,0.19999998807907104,1.0,0.2986636757850647,4,5634
3252,17,3,8,True,10498,1,False,False,False,False,0.19999998807907104,1.0,0.3704051673412323,4,8274
3252,18,3,8,True,10498,2,False,False,False,False,0.2828426957130432,2.0,0.5071489214897156,5,423
3252,19,1,10,False,575,6,True,False,False,False,0.19999998807907104,1.0,0.2009975016117096,2,12
3252,20,6,5,True,10498,1,False,False,False,False,0.2828427255153656,2.0,0.7282856702804565,8,8025
3252,21,11,0,True,10498,1,False,,,,,,0.7927168607711792,11,8035
3252,22,11,0,True,10498,1,False,,,,,,0.7927168607711792,11,8035
3252,23,10,1,True,10498,2,False,True,True,True,0.0,0.0,0.7402702569961548,10,3317
3252,24,3,8,False,7,1,True,False,False,False,0.6928203105926514,4.0,0.6936858296394348,7,8838
3252,25,6,5,True,10498,1,False,False,False,False,0.2828426957130432,2.0,0.5238320231437683,8,7181
3252,26,10,1,True,10498,1,False,True,True,True,0.0,0.0,0.7402702569961548,10,8970
3252,27,4,7,True,10498,1,False,False,False,False,0.19999998807907104,1.0,0.29933255910873413,5,2891
3252,28,8,3,True,10498,1,False,False,False,False,0.2828426957130432,2.0,0.7065408825874329,10,1963
3252,29,5,6,False,3,1,True,False,False,False,0.19999998807907104,1.0,0.20493899285793304,6,423
3252,30,11,0,True,10498,1,False,,,,,,0.7927168607711792,11,8035
3252,31,4,7,False,1,1,True,False,False,False,0.9591662883758545,6.0,0.9599999785423279,10,26
1012,0,7,4,True,10498,1,False,True,True,True,0.0,0.0,0.7607890963554382,7,5621
1012,1,8,3,True,10498,2,False,False,False,False,0.4000000059604645,1.0,0.8119113445281982,9,9355
1012,2,10,1,True,10498,1,False,True,True,True,0.0,0.0,0.7924644947052002,10,8035
1012,3,9,2,True,10498,1,False,False,False,False,0.20000001788139343,1.0,0.7345747351646423,10,8970
1012,4,2,9,False,10410,14,True,True,True,True,0.0,0.0,0.028284244239330292,2,10230
1012,5,10,1,True,10498,2,False,False,False,False,0.19999998807907104,1.0,0.7668116092681885,11,3317
1012,6,6,5,True,10498,1,False,False,False,False,0.19999998807907104,1.0,0.37202149629592896,7,5498
1012,7,9,2,True,10498,2,False,False,False,False,0.19999998807907104,1.0,0.6415606141090393,10,3317
1012,8,5,6,True,10498,1,False,False,False,False,0.44721361994743347,2.0,0.6276941895484924,7,4062
1012,9,1,10,False,3,1,True,False,False,False,0.6928203105926514,6.0,0.6931089162826538,7,8970
1012,10,11,0,True,10498,1,False,,,,,,0.7927168607711792,11,8035
1012,11,4,7,True,10498,1,False,False,False,False,0.2828426957130432,2.0,0.5946427583694458,6,7231
1012,12,10,1,True,10498,1,False,True,True,True,0.0,0.0,0.7924644947052002,10,8035
1012,13,11,0,True,10498,1,False,,,,,,0.7927168607711792,11,8035
1012,14,11,0,True,10498,1,False,,,,,,0.7927168607711792,11,8035
1012,15,8,3,True,10498,1,False,False,False,False,0.19999998807907104,1.0,0.7343024611473083,9,6851
1012,16,4,7,True,10498,2,False,False,False,False,0.2828426957130432,2.0,0.4749736785888672,6,4057
1012,17,9,2,True,10498,2,False,False,False,False,0.19999998807907104,1.0,0.7665507793426514,10,9355
1012,18,11,0,True,10498,1,False,,,,,,0.7927168607711792,11,8035
1012,19,7,4,True,10498,1,False,False,False,False,0.2828426957130432,2.0,0.47623521089553833,9,8970
1012,20,3,8,True,10498,1,False,False,False,False,0.20000001788139343,1.0,0.2986637055873871,4,7791
1012,21,1,10,False,52,1,True,False,False,False,0.4898979663848877,3.0,0.4903060495853424,4,9617
1012,22,1,10,False,25,1,True,False,False,False,0.5291502475738525,4.0,0.5295280814170837,5,2237
1012,23,2,9,True,10498,1,False,False,False,False,0.2828426957130432,2.0,0.3588871657848358,4,5634
1012,24,3,8,False,2,2,True,False,False,False,0.6633248925209045,5.0,0.6642288565635681,8,7497
1012,25,11,0,True,10498,1,False,,,,,,0.7927168607711792,11,8035
1012,26,6,5,True,10498,1,False,False,False,False,0.20000001788139343,1.0,0.4317406713962555,7,7262
1012,27,4,7,True,10498,1,False,False,False,False,0.2828426957130432,2.0,0.4749736785888672,6,3826
1012,28,1,10,False,1616,2,True,False,False,False,0.19999998807907104,1.0,0.2009975016117096,2,8753
1012,29,10,1,True,10498,1,False,True,True,True,0.0,0.0,0.7402702569961548,10,3317
1012,30,6,5,True,10498,2,False,False,False,False,0.19999998807907104,1.0,0.6019967198371887,7,8278
1012,31,8,3,True,10498,1,False,False,False,False,0.6000000238418579,3.0,0.7121797800064087,11,8035
7291,0,5,6,True,10498,4,False,False,False,False,0.20000001788139343,1.0,0.30000001192092896,6,8886
7291,1,3,8,True,10498,1,False,False,False,False,0.2828426957130432,2.0,0.4209512770175934,5,4143
7291,2,8,3,True,10498,1,False,False,False,False,0.19999998807907104,1.0,0.484974205493927,9,10463
7291,3,2,9,False,1,1,True,False,False,False,1.3564660549163818,8.0,1.356760859489441,10,26
7291,4,10,1,True,10498,1,False,True,True,True,0.0,0.0,0.761577308177948,10,8035
7291,5,6,5,True,10498,2,False,True,True,True,0.0,0.0,0.5238320827484131,6,8093
7291,6,8,3,True,10498,1,False,False,False,False,0.19999998807907104,1.0,0.5321654081344604,9,1963
7291,7,11,0,True,10498,1,False,,,,,,0.7927168607711792,11,8035
7291,8,5,6,True,10498,1,False,False,False,False,0.2828427255153656,2.0,0.7280110120773315,7,9921
7291,9,2,9,False,220,14,True,True,True,True,0.0,0.0,0.02828427590429783,2,7846
7291,10,5,6,True,10498,6,False,False,False,False,0.19999998807907104,1.0,0.43127715587615967,6,8278
7291,11,3,8,True,10498,8,False,True,True,True,0.0,0.0,0.2218107283115387,3,4754
7291,12,10,1,True,10498,2,False,True,True,True,0.0,0.0,0.7402702569961548,10,9355
7291,13,2,9,True,10498,2,False,False,False,False,0.20000001788139343,1.0,0.2979933023452759,3,9121
7291,14,2,9,False,48,1,True,True,True,True,0.0,0.0,0.02828427590429783,2,421
7291,15,3,8,True,10498,8,False,True,True,True,0.0,0.0,0.2218107283115387,3,5127
7291,16,2,9,False,1,1,True,False,False,False,1.3564660549163818,8.0,1.356760859489441,10,26
7291,17,2,9,False,7,1,True,True,True,True,0.0,0.0,0.028284266591072083,2,8838
7291,18,1,10,False,25,1,True,False,False,False,1.039230465888977,8.0,1.039422869682312,9,7924
7291,19,6,5,True,10498,1,False,False,False,False,0.20000001788139343,1.0,0.6019967198371887,7,3317
7291,20,8,3,True,10498,1,False,False,False,False,0.20000001788139343,1.0,0.8168231248855591,9,7244
7291,21,7,4,True,10498,1,False,False,False,False,0.20000001788139343,1.0,0.7866383790969849,8,7244
7291,22,8,3,True,10498,1,False,False,False,False,0.2828426957130432,2.0,0.6717142462730408,10,9355
7291,23,8,3,True,10498,1,False,False,False,False,0.20000001788139343,1.0,0.7868925929069519,9,7244
7291,24,9,2,True,10498,1,False,True,True,True,0.0,0.0,0.8219488859176636,9,7244
7291,25,9,2,True,10498,2,False,False,False,False,0.19999998807907104,1.0,0.7665507793426514,10,9355
7291,26,2,9,False,23,3,True,True,True,True,0.0,0.0,0.02828427590429783,2,8826
7291,27,11,0,True,10498,1,False,,,,,,0.7927168607711792,11,8035
7291,28,1,10,False,10460,109,True,True,True,True,0.0,0.0,0.019999980926513672,1,9927
7291,29,9,2,True,10498,2,False,False,False,False,0.20000001788139343,1.0,0.7345747351646423,10,9355
7291,30,2,9,False,1,1,True,False,False,False,1.3711308240890503,9.0,1.371422529220581,11,53
7291,31,5,6,True,10498,4,False,False,False,False,0.20000001788139343,1.0,0.5603570938110352,6,5989
6558,0,9,2,True,10498,1,False,True,True,True,0.0,0.0,0.7400000095367432,9,3317
6558,1,6,5,True,10498,1,False,False,False,False,0.20000001788139343,1.0,0.6019967198371887,7,1948
6558,2,2,9,False,2,2,True,False,False,False,1.3564659357070923,8.0,1.356760859489441,10,7497
6558,3,1,10,False,2981,14,True,True,True,True,0.0,0.0,0.019999995827674866,1,424
6558,4,2,9,False,1,1,True,False,False,False,1.2961481809616089,9.0,1.2964566946029663,11,53
6558,5,4,7,True,10498,1,False,False,False,False,0.2828427255153656,2.0,0.4749736785888672,6,7244
6558,6,3,8,True,10498,6,False,False,False,False,0.20000001788139343,1.0,0.5149757266044617,4,1949
6558,7,9,2,True,10498,1,False,False,False,False,0.20000001788139343,1.0,0.7345747351646423,10,9355
6558,8,11,0,True,10498,1,False,,,,,,0.7927168607711792,11,8035
6558,9,6,5,True,10498,1,False,False,False,False,0.19999998807907104,1.0,0.4841487407684326,7,3317
6558,10,7,4,True,10498,1,False,False,False,False,0.4000000059604645,1.0,0.5956509113311768,8,8035
6558,11,4,7,False,1,1,True,False,False,False,1.058300495147705,6.0,1.0590561628341675,10,26
6558,12,5,6,True,10498,1,False,False,False,False,0.2828426957130432,2.0,0.4219004511833191,7,3317
6558,13,9,2,True,10498,1,False,False,False,False,0.20000001788139343,1.0,0.7871467471122742,10,8035
6558,14,2,9,True,10498,1,False,False,False,False,0.2828427255153656,2.0,0.3588871657848358,4,7581
6558,15,3,8,True,10498,6,False,False,False,False,0.19999998807907104,1.0,0.2986636757850647,4,4347
6558,16,1,10,False,25,1,True,False,False,False,1.039230465888977,8.0,1.039422869682312,9,7924
6558,17,3,8,True,10498,3,False,False,False,False,0.19999998807907104,1.0,0.3704051673412323,4,9484
6558,18,11,0,True,10498,1,False,,,,,,0.7927168607711792,11,8035
6558,19,10,1,True,10498,1,False,False,False,False,0.20000001788139343,1.0,0.7874007821083069,11,8035
6558,20,1,10,False,10411,109,True,True,True,True,0.0,0.0,0.019999980926513672,1,6560
6558,21,4,7,True,10498,1,False,False,False,False,0.19999998807907104,1.0,0.466476172208786,5,422
6558,22,9,2,True,10498,1,False,False,False,False,0.20000001788139343,1.0,0.7560423612594604,10,8035
6558,23,4,7,True,10498,5,False,False,False,False,0.20000001788139343,1.0,0.5153639912605286,5,4134
6558,24,10,1,True,10498,2,False,False,False,False,0.19999998807907104,1.0,0.7668116092681885,11,3317
6558,25,10,1,True,10498,1,False,True,True,True,0.0,0.0,0.7924644947052002,10,8035
6558,26,9,2,True,10498,1,False,True,True,True,0.0,0.0,0.8219488859176636,9,7244
6558,27,9,2,True,10498,1,False,False,False,False,0.20000001788139343,1.0,0.7665507793426514,10,1963
6558,28,6,5,True,10498,1,False,True,True,True,0.0,0.0,0.5678027868270874,6,3317
6558,29,4,7,True,10498,3,False,False,False,False,0.20000001788139343,1.0,0.601331889629364,5,1953
6558,30,11,0,True,10498,1,False,,,,,,0.7927168607711792,11,8035
6558,31,4,7,True,10498,3,False,False,False,False,0.19999998807907104,1.0,0.29933255910873413,5,430
8672,0,1,10,False,26,3,True,False,False,False,0.2828426957130432,2.0,0.2835489511489868,3,10063
8672,1,8,3,True,10498,2,False,False,False,False,0.19999998807907104,1.0,0.6026607751846313,9,6321
8672,2,11,0,True,10498,1,False,,,,,,0.7927168607711792,11,8035
8672,3,5,6,True,10498,1,False,False,False,False,0.19999998807907104,1.0,0.5157518982887268,6,6312
8672,4,11,0,True,10498,1,False,,,,,,0.7927168607711792,11,8035
8672,5,6,5,True,10498,1,False,False,False,False,0.2828426957130432,2.0,0.7605261206626892,8,5273
8672,6,7,4,True,10498,1,False,False,False,False,0.19999998807907104,1.0,0.5317894220352173,8,4280
8672,7,2,9,False,2,1,True,False,False,False,0.19999998807907104,1.0,0.20199008285999298,3,4139
8672,8,6,5,True,10498,1,False,False,False,False,0.19999998807907104,1.0,0.733757495880127,7,2658
8672,9,3,8,False,1,1,True,False,False,False,1.1832159757614136,7.0,1.183722972869873,10,26
8672,10,1,10,False,10411,203,True,True,True,True,0.0,0.0,0.019999980926513672,1,5899
8672,11,8,3,True,10498,1,False,False,False,False,0.4000000059604645,1.0,0.8872429132461548,9,7244
8672,12,4,7,False,7,1,True,False,False,False,0.3464101552963257,3.0,0.34871190786361694,7,8838
8672,13,8,3,True,10498,1,False,False,False,False,0.44721361994743347,2.0,0.5892367959022522,10,8035
8672,14,2,9,True,10498,20,False,True,True,True,0.0,0.0,0.4741308093070984,2,8906
8672,15,2,9,False,23,3,True,False,False,False,0.19999998807907104,1.0,0.20199008285999298,3,720
8672,16,1,10,False,3,1,True,False,False,False,0.9165151715278625,7.0,0.9167333841323853,8,8970
8672,17,4,7,True,10498,1,False,True,True,True,0.0,0.0,0.5230678915977478,4,5637
8672,18,6,5,True,10498,1,False,False,False,False,0.2828426957130432,2.0,0.4758150577545166,8,9355
8672,19,3,8,True,10498,3,False,True,True,True,0.0,0.0,0.31176915764808655,3,632
8672,20,4,7,True,10498,1,False,True,True,True,0.0,0.0,0.5230678915977478,4,5637
8672,21,8,3,True,10498,1,False,False,False,False,0.4472135901451111,2.0,0.6657326817512512,10,4062
8672,22,7,4,True,10498,1,False,False,False,False,0.4000000059604645,1.0,0.7285602688789368,8,9921
8672,23,2,9,False,1,1,True,False,False,False,1.2489995956420898,8.0,1.2493197917938232,10,26
8672,24,4,7,False,245,1,True,True,True,True,0.0,0.0,0.03999997675418854,4,2126
8672,25,2,9,False,510,7,True,False,False,False,0.20000001788139343,1.0,0.20199011266231537,3,2115
8672,26,2,9,False,220,1,True,True,True,True,0.0,0.0,0.02828427590429783,2,5222
8672,27,3,8,True,10498,3,False,False,False,False,0.2828426957130432,2.0,0.4745523929595947,5,1953
8672,28,11,0,True,10498,1,False,,,,,,0.7927168607711792,11,8035
8672,29,4,7,True,10498,2,False,True,True,True,0.0,0.0,0.22271056473255157,4,335
8672,30,2,9,True,10498,1,False,True,True,True,0.0,0.0,0.4741308093070984,2,7763
8672,31,6,5,True,10498,1,False,False,False,False,0.2828426957130432,2.0,0.760526180267334,8,9931
1673,0,1,10,False,1,1,True,False,False,False,1.3114876747131348,10.0,1.3116401433944702,11,53
1673,1,8,3,True,10498,2,False,False,False,False,0.4000000059604645,1.0,0.8119113445281982,9,9355
1673,2,4,7,True,10498,4,False,True,True,True,0.0,0.0,0.6209670305252075,4,7996
1673,3,11,0,True,10498,1,False,,,,,,0.7927168607711792,11,8035
1673,4,5,6,True,10498,2,False,True,True,True,0.0,0.0,0.7810249924659729,5,7996
1673,5,8,3,True,10498,1,False,False,False,False,0.4000000059604645,1.0,0.8409518599510193,9,5789
1673,6,6,5,True,10498,2,False,False,False,False,0.19999998807907104,1.0,0.6651316285133362,7,7726
1673,7,7,4,True,10498,1,False,False,False,False,0.2828426957130432,2.0,0.5242136716842651,9,7181
1673,8,11,0,True,10498,1,False,,,,,,0.7927168607711792,11,8035
1673,9,2,9,False,1,1,True,False,False,False,1.3856406211853027,9.0,1.3859292268753052,11,26
1673,10,5,6,True,10498,1,False,True,True,True,0.0,0.0,0.22360679507255554,5,6312
1673,11,10,1,True,10498,1,False,False,False,False,0.3999999761581421,1.0,0.6723094582557678,11,4062
1673,12,5,6,True,10498,1,False,False,False,False,0.19999998807907104,1.0,0.4669046998023987,6,4139
1673,13,10,1,True,10498,1,False,False,False,False,0.19999998807907104,1.0,0.846167802810669,11,4838
1673,14,2,9,False,3,1,True,False,False,False,0.800000011920929,5.0,0.8004999160766602,7,8970
1673,15,2,9,False,2919,21,True,True,True,True,0.0,0.0,0.028284255415201187,2,4050
1673,16,3,8,False,2,1,True,False,False,False,0.9165151715278625,6.0,0.9171696305274963,9,6248
1673,17,4,7,True,10498,1,False,True,True,True,0.0,0.0,0.4399999976158142,4,1951
1673,18,2,9,True,10498,3,False,False,False,False,0.3464101552963257,3.0,0.5871967673301697,5,5928
1673,19,8,3,True,10498,1,False,False,False,False,0.2828426957130432,2.0,0.5245950818061829,10,8035
1673,20,3,8,True,10498,1,False,True,True,True,0.0,0.0,0.31176915764808655,3,3947
1673,21,10,1,True,10498,2,False,True,True,True,0.0,0.0,0.7402702569961548,10,3317
1673,22,1,10,False,52,1,True,False,False,False,0.20000001788139343,1.0,0.20099753141403198,2,10023
1673,23,6,5,True,10498,1,False,True,True,True,0.0,0.0,0.6711184978485107,6,5637
1673,24,5,6,True,10498,1,False,True,True,True,0.0,0.0,0.3820994794368744,5,10195
1673,25,4,7,True,10498,1,False,False,False,False,0.2828426957130432,2.0,0.5075430870056152,6,8289
1673,26,8,3,True,10498,1,False,True,True,True,0.0,0.0,0.7919595837593079,8,2156
1673,27,1,10,False,1,1,True,False,False,False,1.3114876747131348,10.0,1.3116401433944702,11,53
1673,28,10,1,True,10498,1,False,True,True,True,0.0,0.0,0.8221921920776367,10,7244
1673,29,7,4,True,10498,1,False,False,False,False,0.19999998807907104,1.0,0.6409368515014648,8,7181
1673,30,9,2,True,10498,2,False,False,False,False,0.4472135901451111,2.0,0.836421012878418,11,9355
1673,31,4,7,True,10498,1,False,True,True,True,0.0,0.0,0.65848308801651,4,3947
4553,0,11,0,True,10498,1,False,,,,,,0.7927168607711792,11,8035
4553,1,8,3,True,10498,1,False,False,False,False,0.20000001788139343,1.0,0.5321654081344604,9,8035
4553,2,4,7,False,23,7,True,False,False,False,0.6633249521255493,3.0,0.6645299196243286,7,721
4553,3,2,9,False,4,1,True,False,False,False,0.7483314871788025,5.0,0.7488658428192139,7,6248
4553,4,11,0,True,10498,1,False,,,,,,0.7927168607711792,11,8035
4553,5,10,1,True,10498,1,False,False,False,False,0.20000001788139343,1.0,0.7874007821083069,11,8035
4553,6,11,0,True,10498,1,False,,,,,,0.7927168607711792,11,8035
4553,7,6,5,True,10498,1,False,False,False,False,0.4898979663848877,3.0,0.6216108202934265,9,8035
4553,8,1,10,False,26,1,True,False,False,False,0.2828426957130432,2.0,0.28354892134666443,3,4139
4553,9,1,10,False,52,1,True,False,False,False,0.19999998807907104,1.0,0.2009975016117096,2,405
4553,10,4,7,True,10498,1,False,False,False,False,0.20000001788139343,1.0,0.430813193321228,5,5275
4553,11,11,0,True,10498,1,False,,,,,,0.7927168607711792,11,8035
4553,12,2,9,True,10498,1,False,False,False,False,0.2828426957130432,2.0,0.5067543983459473,4,4139
4553,13,9,2,True,10498,1,False,False,False,False,0.3999999761581421,1.0,0.5963220596313477,10,6248
4553,14,7,4,True,10498,1,False,False,False,False,0.2828427255153656,2.0,0.5242136716842651,9,8035
4553,15,7,4,True,10498,1,False,False,False,False,0.2828426957130432,2.0,0.7285602688789368,9,8927
4553,16,11,0,True,10498,1,False,,,,,,0.7927168607711792,11,8035
4553,17,2,9,False,1,1,True,False,False,False,1.4422204494476318,9.0,1.4424978494644165,11,53
4553,18,1,10,False,1,1,True,False,False,False,1.5620498657226562,10.0,1.5621778964996338,11,53
4553,19,11,0,True,10498,1,False,,,,,,0.7927168607711792,11,8035
4553,20,7,4,True,10498,1,False,False,False,False,0.3999999761581421,1.0,0.6714164018630981,8,4062
4553,21,8,3,True,10498,1,False,False,False,False,0.2828426957130432,2.0,0.7288347482681274,10,8927
4553,22,10,1,True,10498,1,False,True,True,True,0.0,0.0,0.4939635396003723,10,8035
4553,23,9,2,True,10498,2,False,False,False,False,0.19999998807907104,1.0,0.6415606141090393,10,9355
4553,24,6,5,True,10498,1,False,False,False,False,0.4472135901451111,2.0,0.722772479057312,8,9355
4553,25,5,6,True,10498,1,False,False,False,False,0.2828426957130432,2.0,0.5949790477752686,7,1418
4553,26,6,5,True,10498,2,False,False,False,False,0.2828426957130432,2.0,0.5953150391578674,8,6321
4553,27,6,5,True,10498,1,False,False,False,False,0.2828426957130432,2.0,0.7282856702804565,8,8927
4553,28,9,2,True,10498,1,False,False,False,False,0.3999999761581421,1.0,0.5963220596313477,10,6248
4553,29,8,3,True,10498,2,False,True,True,True,0.0,0.0,0.5685068368911743,8,8278
4553,30,10,1,True,10498,2,False,True,True,True,0.0,0.0,0.7402702569961548,10,9355
4553,31,5,6,True,10498,1,False,False,False,False,0.3999999761581421,4.0,0.5079370141029358,9,8970
9796,0,6,5,True,10498,2,False,False,False,False,0.3464101552963257,3.0,0.5161395072937012,9,1963
9796,1,5,6,True,10498,4,False,False,False,False,0.20000001788139343,1.0,0.30000001192092896,6,6843
9796,2,3,8,False,2,1,True,False,False,False,0.9797959327697754,5.0,0.9804081320762634,8,9617
9796,3,10,1,True,10498,2,False,False,False,False,0.19999998807907104,1.0,0.7668116688728333,11,9355
9796,4,7,4,True,10498,1,False,False,False,False,0.44721361994743347,2.0,0.6283311247825623,9,8035
9796,5,11,0,True,10498,1,False,,,,,,0.7927168607711792,11,8035
9796,6,1,10,False,52,1,True,True,True,True,0.0,0.0,0.019999995827674866,1,421
9796,7,11,0,True,10498,1,False,,,,,,0.7927168607711792,11,8035
9796,8,5,6,True,10498,1,False,False,False,False,0.2828427255153656,2.0,0.4753945767879486,7,2156
9796,9,2,9,False,1,1,True,False,False,False,1.2806248664855957,8.0,1.2809371948242188,10,26
9796,10,4,7,True,10498,3,False,False,False,False,0.20000001788139343,1.0,0.430813193321228,5,1947
9796,11,5,6,True,10498,1,False,False,False,False,0.2828427255153656,2.0,0.4219004511833191,7,10010
9796,12,1,10,False,1616,31,True,True,True,True,0.0,0.0,0.02000001072883606,1,4809
9796,13,3,8,False,1,1,True,False,False,False,1.2328827381134033,8.0,1.2333693504333496,11,53
9796,14,1,10,False,26,3,True,True,True,True,0.0,0.0,0.019999995827674866,1,9104
9796,15,3,8,True,10498,2,False,False,False,False,0.2828426957130432,2.0,0.5071489214897156,5,7726
9796,16,3,8,True,10498,1,False,True,True,True,0.0,0.0,0.2218107283115387,3,7276
9796,17,2,9,False,3,1,True,False,False,False,0.800000011920929,8.0,0.8004998564720154,10,8970
9796,18,11,0,True,10498,1,False,,,,,,0.7927168607711792,11,8035
9796,19,5,6,True,10498,9,False,False,False,False,0.2828426957130432,2.0,0.4219004511833191,7,9213
9796,20,5,6,True,10498,2,False,True,True,True,0.0,0.0,0.5234501361846924,5,8093
9796,21,5,6,True,10498,2,False,False,False,False,0.2828426957130432,2.0,0.5949789881706238,7,5651
9796,22,4,7,True,10498,1,False,False,False,False,0.2828427255153656,2.0,0.4749737083911896,6,2156
9796,23,10,1,True,10498,1,False,True,True,True,0.0,0.0,0.7924644947052002,10,8035
9796,24,8,3,True,10498,1,False,True,True,True,0.0,0.0,0.6474565863609314,8,1951
9796,25,4,7,True,10498,2,False,False,False,False,0.2828426957130432,2.0,0.4749736785888672,6,7147
9796,26,4,7,True,10498,2,False,False,False,False,0.2828426957130432,2.0,0.42142611742019653,6,9493
9796,27,4,7,True,10498,1,False,False,False,False,0.2828426957130432,2.0,0.4749736785888672,6,10463
9796,28,2,9,False,4,1,True,False,False,False,0.6633249521255493,8.0,0.6639277338981628,10,8970
9796,29,11,0,True,10498,1,False,,,,,,0.7927168607711792,11,8035
9796,30,5,6,True,10498,2,False,False,False,False,0.20000001788139343,1.0,0.3714835047721863,6,2146
9796,31,1,10,False,3,1,True,False,False,False,1.0,9.0,1.0002000331878662,10,8970
6978,0,8,3,True,10498,2,False,False,False,False,0.4472135901451111,2.0,0.8361818790435791,10,3317
6978,1,9,2,True,10498,1,False,True,True,True,0.0,0.0,0.7068239450454712,9,3317
6978,2,7,4,True,10498,1,False,False,False,False,0.3464101552963257,3.0,0.7005712389945984,10,9931
6978,3,7,4,True,10498,2,False,False,False,False,0.19999998807907104,1.0,0.8165782690048218,8,10051
6978,4,6,5,True,10498,1,False,False,False,False,0.2828426957130432,2.0,0.760526180267334,8,6851
6978,5,7,4,True,10498,1,False,False,False,False,0.20000001788139343,1.0,0.7660287618637085,8,5789
6978,6,6,5,True,10498,1,False,False,False,False,0.2828427255153656,2.0,0.634350061416626,8,8025
6978,7,11,0,True,10498,1,False,,,,,,0.7927168607711792,11,8035
6978,8,5,6,True,10498,1,False,False,False,False,0.20000001788139343,1.0,0.6648308634757996,6,5621
6978,9,1,10,False,1616,1,True,False,False,False,0.4898979663848877,3.0,0.4903060495853424,4,6312
6978,10,6,5,True,10498,1,False,False,False,False,0.2828426957130432,2.0,0.475815087556839,8,7042
6978,11,4,7,True,10498,1,False,False,False,False,0.5656854510307312,5.0,0.682348906993866,9,4838
6978,12,8,3,True,10498,1,False,False,False,False,0.2828426957130432,2.0,0.5245950818061829,10,9355
6978,13,8,3,True,10498,1,False,False,False,False,0.20000001788139343,1.0,0.7343024611473083,9,5789
6978,14,4,7,True,10498,1,False,True,True,True,0.0,0.0,0.31240999698638916,4,5985
6978,15,1,10,False,10460,5,True,True,True,True,0.0,0.0,0.019999980926513672,1,5976
6978,16,6,5,True,10498,2,False,False,False,False,0.3464101552963257,3.0,0.7002856731414795,9,6850
6978,17,8,3,True,10498,1,False,False,False,False,0.20000000298023224,1.0,0.7343024611473083,9,3317
6978,18,10,1,True,10498,2,False,False,False,False,0.19999998807907104,1.0,0.7668116092681885,11,3317
6978,19,6,5,True,10498,1,False,False,False,False,0.20000001788139343,1.0,0.733757495880127,7,8025
6978,20,11,0,True,10498,1,False,,,,,,0.7927168607711792,11,8035
6978,21,8,3,True,10498,2,False,False,False,False,0.19999998807907104,1.0,0.6412488222122192,9,370
6978,22,11,0,True,10498,1,False,,,,,,0.7927168607711792,11,8035
6978,23,10,1,True,10498,2,False,True,True,True,0.0,0.0,0.7402702569961548,10,3317
6978,24,11,0,True,10498,1,False,,,,,,0.7927168607711792,11,8035
6978,25,8,3,True,10498,1,False,False,False,False,0.4000000059604645,1.0,0.634980320930481,9,4062
6978,26,1,10,False,52,1,True,False,False,False,0.44721361994743347,2.0,0.4476606249809265,3,9617
6978,27,11,0,True,10498,1,False,,,,,,0.7927168607711792,11,8035
6978,28,11,0,True,10498,1,False,,,,,,0.7927168607711792,11,8035
6978,29,7,4,True,10498,1,False,False,False,False,0.19999998807907104,1.0,0.816578209400177,8,7244
6978,30,9,2,True,10498,1,False,False,False,False,0.19999998807907104,1.0,0.8459314703941345,10,7244
6978,31,10,1,True,10498,1,False,True,True,True,0.0,0.0,0.5403702259063721,10,4062
5882,0,10,1,True,10498,1,False,True,True,True,0.0,0.0,0.7924644947052002,10,8035
5882,1,4,7,True,10498,4,False,False,False,False,0.19999998807907104,1.0,0.3709447383880615,5,7594
5882,2,2,9,True,10498,3,False,False,False,False,0.19999998807907104,1.0,0.3698648512363434,3,5149
5882,3,9,2,True,10498,1,False,False,False,False,0.19999998807907104,1.0,0.6415606141090393,10,9355
5882,4,1,10,False,1,1,True,False,False,False,1.3711309432983398,10.0,1.37127685546875,11,53
5882,5,8,3,True,10498,1,False,False,False,False,0.2828426957130432,2.0,0.7065408825874329,10,1963
5882,6,1,10,False,10411,43,True,True,True,True,0.0,0.0,0.019999980926513672,1,3214
5882,7,9,2,True,10498,1,False,True,True,True,0.0,0.0,0.7613146305084229,9,6248
5882,8,10,1,True,10498,2,False,False,False,False,0.19999998807907104,1.0,0.7668116688728333,11,9355
5882,9,4,7,True,10498,1,False,False,False,False,0.19999998807907104,1.0,0.6997142434120178,5,250
5882,10,11,0,True,10498,1,False,,,,,,0.7927168607711792,11,8035
5882,11,4,7,True,10498,2,False,True,True,True,0.0,0.0,0.31240999698638916,4,301
5882,12,2,9,True,10498,5,False,False,False,False,0.19999998807907104,1.0,0.4656178951263428,3,6909
5882,13,8,3,True,10498,1,False,False,False,False,0.4472135901451111,2.0,0.6657326817512512,10,4062
5882,14,3,8,True,10498,1,False,False,False,False,0.3464101552963257,3.0,0.5149757266044617,6,1963
5882,15,5,6,True,10498,1,False,False,False,False,0.3464101552963257,3.0,0.5603570342063904,8,4767
5882,16,11,0,True,10498,1,False,,,,,,0.7927168607711792,11,8035
5882,17,10,1,True,10498,1,False,False,False,False,0.4000000059604645,1.0,0.6356099247932434,11,8035
5882,18,7,4,True,10498,1,False,False,False,False,0.3464101552963257,3.0,0.6023288369178772,10,7181
5882,19,8,3,True,10498,1,False,False,False,False,0.2828426957130432,2.0,0.7065408825874329,10,1963
5882,20,9,2,True,10498,1,False,False,False,False,0.4000000059604645,1.0,0.8121576905250549,10,8970
5882,21,9,2,True,10498,1,False,False,False,False,0.19999998807907104,1.0,0.6415606141090393,10,9355
5882,22,4,7,True,10498,1,False,False,False,False,0.19999998807907104,1.0,0.5153639912605286,5,9681
5882,23,5,6,True,10498,1,False,False,False,False,0.19999998807907104,1.0,0.43127715587615967,6,3457
5882,24,11,0,True,10498,1,False,,,,,,0.7927168607711792,11,8035
5882,25,11,0,True,10498,1,False,,,,,,0.7927168607711792,11,8035
5882,26,6,5,True,10498,2,False,False,False,False,0.2828426957130432,2.0,0.7282856702804565,8,10013
5882,27,7,4,True,10498,1,False,False,False,False,0.3464101552963257,3.0,0.5610703825950623,10,2300
5882,28,4,7,True,10498,1,False,True,True,True,0.0,0.0,0.22271056473255157,4,2891
5882,29,8,3,True,10498,2,False,False,False,False,0.4472135901451111,2.0,0.7233256697654724,10,9355
5882,30,10,1,True,10498,1,False,True,True,True,0.0,0.0,0.761577308177948,10,6248
5882,31,7,4,True,10498,2,False,False,False,False,0.3464101552963257,3.0,0.6654322147369385,10,1963
2364,0,5,6,True,10498,1,False,True,True,True,0.0,0.0,0.6082762479782104,5,1963
2364,1,8,3,True,10498,2,False,False,False,False,0.4000000059604645,1.0,0.8119113445281982,9,9355
2364,2,11,0,True,10498,1,False,,,,,,0.7927168607711792,11,8035
2364,3,9,2,True,10498,1,False,False,False,False,0.3999999761581421,1.0,0.6720119118690491,10,4062
2364,4,7,4,True,10498,1,False,False,False,False,0.4000000059604645,1.0,0.5956509113311768,8,8035
2364,5,4,7,False,1,1,True,False,False,False,1.0198038816452026,6.0,1.0205880403518677,10,26
2364,6,10,1,True,10498,1,False,True,True,True,0.0,0.0,0.7924644947052002,10,8035
2364,7,1,10,False,575,8,True,False,False,False,0.2828426957130432,2.0,0.28354892134666443,3,9520
2364,8,5,6,True,10498,1,False,False,False,False,0.3464101552963257,3.0,0.7224956750869751,8,8927
2364,9,6,5,True,10498,1,False,False,False,False,0.4472135901451111,2.0,0.5885575413703918,8,1963
2364,10,5,6,True,10498,2,False,False,False,False,0.19999998807907104,1.0,0.6016643643379211,6,5143
2364,11,5,6,True,10498,1,False,False,False,False,0.19999998807907104,1.0,0.3714834749698639,6,9613
2364,12,6,5,True,10498,1,False,False,False,False,0.3999999761581421,4.0,0.5953150391578674,10,5052
2364,13,9,2,True,10498,1,False,True,True,True,0.0,0.0,0.7717512845993042,9,1963
2364,14,2,9,False,2,1,True,False,False,False,1.095445156097412,7.0,1.0958101749420166,9,26
2364,15,1,10,False,25,1,True,False,False,False,0.800000011920929,7.0,0.8002499938011169,8,7924
2364,16,5,6,True,10498,1,False,False,False,False,0.2828426957130432,2.0,0.4753945767879486,7,10463
2364,17,3,8,False,23,6,True,False,False,False,0.6324555277824402,2.0,0.6334035396575928,5,10063
2364,18,10,1,True,10498,1,False,True,True,True,0.0,0.0,0.4939635396003723,10,8035
2364,19,9,2,True,10498,1,False,False,False,False,0.3999999761581421,1.0,0.6720119118690491,10,4062
2364,20,1,10,False,10411,83,True,True,True,True,0.0,0.0,0.019999980926513672,1,6708
2364,21,6,5,True,10498,1,False,False,False,False,0.4472135901451111,2.0,0.5885576009750366,8,6248
2364,22,8,3,True,10498,1,False,False,False,False,0.4000000059604645,1.0,0.595986545085907,9,8035
2364,23,5,6,True,10498,1,False,False,False,False,0.34641018509864807,3.0,0.5157518982887268,8,8035
2364,24,6,5,True,10498,1,False,False,False,False,0.3464101552963257,3.0,0.7552483677864075,9,6851
2364,25,8,3,True,10498,1,False,False,False,False,0.2828426957130432,2.0,0.8119113445281982,10,5621
2364,26,6,5,True,10498,1,False,False,False,False,0.2828426957130432,2.0,0.7282856702804565,8,8927
2364,27,10,1,True,10498,2,False,True,True,True,0.0,0.0,0.7402702569961548,10,9355
2364,28,2,9,False,1,1,True,False,False,False,1.5099668502807617,9.0,1.5102317333221436,11,53
2364,29,2,9,False,2,1,True,False,False,False,0.5656853914260864,2.0,0.5663921236991882,4,9617
2364,30,9,2,True,10498,1,False,False,False,False,0.20000001788139343,1.0,0.7665507793426514,10,1963
2364,31,9,2,True,10498,1,False,False,False,False,0.2828426957130432,2.0,0.6720119118690491,11,3317
3441,0,11,0,True,10498,1,False,,,,,,0.7927168607711792,11,8035
3441,1,3,8,True,10498,2,False,False,False,False,0.3464101552963257,3.0,0.5875372290611267,6,9026
3441,2,11,0,True,10498,1,False,,,,,,0.7927168607711792,11,8035
3441,3,6,5,True,10498,1,False,False,False,False,0.19999998807907104,1.0,0.601996660232544,7,309
3441,4,9,2,True,10498,2,False,False,False,False,0.19999998807907104,1.0,0.7665507793426514,10,8025
3441,5,3,8,True,10498,1,False,False,False,False,0.19999998807907104,1.0,0.5149757266044617,4,1019
3441,6,5,6,True,10498,1,False,False,False,False,0.4472135901451111,2.0,0.5882176756858826,7,7262
3441,7,9,2,True,10498,1,False,True,True,True,0.0,0.0,0.7717512845993042,9,1963
3441,8,1,10,False,1,1,True,False,False,False,1.536229133605957,9.0,1.536359429359436,10,53
3441,9,3,8,True,10498,1,False,False,False,False,0.4472135901451111,5.0,0.6141660809516907,8,8021
3441,10,3,8,True,10498,2,False,False,False,False,0.2828426957130432,2.0,0.5943063497543335,5,2642
3441,11,3,8,False,1,1,True,False,False,False,1.2806248664855957,7.0,1.2810932397842407,10,53
3441,12,5,6,True,10498,2,False,True,True,True,0.0,0.0,0.382099449634552,5,5393
3441,13,10,1,True,10498,1,False,True,True,True,0.0,0.0,0.5403702259063721,10,4062
3441,14,5,6,True,10498,1,False,False,False,False,0.4472135901451111,2.0,0.6276941895484924,7,9867
3441,15,4,7,True,10498,1,False,False,False,False,0.5656854510307312,2.0,0.7704544067382812,6,384
3441,16,8,3,True,10498,1,False,False,False,False,0.4000000059604645,1.0,0.595986545085907,9,8035
3441,17,2,9,False,2,1,True,False,False,False,0.9165151715278625,7.0,0.9169514775276184,9,8970
3441,18,5,6,True,10498,1,False,False,False,False,0.2828426957130432,2.0,0.5949790477752686,7,5069
3441,19,11,0,True,10498,1,False,,,,,,0.7927168607711792,11,8035
3441,20,6,5,True,10498,1,False,False,False,False,0.4000000059604645,1.0,0.6945502161979675,7,384
3441,21,9,2,True,10498,1,False,True,True,True,0.0,0.0,0.49355846643447876,9,8035
3441,22,2,9,True,10498,1,False,True,True,True,0.0,0.0,0.3111269772052765,2,7296
3441,23,7,4,True,10498,1,False,False,False,False,0.3464101552963257,3.0,0.7866384387016296,10,5273
3441,24,1,10,False,25,1,True,False,False,False,0.6633249521255493,5.0,0.6636264324188232,6,7924
3441,25,10,1,True,10498,1,False,False,False,False,0.19999998807907104,1.0,0.846167802810669,11,4838
3441,26,11,0,True,10498,1,False,,,,,,0.7927168607711792,11,8035
3441,27,1,10,False,5,1,True,False,False,False,0.9165151715278625,7.0,0.9167333841323853,8,8970
3441,28,5,6,True,10498,1,False,False,False,False,0.2828426957130432,2.0,0.5234500765800476,7,9355
3441,29,10,1,True,10498,1,False,True,True,True,0.0,0.0,0.5403702259063721,10,4062
3441,30,6,5,True,10498,1,False,False,False,False,0.4472135901451111,2.0,0.7552483677864075,8,1963
3441,31,7,4,True,10498,1,False,False,False,False,0.2828426957130432,2.0,0.7607890963554382,9,8025
4958,0,11,0,True,10498,1,False,,,,,,0.7927168607711792,11,8035
4958,1,7,4,True,10498,1,False,False,False,False,0.34641018509864807,3.0,0.5165268778800964,10,8035
4958,2,4,7,True,10498,1,False,False,False,False,0.2828426957130432,2.0,0.6584831476211548,6,422
4958,3,6,5,True,10498,1,False,False,False,False,0.2828426957130432,2.0,0.634350061416626,8,250
4958,4,9,2,True,10498,1,False,False,False,False,0.19999998807907104,1.0,0.6415606141090393,10,8970
4958,5,2,9,False,25,1,True,False,False,False,0.7745966911315918,6.0,0.7751129269599915,8,7924
4958,6,8,3,True,10498,1,False,False,False,False,0.2828426957130432,2.0,0.634980320930481,10,3317
4958,7,6,5,True,10498,1,False,True,True,True,0.0,0.0,0.5678027868270874,6,9503
4958,8,3,8,False,1,1,True,False,False,False,1.039230465888977,7.0,1.039807677268982,10,26
4958,9,9,2,True,10498,1,False,False,False,False,0.3999999761581421,1.0,0.6720119118690491,10,4062
4958,10,5,6,True,10498,1,False,False,False,False,0.19999998807907104,1.0,0.6276942491531372,6,7409
4958,11,11,0,True,10498,1,False,,,,,,0.7927168607711792,11,8035
4958,12,5,6,True,10498,3,False,False,False,False,0.3999999761581421,1.0,0.5079370141029358,6,9688
4958,13,4,7,True,10498,2,False,False,False,False,0.2828426957130432,2.0,0.5528110265731812,6,6026
4958,14,7,4,True,10498,1,False,False,False,False,0.4000000059604645,1.0,0.6948381066322327,8,3317
4958,15,3,8,False,1,1,True,False,False,False,1.039230465888977,7.0,1.039807677268982,10,26
4958,16,7,4,True,10498,1,False,False,False,False,0.6000000238418579,3.0,0.7448490262031555,10,4062
4958,17,3,8,True,10498,1,False,True,True,True,0.0,0.0,0.3810511827468872,3,3128
4958,18,10,1,True,10498,1,False,True,True,True,0.0,0.0,0.7924644947052002,10,8035
4958,19,8,3,True,10498,1,False,False,False,False,0.2828426957130432,2.0,0.5245950818061829,10,8970
4958,20,2,9,False,1,1,True,False,False,False,1.399999976158142,9.0,1.4002856016159058,11,53
4958,21,3,8,True,10498,10,False,False,False,False,0.2828426957130432,2.0,0.4745524227619171,5,9612
4958,22,7,4,True,10498,1,False,False,False,False,0.19999998807907104,1.0,0.48456165194511414,8,10463
4958,23,1,10,False,52,2,True,False,False,False,0.2828426957130432,2.0,0.28354892134666443,3,405
4958,24,10,1,True,10498,1,False,False,False,False,0.3999999761581421,1.0,0.6723094582557678,11,4062
4958,25,9,2,True,10498,1,False,False,False,False,0.4000000059604645,1.0,0.5963220596313477,10,8035
4958,26,7,4,True,10498,1,False,False,False,False,0.19999998807907104,1.0,0.6409368515014648,8,3317
4958,27,1,10,False,52,2,True,False,False,False,0.2828426957130432,2.0,0.2835489511489868,3,423
4958,28,9,2,True,10498,1,False,False,False,False,0.19999998807907104,1.0,0.7345747351646423,10,8970
4958,29,4,7,True,10498,3,False,False,False,False,0.2828426957130432,2.0,0.6337192058563232,6,5149
4958,30,6,5,True,10498,1,False,True,True,True,0.0,0.0,0.760526180267334,6,5621
4958,31,7,4,True,10498,1,False,False,False,False,0.2828426957130432,2.0,0.634665310382843,9,9355
7155,0,6,5,True,10498,1,False,False,False,False,0.2828426957130432,2.0,0.6945502758026123,8,5621
7155,1,3,8,True,10498,1,False,False,False,False,0.2828426957130432,2.0,0.4209512770175934,5,9326
7155,2,8,3,True,10498,1,False,False,False,False,0.2828426957130432,2.0,0.7919596433639526,10,5276
7155,3,4,7,True,10498,1,False,False,False,False,0.19999998807907104,1.0,0.6645299792289734,5,2126
7155,4,2,9,False,1,1,True,False,False,False,0.9797959327697754,7.0,0.9802041053771973,9,26
7155,5,8,3,True,10498,1,False,False,False,False,0.2828426957130432,2.0,0.5685067772865295,10,4062
7155,6,4,7,True,10498,2,False,False,False,False,0.19999998807907104,1.0,0.5153639912605286,5,7229
7155,7,1,10,False,575,5,True,True,True,True,0.0,0.0,0.019999995827674866,1,9521
7155,8,6,5,True,10498,2,False,False,False,False,0.4472135901451111,2.0,0.722772479057312,8,3317
7155,9,1,10,False,10460,1,True,True,True,True,0.0,0.0,0.019999980926513672,1,7155
7155,10,11,0,True,10498,1,False,,,,,,0.7927168607711792,11,8035
7155,11,5,6,True,10498,1,False,False,False,False,0.2828426957130432,2.0,0.6942622661590576,7,5621
7155,12,5,6,True,10498,1,False,False,False,False,0.2828426957130432,2.0,0.4753945469856262,7,8165
7155,13,9,2,True,10498,1,False,False,False,False,0.4000000059604645,1.0,0.8316249251365662,10,6248
7155,14,6,5,True,10498,1,False,False,False,False,0.3999999761581421,4.0,0.5083305835723877,10,696
7155,15,7,4,True,10498,1,False,False,False,False,0.4000000059604645,1.0,0.634665310382843,8,8035
7155,16,8,3,True,10498,1,False,False,False,False,0.2828426957130432,2.0,0.7610518932342529,10,8970
7155,17,7,4,True,10498,1,False,False,False,False,0.3464101552963257,3.0,0.6654321551322937,10,8970
7155,18,2,9,False,510,5,True,True,True,True,0.0,0.0,0.028284255415201187,2,4540
7155,19,1,10,False,26,1,True,False,False,False,0.4898979365825653,3.0,0.49030601978302,4,4139
7155,20,4,7,True,10498,1,False,False,False,False,0.4472135901451111,2.0,0.5878775715827942,6,3128
7155,21,2,9,True,10498,2,False,False,False,False,0.4000000059604645,4.0,0.6203225255012512,6,5621
7155,22,11,0,True,10498,1,False,,,,,,0.7927168607711792,11,8035
7155,23,11,0,True,10498,1,False,,,,,,0.7927168607711792,11,8035
7155,24,2,9,False,2919,1,True,True,True,True,0.0,0.0,0.028284255415201187,2,7155
7155,25,1,10,False,5,1,True,False,False,False,0.8717797994613647,8.0,0.8720092177391052,9,8970
7155,26,1,10,False,5,1,True,False,False,False,0.8717797994613647,8.0,0.8720092177391052,9,8970
7155,27,8,3,True,10498,1,False,False,False,False,0.3464101552963257,3.0,0.6026607751846313,11,4838
7155,28,10,1,True,10498,1,False,True,True,True,0.0,0.0,0.7720103859901428,10,1963
7155,29,11,0,True,10498,1,False,,,,,,0.7927168607711792,11,8035
7155,30,2,9,False,4,1,True,False,False,False,0.8717797994613647,8.0,0.8722385168075562,10,8970
7155,31,2,9,False,1,1,True,False,False,False,1.2649110555648804,8.0,1.265227198600769,10,26
1354,0,2,9,False,2945,32,True,True,True,True,0.0,0.0,0.028284255415201187,2,8929
1354,1,11,0,True,10498,1,False,,,,,,0.7927168607711792,11,8035
1354,2,5,6,True,10498,3,False,False,False,False,0.2828426957130432,2.0,0.4753945469856262,7,2582
1354,3,8,3,True,10498,1,False,False,False,False,0.44721361994743347,2.0,0.7557777762413025,10,3317
1354,4,7,4,True,10498,2,False,False,False,False,0.4000000059604645,1.0,0.8116649985313416,8,3317
1354,5,6,5,True,10498,1,False,False,False,False,0.4898979365825653,3.0,0.7812809944152832,9,1948
1354,6,3,8,True,10498,2,False,False,False,False,0.3464101552963257,3.0,0.5875372290611267,6,5928
1354,7,6,5,True,10498,1,False,False,False,False,0.2828426957130432,2.0,0.634350061416626,8,8279
1354,8,7,4,True,10498,1,False,False,False,False,0.2828426957130432,2.0,0.4762352406978607,9,6248
1354,9,7,4,True,10498,1,False,False,False,False,0.4898979365825653,3.0,0.728560209274292,10,7244
1354,10,6,5,True,10498,1,False,False,False,False,0.4472135901451111,2.0,0.6887670755386353,8,6025
1354,11,9,2,True,10498,1,False,False,False,False,0.19999998807907104,1.0,0.6415606141090393,10,7262
1354,12,11,0,True,10498,1,False,,,,,,0.7927168607711792,11,8035
1354,13,4,7,True,10498,1,False,False,False,False,0.3464101552963257,3.0,0.5878775715827942,7,7408
1354,14,7,4,True,10498,2,False,False,False,False,0.2828426957130432,2.0,0.634665310382843,9,2300
1354,15,8,3,True,10498,1,False,False,False,False,0.2828426957130432,2.0,0.7065408825874329,10,1963
1354,16,10,1,True,10498,1,False,False,False,False,0.19999998807907104,1.0,0.846167802810669,11,4838
1354,17,5,6,True,10498,1,False,False,False,False,0.4472135603427887,5.0,0.6276941895484924,10,4806
1354,18,8,3,True,10498,1,False,True,True,True,0.0,0.0,0.6092618703842163,8,8970
1354,19,9,2,True,10498,1,False,False,False,False,0.2828426957130432,2.0,0.5688585042953491,11,4062
1354,20,6,5,True,10498,1,False,False,False,False,0.2828426957130432,2.0,0.5678027868270874,8,9921
1354,21,4,7,True,10498,1,False,True,True,True,0.0,0.0,0.5230678915977478,4,8438
1354,22,9,2,True,10498,1,False,False,False,False,0.19999998807907104,1.0,0.532541036605835,10,8035
1354,23,3,8,True,10498,1,False,False,False,False,0.19999998807907104,1.0,0.5149757266044617,4,5578
1354,24,10,1,True,10498,1,False,False,False,False,0.20000001788139343,1.0,0.7874007821083069,11,8035
1354,25,9,2,True,10498,1,False,False,False,False,0.19999998807907104,1.0,0.532541036605835,10,8035
1354,26,6,5,True,10498,1,False,False,False,False,0.19999998807907104,1.0,0.6770524382591248,7,9921
1354,27,4,7,True,10498,2,False,False,False,False,0.3464101552963257,3.0,0.7222188711166382,7,5651
1354,28,6,5,True,10498,1,False,False,False,False,0.2828426957130432,2.0,0.475815087556839,8,7262
1354,29,8,3,True,10498,1,False,False,False,False,0.2828426957130432,2.0,0.7065408825874329,10,1951
1354,30,9,2,True,10498,1,False,True,True,True,0.0,0.0,0.6095900535583496,9,8970
1354,31,11,0,True,10498,1,False,,,,,,0.7927168607711792,11,8035
4826,0,2,9,False,2919,13,True,True,True,True,0.0,0.0,0.028284255415201187,2,8312
4826,1,10,1,True,10498,2,False,False,False,False,0.19999998807907104,1.0,0.7668116688728333,11,9355
4826,2,6,5,True,10498,1,False,False,False,False,0.44721361994743347,2.0,0.5462599992752075,8,8035
4826,3,3,8,True,10498,1,False,False,False,False,0.3464101552963257,3.0,0.4660471975803375,6,5276
4826,4,3,8,True,10498,2,False,False,False,False,0.19999998807907104,1.0,0.4660472273826599,4,4033
4826,5,5,6,True,10498,1,False,False,False,False,0.3464101552963257,3.0,0.5157518982887268,8,10463
4826,6,11,0,True,10498,1,False,,,,,,0.7927168607711792,11,8035
4826,7,1,10,False,3,1,True,False,False,False,0.8485281467437744,7.0,0.8487638831138611,8,8970
4826,8,10,1,True,10498,2,False,False,False,False,0.19999998807907104,1.0,0.7668116092681885,11,3317
4826,9,5,6,True,10498,1,False,False,False,False,0.4898979365825653,3.0,0.5813776850700378,8,6248
4826,10,2,9,True,10498,2,False,False,False,False,0.20000001788139343,1.0,0.4656178951263428,3,4512
4826,11,11,0,True,10498,1,False,,,,,,0.7927168607711792,11,8035
4826,12,5,6,True,10498,1,False,False,False,False,0.20000001788139343,1.0,0.48373547196388245,6,8035
4826,13,11,0,True,10498,1,False,,,,,,0.7927168607711792,11,8035
4826,14,2,9,False,510,1,True,False,False,False,0.3999999761581421,4.0,0.4009987413883209,6,8094
4826,15,11,0,True,10498,1,False,,,,,,0.7927168607711792,11,8035
4826,16,7,4,True,10498,1,False,False,False,False,0.4472135603427887,2.0,0.6283311247825623,9,1020
4826,17,6,5,True,10498,2,False,True,True,True,0.0,0.0,0.5238320827484131,6,8093
4826,18,5,6,True,10498,1,False,False,False,False,0.34641018509864807,3.0,0.5157518982887268,8,8035
4826,19,5,6,True,10498,1,False,False,False,False,0.2828426957130432,2.0,0.6340347528457642,7,1963
4826,20,11,0,True,10498,1,False,,,,,,0.7927168607711792,11,8035
4826,21,6,5,True,10498,4,False,False,False,False,0.2828426957130432,2.0,0.634350061416626,8,676
4826,22,10,1,True,10498,1,False,True,True,True,0.0,0.0,0.761577308177948,10,8035
4826,23,11,0,True,10498,1,False,,,,,,0.7927168607711792,11,8035
4826,24,8,3,True,10498,1,False,False,False,False,0.19999998807907104,1.0,0.6776430010795593,9,1963
4826,25,8,3,True,10498,2,False,False,False,False,0.19999998807907104,1.0,0.7662897706031799,9,5276
4826,26,4,7,True,10498,2,False,False,False,False,0.2828426957130432,2.0,0.4749736785888672,6,5275
4826,27,9,2,True,10498,1,False,False,False,False,0.20000001788139343,1.0,0.4853864312171936,10,8035
4826,28,10,1,True,10498,1,False,True,True,True,0.0,0.0,0.7402702569961548,10,3317
4826,29,5,6,True,10498,2,False,False,False,False,0.20000001788139343,1.0,0.5603570938110352,6,6709
4826,30,7,4,True,10498,1,False,True,True,True,0.0,0.0,0.44136154651641846,7,8035
4826,31,8,3,True,10498,1,False,False,False,False,0.20000001788139343,1.0,0.7343024611473083,9,1963
1975,0,8,3,True,10498,1,False,False,False,False,0.20000001788139343,1.0,0.7868925929069519,9,8035
1975,1,7,4,True,10498,1,False,False,False,False,0.2828426957130432,2.0,0.7917070388793945,9,1948
1975,2,5,6,True,10498,1,False,True,True,True,0.0,0.0,0.5234501361846924,5,9592
1975,3,1,10,False,52,1,True,False,False,False,0.20000001788139343,1.0,0.20099753141403198,2,7591
1975,4,11,0,True,10498,1,False,,,,,,0.7927168607711792,11,8035
1975,5,9,2,True,10498,1,False,False,False,False,0.20000001788139343,1.0,0.7871467471122742,10,8035
1975,6,8,3,True,10498,1,False,False,False,False,0.20000001788139343,1.0,0.484974205493927,9,8035
1975,7,5,6,True,10498,4,False,False,False,False,0.3464101552963257,3.0,0.41231054067611694,8,2662
1975,8,6,5,True,10498,1,False,False,False,False,0.2828426957130432,2.0,0.5238320231437683,8,7181
1975,9,11,0,True,10498,1,False,,,,,,0.7927168607711792,11,8035
1975,10,8,3,True,10498,1,False,False,False,False,0.20000001788139343,1.0,0.484974205493927,9,8035
1975,11,5,6,True,10498,1,False,False,False,False,0.34641018509864807,3.0,0.5603570342063904,8,7244
1975,12,11,0,True,10498,1,False,,,,,,0.7927168607711792,11,8035
1975,13,2,9,False,2,1,True,False,False,False,0.3464101552963257,3.0,0.34756290912628174,5,4139
1975,14,11,0,True,10498,1,False,,,,,,0.7927168607711792,11,8035
1975,15,5,6,True,10498,6,False,True,True,True,0.0,0.0,0.3130495250225067,5,9820
1975,16,1,10,False,5,1,True,False,False,False,0.8717797994613647,8.0,0.8720092177391052,9,8970
1975,17,10,1,True,10498,1,False,True,True,True,0.0,0.0,0.7402702569961548,10,9355
1975,18,11,0,True,10498,1,False,,,,,,0.7927168607711792,11,8035
1975,19,10,1,True,10498,2,False,False,False,False,0.19999998807907104,1.0,0.7668116688728333,11,9355
1975,20,4,7,True,10498,1,False,False,False,False,0.3464101552963257,3.0,0.4664761424064636,7,10010
1975,21,9,2,True,10498,1,False,False,False,False,0.4472135901451111,2.0,0.6660330295562744,11,4062
1975,22,7,4,True,10498,1,False,False,False,False,0.19999998807907104,1.0,0.48456165194511414,8,2221
1975,23,5,6,True,10498,2,False,False,False,False,0.3464101552963257,3.0,0.6884766221046448,8,5651
1975,24,9,2,True,10498,2,False,False,False,False,0.19999998807907104,1.0,0.6415606141090393,10,3317
1975,25,9,2,True,10498,1,False,False,False,False,0.4472135901451111,2.0,0.6660330295562744,11,4062
1975,26,10,1,True,10498,1,False,False,False,False,0.20000001788139343,1.0,0.7874007821083069,11,8035
1975,27,10,1,True,10498,1,False,True,True,True,0.0,0.0,0.7924644947052002,10,8035
1975,28,8,3,True,10498,1,False,False,False,False,0.2828427255153656,2.0,0.4766550064086914,10,8035
1975,29,4,7,True,10498,1,False,False,False,False,0.3464101552963257,3.0,0.5153639912605286,7,10010
1975,30,1,10,False,575,1,True,True,True,True,0.0,0.0,0.019999995827674866,1,4030
1975,31,11,0,True,10498,1,False,,,,,,0.7927168607711792,11,8035
8297,0,6,5,True,10498,1,False,False,False,False,0.20000001788139343,1.0,0.4841487407684326,7,2156
8297,1,5,6,True,10498,1,False,False,False,False,0.20000001788139343,1.0,0.48373547196388245,6,10010
8297,2,4,7,True,10498,3,False,False,False,False,0.2828426957130432,2.0,0.4749736785888672,6,6413
8297,3,1,10,False,1616,57,True,True,True,True,0.0,0.0,0.02000001072883606,1,5956
8297,4,7,4,True,10498,2,False,False,False,False,0.19999998807907104,1.0,0.6409368515014648,8,9355
8297,5,2,9,False,1,1,True,False,False,False,1.2961480617523193,9.0,1.2964566946029663,11,53
8297,6,8,3,True,10498,1,False,False,False,False,0.40000003576278687,1.0,0.634980320930481,9,8035
8297,7,1,10,False,1616,57,True,True,True,True,0.0,0.0,0.02000001072883606,1,3025
8297,8,7,4,True,10498,1,False,True,True,True,0.0,0.0,0.6471476554870605,7,9921
8297,9,11,0,True,10498,1,False,,,,,,0.7927168607711792,11,8035
8297,10,7,4,True,10498,1,False,False,False,False,0.19999998807907104,1.0,0.73403000831604,8,9355
8297,11,7,4,True,10498,1,False,False,False,False,0.4000000059604645,1.0,0.8595348000526428,8,2156
8297,12,8,3,True,10498,2,False,False,False,False,0.4000000059604645,1.0,0.8119113445281982,9,3317
8297,13,5,6,True,10498,3,False,False,False,False,0.20000001788139343,1.0,0.5603570342063904,6,9503
8297,14,5,6,True,10498,11,False,False,False,False,0.19999998807907104,1.0,0.6016644239425659,6,1945
8297,15,5,6,True,10498,3,False,False,False,False,0.2828426957130432,2.0,0.5531727075576782,7,490
8297,16,9,2,True,10498,1,False,False,False,False,0.4000000059604645,1.0,0.8874682784080505,10,7244
8297,17,2,9,True,10498,1,False,False,False,False,0.2828426957130432,2.0,0.42047592997550964,4,6083
8297,18,11,0,True,10498,1,False,,,,,,0.7927168607711792,11,8035
8297,19,9,2,True,10498,1,False,False,False,False,0.4000000059604645,1.0,0.8121576309204102,10,3317
8297,20,10,1,True,10498,1,False,True,True,True,0.0,0.0,0.4939635396003723,10,8035
8297,21,10,1,True,10498,1,False,True,True,True,0.0,0.0,0.7720103859901428,10,1963
8297,22,11,0,True,10498,1,False,,,,,,0.7927168607711792,11,8035
8297,23,10,1,True,10498,1,False,True,True,True,0.0,0.0,0.7402702569961548,10,9355
8297,24,7,4,True,10498,1,False,False,False,False,0.19999998807907104,1.0,0.48456165194511414,8,3457
8297,25,10,1,True,10498,1,False,True,True,True,0.0,0.0,0.7924644947052002,10,8035
8297,26,3,8,False,1616,57,True,True,True,True,0.0,0.0,0.034641001373529434,3,9034
8297,27,7,4,True,10498,1,False,False,False,False,0.4000000059604645,1.0,0.8595348000526428,8,2156
8297,28,9,2,True,10498,1,False,True,True,True,0.0,0.0,0.7613146305084229,9,10010
8297,29,7,4,True,10498,1,False,False,False,False,0.19999998807907104,1.0,0.48456165194511414,8,3457
8297,30,4,7,False,1,1,True,False,False,False,1.039230465888977,7.0,1.0399999618530273,11,26
8297,31,3,8,True,10498,2,False,True,True,True,0.0,0.0,0.2218107283115387,3,8701
4896,0,4,7,True,10498,2,False,False,False,False,0.19999998807907104,1.0,0.3709447383880615,5,8306
4896,1,7,4,True,10498,1,False,False,False,False,0.20000001788139343,1.0,0.6409368515014648,8,1948
4896,2,6,5,True,10498,1,False,False,False,False,0.20000001788139343,1.0,0.4841487407684326,7,7244
4896,3,11,0,True,10498,1,False,,,,,,0.7927168607711792,11,8035
4896,4,1,10,False,5,1,True,False,False,False,0.9380831718444824,8.0,0.938296377658844,9,8970
4896,5,2,9,False,296,1,True,False,False,False,0.5656854510307312,5.0,0.5663921236991882,7,9355
4896,6,2,9,True,10498,2,False,True,True,True,0.0,0.0,0.22090721130371094,2,9121
4896,7,9,2,True,10498,1,False,True,True,True,0.0,0.0,0.6477653980255127,9,1963
4896,8,11,0,True,10498,1,False,,,,,,0.7927168607711792,11,8035
4896,9,8,3,True,10498,1,False,False,False,False,0.20000001788139343,1.0,0.484974205493927,9,8035
4896,10,5,6,True,10498,2,False,False,False,False,0.2828426957130432,2.0,0.4753945767879486,7,9493
4896,11,8,3,True,10498,1,False,False,False,False,0.20000001788139343,1.0,0.7343024611473083,9,1963
4896,12,10,1,True,10498,1,False,True,True,True,0.0,0.0,0.7720103859901428,10,1963
4896,13,4,7,True,10498,1,False,False,False,False,0.44721361994743347,2.0,0.5455272793769836,6,8035
4896,14,10,1,True,10498,2,False,True,True,True,0.0,0.0,0.7402702569961548,10,9355
4896,15,3,8,True,10498,1,False,False,False,False,0.20000001788139343,1.0,0.3704051673412323,4,10010
4896,16,4,7,True,10498,1,False,False,False,False,0.19999998807907104,1.0,0.43081316351890564,5,4774
4896,17,9,2,True,10498,1,False,False,False,False,0.20000001788139343,1.0,0.7665507793426514,10,1963
4896,18,8,3,True,10498,1,False,False,False,False,0.2828427255153656,2.0,0.7610518932342529,10,1963
4896,19,2,9,False,1,1,True,False,False,False,1.2489995956420898,9.0,1.2493197917938232,11,53
4896,20,1,10,False,10460,146,True,True,True,True,0.0,0.0,0.019999980926513672,1,4779
4896,21,4,7,True,10498,1,False,False,False,False,0.20000001788139343,1.0,0.3709447383880615,5,7581
4896,22,10,1,True,10498,2,False,False,False,False,0.19999998807907104,1.0,0.7668116092681885,11,3317
4896,23,6,5,True,10498,1,False,False,False,False,0.19999998807907104,1.0,0.4841487407684326,7,4280
4896,24,4,7,True,10498,4,False,False,False,False,0.20000001788139343,1.0,0.3709447383880615,5,9840
4896,25,10,1,True,10498,1,False,True,True,True,0.0,0.0,0.7924644947052002,10,8035
4896,26,1,10,False,575,1,True,False,False,False,0.4000000059604645,4.0,0.40049970149993896,5,4030
4896,27,6,5,True,10498,1,False,True,True,True,0.0,0.0,0.44090813398361206,6,10010
4896,28,9,2,True,10498,1,False,True,True,True,0.0,0.0,0.8219488859176636,9,7244
4896,29,4,7,True,10498,1,False,False,False,False,0.2828427255153656,2.0,0.4214261472225189,6,10010
4896,30,5,6,True,10498,4,False,False,False,False,0.2828426957130432,2.0,0.5949789881706238,7,10463
4896,31,10,1,True,10498,1,False,False,False,False,0.20000001788139343,1.0,0.7668116092681885,11,3317
796,0,3,8,True,10498,1,False,False,False,False,0.2828426957130432,2.0,0.5943063497543335,5,8279
796,1,9,2,True,10498,1,False,True,True,True,0.0,0.0,0.5399999618530273,9,4062
796,2,2,9,True,10498,2,False,False,False,False,0.19999998807907104,1.0,0.3698648512363434,3,2115
796,3,5,6,True,10498,1,False,False,False,False,0.5291502475738525,4.0,0.6526867151260376,9,4838
796,4,10,1,True,10498,1,False,False,False,False,0.19999998807907104,1.0,0.846167802810669,11,4838
796,5,10,1,True,10498,1,False,True,True,True,0.0,0.0,0.5403702259063721,10,4062
796,6,11,0,True,10498,1,False,,,,,,0.7927168607711792,11,8035
796,7,11,0,True,10498,1,False,,,,,,0.7927168607711792,11,8035
796,8,6,5,True,10498,1,False,False,False,False,0.6000000238418579,3.0,0.7116178870201111,9,4062
796,9,9,2,True,10498,1,False,False,False,False,0.40000003576278687,1.0,0.6720119118690491,10,4062
796,10,11,0,True,10498,1,False,,,,,,0.7927168607711792,11,8035
796,11,4,7,True,10498,2,False,False,False,False,0.3464101552963257,3.0,0.7222188711166382,7,10051
796,12,11,0,True,10498,1,False,,,,,,0.7927168607711792,11,8035
796,13,9,2,True,10498,1,False,True,True,True,0.0,0.0,0.7922121286392212,9,4280
796,14,10,1,True,10498,1,False,True,True,True,0.0,0.0,0.761577308177948,10,6248
796,15,1,10,False,25,1,True,False,False,False,0.5291502475738525,4.0,0.5295280814170837,5,1157
796,16,7,4,True,10498,2,False,False,False,False,0.19999998807907104,1.0,0.8165782690048218,8,5651
796,17,2,9,True,10498,2,False,False,False,False,0.3464101552963257,3.0,0.5871967673301697,5,5651
796,18,9,2,True,10498,1,False,False,False,False,0.632455587387085,2.0,0.7717512845993042,11,8035
796,19,2,9,False,1616,1,True,False,False,False,0.4898979365825653,3.0,0.4907137453556061,5,6312
796,20,3,8,False,1,1,True,False,False,False,0.8717797994613647,7.0,0.8724678158760071,10,8970
796,21,2,9,False,52,1,True,False,False,False,0.44721361994743347,2.0,0.44810715317726135,4,9617
796,22,6,5,True,10498,1,False,False,False,False,0.2828426957130432,2.0,0.671118438243866,8,5789
796,23,2,9,True,10498,2,False,False,False,False,0.19999998807907104,1.0,0.3698648512363434,3,2419
796,24,5,6,True,10498,1,False,True,True,True,0.0,0.0,0.5234501361846924,5,6301
796,25,9,2,True,10498,2,False,True,True,True,0.0,0.0,0.7400000095367432,9,9355
796,26,5,6,True,10498,1,False,False,False,False,0.7211102843284607,2.0,0.8449851870536804,7,4280
796,27,11,0,True,10498,1,False,,,,,,0.7927168607711792,11,8035
796,28,9,2,True,10498,1,False,False,False,False,0.4472135901451111,2.0,0.8364209532737732,11,9355
796,29,6,5,True,10498,1,False,False,False,False,0.3464101552963257,3.0,0.6651315689086914,9,5789
796,30,11,0,True,10498,1,False,,,,,,0.7927168607711792,11,8035
796,31,5,6,True,10498,1,False,False,False,False,0.6000000834465027,3.0,0.7113367915153503,8,6248
3864,0,7,4,True,10498,1,False,False,False,False,0.2828426957130432,2.0,0.6714164614677429,9,5052
3864,1,1,10,False,52,2,True,False,False,False,0.6000000238418579,3.0,0.6003332734107971,4,9617
3864,2,9,2,True,10498,1,False,False,False,False,0.2828426957130432,2.0,0.8411896228790283,11,4838
3864,3,10,1,True,10498,1,False,False,False,False,0.19999998807907104,1.0,0.5761944055557251,11,4062
3864,4,10,1,True,10498,1,False,True,True,True,0.0,0.0,0.7924644947052002,10,8035
3864,5,5,6,True,10498,1,False,False,False,False,0.3464101552963257,3.0,0.6648308038711548,8,6851
3864,6,10,1,True,10498,1,False,True,True,True,0.0,0.0,0.7720103859901428,10,1963
3864,7,11,0,True,10498,1,False,,,,,,0.7927168607711792,11,8035
3864,8,1,10,False,10411,29,True,True,True,True,0.0,0.0,0.019999980926513672,1,5861
3864,9,1,10,False,1616,1,True,False,False,False,0.4472135901451111,2.0,0.4476605951786041,3,6312
3864,10,2,9,False,52,2,True,False,False,False,0.6000000238418579,3.0,0.600666344165802,5,10023
3864,11,6,5,True,10498,1,False,False,False,False,0.6000000238418579,3.0,0.7445804476737976,9,4062
3864,12,4,7,True,10498,1,False,False,False,False,0.5656853914260864,5.0,0.8009993433952332,9,2658
3864,13,9,2,True,10498,2,False,False,False,False,0.4472135901451111,2.0,0.836421012878418,11,3317
3864,14,5,6,True,10498,2,False,True,True,True,0.0,0.0,0.7810249924659729,5,5479
3864,15,10,1,True,10498,1,False,False,False,False,0.19999998807907104,1.0,0.8461678624153137,11,7244
3864,16,4,7,True,10498,3,False,False,False,False,0.2828426957130432,2.0,0.5946427583694458,6,10051
3864,17,7,4,True,10498,1,False,False,False,False,0.2828426957130432,2.0,0.6714164614677429,9,1951
3864,18,5,6,True,10498,1,False,False,False,False,0.2828426957130432,2.0,0.5234501361846924,7,1963
3864,19,7,4,True,10498,1,False,False,False,False,0.4898979663848877,3.0,0.7174956798553467,10,3317
3864,20,9,2,True,10498,1,False,False,False,False,0.4000000059604645,1.0,0.8121576905250549,10,8970
3864,21,10,1,True,10498,1,False,False,False,False,0.19999998807907104,1.0,0.5761944055557251,11,4062
3864,22,8,3,True,10498,1,False,True,True,True,0.0,0.0,0.6474565863609314,8,5789
3864,23,11,0,True,10498,1,False,,,,,,0.7927168607711792,11,8035
3864,24,10,1,True,10498,1,False,False,False,False,0.19999998807907104,1.0,0.846167802810669,11,4838
3864,25,6,5,True,10498,1,False,False,False,False,0.44721361994743347,2.0,0.722772479057312,8,5789
3864,26,8,3,True,10498,1,False,False,False,False,0.2828426957130432,2.0,0.7610519528388977,10,3317
3864,27,2,9,True,10498,2,False,True,True,True,0.0,0.0,0.6578753590583801,2,5479
3864,28,3,8,True,10498,2,False,False,False,False,0.20000000298023224,1.0,0.5596427917480469,4,2362
3864,29,5,6,True,10498,1,False,False,False,False,0.5291502475738525,4.0,0.6884766221046448,9,2658
3864,30,11,0,True,10498,1,False,,,,,,0.7927168607711792,11,8035
3864,31,6,5,True,10498,2,False,False,False,False,0.20000000298023224,1.0,0.6651316285133362,7,7229
9446,0,5,6,True,10498,1,False,False,False,False,0.2828426957130432,2.0,0.5949789881706238,7,6851
9446,1,4,7,True,10498,1,False,False,False,False,0.2828426957130432,2.0,0.4749736785888672,6,9092
9446,2,8,3,True,10498,1,False,False,False,False,0.44721361994743347,2.0,0.5892367959022522,10,8035
9446,3,1,10,False,3,1,True,False,False,False,0.9165151715278625,7.0,0.9167333841323853,8,8970
9446,4,7,4,True,10498,1,False,False,False,False,0.19999998807907104,1.0,0.5317894220352173,8,9671
9446,5,7,4,True,10498,2,False,False,False,False,0.20000001788139343,1.0,0.6654322743415833,8,9508
9446,6,8,3,True,10498,1,False,False,False,False,0.19999998807907104,1.0,0.7868925929069519,9,10010
9446,7,10,1,True,10498,1,False,True,True,True,0.0,0.0,0.4939635396003723,10,8035
9446,8,6,5,True,10498,1,False,True,True,True,0.0,0.0,0.5238320827484131,6,3133
9446,9,8,3,True,10498,1,False,False,False,False,0.5656853914260864,2.0,0.7177743315696716,10,6248
9446,10,3,8,True,10498,1,False,True,True,True,0.0,0.0,0.5226854085922241,3,982
9446,11,10,1,True,10498,1,False,False,False,False,0.19999998807907104,1.0,0.846167802810669,11,4838
9446,12,6,5,True,10498,1,False,True,True,True,0.0,0.0,0.6086049675941467,6,9921
9446,13,6,5,True,10498,2,False,False,False,False,0.2828426957130432,2.0,0.5953150987625122,8,9503
9446,14,1,10,False,25,1,True,False,False,False,1.0,6.0,1.0002000331878662,7,1157
9446,15,2,9,False,51,3,True,False,False,False,0.2828426957130432,2.0,0.28425341844558716,4,4242
9446,16,7,4,True,10498,1,False,False,False,False,0.19999998807907104,1.0,0.6773477792739868,8,1948
9446,17,8,3,True,10498,1,False,False,False,False,0.4898979067802429,3.0,0.6951258778572083,11,4838
9446,18,5,6,True,10498,1,False,False,False,False,0.19999998807907104,1.0,0.6016643643379211,6,9931
9446,19,6,5,True,10498,1,False,True,True,True,0.0,0.0,0.6468384861946106,6,9921
9446,20,8,3,True,10498,1,False,False,False,False,0.2828426957130432,2.0,0.6717142462730408,10,1963
9446,21,10,1,True,10498,1,False,False,False,False,0.19999998807907104,1.0,0.846167802810669,11,4838
9446,22,3,8,True,10498,1,False,False,False,False,0.4472135901451111,5.0,0.6520736217498779,8,7183
9446,23,10,1,True,10498,1,False,True,True,True,0.0,0.0,0.761577308177948,10,6248
9446,24,4,7,True,10498,1,False,False,False,False,0.19999998807907104,1.0,0.2993325889110565,5,4365
9446,25,2,9,False,10410,203,True,True,True,True,0.0,0.0,0.028284244239330292,2,1806
9446,26,4,7,True,10498,2,False,False,False,False,0.2828426957130432,2.0,0.4749736785888672,6,9671
9446,27,3,8,False,24,1,True,False,False,False,0.5291502475738525,4.0,0.5302829146385193,7,1157
9446,28,9,2,True,10498,1,False,True,True,True,0.0,0.0,0.7922121286392212,9,8035
9446,29,1,10,False,10411,203,True,True,True,True,0.0,0.0,0.019999980926513672,1,1708
9446,30,3,8,False,2,2,True,False,False,False,0.9165151119232178,7.0,0.9171695709228516,10,7499
9446,31,2,9,False,4,1,True,False,False,False,0.8246211409568787,6.0,0.8251060843467712,8,8970
3399,0,7,4,True,10498,2,False,False,False,False,0.2828426957130432,2.0,0.634665310382843,9,3317
3399,1,5,6,True,10498,1,False,False,False,False,0.19999998807907104,1.0,0.29999998211860657,6,6350
3399,2,6,5,True,10498,1,False,False,False,False,0.20000001788139343,1.0,0.6406247019767761,7,1948
3399,3,9,2,True,10498,2,False,False,False,False,0.20000001788139343,1.0,0.7345747351646423,10,3317
3399,4,8,3,True,10498,1,False,False,False,False,0.20000001788139343,1.0,0.6026607751846313,9,9355
3399,5,10,1,True,10498,1,False,True,True,True,0.0,0.0,0.7402702569961548,10,3317
3399,6,1,10,False,25,1,True,False,False,False,0.9797958731651306,8.0,0.9800000786781311,9,7924
3399,7,10,1,True,10498,1,False,True,True,True,0.0,0.0,0.7720103859901428,10,1963
3399,8,5,6,True,10498,1,False,False,False,False,0.19999998807907104,1.0,0.48373547196388245,6,3826
3399,9,8,3,True,10498,1,False,False,False,False,0.20000001788139343,1.0,0.8168231248855591,9,7244
3399,10,5,6,True,10498,1,False,False,False,False,0.34641018509864807,3.0,0.4669046998023987,8,8035
3399,11,7,4,True,10498,1,False,False,False,False,0.20000001788139343,1.0,0.48456165194511414,8,2156
3399,12,8,3,True,10498,1,False,False,False,False,0.19999998807907104,1.0,0.7343024611473083,9,5273
3399,13,3,8,True,10498,1,False,False,False,False,0.19999998807907104,1.0,0.2986636757850647,4,6350
3399,14,2,9,False,7,2,True,False,False,False,0.19999998807907104,1.0,0.20199008285999298,3,423
3399,15,10,1,True,10498,1,False,True,True,True,0.0,0.0,0.7924644947052002,10,8035
3399,16,4,7,True,10498,2,False,False,False,False,0.3464101552963257,3.0,0.466476172208786,7,9355
3399,17,10,1,True,10498,1,False,True,True,True,0.0,0.0,0.7720103859901428,10,1963
3399,18,8,3,True,10498,1,False,False,False,False,0.19999998807907104,1.0,0.484974205493927,9,3317
3399,19,9,2,True,10498,1,False,True,True,True,0.0,0.0,0.7613146305084229,9,10010
3399,20,3,8,True,10498,1,False,True,True,True,0.0,0.0,0.4745524227619171,3,5158
3399,21,4,7,True,10498,2,False,False,False,False,0.3464101552963257,3.0,0.5878775715827942,7,5651
3399,22,4,7,True,10498,1,False,False,False,False,0.3464101552963257,3.0,0.5878775715827942,7,5621
3399,23,7,4,True,10498,1,False,False,False,False,0.2828427255153656,2.0,0.8116649389266968,9,7244
3399,24,7,4,True,10498,3,False,True,True,True,0.0,0.0,0.6089335083961487,7,1947
3399,25,2,9,True,10498,1,False,False,False,False,0.34641018509864807,3.0,0.4108527898788452,5,7581
3399,26,6,5,True,10498,1,False,False,False,False,0.20000001788139343,1.0,0.6406247019767761,7,9921
3399,27,4,7,True,10498,3,False,False,False,False,0.20000001788139343,1.0,0.4833218455314636,5,9921
3399,28,5,6,True,10498,2,False,True,True,True,0.0,0.0,0.5234501361846924,5,8093
3399,29,7,4,True,10498,1,False,True,True,True,0.0,0.0,0.6471476554870605,7,9921
3399,30,10,1,True,10498,1,False,True,True,True,0.0,0.0,0.7924644947052002,10,8035
3399,31,2,9,False,1,1,True,False,False,False,1.216552495956421,9.0,1.2168811559677124,11,53
4286,0,8,3,True,10498,1,False,False,False,False,0.4898979663848877,3.0,0.7817928194999695,11,5789
4286,1,2,9,False,2,1,True,False,False,False,0.19999998807907104,1.0,0.20199008285999298,3,4139
4286,2,2,9,True,10498,5,False,False,False,False,0.3999999761581421,4.0,0.5803447365760803,6,7409
4286,3,5,6,True,10498,1,False,False,False,False,0.4472135603427887,2.0,0.6884765625,7,830
4286,4,3,8,True,10498,1,False,False,False,False,0.2828426957130432,2.0,0.4209512770175934,5,6083
4286,5,6,5,True,10498,1,False,False,False,False,0.4472135901451111,2.0,0.722772479057312,8,9355
4286,6,11,0,True,10498,1,False,,,,,,0.7927168607711792,11,8035
4286,7,3,8,False,2,1,True,False,False,False,0.8246211409568787,3.0,0.825348436832428,6,9617
4286,8,6,5,True,10498,1,False,False,False,False,0.19999998807907104,1.0,0.8064738512039185,7,6312
4286,9,10,1,True,10498,1,False,False,False,False,0.19999998807907104,1.0,0.846167802810669,11,4838
4286,10,10,1,True,10498,1,False,True,True,True,0.0,0.0,0.761577308177948,10,6248
4286,11,7,4,True,10498,1,False,False,False,False,0.5656854510307312,2.0,0.6832276582717896,9,8035
4286,12,6,5,True,10498,1,False,False,False,False,0.2828426957130432,2.0,0.6343501210212708,8,5275
4286,13,1,10,False,3,1,True,False,False,False,1.039230465888977,8.0,1.039422869682312,9,8970
4286,14,6,5,True,10498,2,False,False,False,False,0.19999998807907104,1.0,0.7002856731414795,7,8060
4286,15,2,9,False,3,1,True,False,False,False,0.8485281467437744,7.0,0.8489994406700134,9,8970
4286,16,7,4,True,10498,1,False,False,False,False,0.19999998807907104,1.0,0.6023288369178772,8,9355
4286,17,3,8,True,10498,2,False,False,False,False,0.19999998807907104,1.0,0.5149757266044617,4,2115
4286,18,11,0,True,10498,1,False,,,,,,0.7927168607711792,11,8035
4286,19,7,4,True,10498,1,False,False,False,False,0.4472135901451111,2.0,0.7230491042137146,9,9355
4286,20,7,4,True,10498,1,False,False,False,False,0.20000001788139343,1.0,0.6409368515014648,8,295
4286,21,4,7,False,1,1,True,False,False,False,1.0198038816452026,6.0,1.0205880403518677,10,26
4286,22,2,9,False,1,1,True,False,False,False,1.3266499042510986,8.0,1.3269513845443726,10,26
4286,23,9,2,True,10498,1,False,True,True,True,0.0,0.0,0.7613146305084229,9,6248
4286,24,3,8,True,10498,1,False,False,False,False,0.4000000059604645,4.0,0.5806892514228821,7,422
4286,25,8,3,True,10498,1,False,False,False,False,0.44721361994743347,2.0,0.5892367959022522,10,8035
4286,26,11,0,True,10498,1,False,,,,,,0.7927168607711792,11,8035
4286,27,4,7,True,10498,1,False,False,False,False,0.19999998807907104,1.0,0.3709447383880615,5,5969
4286,28,2,9,False,1,1,True,False,False,False,1.3856406211853027,9.0,1.3859292268753052,11,26
4286,29,2,9,True,10498,1,False,False,False,False,0.19999998807907104,1.0,0.4656178951263428,3,7127
4286,30,9,2,True,10498,1,False,True,True,True,0.0,0.0,0.8219488859176636,9,7244
4286,31,9,2,True,10498,1,False,False,False,False,0.4000000059604645,1.0,0.5963220596313477,10,8035
10095,0,9,2,True,10498,2,False,True,True,True,0.0,0.0,0.7400000095367432,9,3317
10095,1,1,10,False,25,1,True,False,False,False,0.9797959327697754,7.0,0.9800000190734863,8,7924
10095,2,4,7,True,10498,1,False,True,True,True,0.0,0.0,0.4749737083911896,4,5637
10095,3,5,6,True,10498,1,False,False,False,False,0.3464101552963257,3.0,0.41231054067611694,8,9508
10095,4,7,4,True,10498,1,False,False,False,False,0.19999998807907104,1.0,0.73403000831604,8,6851
10095,5,9,2,True,10498,1,False,False,False,False,0.20000001788139343,1.0,0.7871467471122742,10,8035
10095,6,6,5,True,10498,1,False,False,False,False,0.19999998807907104,1.0,0.6406247019767761,7,1948
10095,7,9,2,True,10498,1,False,False,False,False,0.19999998807907104,1.0,0.7345747351646423,10,8970
10095,8,11,0,True,10498,1,False,,,,,,0.7927168607711792,11,8035
10095,9,7,4,True,10498,1,False,False,False,False,0.5291502475738525,4.0,0.6890572905540466,11,4838
10095,10,4,7,True,10498,1,False,False,False,False,0.3464101552963257,3.0,0.41182518005371094,7,4131
10095,11,3,8,False,1616,11,True,True,True,True,0.0,0.0,0.034641001373529434,3,5293
10095,12,7,4,True,10498,1,False,False,False,False,0.19999998807907104,1.0,0.7005712389945984,8,8927
10095,13,6,5,True,10498,1,False,False,False,False,0.2828426957130432,2.0,0.5953150391578674,8,8970
10095,14,5,6,True,10498,1,False,True,True,True,0.0,0.0,0.3130495250225067,5,6570
10095,15,9,2,True,10498,1,False,False,False,False,0.40000003576278687,1.0,0.6352952122688293,10,8035
10095,16,4,7,True,10498,1,False,False,False,False,0.2828426957130432,2.0,0.4749736785888672,6,9671
10095,17,2,9,True,10498,1,False,False,False,False,0.4000000059604645,4.0,0.6203225255012512,6,7183
10095,18,11,0,True,10498,1,False,,,,,,0.7927168607711792,11,8035
10095,19,10,1,True,10498,1,False,True,True,True,0.0,0.0,0.7402702569961548,10,8970
10095,20,8,3,True,10498,1,False,False,False,False,0.19999998807907104,1.0,0.7868925929069519,9,10010
10095,21,8,3,True,10498,1,False,False,False,False,0.3464101552963257,3.0,0.8361818194389343,11,4838
10095,22,8,3,True,10498,1,False,False,False,False,0.19999998807907104,1.0,0.7343024611473083,9,6851
10095,23,5,6,True,10498,4,False,False,False,False,0.20000001788139343,1.0,0.5603570342063904,6,7789
10095,24,5,6,True,10498,1,False,True,True,True,0.0,0.0,0.5234501361846924,5,490
10095,25,6,5,True,10498,1,False,False,False,False,0.2828426957130432,2.0,0.4223741888999939,8,6811
10095,26,5,6,True,10498,3,False,False,False,False,0.2828426957130432,2.0,0.6340346932411194,7,6850
10095,27,1,10,False,52,1,True,False,False,False,0.2828426957130432,2.0,0.2835489511489868,3,7591
10095,28,8,3,True,10498,1,False,True,True,True,0.0,0.0,0.5396294593811035,8,7244
10095,29,3,8,True,10498,1,False,True,True,True,0.0,0.0,0.2218107283115387,3,5637
10095,30,2,9,True,10498,1,False,False,False,False,0.19999998807907104,1.0,0.5145872235298157,3,7763
10095,31,8,3,True,10498,1,False,False,False,False,0.4000000059604645,1.0,0.6951258778572083,9,3317
3826,0,5,6,True,10498,1,False,True,True,True,0.0,0.0,0.5234501361846924,5,9092
3826,1,11,0,True,10498,1,False,,,,,,0.7927168607711792,11,8035
3826,2,10,1,True,10498,1,False,True,True,True,0.0,0.0,0.7924644947052002,10,8035
3826,3,10,1,True,10498,2,False,False,False,False,0.19999998807907104,1.0,0.7668116688728333,11,9355
3826,4,7,4,True,10498,1,False,True,True,True,0.0,0.0,0.7607890963554382,7,8035
3826,5,9,2,True,10498,1,False,True,True,True,0.0,0.0,0.7922121286392212,9,8035
3826,6,7,4,True,10498,1,False,False,False,False,0.3999999761581421,1.0,0.6346652507781982,8,4062
3826,7,6,5,True,10498,1,False,False,False,False,0.20000001788139343,1.0,0.6019967198371887,7,3317
3826,8,1,10,False,1,1,True,False,False,False,1.3711308240890503,10.0,1.3712767362594604,11,53
3826,9,8,3,True,10498,1,False,True,True,True,0.0,0.0,0.7610518932342529,8,8035
3826,10,1,10,False,52,1,True,False,False,False,0.40000003576278687,4.0,0.40049973130226135,5,423
3826,11,9,2,True,10498,1,False,True,True,True,0.0,0.0,0.7291090488433838,9,8035
3826,12,10,1,True,10498,1,False,True,True,True,0.0,0.0,0.7924644947052002,10,8035
3826,13,9,2,True,10498,1,False,True,True,True,0.0,0.0,0.7613146305084229,9,8035
3826,14,7,4,True,10498,1,False,False,False,False,0.40000003576278687,1.0,0.5956509709358215,8,8035
3826,15,10,1,True,10498,2,False,False,False,False,0.19999998807907104,1.0,0.7668116688728333,11,9355
3826,16,2,9,False,1,1,True,False,False,False,1.3564660549163818,9.0,1.356760859489441,11,53
3826,17,4,7,False,1,1,True,False,False,False,0.8717797994613647,5.0,0.8726969957351685,9,6312
3826,18,7,4,True,10498,1,False,False,False,False,0.2828426957130432,2.0,0.634665310382843,9,9355
3826,19,3,8,True,10498,2,False,False,False,False,0.20000001788139343,1.0,0.5149757862091064,4,9092
3826,20,2,9,False,2919,1,True,True,True,True,0.0,0.0,0.028284255415201187,2,3826
3826,21,3,8,False,2,1,True,False,False,False,0.9380831718444824,5.0,0.938722550868988,8,6248
3826,22,9,2,True,10498,1,False,True,True,True,0.0,0.0,0.7400000095367432,9,3317
3826,23,4,7,False,2,2,True,False,False,False,0.6000000238418579,3.0,0.601331889629364,7,4139
3826,24,7,4,True,10498,1,False,False,False,False,0.20000001788139343,1.0,0.6023288369178772,8,3317
3826,25,10,1,True,10498,1,False,True,True,True,0.0,0.0,0.7924644947052002,10,8035
3826,26,5,6,True,10498,2,False,True,True,True,0.0,0.0,0.5234501361846924,5,2146
3826,27,5,6,True,10498,1,False,True,True,True,0.0,0.0,0.382099449634552,5,3826
3826,28,9,2,True,10498,1,False,False,False,False,0.4000000059604645,1.0,0.5963220596313477,10,8035
3826,29,2,9,False,4,1,True,False,False,False,0.7211102247238159,4.0,0.7216647267341614,6,6248
3826,30,5,6,True,10498,1,False,False,False,False,0.3464101552963257,3.0,0.5882176756858826,8,9355
3826,31,9,2,True,10498,1,False,False,False,False,0.3999999761581421,1.0,0.6352952122688293,10,4062
7773,0,1,10,False,26,1,True,False,False,False,0.7483314871788025,3.0,0.7485986351966858,4,4139
7773,1,1,10,False,575,17,True,True,True,True,0.0,0.0,0.019999995827674866,1,9332
7773,2,9,2,True,10498,1,False,False,False,False,0.19999998807907104,1.0,0.4853864312171936,10,6248
7773,3,2,9,False,2,1,True,False,False,False,0.7483315467834473,5.0,0.7488658428192139,7,6248
7773,4,1,10,False,575,17,True,True,True,True,0.0,0.0,0.019999995827674866,1,3478
7773,5,10,1,True,10498,2,False,False,False,False,0.19999998807907104,1.0,0.7668116688728333,11,9355
7773,6,10,1,True,10498,1,False,True,True,True,0.0,0.0,0.7924644947052002,10,8035
7773,7,4,7,True,10498,1,False,False,False,False,0.34641018509864807,3.0,0.5153639912605286,7,4062
7773,8,2,9,True,10498,2,False,False,False,False,0.4000000059604645,4.0,0.5067543983459473,6,3309
7773,9,3,8,False,1,1,True,False,False,False,1.1313707828521729,6.0,1.1319010257720947,9,53
7773,10,9,2,True,10498,1,False,False,False,False,0.19999998807907104,1.0,0.6415606141090393,10,8970
7773,11,1,10,False,10411,17,True,True,True,True,0.0,0.0,0.019999980926513672,1,9886
7773,12,10,1,True,10498,2,False,False,False,False,0.19999998807907104,1.0,0.7668116688728333,11,9355
7773,13,2,9,False,1,1,True,False,False,False,1.2000000476837158,7.0,1.2003332376480103,9,53
7773,14,10,1,True,10498,1,False,True,True,True,0.0,0.0,0.7924644947052002,10,8035
7773,15,8,3,True,10498,1,False,False,False,False,0.2828427255153656,2.0,0.5245950818061829,10,4062
7773,16,2,9,False,7,1,True,False,False,False,1.0770330429077148,5.0,1.077404260635376,7,8838
7773,17,7,4,True,10498,1,False,False,False,False,0.44721361994743347,2.0,0.6283311247825623,9,4062
7773,18,2,9,True,10498,7,False,False,False,False,0.20000000298023224,1.0,0.2979933023452759,3,7791
7773,19,6,5,True,10498,1,False,False,False,False,0.2828426957130432,2.0,0.475815087556839,8,6248
7773,20,3,8,True,10498,1,False,False,False,False,0.20000001788139343,1.0,0.3704051673412323,4,6025
7773,21,6,5,True,10498,1,False,False,False,False,0.2828426957130432,2.0,0.634350061416626,8,3317
7773,22,3,8,True,10498,1,False,False,False,False,0.34641018509864807,3.0,0.5149757266044617,6,4062
7773,23,8,3,True,10498,1,False,False,False,False,0.2828426957130432,2.0,0.8409518599510193,10,4838
7773,24,5,6,True,10498,1,False,False,False,False,0.4898979365825653,3.0,0.7496666312217712,8,9355
7773,25,11,0,True,10498,1,False,,,,,,0.7927168607711792,11,8035
7773,26,3,8,False,2,1,True,False,False,False,0.7483314871788025,3.0,0.7491328120231628,6,4139
7773,27,11,0,True,10498,1,False,,,,,,0.7927168607711792,11,8035
7773,28,7,4,True,10498,1,False,False,False,False,0.20000000298023224,1.0,0.6023288369178772,8,3317
7773,29,10,1,True,10498,2,False,True,True,True,0.0,0.0,0.7402702569961548,10,9355
7773,30,11,0,True,10498,1,False,,,,,,0.7927168607711792,11,8035
7773,31,4,7,True,10498,1,False,True,True,True,0.0,0.0,0.7600000500679016,4,5621
9629,0,4,7,True,10498,5,False,True,True,True,0.0,0.0,0.4214261770248413,4,2223
9629,1,7,4,True,10498,1,False,False,False,False,0.2828426957130432,2.0,0.634665310382843,9,9355
9629,2,10,1,True,10498,1,False,False,False,False,0.20000001788139343,1.0,0.7668116092681885,11,3317
9629,3,9,2,True,10498,1,False,True,True,True,0.0,0.0,0.7922120690345764,9,8035
9629,4,2,9,False,2,1,True,False,False,False,0.2828426957130432,2.0,0.28425338864326477,4,4139
9629,5,7,4,True,10498,1,False,False,False,False,0.4000000059604645,1.0,0.6948381066322327,8,9355
9629,6,2,9,False,2919,4,True,True,True,True,0.0,0.0,0.028284255415201187,2,9409
9629,7,5,6,True,10498,1,False,False,False,False,0.19999998807907104,1.0,0.5310367345809937,6,1963
9629,8,4,7,True,10498,1,False,True,True,True,0.0,0.0,0.5230678915977478,4,7355
9629,9,5,6,True,10498,1,False,False,False,False,0.3464101552963257,3.0,0.5882176756858826,8,5621
9629,10,11,0,True,10498,1,False,,,,,,0.7927168607711792,11,8035
9629,11,6,5,True,10498,1,False,False,False,False,0.20000001788139343,1.0,0.6406247019767761,7,3317
9629,12,1,10,False,1616,4,True,True,True,True,0.0,0.0,0.02000001072883606,1,9409
9629,13,8,3,True,10498,1,False,False,False,False,0.44721361994743347,2.0,0.8361818194389343,10,1963
9629,14,10,1,True,10498,1,False,True,True,True,0.0,0.0,0.7924644947052002,10,8035
9629,15,4,7,False,1,1,True,False,False,False,1.039230465888977,5.0,1.0399999618530273,9,26
9629,16,4,7,True,10498,7,False,False,False,False,0.19999998807907104,1.0,0.601331889629364,5,5989
9629,17,5,6,True,10498,1,False,False,False,False,0.2828426957130432,2.0,0.4219004511833191,7,10195
9629,18,9,2,True,10498,1,False,False,False,False,0.19999998807907104,1.0,0.6779381036758423,10,1963
9629,19,9,2,True,10498,1,False,False,False,False,0.20000001788139343,1.0,0.7345747351646423,10,9355
9629,20,6,5,True,10498,1,False,False,False,False,0.2828426957130432,2.0,0.475815087556839,8,9355
9629,21,9,2,True,10498,1,False,False,False,False,0.19999998807907104,1.0,0.8459314107894897,10,4838
9629,22,8,3,True,10498,1,False,False,False,False,0.4000000059604645,1.0,0.595986545085907,9,8035
9629,23,9,2,True,10498,2,False,False,False,False,0.4000000059604645,1.0,0.8121576905250549,10,9355
9629,24,6,5,True,10498,1,False,False,False,False,0.4898979663848877,3.0,0.7499333620071411,9,1963
9629,25,6,5,True,10498,1,False,False,False,False,0.3464101552963257,3.0,0.5161395072937012,9,8970
9629,26,11,0,True,10498,1,False,,,,,,0.7927168607711792,11,8035
9629,27,7,4,True,10498,4,False,True,True,True,0.0,0.0,0.5242137312889099,7,4134
9629,28,11,0,True,10498,1,False,,,,,,0.7927168607711792,11,8035
9629,29,3,8,True,10498,4,False,True,True,True,0.0,0.0,0.4745524227619171,3,2223
9629,30,11,0,True,10498,1,False,,,,,,0.7927168607711792,11,8035
9629,31,9,2,True,10498,1,False,False,False,False,0.19999998807907104,1.0,0.6779381036758423,10,1963
7130,0,2,9,False,1,1,True,False,False,False,1.3711309432983398,9.0,1.371422529220581,11,53
7130,1,4,7,True,10498,1,False,False,False,False,0.20000001788139343,1.0,0.3709447383880615,5,7355
7130,2,2,9,False,2,1,True,False,False,False,1.2000000476837158,8.0,1.2003332376480103,10,26
7130,3,2,9,False,2,1,True,False,False,False,1.095445156097412,8.0,1.0958101749420166,10,8970
7130,4,10,1,True,10498,1,False,True,True,True,0.0,0.0,0.761577308177948,10,6248
7130,5,7,4,True,10498,1,False,False,False,False,0.2828426957130432,2.0,0.634665310382843,9,9355
7130,6,9,2,True,10498,1,False,False,False,False,0.20000001788139343,1.0,0.8459314703941345,10,7244
7130,7,10,1,True,10498,1,False,True,True,True,0.0,0.0,0.7924644947052002,10,8035
7130,8,1,10,False,1616,117,True,True,True,True,0.0,0.0,0.02000001072883606,1,9264
7130,9,1,10,False,2981,16,True,True,True,True,0.0,0.0,0.019999995827674866,1,8051
7130,10,2,9,False,4,1,True,False,False,False,0.9380831718444824,5.0,0.938509464263916,7,6248
7130,11,6,5,True,10498,3,False,False,False,False,0.19999998807907104,1.0,0.6406247019767761,7,1947
7130,12,1,10,False,10411,68,True,True,True,True,0.0,0.0,0.019999980926513672,1,5354
7130,13,7,4,True,10498,1,False,False,False,False,0.4000000059604645,1.0,0.8017480969429016,8,6248
7130,14,1,10,False,10460,68,True,True,True,True,0.0,0.0,0.019999980926513672,1,8105
7130,15,7,4,True,10498,1,False,False,False,False,0.4898979067802429,3.0,0.6593936085700989,10,4838
7130,16,9,2,True,10498,1,False,True,True,True,0.0,0.0,0.44226688146591187,9,8035
7130,17,8,3,True,10498,1,False,False,False,False,0.2828426957130432,2.0,0.634980320930481,10,3317
7130,18,4,7,True,10498,1,False,False,False,False,0.3464101552963257,3.0,0.5153639316558838,7,7181
7130,19,5,6,True,10498,2,False,False,False,False,0.20000001788139343,1.0,0.5157518982887268,6,10391
7130,20,9,2,True,10498,1,False,True,True,True,0.0,0.0,0.7613146305084229,9,8035
7130,21,6,5,True,10498,1,False,False,False,False,0.19999998807907104,1.0,0.4317406117916107,7,1963
7130,22,11,0,True,10498,1,False,,,,,,0.7927168607711792,11,8035
7130,23,7,4,True,10498,1,False,False,False,False,0.2828426957130432,2.0,0.7607890963554382,9,5276
7130,24,1,10,False,10460,68,True,True,True,True,0.0,0.0,0.019999980926513672,1,1941
7130,25,7,4,True,10498,1,False,False,False,False,0.3464101552963257,3.0,0.8067218065261841,10,4838
7130,26,6,5,True,10498,1,False,False,False,False,0.2828426957130432,2.0,0.634350061416626,8,2658
7130,27,2,9,True,10498,1,False,False,False,False,0.19999998807907104,1.0,0.5145872235298157,3,7763
7130,28,2,9,False,540,4,True,False,False,False,0.4000000059604645,4.0,0.4009987413883209,6,4030
7130,29,11,0,True,10498,1,False,,,,,,0.7927168607711792,11,8035
7130,30,6,5,True,10498,2,False,False,False,False,0.19999998807907104,1.0,0.7002856731414795,7,8060
7130,31,3,8,True,10498,1,False,False,False,False,0.2828426957130432,2.0,0.5071489214897156,5,8289
7760,0,5,6,True,10498,1,False,False,False,False,0.4000000059604645,4.0,0.7169379591941833,9,422
7760,1,5,6,True,10498,1,False,False,False,False,0.19999998807907104,1.0,0.48373547196388245,6,5275
7760,2,9,2,True,10498,1,False,True,True,True,0.0,0.0,0.6477653980255127,9,1963
7760,3,8,3,True,10498,1,False,False,False,False,0.2828427255153656,2.0,0.5245950818061829,10,8035
7760,4,9,2,True,10498,1,False,True,True,True,0.0,0.0,0.7717512845993042,9,9921
7760,5,7,4,True,10498,1,False,False,False,False,0.19999998807907104,1.0,0.6409368515014648,8,9931
7760,6,11,0,True,10498,1,False,,,,,,0.7927168607711792,11,8035
7760,7,11,0,True,10498,1,False,,,,,,0.7927168607711792,11,8035
7760,8,4,7,True,10498,6,False,True,True,True,0.0,0.0,0.31240999698638916,4,9759
7760,9,11,0,True,10498,1,False,,,,,,0.7927168607711792,11,8035
7760,10,11,0,True,10498,1,False,,,,,,0.7927168607711792,11,8035
7760,11,10,1,True,10498,1,False,True,True,True,0.0,0.0,0.7924644947052002,10,8035
7760,12,11,0,True,10498,1,False,,,,,,0.7927168607711792,11,8035
7760,13,6,5,True,10498,2,False,False,False,False,0.3999999761581421,4.0,0.7499333620071411,10,5352
7760,14,1,10,False,575,2,True,False,False,False,0.19999998807907104,1.0,0.2009975016117096,2,7710
7760,15,8,3,True,10498,1,False,False,False,False,0.20000001788139343,1.0,0.484974205493927,9,8035
7760,16,3,8,False,7,1,True,True,True,True,0.0,0.0,0.034641001373529434,3,405
7760,17,5,6,True,10498,1,False,False,False,False,0.19999998807907104,1.0,0.43127718567848206,6,10195
7760,18,1,10,False,25,1,True,False,False,False,1.0,8.0,1.0002000331878662,9,7924
7760,19,10,1,True,10498,1,False,False,False,False,0.3999999761581421,1.0,0.6723094582557678,11,4062
7760,20,8,3,True,10498,1,False,False,False,False,0.4000000059604645,1.0,0.7288347482681274,9,1963
7760,21,3,8,True,10498,5,False,True,True,True,0.0,0.0,0.3810511827468872,3,6562
7760,22,2,9,False,51,2,True,False,False,False,0.20000001788139343,1.0,0.20199011266231537,3,369
7760,23,7,4,True,10498,1,False,False,False,False,0.20000001788139343,1.0,0.5317894220352173,8,7244
7760,24,9,2,True,10498,1,False,False,False,False,0.2828426957130432,2.0,0.7922121286392212,11,5276
7760,25,8,3,True,10498,1,False,False,False,False,0.19999998807907104,1.0,0.5321654081344604,9,4280
7760,26,2,9,False,1,1,True,False,False,False,1.2961480617523193,9.0,1.2964566946029663,11,53
7760,27,4,7,True,10498,1,False,False,False,False,0.2828426957130432,2.0,0.5946427583694458,6,5273
7760,28,7,4,True,10498,1,False,False,False,False,0.20000001788139343,1.0,0.5317894220352173,8,2156
7760,29,1,10,False,1,1,True,False,False,False,1.4282857179641724,10.0,1.428425669670105,11,53
7760,30,3,8,True,10498,1,False,False,False,False,0.2828426957130432,2.0,0.4745524227619171,5,873
7760,31,7,4,True,10498,1,False,True,True,True,0.0,0.0,0.5242137312889099,7,7355
1610,0,6,5,True,10498,1,False,False,False,False,0.4000000059604645,1.0,0.5953150987625122,7,2156
1610,1,5,6,True,10498,1,False,False,False,False,0.4472135901451111,2.0,0.7224956750869751,7,8025
1610,2,11,0,True,10498,1,False,,,,,,0.7927168607711792,11,8035
1610,3,9,2,True,10498,1,False,False,False,False,0.4000000059604645,1.0,0.5963220596313477,10,8035
1610,4,5,6,True,10498,1,False,False,False,False,0.4472135901451111,2.0,0.5882176756858826,7,8025
1610,5,2,9,False,510,7,True,False,False,False,0.19999998807907104,1.0,0.20199008285999298,3,7710
1610,6,9,2,True,10498,1,False,False,False,False,0.20000001788139343,1.0,0.4853864312171936,10,8035
1610,7,9,2,True,10498,1,False,False,False,False,0.19999998807907104,1.0,0.6415606141090393,10,9355
1610,8,11,0,True,10498,1,False,,,,,,0.7927168607711792,11,8035
1610,9,3,8,True,10498,2,False,False,False,False,0.2828426957130432,2.0,0.552449107170105,5,2642
1610,10,8,3,True,10498,1,False,False,False,False,0.4472135901451111,2.0,0.7557777762413025,10,5789
1610,11,11,0,True,10498,1,False,,,,,,0.7927168607711792,11,8035
1610,12,2,9,False,7,1,True,False,False,False,0.3464101552963257,3.0,0.3475629389286041,5,8838
1610,13,6,5,True,10498,3,False,False,False,False,0.2828426957130432,2.0,0.671118438243866,8,7980
1610,14,10,1,True,10498,2,False,True,True,True,0.0,0.0,0.7402702569961548,10,3317
1610,15,7,4,True,10498,1,False,False,False,False,0.19999998807907104,1.0,0.6023288369178772,8,2830
1610,16,2,9,False,24,1,True,False,False,False,0.800000011920929,5.0,0.8004998564720154,7,1157
1610,17,9,2,True,10498,1,False,True,True,True,0.0,0.0,0.7613146305084229,9,6248
1610,18,11,0,True,10498,1,False,,,,,,0.7927168607711792,11,8035
1610,19,5,6,True,10498,2,False,False,False,False,0.4472135901451111,2.0,0.7224956750869751,7,5052
1610,20,9,2,True,10498,1,False,False,False,False,0.4472135901451111,2.0,0.6660330295562744,11,4062
1610,21,9,2,True,10498,1,False,True,True,True,0.0,0.0,0.49355849623680115,9,8035
1610,22,4,7,True,10498,1,False,False,False,False,0.3464101552963257,3.0,0.46647611260414124,7,3000
1610,23,9,2,True,10498,1,False,False,False,False,0.19999998807907104,1.0,0.6779380440711975,10,5789
1610,24,4,7,True,10498,1,False,True,True,True,0.0,0.0,0.38157567381858826,4,912
1610,25,2,9,False,1616,5,True,True,True,True,0.0,0.0,0.028284266591072083,2,7305
1610,26,6,5,True,10498,2,False,True,True,True,0.0,0.0,0.5678027868270874,6,7148
1610,27,9,2,True,10498,1,False,False,False,False,0.19999998807907104,1.0,0.6415606141090393,10,3317
1610,28,6,5,True,10498,1,False,True,True,True,0.0,0.0,0.5238320827484131,6,3133
1610,29,2,9,False,2919,62,True,True,True,True,0.0,0.0,0.028284255415201187,2,2903
1610,30,7,4,True,10498,1,False,False,False,False,0.6324555277824402,4.0,0.7712327837944031,11,4838
1610,31,2,9,False,1,1,True,False,False,False,1.3266499042510986,8.0,1.3269513845443726,10,26
5707,0,11,0,True,10498,1,False,,,,,,0.7927168607711792,11,8035
5707,1,10,1,True,10498,1,False,False,False,False,0.3999999761581421,1.0,0.6723094582557678,11,4062
5707,2,8,3,True,10498,1,False,False,False,False,0.4472135901451111,2.0,0.6286493539810181,10,8035
5707,3,3,8,True,10498,1,False,False,False,False,0.20000001788139343,1.0,0.3704051673412323,4,6413
5707,4,10,1,True,10498,1,False,True,True,True,0.0,0.0,0.7924644947052002,10,8035
5707,5,11,0,True,10498,1,False,,,,,,0.7927168607711792,11,8035
5707,6,1,10,False,10411,13,True,True,True,True,0.0,0.0,0.019999980926513672,1,3908
5707,7,2,9,False,3,1,True,False,False,False,0.8944271802902222,6.0,0.8948743343353271,8,8970
5707,8,11,0,True,10498,1,False,,,,,,0.7927168607711792,11,8035
5707,9,6,5,True,10498,1,False,False,False,False,0.3464101552963257,3.0,0.7552483677864075,9,6851
5707,10,5,6,False,1,1,True,False,False,False,0.8246211409568787,5.0,0.8258329629898071,10,26
5707,11,10,1,True,10498,1,False,True,True,True,0.0,0.0,0.7924644947052002,10,8035
5707,12,7,4,True,10498,1,False,True,True,True,0.0,0.0,0.6471476554870605,7,1951
5707,13,2,9,False,1,1,True,False,False,False,0.5656854510307312,2.0,0.5663921236991882,4,6312
5707,14,4,7,True,10498,1,False,True,True,True,0.0,0.0,0.4749736785888672,4,5675
5707,15,10,1,True,10498,1,False,True,True,True,0.0,0.0,0.7924644947052002,10,8035
5707,16,8,3,True,10498,1,False,True,True,True,0.0,0.0,0.8217055201530457,8,7244
5707,17,8,3,True,10498,1,False,False,False,False,0.19999998807907104,1.0,0.6776430010795593,9,9921
5707,18,7,4,True,10498,1,False,False,False,False,0.4472135901451111,2.0,0.5888972878456116,9,6248
5707,19,11,0,True,10498,1,False,,,,,,0.7927168607711792,11,8035
5707,20,8,3,True,10498,1,False,True,True,True,0.0,0.0,0.7397297620773315,8,1963
5707,21,5,6,True,10498,3,False,False,False,False,0.19999998807907104,1.0,0.6016643643379211,6,1953
5707,22,1,10,False,10411,13,True,True,True,True,0.0,0.0,0.019999980926513672,1,2516
5707,23,11,0,True,10498,1,False,,,,,,0.7927168607711792,11,8035
5707,24,8,3,True,10498,1,False,False,False,False,0.19999998807907104,1.0,0.6412488222122192,9,7181
5707,25,1,10,False,10460,13,True,True,True,True,0.0,0.0,0.019999980926513672,1,3284
5707,26,3,8,False,1,1,True,False,False,False,1.2000000476837158,8.0,1.2004997730255127,11,26
5707,27,6,5,True,10498,1,False,False,False,False,0.19999998807907104,1.0,0.6406247019767761,7,9921
5707,28,6,5,True,10498,1,False,False,False,False,0.19999998807907104,1.0,0.6406247019767761,7,5275
5707,29,10,1,True,10498,1,False,True,True,True,0.0,0.0,0.7924644947052002,10,8035
5707,30,1,10,False,5,1,True,False,False,False,1.0198038816452026,6.0,1.0199999809265137,7,6248
5707,31,6,5,True,10498,1,False,False,False,False,0.4472135901451111,2.0,0.5885576009750366,8,2156
457,0,7,4,True,10498,1,False,False,False,False,0.20000001788139343,1.0,0.37255871295928955,8,6248
457,1,9,2,True,10498,1,False,True,True,True,0.0,0.0,0.7613146305084229,9,8035
457,2,8,3,True,10498,1,False,False,False,False,0.20000001788139343,1.0,0.7557777762413025,9,8035
457,3,1,10,False,1,1,True,False,False,False,1.5099669694900513,9.0,1.5100994110107422,10,53
457,4,9,2,True,10498,1,False,True,True,True,0.0,0.0,0.7613146305084229,9,8035
457,5,3,8,False,245,3,True,False,False,False,0.20000001788139343,1.0,0.20297783613204956,4,3178
457,6,1,10,False,2981,4,True,True,True,True,0.0,0.0,0.019999995827674866,1,6856
457,7,10,1,True,10498,1,False,False,False,False,0.20000001788139343,1.0,0.7874007821083069,11,8035
457,8,4,7,True,10498,1,False,True,True,True,0.0,0.0,0.5230678915977478,4,383
457,9,1,10,False,26,1,True,False,False,False,0.6324555277824402,4.0,0.6327716708183289,5,4139
457,10,10,1,True,10498,2,False,False,False,False,0.19999998807907104,1.0,0.7668116688728333,11,9355
457,11,4,7,True,10498,1,False,False,False,False,0.19999998807907104,1.0,0.430813193321228,5,7239
457,12,10,1,True,10498,1,False,True,True,True,0.0,0.0,0.7924644947052002,10,8035
457,13,9,2,True,10498,1,False,False,False,False,0.19999998807907104,1.0,0.6415606141090393,10,7262
457,14,6,5,True,10498,1,False,False,False,False,0.2828426957130432,2.0,0.5238320231437683,8,9867
457,15,5,6,False,1,1,True,False,False,False,0.7483315467834473,5.0,0.7496666312217712,10,26
457,16,7,4,True,10498,1,False,True,True,True,0.0,0.0,0.5681549310684204,7,383
457,17,8,3,True,10498,1,False,False,False,False,0.2828426957130432,2.0,0.6717142462730408,10,9355
457,18,3,8,True,10498,1,False,False,False,False,0.4000000059604645,4.0,0.4573838710784912,7,9867
457,19,4,7,True,10498,1,False,False,False,False,0.3464101552963257,3.0,0.6273755431175232,7,5276
457,20,1,10,False,10460,4,True,True,True,True,0.0,0.0,0.019999980926513672,1,6856
457,21,9,2,True,10498,1,False,False,False,False,0.2828426957130432,2.0,0.6720119118690491,11,3317
457,22,11,0,True,10498,1,False,,,,,,0.7927168607711792,11,8035
457,23,4,7,True,10498,1,False,True,True,True,0.0,0.0,0.31240999698638916,4,383
457,24,6,5,True,10498,1,False,False,False,False,0.2828427255153656,2.0,0.475815087556839,8,8035
457,25,8,3,True,10498,1,False,False,False,False,0.2828426957130432,2.0,0.6717142462730408,10,5276
457,26,1,10,False,25,1,True,False,False,False,0.7745966911315918,6.0,0.774854838848114,7,7924
457,27,6,5,True,10498,1,False,False,False,False,0.2828426957130432,2.0,0.475815087556839,8,384
457,28,8,3,True,10498,1,False,False,False,False,0.20000001788139343,1.0,0.432666152715683,9,8035
457,29,11,0,True,10498,1,False,,,,,,0.7927168607711792,11,8035
457,30,4,7,True,10498,1,False,False,False,False,0.20000001788139343,1.0,0.3709447383880615,5,9677
457,31,5,6,True,10498,1,False,False,False,False,0.3464101552963257,3.0,0.4669046700000763,8,7262
5198,0,4,7,False,1,1,True,False,False,False,0.8485281467437744,4.0,0.8494704365730286,8,26
5198,1,6,5,True,10498,1,False,False,False,False,0.2828426957130432,2.0,0.475815087556839,8,1607
5198,2,4,7,False,1,1,True,False,False,False,0.4898979663848877,3.0,0.4915282428264618,7,9617
5198,3,6,5,True,10498,5,False,False,False,False,0.19999998807907104,1.0,0.5607138276100159,7,9502
5198,4,8,3,True,10498,2,False,True,True,True,0.0,0.0,0.7397297620773315,8,8025
5198,5,11,0,True,10498,1,False,,,,,,0.7927168607711792,11,8035
5198,6,2,9,False,2,1,True,False,False,False,0.6928203105926514,6.0,0.6933974623680115,8,8970
5198,7,1,10,False,25,1,True,False,False,False,0.5291502475738525,4.0,0.5295280814170837,5,7924
5198,8,4,7,True,10498,1,False,False,False,False,0.20000001788139343,1.0,0.5153639912605286,5,6025
5198,9,10,1,True,10498,1,False,True,True,True,0.0,0.0,0.5403702259063721,10,4062
5198,10,7,4,True,10498,1,False,False,False,False,0.4000000059604645,1.0,0.5956509113311768,8,4062
5198,11,7,4,True,10498,1,False,False,False,False,0.2828426957130432,2.0,0.7285602688789368,9,9355
5198,12,5,6,True,10498,1,False,False,False,False,0.2828426957130432,2.0,0.4753945767879486,7,7262
5198,13,2,9,False,24,1,True,False,False,False,0.4472135603427887,5.0,0.4481070935726166,7,2237
5198,14,10,1,True,10498,2,False,True,True,True,0.0,0.0,0.7402702569961548,10,3317
5198,15,5,6,True,10498,1,False,False,False,False,0.20000000298023224,1.0,0.5603570342063904,6,8025
5198,16,9,2,True,10498,1,False,True,True,True,0.0,0.0,0.7068239450454712,9,8970
5198,17,1,10,False,26,1,True,False,False,False,0.4898979365825653,3.0,0.49030598998069763,4,4139
5198,18,7,4,True,10498,1,False,False,False,False,0.20000001788139343,1.0,0.48456165194511414,8,8035
5198,19,2,9,False,2,1,True,False,False,False,0.9380831718444824,5.0,0.938509464263916,7,26
5198,20,1,10,False,1,1,True,False,False,False,1.2806248664855957,9.0,1.2807810306549072,10,53
5198,21,8,3,True,10498,1,False,False,False,False,0.2828427255153656,2.0,0.7610518932342529,10,3317
5198,22,11,0,True,10498,1,False,,,,,,0.7927168607711792,11,8035
5198,23,2,9,False,2,1,True,False,False,False,0.6928203105926514,6.0,0.6933974623680115,8,8970
5198,24,7,4,True,10498,1,False,False,False,False,0.20000001788139343,1.0,0.5317894220352173,8,4062
5198,25,9,2,True,10498,1,False,True,True,True,0.0,0.0,0.7068239450454712,9,8970
5198,26,6,5,True,10498,1,False,False,False,False,0.2828427255153656,2.0,0.475815087556839,8,8035
5198,27,10,1,True,10498,1,False,True,True,True,0.0,0.0,0.5403702259063721,10,4062
5198,28,7,4,True,10498,1,False,False,False,False,0.20000000298023224,1.0,0.73403000831604,8,8025
5198,29,10,1,True,10498,2,False,True,True,True,0.0,0.0,0.7402702569961548,10,9355
5198,30,9,2,True,10498,1,False,False,False,False,0.2828427255153656,2.0,0.7613146901130676,11,3317
5198,31,7,4,True,10498,1,False,False,False,False,0.2828427255153656,2.0,0.5242136716842651,9,8035
4874,0,1,10,False,52,1,True,False,False,False,0.20000001788139343,1.0,0.20099753141403198,2,421
4874,1,6,5,True,10498,1,False,False,False,False,0.2828426957130432,2.0,0.475815087556839,8,10463
4874,2,1,10,False,25,1,True,False,False,False,0.9380831718444824,8.0,0.938296377658844,9,7924
4874,3,9,2,True,10498,1,False,False,False,False,0.20000001788139343,1.0,0.8170679211616516,10,7244
4874,4,9,2,True,10498,2,False,False,False,False,0.19999998807907104,1.0,0.7665507793426514,10,3317
4874,5,7,4,True,10498,1,False,False,False,False,0.19999998807907104,1.0,0.43220362067222595,8,10463
4874,6,7,4,True,10498,1,False,False,False,False,0.2828426957130432,2.0,0.5956509709358215,9,9355
4874,7,11,0,True,10498,1,False,,,,,,0.7927168607711792,11,8035
4874,8,9,2,True,10498,1,False,True,True,True,0.0,0.0,0.5399999618530273,9,7244
4874,9,3,8,True,10498,3,False,True,True,True,0.0,0.0,0.31176915764808655,3,2641
4874,10,8,3,True,10498,1,False,False,False,False,0.3999999761581421,1.0,0.634980320930481,9,4062
4874,11,6,5,True,10498,1,False,False,False,False,0.3464101552963257,3.0,0.6280127763748169,9,9355
4874,12,5,6,True,10498,1,False,False,False,False,0.19999998807907104,1.0,0.4669046998023987,6,422
4874,13,8,3,True,10498,2,False,False,False,False,0.2828426957130432,2.0,0.634980320930481,10,3317
4874,14,8,3,True,10498,1,False,False,False,False,0.20000001788139343,1.0,0.7343024611473083,9,3317
4874,15,6,5,True,10498,1,False,True,True,True,0.0,0.0,0.475815087556839,6,8927
4874,16,4,7,True,10498,1,False,True,True,True,0.0,0.0,0.31240999698638916,4,9182
4874,17,1,10,False,52,1,True,False,False,False,0.20000001788139343,1.0,0.20099753141403198,2,421
4874,18,10,1,True,10498,1,False,True,True,True,0.0,0.0,0.7924644947052002,10,8035
4874,19,8,3,True,10498,1,False,True,True,True,0.0,0.0,0.7397297620773315,8,1948
4874,20,5,6,True,10498,1,False,False,False,False,0.19999998807907104,1.0,0.43127715587615967,6,4774
4874,21,3,8,False,2,1,True,False,False,False,0.4472135901451111,2.0,0.4485532343387604,5,4139
4874,22,8,3,True,10498,1,False,True,True,True,0.0,0.0,0.49315309524536133,8,8035
4874,23,2,9,False,1,1,True,False,False,False,1.216552495956421,9.0,1.216881275177002,11,53
4874,24,6,5,True,10498,2,False,True,True,True,0.0,0.0,0.5238320827484131,6,7129
4874,25,4,7,True,10498,1,False,False,False,False,0.19999998807907104,1.0,0.466476172208786,5,422
4874,26,11,0,True,10498,1,False,,,,,,0.7927168607711792,11,8035
4874,27,6,5,True,10498,1,False,False,False,False,0.19999998807907104,1.0,0.733757495880127,7,9931
4874,28,10,1,True,10498,2,False,False,False,False,0.19999998807907104,1.0,0.7668116092681885,11,3317
4874,29,7,4,True,10498,2,False,False,False,False,0.20000001788139343,1.0,0.73403000831604,8,1948
4874,30,11,0,True,10498,1,False,,,,,,0.7927168607711792,11,8035
4874,31,4,7,True,10498,6,False,True,True,True,0.0,0.0,0.5230678915977478,4,1945
3801,0,5,6,False,1,1,True,False,False,False,0.8246211409568787,5.0,0.8258329629898071,10,6248
3801,1,9,2,True,10498,1,False,False,False,False,0.19999998807907104,1.0,0.7345747351646423,10,8970
3801,2,9,2,True,10498,2,False,False,False,False,0.19999998807907104,1.0,0.7665507793426514,10,9355
3801,3,3,8,True,10498,3,False,False,False,False,0.19999998807907104,1.0,0.4303486943244934,4,1955
3801,4,2,9,False,1616,5,True,True,True,True,0.0,0.0,0.028284266591072083,2,1808
3801,5,7,4,True,10498,1,False,False,False,False,0.4000000059604645,1.0,0.6948381066322327,8,295
3801,6,9,2,True,10498,1,False,False,False,False,0.4472135901451111,2.0,0.8364209532737732,11,9355
3801,7,5,6,True,10498,3,False,False,False,False,0.19999998807907104,1.0,0.48373547196388245,6,1947
3801,8,9,2,True,10498,2,False,True,True,True,0.0,0.0,0.7400000095367432,9,9355
3801,9,3,8,True,10498,1,False,False,False,False,0.19999998807907104,1.0,0.5149757266044617,4,5819
3801,10,2,9,False,1,1,True,False,False,False,1.3266499042510986,8.0,1.3269513845443726,10,26
3801,11,9,2,True,10498,1,False,True,True,True,0.0,0.0,0.8219488859176636,9,7244
3801,12,11,0,True,10498,1,False,,,,,,0.7927168607711792,11,8035
3801,13,8,3,True,10498,1,False,False,False,False,0.3464101552963257,3.0,0.7868926525115967,11,6851
3801,14,4,7,False,1,1,True,False,False,False,1.0198038816452026,6.0,1.0205880403518677,10,6248
3801,15,6,5,True,10498,1,False,False,False,False,0.2828426957130432,2.0,0.760526180267334,8,1954
3801,16,3,8,False,7,1,True,True,True,True,0.0,0.0,0.034641001373529434,3,405
3801,17,2,9,True,10498,5,False,False,False,False,0.3464101552963257,3.0,0.4656178653240204,5,9604
3801,18,6,5,True,10498,1,False,False,False,False,0.2828426957130432,2.0,0.6945502758026123,8,5621
3801,19,7,4,True,10498,1,False,False,False,False,0.2828426957130432,2.0,0.7607890963554382,9,2658
3801,20,7,4,True,10498,1,False,False,False,False,0.44721361994743347,2.0,0.6283311247825623,9,8035
3801,21,7,4,True,10498,1,False,False,False,False,0.19999998807907104,1.0,0.7660287618637085,8,9931
3801,22,6,5,True,10498,1,False,True,True,True,0.0,0.0,0.7059745192527771,6,9931
3801,23,3,8,False,220,4,True,True,True,True,0.0,0.0,0.03464100882411003,3,5419
3801,24,2,9,False,10410,465,True,True,True,True,0.0,0.0,0.028284244239330292,2,4632
3801,25,6,5,True,10498,1,False,False,False,False,0.44721361994743347,2.0,0.6651315689086914,8,7244
3801,26,2,9,False,1,1,True,False,False,False,1.3266499042510986,8.0,1.3269513845443726,10,26
3801,27,7,4,True,10498,1,False,False,False,False,0.2828426957130432,2.0,0.6714164018630981,9,3317
3801,28,9,2,True,10498,1,False,False,False,False,0.2828426957130432,2.0,0.6720119118690491,11,3317
3801,29,8,3,True,10498,1,False,True,True,True,0.0,0.0,0.8504117131233215,8,9931
3801,30,8,3,True,10498,1,False,False,False,False,0.4898979067802429,3.0,0.6596968770027161,11,1020
3801,31,4,7,True,10498,5,False,True,True,True,0.0,0.0,0.38157567381858826,4,6562
2033,0,2,9,False,51,1,True,True,True,True,0.0,0.0,0.028284255415201187,2,6350
2033,1,8,3,True,10498,1,False,False,False,False,0.20000001788139343,1.0,0.7557777762413025,9,8035
2033,2,6,5,True,10498,1,False,False,False,False,0.3464101552963257,3.0,0.6651315689086914,9,7181
2033,3,11,0,True,10498,1,False,,,,,,0.7927168607711792,11,8035
2033,4,6,5,True,10498,1,False,False,False,False,0.2828427255153656,2.0,0.6945502758026123,8,9355
2033,5,9,2,True,10498,2,False,True,True,True,0.0,0.0,0.7068239450454712,9,3317
2033,6,7,4,True,10498,1,False,False,False,False,0.4000000059604645,1.0,0.5087239146232605,8,8035
2033,7,9,2,True,10498,1,False,False,False,False,0.20000001788139343,1.0,0.7560423612594604,10,8035
2033,8,10,1,True,10498,1,False,True,True,True,0.0,0.0,0.761577308177948,10,6248
2033,9,2,9,False,2945,2,True,True,True,True,0.0,0.0,0.028284255415201187,2,3744
2033,10,6,5,True,10498,1,False,False,False,False,0.3464101552963257,3.0,0.6280127763748169,9,9355
2033,11,11,0,True,10498,1,False,,,,,,0.7927168607711792,11,8035
2033,12,10,1,True,10498,1,False,True,True,True,0.0,0.0,0.761577308177948,10,8035
2033,13,9,2,True,10498,1,False,True,True,True,0.0,0.0,0.7922121286392212,9,7244
2033,14,8,3,True,10498,1,False,True,True,True,0.0,0.0,0.7919595837593079,8,8035
2033,15,2,9,False,25,1,True,False,False,False,0.3464101552963257,3.0,0.3475629389286041,5,9107
2033,16,8,3,True,10498,1,False,True,True,True,0.0,0.0,0.7397297620773315,8,9931
2033,17,11,0,True,10498,1,False,,,,,,0.7927168607711792,11,8035
2033,18,9,2,True,10498,1,False,True,True,True,0.0,0.0,0.8506468534469604,9,9931
2033,19,10,1,True,10498,1,False,True,True,True,0.0,0.0,0.761577308177948,10,8035
2033,20,11,0,True,10498,1,False,,,,,,0.7927168607711792,11,8035
2033,21,2,9,True,10498,1,False,False,False,False,0.19999998807907104,1.0,0.4656178951263428,3,8927
2033,22,11,0,True,10498,1,False,,,,,,0.7927168607711792,11,8035
2033,23,5,6,True,10498,1,False,False,False,False,0.19999998807907104,1.0,0.6403124332427979,6,9921
2033,24,4,7,False,23,1,True,False,False,False,0.3464101552963257,3.0,0.34871193766593933,7,9107
2033,25,6,5,True,10498,1,False,True,True,True,0.0,0.0,0.6086050271987915,6,9921
2033,26,6,5,True,10498,1,False,False,False,False,0.2828426957130432,2.0,0.5238320231437683,8,3317
2033,27,9,2,True,10498,1,False,False,False,False,0.20000001788139343,1.0,0.7560423612594604,10,8035
2033,28,2,9,False,51,1,True,True,True,True,0.0,0.0,0.028284255415201187,2,6350
2033,29,4,7,False,1,1,True,False,False,False,0.9797959327697754,7.0,0.9806120991706848,11,26
2033,30,7,4,True,10498,1,False,False,False,False,0.3464101552963257,3.0,0.6654322147369385,10,7181
2033,31,9,2,True,10498,1,False,True,True,True,0.0,0.0,0.7613146305084229,9,8035
7939,0,10,1,True,10498,1,False,True,True,True,0.0,0.0,0.7402702569961548,10,8970
7939,1,7,4,True,10498,1,False,False,False,False,0.20000001788139343,1.0,0.561070442199707,8,6025
7939,2,3,8,False,1,1,True,False,False,False,0.9380832314491272,5.0,0.9387226104736328,8,26
7939,3,8,3,True,10498,1,False,False,False,False,0.6000000238418579,1.0,0.7766595482826233,9,4280
7939,4,4,7,True,10498,1,False,False,False,False,0.3999999761581421,4.0,0.5075430870056152,8,9190
7939,5,3,8,False,2,1,True,False,False,False,0.7211102843284607,4.0,0.7219418883323669,7,6248
7939,6,7,4,True,10498,1,False,False,False,False,0.20000001788139343,1.0,0.73403000831604,8,8025
7939,7,1,10,False,575,1,True,True,True,True,0.0,0.0,0.019999995827674866,1,7939
7939,8,6,5,True,10498,1,False,False,False,False,0.4898979663848877,3.0,0.6590903401374817,9,4062
7939,9,1,10,False,2981,1,True,False,False,False,0.19999998807907104,1.0,0.2009975016117096,2,9649
7939,10,2,9,True,10498,5,False,False,False,False,0.3999999761581421,4.0,0.5067543983459473,6,2419
7939,11,8,3,True,10498,1,False,False,False,False,0.2828426957130432,2.0,0.5685067772865295,10,4838
7939,12,5,6,True,10498,1,False,False,False,False,0.5291503071784973,4.0,0.6526867747306824,9,1020
7939,13,6,5,True,10498,1,False,False,False,False,0.632455587387085,4.0,0.7391887903213501,10,4062
7939,14,3,8,True,10498,2,False,False,False,False,0.4000000059604645,4.0,0.5071488618850708,7,9190
7939,15,6,5,True,10498,1,False,False,False,False,0.6000000238418579,3.0,0.7116178870201111,9,4062
7939,16,7,4,True,10498,2,False,False,False,False,0.44721361994743347,2.0,0.8641759753227234,9,3317
7939,17,8,3,True,10498,1,False,False,False,False,0.2828426957130432,2.0,0.7610519528388977,10,3317
7939,18,9,2,True,10498,1,False,False,False,False,0.40000003576278687,1.0,0.7291091084480286,10,8970
7939,19,7,4,True,10498,1,False,False,False,False,0.2828426957130432,2.0,0.6714164614677429,9,2658
7939,20,1,10,False,1,1,True,False,False,False,1.1313707828521729,7.0,1.1315475702285767,8,53
7939,21,5,6,True,10498,1,False,False,False,False,0.632455587387085,4.0,0.7389181852340698,9,4062
7939,22,3,8,False,1,1,True,False,False,False,0.7745966911315918,6.0,0.7753708958625793,9,8970
7939,23,7,4,True,10498,2,False,False,False,False,0.4898979365825653,3.0,0.8595348000526428,10,3317
7939,24,7,4,True,10498,1,False,True,True,True,0.0,0.0,0.5681549310684204,7,1158
7939,25,4,7,True,10498,1,False,False,False,False,0.2828426957130432,2.0,0.5946427583694458,6,5762
7939,26,7,4,True,10498,1,False,False,False,False,0.19999998807907104,1.0,0.5751520991325378,8,4062
7939,27,1,10,False,2981,1,True,False,False,False,0.19999998807907104,1.0,0.2009975016117096,2,9649
7939,28,1,10,False,25,1,True,False,False,False,0.4898979663848877,3.0,0.4903060495853424,4,2237
7939,29,3,8,False,1,1,True,False,False,False,0.9591663479804993,4.0,0.9597917199134827,7,26
7939,30,2,9,False,296,1,True,False,False,False,0.19999998807907104,1.0,0.20199008285999298,3,9649
7939,31,4,7,True,10498,1,False,False,False,False,0.2828426957130432,2.0,0.5528110265731812,6,5621
8133,0,7,4,True,10498,1,False,False,False,False,0.4000000059604645,1.0,0.8595348000526428,8,2156
8133,1,8,3,True,10498,1,False,False,False,False,0.20000001788139343,1.0,0.7868926525115967,9,2156
8133,2,9,2,True,10498,2,False,False,False,False,0.4472135901451111,2.0,0.836421012878418,11,3317
8133,3,8,3,True,10498,1,False,True,True,True,0.0,0.0,0.5685068368911743,8,9355
8133,4,1,10,False,25,1,True,False,False,False,1.0198038816452026,7.0,1.0199999809265137,8,1157
8133,5,4,7,True,10498,1,False,False,False,False,0.3464101552963257,3.0,0.5153639316558838,7,2658
8133,6,3,8,True,10498,1,False,False,False,False,0.19999998807907104,1.0,0.3704051673412323,4,3128
8133,7,11,0,True,10498,1,False,,,,,,0.7927168607711792,11,8035
8133,8,11,0,True,10498,1,False,,,,,,0.7927168607711792,11,8035
8133,9,5,6,True,10498,1,False,False,False,False,0.3464101552963257,3.0,0.5157518982887268,8,3317
8133,10,4,7,True,10498,1,False,False,False,False,0.19999998807907104,1.0,0.3709447383880615,5,5969
8133,11,8,3,True,10498,1,False,True,True,True,0.0,0.0,0.7610518932342529,8,6248
8133,12,10,1,True,10498,1,False,True,True,True,0.0,0.0,0.7402702569961548,10,9355
8133,13,2,9,False,1616,63,True,True,True,True,0.0,0.0,0.028284266591072083,2,548
8133,14,2,9,False,2,1,True,False,False,False,0.7483314871788025,3.0,0.7488658428192139,5,9617
8133,15,8,3,True,10498,1,False,False,False,False,0.19999998807907104,1.0,0.6776430010795593,9,1963
8133,16,3,8,False,1,1,True,False,False,False,1.095445156097412,7.0,1.0959926843643188,10,26
8133,17,7,4,True,10498,1,False,False,False,False,0.2828426957130432,2.0,0.5242136716842651,9,1963
8133,18,9,2,True,10498,1,False,False,False,False,0.3999999761581421,1.0,0.6720119118690491,10,4062
8133,19,5,6,True,10498,1,False,False,False,False,0.3464101552963257,3.0,0.6648308038711548,8,5276
8133,20,7,4,True,10498,1,False,False,False,False,0.4472135901451111,2.0,0.5888972878456116,9,6248
8133,21,1,10,False,10411,219,True,True,True,True,0.0,0.0,0.019999980926513672,1,306
8133,22,9,2,True,10498,1,False,False,False,False,0.20000001788139343,1.0,0.4853864312171936,10,8035
8133,23,3,8,True,10498,2,False,False,False,False,0.3464101552963257,3.0,0.5149757266044617,6,2170
8133,24,2,9,False,1,1,True,False,False,False,1.216552495956421,9.0,1.2168811559677124,11,53
8133,25,7,4,True,10498,1,False,False,False,False,0.2828426957130432,2.0,0.634665310382843,9,3317
8133,26,9,2,True,10498,1,False,True,True,True,0.0,0.0,0.8506468534469604,9,9931
8133,27,8,3,True,10498,1,False,False,False,False,0.20000001788139343,1.0,0.5321654081344604,9,8035
8133,28,5,6,True,10498,3,False,False,False,False,0.19999998807907104,1.0,0.6016643643379211,6,3282
8133,29,5,6,True,10498,2,False,False,False,False,0.2828426957130432,2.0,0.4753945469856262,7,9121
8133,30,2,9,True,10498,9,False,False,False,False,0.2828426957130432,2.0,0.3588871657848358,4,4773
8133,31,1,10,False,2981,38,True,True,True,True,0.0,0.0,0.019999995827674866,1,5745
7084,0,1,10,False,52,1,True,False,False,False,0.2828426957130432,2.0,0.28354892134666443,3,405
7084,1,2,9,True,10498,6,False,False,False,False,0.3464101552963257,3.0,0.5447935461997986,5,2009
7084,2,10,1,True,10498,2,False,False,False,False,0.19999998807907104,1.0,0.7668116092681885,11,3317
7084,3,8,3,True,10498,1,False,True,True,True,0.0,0.0,0.5685068368911743,8,6321
7084,4,3,8,True,10498,6,False,False,False,False,0.3464101552963257,3.0,0.5451605319976807,6,3902
7084,5,9,2,True,10498,1,False,False,False,False,0.2828426957130432,2.0,0.6095899939537048,11,4838
7084,6,3,8,False,2,1,True,False,False,False,0.9591662883758545,6.0,0.9597917199134827,9,26
7084,7,4,7,True,10498,1,False,False,False,False,0.4472135901451111,2.0,0.5455272793769836,6,1115
7084,8,1,10,False,26,1,True,False,False,False,0.2828426957130432,2.0,0.28354892134666443,3,4139
7084,9,10,1,True,10498,1,False,True,True,True,0.0,0.0,0.7924644947052002,10,8035
7084,10,6,5,True,10498,2,False,False,False,False,0.2828426957130432,2.0,0.4758150577545166,8,5143
7084,11,9,2,True,10498,1,False,False,False,False,0.19999998807907104,1.0,0.5758472084999084,10,4062
7084,12,7,4,True,10498,1,False,False,False,False,0.44721361994743347,2.0,0.6283311247825623,9,6248
7084,13,7,4,True,10498,2,False,True,True,True,0.0,0.0,0.44136151671409607,7,7148
7084,14,8,3,True,10498,1,False,True,True,True,0.0,0.0,0.6474565863609314,8,1963
7084,15,4,7,True,10498,1,False,False,False,False,0.3464101552963257,3.0,0.46647611260414124,7,696
7084,16,9,2,True,10498,1,False,False,False,False,0.2828426957130432,2.0,0.6095899939537048,11,4838
7084,17,3,8,True,10498,1,False,True,True,True,0.0,0.0,0.31176915764808655,3,5983
7084,18,9,2,True,10498,2,False,True,True,True,0.0,0.0,0.7400000095367432,9,3317
7084,19,1,10,False,1,1,True,False,False,False,1.4832396507263184,10.0,1.4833744764328003,11,53
7084,20,1,10,False,25,1,True,False,False,False,0.5999999642372131,6.0,0.6003332138061523,7,1157
7084,21,3,8,True,10498,5,False,False,False,False,0.19999998807907104,1.0,0.3704051673412323,4,5931
7084,22,5,6,True,10498,1,False,False,False,False,0.19999998807907104,1.0,0.6648308038711548,6,5621
7084,23,7,4,True,10498,1,False,False,False,False,0.3464101552963257,3.0,0.6654321551322937,10,7983
7084,24,7,4,True,10498,1,False,False,False,False,0.4472135901451111,2.0,0.6283311247825623,9,1963
7084,25,8,3,True,10498,1,False,False,False,False,0.4472135901451111,2.0,0.6286493539810181,10,8035
7084,26,8,3,True,10498,1,False,False,False,False,0.19999998807907104,1.0,0.5321654081344604,9,5789
7084,27,8,3,True,10498,1,False,False,False,False,0.4472135901451111,2.0,0.6286493539810181,10,8035
7084,28,2,9,False,4,1,True,False,False,False,0.8246211409568787,6.0,0.8251060843467712,8,8970
7084,29,7,4,True,10498,1,False,False,False,False,0.3464101552963257,3.0,0.7866384387016296,10,5273
7084,30,1,10,False,26,1,True,False,False,False,0.2828426957130432,2.0,0.28354892134666443,3,4139
7084,31,8,3,True,10498,1,False,False,False,False,0.19999998807907104,1.0,0.6412488222122192,9,9355
9334,0,6,5,True,10498,2,False,False,False,False,0.19999998807907104,1.0,0.5607138276100159,7,8274
9334,1,6,5,True,10498,1,False,False,False,False,0.19999998807907104,1.0,0.6019967198371887,7,10195
9334,2,4,7,True,10498,1,False,False,False,False,0.20000001788139343,1.0,0.5600000023841858,5,9092
9334,3,7,4,True,10498,1,False,False,False,False,0.4472135901451111,2.0,0.7230491042137146,9,5789
9334,4,9,2,True,10498,1,False,True,True,True,0.0,0.0,0.7922121286392212,9,7244
9334,5,9,2,True,10498,1,False,True,True,True,0.0,0.0,0.8219488859176636,9,7244
9334,6,6,5,True,10498,1,False,True,True,True,0.0,0.0,0.5678027868270874,6,9671
9334,7,4,7,False,220,7,True,False,False,False,0.20000001788139343,1.0,0.20396079123020172,5,2174
9334,8,7,4,True,10498,1,False,False,False,False,0.4898979365825653,3.0,0.7502000331878662,10,9355
9334,9,8,3,True,10498,1,False,False,False,False,0.2828427255153656,2.0,0.5245950818061829,10,8035
9334,10,2,9,False,1,1,True,False,False,False,1.0198038816452026,9.0,1.0201959609985352,11,53
9334,11,1,10,False,3,1,True,False,False,False,0.8246211409568787,6.0,0.8248636722564697,7,8970
9334,12,5,6,True,10498,1,False,False,False,False,0.4000000059604645,1.0,0.6942622065544128,6,9092
9334,13,3,8,True,10498,1,False,False,False,False,0.3464101552963257,3.0,0.5149757266044617,6,2830
9334,14,11,0,True,10498,1,False,,,,,,0.7927168607711792,11,8035
9334,15,3,8,True,10498,1,False,True,True,True,0.0,0.0,0.31176915764808655,3,3128
9334,16,7,4,True,10498,1,False,False,False,False,0.4472135901451111,2.0,0.6654321551322937,9,4062
9334,17,9,2,True,10498,1,False,False,False,False,0.4000000059604645,1.0,0.8411896824836731,10,5789
9334,18,3,8,False,1,1,True,False,False,False,1.0198038816452026,6.0,1.0203920602798462,9,26
9334,19,8,3,True,10498,2,False,False,False,False,0.4472135901451111,2.0,0.7233256697654724,10,3317
9334,20,11,0,True,10498,1,False,,,,,,0.7927168607711792,11,8035
9334,21,3,8,True,10498,4,False,False,False,False,0.3464101552963257,3.0,0.4660471975803375,6,6083
9334,22,9,2,True,10498,1,False,False,False,False,0.4472135603427887,2.0,0.701141893863678,11,4838
9334,23,3,8,False,2,1,True,False,False,False,0.7211102843284607,5.0,0.7219418287277222,8,8970
9334,24,3,8,False,2,1,True,False,False,False,0.19999998807907104,1.0,0.20297782123088837,4,4139
9334,25,7,4,True,10498,1,False,False,False,False,0.6000000238418579,3.0,0.7118988633155823,10,4062
9334,26,8,3,True,10498,1,False,False,False,False,0.20000001788139343,1.0,0.8168231248855591,9,2156
9334,27,11,0,True,10498,1,False,,,,,,0.7927168607711792,11,8035
9334,28,4,7,True,10498,2,False,False,False,False,0.2828427255153656,2.0,0.4749737083911896,6,3826
9334,29,7,4,True,10498,1,False,True,True,True,0.0,0.0,0.6471476554870605,7,9921
9334,30,1,10,False,52,9,True,False,False,False,0.3464101552963257,3.0,0.3469870388507843,4,409
9334,31,10,1,True,10498,1,False,False,False,False,0.20000001788139343,1.0,0.7668116092681885,11,3317
4658,0,10,1,True,10498,1,False,False,False,False,0.19999998807907104,1.0,0.846167802810669,11,4838
4658,1,9,2,True,10498,1,False,False,False,False,0.19999998807907104,1.0,0.6779380440711975,10,5789
4658,2,3,8,True,10498,2,False,False,False,False,0.2828426957130432,2.0,0.552449107170105,5,7127
4658,3,3,8,True,10498,1,False,False,False,False,0.19999998807907104,1.0,0.6642289161682129,4,9146
4658,4,9,2,True,10498,1,False,True,True,True,0.0,0.0,0.5399999618530273,9,7244
4658,5,8,3,True,10498,2,False,False,False,False,0.4472135901451111,2.0,0.7233256697654724,10,9355
4658,6,2,9,False,1,1,True,False,False,False,1.2489995956420898,9.0,1.2493197917938232,11,53
4658,7,4,7,True,10498,1,False,False,False,False,0.4000000059604645,4.0,0.7166589498519897,8,422
4658,8,11,0,True,10498,1,False,,,,,,0.7927168607711792,11,8035
4658,9,1,10,False,1616,5,True,True,True,True,0.0,0.0,0.02000001072883606,1,7573
4658,10,11,0,True,10498,1,False,,,,,,0.7927168607711792,11,8035
4658,11,10,1,True,10498,2,False,True,True,True,0.0,0.0,0.7402702569961548,10,9355
4658,12,1,10,False,3,1,True,False,False,False,1.0198038816452026,7.0,1.0199999809265137,8,8970
4658,13,11,0,True,10498,1,False,,,,,,0.7927168607711792,11,8035
4658,14,6,5,True,10498,1,False,True,True,True,0.0,0.0,0.6468384861946106,6,1951
4658,15,1,10,False,25,1,True,False,False,False,0.9797959327697754,7.0,0.9800000190734863,8,7924
4658,16,8,3,True,10498,1,False,False,False,False,0.19999998807907104,1.0,0.6026607751846313,9,9355
4658,17,8,3,True,10498,1,False,False,False,False,0.4472135901451111,2.0,0.7233256697654724,10,3317
4658,18,1,10,False,10411,465,True,True,True,True,0.0,0.0,0.019999980926513672,1,8704
4658,19,7,4,True,10498,1,False,False,False,False,0.4000000059604645,1.0,0.5538952946662903,8,10010
4658,20,4,7,True,10498,1,False,True,True,True,0.0,0.0,0.31240999698638916,4,4254
4658,21,8,3,True,10498,1,False,True,True,True,0.0,0.0,0.6474565863609314,8,1963
4658,22,5,6,True,10498,1,False,False,False,False,0.19999998807907104,1.0,0.7000000476837158,6,9146
4658,23,5,6,True,10498,1,False,False,False,False,0.44721361994743347,2.0,0.6648308038711548,7,7244
4658,24,5,6,True,10498,1,False,False,False,False,0.4898979365825653,3.0,0.6212889552116394,8,8025
4658,25,3,8,True,10498,2,False,False,False,False,0.2828426957130432,2.0,0.5524490475654602,5,2380
4658,26,11,0,True,10498,1,False,,,,,,0.7927168607711792,11,8035
4658,27,4,7,True,10498,6,False,False,False,False,0.20000001788139343,1.0,0.3709447383880615,5,5703
4658,28,10,1,True,10498,1,False,True,True,True,0.0,0.0,0.7402702569961548,10,8970
4658,29,8,3,True,10498,1,False,False,False,False,0.20000001788139343,1.0,0.484974205493927,9,8035
4658,30,4,7,True,10498,1,False,False,False,False,0.4000000059604645,4.0,0.5810335278511047,8,422
4658,31,9,2,True,10498,2,False,False,False,False,0.19999998807907104,1.0,0.7665507793426514,10,5052
10146,0,8,3,True,10498,1,False,False,False,False,0.4000000059604645,1.0,0.8409518599510193,9,1963
10146,1,6,5,True,10498,2,False,False,False,False,0.4472135901451111,2.0,0.6887670755386353,8,6052
10146,2,9,2,True,10498,1,False,False,False,False,0.4000000059604645,1.0,0.6352952122688293,10,8035
10146,3,2,9,False,1,1,True,False,False,False,1.2489995956420898,9.0,1.2493197917938232,11,53
10146,4,11,0,True,10498,1,False,,,,,,0.7927168607711792,11,8035
10146,5,5,6,True,10498,2,False,False,False,False,0.4898979663848877,3.0,0.7169379591941833,8,2607
10146,6,10,1,True,10498,1,False,True,True,True,0.0,0.0,0.7720103859901428,10,1963
10146,7,3,8,True,10498,1,False,False,False,False,0.2828426957130432,2.0,0.4209512770175934,5,873
10146,8,2,9,False,1,1,True,False,False,False,1.2489995956420898,9.0,1.2493197917938232,11,53
10146,9,4,7,True,10498,1,False,False,False,False,0.2828426957130432,2.0,0.50754314661026,6,799
10146,10,1,10,False,10460,65,True,True,True,True,0.0,0.0,0.019999980926513672,1,3504
10146,11,5,6,True,10498,2,False,False,False,False,0.2828426957130432,2.0,0.4219004213809967,7,236
10146,12,11,0,True,10498,1,False,,,,,,0.7927168607711792,11,8035
10146,13,4,7,True,10498,1,False,False,False,False,0.19999998807907104,1.0,0.5153639912605286,5,799
10146,14,10,1,True,10498,1,False,True,True,True,0.0,0.0,0.4939635396003723,10,8035
10146,15,4,7,True,10498,1,False,False,False,False,0.4472135603427887,5.0,0.5878775119781494,9,562
10146,16,3,8,True,10498,2,False,False,False,False,0.2828426957130432,2.0,0.552449107170105,5,4320
10146,17,9,2,True,10498,1,False,False,False,False,0.19999998807907104,1.0,0.6415606141090393,10,9355
10146,18,4,7,True,10498,1,False,False,False,False,0.2828426957130432,2.0,0.6584831476211548,6,10445
10146,19,6,5,True,10498,1,False,False,False,False,0.19999998807907104,1.0,0.6019967198371887,7,8926
10146,20,7,4,True,10498,1,False,False,False,False,0.44721361994743347,2.0,0.5888972878456116,9,8035
10146,21,7,4,True,10498,1,False,False,False,False,0.5656854510307312,2.0,0.7174956798553467,9,8035
10146,22,9,2,True,10498,1,False,False,False,False,0.2828426957130432,2.0,0.8411896228790283,11,4838
10146,23,3,8,True,10498,1,False,False,False,False,0.19999998807907104,1.0,0.5149757266044617,4,799
10146,24,9,2,True,10498,1,False,False,False,False,0.2828426957130432,2.0,0.6095899939537048,11,4838
10146,25,8,3,True,10498,1,False,False,False,False,0.2828426957130432,2.0,0.5685067772865295,10,7244
10146,26,3,8,False,24,1,True,False,False,False,0.4472135901451111,5.0,0.4485531747341156,8,2237
10146,27,2,9,False,2,1,True,False,False,False,1.0583006143569946,8.0,1.058678388595581,10,6248
10146,28,10,1,True,10498,1,False,False,False,False,0.19999998807907104,1.0,0.5761944055557251,11,4062
10146,29,7,4,True,10498,1,False,False,False,False,0.19999998807907104,1.0,0.6409368515014648,8,9355
10146,30,8,3,True,10498,1,False,False,False,False,0.20000001788139343,1.0,0.7662897706031799,9,5789
10146,31,5,6,True,10498,1,False,False,False,False,0.19999998807907104,1.0,0.6403124332427979,6,1479
710,0,1,10,False,52,9,True,False,False,False,0.6324555277824402,4.0,0.6327716708183289,5,9706
710,1,7,4,True,10498,1,False,False,False,False,0.3999999761581421,4.0,0.6346652507781982,11,4838
710,2,1,10,False,3,1,True,False,False,False,0.8485282063484192,7.0,0.8487638831138611,8,8970
710,3,10,1,True,10498,1,False,True,True,True,0.0,0.0,0.7924644947052002,10,8035
710,4,6,5,True,10498,1,False,False,False,False,0.4472135901451111,2.0,0.722772479057312,8,9659
710,5,8,3,True,10498,1,False,False,False,False,0.44721361994743347,2.0,0.6657326817512512,10,4062
710,6,1,10,False,575,1,True,True,True,True,0.0,0.0,0.019999995827674866,1,5790
710,7,10,1,True,10498,2,False,False,False,False,0.19999998807907104,1.0,0.7668116688728333,11,9355
710,8,1,10,False,25,1,True,False,False,False,0.6324555277824402,7.0,0.6327716708183289,8,7145
710,9,11,0,True,10498,1,False,,,,,,0.7927168607711792,11,8035
710,10,7,4,True,10498,1,False,False,False,False,0.2828426957130432,2.0,0.6714164614677429,9,5789
710,11,4,7,True,10498,1,False,False,False,False,0.20000001788139343,1.0,0.5600000023841858,5,3535
710,12,8,3,True,10498,1,False,False,False,False,0.4000000059604645,1.0,0.634980320930481,9,8035
710,13,11,0,True,10498,1,False,,,,,,0.7927168607711792,11,8035
710,14,7,4,True,10498,1,False,False,False,False,0.4472135901451111,2.0,0.8067218065261841,9,5052
710,15,4,7,True,10498,1,False,False,False,False,0.19999998807907104,1.0,0.430813193321228,5,1951
710,16,4,7,True,10498,1,False,False,False,False,0.20000001788139343,1.0,0.5600000619888306,5,3535
710,17,3,8,False,2918,14,True,True,True,True,0.0,0.0,0.03464099019765854,3,140
710,18,9,2,True,10498,1,False,False,False,False,0.19999998807907104,1.0,0.532541036605835,10,4062
710,19,9,2,True,10498,1,False,False,False,False,0.19999998807907104,1.0,0.8170679211616516,10,7244
710,20,9,2,True,10498,1,False,False,False,False,0.19999998807907104,1.0,0.6779381036758423,10,1963
710,21,8,3,True,10498,1,False,False,False,False,0.4898979663848877,3.0,0.6951258778572083,11,4838
710,22,9,2,True,10498,1,False,True,True,True,0.0,0.0,0.7068239450454712,9,8970
710,23,1,10,False,1,1,True,False,False,False,1.1313707828521729,10.0,1.1315475702285767,11,53
710,24,9,2,True,10498,1,False,False,False,False,0.4472135901451111,2.0,0.6660330295562744,11,4062
710,25,3,8,True,10498,1,False,False,False,False,0.2828426957130432,2.0,0.42095130681991577,5,3535
710,26,11,0,True,10498,1,False,,,,,,0.7927168607711792,11,8035
710,27,9,2,True,10498,1,False,False,False,False,0.44721361994743347,2.0,0.6289674043655396,11,8035
710,28,7,4,True,10498,1,False,False,False,False,0.4898979663848877,3.0,0.6948380470275879,10,4838
710,29,10,1,True,10498,1,False,False,False,False,0.19999998807907104,1.0,0.846167802810669,11,4838
710,30,4,7,False,1,1,True,False,False,False,0.9591663479804993,6.0,0.9600000381469727,10,26
710,31,9,2,True,10498,2,False,False,False,False,0.19999998807907104,1.0,0.7665507793426514,10,3317
3706,0,11,0,True,10498,1,False,,,,,,0.7927168607711792,11,8035
3706,1,4,7,True,10498,3,False,False,False,False,0.2828427255153656,2.0,0.5946427583694458,6,1948
3706,2,8,3,True,10498,2,False,False,False,False,0.2828426957130432,2.0,0.634980320930481,10,3317
3706,3,6,5,True,10498,1,False,False,False,False,0.2828427255153656,2.0,0.8114185333251953,8,2156
3706,4,9,2,True,10498,1,False,False,False,False,0.4472135901451111,2.0,0.6660330295562744,11,4062
3706,5,10,1,True,10498,1,False,True,True,True,0.0,0.0,0.7924644947052002,10,8035
3706,6,9,2,True,10498,1,False,False,False,False,0.19999998807907104,1.0,0.6415606141090393,10,3317
3706,7,3,8,True,10498,1,False,False,False,False,0.3464101552963257,3.0,0.5149757266044617,6,9671
3706,8,7,4,True,10498,1,False,False,False,False,0.19999998807907104,1.0,0.6409368515014648,8,9931
3706,9,11,0,True,10498,1,False,,,,,,0.7927168607711792,11,8035
3706,10,9,2,True,10498,1,False,False,False,False,0.4472135901451111,2.0,0.6660330295562744,11,4062
3706,11,7,4,True,10498,1,False,True,True,True,0.0,0.0,0.5392587184906006,7,7244
3706,12,6,5,True,10498,1,False,False,False,False,0.20000001788139343,1.0,0.733757495880127,7,1948
3706,13,1,10,False,3,1,True,False,False,False,0.9797959327697754,8.0,0.9800000190734863,9,8970
3706,14,8,3,True,10498,1,False,False,False,False,0.19999998807907104,1.0,0.6412488222122192,9,9355
3706,15,9,2,True,10498,1,False,False,False,False,0.20000001788139343,1.0,0.4853864312171936,10,8035
3706,16,4,7,True,10498,1,False,False,False,False,0.34641018509864807,3.0,0.466476172208786,7,10010
3706,17,7,4,True,10498,1,False,True,True,True,0.0,0.0,0.3831448554992676,7,2146
3706,18,5,6,True,10498,2,False,True,True,True,0.0,0.0,0.5674504637718201,5,6052
3706,19,5,6,True,10498,1,False,False,False,False,0.19999998807907104,1.0,0.5603570342063904,6,6851
3706,20,1,10,False,1,1,True,False,False,False,1.2806247472763062,10.0,1.2807809114456177,11,53
3706,21,8,3,True,10498,1,False,False,False,False,0.19999998807907104,1.0,0.6412488222122192,9,3317
3706,22,9,2,True,10498,1,False,True,True,True,0.0,0.0,0.7922121286392212,9,8035
3706,23,4,7,True,10498,4,False,False,False,False,0.19999998807907104,1.0,0.3709447383880615,5,3113
3706,24,9,2,True,10498,1,False,False,False,False,0.4472135603427887,2.0,0.6289674043655396,11,6248
3706,25,1,10,False,1616,31,True,True,True,True,0.0,0.0,0.02000001072883606,1,9211
3706,26,11,0,True,10498,1,False,,,,,,0.7927168607711792,11,8035
3706,27,9,2,True,10498,1,False,False,False,False,0.20000001788139343,1.0,0.4853864312171936,10,8035
3706,28,3,8,True,10498,1,False,False,False,False,0.20000001788139343,1.0,0.4660472273826599,4,4512
3706,29,5,6,True,10498,1,False,False,False,False,0.34641018509864807,3.0,0.5157518982887268,8,7244
3706,30,1,10,False,5,1,True,False,False,False,0.8717797994613647,8.0,0.8720092177391052,9,8970
3706,31,6,5,True,10498,1,False,False,False,False,0.20000001788139343,1.0,0.5607138276100159,7,7878
7324,0,5,6,True,10498,2,False,False,False,False,0.3464101552963257,3.0,0.5882176756858826,8,10051
7324,1,7,4,True,10498,1,False,False,False,False,0.44721361994743347,2.0,0.5888972878456116,9,8035
7324,2,11,0,True,10498,1,False,,,,,,0.7927168607711792,11,8035
7324,3,2,9,False,2,1,True,False,False,False,1.1135528087615967,9.0,1.1139119863510132,11,53
7324,4,1,10,False,52,8,True,False,False,False,0.2828426957130432,2.0,0.2835489511489868,3,9706
7324,5,6,5,True,10498,1,False,False,False,False,0.3999999761581421,1.0,0.7812809944152832,7,830
7324,6,7,4,True,10498,1,False,True,True,True,0.0,0.0,0.44136151671409607,7,2156
7324,7,10,1,True,10498,2,False,True,True,True,0.0,0.0,0.7402702569961548,10,9355
7324,8,1,10,False,52,8,True,False,False,False,0.2828426957130432,2.0,0.2835489511489868,3,8814
7324,9,8,3,True,10498,1,False,True,True,True,0.0,0.0,0.6474565863609314,8,1963
7324,10,2,9,False,1,1,True,False,False,False,1.1135528087615967,9.0,1.1139119863510132,11,53
7324,11,3,8,False,1,1,True,True,True,True,0.0,0.0,0.03464100882411003,3,6312
7324,12,5,6,False,1,1,True,False,False,False,0.9380831718444824,5.0,0.9391485452651978,10,26
7324,13,6,5,True,10498,1,False,True,True,True,0.0,0.0,0.7059745192527771,6,1963
7324,14,3,8,True,10498,1,False,False,False,False,0.19999998807907104,1.0,0.5149757266044617,4,9146
7324,15,10,1,True,10498,1,False,True,True,True,0.0,0.0,0.4939635396003723,10,8035
7324,16,3,8,False,1,1,True,False,False,False,0.9380831122398376,8.0,0.938722550868988,11,53
7324,17,9,2,True,10498,1,False,False,False,False,0.4000000059604645,1.0,0.8411896824836731,10,1963
7324,18,1,10,False,2981,24,True,True,True,True,0.0,0.0,0.019999995827674866,1,9639
7324,19,10,1,True,10498,1,False,False,False,False,0.19999998807907104,1.0,0.846167802810669,11,4838
7324,20,10,1,True,10498,1,False,False,False,False,0.3999999761581421,1.0,0.6723094582557678,11,4062
7324,21,3,8,True,10498,1,False,True,True,True,0.0,0.0,0.4745524227619171,3,6922
7324,22,9,2,True,10498,1,False,True,True,True,0.0,0.0,0.7400000095367432,9,1963
7324,23,7,4,True,10498,1,False,True,True,True,0.0,0.0,0.6714164614677429,7,490
7324,24,10,1,True,10498,2,False,False,False,False,0.19999998807907104,1.0,0.7668116092681885,11,3317
7324,25,1,10,False,2981,24,True,True,True,True,0.0,0.0,0.019999995827674866,1,9700
7324,26,3,8,True,10498,1,False,False,False,False,0.2828426957130432,2.0,0.552449107170105,5,7231
7324,27,5,6,True,10498,7,False,False,False,False,0.4000000059604645,1.0,0.6942622661590576,6,7866
7324,28,3,8,True,10498,1,False,False,False,False,0.2828426957130432,2.0,0.552449107170105,5,7231
7324,29,11,0,True,10498,1,False,,,,,,0.7927168607711792,11,8035
7324,30,2,9,False,25,1,True,False,False,False,0.6633249521255493,5.0,0.6639276742935181,7,7924
7324,31,1,10,False,2981,24,True,True,True,True,0.0,0.0,0.019999995827674866,1,3694
7927,0,5,6,True,10498,1,False,False,False,False,0.2828426957130432,2.0,0.5234501361846924,7,1963
7927,1,10,1,True,10498,1,False,True,True,True,0.0,0.0,0.5403702259063721,10,4062
7927,2,8,3,True,10498,1,False,False,False,False,0.4472135901451111,2.0,0.8827230930328369,10,2156
7927,3,10,1,True,10498,1,False,True,True,True,0.0,0.0,0.7720103859901428,10,1963
7927,4,11,0,True,10498,1,False,,,,,,0.7927168607711792,11,8035
7927,5,4,7,True,10498,1,False,False,False,False,0.4898979663848877,3.0,0.6209670305252075,7,6248
7927,6,3,8,True,10498,1,False,False,False,False,0.44721361994743347,2.0,0.6520736217498779,5,1158
7927,7,9,2,True,10498,2,False,False,False,False,0.2828426957130432,2.0,0.8411896228790283,11,7244
7927,8,3,8,False,1,1,True,False,False,False,0.8944271802902222,6.0,0.8950977325439453,9,53
7927,9,8,3,True,10498,1,False,True,True,True,0.0,0.0,0.7919595837593079,8,4280
7927,10,9,2,True,10498,1,False,True,True,True,0.0,0.0,0.7400000095367432,9,8970
7927,11,7,4,True,10498,1,False,False,False,False,0.4472135901451111,2.0,0.6283311247825623,9,9867
7927,12,4,7,True,10498,7,False,True,True,True,0.0,0.0,0.22271056473255157,4,5747
7927,13,11,0,True,10498,1,False,,,,,,0.7927168607711792,11,8035
7927,14,11,0,True,10498,1,False,,,,,,0.7927168607711792,11,8035
7927,15,9,2,True,10498,1,False,False,False,False,0.19999998807907104,1.0,0.7345747351646423,10,8970
7927,16,10,1,True,10498,1,False,False,False,False,0.19999998807907104,1.0,0.846167802810669,11,4838
7927,17,9,2,True,10498,1,False,True,True,True,0.0,0.0,0.5399999618530273,9,4062
7927,18,9,2,True,10498,1,False,False,False,False,0.4472135901451111,2.0,0.9097252488136292,11,7244
7927,19,8,3,True,10498,1,False,False,False,False,0.6324555277824402,2.0,0.771492063999176,10,10010
7927,20,6,5,True,10498,1,False,False,False,False,0.2828426957130432,2.0,0.634350061416626,8,6851
7927,21,8,3,True,10498,3,False,False,False,False,0.2828426957130432,2.0,0.6717142462730408,10,5275
7927,22,10,1,True,10498,2,False,True,True,True,0.0,0.0,0.7402702569961548,10,9355
7927,23,2,9,False,4,1,True,False,False,False,0.8246211409568787,8.0,0.8251060843467712,10,4838
7927,24,3,8,True,10498,1,False,False,False,False,0.2828426957130432,2.0,0.4745523929595947,5,7980
7927,25,6,5,True,10498,1,False,False,False,False,0.4898979663848877,3.0,0.6216108202934265,9,4062
7927,26,7,4,True,10498,1,False,False,False,False,0.19999998807907104,1.0,0.6409368515014648,8,8025
7927,27,2,9,False,1,1,True,False,False,False,0.9591663479804993,6.0,0.9595832824707031,8,26
7927,28,8,3,True,10498,1,False,False,False,False,0.40000003576278687,1.0,0.6717142462730408,9,4062
7927,29,9,2,True,10498,1,False,False,False,False,0.20000000298023224,1.0,0.7665507793426514,10,1963
7927,30,4,7,True,10498,1,False,False,False,False,0.3464101552963257,3.0,0.5600000023841858,7,8913
7927,31,1,10,False,5,1,True,False,False,False,0.8246211409568787,8.0,0.8248636722564697,9,4838
1727,0,6,5,True,10498,1,False,False,False,False,0.4898979663848877,3.0,0.7499333024024963,9,8025
1727,1,9,2,True,10498,2,False,False,False,False,0.19999998807907104,1.0,0.7665507793426514,10,3317
1727,2,3,8,True,10498,1,False,False,False,False,0.19999998807907104,1.0,0.3704051673412323,4,6846
1727,3,1,10,False,26,3,True,False,False,False,0.20000001788139343,1.0,0.20099753141403198,2,721
1727,4,7,4,True,10498,1,False,False,False,False,0.19999998807907104,1.0,0.6773477792739868,8,5789
1727,5,6,5,True,10498,2,False,False,False,False,0.19999998807907104,1.0,0.6019967198371887,7,5143
1727,6,10,1,True,10498,1,False,True,True,True,0.0,0.0,0.761577308177948,10,6248
1727,7,2,9,False,1,1,True,False,False,False,0.4000000059604645,1.0,0.4009987711906433,3,6312
1727,8,6,5,True,10498,1,False,True,True,True,0.0,0.0,0.38262251019477844,6,8538
1727,9,7,4,True,10498,1,False,False,False,False,0.44721361994743347,2.0,0.6283311247825623,9,8035
1727,10,4,7,False,1,1,True,False,False,False,0.4000000059604645,1.0,0.4019950032234192,5,6312
1727,11,10,1,True,10498,2,False,True,True,True,0.0,0.0,0.7402702569961548,10,3317
1727,12,6,5,True,10498,2,False,False,False,False,0.2828426957130432,2.0,0.7282856702804565,8,7187
1727,13,10,1,True,10498,1,False,True,True,True,0.0,0.0,0.761577308177948,10,6248
1727,14,4,7,True,10498,1,False,True,True,True,0.0,0.0,0.38157567381858826,4,9182
1727,15,11,0,True,10498,1,False,,,,,,0.7927168607711792,11,8035
1727,16,11,0,True,10498,1,False,,,,,,0.7927168607711792,11,8035
1727,17,8,3,True,10498,1,False,True,True,True,0.0,0.0,0.6474565863609314,8,1963
1727,18,8,3,True,10498,1,False,True,True,True,0.0,0.0,0.6474565863609314,8,9921
1727,19,4,7,True,10498,4,False,False,False,False,0.19999998807907104,1.0,0.5153639912605286,5,35
1727,20,8,3,True,10498,1,False,False,False,False,0.4000000059604645,1.0,0.595986545085907,9,8035
1727,21,4,7,True,10498,2,False,False,False,False,0.2828426957130432,2.0,0.4749736487865448,6,1022
1727,22,7,4,True,10498,1,False,True,True,True,0.0,0.0,0.5242137312889099,7,7355
1727,23,7,4,True,10498,1,False,True,True,True,0.0,0.0,0.6714164614677429,7,9508
1727,24,2,9,False,7,1,True,True,True,True,0.0,0.0,0.028284266591072083,2,405
1727,25,3,8,False,2,1,True,False,False,False,1.0198038816452026,6.0,1.0203920602798462,9,6248
1727,26,4,7,True,10498,1,False,False,False,False,0.4898979365825653,3.0,0.6209669709205627,7,8025
1727,27,2,9,True,10498,2,False,False,False,False,0.2828426957130432,2.0,0.5067543983459473,4,7127
1727,28,8,3,True,10498,1,False,False,False,False,0.2828426957130432,2.0,0.6717142462730408,10,5052
1727,29,11,0,True,10498,1,False,,,,,,0.7927168607711792,11,8035
1727,30,10,1,True,10498,1,False,True,True,True,0.0,0.0,0.7924644947052002,10,8035
1727,31,9,2,True,10498,2,False,False,False,False,0.19999998807907104,1.0,0.6415606141090393,10,9355
6606,0,8,3,True,10498,2,False,False,False,False,0.4000000059604645,1.0,0.8119113445281982,9,3317
6606,1,7,4,True,10498,1,False,False,False,False,0.2828426957130432,2.0,0.6714164614677429,9,3317
6606,2,10,1,True,10498,2,False,False,False,False,0.19999998807907104,1.0,0.7668116092681885,11,3317
6606,3,9,2,True,10498,1,False,False,False,False,0.20000001788139343,1.0,0.4853864312171936,10,8035
6606,4,9,2,True,10498,1,False,True,True,True,0.0,0.0,0.7400000691413879,9,9355
6606,5,2,9,False,1,1,True,False,False,False,1.3856406211853027,8.0,1.3859293460845947,10,53
6606,6,4,7,True,10498,1,False,False,False,False,0.2828426957130432,2.0,0.4749736785888672,6,9355
6606,7,1,10,False,5,1,True,False,False,False,0.8717797994613647,5.0,0.8720092177391052,6,6248
6606,8,5,6,True,10498,1,False,False,False,False,0.2828426957130432,2.0,0.4753945767879486,7,9613
6606,9,4,7,False,1,1,True,False,False,False,0.9165151715278625,6.0,0.9173876643180847,10,26
6606,10,8,3,True,10498,1,False,False,False,False,0.4000000059604645,1.0,0.595986545085907,9,8035
6606,11,9,2,True,10498,1,False,False,False,False,0.19999998807907104,1.0,0.8459314703941345,10,6851
6606,12,4,7,True,10498,4,False,False,False,False,0.19999998807907104,1.0,0.29933255910873413,5,2852
6606,13,7,4,True,10498,1,False,False,False,False,0.3464101552963257,3.0,0.6654322147369385,10,5276
6606,14,10,1,True,10498,1,False,True,True,True,0.0,0.0,0.5403702259063721,10,4062
6606,15,7,4,True,10498,1,False,False,False,False,0.20000001788139343,1.0,0.6023288369178772,8,384
6606,16,10,1,True,10498,1,False,True,True,True,0.0,0.0,0.7924644947052002,10,8035
6606,17,8,3,True,10498,1,False,False,False,False,0.19999998807907104,1.0,0.6412488222122192,9,9355
6606,18,3,8,True,10498,5,False,False,False,False,0.19999998807907104,1.0,0.3704051673412323,4,840
6606,19,3,8,True,10498,3,False,False,False,False,0.19999998807907104,1.0,0.5596427321434021,4,4136
6606,20,1,10,False,26,1,True,False,False,False,0.4898979365825653,3.0,0.49030598998069763,4,4139
6606,21,8,3,True,10498,1,False,False,False,False,0.19999998807907104,1.0,0.6412488222122192,9,9355
6606,22,7,4,True,10498,1,False,False,False,False,0.2828426957130432,2.0,0.634665310382843,9,1607
6606,23,4,7,True,10498,1,False,False,False,False,0.44721361994743347,2.0,0.6881860494613647,6,384
6606,24,6,5,True,10498,1,False,False,False,False,0.2828426957130432,2.0,0.475815087556839,8,10463
6606,25,9,2,True,10498,1,False,False,False,False,0.20000001788139343,1.0,0.4853864312171936,10,8035
6606,26,6,5,True,10498,1,False,False,False,False,0.2828426957130432,2.0,0.5678027868270874,8,1963
6606,27,2,9,False,1,1,True,False,False,False,1.3856406211853027,8.0,1.3859292268753052,10,53
6606,28,11,0,True,10498,1,False,,,,,,0.7927168607711792,11,8035
6606,29,9,2,True,10498,1,False,False,False,False,0.2828426957130432,2.0,0.6720119118690491,11,3317
6606,30,8,3,True,10498,1,False,False,False,False,0.4000000059604645,1.0,0.6951258778572083,9,9355
6606,31,5,6,True,10498,1,False,False,False,False,0.4898979663848877,3.0,0.5813776850700378,8,7262
2894,0,9,2,True,10498,2,False,False,False,False,0.19999998807907104,1.0,0.7665507793426514,10,9355
2894,1,6,5,True,10498,1,False,False,False,False,0.19999998807907104,1.0,0.6406247019767761,7,8025
2894,2,3,8,True,10498,3,False,False,False,False,0.3464101552963257,3.0,0.6270565986633301,6,1955
2894,3,7,4,True,10498,1,False,False,False,False,0.2828426957130432,2.0,0.7062577605247498,9,7181
2894,4,11,0,True,10498,1,False,,,,,,0.7927168607711792,11,8035
2894,5,7,4,True,10498,1,False,False,False,False,0.4000000059604645,1.0,0.634665310382843,8,4280
2894,6,10,1,True,10498,1,False,False,False,False,0.4000000059604645,1.0,0.6356099247932434,11,8035
2894,7,9,2,True,10498,1,False,False,False,False,0.19999998807907104,1.0,0.7345747351646423,10,8970
2894,8,4,7,False,1,1,True,False,False,False,0.9165151715278625,7.0,0.9173876047134399,11,26
2894,9,10,1,True,10498,2,False,True,True,True,0.0,0.0,0.7402702569961548,10,3317
2894,10,2,9,False,2,1,True,False,False,False,1.1489125490188599,8.0,1.1492606401443481,10,26
2894,11,7,4,True,10498,1,False,False,False,False,0.2828426957130432,2.0,0.47623521089553833,9,6025
2894,12,1,10,False,10460,92,True,True,True,True,0.0,0.0,0.019999980926513672,1,1013
2894,13,7,4,True,10498,1,False,False,False,False,0.20000001788139343,1.0,0.6409368515014648,8,5789
2894,14,11,0,True,10498,1,False,,,,,,0.7927168607711792,11,8035
2894,15,3,8,True,10498,2,False,False,False,False,0.2828426957130432,2.0,0.4209512770175934,5,5496
2894,16,8,3,True,10498,1,False,False,False,False,0.3464101552963257,3.0,0.6412487626075745,11,4838
2894,17,9,2,True,10498,1,False,False,False,False,0.5656854510307312,2.0,0.7180529236793518,11,8035
2894,18,3,8,False,245,15,True,True,True,True,0.0,0.0,0.034641001373529434,3,7000
2894,19,1,10,False,10411,92,True,True,True,True,0.0,0.0,0.019999980926513672,1,5849
2894,20,5,6,True,10498,1,False,False,False,False,0.2828426957130432,2.0,0.6340346932411194,7,8025
2894,21,10,1,True,10498,1,False,False,False,False,0.19999998807907104,1.0,0.5761944055557251,11,4062
2894,22,7,4,True,10498,2,False,False,False,False,0.19999998807907104,1.0,0.8165782690048218,8,10051
2894,23,6,5,True,10498,1,False,False,False,False,0.6928203105926514,3.0,0.7914543747901917,9,8035
2894,24,2,9,False,51,1,True,False,False,False,0.5291502475738525,4.0,0.5299056768417358,6,10023
2894,25,3,8,True,10498,1,False,False,False,False,0.2828426957130432,2.0,0.4745524227619171,5,3535
2894,26,3,8,True,10498,1,False,True,True,True,0.0,0.0,0.2218107283115387,3,5155
2894,27,6,5,True,10498,1,False,False,False,False,0.4000000059604645,1.0,0.5953150987625122,7,2221
2894,28,7,4,True,10498,1,False,False,False,False,0.2828426957130432,2.0,0.5242136716842651,9,6248
2894,29,11,0,True,10498,1,False,,,,,,0.7927168607711792,11,8035
2894,30,3,8,True,10498,1,False,False,False,False,0.2828426957130432,2.0,0.552449107170105,5,9681
2894,31,3,8,True,10498,1,False,False,False,False,0.2828426957130432,2.0,0.4745524227619171,5,8926
8657,0,6,5,True,10498,1,False,False,False,False,0.20000001788139343,1.0,0.531413197517395,7,2156
8657,1,8,3,True,10498,1,False,False,False,False,0.4000000059604645,1.0,0.8313844203948975,9,10010
8657,2,4,7,True,10498,1,False,False,False,False,0.20000001788139343,1.0,0.430813193321228,5,428
8657,3,2,9,True,10498,1,False,False,False,False,0.2828426957130432,2.0,0.42047592997550964,4,6083
8657,4,8,3,True,10498,4,False,True,True,True,0.0,0.0,0.5685068368911743,8,9213
8657,5,4,7,True,10498,1,False,False,False,False,0.5656854510307312,2.0,0.682348906993866,6,10010
8657,6,7,4,True,10498,1,False,False,False,False,0.2828426957130432,2.0,0.6714164018630981,9,2658
8657,7,5,6,True,10498,1,False,False,False,False,0.2828426957130432,2.0,0.5949790477752686,7,9508
8657,8,7,4,True,10498,1,False,False,False,False,0.2828426957130432,2.0,0.706257700920105,9,7181
8657,9,9,2,True,10498,1,False,True,True,True,0.0,0.0,0.8506468534469604,9,9931
8657,10,6,5,True,10498,2,False,False,False,False,0.2828426957130432,2.0,0.4758150577545166,8,3826
8657,11,8,3,True,10498,1,False,False,False,False,0.20000001788139343,1.0,0.7662897706031799,9,1948
8657,12,6,5,True,10498,6,False,False,False,False,0.19999998807907104,1.0,0.601996660232544,7,8278
8657,13,9,2,True,10498,2,False,False,False,False,0.19999998807907104,1.0,0.7665507793426514,10,9355
8657,14,10,1,True,10498,1,False,True,True,True,0.0,0.0,0.761577308177948,10,6248
8657,15,1,10,False,3,1,True,False,False,False,1.039230465888977,8.0,1.039422869682312,9,8970
8657,16,9,2,True,10498,1,False,True,True,True,0.0,0.0,0.7613146305084229,9,6248
8657,17,2,9,True,10498,2,False,True,True,True,0.0,0.0,0.3111269772052765,2,9734
8657,18,6,5,True,10498,1,False,False,False,False,0.19999998807907104,1.0,0.601996660232544,7,2830
8657,19,1,10,False,3,1,True,False,False,False,1.039230465888977,8.0,1.039422869682312,9,8970
8657,20,3,8,True,10498,1,False,True,True,True,0.0,0.0,0.2218107283115387,3,6600
8657,21,11,0,True,10498,1,False,,,,,,0.7927168607711792,11,8035
8657,22,9,2,True,10498,1,False,False,False,False,0.4000000059604645,1.0,0.5963220596313477,10,8035
8657,23,4,7,True,10498,1,False,False,False,False,0.19999998807907104,1.0,0.5153639912605286,5,7763
8657,24,8,3,True,10498,2,False,True,True,True,0.0,0.0,0.6092618703842163,8,370
8657,25,4,7,True,10498,1,False,False,False,False,0.19999998807907104,1.0,0.5600000023841858,5,3740
8657,26,10,1,True,10498,1,False,True,True,True,0.0,0.0,0.7924644947052002,10,8035
8657,27,2,9,False,1,1,True,False,False,False,1.2961480617523193,9.0,1.2964566946029663,11,53
8657,28,11,0,True,10498,1,False,,,,,,0.7927168607711792,11,8035
8657,29,8,3,True,10498,1,False,False,False,False,0.19999998807907104,1.0,0.6412488222122192,9,9355
8657,30,1,10,False,25,1,True,False,False,False,1.0,8.0,1.0002000331878662,9,7924
8657,31,10,1,True,10498,1,False,True,True,True,0.0,0.0,0.7924644947052002,10,8035
8979,0,2,9,False,2,1,True,False,False,False,0.2828426957130432,2.0,0.28425338864326477,4,4139
8979,1,7,4,True,10498,1,False,False,False,False,0.19999998807907104,1.0,0.6023288369178772,8,3128
8979,2,8,3,True,10498,1,False,False,False,False,0.19999998807907104,1.0,0.5321653485298157,9,8035
8979,3,7,4,True,10498,1,False,True,True,True,0.0,0.0,0.6089335083961487,7,5275
8979,4,9,2,True,10498,1,False,False,False,False,0.20000001788139343,1.0,0.8459314703941345,10,7244
8979,5,6,5,True,10498,1,False,False,False,False,0.4472135901451111,2.0,0.6887670755386353,8,8970
8979,6,1,10,False,2981,23,True,True,True,True,0.0,0.0,0.019999995827674866,1,363
8979,7,7,4,True,10498,1,False,False,False,False,0.2828426957130432,2.0,0.47623521089553833,9,8970
8979,8,1,10,False,1,1,True,False,False,False,1.2328827381134033,10.0,1.233044981956482,11,53
8979,9,10,1,True,10498,2,False,True,True,True,0.0,0.0,0.7402702569961548,10,9355
8979,10,9,2,True,10498,1,False,False,False,False,0.2828426957130432,2.0,0.5688585042953491,11,8035
8979,11,3,8,True,10498,1,False,False,False,False,0.4000000059604645,4.0,0.6206448674201965,7,7183
8979,12,11,0,True,10498,1,False,,,,,,0.7927168607711792,11,8035
8979,13,9,2,True,10498,1,False,False,False,False,0.3999999761581421,1.0,0.6720119118690491,10,4062
8979,14,11,0,True,10498,1,False,,,,,,0.7927168607711792,11,8035
8979,15,6,5,True,10498,1,False,False,False,False,0.4898979663848877,3.0,0.6590902805328369,9,8035
8979,16,8,3,True,10498,1,False,False,False,False,0.19999998807907104,1.0,0.5754997730255127,9,7244
8979,17,4,7,True,10498,2,False,False,False,False,0.2828426957130432,2.0,0.42142611742019653,6,912
8979,18,1,10,False,26,3,True,False,False,False,0.3464101552963257,3.0,0.3469870388507843,4,10063
8979,19,2,9,True,10498,1,False,False,False,False,0.3464101552963257,3.0,0.4656178653240204,5,9604
8979,20,2,9,False,1,1,True,False,False,False,1.0770329236984253,9.0,1.077404260635376,11,53
8979,21,4,7,True,10498,1,False,False,False,False,0.2828426957130432,2.0,0.5946427583694458,6,8926
8979,22,7,4,True,10498,1,False,False,False,False,0.19999998807907104,1.0,0.6409368515014648,8,295
8979,23,9,2,True,10498,1,False,False,False,False,0.19999998807907104,1.0,0.6415606141090393,10,8970
8979,24,3,8,True,10498,1,False,False,False,False,0.19999998807907104,1.0,0.5149757266044617,4,10013
8979,25,2,9,True,10498,1,False,False,False,False,0.19999998807907104,1.0,0.2979932725429535,3,8573
8979,26,6,5,True,10498,1,False,False,False,False,0.19999998807907104,1.0,0.6406247019767761,7,1951
8979,27,4,7,True,10498,2,False,False,False,False,0.4000000059604645,4.0,0.6209670305252075,8,5651
8979,28,11,0,True,10498,1,False,,,,,,0.7927168607711792,11,8035
8979,29,6,5,True,10498,1,False,False,False,False,0.2828426957130432,2.0,0.634350061416626,8,2830
8979,30,11,0,True,10498,1,False,,,,,,0.7927168607711792,11,8035
8979,31,10,1,True,10498,1,False,True,True,True,0.0,0.0,0.7924644947052002,10,8035
667,0,5,6,True,10498,1,False,False,False,False,0.44721361994743347,2.0,0.5458937883377075,7,6248
667,1,11,0,True,10498,1,False,,,,,,0.7927168607711792,11,8035
667,2,2,9,False,2,2,True,False,False,False,0.8246211409568787,6.0,0.8251060843467712,8,7499
667,3,3,8,True,10498,1,False,False,False,False,0.2828426957130432,2.0,0.42095130681991577,5,6803
667,4,7,4,True,10498,1,False,False,False,False,0.4000000059604645,1.0,0.5956509113311768,8,4062
667,5,8,3,True,10498,1,False,False,False,False,0.4000000059604645,1.0,0.634980320930481,9,4062
667,6,2,9,False,51,1,True,False,False,False,0.2828426957130432,2.0,0.28425338864326477,4,9617
667,7,3,8,True,10498,1,False,False,False,False,0.3464101552963257,3.0,0.4660472273826599,6,4767
667,8,3,8,False,51,1,True,False,False,False,0.2828426957130432,2.0,0.2849561274051666,5,9617
667,9,1,10,False,575,16,True,False,False,False,0.19999998807907104,1.0,0.2009975016117096,2,10084
667,10,5,6,False,7,1,True,False,False,False,0.8246211409568787,3.0,0.8258329629898071,8,8838
667,11,4,7,True,10498,1,False,False,False,False,0.2828426957130432,2.0,0.5946427583694458,6,5820
667,12,8,3,True,10498,1,False,False,False,False,0.20000000298023224,1.0,0.5754997730255127,9,4062
667,13,6,5,True,10498,1,False,False,False,False,0.20000001788139343,1.0,0.7552483081817627,7,8035
667,14,11,0,True,10498,1,False,,,,,,0.7927168607711792,11,8035
667,15,5,6,True,10498,1,False,False,False,False,0.20000001788139343,1.0,0.43127715587615967,6,7262
667,16,9,2,True,10498,1,False,False,False,False,0.2828426957130432,2.0,0.7068239450454712,11,7181
667,17,3,8,True,10498,1,False,False,False,False,0.2828426957130432,2.0,0.552449107170105,5,2126
667,18,11,0,True,10498,1,False,,,,,,0.7927168607711792,11,8035
667,19,8,3,True,10498,2,False,False,False,False,0.19999998807907104,1.0,0.7662898302078247,9,9355
667,20,3,8,True,10498,2,False,False,False,False,0.19999998807907104,1.0,0.3704051673412323,4,5809
667,21,4,7,True,10498,1,False,False,False,False,0.44721361994743347,2.0,0.5878775715827942,6,4062
667,22,5,6,True,10498,1,False,True,True,True,0.0,0.0,0.6340347528457642,5,9508
667,23,8,3,True,10498,1,False,False,False,False,0.2828427255153656,2.0,0.634980320930481,10,8970
667,24,9,2,True,10498,2,False,False,False,False,0.19999998807907104,1.0,0.7665507793426514,10,3317
667,25,2,9,False,4,1,True,False,False,False,0.6633250117301941,5.0,0.6639277338981628,7,6248
667,26,2,9,True,10498,1,False,False,False,False,0.19999998807907104,1.0,0.5145872235298157,3,563
667,27,1,10,False,3,1,True,False,False,False,0.7211102843284607,7.0,0.7213875651359558,8,8970
667,28,11,0,True,10498,1,False,,,,,,0.7927168607711792,11,8035
667,29,1,10,False,575,16,True,False,False,False,0.19999998807907104,1.0,0.2009975016117096,2,2359
667,30,11,0,True,10498,1,False,,,,,,0.7927168607711792,11,8035
667,31,9,2,True,10498,2,False,False,False,False,0.19999998807907104,1.0,0.7665507793426514,10,9355
9290,0,8,3,True,10498,1,False,False,False,False,0.44721361994743347,2.0,0.5892367959022522,10,8035
9290,1,9,2,True,10498,1,False,False,False,False,0.19999998807907104,1.0,0.7345747351646423,10,9355
9290,2,7,4,True,10498,1,False,False,False,False,0.4000000059604645,1.0,0.8870174288749695,8,7244
9290,3,8,3,True,10498,1,False,False,False,False,0.5999999642372131,3.0,0.7766594886779785,11,4838
9290,4,8,3,True,10498,2,False,False,False,False,0.4000000059604645,1.0,0.8119113445281982,9,9355
9290,5,11,0,True,10498,1,False,,,,,,0.7927168607711792,11,8035
9290,6,3,8,True,10498,2,False,False,False,False,0.2828426957130432,2.0,0.4745524227619171,5,9121
9290,7,10,1,True,10498,1,False,False,False,False,0.3999999761581421,1.0,0.6723094582557678,11,4062
9290,8,9,2,True,10498,1,False,True,True,True,0.0,0.0,0.7922121286392212,9,8035
9290,9,1,10,False,1616,53,True,True,True,True,0.0,0.0,0.02000001072883606,1,3096
9290,10,3,8,False,1,1,True,False,False,False,1.095445156097412,7.0,1.0959926843643188,10,6248
9290,11,9,2,True,10498,1,False,True,True,True,0.0,0.0,0.7400000095367432,9,8970
9290,12,2,9,True,10498,1,False,False,False,False,0.19999998807907104,1.0,0.4656178951263428,3,9146
9290,13,11,0,True,10498,1,False,,,,,,0.7927168607711792,11,8035
9290,14,3,8,True,10498,9,False,False,False,False,0.19999998807907104,1.0,0.5596427321434021,4,5252
9290,15,4,7,True,10498,1,False,True,True,True,0.0,0.0,0.5230678915977478,4,8230
9290,16,4,7,True,10498,1,False,True,True,True,0.0,0.0,0.5670979022979736,4,1951
9290,17,6,5,True,10498,1,False,True,True,True,0.0,0.0,0.6468384861946106,6,9921
9290,18,6,5,True,10498,3,False,False,False,False,0.4472135901451111,2.0,0.7552483677864075,8,6850
9290,19,1,10,False,26,3,True,False,False,False,0.20000001788139343,1.0,0.20099753141403198,2,10063
9290,20,9,2,True,10498,1,False,True,True,True,0.0,0.0,0.7922121286392212,9,8035
9290,21,4,7,True,10498,4,False,False,False,False,0.19999998807907104,1.0,0.4664761424064636,5,4132
9290,22,3,8,False,6,2,True,False,False,False,0.4000000059604645,4.0,0.4014972150325775,7,423
9290,23,2,9,False,540,1,True,True,True,True,0.0,0.0,0.028284255415201187,2,8445
9290,24,5,6,True,10498,1,False,True,True,True,0.0,0.0,0.382099449634552,5,9182
9290,25,6,5,True,10498,1,False,True,True,True,0.0,0.0,0.6086049675941467,6,1948
9290,26,9,2,True,10498,1,False,True,True,True,0.0,0.0,0.49355849623680115,9,8035
9290,27,3,8,True,10498,1,False,True,True,True,0.0,0.0,0.4745524227619171,3,6059
9290,28,2,9,False,24,1,True,False,False,False,0.8246211409568787,6.0,0.8251060843467712,8,7145
9290,29,8,3,True,10498,1,False,False,False,False,0.44721361994743347,2.0,0.5892367959022522,10,8035
9290,30,4,7,True,10498,1,False,False,False,False,0.3464101552963257,3.0,0.5455272793769836,7,10445
9290,31,9,2,True,10498,1,False,False,False,False,0.20000001788139343,1.0,0.4853864312171936,10,8035
5803,0,7,4,True,10498,1,False,False,False,False,0.4898979365825653,3.0,0.6593936681747437,10,4062
5803,1,10,1,True,10498,1,False,True,True,True,0.0,0.0,0.7402702569961548,10,3317
5803,2,6,5,True,10498,1,False,False,False,False,0.2828426957130432,2.0,0.5953150391578674,8,8970
5803,3,10,1,True,10498,1,False,True,True,True,0.0,0.0,0.7402702569961548,10,3317
5803,4,10,1,True,10498,1,False,True,True,True,0.0,0.0,0.7924644947052002,10,8035
5803,5,2,9,False,3,1,True,False,False,False,0.4472135901451111,5.0,0.44810712337493896,7,8970
5803,6,11,0,True,10498,1,False,,,,,,0.7927168607711792,11,8035
5803,7,2,9,False,4,1,True,False,False,False,0.8246211409568787,8.0,0.8251060843467712,10,4838
5803,8,8,3,True,10498,2,False,False,False,False,0.19999998807907104,1.0,0.7662897706031799,9,3317
5803,9,10,1,True,10498,1,False,False,False,False,0.3999999761581421,1.0,0.6723094582557678,11,4062
5803,10,11,0,True,10498,1,False,,,,,,0.7927168607711792,11,8035
5803,11,6,5,True,10498,2,False,False,False,False,0.2828426957130432,2.0,0.6945502758026123,8,5352
5803,12,1,10,False,1,1,True,False,False,False,1.4560219049453735,10.0,1.4561593532562256,11,53
5803,13,5,6,True,10498,1,False,False,False,False,0.2828426957130432,2.0,0.5949790477752686,7,254
5803,14,6,5,True,10498,1,False,False,False,False,0.4472135603427887,2.0,0.6280127167701721,8,6248
5803,15,2,9,False,540,6,True,False,False,False,0.19999998807907104,1.0,0.20199008285999298,3,12
5803,16,5,6,True,10498,1,False,False,False,False,0.2828426957130432,2.0,0.4753945469856262,7,9355
5803,17,7,4,True,10498,1,False,True,True,True,0.0,0.0,0.5681549310684204,7,7878
5803,18,6,5,True,10498,1,False,False,False,False,0.44721361994743347,2.0,0.5885576009750366,8,8035
5803,19,4,7,True,10498,1,False,False,False,False,0.4000000059604645,1.0,0.6939740777015686,5,9092
5803,20,3,8,False,1,1,True,False,False,False,1.039230465888977,7.0,1.039807677268982,10,26
5803,21,1,10,False,10460,51,True,True,True,True,0.0,0.0,0.019999980926513672,1,10324
5803,22,5,6,True,10498,2,False,True,True,True,0.0,0.0,0.382099449634552,5,5990
5803,23,10,1,True,10498,1,False,True,True,True,0.0,0.0,0.7924644947052002,10,8035
5803,24,11,0,True,10498,1,False,,,,,,0.7927168607711792,11,8035
5803,25,10,1,True,10498,1,False,True,True,True,0.0,0.0,0.7924644947052002,10,8035
5803,26,10,1,True,10498,1,False,True,True,True,0.0,0.0,0.4939635396003723,10,8035
5803,27,10,1,True,10498,1,False,True,True,True,0.0,0.0,0.7924644947052002,10,8035
5803,28,9,2,True,10498,1,False,False,False,False,0.19999998807907104,1.0,0.6779380440711975,10,5789
5803,29,7,4,True,10498,1,False,False,False,False,0.2828426957130432,2.0,0.5242136716842651,9,9355
5803,30,4,7,True,10498,1,False,False,False,False,0.2828426957130432,2.0,0.523067831993103,6,7181
5803,31,5,6,True,10498,1,False,True,True,True,0.0,0.0,0.44045430421829224,5,3826
964,0,10,1,True,10498,1,False,True,True,True,0.0,0.0,0.4939635396003723,10,8035
964,1,8,3,True,10498,1,False,False,False,False,0.7211102843284607,2.0,0.8168231248855591,10,6248
964,2,8,3,True,10498,1,False,False,False,False,0.2828427255153656,2.0,0.634980320930481,10,9355
964,3,3,8,False,2,1,True,False,False,False,0.9380831718444824,8.0,0.9387226104736328,11,8970
964,4,10,1,True,10498,2,False,False,False,False,0.19999998807907104,1.0,0.7668116092681885,11,3317
964,5,1,10,False,5,1,True,False,False,False,1.1135529279708862,9.0,1.1137324571609497,10,8970
964,6,3,8,False,2,1,True,False,False,False,0.8717797994613647,3.0,0.8724678158760071,6,9617
964,7,6,5,True,10498,4,False,False,False,False,0.2828426957130432,2.0,0.4223741888999939,8,2662
964,8,8,3,True,10498,1,False,False,False,False,0.4000000059604645,1.0,0.8313844203948975,9,6248
964,9,10,1,True,10498,2,False,False,False,False,0.19999998807907104,1.0,0.7668116688728333,11,9355
964,10,8,3,True,10498,1,False,False,False,False,0.2828426957130432,2.0,0.6717142462730408,10,3317
964,11,8,3,True,10498,1,False,False,False,False,0.4000000059604645,1.0,0.634980320930481,9,7244
964,12,11,0,True,10498,1,False,,,,,,0.7927168607711792,11,8035
964,13,6,5,True,10498,1,False,False,False,False,0.3464101552963257,3.0,0.5607138276100159,9,1963
964,14,5,6,True,10498,1,False,False,False,False,0.2828426957130432,2.0,0.6340346932411194,7,1951
964,15,5,6,True,10498,1,False,True,True,True,0.0,0.0,0.5674504637718201,5,295
964,16,8,3,True,10498,1,False,False,False,False,0.2828426957130432,2.0,0.7065408825874329,10,7181
964,17,11,0,True,10498,1,False,,,,,,0.7927168607711792,11,8035
964,18,11,0,True,10498,1,False,,,,,,0.7927168607711792,11,8035
964,19,2,9,False,24,1,True,False,False,False,1.0,6.0,1.0003999471664429,8,1157
964,20,8,3,True,10498,1,False,False,False,False,0.19999998807907104,1.0,0.6026607751846313,9,3317
964,21,5,6,True,10498,8,False,False,False,False,0.19999998807907104,1.0,0.5157518982887268,6,9628
964,22,9,2,True,10498,1,False,False,False,False,0.20000001788139343,1.0,0.4853864312171936,10,8035
964,23,11,0,True,10498,1,False,,,,,,0.7927168607711792,11,8035
964,24,11,0,True,10498,1,False,,,,,,0.7927168607711792,11,8035
964,25,5,6,True,10498,1,False,False,False,False,0.4898979663848877,3.0,0.7496666312217712,8,1948
964,26,1,10,False,52,3,True,False,False,False,0.19999998807907104,1.0,0.2009975016117096,2,6452
964,27,5,6,True,10498,1,False,True,True,True,0.0,0.0,0.6340347528457642,5,7763
964,28,9,2,True,10498,1,False,False,False,False,0.20000001788139343,1.0,0.6415606141090393,10,9355
964,29,10,1,True,10498,1,False,True,True,True,0.0,0.0,0.761577308177948,10,8035
964,30,6,5,True,10498,7,False,False,False,False,0.19999998807907104,1.0,0.5607138276100159,7,5383
964,31,2,9,False,48,3,True,False,False,False,0.19999998807907104,1.0,0.20199008285999298,3,4242
2378,0,11,0,True,10498,1,False,,,,,,0.7927168607711792,11,8035
2378,1,5,6,True,10498,1,False,False,False,False,0.20000001788139343,1.0,0.6016644239425659,6,9921
2378,2,8,3,True,10498,1,False,False,False,False,0.20000001788139343,1.0,0.5321654081344604,9,7244
2378,3,1,10,False,25,1,True,False,False,False,0.9380831718444824,8.0,0.938296377658844,9,7924
2378,4,1,10,False,3,1,True,False,False,False,1.039230465888977,8.0,1.039422869682312,9,8970
2378,5,5,6,True,10498,1,False,False,False,False,0.4898979663848877,3.0,0.5813777446746826,8,8035
2378,6,6,5,True,10498,1,False,False,False,False,0.2828427255153656,2.0,0.475815087556839,8,8035
2378,7,4,7,True,10498,1,False,False,False,False,0.2828427255153656,2.0,0.4214261770248413,6,2156
2378,8,5,6,True,10498,1,False,True,True,True,0.0,0.0,0.5234501361846924,5,1954
2378,9,3,8,True,10498,1,False,True,True,True,0.0,0.0,0.2218107283115387,3,9731
2378,10,11,0,True,10498,1,False,,,,,,0.7927168607711792,11,8035
2378,11,4,7,True,10498,1,False,False,False,False,0.2828427255153656,2.0,0.4749737083911896,6,10010
2378,12,11,0,True,10498,1,False,,,,,,0.7927168607711792,11,8035
2378,13,7,4,True,10498,1,False,True,True,True,0.0,0.0,0.5681549310684204,7,3317
2378,14,8,3,True,10498,1,False,False,False,False,0.4898979365825653,3.0,0.622253954410553,11,6248
2378,15,9,2,True,10498,1,False,True,True,True,0.0,0.0,0.7613146305084229,9,8035
2378,16,11,0,True,10498,1,False,,,,,,0.7927168607711792,11,8035
2378,17,8,3,True,10498,1,False,True,True,True,0.0,0.0,0.6474565863609314,8,1948
2378,18,11,0,True,10498,1,False,,,,,,0.7927168607711792,11,8035
2378,19,2,9,False,220,14,True,True,True,True,0.0,0.0,0.02828427590429783,2,3898
2378,20,5,6,True,10498,3,False,True,True,True,0.0,0.0,0.5674504637718201,5,1947
2378,21,10,1,True,10498,2,False,False,False,False,0.19999998807907104,1.0,0.7668116092681885,11,3317
2378,22,3,8,True,10498,1,False,False,False,False,0.34641018509864807,3.0,0.5149757266044617,6,7244
2378,23,5,6,True,10498,2,False,False,False,False,0.19999998807907104,1.0,0.43127715587615967,6,9484
2378,24,10,1,True,10498,1,False,False,False,False,0.20000001788139343,1.0,0.7874007821083069,11,8035
2378,25,8,3,True,10498,1,False,False,False,False,0.20000001788139343,1.0,0.7662897706031799,9,9921
2378,26,10,1,True,10498,1,False,True,True,True,0.0,0.0,0.4939635396003723,10,8035
2378,27,10,1,True,10498,1,False,True,True,True,0.0,0.0,0.8221921920776367,10,7244
2378,28,1,10,False,52,1,True,False,False,False,0.20000001788139343,1.0,0.20099753141403198,2,421
2378,29,9,2,True,10498,1,False,False,False,False,0.20000001788139343,1.0,0.7871467471122742,10,8035
2378,30,6,5,True,10498,1,False,True,True,True,0.0,0.0,0.7059745192527771,6,1948
2378,31,1,10,False,10411,54,True,True,True,True,0.0,0.0,0.019999980926513672,1,2378
4715,0,8,3,True,10498,1,False,False,False,False,0.4472135901451111,2.0,0.8827230930328369,10,2156
4715,1,8,3,True,10498,1,False,False,False,False,0.2828426957130432,2.0,0.7919596433639526,10,2658
4715,2,8,3,True,10498,1,False,False,False,False,0.19999998807907104,1.0,0.8168231248855591,9,2156
4715,3,9,2,True,10498,1,False,False,False,False,0.2828426957130432,2.0,0.7068238854408264,11,1963
4715,4,4,7,True,10498,2,False,True,True,True,0.0,0.0,0.31240999698638916,4,1698
4715,5,4,7,True,10498,1,False,False,False,False,0.2828426957130432,2.0,0.4749736487865448,6,5372
4715,6,9,2,True,10498,1,False,False,False,False,0.19999998807907104,1.0,0.8459314703941345,10,7244
4715,7,6,5,True,10498,1,False,False,False,False,0.2828426957130432,2.0,0.5678027868270874,8,1951
4715,8,5,6,True,10498,2,False,False,False,False,0.3464101552963257,3.0,0.5157518982887268,8,7768
4715,9,5,6,True,10498,1,False,False,False,False,0.19999998807907104,1.0,0.43127715587615967,6,9268
4715,10,4,7,False,1,1,True,False,False,False,0.800000011920929,7.0,0.8009994029998779,11,53
4715,11,7,4,True,10498,1,False,False,False,False,0.3464101552963257,3.0,0.5610703825950623,10,9092
4715,12,11,0,True,10498,1,False,,,,,,0.7927168607711792,11,8035
4715,13,3,8,True,10498,3,False,False,False,False,0.2828426957130432,2.0,0.4209512770175934,5,9714
4715,14,11,0,True,10498,1,False,,,,,,0.7927168607711792,11,8035
4715,15,10,1,True,10498,1,False,True,True,True,0.0,0.0,0.7924644947052002,10,8035
4715,16,5,6,True,10498,1,False,False,False,False,0.2828426957130432,2.0,0.7280110120773315,7,7763
4715,17,3,8,True,10498,1,False,False,False,False,0.2828426957130432,2.0,0.5943063497543335,5,8926
4715,18,11,0,True,10498,1,False,,,,,,0.7927168607711792,11,8035
4715,19,6,5,True,10498,1,False,False,False,False,0.19999998807907104,1.0,0.4317406117916107,7,1115
4715,20,1,10,False,10460,37,True,True,True,True,0.0,0.0,0.019999980926513672,1,10354
4715,21,6,5,True,10498,1,False,False,False,False,0.19999998807907104,1.0,0.6651315689086914,7,5392
4715,22,1,10,False,26,1,True,False,False,False,0.4898979365825653,3.0,0.49030601978302,4,7805
4715,23,1,10,False,52,1,True,False,False,False,0.4472135901451111,2.0,0.4476605951786041,3,6452
4715,24,6,5,True,10498,1,False,False,False,False,0.3999999761581421,4.0,0.6945502161979675,10,2170
4715,25,9,2,True,10498,2,False,True,True,True,0.0,0.0,0.7400000095367432,9,9355
4715,26,6,5,True,10498,1,False,True,True,True,0.0,0.0,0.6711184978485107,6,8438
4715,27,2,9,False,25,1,True,False,False,False,0.4898979365825653,3.0,0.4907137453556061,5,7805
4715,28,5,6,True,10498,1,False,False,False,False,0.6000000238418579,3.0,0.7113367915153503,8,7262
4715,29,6,5,True,10498,4,False,False,False,False,0.19999998807907104,1.0,0.5607138276100159,7,9688
4715,30,10,1,True,10498,1,False,False,False,False,0.19999998807907104,1.0,0.5329164862632751,11,8035
4715,31,3,8,True,10498,2,False,True,True,True,0.0,0.0,0.5226854085922241,3,6058
4642,0,8,3,True,10498,1,False,False,False,False,0.4000000059604645,1.0,0.8313844203948975,9,6248
4642,1,10,1,True,10498,1,False,False,False,False,0.19999998807907104,1.0,0.846167802810669,11,4838
4642,2,1,10,False,52,1,True,False,False,False,0.6000000834465027,3.0,0.6003332734107971,4,9617
4642,3,4,7,True,10498,1,False,True,True,True,0.0,0.0,0.4749737083911896,4,3944
4642,4,5,6,True,10498,1,False,False,False,False,0.2828426957130432,2.0,0.7280110120773315,7,2628
4642,5,4,7,True,10498,2,False,False,False,False,0.2828427255153656,2.0,0.5528110265731812,6,6981
4642,6,7,4,True,10498,1,False,False,False,False,0.20000001788139343,1.0,0.6023288369178772,8,8025
4642,7,5,6,True,10498,2,False,False,False,False,0.2828426957130432,2.0,0.4219004213809967,7,6756
4642,8,5,6,True,10498,2,False,False,False,False,0.19999998807907104,1.0,0.3714834749698639,6,9508
4642,9,8,3,True,10498,1,False,False,False,False,0.19999998807907104,1.0,0.5321654081344604,9,4280
4642,10,1,10,False,3,1,True,False,False,False,0.8717798590660095,7.0,0.8720092177391052,8,8970
4642,11,1,10,False,10460,6,True,True,True,True,0.0,0.0,0.019999980926513672,1,4642
4642,12,9,2,True,10498,2,False,False,False,False,0.19999998807907104,1.0,0.7665507793426514,10,9355
4642,13,4,7,True,10498,1,False,False,False,False,0.3464101552963257,3.0,0.7222188711166382,7,8279
4642,14,11,0,True,10498,1,False,,,,,,0.7927168607711792,11,8035
4642,15,9,2,True,10498,1,False,False,False,False,0.19999998807907104,1.0,0.5758471488952637,10,4838
4642,16,2,9,True,10498,1,False,False,False,False,0.3464101552963257,3.0,0.4656178653240204,5,562
4642,17,6,5,True,10498,2,False,False,False,False,0.3464101552963257,3.0,0.722772479057312,9,10051
4642,18,8,3,True,10498,1,False,False,False,False,0.2828426957130432,2.0,0.5245950818061829,10,8035
4642,19,1,10,False,10411,6,True,True,True,True,0.0,0.0,0.019999980926513672,1,3997
4642,20,8,3,True,10498,1,False,False,False,False,0.19999998807907104,1.0,0.5321653485298157,9,8035
4642,21,7,4,True,10498,1,False,False,False,False,0.44721361994743347,2.0,0.7555131316184998,9,3317
4642,22,1,10,False,575,11,True,True,True,True,0.0,0.0,0.019999995827674866,1,9574
4642,23,7,4,True,10498,2,False,False,False,False,0.19999998807907104,1.0,0.6409368515014648,8,3317
4642,24,10,1,True,10498,1,False,True,True,True,0.0,0.0,0.761577308177948,10,6248
4642,25,5,6,True,10498,2,False,False,False,False,0.2828426957130432,2.0,0.7280110120773315,7,5800
4642,26,2,9,False,1,1,True,False,False,False,1.1489125490188599,8.0,1.1492606401443481,10,53
4642,27,5,6,True,10498,1,False,True,True,True,0.0,0.0,0.4753945767879486,5,3944
4642,28,1,10,False,10411,6,True,True,True,True,0.0,0.0,0.019999980926513672,1,3237
4642,29,3,8,True,10498,1,False,False,False,False,0.2828426957130432,2.0,0.3594440221786499,5,7791
4642,30,5,6,True,10498,1,False,False,False,False,0.19999998807907104,1.0,0.5157518982887268,6,6057
4642,31,5,6,True,10498,3,False,False,False,False,0.2828426957130432,2.0,0.7280110716819763,7,5651
5710,0,2,9,False,25,1,True,False,False,False,0.4898979663848877,3.0,0.49071377515792847,5,4139
5710,1,10,1,True,10498,2,False,True,True,True,0.0,0.0,0.7402702569961548,10,9355
5710,2,11,0,True,10498,1,False,,,,,,0.7927168607711792,11,8035
5710,3,1,10,False,2981,59,True,True,True,True,0.0,0.0,0.019999995827674866,1,3923
5710,4,1,10,False,26,1,True,False,False,False,0.4898979663848877,3.0,0.4903060495853424,4,4139
5710,5,7,4,True,10498,1,False,False,False,False,0.19999998807907104,1.0,0.73403000831604,8,8025
5710,6,10,1,True,10498,1,False,True,True,True,0.0,0.0,0.7924644947052002,10,8035
5710,7,6,5,True,10498,1,False,False,False,False,0.3464101552963257,3.0,0.7002856731414795,9,5276
5710,8,9,2,True,10498,2,False,False,False,False,0.19999998807907104,1.0,0.6415606141090393,10,9355
5710,9,8,3,True,10498,1,False,False,False,False,0.4000000059604645,1.0,0.8119113445281982,9,3317
5710,10,2,9,True,10498,1,False,False,False,False,0.3464101552963257,3.0,0.4656178951263428,5,73
5710,11,8,3,True,10498,1,False,False,False,False,0.2828426957130432,2.0,0.634980320930481,10,8970
5710,12,11,0,True,10498,1,False,,,,,,0.7927168607711792,11,8035
5710,13,6,5,True,10498,3,False,False,False,False,0.19999998807907104,1.0,0.5161395072937012,7,6984
5710,14,11,0,True,10498,1,False,,,,,,0.7927168607711792,11,8035
5710,15,6,5,True,10498,1,False,False,False,False,0.4472135901451111,5.0,0.6280127167701721,11,4838
5710,16,1,10,False,10411,3,True,True,True,True,0.0,0.0,0.019999980926513672,1,227
5710,17,1,10,False,10460,3,True,True,True,True,0.0,0.0,0.019999980926513672,1,227
5710,18,11,0,True,10498,1,False,,,,,,0.7927168607711792,11,8035
5710,19,11,0,True,10498,1,False,,,,,,0.7927168607711792,11,8035
5710,20,7,4,True,10498,1,False,False,False,False,0.4000000059604645,4.0,0.6714163422584534,11,4838
5710,21,2,9,False,220,3,True,False,False,False,0.4000000059604645,1.0,0.4009987711906433,3,9394
5710,22,6,5,True,10498,2,False,False,False,False,0.2828426957130432,2.0,0.7499333620071411,8,236
5710,23,1,10,False,5,2,True,False,False,False,0.800000011920929,10.0,0.8002499938011169,11,4838
5710,24,8,3,True,10498,1,False,False,False,False,0.20000000298023224,1.0,0.6776430010795593,9,1963
5710,25,2,9,False,2,1,True,False,False,False,0.7745966911315918,7.0,0.7751129269599915,9,8970
5710,26,11,0,True,10498,1,False,,,,,,0.7927168607711792,11,8035
5710,27,8,3,True,10498,1,False,False,False,False,0.44721361994743347,2.0,0.6657326817512512,10,8035
5710,28,3,8,True,10498,2,False,False,False,False,0.2828426957130432,2.0,0.4209512770175934,5,301
5710,29,5,6,True,10498,2,False,False,False,False,0.2828426957130432,2.0,0.4753945469856262,7,5275
5710,30,7,4,True,10498,1,False,False,False,False,0.4000000059604645,4.0,0.6346652507781982,11,4838
5710,31,10,1,True,10498,1,False,True,True,True,0.0,0.0,0.7402702569961548,10,3317
8615,0,3,8,True,10498,2,False,False,False,False,0.20000001788139343,1.0,0.4660472273826599,4,369
8615,1,1,10,False,3,1,True,False,False,False,1.039230465888977,8.0,1.039422869682312,9,8970
8615,2,7,4,True,10498,1,False,True,True,True,0.0,0.0,0.7917070388793945,7,2156
8615,3,2,9,False,540,2,True,False,False,False,0.19999998807907104,1.0,0.20199008285999298,3,7710
8615,4,8,3,True,10498,2,False,False,False,False,0.3464101552963257,3.0,0.6026607751846313,11,5789
8615,5,8,3,True,10498,1,False,True,True,True,0.0,0.0,0.7397297620773315,8,9921
8615,6,10,1,True,10498,1,False,True,True,True,0.0,0.0,0.7924644947052002,10,8035
8615,7,8,3,True,10498,1,False,False,False,False,0.19999998807907104,1.0,0.7662897706031799,9,9931
8615,8,3,8,True,10498,1,False,False,False,False,0.44721361994743347,2.0,0.5451605319976807,5,7581
8615,9,6,5,True,10498,2,False,False,False,False,0.19999998807907104,1.0,0.7002856731414795,7,8274
8615,10,9,2,True,10498,1,False,False,False,False,0.19999998807907104,1.0,0.7345747351646423,10,9355
8615,11,11,0,True,10498,1,False,,,,,,0.7927168607711792,11,8035
8615,12,2,9,False,2,1,True,False,False,False,0.19999998807907104,1.0,0.20199008285999298,3,4139
8615,13,4,7,True,10498,4,False,False,False,False,0.2828426957130432,2.0,0.35999995470046997,6,841
8615,14,1,10,False,1616,117,True,True,True,True,0.0,0.0,0.02000001072883606,1,6215
8615,15,4,7,True,10498,1,False,False,False,False,0.4000000059604645,4.0,0.5810335278511047,8,422
8615,16,6,5,True,10498,1,False,False,False,False,0.20000001788139343,1.0,0.531413197517395,7,2156
8615,17,11,0,True,10498,1,False,,,,,,0.7927168607711792,11,8035
8615,18,8,3,True,10498,1,False,False,False,False,0.2828427255153656,2.0,0.4766550064086914,10,8035
8615,19,8,3,True,10498,2,False,False,False,False,0.3464101552963257,3.0,0.700856626033783,11,5052
8615,20,11,0,True,10498,1,False,,,,,,0.7927168607711792,11,8035
8615,21,2,9,False,2,1,True,False,False,False,0.19999998807907104,1.0,0.20199008285999298,3,4139
8615,22,3,8,True,10498,1,False,False,False,False,0.2828426957130432,2.0,0.5943063497543335,5,5819
8615,23,7,4,True,10498,1,False,False,False,False,0.4000000059604645,1.0,0.6948381066322327,8,1963
8615,24,3,8,False,2,1,True,False,False,False,0.9591662883758545,6.0,0.9597916603088379,9,6248
8615,25,4,7,True,10498,1,False,False,False,False,0.2828426957130432,2.0,0.5528110265731812,6,9592
8615,26,6,5,True,10498,1,False,False,False,False,0.5656853914260864,5.0,0.6829348206520081,11,4838
8615,27,2,9,False,25,6,True,False,False,False,0.2828426957130432,2.0,0.28425341844558716,4,9104
8615,28,7,4,True,10498,1,False,False,False,False,0.19999998807907104,1.0,0.6409368515014648,8,9355
8615,29,10,1,True,10498,2,False,True,True,True,0.0,0.0,0.7402702569961548,10,3317
8615,30,2,9,False,1,1,True,False,False,False,1.2961480617523193,9.0,1.2964566946029663,11,53
8615,31,6,5,True,10498,1,False,False,False,False,0.2828426957130432,2.0,0.4223741888999939,8,9508
4214,0,2,9,False,510,2,True,True,True,True,0.0,0.0,0.028284255415201187,2,7996
4214,1,3,8,True,10498,1,False,True,True,True,0.0,0.0,0.31176915764808655,3,8269
4214,2,4,7,True,10498,1,False,False,False,False,0.19999998807907104,1.0,0.6997142434120178,5,5819
4214,3,9,2,True,10498,1,False,False,False,False,0.19999998807907104,1.0,0.6779381036758423,10,1963
4214,4,2,9,False,1,1,True,False,False,False,1.2489995956420898,9.0,1.2493197917938232,11,53
4214,5,8,3,True,10498,1,False,False,False,False,0.4000000059604645,1.0,0.8313844203948975,9,10010
4214,6,6,5,True,10498,1,False,False,False,False,0.4000000059604645,1.0,0.7282856702804565,7,1948
4214,7,6,5,True,10498,1,False,True,True,True,0.0,0.0,0.6711185574531555,6,490
4214,8,1,10,False,575,2,True,True,True,True,0.0,0.0,0.019999995827674866,1,7996
4214,9,8,3,True,10498,2,False,False,False,False,0.3464101552963257,3.0,0.6026607751846313,11,7181
4214,10,3,8,True,10498,1,False,True,True,True,0.0,0.0,0.2218107283115387,3,8573
4214,11,2,9,False,1616,5,True,True,True,True,0.0,0.0,0.028284266591072083,2,9304
4214,12,8,3,True,10498,1,False,False,False,False,0.4000000059604645,1.0,0.595986545085907,9,8035
4214,13,6,5,True,10498,2,False,True,True,True,0.0,0.0,0.6086049675941467,6,7148
4214,14,8,3,True,10498,1,False,True,True,True,0.0,0.0,0.6092618703842163,8,295
4214,15,7,4,True,10498,1,False,False,False,False,0.2828426957130432,2.0,0.5242136716842651,9,8970
4214,16,8,3,True,10498,1,False,False,False,False,0.5656854510307312,2.0,0.6835203170776367,10,8035
4214,17,2,9,False,2,1,True,True,True,True,0.0,0.0,0.028284266591072083,2,4139
4214,18,10,1,True,10498,1,False,True,True,True,0.0,0.0,0.4939635396003723,10,8035
4214,19,4,7,False,1,1,True,False,False,False,1.0198038816452026,6.0,1.0205880403518677,10,6248
4214,20,11,0,True,10498,1,False,,,,,,0.7927168607711792,11,8035
4214,21,3,8,False,2,1,True,False,False,False,0.8246211409568787,6.0,0.825348436832428,9,8970
4214,22,10,1,True,10498,1,False,True,True,True,0.0,0.0,0.7924644947052002,10,8035
4214,23,5,6,True,10498,1,False,False,False,False,0.2828426957130432,2.0,0.5674504637718201,7,4280
4214,24,5,6,True,10498,1,False,False,False,False,0.4898979663848877,3.0,0.7496666312217712,8,2658
4214,25,9,2,True,10498,1,False,False,False,False,0.2828426957130432,2.0,0.8411896228790283,11,4838
4214,26,1,10,False,25,1,True,False,False,False,0.9797959327697754,7.0,0.9800000190734863,8,7924
4214,27,8,3,True,10498,1,False,False,False,False,0.19999998807907104,1.0,0.6776430010795593,9,5789
4214,28,6,5,True,10498,2,False,False,False,False,0.3999999761581421,1.0,0.5535340905189514,7,5393
4214,29,11,0,True,10498,1,False,,,,,,0.7927168607711792,11,8035
4214,30,4,7,True,10498,8,False,False,False,False,0.19999998807907104,1.0,0.3709447383880615,5,4754
4214,31,9,2,True,10498,1,False,True,True,True,0.0,0.0,0.7613146305084229,9,6248
6743,0,7,4,True,10498,4,False,True,True,True,0.0,0.0,0.5242137312889099,7,5703
6743,1,11,0,True,10498,1,False,,,,,,0.7927168607711792,11,8035
6743,2,5,6,True,10498,1,False,False,False,False,0.2828426957130432,2.0,0.5234501361846924,7,1963
6743,3,9,2,True,10498,2,False,True,True,True,0.0,0.0,0.7400000095367432,9,3317
6743,4,5,6,True,10498,1,False,False,False,False,0.19999998807907104,1.0,0.3714834749698639,6,5969
6743,5,2,9,False,4,1,True,False,False,False,0.8717797994613647,5.0,0.8722385168075562,7,6248
6743,6,3,8,True,10498,1,False,False,False,False,0.3464101552963257,3.0,0.5875372886657715,6,10195
6743,7,7,4,True,10498,1,False,True,True,True,0.0,0.0,0.7712328433990479,7,1963
6743,8,8,3,True,10498,1,False,False,False,False,0.4000000059604645,1.0,0.595986545085907,9,8035
6743,9,6,5,True,10498,1,False,False,False,False,0.2828426957130432,2.0,0.5953150391578674,8,8927
6743,10,11,0,True,10498,1,False,,,,,,0.7927168607711792,11,8035
6743,11,4,7,False,1,1,True,False,False,False,1.1135528087615967,6.0,1.1142710447311401,10,26
6743,12,11,0,True,10498,1,False,,,,,,0.7927168607711792,11,8035
6743,13,2,9,False,2,1,True,False,False,False,0.8717797994613647,8.0,0.8722385168075562,10,8970
6743,14,6,5,True,10498,1,False,False,False,False,0.4472135901451111,2.0,0.722772479057312,8,3317
6743,15,8,3,True,10498,1,False,False,False,False,0.4000000059604645,1.0,0.8409518599510193,9,1963
6743,16,2,9,False,10410,22,True,True,True,True,0.0,0.0,0.028284244239330292,2,4092
6743,17,10,1,True,10498,2,False,False,False,False,0.19999998807907104,1.0,0.7668116092681885,11,3317
6743,18,6,5,True,10498,1,False,False,False,False,0.2828426957130432,2.0,0.5238320231437683,8,3317
6743,19,6,5,True,10498,1,False,False,False,False,0.4898979663848877,3.0,0.5817216634750366,9,8035
6743,20,8,3,True,10498,2,False,False,False,False,0.19999998807907104,1.0,0.6412488222122192,9,9355
6743,21,5,6,True,10498,1,False,False,False,False,0.4000000059604645,4.0,0.7169379591941833,9,5621
6743,22,7,4,True,10498,1,False,False,False,False,0.20000001788139343,1.0,0.48456165194511414,8,8035
6743,23,3,8,True,10498,1,False,False,False,False,0.19999998807907104,1.0,0.4660472273826599,4,418
6743,24,5,6,True,10498,6,False,True,True,True,0.0,0.0,0.5674504637718201,5,3906
6743,25,9,2,True,10498,1,False,False,False,False,0.2828426957130432,2.0,0.8411896228790283,11,4838
6743,26,10,1,True,10498,1,False,True,True,True,0.0,0.0,0.7402702569961548,10,9355
6743,27,4,7,True,10498,4,False,True,True,True,0.0,0.0,0.31240999698638916,4,2023
6743,28,8,3,True,10498,2,False,False,False,False,0.4472135901451111,2.0,0.8361818790435791,10,9355
6743,29,9,2,True,10498,1,False,False,False,False,0.20000001788139343,1.0,0.7345747351646423,10,9355
6743,30,5,6,True,10498,2,False,False,False,False,0.20000001788139343,1.0,0.6016643643379211,6,7148
6743,31,5,6,True,10498,1,False,False,False,False,0.3464101552963257,3.0,0.699999988079071,8,7181
8186,0,7,4,True,10498,1,False,False,False,False,0.4000000059604645,1.0,0.634665310382843,8,4280
8186,1,7,4,True,10498,1,False,True,True,True,0.0,0.0,0.6089335083961487,7,3317
8186,2,8,3,True,10498,1,False,True,True,True,0.0,0.0,0.6474565863609314,8,5789
8186,3,1,10,False,2981,59,True,True,True,True,0.0,0.0,0.019999995827674866,1,701
8186,4,5,6,True,10498,1,False,False,False,False,0.5291503071784973,4.0,0.6148170828819275,9,7262
8186,5,10,1,True,10498,1,False,False,False,False,0.19999998807907104,1.0,0.8461678624153137,11,7244
8186,6,8,3,True,10498,2,False,False,False,False,0.4472135901451111,2.0,0.8361818790435791,10,3317
8186,7,7,4,True,10498,1,False,False,False,False,0.5291503071784973,4.0,0.6890573501586914,11,6248
8186,8,2,9,False,24,1,True,False,False,False,0.5999999642372131,6.0,0.6006662845611572,8,2237
8186,9,5,6,True,10498,1,False,False,False,False,0.4000000059604645,1.0,0.6942622661590576,6,3128
8186,10,1,10,False,1616,1,True,False,False,False,0.3464101552963257,3.0,0.3469870388507843,4,6312
8186,11,8,3,True,10498,1,False,False,False,False,0.4000000059604645,1.0,0.8597674369812012,9,4280
8186,12,3,8,True,10498,2,False,False,False,False,0.3464101552963257,3.0,0.4660471975803375,6,10
8186,13,8,3,True,10498,1,False,False,False,False,0.19999998807907104,1.0,0.6776430010795593,9,1948
8186,14,8,3,True,10498,1,False,True,True,True,0.0,0.0,0.7919595837593079,8,4280
8186,15,3,8,True,10498,2,False,False,False,False,0.19999998807907104,1.0,0.3704051673412323,4,5965
8186,16,5,6,True,10498,1,False,False,False,False,0.4000000059604645,1.0,0.5079370141029358,6,7355
8186,17,6,5,True,10498,1,False,False,False,False,0.3999999761581421,4.0,0.5083305835723877,10,8970
8186,18,2,9,False,1,1,True,False,False,False,1.1135529279708862,9.0,1.1139119863510132,11,53
8186,19,7,4,True,10498,1,False,False,False,False,0.3464101552963257,3.0,0.6654321551322937,10,7983
8186,20,1,10,False,1,1,True,False,False,False,1.1832159757614136,10.0,1.183384895324707,11,53
8186,21,9,2,True,10498,1,False,False,False,False,0.4000000059604645,1.0,0.8411896824836731,10,1963
8186,22,6,5,True,10498,1,False,False,False,False,0.2828426957130432,2.0,0.6343501210212708,8,3535
8186,23,1,10,False,5,2,True,False,False,False,0.8717798590660095,8.0,0.8720092177391052,9,8970
8186,24,10,1,True,10498,1,False,False,False,False,0.19999998807907104,1.0,0.5761944055557251,11,4062
8186,25,3,8,False,1,1,True,False,False,False,0.9165151715278625,7.0,0.9171695709228516,10,26
8186,26,2,9,True,10498,1,False,True,True,True,0.0,0.0,0.22090721130371094,2,5155
8186,27,9,2,True,10498,2,False,True,True,True,0.0,0.0,0.7400000095367432,9,9355
8186,28,2,9,False,24,1,True,False,False,False,0.5999999642372131,6.0,0.6006662845611572,8,2237
8186,29,11,0,True,10498,1,False,,,,,,0.7927168607711792,11,8035
8186,30,5,6,True,10498,1,False,False,False,False,0.20000001788139343,1.0,0.6016644239425659,6,8926
8186,31,5,6,True,10498,6,False,False,False,False,0.20000001788139343,1.0,0.5603570938110352,6,9703
9707,0,5,6,True,10498,1,False,False,False,False,0.3464101552963257,3.0,0.515751838684082,8,8025
9707,1,6,5,True,10498,1,False,False,False,False,0.4000000059604645,1.0,0.5953150391578674,7,8035
9707,2,11,0,True,10498,1,False,,,,,,0.7927168607711792,11,8035
9707,3,10,1,True,10498,1,False,True,True,True,0.0,0.0,0.7402702569961548,10,3317
9707,4,1,10,False,575,15,True,False,False,False,0.19999998807907104,1.0,0.2009975016117096,2,5110
9707,5,9,2,True,10498,1,False,True,True,True,0.0,0.0,0.49355846643447876,9,8035
9707,6,1,10,False,3,1,True,False,False,False,0.7483315467834473,6.0,0.7485987544059753,7,8970
9707,7,4,7,True,10498,2,False,False,False,False,0.19999998807907104,1.0,0.6645299196243286,5,7187
9707,8,5,6,True,10498,1,False,True,True,True,0.0,0.0,0.5674504637718201,5,309
9707,9,1,10,False,3,1,True,False,False,False,0.7483315467834473,6.0,0.7485987544059753,7,8970
9707,10,10,1,True,10498,1,False,True,True,True,0.0,0.0,0.7720103859901428,10,1963
9707,11,3,8,True,10498,1,False,False,False,False,0.19999998807907104,1.0,0.5596427917480469,4,5069
9707,12,8,3,True,10498,1,False,False,False,False,0.4472135901451111,2.0,0.8361818194389343,10,9355
9707,13,6,5,True,10498,1,False,False,False,False,0.4472135901451111,2.0,0.5885575413703918,8,1963
9707,14,2,9,False,2,2,True,False,False,False,0.9165151119232178,7.0,0.9169514775276184,9,7497
9707,15,2,9,True,10498,1,False,False,False,False,0.19999998807907104,1.0,0.369864821434021,3,695
9707,16,9,2,True,10498,1,False,False,False,False,0.20000001788139343,1.0,0.5325410962104797,10,8035
9707,17,11,0,True,10498,1,False,,,,,,0.7927168607711792,11,8035
9707,18,2,9,True,10498,1,False,True,True,True,0.0,0.0,0.3111270070075989,2,5493
9707,19,10,1,True,10498,1,False,True,True,True,0.0,0.0,0.7924644947052002,10,8035
9707,20,9,2,True,10498,1,False,False,False,False,0.19999998807907104,1.0,0.7345747351646423,10,9355
9707,21,10,1,True,10498,1,False,True,True,True,0.0,0.0,0.4939635396003723,10,8035
9707,22,9,2,True,10498,1,False,True,True,True,0.0,0.0,0.7400000095367432,9,8970
9707,23,2,9,False,1,1,True,False,False,False,1.1313707828521729,7.0,1.131724238395691,9,26
9707,24,1,10,False,26,1,True,True,True,True,0.0,0.0,0.019999995827674866,1,4139
9707,25,4,7,True,10498,4,False,False,False,False,0.2828426957130432,2.0,0.6337192058563232,6,5276
9707,26,4,7,True,10498,1,False,False,False,False,0.2828426957130432,2.0,0.6939740777015686,6,7231
9707,27,6,5,True,10498,1,False,True,True,True,0.0,0.0,0.5678027868270874,6,3128
9707,28,1,10,False,2981,81,True,True,True,True,0.0,0.0,0.019999995827674866,1,10150
9707,29,11,0,True,10498,1,False,,,,,,0.7927168607711792,11,8035
9707,30,7,4,True,10498,1,False,False,False,False,0.4000000059604645,1.0,0.5956509113311768,8,8035
9707,31,1,10,False,25,1,True,False,False,False,0.6928203105926514,6.0,0.6931089162826538,7,7924
1912,0,6,5,True,10498,1,False,False,False,False,0.2828426957130432,2.0,0.4223741888999939,8,4143
1912,1,7,4,True,10498,1,False,False,False,False,0.3464101552963257,3.0,0.6654322147369385,10,5789
1912,2,5,6,True,10498,1,False,False,False,False,0.2828426957130432,2.0,0.6340346932411194,7,8913
1912,3,6,5,True,10498,1,False,False,False,False,0.3464101552963257,3.0,0.6280127167701721,9,7262
1912,4,5,6,True,10498,1,False,False,False,False,0.3464101552963257,3.0,0.6648308038711548,8,9671
1912,5,1,10,False,10460,17,True,True,True,True,0.0,0.0,0.019999980926513672,1,3490
1912,6,6,5,True,10498,2,False,False,False,False,0.4898979365825653,3.0,0.6216108202934265,9,8306
1912,7,8,3,True,10498,1,False,False,False,False,0.19999998807907104,1.0,0.8168231248855591,9,2156
1912,8,2,9,False,7,2,True,False,False,False,0.4898979365825653,3.0,0.49071377515792847,5,405
1912,9,9,2,True,10498,1,False,True,True,True,0.0,0.0,0.7717512845993042,9,1963
1912,10,5,6,True,10498,1,False,False,False,False,0.2828426957130432,2.0,0.5949790477752686,7,5049
1912,11,7,4,True,10498,1,False,False,False,False,0.2828426957130432,2.0,0.5242136716842651,9,5789
1912,12,1,10,False,10411,17,True,True,True,True,0.0,0.0,0.019999980926513672,1,7492
1912,13,4,7,True,10498,1,False,False,False,False,0.2828426957130432,2.0,0.4214261472225189,6,8274
1912,14,10,1,True,10498,1,False,True,True,True,0.0,0.0,0.7402702569961548,10,8970
1912,15,8,3,True,10498,1,False,False,False,False,0.19999998807907104,1.0,0.5754997730255127,9,7244
1912,16,5,6,False,1,1,True,False,False,False,0.6324555277824402,4.0,0.6340346932411194,9,26
1912,17,4,7,True,10498,1,False,False,False,False,0.19999998807907104,1.0,0.430813193321228,5,10195
1912,18,3,8,True,10498,3,False,False,False,False,0.19999998807907104,1.0,0.3704051673412323,4,8269
1912,19,6,5,True,10498,1,False,False,False,False,0.3464101552963257,3.0,0.6651315689086914,9,9867
1912,20,9,2,True,10498,1,False,False,False,False,0.2828426957130432,2.0,0.6720119118690491,11,3317
1912,21,9,2,True,10498,1,False,False,False,False,0.19999998807907104,1.0,0.6779381036758423,10,1963
1912,22,9,2,True,10498,1,False,False,False,False,0.20000000298023224,1.0,0.5325410962104797,10,8035
1912,23,6,5,True,10498,1,False,False,False,False,0.2828426957130432,2.0,0.671118438243866,8,9671
1912,24,5,6,True,10498,1,False,False,False,False,0.3464101552963257,3.0,0.6648308038711548,8,9671
1912,25,7,4,True,10498,1,False,True,True,True,0.0,0.0,0.6089335083961487,7,1963
1912,26,10,1,True,10498,1,False,False,False,False,0.20000001788139343,1.0,0.7668116092681885,11,3317
1912,27,7,4,True,10498,1,False,False,False,False,0.20000001788139343,1.0,0.73403000831604,8,8025
1912,28,8,3,True,10498,1,False,False,False,False,0.2828426957130432,2.0,0.7610518932342529,10,8025
1912,29,3,8,False,2,1,True,False,False,False,0.6000000238418579,6.0,0.6009991765022278,9,8970
1912,30,4,7,True,10498,1,False,False,False,False,0.19999998807907104,1.0,0.5153639912605286,5,10060
1912,31,7,4,True,10498,1,False,False,False,False,0.2828426957130432,2.0,0.634665310382843,9,7262
3884,0,1,10,False,26,1,True,False,False,False,0.7211102247238159,2.0,0.7213875651359558,3,4139
3884,1,8,3,True,10498,1,False,False,False,False,0.2828426957130432,2.0,0.6717142462730408,10,1963
3884,2,3,8,True,10498,1,False,False,False,False,0.2828426957130432,2.0,0.5943063497543335,5,6025
3884,3,6,5,True,10498,1,False,False,False,False,0.4000000059604645,1.0,0.634350061416626,7,4062
3884,4,9,2,True,10498,1,False,False,False,False,0.19999998807907104,1.0,0.6415606141090393,10,3317
3884,5,11,0,True,10498,1,False,,,,,,0.7927168607711792,11,8035
3884,6,9,2,True,10498,1,False,False,False,False,0.4472135901451111,2.0,0.8364209532737732,11,9355
3884,7,9,2,True,10498,1,False,False,False,False,0.19999998807907104,1.0,0.5758471488952637,10,4838
3884,8,3,8,True,10498,1,False,False,False,False,0.6000000238418579,3.0,0.7107742428779602,6,4062
3884,9,6,5,True,10498,1,False,False,False,False,0.2828426957130432,2.0,0.5238320231437683,8,1963
3884,10,5,6,True,10498,1,False,False,False,False,0.19999998807907104,1.0,0.6648308634757996,6,5621
3884,11,11,0,True,10498,1,False,,,,,,0.7927168607711792,11,8035
3884,12,1,10,False,3,1,True,False,False,False,0.9165151715278625,7.0,0.9167333841323853,8,8970
3884,13,6,5,True,10498,1,False,False,False,False,0.3464101552963257,3.0,0.5607137680053711,9,4838
3884,14,3,8,True,10498,3,False,False,False,False,0.2828426957130432,2.0,0.5071489214897156,5,9827
3884,15,2,9,False,2,1,True,False,False,False,0.7211102247238159,2.0,0.7216647267341614,4,4139
3884,16,5,6,True,10498,1,False,False,False,False,0.2828426957130432,2.0,0.5531727075576782,7,6408
3884,17,4,7,True,10498,2,False,False,False,False,0.2828426957130432,2.0,0.6337192058563232,6,370
3884,18,10,1,True,10498,1,False,True,True,True,0.0,0.0,0.7924644947052002,10,8035
3884,19,7,4,True,10498,1,False,False,False,False,0.2828426957130432,2.0,0.5242136716842651,9,9867
3884,20,4,7,True,10498,1,False,False,False,False,0.19999998807907104,1.0,0.5153639912605286,5,9617
3884,21,4,7,True,10498,7,False,True,True,True,0.0,0.0,0.22271056473255157,4,9672
3884,22,5,6,True,10498,1,False,False,False,False,0.3464101552963257,3.0,0.5882176160812378,8,8021
3884,23,10,1,True,10498,1,False,True,True,True,0.0,0.0,0.7402702569961548,10,8970
3884,24,6,5,True,10498,1,False,False,False,False,0.4472135901451111,2.0,0.722772479057312,8,9355
3884,25,5,6,True,10498,1,False,False,False,False,0.2828426957130432,2.0,0.6340346932411194,7,9355
3884,26,10,1,True,10498,2,False,True,True,True,0.0,0.0,0.7402702569961548,10,9355
3884,27,11,0,True,10498,1,False,,,,,,0.7927168607711792,11,8035
3884,28,2,9,False,1,1,True,False,False,False,1.2806248664855957,7.0,1.2809371948242188,9,53
3884,29,11,0,True,10498,1,False,,,,,,0.7927168607711792,11,8035
3884,30,5,6,True,10498,1,False,False,False,False,0.5291502475738525,4.0,0.6526867151260376,9,4838
3884,31,5,6,True,10498,1,False,False,False,False,0.4898979663848877,3.0,0.6587867736816406,8,5276
5242,0,1,10,False,52,1,True,False,False,False,0.20000001788139343,1.0,0.20099753141403198,2,421
5242,1,2,9,True,10498,2,False,False,False,False,0.19999998807907104,1.0,0.369864821434021,3,4422
5242,2,2,9,False,23,3,True,True,True,True,0.0,0.0,0.02828427590429783,2,9104
5242,3,6,5,True,10498,1,False,False,False,False,0.20000001788139343,1.0,0.8163332939147949,7,2156
5242,4,5,6,True,10498,7,False,True,True,True,0.0,0.0,0.5234501361846924,5,4414
5242,5,11,0,True,10498,1,False,,,,,,0.7927168607711792,11,8035
5242,6,1,10,False,3,1,True,False,False,False,0.9797959327697754,8.0,0.9800000190734863,9,8970
5242,7,9,2,True,10498,1,False,False,False,False,0.20000001788139343,1.0,0.7345747351646423,10,3317
5242,8,3,8,True,10498,1,False,False,False,False,0.19999998807907104,1.0,0.3704051673412323,4,490
5242,9,10,1,True,10498,1,False,True,True,True,0.0,0.0,0.7720103859901428,10,1963
5242,10,6,5,True,10498,1,False,False,False,False,0.20000001788139343,1.0,0.6406247019767761,7,1948
5242,11,3,8,False,220,7,True,True,True,True,0.0,0.0,0.03464100882411003,3,10473
5242,12,1,10,False,1616,31,True,True,True,True,0.0,0.0,0.02000001072883606,1,4819
5242,13,4,7,True,10498,1,False,False,False,False,0.20000001788139343,1.0,0.5600000023841858,5,1954
5242,14,2,9,False,540,3,True,False,False,False,0.19999998807907104,1.0,0.20199008285999298,3,4030
5242,15,2,9,False,1616,31,True,True,True,True,0.0,0.0,0.028284266591072083,2,4539
5242,16,9,2,True,10498,1,False,True,True,True,0.0,0.0,0.49355849623680115,9,8035
5242,17,8,3,True,10498,1,False,False,False,False,0.20000001788139343,1.0,0.484974205493927,9,8035
5242,18,9,2,True,10498,2,False,False,False,False,0.20000001788139343,1.0,0.7345747351646423,10,9355
5242,19,2,9,False,2,1,True,False,False,False,0.8717797994613647,5.0,0.8722385168075562,7,9617
5242,20,1,10,False,1616,31,True,True,True,True,0.0,0.0,0.02000001072883606,1,4539
5242,21,5,6,True,10498,1,False,False,False,False,0.3464101552963257,3.0,0.5603570342063904,8,4280
5242,22,2,9,False,1,1,True,False,False,False,1.2806248664855957,8.0,1.2809370756149292,10,26
5242,23,9,2,True,10498,1,False,False,False,False,0.3999999761581421,1.0,0.6720119118690491,10,4062
5242,24,7,4,True,10498,1,False,False,False,False,0.19999998807907104,1.0,0.48456165194511414,8,1963
5242,25,8,3,True,10498,2,False,False,False,False,0.2828426957130432,2.0,0.7610519528388977,10,3317
5242,26,5,6,True,10498,1,False,True,True,True,0.0,0.0,0.6082762479782104,5,9921
5242,27,10,1,True,10498,1,False,True,True,True,0.0,0.0,0.7402702569961548,10,3317
5242,28,10,1,True,10498,1,False,True,True,True,0.0,0.0,0.7720103859901428,10,1963
5242,29,11,0,True,10498,1,False,,,,,,0.7927168607711792,11,8035
5242,30,11,0,True,10498,1,False,,,,,,0.7927168607711792,11,8035
5242,31,11,0,True,10498,1,False,,,,,,0.7927168607711792,11,8035
4719,0,10,1,True,10498,1,False,False,False,False,0.19999998807907104,1.0,0.8461678624153137,11,7244
4719,1,4,7,True,10498,4,False,False,False,False,0.19999998807907104,1.0,0.5153639912605286,5,5392
4719,2,10,1,True,10498,1,False,True,True,True,0.0,0.0,0.7402702569961548,10,8970
4719,3,1,10,False,5,1,True,False,False,False,0.7211102843284607,7.0,0.7213875651359558,8,8970
4719,4,4,7,True,10498,1,False,False,False,False,0.4000000059604645,4.0,0.5075430870056152,8,5789
4719,5,4,7,True,10498,1,False,False,False,False,0.20000001788139343,1.0,0.5600000619888306,5,8926
4719,6,2,9,True,10498,1,False,True,True,True,0.0,0.0,0.3111270070075989,2,6137
4719,7,3,8,True,10498,2,False,False,False,False,0.20000001788139343,1.0,0.3704051673412323,4,9714
4719,8,9,2,True,10498,1,False,True,True,True,0.0,0.0,0.6477653980255127,9,5789
4719,9,7,4,True,10498,1,False,False,False,False,0.20000001788139343,1.0,0.6409368515014648,8,5789
4719,10,4,7,True,10498,1,False,False,False,False,0.3464101552963257,3.0,0.5153639316558838,7,5789
4719,11,1,10,False,10460,9,True,True,True,True,0.0,0.0,0.019999980926513672,1,3410
4719,12,9,2,True,10498,2,False,False,False,False,0.2828426957130432,2.0,0.7613146901130676,11,3317
4719,13,5,6,True,10498,1,False,False,False,False,0.3464101552963257,3.0,0.6276942491531372,8,9355
4719,14,9,2,True,10498,2,False,False,False,False,0.2828426957130432,2.0,0.7613146901130676,11,9355
4719,15,4,7,False,3,1,True,False,False,False,0.19999998807907104,1.0,0.20396076142787933,5,423
4719,16,11,0,True,10498,1,False,,,,,,0.7927168607711792,11,8035
4719,17,7,4,True,10498,1,False,False,False,False,0.2828426957130432,2.0,0.634665310382843,9,7262
4719,18,4,7,True,10498,1,False,False,False,False,0.3464101552963257,3.0,0.6645299196243286,7,2170
4719,19,3,8,False,2,2,True,False,False,False,0.87177973985672,7.0,0.8724677562713623,10,7497
4719,20,10,1,True,10498,1,False,False,False,False,0.19999998807907104,1.0,0.8461678624153137,11,7244
4719,21,1,10,False,25,1,True,False,False,False,0.7211102843284607,7.0,0.7213875651359558,8,2237
4719,22,3,8,True,10498,1,False,False,False,False,0.4000000059604645,4.0,0.5524490475654602,7,1479
4719,23,9,2,True,10498,1,False,True,True,True,0.0,0.0,0.7400000095367432,9,8970
4719,24,11,0,True,10498,1,False,,,,,,0.7927168607711792,11,8035
4719,25,3,8,True,10498,2,False,False,False,False,0.20000001788139343,1.0,0.3704051673412323,4,9714
4719,26,5,6,True,10498,1,False,False,False,False,0.5291502475738525,4.0,0.6884765625,9,10010
4719,27,1,10,False,52,1,True,False,False,False,0.4898979365825653,3.0,0.49030601978302,4,7591
4719,28,8,3,True,10498,1,False,False,False,False,0.20000001788139343,1.0,0.7868925929069519,9,8035
4719,29,3,8,True,10498,1,False,False,False,False,0.2828426957130432,2.0,0.3594439923763275,5,3944
4719,30,7,4,True,10498,1,False,False,False,False,0.2828427255153656,2.0,0.5956509709358215,9,8970
4719,31,3,8,False,245,12,True,False,False,False,0.19999998807907104,1.0,0.20297782123088837,4,9517
8800,0,11,0,True,10498,1,False,,,,,,0.7927168607711792,11,8035
8800,1,2,9,True,10498,1,False,False,False,False,0.3464101552963257,3.0,0.4108527600765228,5,5017
8800,2,8,3,True,10498,1,False,False,False,False,0.2828427255153656,2.0,0.7288347482681274,10,9355
8800,3,7,4,True,10498,1,False,False,False,False,0.4000000059604645,1.0,0.5956509113311768,8,8035
8800,4,1,10,False,25,1,True,False,False,False,0.7483314871788025,6.0,0.7485987544059753,7,7924
8800,5,11,0,True,10498,1,False,,,,,,0.7927168607711792,11,8035
8800,6,11,0,True,10498,1,False,,,,,,0.7927168607711792,11,8035
8800,7,6,5,True,10498,1,False,False,False,False,0.44721361994743347,2.0,0.5885576009750366,8,8035
8800,8,10,1,True,10498,1,False,True,True,True,0.0,0.0,0.7924644947052002,10,8035
8800,9,6,5,True,10498,1,False,False,False,False,0.2828426957130432,2.0,0.475815087556839,8,9355
8800,10,11,0,True,10498,1,False,,,,,,0.7927168607711792,11,8035
8800,11,3,8,True,10498,1,False,False,False,False,0.2828427255153656,2.0,0.5943063497543335,5,1963
8800,12,4,7,True,10498,1,False,True,True,True,0.0,0.0,0.31240999698638916,4,5969
8800,13,8,3,True,10498,1,False,False,False,False,0.2828426957130432,2.0,0.6717142462730408,10,1963
8800,14,8,3,True,10498,1,False,False,False,False,0.2828426957130432,2.0,0.6717142462730408,10,3317
8800,15,3,8,True,10498,1,False,False,False,False,0.4898979663848877,3.0,0.6206448674201965,6,8035
8800,16,10,1,True,10498,1,False,True,True,True,0.0,0.0,0.7924644947052002,10,8035
8800,17,1,10,False,2981,7,True,True,True,True,0.0,0.0,0.019999995827674866,1,8314
8800,18,8,3,True,10498,1,False,True,True,True,0.0,0.0,0.7919595837593079,8,8035
8800,19,6,5,True,10498,1,False,False,False,False,0.2828427255153656,2.0,0.5238320231437683,8,8035
8800,20,11,0,True,10498,1,False,,,,,,0.7927168607711792,11,8035
8800,21,10,1,True,10498,1,False,True,True,True,0.0,0.0,0.7924644947052002,10,8035
8800,22,2,9,False,10410,7,True,True,True,True,0.0,0.0,0.028284244239330292,2,8800
8800,23,4,7,True,10498,6,False,False,False,False,0.2828427255153656,2.0,0.50754314661026,6,9213
8800,24,1,10,False,2981,7,True,True,True,True,0.0,0.0,0.019999995827674866,1,8314
8800,25,5,6,True,10498,1,False,False,False,False,0.2828427255153656,2.0,0.5531727075576782,7,9355
8800,26,9,2,True,10498,1,False,True,True,True,0.0,0.0,0.7068239450454712,9,9355
8800,27,9,2,True,10498,2,False,False,False,False,0.19999998807907104,1.0,0.6415606141090393,10,3317
8800,28,9,2,True,10498,2,False,True,True,True,0.0,0.0,0.7400000691413879,9,9355
8800,29,3,8,True,10498,9,False,False,False,False,0.2828426957130432,2.0,0.4209512770175934,5,8269
8800,30,4,7,True,10498,4,False,False,False,False,0.20000001788139343,1.0,0.5600000023841858,5,9213
8800,31,10,1,True,10498,2,False,False,False,False,0.19999998807907104,1.0,0.7668116092681885,11,3317
1342,0,10,1,True,10498,1,False,True,True,True,0.0,0.0,0.7924644947052002,10,8035
1342,1,4,7,True,10498,1,False,False,False,False,0.2828426957130432,2.0,0.42142611742019653,6,9380
1342,2,3,8,True,10498,1,False,False,False,False,0.3464101552963257,3.0,0.5451605319976807,6,3015
1342,3,7,4,True,10498,1,False,False,False,False,0.19999998807907104,1.0,0.6409368515014648,8,5275
1342,4,5,6,True,10498,1,False,False,False,False,0.4472135901451111,2.0,0.7224956750869751,7,1963
1342,5,9,2,True,10498,2,False,True,True,True,0.0,0.0,0.7400000095367432,9,9355
1342,6,10,1,True,10498,1,False,True,True,True,0.0,0.0,0.7924644947052002,10,8035
1342,7,9,2,True,10498,1,False,True,True,True,0.0,0.0,0.7613146305084229,9,6248
1342,8,2,9,True,10498,1,False,False,False,False,0.19999998807907104,1.0,0.2979932725429535,3,8573
1342,9,10,1,True,10498,1,False,True,True,True,0.0,0.0,0.7402702569961548,10,8970
1342,10,1,10,False,1,1,True,False,False,False,1.2649110555648804,10.0,1.2650691270828247,11,53
1342,11,11,0,True,10498,1,False,,,,,,0.7927168607711792,11,8035
1342,12,2,9,False,2,2,True,False,False,False,0.8717797994613647,8.0,0.8722385168075562,10,7497
1342,13,9,2,True,10498,1,False,True,True,True,0.0,0.0,0.8506468534469604,9,9931
1342,14,5,6,True,10498,1,False,False,False,False,0.4898979663848877,3.0,0.7496666312217712,8,2658
1342,15,2,9,True,10498,1,False,False,False,False,0.19999998807907104,1.0,0.2979932725429535,3,8573
1342,16,10,1,True,10498,2,False,True,True,True,0.0,0.0,0.7402702569961548,10,3317
1342,17,9,2,True,10498,2,False,True,True,True,0.0,0.0,0.7400000095367432,9,3317
1342,18,1,10,False,10411,88,True,True,True,True,0.0,0.0,0.019999980926513672,1,2444
1342,19,9,2,True,10498,1,False,False,False,False,0.19999998807907104,1.0,0.6779381036758423,10,1963
1342,20,5,6,True,10498,2,False,True,True,True,0.0,0.0,0.4219004511833191,5,9499
1342,21,1,10,False,52,1,True,False,False,False,0.4000000059604645,1.0,0.40049970149993896,2,10023
1342,22,4,7,True,10498,1,False,False,False,False,0.3464101552963257,3.0,0.5878775715827942,7,4033
1342,23,7,4,True,10498,1,False,False,False,False,0.3464101552963257,3.0,0.6283311247825623,10,8927
1342,24,9,2,True,10498,1,False,False,False,False,0.4000000059604645,1.0,0.8874682784080505,10,7244
1342,25,7,4,True,10498,1,False,False,False,False,0.6000000238418579,3.0,0.7448490262031555,10,4062
1342,26,8,3,True,10498,1,False,False,False,False,0.3464101552963257,3.0,0.6026607155799866,11,4838
1342,27,5,6,True,10498,1,False,False,False,False,0.3999999761581421,4.0,0.5813776850700378,9,422
1342,28,9,2,True,10498,1,False,False,False,False,0.19999998807907104,1.0,0.6779380440711975,10,7181
1342,29,7,4,True,10498,1,False,False,False,False,0.4472135901451111,2.0,0.7230491042137146,9,7581
1342,30,3,8,False,1,1,True,False,False,False,0.9380831718444824,8.0,0.938722550868988,11,53
1342,31,1,10,False,25,1,True,False,False,False,0.8485281467437744,7.0,0.8487638235092163,8,1157
5379,0,2,9,False,2,1,True,False,False,False,0.800000011920929,5.0,0.8004998564720154,7,6248
5379,1,5,6,True,10498,4,False,False,False,False,0.2828426957130432,2.0,0.4219004213809967,7,5589
5379,2,10,1,True,10498,1,False,False,False,False,0.20000001788139343,1.0,0.7874007821083069,11,8035
5379,3,7,4,True,10498,1,False,False,False,False,0.4898979663848877,3.0,0.6219325065612793,10,4062
5379,4,7,4,True,10498,2,False,False,False,False,0.3464101552963257,3.0,0.6023287773132324,10,7181
5379,5,1,10,False,25,1,True,False,False,False,0.6928203105926514,6.0,0.6931089162826538,7,7924
5379,6,3,8,True,10498,1,False,False,False,False,0.2828427255153656,2.0,0.552449107170105,5,658
5379,7,3,8,False,3,2,True,False,False,False,0.19999998807907104,1.0,0.20297782123088837,4,423
5379,8,2,9,False,24,1,True,False,False,False,0.5291502475738525,4.0,0.5299056172370911,6,1157
5379,9,11,0,True,10498,1,False,,,,,,0.7927168607711792,11,8035
5379,10,4,7,True,10498,2,False,True,True,True,0.0,0.0,0.38157567381858826,4,5990
5379,11,6,5,True,10498,1,False,False,False,False,0.2828426957130432,2.0,0.7059745192527771,8,1963
5379,12,5,6,True,10498,1,False,False,False,False,0.2828426957130432,2.0,0.4753945767879486,7,10463
5379,13,11,0,True,10498,1,False,,,,,,0.7927168607711792,11,8035
5379,14,11,0,True,10498,1,False,,,,,,0.7927168607711792,11,8035
5379,15,10,1,True,10498,1,False,True,True,True,0.0,0.0,0.5403702259063721,10,4062
5379,16,2,9,False,1,1,True,False,False,False,0.800000011920929,5.0,0.8004998564720154,7,6312
5379,17,8,3,True,10498,1,False,False,False,False,0.2828426957130432,2.0,0.7065408825874329,10,7181
5379,18,8,3,True,10498,1,False,False,False,False,0.2828426957130432,2.0,0.5685068368911743,10,1963
5379,19,11,0,True,10498,1,False,,,,,,0.7927168607711792,11,8035
5379,20,6,5,True,10498,1,False,False,False,False,0.19999998807907104,1.0,0.4841487407684326,7,7262
5379,21,2,9,False,1616,2,True,True,True,True,0.0,0.0,0.028284266591072083,2,8235
5379,22,8,3,True,10498,1,False,False,False,False,0.2828427255153656,2.0,0.4766550064086914,10,8035
5379,23,3,8,False,48,2,True,False,False,False,0.19999998807907104,1.0,0.20297782123088837,4,418
5379,24,1,10,False,10411,4,True,True,True,True,0.0,0.0,0.019999980926513672,1,5635
5379,25,8,3,True,10498,1,False,False,False,False,0.20000001788139343,1.0,0.5321654081344604,9,4062
5379,26,7,4,True,10498,1,False,False,False,False,0.20000001788139343,1.0,0.5317894220352173,8,4062
5379,27,6,5,True,10498,1,False,True,True,True,0.0,0.0,0.5678027868270874,6,658
5379,28,2,9,False,4,1,True,False,False,False,0.5291503071784973,4.0,0.5299056768417358,6,6248
5379,29,9,2,True,10498,1,False,True,True,True,0.0,0.0,0.44226688146591187,9,6248
5379,30,7,4,True,10498,2,False,True,True,True,0.0,0.0,0.5681549310684204,7,8278
5379,31,10,1,True,10498,1,False,True,True,True,0.0,0.0,0.7924644947052002,10,8035
8240,0,9,2,True,10498,1,False,False,False,False,0.2828426957130432,2.0,0.8411896228790283,11,4838
8240,1,11,0,True,10498,1,False,,,,,,0.7927168607711792,11,8035
8240,2,7,4,True,10498,1,False,False,False,False,0.4898979663848877,3.0,0.8311437964439392,10,8025
8240,3,7,4,True,10498,1,False,False,False,False,0.19999998807907104,1.0,0.5317894220352173,8,5789
8240,4,4,7,True,10498,1,False,False,False,False,0.2828426957130432,2.0,0.5528109669685364,6,8976
8240,5,10,1,True,10498,1,False,False,False,False,0.4000000059604645,1.0,0.6356099247932434,11,8035
8240,6,9,2,True,10498,1,False,True,True,True,0.0,0.0,0.7400000095367432,9,8970
8240,7,7,4,True,10498,1,False,False,False,False,0.3464101552963257,3.0,0.5610703825950623,10,4767
8240,8,3,8,False,2,1,True,False,False,False,0.7745966911315918,6.0,0.7753708958625793,9,6248
8240,9,3,8,True,10498,5,False,False,False,False,0.2828426957130432,2.0,0.6581793427467346,5,5831
8240,10,2,9,False,2,1,True,False,False,False,1.1999999284744263,8.0,1.2003333568572998,10,26
8240,11,11,0,True,10498,1,False,,,,,,0.7927168607711792,11,8035
8240,12,3,8,True,10498,1,False,False,False,False,0.19999998807907104,1.0,0.2986637055873871,4,2126
8240,13,8,3,True,10498,1,False,False,False,False,0.19999998807907104,1.0,0.8168231248855591,9,2156
8240,14,3,8,True,10498,1,False,False,False,False,0.2828426957130432,2.0,0.552449107170105,5,7153
8240,15,2,9,False,1,1,True,False,False,False,0.4472135901451111,2.0,0.44810712337493896,4,6312
8240,16,2,9,False,2,1,True,False,False,False,0.8717797994613647,7.0,0.8722385764122009,9,6248
8240,17,1,10,False,26,1,True,False,False,False,0.4898979663848877,3.0,0.4903060495853424,4,7805
8240,18,6,5,True,10498,1,False,False,False,False,0.4000000059604645,4.0,0.6945502161979675,10,5276
8240,19,10,1,True,10498,1,False,True,True,True,0.0,0.0,0.761577308177948,10,6248
8240,20,8,3,True,10498,1,False,False,False,False,0.19999998807907104,1.0,0.7868925929069519,9,10010
8240,21,3,8,True,10498,1,False,False,False,False,0.5291503071784973,4.0,0.6141660809516907,7,8025
8240,22,11,0,True,10498,1,False,,,,,,0.7927168607711792,11,8035
8240,23,11,0,True,10498,1,False,,,,,,0.7927168607711792,11,8035
8240,24,1,10,False,25,1,True,False,False,False,0.6324555277824402,7.0,0.6327716708183289,8,1157
8240,25,3,8,True,10498,1,False,False,False,False,0.3464101552963257,3.0,0.5149757266044617,6,6075
8240,26,10,1,True,10498,1,False,False,False,False,0.19999998807907104,1.0,0.8461678624153137,11,7244
8240,27,8,3,True,10498,1,False,False,False,False,0.2828426957130432,2.0,0.6092618703842163,10,4062
8240,28,7,4,True,10498,1,False,False,False,False,0.4898979365825653,3.0,0.7502000331878662,10,9355
8240,29,9,2,True,10498,1,False,False,False,False,0.19999998807907104,1.0,0.8459314703941345,10,7244
8240,30,1,10,False,25,1,True,False,False,False,0.6324555277824402,7.0,0.6327716708183289,8,1157
8240,31,7,4,True,10498,1,False,False,False,False,0.4472135901451111,2.0,0.6283311247825623,9,10010
7522,0,4,7,True,10498,1,False,False,False,False,0.44721361994743347,2.0,0.5455272793769836,6,8025
7522,1,6,5,True,10498,3,False,False,False,False,0.4472135901451111,2.0,0.6529931426048279,8,9617
7522,2,11,0,True,10498,1,False,,,,,,0.7927168607711792,11,8035
7522,3,5,6,True,10498,1,False,False,False,False,0.2828426957130432,2.0,0.4219004213809967,7,5049
7522,4,11,0,True,10498,1,False,,,,,,0.7927168607711792,11,8035
7522,5,8,3,True,10498,1,False,False,False,False,0.4898979663848877,3.0,0.6596969366073608,11,4062
7522,6,9,2,True,10498,1,False,False,False,False,0.2828426957130432,2.0,0.7068238854408264,11,1963
7522,7,4,7,True,10498,1,False,True,True,True,0.0,0.0,0.5230678915977478,4,8438
7522,8,4,7,True,10498,1,False,False,False,False,0.3464101552963257,3.0,0.6273754835128784,7,9671
7522,9,7,4,True,10498,1,False,False,False,False,0.20000001788139343,1.0,0.48456165194511414,8,8035
7522,10,10,1,True,10498,1,False,False,False,False,0.19999998807907104,1.0,0.5761944055557251,11,4062
7522,11,5,6,True,10498,1,False,False,False,False,0.20000001788139343,1.0,0.699999988079071,6,8025
7522,12,9,2,True,10498,1,False,True,True,True,0.0,0.0,0.49355849623680115,9,8035
7522,13,5,6,True,10498,1,False,False,False,False,0.4472135901451111,2.0,0.6884766221046448,7,5049
7522,14,4,7,True,10498,2,False,False,False,False,0.3464101552963257,3.0,0.4664761424064636,7,6075
7522,15,10,1,True,10498,1,False,False,False,False,0.19999998807907104,1.0,0.8461678624153137,11,7244
7522,16,6,5,True,10498,1,False,False,False,False,0.2828426957130432,2.0,0.4223741888999939,8,696
7522,17,9,2,True,10498,1,False,False,False,False,0.19999998807907104,1.0,0.8459314703941345,10,7244
7522,18,10,1,True,10498,1,False,False,False,False,0.19999998807907104,1.0,0.846167802810669,11,4838
7522,19,6,5,True,10498,3,False,False,False,False,0.3464101552963257,3.0,0.6280127763748169,9,10051
7522,20,6,5,True,10498,4,False,False,False,False,0.3464101552963257,3.0,0.4673328399658203,9,2662
7522,21,11,0,True,10498,1,False,,,,,,0.7927168607711792,11,8035
7522,22,8,3,True,10498,1,False,False,False,False,0.2828426957130432,2.0,0.5245950818061829,10,4062
7522,23,10,1,True,10498,1,False,False,False,False,0.19999998807907104,1.0,0.5761944055557251,11,4062
7522,24,11,0,True,10498,1,False,,,,,,0.7927168607711792,11,8035
7522,25,10,1,True,10498,1,False,False,False,False,0.19999998807907104,1.0,0.846167802810669,11,4838
7522,26,9,2,True,10498,1,False,False,False,False,0.4000000059604645,1.0,0.5963220596313477,10,8035
7522,27,3,8,True,10498,1,False,False,False,False,0.5291502475738525,4.0,0.5737595558166504,7,7262
7522,28,3,8,True,10498,5,False,False,False,False,0.19999998807907104,1.0,0.3704051673412323,4,9429
7522,29,3,8,False,1,1,True,False,False,False,1.039230465888977,7.0,1.039807677268982,10,26
7522,30,7,4,True,10498,1,False,False,False,False,0.3464101552963257,3.0,0.5165268778800964,10,7262
7522,31,9,2,True,10498,1,False,False,False,False,0.19999998807907104,1.0,0.5758472084999084,10,4062
7980,0,7,4,True,10498,1,False,False,False,False,0.4472135901451111,2.0,0.755513072013855,9,9867
7980,1,2,9,False,2,1,True,False,False,False,1.095445156097412,7.0,1.0958101749420166,9,53
7980,2,5,6,True,10498,2,False,False,False,False,0.3999999761581421,4.0,0.6587867736816406,9,5273
7980,3,2,9,False,24,1,True,False,False,False,0.7211102247238159,4.0,0.7216647267341614,6,2237
7980,4,3,8,True,10498,1,False,False,False,False,0.4898979663848877,3.0,0.5806893110275269,6,2658
7980,5,1,10,False,26,1,True,False,False,False,0.5999999642372131,6.0,0.6003332138061523,7,7805
7980,6,11,0,True,10498,1,False,,,,,,0.7927168607711792,11,8035
7980,7,2,9,False,1,1,True,False,False,False,1.039230465888977,7.0,1.0396153926849365,9,53
7980,8,10,1,True,10498,1,False,True,True,True,0.0,0.0,0.7402702569961548,10,8970
7980,9,10,1,True,10498,1,False,True,True,True,0.0,0.0,0.7402702569961548,10,8970
7980,10,6,5,True,10498,1,False,False,False,False,0.6324554681777954,4.0,0.671118438243866,10,26
7980,11,3,8,False,2,1,True,False,False,False,0.5656854510307312,5.0,0.5667451024055481,8,8970
7980,12,8,3,True,10498,1,False,False,False,False,0.20000001788139343,1.0,0.7343024611473083,9,5789
7980,13,5,6,True,10498,1,False,False,False,False,0.2828426957130432,2.0,0.5949789881706238,7,8025
7980,14,2,9,False,1,1,True,False,False,False,1.039230465888977,7.0,1.0396153926849365,9,53
7980,15,8,3,True,10498,1,False,False,False,False,0.19999998807907104,1.0,0.6026607751846313,9,9355
7980,16,4,7,True,10498,1,False,False,False,False,0.3999999761581421,4.0,0.65848308801651,8,5052
7980,17,5,6,True,10498,1,False,False,False,False,0.2828426957130432,2.0,0.5949790477752686,7,5579
7980,18,9,2,True,10498,1,False,False,False,False,0.19999998807907104,1.0,0.6415606141090393,10,3317
7980,19,1,10,False,10460,4,True,False,False,False,0.3464101552963257,3.0,0.3469870388507843,4,441
7980,20,3,8,False,1,1,True,False,False,False,0.6633250117301941,5.0,0.6642289161682129,8,8970
7980,21,6,5,True,10498,1,False,False,False,False,0.3464101552963257,3.0,0.5161395072937012,9,9355
7980,22,4,7,True,10498,1,False,False,False,False,0.3999999761581421,4.0,0.65848308801651,8,1951
7980,23,9,2,True,10498,1,False,False,False,False,0.2828426957130432,2.0,0.7613146901130676,11,3317
7980,24,7,4,True,10498,1,False,False,False,False,0.3464101552963257,3.0,0.8067217469215393,10,10010
7980,25,6,5,True,10498,1,False,False,False,False,0.3464101552963257,3.0,0.7863841652870178,9,8025
7980,26,1,10,False,10460,4,True,False,False,False,0.3464101552963257,3.0,0.3469870388507843,4,1074
7980,27,4,7,True,10498,1,False,False,False,False,0.3999999761581421,4.0,0.5528109669685364,8,5052
7980,28,1,10,False,26,1,True,False,False,False,0.5999999642372131,6.0,0.6003332138061523,7,7805
7980,29,9,2,True,10498,1,False,False,False,False,0.2828426957130432,2.0,0.7613146901130676,11,3317
7980,30,4,7,True,10498,1,False,False,False,False,0.2828426957130432,2.0,0.4749736487865448,6,8025
7980,31,2,9,True,10498,1,False,True,True,True,0.0,0.0,0.4741308093070984,2,7980
7715,0,3,8,True,10498,2,False,False,False,False,0.3464101552963257,3.0,0.41133928298950195,6,2126
7715,1,2,9,True,10498,1,False,True,True,True,0.0,0.0,0.42047592997550964,2,7715
7715,2,9,2,True,10498,2,False,True,True,True,0.0,0.0,0.6095900535583496,9,3317
7715,3,8,3,True,10498,1,False,False,False,False,0.20000001788139343,1.0,0.7662897706031799,9,5789
7715,4,8,3,True,10498,1,False,False,False,False,0.2828426957130432,2.0,0.6717142462730408,10,9867
7715,5,8,3,True,10498,2,False,False,False,False,0.19999998807907104,1.0,0.8168231844902039,9,5651
7715,6,11,0,True,10498,1,False,,,,,,0.7927168607711792,11,8035
7715,7,9,2,True,10498,2,False,False,False,False,0.20000001788139343,1.0,0.7345747351646423,10,3317
7715,8,8,3,True,10498,1,False,False,False,False,0.19999998807907104,1.0,0.7343024015426636,9,3317
7715,9,3,8,False,1,1,True,False,False,False,0.800000011920929,5.0,0.8007497191429138,8,8035
7715,10,6,5,True,10498,1,False,False,False,False,0.44721361994743347,2.0,0.6887670755386353,8,5789
7715,11,3,8,False,1,1,True,False,False,False,0.6928203105926514,6.0,0.6936858296394348,9,8970
7715,12,3,8,False,263,2,True,False,False,False,0.2828426957130432,2.0,0.284956157207489,5,9508
7715,13,7,4,True,10498,1,False,False,False,False,0.2828426957130432,2.0,0.47623521089553833,9,6025
7715,14,5,6,True,10498,1,False,False,False,False,0.5291503071784973,4.0,0.6526867747306824,9,6248
7715,15,1,10,False,3,1,True,False,False,False,0.800000011920929,7.0,0.8002500534057617,8,8970
7715,16,10,1,True,10498,1,False,False,False,False,0.6000000238418579,1.0,0.7771744132041931,11,8035
7715,17,8,3,True,10498,1,False,False,False,False,0.19999998807907104,1.0,0.6412488222122192,9,3317
7715,18,5,6,True,10498,1,False,False,False,False,0.5291502475738525,4.0,0.6526867747306824,9,6413
7715,19,6,5,True,10498,1,False,False,False,False,0.2828426957130432,2.0,0.8114185333251953,8,2156
7715,20,1,10,False,25,1,True,False,False,False,0.6928203105926514,9.0,0.6931089162826538,10,2237
7715,21,1,10,False,1616,1,True,False,False,False,0.6324555277824402,4.0,0.6327716708183289,5,891
7715,22,4,7,True,10498,2,False,True,True,True,0.0,0.0,0.5230678915977478,4,10051
7715,23,2,9,False,1,1,True,False,False,False,0.9380831122398376,8.0,0.938509464263916,10,53
7715,24,6,5,True,10498,1,False,False,False,False,0.2828426957130432,2.0,0.634350061416626,8,9867
7715,25,2,9,False,2,1,True,False,False,False,0.800000011920929,5.0,0.8004998564720154,7,4139
7715,26,2,9,True,10498,1,False,False,False,False,0.3464101552963257,3.0,0.465617835521698,5,6075
7715,27,11,0,True,10498,1,False,,,,,,0.7927168607711792,11,8035
7715,28,6,5,True,10498,1,False,False,False,False,0.2828426957130432,2.0,0.5238320231437683,8,9867
7715,29,2,9,True,10498,1,False,False,False,False,0.3464101552963257,3.0,0.5871967077255249,5,9931
7715,30,10,1,True,10498,1,False,False,False,False,0.6000000238418579,1.0,0.7771744132041931,11,8035
7715,31,5,6,True,10498,1,False,False,False,False,0.19999998807907104,1.0,0.43127715587615967,6,9355
10231,0,8,3,True,10498,1,False,True,True,True,0.0,0.0,0.5396294593811035,8,4062
10231,1,7,4,True,10498,2,False,False,False,False,0.4472135901451111,2.0,0.6283311247825623,9,9867
10231,2,2,9,False,2,1,True,False,False,False,0.4000000059604645,1.0,0.4009987711906433,3,9617
10231,3,1,10,False,10460,46,True,True,True,True,0.0,0.0,0.019999980926513672,1,187
10231,4,7,4,True,10498,1,False,False,False,False,0.5656854510307312,2.0,0.6832276582717896,9,8035
10231,5,9,2,True,10498,1,False,False,False,False,0.2828426957130432,2.0,0.8411896228790283,11,4838
10231,6,2,9,False,2,1,True,False,False,False,0.9165151715278625,7.0,0.9169515371322632,9,8970
10231,7,9,2,True,10498,1,False,True,True,True,0.0,0.0,0.5399999618530273,9,4062
10231,8,1,10,False,10460,46,True,True,True,True,0.0,0.0,0.019999980926513672,1,5156
10231,9,6,5,True,10498,1,False,False,False,False,0.2828426957130432,2.0,0.7282856702804565,8,7231
10231,10,8,3,True,10498,1,False,False,False,False,0.4000000059604645,1.0,0.595986545085907,9,8035
10231,11,9,2,True,10498,1,False,False,False,False,0.4000000059604645,1.0,0.6352952122688293,10,4062
10231,12,9,2,True,10498,1,False,False,False,False,0.4000000059604645,1.0,0.6352952122688293,10,4062
10231,13,11,0,True,10498,1,False,,,,,,0.7927168607711792,11,8035
10231,14,10,1,True,10498,1,False,True,True,True,0.0,0.0,0.7720103859901428,10,1963
10231,15,9,2,True,10498,1,False,True,True,True,0.0,0.0,0.49355846643447876,9,8035
10231,16,2,9,False,1616,4,True,True,True,True,0.0,0.0,0.028284266591072083,2,7067
10231,17,6,5,True,10498,1,False,False,False,False,0.2828426957130432,2.0,0.634350061416626,8,4057
10231,18,1,10,False,1,1,True,False,False,False,1.536229133605957,9.0,1.536359429359436,10,53
10231,19,10,1,True,10498,1,False,True,True,True,0.0,0.0,0.5403702259063721,10,4062
10231,20,4,7,True,10498,3,False,False,False,False,0.2828426957130432,2.0,0.42142611742019653,6,5589
10231,21,11,0,True,10498,1,False,,,,,,0.7927168607711792,11,8035
10231,22,2,9,False,1,1,True,False,False,False,1.4142135381698608,8.0,1.4144964218139648,10,53
10231,23,5,6,True,10498,1,False,False,False,False,0.4898979663848877,3.0,0.6212890148162842,8,9867
10231,24,2,9,False,51,1,True,False,False,False,0.3999999761581421,1.0,0.4009987413883209,3,405
10231,25,2,9,False,1616,4,True,True,True,True,0.0,0.0,0.028284266591072083,2,7064
10231,26,9,2,True,10498,1,False,False,False,False,0.4000000059604645,1.0,0.6352952122688293,10,4062
10231,27,9,2,True,10498,2,False,True,True,True,0.0,0.0,0.7400000095367432,9,3317
10231,28,4,7,True,10498,6,False,True,True,True,0.0,0.0,0.38157567381858826,4,9612
10231,29,3,8,True,10498,3,False,False,False,False,0.19999998807907104,1.0,0.3704051673412323,4,5220
10231,30,9,2,True,10498,1,False,False,False,False,0.19999998807907104,1.0,0.6415606141090393,10,9355
10231,31,2,9,False,1,1,True,False,False,False,1.4142135381698608,8.0,1.4144964218139648,10,53
5521,0,6,5,True,10498,1,False,False,False,False,0.4000000059604645,1.0,0.5535340905189514,7,10010
5521,1,5,6,True,10498,1,False,True,True,True,0.0,0.0,0.670820415019989,5,5819
5521,2,1,10,False,3,1,True,False,False,False,0.9591663479804993,7.0,0.9593747854232788,8,8970
5521,3,10,1,True,10498,1,False,True,True,True,0.0,0.0,0.7402702569961548,10,3317
5521,4,10,1,True,10498,1,False,True,True,True,0.0,0.0,0.7924644947052002,10,8035
5521,5,1,10,False,1616,22,True,True,True,True,0.0,0.0,0.02000001072883606,1,3073
5521,6,10,1,True,10498,1,False,True,True,True,0.0,0.0,0.7720103859901428,10,1963
5521,7,10,1,True,10498,1,False,True,True,True,0.0,0.0,0.7924644947052002,10,8035
5521,8,10,1,True,10498,1,False,True,True,True,0.0,0.0,0.7402702569961548,10,8970
5521,9,4,7,True,10498,11,False,False,False,False,0.19999998807907104,1.0,0.430813193321228,5,6859
5521,10,8,3,True,10498,1,False,False,False,False,0.4000000059604645,1.0,0.595986545085907,9,8035
5521,11,9,2,True,10498,1,False,False,False,False,0.4472135901451111,2.0,0.6660330295562744,11,4062
5521,12,1,10,False,5,1,True,False,False,False,0.9591663479804993,7.0,0.9593748450279236,8,8970
5521,13,4,7,True,10498,1,False,True,True,True,0.0,0.0,0.5230678915977478,4,3128
5521,14,7,4,True,10498,5,False,False,False,False,0.3999999761581421,1.0,0.6593936681747437,8,2229
5521,15,10,1,True,10498,2,False,False,False,False,0.19999998807907104,1.0,0.7668116092681885,11,3317
5521,16,9,2,True,10498,1,False,True,True,True,0.0,0.0,0.7400000095367432,9,3317
5521,17,3,8,True,10498,12,False,False,False,False,0.19999998807907104,1.0,0.5596427321434021,4,4921
5521,18,11,0,True,10498,1,False,,,,,,0.7927168607711792,11,8035
5521,19,2,9,True,10498,1,False,False,False,False,0.19999998807907104,1.0,0.6267375946044922,3,9834
5521,20,11,0,True,10498,1,False,,,,,,0.7927168607711792,11,8035
5521,21,3,8,False,510,1,True,True,True,True,0.0,0.0,0.03464099019765854,3,7993
5521,22,2,9,False,1,1,True,False,False,False,1.2806248664855957,8.0,1.2809370756149292,10,26
5521,23,1,10,False,10411,266,True,True,True,True,0.0,0.0,0.019999980926513672,1,2632
5521,24,1,10,False,3,1,True,False,False,False,0.9591663479804993,7.0,0.9593747854232788,8,8970
5521,25,9,2,True,10498,1,False,False,False,False,0.20000001788139343,1.0,0.8170679211616516,10,7244
5521,26,1,10,False,25,1,True,False,False,False,0.9165151715278625,7.0,0.9167333245277405,8,7924
5521,27,10,1,True,10498,1,False,True,True,True,0.0,0.0,0.7402702569961548,10,3317
5521,28,4,7,True,10498,1,False,False,False,False,0.4898979663848877,3.0,0.5810335874557495,7,10010
5521,29,6,5,True,10498,1,False,False,False,False,0.19999998807907104,1.0,0.601996660232544,7,10060
5521,30,2,9,False,1,1,True,False,False,False,1.2489995956420898,9.0,1.2493197917938232,11,53
5521,31,5,6,True,10498,1,False,False,False,False,0.19999998807907104,1.0,0.48373547196388245,6,2221
987,0,10,1,True,10498,2,False,False,False,False,0.19999998807907104,1.0,0.7668116092681885,11,3317
987,1,9,2,True,10498,1,False,True,True,True,0.0,0.0,0.6095900535583496,9,7262
987,2,6,5,True,10498,1,False,False,False,False,0.19999998807907104,1.0,0.4841487407684326,7,2300
987,3,4,7,True,10498,1,False,False,False,False,0.5656854510307312,2.0,0.7704544067382812,6,2300
987,4,11,0,True,10498,1,False,,,,,,0.7927168607711792,11,8035
987,5,2,9,True,10498,1,False,False,False,False,0.2828426957130432,2.0,0.6578754186630249,4,827
987,6,1,10,False,1616,2,True,True,True,True,0.0,0.0,0.02000001072883606,1,989
987,7,1,10,False,10411,1,True,True,True,True,0.0,0.0,0.019999980926513672,1,987
987,8,2,9,False,296,1,True,False,False,False,0.19999998807907104,1.0,0.20199008285999298,3,6408
987,9,5,6,True,10498,1,False,False,False,False,0.4472135901451111,2.0,0.5882176160812378,7,2300
987,10,10,1,True,10498,2,False,True,True,True,0.0,0.0,0.7402702569961548,10,3317
987,11,10,1,True,10498,1,False,True,True,True,0.0,0.0,0.7720103859901428,10,1963
987,12,9,2,True,10498,1,False,False,False,False,0.4000000059604645,1.0,0.8411896824836731,10,1963
987,13,5,6,True,10498,1,False,False,False,False,0.4472135901451111,2.0,0.5882176756858826,7,2156
987,14,8,3,True,10498,1,False,False,False,False,0.2828426957130432,2.0,0.8119113445281982,10,4838
987,15,3,8,True,10498,7,False,False,False,False,0.4000000059604645,1.0,0.4573838710784912,4,33
987,16,4,7,True,10498,8,False,False,False,False,0.2828426957130432,2.0,0.5528110265731812,6,5127
987,17,11,0,True,10498,1,False,,,,,,0.7927168607711792,11,8035
987,18,10,1,True,10498,1,False,True,True,True,0.0,0.0,0.7924644947052002,10,8035
987,19,4,7,True,10498,1,False,False,False,False,0.44721361994743347,2.0,0.5878775715827942,6,7262
987,20,8,3,True,10498,1,False,False,False,False,0.4472135901451111,2.0,0.5892367959022522,10,8035
987,21,7,4,True,10498,1,False,False,False,False,0.5656854510307312,2.0,0.7174956798553467,9,4062
987,22,5,6,True,10498,1,False,True,True,True,0.0,0.0,0.5674504637718201,5,562
987,23,6,5,True,10498,2,False,True,True,True,0.0,0.0,0.5678027868270874,6,7148
987,24,1,10,False,10411,1,True,True,True,True,0.0,0.0,0.019999980926513672,1,987
987,25,5,6,True,10498,1,False,False,False,False,0.3464101552963257,3.0,0.5157518982887268,8,5276
987,26,9,2,True,10498,1,False,False,False,False,0.19999998807907104,1.0,0.6779381036758423,10,1963
987,27,3,8,True,10498,3,False,False,False,False,0.4472135901451111,2.0,0.6520736217498779,5,3344
987,28,7,4,True,10498,1,False,False,False,False,0.19999998807907104,1.0,0.6409368515014648,8,295
987,29,3,8,True,10498,1,False,False,False,False,0.5656854510307312,2.0,0.7383766174316406,5,2300
987,30,4,7,True,10498,1,False,False,False,False,0.4898979663848877,3.0,0.7493997812271118,7,4806
987,31,8,3,True,10498,2,False,False,False,False,0.4472135901451111,2.0,0.7557777762413025,10,7181
2113,0,10,1,True,10498,1,False,True,True,True,0.0,0.0,0.761577308177948,10,6248
2113,1,11,0,True,10498,1,False,,,,,,0.7927168607711792,11,8035
2113,2,1,10,False,1616,5,True,True,True,True,0.0,0.0,0.02000001072883606,1,4985
2113,3,1,10,False,10411,203,True,True,True,True,0.0,0.0,0.019999980926513672,1,1788
2113,4,1,10,False,1616,5,True,True,True,True,0.0,0.0,0.02000001072883606,1,7305
2113,5,4,7,True,10498,20,False,True,True,True,0.0,0.0,0.4749736785888672,4,9425
2113,6,7,4,True,10498,1,False,False,False,False,0.2828426957130432,2.0,0.5242136716842651,9,5052
2113,7,9,2,True,10498,1,False,False,False,False,0.19999998807907104,1.0,0.6415606141090393,10,9355
2113,8,3,8,False,1,1,True,False,False,False,1.2489995956420898,8.0,1.24947988986969,11,26
2113,9,11,0,True,10498,1,False,,,,,,0.7927168607711792,11,8035
2113,10,7,4,True,10498,1,False,False,False,False,0.4898979365825653,3.0,0.7502000331878662,10,9355
2113,11,9,2,True,10498,1,False,False,False,False,0.2828426957130432,2.0,0.7613146901130676,11,3317
2113,12,4,7,True,10498,1,False,True,True,True,0.0,0.0,0.22271059453487396,4,2126
2113,13,6,5,True,10498,1,False,False,False,False,0.34641018509864807,3.0,0.5161395072937012,9,8035
2113,14,4,7,True,10498,1,False,False,False,False,0.19999998807907104,1.0,0.29933255910873413,5,2891
2113,15,6,5,True,10498,1,False,False,False,False,0.19999998807907104,1.0,0.6406247019767761,7,9921
2113,16,3,8,True,10498,1,False,False,False,False,0.3464101552963257,3.0,0.5451605319976807,6,2472
2113,17,1,10,False,10460,203,True,True,True,True,0.0,0.0,0.019999980926513672,1,5117
2113,18,1,10,False,26,3,True,False,False,False,0.2828426957130432,2.0,0.2835489511489868,3,720
2113,19,10,1,True,10498,1,False,True,True,True,0.0,0.0,0.761577308177948,10,6248
2113,20,11,0,True,10498,1,False,,,,,,0.7927168607711792,11,8035
2113,21,6,5,True,10498,18,False,True,True,True,0.0,0.0,0.475815087556839,6,625
2113,22,1,10,False,5,1,True,False,False,False,1.0198038816452026,7.0,1.0199999809265137,8,8970
2113,23,11,0,True,10498,1,False,,,,,,0.7927168607711792,11,8035
2113,24,5,6,True,10498,1,False,False,False,False,0.19999998807907104,1.0,0.3714834749698639,6,6846
2113,25,4,7,True,10498,1,False,False,False,False,0.3999999761581421,4.0,0.65848308801651,8,5579
2113,26,3,8,False,1,1,True,False,False,False,1.1832159757614136,7.0,1.183722972869873,10,6248
2113,27,11,0,True,10498,1,False,,,,,,0.7927168607711792,11,8035
2113,28,6,5,True,10498,1,False,False,False,False,0.4000000059604645,1.0,0.6945502161979675,7,9092
2113,29,6,5,True,10498,1,False,False,False,False,0.3999999761581421,4.0,0.7812809944152832,10,5579
2113,30,5,6,True,10498,1,False,False,False,False,0.4000000059604645,1.0,0.5949790477752686,6,2156
2113,31,9,2,True,10498,1,False,False,False,False,0.2828426957130432,2.0,0.6720119118690491,11,3317
7316,0,10,1,True,10498,1,False,False,False,False,0.19999998807907104,1.0,0.846167802810669,11,4838
7316,1,1,10,False,575,2,True,False,False,False,0.19999998807907104,1.0,0.2009975016117096,2,7993
7316,2,8,3,True,10498,1,False,False,False,False,0.2828426957130432,2.0,0.634980320930481,10,8970
7316,3,8,3,True,10498,1,False,False,False,False,0.4000000059604645,1.0,0.8872429132461548,9,7244
7316,4,8,3,True,10498,1,False,False,False,False,0.20000001788139343,1.0,0.7343024611473083,9,3317
7316,5,5,6,True,10498,1,False,False,False,False,0.2828426957130432,2.0,0.4753945469856262,7,7235
7316,6,10,1,True,10498,1,False,False,False,False,0.3999999761581421,1.0,0.6723094582557678,11,4062
7316,7,6,5,True,10498,1,False,False,False,False,0.2828426957130432,2.0,0.5953150391578674,8,8970
7316,8,7,4,True,10498,1,False,False,False,False,0.19999998807907104,1.0,0.6283311247825623,8,422
7316,9,10,1,True,10498,1,False,False,False,False,0.3999999761581421,1.0,0.6723094582557678,11,4062
7316,10,9,2,True,10498,1,False,False,False,False,0.20000001788139343,1.0,0.7345747351646423,10,8970
7316,11,2,9,False,24,1,True,False,False,False,0.800000011920929,5.0,0.8004998564720154,7,2237
7316,12,9,2,True,10498,1,False,False,False,False,0.4472135603427887,2.0,0.6289674043655396,11,6248
7316,13,6,5,True,10498,1,False,False,False,False,0.2828426957130432,2.0,0.5238320231437683,8,5052
7316,14,9,2,True,10498,1,False,False,False,False,0.19999998807907104,1.0,0.6415606141090393,10,3317
7316,15,9,2,True,10498,1,False,True,True,True,0.0,0.0,0.49355849623680115,9,8035
7316,16,9,2,True,10498,1,False,False,False,False,0.4000000059604645,1.0,0.5963220596313477,10,8035
7316,17,8,3,True,10498,1,False,False,False,False,0.44721361994743347,2.0,0.6286493539810181,10,8035
7316,18,6,5,True,10498,1,False,True,True,True,0.0,0.0,0.4758151173591614,6,5621
7316,19,7,4,True,10498,1,False,True,True,True,0.0,0.0,0.7712328433990479,7,9921
7316,20,3,8,True,10498,1,False,False,False,False,0.2828426957130432,2.0,0.4209512770175934,5,7980
7316,21,6,5,True,10498,3,False,False,False,False,0.20000001788139343,1.0,0.733757495880127,7,8025
7316,22,5,6,True,10498,2,False,False,False,False,0.2828426957130432,2.0,0.5234500765800476,7,6850
7316,23,9,2,True,10498,1,False,False,False,False,0.3999999761581421,1.0,0.6720119118690491,10,4062
7316,24,2,9,False,1,1,True,False,False,False,1.2806248664855957,8.0,1.2809370756149292,10,26
7316,25,4,7,True,10498,1,False,False,False,False,0.19999998807907104,1.0,0.430813193321228,5,10195
7316,26,4,7,True,10498,1,False,False,False,False,0.19999998807907104,1.0,0.4664761424064636,5,7409
7316,27,5,6,True,10498,2,False,False,False,False,0.19999998807907104,1.0,0.43127715587615967,6,370
7316,28,8,3,True,10498,2,False,False,False,False,0.2828426957130432,2.0,0.8409518599510193,10,10051
7316,29,7,4,True,10498,1,False,False,False,False,0.3999999761581421,1.0,0.6948381066322327,8,1158
7316,30,11,0,True,10498,1,False,,,,,,0.7927168607711792,11,8035
7316,31,1,10,False,10460,93,True,True,True,True,0.0,0.0,0.019999980926513672,1,5219
901,0,6,5,True,10498,1,False,False,False,False,0.44721361994743347,2.0,0.6887670755386353,8,295
901,1,4,7,True,10498,5,False,True,True,True,0.0,0.0,0.5230678915977478,4,4921
901,2,1,10,False,1,1,True,False,False,False,1.4282857179641724,10.0,1.428425669670105,11,53
901,3,10,1,True,10498,2,False,False,False,False,0.19999998807907104,1.0,0.7668116688728333,11,9355
901,4,10,1,True,10498,2,False,False,False,False,0.19999998807907104,1.0,0.7668116688728333,11,9355
901,5,11,0,True,10498,1,False,,,,,,0.7927168607711792,11,8035
901,6,3,8,True,10498,2,False,True,True,True,0.0,0.0,0.5226854085922241,3,4999
901,7,5,6,True,10498,2,False,False,False,False,0.19999998807907104,1.0,0.3714834749698639,6,5939
901,8,9,2,True,10498,1,False,True,True,True,0.0,0.0,0.6095900535583496,9,9355
901,9,11,0,True,10498,1,False,,,,,,0.7927168607711792,11,8035
901,10,11,0,True,10498,1,False,,,,,,0.7927168607711792,11,8035
901,11,5,6,True,10498,1,False,False,False,False,0.19999998807907104,1.0,0.43127715587615967,6,4143
901,12,11,0,True,10498,1,False,,,,,,0.7927168607711792,11,8035
901,13,4,7,True,10498,1,False,False,False,False,0.2828426957130432,2.0,0.6337192058563232,6,2658
901,14,8,3,True,10498,2,False,True,True,True,0.0,0.0,0.7397297024726868,8,3317
901,15,7,4,True,10498,1,False,False,False,False,0.4000000059604645,1.0,0.6948381066322327,8,9355
901,16,6,5,True,10498,1,False,False,False,False,0.4898979663848877,3.0,0.6216108202934265,9,8035
901,17,4,7,True,10498,1,False,False,False,False,0.19999998807907104,1.0,0.29933255910873413,5,5158
901,18,9,2,True,10498,1,False,True,True,True,0.0,0.0,0.7613146305084229,9,6248
901,19,1,10,False,25,1,True,False,False,False,1.0,8.0,1.0002000331878662,9,7924
901,20,10,1,True,10498,1,False,True,True,True,0.0,0.0,0.8221921920776367,10,7244
901,21,8,3,True,10498,1,False,False,False,False,0.2828426957130432,2.0,0.8119113445281982,10,5621
901,22,10,1,True,10498,1,False,False,False,False,0.3999999761581421,1.0,0.6723094582557678,11,4062
901,23,6,5,True,10498,1,False,True,True,True,0.0,0.0,0.6086049675941467,6,1951
901,24,3,8,False,3,1,True,False,False,False,0.19999998807907104,1.0,0.20297782123088837,4,418
901,25,10,1,True,10498,1,False,False,False,False,0.3999999761581421,1.0,0.6723094582557678,11,4062
901,26,3,8,True,10498,3,False,False,False,False,0.19999998807907104,1.0,0.5149757266044617,4,8319
901,27,7,4,True,10498,1,False,False,False,False,0.19999998807907104,1.0,0.6409368515014648,8,1963
901,28,10,1,True,10498,1,False,False,False,False,0.19999998807907104,1.0,0.846167802810669,11,4838
901,29,9,2,True,10498,1,False,False,False,False,0.19999998807907104,1.0,0.6779381036758423,10,1963
901,30,6,5,True,10498,1,False,False,False,False,0.3999999761581421,4.0,0.5083305835723877,10,8970
901,31,5,6,True,10498,5,False,True,True,True,0.0,0.0,0.5234501361846924,5,4921
9009,0,2,9,False,1,1,True,False,False,False,1.399999976158142,9.0,1.4002856016159058,11,53
9009,1,3,8,True,10498,1,False,False,False,False,0.2828426957130432,2.0,0.5943063497543335,5,8927
9009,2,10,1,True,10498,1,False,True,True,True,0.0,0.0,0.4939635396003723,10,8035
9009,3,10,1,True,10498,2,False,True,True,True,0.0,0.0,0.7402702569961548,10,9355
9009,4,7,4,True,10498,1,False,False,False,False,0.4000000059604645,1.0,0.5956509113311768,8,8035
9009,5,6,5,True,10498,1,False,False,False,False,0.2828426957130432,2.0,0.5238320231437683,8,10463
9009,6,3,8,True,10498,1,False,False,False,False,0.19999998807907104,1.0,0.3704051673412323,4,695
9009,7,9,2,True,10498,2,False,False,False,False,0.19999998807907104,1.0,0.7665507793426514,10,3317
9009,8,6,5,True,10498,3,False,False,False,False,0.2828426957130432,2.0,0.634350061416626,8,6413
9009,9,10,1,True,10498,1,False,True,True,True,0.0,0.0,0.4939635396003723,10,8035
9009,10,2,9,True,10498,1,False,False,False,False,0.19999998807907104,1.0,0.369864821434021,3,695
9009,11,2,9,False,4,1,True,False,False,False,0.7483315467834473,6.0,0.7488658428192139,8,8970
9009,12,11,0,True,10498,1,False,,,,,,0.7927168607711792,11,8035
9009,13,1,10,False,26,1,True,False,False,False,0.19999998807907104,1.0,0.2009975016117096,2,4139
9009,14,1,10,False,10411,51,True,True,True,True,0.0,0.0,0.019999980926513672,1,4958
9009,15,9,2,True,10498,1,False,False,False,False,0.4472135901451111,2.0,0.6660330295562744,11,4062
9009,16,9,2,True,10498,1,False,False,False,False,0.2828426957130432,2.0,0.7068238854408264,11,1963
9009,17,3,8,True,10498,3,False,False,False,False,0.20000001788139343,1.0,0.4303486943244934,4,5990
9009,18,1,10,False,575,6,True,False,False,False,0.19999998807907104,1.0,0.2009975016117096,2,12
9009,19,6,5,True,10498,5,False,False,False,False,0.3999999761581421,1.0,0.6590902805328369,7,5985
9009,20,8,3,True,10498,1,False,True,True,True,0.0,0.0,0.7397297024726868,8,8970
9009,21,4,7,True,10498,1,False,False,False,False,0.19999998807907104,1.0,0.466476172208786,5,4139
9009,22,8,3,True,10498,1,False,True,True,True,0.0,0.0,0.49315309524536133,8,8035
9009,23,10,1,True,10498,1,False,True,True,True,0.0,0.0,0.7924644947052002,10,8035
9009,24,5,6,True,10498,1,False,False,False,False,0.2828426957130432,2.0,0.4219004213809967,7,9508
9009,25,1,10,False,2981,51,True,True,True,True,0.0,0.0,0.019999995827674866,1,4844
9009,26,9,2,True,10498,2,False,False,False,False,0.4000000059604645,1.0,0.8121576905250549,10,3317
9009,27,1,10,False,5,1,True,False,False,False,0.7483315467834473,6.0,0.7485987544059753,7,8970
9009,28,6,5,True,10498,2,False,False,False,False,0.19999998807907104,1.0,0.6406247019767761,7,7148
9009,29,6,5,True,10498,1,False,False,False,False,0.19999998807907104,1.0,0.6651315689086914,7,7231
9009,30,5,6,True,10498,4,False,False,False,False,0.19999998807907104,1.0,0.5603570342063904,6,6869
9009,31,3,8,True,10498,1,False,False,False,False,0.19999998807907104,1.0,0.3704051673412323,4,695
4544,0,5,6,True,10498,1,False,False,False,False,0.2828426957130432,2.0,0.6340346932411194,7,1963
4544,1,8,3,True,10498,2,False,False,False,False,0.2828426957130432,2.0,0.8409518599510193,10,7244
4544,2,4,7,False,7,1,True,False,False,False,0.4472135901451111,2.0,0.44899889826774597,6,8838
4544,3,5,6,True,10498,2,False,False,False,False,0.19999998807907104,1.0,0.7000000476837158,6,10051
4544,4,5,6,True,10498,2,False,False,False,False,0.2828426957130432,2.0,0.7280110120773315,7,5800
4544,5,10,1,True,10498,1,False,False,False,False,0.4000000059604645,1.0,0.6356099247932434,11,8035
4544,6,7,4,True,10498,1,False,False,False,False,0.20000001788139343,1.0,0.7660287618637085,8,1963
4544,7,10,1,True,10498,1,False,False,False,False,0.4000000059604645,1.0,0.6356099247932434,11,8035
4544,8,7,4,True,10498,1,False,False,False,False,0.2828426957130432,2.0,0.6714164018630981,9,9931
4544,9,11,0,True,10498,1,False,,,,,,0.7927168607711792,11,8035
4544,10,5,6,True,10498,2,False,False,False,False,0.2828426957130432,2.0,0.670820415019989,7,1948
4544,11,3,8,False,2,1,True,False,False,False,0.7211102843284607,7.0,0.7219418883323669,10,6248
4544,12,6,5,True,10498,1,False,False,False,False,0.3999999761581421,4.0,0.5535340905189514,10,5052
4544,13,9,2,True,10498,1,False,False,False,False,0.4000000059604645,1.0,0.6352952122688293,10,8035
4544,14,8,3,True,10498,1,False,False,False,False,0.2828426957130432,2.0,0.5245950818061829,10,6248
4544,15,1,10,False,1616,3,True,False,False,False,0.4000000059604645,4.0,0.40049970149993896,5,5529
4544,16,7,4,True,10498,1,False,False,False,False,0.2828426957130432,2.0,0.4762352406978607,9,9355
4544,17,5,6,True,10498,1,False,False,False,False,0.5291503071784973,4.0,0.6884766221046448,9,6248
4544,18,8,3,True,10498,1,False,False,False,False,0.2828426957130432,2.0,0.7919596433639526,10,9931
4544,19,3,8,True,10498,1,False,False,False,False,0.4472135901451111,5.0,0.5451605319976807,8,2658
4544,20,9,2,True,10498,1,False,False,False,False,0.2828426957130432,2.0,0.7068238854408264,11,7181
4544,21,1,10,False,1616,3,True,False,False,False,0.4000000059604645,4.0,0.40049970149993896,5,1964
4544,22,9,2,True,10498,1,False,False,False,False,0.2828426957130432,2.0,0.8411896228790283,11,7244
4544,23,11,0,True,10498,1,False,,,,,,0.7927168607711792,11,8035
4544,24,11,0,True,10498,1,False,,,,,,0.7927168607711792,11,8035
4544,25,2,9,False,2919,8,True,False,False,False,0.19999998807907104,1.0,0.20199008285999298,3,10089
4544,26,8,3,True,10498,1,False,False,False,False,0.2828426957130432,2.0,0.5245950818061829,10,6248
4544,27,1,10,False,52,1,True,False,False,False,0.5656853914260864,5.0,0.5660388469696045,6,10023
4544,28,10,1,True,10498,2,False,True,True,True,0.0,0.0,0.7402702569961548,10,3317
4544,29,3,8,True,10498,2,False,False,False,False,0.3464101552963257,3.0,0.4660471975803375,6,4190
4544,30,3,8,True,10498,1,False,False,False,False,0.4472135901451111,2.0,0.5451605319976807,5,4243
4544,31,2,9,False,25,1,True,False,False,False,0.4000000059604645,4.0,0.4009987711906433,6,7805
4606,0,9,2,True,10498,1,False,True,True,True,0.0,0.0,0.7400000095367432,9,1963
4606,1,4,7,True,10498,1,False,False,False,False,0.2828427255153656,2.0,0.4214261472225189,6,428
4606,2,3,8,True,10498,1,False,False,False,False,0.2828426957130432,2.0,0.552449107170105,5,8445
4606,3,1,10,False,1616,31,True,True,True,True,0.0,0.0,0.02000001072883606,1,9824
4606,4,1,10,False,1616,31,True,True,True,True,0.0,0.0,0.02000001072883606,1,6244
4606,5,3,8,False,220,7,True,True,True,True,0.0,0.0,0.03464100882411003,3,8302
4606,6,9,2,True,10498,1,False,False,False,False,0.20000001788139343,1.0,0.4853864312171936,10,8035
4606,7,9,2,True,10498,1,False,True,True,True,0.0,0.0,0.7400000095367432,9,1963
4606,8,3,8,False,23,3,True,True,True,True,0.0,0.0,0.03464100882411003,3,9104
4606,9,10,1,True,10498,1,False,True,True,True,0.0,0.0,0.8221921920776367,10,7244
4606,10,3,8,True,10498,7,False,True,True,True,0.0,0.0,0.5226854085922241,3,8802
4606,11,8,3,True,10498,1,False,True,True,True,0.0,0.0,0.6474565863609314,8,1951
4606,12,11,0,True,10498,1,False,,,,,,0.7927168607711792,11,8035
4606,13,3,8,False,1,1,True,False,False,False,1.2806248664855957,8.0,1.2810932397842407,11,26
4606,14,6,5,True,10498,1,False,False,False,False,0.20000001788139343,1.0,0.531413197517395,7,2156
4606,15,8,3,True,10498,1,False,False,False,False,0.19999998807907104,1.0,0.6776430010795593,9,1963
4606,16,7,4,True,10498,1,False,True,True,True,0.0,0.0,0.6471476554870605,7,1951
4606,17,9,2,True,10498,1,False,True,True,True,0.0,0.0,0.7400000095367432,9,3317
4606,18,8,3,True,10498,1,False,False,False,False,0.3999999761581421,1.0,0.6717142462730408,9,4062
4606,19,5,6,True,10498,1,False,False,False,False,0.2828426957130432,2.0,0.4753945767879486,7,9355
4606,20,8,3,True,10498,1,False,True,True,True,0.0,0.0,0.7397297024726868,8,3317
4606,21,8,3,True,10498,1,False,False,False,False,0.4000000059604645,1.0,0.595986545085907,9,8035
4606,22,2,9,True,10498,1,False,False,False,False,0.34641018509864807,3.0,0.4108527898788452,5,428
4606,23,6,5,True,10498,1,False,False,False,False,0.4898979663848877,3.0,0.6216108202934265,9,8035
4606,24,3,8,True,10498,1,False,False,False,False,0.20000001788139343,1.0,0.6642289161682129,4,1954
4606,25,11,0,True,10498,1,False,,,,,,0.7927168607711792,11,8035
4606,26,3,8,True,10498,1,False,False,False,False,0.2828427255153656,2.0,0.5943063497543335,5,428
4606,27,11,0,True,10498,1,False,,,,,,0.7927168607711792,11,8035
4606,28,1,10,False,1616,31,True,True,True,True,0.0,0.0,0.02000001072883606,1,4760
4606,29,5,6,True,10498,1,False,False,False,False,0.4000000059604645,4.0,0.6212890148162842,9,5276
4606,30,7,4,True,10498,1,False,False,False,False,0.2828427255153656,2.0,0.4762352406978607,9,8035
4606,31,10,1,True,10498,1,False,True,True,True,0.0,0.0,0.7924644947052002,10,8035
6870,0,10,1,True,10498,1,False,False,False,False,0.19999998807907104,1.0,0.7563068270683289,11,26
6870,1,2,9,True,10498,4,False,False,False,False,0.19999998807907104,1.0,0.4656178951263428,3,4134
6870,2,7,4,True,10498,1,False,True,True,True,0.0,0.0,0.7607890367507935,7,7244
6870,3,4,7,True,10498,4,False,False,False,False,0.19999998807907104,1.0,0.29933255910873413,5,4134
6870,4,7,4,True,10498,1,False,False,False,False,0.4000000059604645,1.0,0.5538952946662903,8,8035
6870,5,6,5,True,10498,1,False,True,True,True,0.0,0.0,0.4923413395881653,6,7244
6870,6,6,5,True,10498,1,False,False,False,False,0.2828427255153656,2.0,0.5238320231437683,8,8035
6870,7,3,8,False,1,1,True,False,False,False,1.1832159757614136,8.0,1.183722972869873,11,53
6870,8,9,2,True,10498,1,False,False,False,False,0.20000001788139343,1.0,0.4853864312171936,10,8035
6870,9,7,4,True,10498,1,False,True,True,True,0.0,0.0,0.4413614869117737,7,7244
6870,10,11,0,True,10498,1,False,,,,,,0.7927168607711792,11,8035
6870,11,8,3,True,10498,1,False,False,False,False,0.44721361994743347,2.0,0.6286493539810181,10,8035
6870,12,6,5,True,10498,1,False,False,False,False,0.19999998807907104,1.0,0.4841487407684326,7,10463
6870,13,7,4,True,10498,1,False,False,False,False,0.2828426957130432,2.0,0.7062577605247498,9,9921
6870,14,11,0,True,10498,1,False,,,,,,0.7927168607711792,11,8035
6870,15,1,10,False,1,1,True,False,False,False,1.2961480617523193,10.0,1.2963024377822876,11,53
6870,16,5,6,True,10498,4,False,False,False,False,0.19999998807907104,1.0,0.43127715587615967,6,2955
6870,17,9,2,True,10498,1,False,True,True,True,0.0,0.0,0.7717512845993042,9,1963
6870,18,4,7,True,10498,1,False,False,False,False,0.44721361994743347,2.0,0.5455272793769836,6,8035
6870,19,8,3,True,10498,1,False,True,True,True,0.0,0.0,0.5396294593811035,8,7244
6870,20,11,0,True,10498,1,False,,,,,,0.7927168607711792,11,8035
6870,21,4,7,True,10498,1,False,False,False,False,0.19999998807907104,1.0,0.601331889629364,5,1948
6870,22,4,7,False,1,1,True,False,False,False,0.9165151715278625,5.0,0.9173876643180847,9,26
6870,23,7,4,True,10498,4,False,True,True,True,0.0,0.0,0.5242137312889099,7,9213
6870,24,9,2,True,10498,1,False,True,True,True,0.0,0.0,0.7922121286392212,9,7244
6870,25,3,8,False,1,1,True,False,False,False,0.6324555277824402,4.0,0.6334035396575928,7,6312
6870,26,9,2,True,10498,1,False,False,False,False,0.19999998807907104,1.0,0.7972453236579895,10,9921
6870,27,8,3,True,10498,1,False,False,False,False,0.19999998807907104,1.0,0.6412488222122192,9,1963
6870,28,9,2,True,10498,1,False,True,True,True,0.0,0.0,0.7400000691413879,9,1963
6870,29,2,9,False,1616,5,True,True,True,True,0.0,0.0,0.028284266591072083,2,417
6870,30,1,10,False,10411,5,True,True,True,True,0.0,0.0,0.019999980926513672,1,417
6870,31,7,4,True,10498,1,False,False,False,False,0.19999998807907104,1.0,0.755513072013855,8,2156
8124,0,8,3,True,10498,1,False,False,False,False,0.20000001788139343,1.0,0.7868925929069519,9,8035
8124,1,6,5,True,10498,2,False,False,False,False,0.19999998807907104,1.0,0.4317406415939331,7,5990
8124,2,1,10,False,1616,1,True,False,False,False,0.19999998807907104,1.0,0.2009975016117096,2,5222
8124,3,4,7,True,10498,1,False,False,False,False,0.19999998807907104,1.0,0.5153639912605286,5,5392
8124,4,2,9,False,510,5,True,True,True,True,0.0,0.0,0.028284255415201187,2,6897
8124,5,1,10,False,52,1,True,False,False,False,0.3464101552963257,3.0,0.3469870090484619,4,405
8124,6,1,10,False,2981,32,True,True,True,True,0.0,0.0,0.019999995827674866,1,5402
8124,7,3,8,False,263,5,True,True,True,True,0.0,0.0,0.034641001373529434,3,3677
8124,8,6,5,True,10498,1,False,False,False,False,0.4472135901451111,2.0,0.5885576009750366,8,6248
8124,9,1,10,False,26,1,True,False,False,False,0.3464101552963257,3.0,0.3469870090484619,4,4139
8124,10,11,0,True,10498,1,False,,,,,,0.7927168607711792,11,8035
8124,11,11,0,True,10498,1,False,,,,,,0.7927168607711792,11,8035
8124,12,7,4,True,10498,1,False,True,True,True,0.0,0.0,0.6089335083961487,7,5275
8124,13,6,5,True,10498,1,False,False,False,False,0.3464101552963257,3.0,0.5607138276100159,9,9092
8124,14,3,8,True,10498,1,False,True,True,True,0.0,0.0,0.31176915764808655,3,5053
8124,15,6,5,True,10498,1,False,False,False,False,0.19999998807907104,1.0,0.37202146649360657,7,5985
8124,16,3,8,False,510,5,True,True,True,True,0.0,0.0,0.03464099019765854,3,5416
8124,17,9,2,True,10498,1,False,False,False,False,0.19999998807907104,1.0,0.532541036605835,10,8035
8124,18,11,0,True,10498,1,False,,,,,,0.7927168607711792,11,8035
8124,19,10,1,True,10498,1,False,False,False,False,0.19999998807907104,1.0,0.5329164862632751,11,8035
8124,20,10,1,True,10498,1,False,True,True,True,0.0,0.0,0.7924644947052002,10,8035
8124,21,9,2,True,10498,1,False,False,False,False,0.19999998807907104,1.0,0.5758472084999084,10,4062
8124,22,4,7,True,10498,22,False,False,False,False,0.19999998807907104,1.0,0.5153639912605286,5,207
8124,23,10,1,True,10498,2,False,False,False,False,0.19999998807907104,1.0,0.7668116688728333,11,9355
8124,24,4,7,True,10498,1,False,False,False,False,0.19999998807907104,1.0,0.5600000023841858,5,10392
8124,25,2,9,True,10498,2,False,False,False,False,0.3464101552963257,3.0,0.4108527600765228,5,5634
8124,26,7,4,True,10498,1,False,False,False,False,0.4472135901451111,2.0,0.7230491042137146,9,7262
8124,27,8,3,True,10498,1,False,False,False,False,0.4472135901451111,2.0,0.6286493539810181,10,8035
8124,28,11,0,True,10498,1,False,,,,,,0.7927168607711792,11,8035
8124,29,1,10,False,10411,32,True,True,True,True,0.0,0.0,0.019999980926513672,1,7566
8124,30,8,3,True,10498,1,False,False,False,False,0.4000000059604645,1.0,0.8119113445281982,9,8970
8124,31,11,0,True,10498,1,False,,,,,,0.7927168607711792,11,8035
936,0,3,8,True,10498,1,False,False,False,False,0.20000001788139343,1.0,0.2986637055873871,4,3334
936,1,11,0,True,10498,1,False,,,,,,0.7927168607711792,11,8035
936,2,11,0,True,10498,1,False,,,,,,0.7927168607711792,11,8035
936,3,11,0,True,10498,1,False,,,,,,0.7927168607711792,11,8035
936,4,10,1,True,10498,1,False,False,False,False,0.19999998807907104,1.0,0.846167802810669,11,4838
936,5,4,7,True,10498,1,False,False,False,False,0.2828426957130432,2.0,0.6337192058563232,6,1954
936,6,6,5,True,10498,2,False,False,False,False,0.19999998807907104,1.0,0.6651315689086914,7,5088
936,7,5,6,True,10498,1,False,True,True,True,0.0,0.0,0.5234501361846924,5,1418
936,8,11,0,True,10498,1,False,,,,,,0.7927168607711792,11,8035
936,9,1,10,False,2981,45,True,True,True,True,0.0,0.0,0.019999995827674866,1,3203
936,10,2,9,False,1,1,True,False,False,False,1.1135529279708862,9.0,1.1139119863510132,11,53
936,11,8,3,True,10498,1,False,False,False,False,0.2828426957130432,2.0,0.6717142462730408,10,5052
936,12,11,0,True,10498,1,False,,,,,,0.7927168607711792,11,8035
936,13,7,4,True,10498,1,False,False,False,False,0.4472135901451111,2.0,0.8359426259994507,9,8025
936,14,4,7,False,1,1,True,False,False,False,0.5656853914260864,5.0,0.5670979022979736,9,8970
936,15,7,4,True,10498,1,False,True,True,True,0.0,0.0,0.6471476554870605,7,1951
936,16,2,9,False,2,1,True,False,False,False,0.7483314871788025,3.0,0.7488658428192139,5,9617
936,17,9,2,True,10498,1,False,False,False,False,0.19999998807907104,1.0,0.5758472084999084,10,4062
936,18,8,3,True,10498,1,False,False,False,False,0.4472135901451111,2.0,0.7233256697654724,10,3317
936,19,6,5,True,10498,1,False,False,False,False,0.4472135901451111,2.0,0.6651315689086914,8,7244
936,20,2,9,False,1,1,True,False,False,False,1.1999999284744263,9.0,1.2003332376480103,11,53
936,21,5,6,True,10498,1,False,False,False,False,0.19999998807907104,1.0,0.29999998211860657,6,9617
936,22,3,8,False,2,1,True,False,False,False,0.7483314871788025,3.0,0.7491328716278076,6,9617
936,23,8,3,True,10498,1,False,True,True,True,0.0,0.0,0.6092618703842163,8,8970
936,24,5,6,True,10498,1,False,False,False,False,0.3464101552963257,3.0,0.5603570342063904,8,5276
936,25,1,10,False,10411,88,True,True,True,True,0.0,0.0,0.019999980926513672,1,1475
936,26,3,8,False,1,1,True,False,False,False,0.9380831718444824,8.0,0.938722550868988,11,53
936,27,5,6,True,10498,1,False,False,False,False,0.2828426957130432,2.0,0.7280110120773315,7,8279
936,28,3,8,True,10498,2,False,False,False,False,0.3464101552963257,3.0,0.5875372290611267,6,5831
936,29,9,2,True,10498,1,False,False,False,False,0.4000000059604645,1.0,0.8874682784080505,10,7244
936,30,4,7,True,10498,1,False,False,False,False,0.2828426957130432,2.0,0.5075430870056152,6,405
936,31,7,4,True,10498,1,False,False,False,False,0.19999998807907104,1.0,0.7005712389945984,8,490
