,rule,type,coef,support,importance
151,positive > 0.5000000149011612 & common <= 0.5000000149011612,rule,16.816794430584203,0.0016778523489932886,0.6882646091060997
281,common <= 0.5000000149011612 & technically complicated > 0.5000000149011612,rule,0.08814598222800436,0.0016778523489932886,0.003607569816759845
333,unambiguous <= 0.7000000178813934 & common <= 0.5000000149011612,rule,0.3264721124930248,0.0016778523489932886,0.013361595268144599
381,unambiguous <= 0.7000000178813934 & conceptually dense > 0.5000000149011612 & common <= 0.5000000149011612,rule,6.850731234522753e-14,0.0016778523489932886,2.8038136962919102e-15
