,rule,type,coef,support,importance
25,positive > 0.5000000149011612 & common <= 0.5000000149011612,rule,15.98502857048049,0.008213552361396304,1.4427398135508953
115,positive > 0.5000000149011612 & negative > 0.5000000149011612 & common <= 0.5000000149011612 & conceptually dense > 0.7000000178813934,rule,0.0768328368019864,0.004106776180698152,0.004913644975675886
136,positive > 0.5000000149011612 & socially controversial > 0.7000000178813934 & technically complicated > 0.5000000149011612 & common <= 0.5000000149011612,rule,0.11307118526001908,0.002053388090349076,0.005118481265890717
158,common <= 0.5000000149011612 & conceptually dense > 0.7000000178813934 & unambiguous <= 0.7000000178813934,rule,0.3155920743027144,0.006160164271047228,0.02469337404000776
351,positive > 0.5000000149011612 & common <= 0.5000000149011612 & negative > 0.5000000149011612 & interdisciplinary > 0.7000000178813934,rule,0.39042843766772617,0.002053388090349076,0.01767382768012651
403,interdisciplinary > 0.7000000178813934 & technically complicated > 0.5000000149011612 & common <= 0.5000000149011612,rule,0.11616389626285331,0.008213552361396304,0.010484452830138224
461,positive > 0.5000000149011612 & common <= 0.5000000149011612 & interdisciplinary > 0.7000000178813934,rule,1.041435204210676,0.01026694045174538,0.10498126808095043
