,rule,type,coef,support,importance
36,negative > 0.5000000149011612 & positive > 0.7000000178813934,rule,-0.0023559061514258055,0.1293634496919918,0.0007906462727881496
168,neutral > 0.7000000178813934 & technically complicated <= 0.7000000178813934 & technically complicated > 0.5000000149011612 & socially controversial > 0.30000000447034836 & subject to time variability <= 0.9000000059604645,rule,-0.004266844021574862,0.28952772073921973,0.0019351980227526734
177,negative <= 0.5000000149011612 & neutral <= 0.9000000059604645 & interdisciplinary > 0.7000000178813934 & socially controversial > 0.5000000149011612 & positive > 0.7000000178813934,rule,0.018400937489965675,0.3182751540041068,0.008571283891453422
242,positive > 0.7000000178813934 & negative > 0.5000000149011612 & socially controversial > 0.30000000447034836,rule,-0.001648655338485771,0.13552361396303902,0.0005643050381322607
363,positive > 0.5000000149011612 & socially controversial > 0.5000000149011612 & technically complicated > 0.7000000178813934 & subject to time variability <= 0.9000000059604645,rule,0.00063820112222827,0.351129363449692,0.0003046282662940883
416,interdisciplinary > 0.7000000178813934 & subject to time variability > 0.7000000178813934 & positive > 0.5000000149011612,rule,0.006902565991134793,0.864476386036961,0.0023626240572607
437,interdisciplinary > 0.7000000178813934 & negative <= 0.5000000149011612 & negative > 0.30000000447034836,rule,0.022537975090323178,0.5585215605749486,0.011191533919597756
704,common > 0.7000000178813934 & socially controversial <= 0.7000000178813934 & socially controversial <= 0.9000000059604645 & technically complicated > 0.5000000149011612 & positive > 0.5000000149011612,rule,-0.031206536189497543,0.31211498973305957,0.01445975060547518
1056,socially controversial > 0.5000000149011612 & technically complicated <= 0.7000000178813934 & socially controversial <= 0.7000000178813934,rule,-0.002499019746366507,0.1437371663244353,0.0008767136615103543
