,rule,type,coef,support,importance
22,common <= 0.9000000059604645 & technically complicated <= 0.9000000059604645 & conceptually dense <= 0.9000000059604645,rule,-0.012007793772281596,0.9916083916083916,0.0010953575889141227
163,conceptually dense > 0.5000000149011612 & common > 0.9000000059604645,rule,0.8452587420985528,0.002797202797202797,0.04464197419736081
247,technically complicated <= 0.9000000059604645 & common > 0.9000000059604645,rule,0.55602002202968,0.0013986013986013986,0.020779423513686165
266,common <= 0.9000000059604645,rule,-13.385104506563858,0.9972027972027973,0.7069284944956256
296,common <= 0.9000000059604645 & conceptually dense <= 0.9000000059604645,rule,-0.7218322736280164,0.9902097902097902,0.07107156894104183
