,rule,type,coef,support,importance
48,technically complicated > 0.7000000178813934 & positive > 0.5000000149011612,rule,-0.03613116475508352,0.43121149897330596,0.017893798099157237
209,technically complicated > 0.5000000149011612 & negative <= 0.7000000178813934 & technically complicated <= 0.7000000178813934 & common > 0.7000000178813934 & socially controversial > 0.5000000149011612,rule,-0.010720915518052154,0.16632443531827515,0.003992164595168682
720,common <= 0.9000000059604645 & technically complicated > 0.5000000149011612 & positive > 0.5000000149011612,rule,-0.00303294513379212,0.7823408624229979,0.00125155809402747
740,common > 0.7000000178813934 & technically complicated > 0.5000000149011612 & positive > 0.5000000149011612,rule,-0.02450521793737888,0.5564681724845996,0.01217421953618132
924,interdisciplinary > 0.7000000178813934 & positive > 0.7000000178813934 & technically complicated > 0.5000000149011612 & unambiguous > 0.7000000178813934,rule,-0.004911226766055274,0.5071868583162218,0.0024553597004820433
